x_A x_P y_A y_P d_A d_P FaceP_A FaceA_P
524.0 483.75 395.0 342.0 656.2063234698809 592.4488001390879 0.0 0.0
511.5 522.25 367.5 322.0 629.83342378552 613.5394136475313 0.0 0.0
511.0 531.25 367.0 319.0 629.1343258796169 619.6676339629328 0.0 0.0
511.0 532.25 366.0 318.5 628.5515094246454 620.268186527007 0.0 0.0
510.5 532.25 365.5 320.25 627.8542718386694 621.1690693342405 0.0 0.0
512.0 486.0 364.5 332.0 628.4937676001045 588.5792260681922 0.0 0.0
512.0 505.25 363.25 334.25 627.7696131256182 605.923487519021 0.0 0.0
512.0 525.0 362.5 338.25 627.3359678235806 624.535487166401 0.0 0.0
513.0 520.5 363.25 339.0 628.5855217054102 621.1672899058779 0.0 0.0
513.25 515.0 364.0 342.5 629.2232256678928 618.4912475820063 0.0 0.0
513.5 513.5 365.0 343.5 630.0058857547239 617.7984955228374 0.0 0.0
514.0 510.0 366.0 346.0 630.9928793208036 616.2921385187385 0.0 0.0
514.5 510.5 367.75 345.0 632.4162821007355 616.1455415575058 0.0 0.0
515.25 508.5 370.5 346.0 634.6295552742947 615.051484931914 0.0 0.0
529.5 509.0 397.0 346.5 661.8040035014149 615.746230872121 0.0 0.0
526.0 508.0 399.0 347.0 660.2098151345525 615.201592975831 0.0 0.0
526.0 507.5 399.0 347.0 660.2098151345525 614.7887848684294 0.0 0.0
525.0 508.0 399.5 346.5 659.7161573913613 614.9198489399234 0.0 0.0
525.25 507.0 400.0 346.0 660.2178318113638 613.8118604263036 0.0 0.0
524.75 508.0 400.0 344.5 659.8201507733725 613.795021773468 0.0 0.0
526.0 508.125 400.0 344.125 660.8146487480434 613.6880596815524 0.0 0.0
525.0 508.25 399.5 343.0 659.7160373979095 613.1615464604192 0.0 0.0
525.0 508.25 399.5 342.25 659.7160373979095 612.7426105841214 0.0 0.0
516.5 509.0 384.0 342.75 643.6463122247103 613.643712182768 0.0 0.0
519.0 509.0 370.5 343.0 637.6774025319629 613.7833493994441 0.0 0.0
520.0 510.25 368.5 342.25 637.3325159393229 614.4024445062346 0.0 0.0
521.0 512.0 367.5 341.5 637.5713685541408 615.4399458721505 0.0 0.0
520.5 512.0 366.5 341.5 636.586600550153 615.4399458721505 0.0 0.0
521.5 513.0 365.0 341.75 636.5435844373361 616.4106320317426 0.0 0.0
522.5 514.75 366.5 341.5 638.22380887092 617.7298117813891 0.0 0.0
532.0 515.5 388.5 341.0 658.7575102957217 618.0787377801735 0.0 0.0
527.5 516.5 392.5 341.0 657.5047528345327 618.9130196488995 0.0 0.0
526.75 518.0 393.25 341.75 657.3518785322028 620.5783225450494 0.0 0.0
524.25 518.75 394.25 342.5 655.950552598935 621.6171405775224 0.0 0.0
524.0 519.0 394.25 343.5 655.7507929148567 622.3772359647821 0.0 0.0
522.25 520.0 394.5 345.0 654.5040235616502 624.0392615853589 0.0 0.0
521.5 520.5 395.5 345.5 654.5098432101623 624.7324038838311 0.0 0.0
528.0 519.0 402.25 345.0 663.7691357447947 623.2062410006699 0.0 0.0
587.5 518.0 377.75 343.0 698.4636152023292 621.2672532815487 0.0 0.0
584.75 518.0 375.25 343.5 694.7990104004903 621.5435814508447 0.0 0.0
583.25 518.0 374.0 342.5 692.8611554351107 620.9914846047704 0.0 0.0
582.75 511.0 373.0 345.0 691.9008064568452 616.6006618082328 0.0 0.0
557.6428571428571 502.5 355.2142857142857 350.0 661.1686481230613 612.3776762217342 0.0 0.0
544.2142857142858 502.5 348.07142857142856 348.0 646.0086592926257 611.2401116704384 0.0 0.0
530.7857142857142 503.0 340.92857142857144 346.0 630.8486704621901 610.5120801425636 0.0 0.0
517.3571428571429 511.0 333.7857142857143 346.0 615.6886816317544 617.1306849326855 0.0 0.0
536.0 517.875 333.0 342.25 631.0814190252568 620.7521882269496 0.0 0.0
539.5 505.0 383.5 351.0 661.9179477418588 615.0023880417617 0.0 0.0
538.0 508.75 383.5 350.0 660.6957713783537 617.5191166453087 0.0 0.0
537.5 506.25 389.5 351.0 663.7895246924043 616.027795732581 0.0 0.0
540.0 507.75 390.5 349.5 666.4010056477946 616.4108078246147 0.0 0.0
540.0 507.0 390.5 350.5 666.4010910524185 616.3600683710982 0.0 0.0
555.0 507.75 388.5 351.0 677.575300402562 617.260951874937 0.0 0.0
576.0 508.0 387.0 351.0 693.9344349432445 617.4665982869033 0.0 0.0
576.5 509.0 390.5 350.5 696.3064493247725 618.0060028722901 0.0 0.0
576.5 509.25 391.5 351.25 696.867647131852 618.637635419092 0.0 0.0
577.0 509.25 393.0 350.75 698.1247530173858 618.3544396559319 0.0 0.0
581.5 509.75 399.0 350.25 705.2257936110325 618.4822114202772 0.0 0.0
584.125 509.75 404.5 350.75 710.511243427952 618.7654071834372 0.0 0.0
565.75 510.0 383.7142857142857 351.75 683.6144224611483 619.5386909766789 0.0 0.0
552.75 516.5 380.57142857142856 350.5 671.1429177322809 624.2187882059609 0.0 0.0
539.75 522.0 377.42857142857144 350.0 658.6714130034137 628.4775254533769 0.0 0.0
526.75 524.0 374.2857142857143 349.5 646.1999082745464 629.8621491833932 0.0 0.0
530.5 512.5 380.75 354.5 652.9940661559563 623.1585519793925 0.0 0.0
544.0 526.0 387.75 349.5 668.0478545390558 631.5269800797274 0.0 0.0
545.5 528.0 379.5 349.0 664.5282971176227 632.9178461696273 0.0 0.0
543.5 528.0 365.5 348.0 655.0201247362519 632.366982060259 0.0 0.0
546.25 528.0 361.0 346.5 654.7643152375242 631.542753897153 0.0 0.0
548.5 530.0 359.5 345.0 655.814436501325 632.3969721821873 0.0 0.0
542.5 532.0 361.25 348.5 651.7729152086175 635.9846106097455 0.0 0.0
539.0 533.0 369.75 347.0 653.6505187912253 636.002814642785 0.0 0.0
536.75 532.0 378.75 345.5 656.9300591887061 634.3457816777595 0.0 0.0
571.5 533.0 363.5 345.25 677.3083682910421 635.0484816558572 0.0 0.0
580.5 532.5 377.0 347.0 692.1786513604453 635.5833391152704 0.0 0.0
579.5 529.5 378.5 347.0 692.1579117215092 633.0725266657294 0.0 0.0
580.0 520.5 379.0 355.75 692.8508017599233 630.4612336136181 0.0 0.0
578.5 523.0 375.0 353.75 689.4107991611388 631.401852921982 0.0 0.0
584.0 523.0 379.0 352.75 696.201891758465 630.8421351830796 0.0 0.0
585.0 521.5 375.0 352.75 694.8740893140282 629.5989639290913 0.0 0.0
586.5 520.25 371.0 352.0 693.9908655352979 628.143405273046 0.0 0.0
587.0 517.75 366.5 354.0 692.0198189925977 627.2010333937412 0.0 0.0
587.5 516.75 363.0 354.5 690.5977556111749 626.658593261718 0.0 0.0
529.0 517.25 356.5 353.75 637.9150398581874 626.6475906750923 0.0 0.0
530.0 517.5 352.5 354.0 636.518913051169 626.9946172017748 0.0 0.0
529.5 518.0 351.0 354.0 635.2725792917556 627.407427106169 0.0 0.0
528.0 519.5 351.5 353.75 634.2999473658119 628.5056524809348 0.0 0.0
527.0 521.25 352.5 353.0 634.0236122527617 629.5325718113384 0.0 0.0
517.0 523.5 358.0 352.25 628.851302858394 630.9774554038196 0.0 0.0
516.5 525.25 360.0 351.0 629.5811450946509 631.7345817620892 0.0 0.0
515.0 526.75 361.5 350.5 629.2118721730792 632.7052154513048 0.0 0.0
512.0 528.75 362.5 350.0 627.3368084049864 634.0952088417871 0.0 0.0
530.0 530.75 403.0 349.5 665.8162208909578 635.4888831592493 0.0 0.0
530.0 532.0 400.0 349.0 664.0030120413611 636.2591446315744 0.0 0.0
529.5 532.5 399.5 349.5 663.3027284754128 636.9509562252402 0.0 0.0
529.0 514.0 398.0 345.0 662.0008758584358 619.0790625703501 0.0 0.0
529.0 488.0 397.5 286.75 661.7002720265423 571.3979704820156 0.0 0.0
528.5 476.0 396.0 214.41666666666669 660.4001893617561 529.6146895510828 0.0 0.0
527.5 464.0 395.0 142.08333333333334 659.0003112154704 487.8314086201499 0.0 0.0
529.0 497.75 394.5 281.25 659.9025766385156 571.7148120246145 0.0 0.0
536.5 514.0 394.5 341.5 665.9298011051916 617.1049723734789 0.0 0.0
547.5 511.5 391.5 338.5 673.0739815072664 613.3632691969743 0.0 0.0
548.0 514.0 388.5 338.25 671.741269851387 615.315004524201 0.0 0.0
536.5 524.75 379.5 345.5 657.1548523749939 628.2827143454979 0.0 0.0
529.5 524.0 374.0 348.0 648.2641566439536 629.0312441095787 0.0 0.0
532.5 512.75 370.5 346.75 648.7121576347877 618.998238777011 0.0 0.0
537.5 503.25 369.0 350.75 651.9733522705201 613.4223431764249 0.0 0.0
537.0 499.5 369.0 352.0 651.5604018886743 611.0681901029604 0.0 0.0
534.5 505.75 368.5 345.5 649.2168484756899 612.5709212068365 0.0 0.0
536.0 515.5 372.5 339.75 652.727115278884 617.3902369311661 0.0 0.0
541.0 519.5 378.0 339.0 659.9752254184182 620.3242552525344 0.0 0.0
541.5 523.75 380.0 336.75 661.5302959738631 622.6687184457437 0.0 0.0
534.0 526.25 382.5 335.5 656.8586055787698 624.0990479386296 0.0 0.0
528.0 531.25 383.5 333.5 652.5766238534752 627.2550493382561 0.0 0.0
525.0 530.75 381.0 331.0 648.6803247795294 625.5054559902622 0.0 0.0
524.0 510.25 383.5 327.5 649.3445442912632 606.3663588246407 0.0 0.0
508.5 528.0 371.5 327.5 629.7678392937446 621.3215194573515 0.0 0.0
504.0 525.5 362.5 325.0 620.8239805007412 617.8799196841667 0.0 0.0
504.0 524.25 363.0 324.25 621.1159312076933 616.422333802414 0.0 0.0
503.5 487.75 364.0 326.75 621.2956911259516 587.1146832788774 0.0 0.0
504.0 492.75 363.0 331.0 621.1159312076933 593.6022084976044 0.0 0.0
505.0 490.75 361.5 331.0 621.0533390941554 591.9431884742769 0.0 0.0
506.0 490.5 362.0 330.5 622.1576692155978 591.4566608847415 0.0 0.0
506.5 490.5 364.0 329.0 623.72930827403 590.6194439519243 0.0 0.0
508.5 489.5 366.0 328.5 626.521362643183 589.5104058852735 0.0 0.0
517.5 487.75 378.5 328.25 641.1463661848736 587.9185703819046 0.0 0.0
517.5 487.25 382.0 328.25 643.219167389554 587.503727288399 0.0 0.0
518.5 487.25 387.0 328.25 647.0017387920993 587.503727288399 0.0 0.0
519.0 487.0 389.5 328.5 648.9001002265388 587.436233287418 0.0 0.0
519.5 488.0 390.0 327.0 649.6000998629645 587.4295542621826 0.0 0.0
510.5 524.75 375.0 311.0 633.4318428374074 609.9954410659401 0.0 0.0
509.0 526.25 369.0 308.25 628.6827597425296 609.8832792672388 0.0 0.0
508.5 524.5 365.5 306.75 626.2289236672765 607.6148937204055 0.0 0.0
508.5 513.5 363.5 308.0 625.0637291129624 598.8381523996868 0.0 0.0
516.5 527.0 379.5 303.0 640.9753370397593 607.8964006680176 0.0 0.0
523.0 502.5357142857143 394.0 300.4642857142857 654.8015657536907 585.5171074267014 0.0 0.0
523.5 482.67857142857144 395.0 292.32142857142856 655.8027523577497 564.3250775142126 0.0 0.0
522.5 462.82142857142856 396.0 284.17857142857144 655.6083053165205 543.1330476017238 0.0 0.0
522.0 442.9642857142857 396.0 276.0357142857143 655.2100111256535 521.941017689235 0.0 0.0
521.5 570.75 396.0 304.75 654.8116141303543 647.1730290765356 0.0 0.0
521.5 521.0 395.5 326.25 654.5093582218668 614.7274514639277 0.0 0.0
520.0 524.25 394.5 331.0 652.7099978749027 620.0016718294664 0.0 0.0
518.0 518.75 392.0 331.75 649.6062235725994 615.7642686986648 0.0 0.0
503.5 519.5 356.5 333.5 616.9315430656757 617.335234571901 0.0 0.0
504.0 521.0 357.5 332.25 617.917807089474 617.9253020100523 0.0 0.0
503.5 519.75 359.0 332.5 618.379669572483 617.0059923223489 0.0 0.0
503.0 561.75 361.0 324.5 619.136495451528 648.956323641267 0.0 0.0
503.0 549.5 363.0 331.0 620.3051565684428 641.5006314082113 0.0 0.0
511.0 560.0 375.5 323.25 634.1450036438322 646.6079793809732 0.0 0.0
518.5 559.0 389.0 319.5 648.2000771652697 643.86957995938 0.0 0.0
517.0 505.0 384.5 340.5 644.3052459820578 609.069414821507 0.0 0.0
517.0 504.0 377.5 338.75 640.152520888577 607.2623548367192 0.0 0.0
515.5 516.5 366.5 333.25 632.5050719652324 614.7636661454808 0.0 0.0
512.5 489.3928571428571 352.5 324.17857142857144 622.0229095459426 587.116359944047 0.0 0.0
510.5 476.96428571428567 338.0 302.8928571428571 612.253481976473 565.3446807804438 0.0 0.0
508.5 464.53571428571433 331.0 281.6071428571429 606.7399983493334 543.5730016168408 0.0 0.0
508.0 452.1071428571429 338.0 260.32142857142856 610.1710359785245 521.8013224532376 0.0 0.0
467.35 501.75 263.4 326.75 536.4673990977832 598.7962678921629 0.0 0.0
480.75 514.25 273.0 336.25 552.860064409361 614.4245348379286 0.0 0.0
494.15 514.75 282.6 334.5 569.2527297209389 613.887514996668 0.0 0.0
507.0 513.5 371.5 337.75 628.8201746730924 614.6276340354152 0.0 0.0
510.5 513.0 395.5 341.0 645.780148605785 615.9951456719393 0.0 0.0
516.5 512.25 382.0 341.25 642.4150338412178 615.5095565615377 0.0 0.0
520.0 512.25 376.5 340.75 641.994266006374 615.2322065269354 0.0 0.0
519.0 509.75 383.0 337.5 645.019881418501 611.352808889562 0.0 0.0
516.5 510.75 393.0 336.0 649.0156077109461 611.3604194993945 0.0 0.0
517.0 512.0 404.0 336.0 656.1289166149625 612.405111546671 0.0 0.0
516.0 513.5 410.5 335.0 659.3685330772071 613.1128977308647 0.0 0.0
517.0 513.0 413.0 333.0 661.7083949898173 611.6028299921638 0.0 0.0
517.0 513.25 412.0 332.25 661.0847146924515 611.4046372718055 0.0 0.0
519.5 515.5 405.5 335.5 659.0263204208607 615.0617681082749 0.0 0.0
521.5 516.25 394.5 334.75 653.9096031202341 615.281841566469 0.0 0.0
522.5 516.5 391.0 333.75 652.6013028417304 614.9485420044084 0.0 0.0
511.0 511.25 372.0 323.5 632.0777182506708 605.0256806642449 0.0 0.0
507.5 507.25 365.5 318.5 625.4170711515399 598.9533555019309 0.0 0.0
507.5 510.25 366.5 317.0 626.0019968019271 600.7031039931139 0.0 0.0
507.5 510.5 366.0 315.0 625.7093974042583 599.8627500835781 0.0 0.0
509.5 510.5 369.5 315.5 629.3820833956249 600.1266312944742 0.0 0.0
520.5 511.75 396.0 314.75 654.015856795952 600.7958767157943 0.0 0.0
519.0 512.25 397.0 314.75 653.4294853183852 601.221875230417 0.0 0.0
518.5 510.75 397.0 315.25 653.0323498878138 600.206833824068 0.0 0.0
518.5 513.25 397.5 315.25 653.3364370674576 602.3358628726417 0.0 0.0
517.5 514.5 397.0 314.5 652.2386449759015 603.0095583829791 0.0 0.0
516.5 516.0 397.0 313.5 651.4455080818349 603.7707726963977 0.0 0.0
516.5 519.0 398.0 313.0 652.0554040877201 606.0777728198085 0.0 0.0
514.5 522.0 401.0 312.0 652.3123527305451 608.1350698773878 0.0 0.0
512.5 523.25 405.0 311.5 653.2085454852233 608.9527682244263 0.0 0.0
512.5 524.0 410.5 310.5 656.6326979369821 609.0864312369627 0.0 0.0
512.5 523.25 416.0 311.5 660.0850324011294 608.9524803488175 0.0 0.0
514.5 518.0 423.5 317.0 666.380146763092 607.3147361015589 0.0 0.0
519.5 514.0 434.0 331.5 676.9315716979347 611.6279021091842 0.0 0.0
525.0 514.5 443.0 334.25 686.9330378524901 613.5418036777097 0.0 0.0
570.5 514.25 435.5 335.0 718.6375057389487 613.7412899381986 0.0 0.0
595.0 514.0 423.0 334.25 730.0372686398234 613.1225774519467 0.0 0.0
592.5 514.75 431.0 334.0 732.6787115509101 613.6151733924411 0.0 0.0
591.5 515.0 432.5 333.5 732.7568304892973 613.5531159866521 0.0 0.0
589.0 514.0 425.0 333.0 726.3264487106649 612.442075332471 0.0 0.0
575.5 514.25 380.0 333.25 690.19512043963 612.7875899957282 0.0 0.0
549.875 514.5 331.25 334.0 641.9417187705978 613.4055965506411 0.0 0.0
524.375 515.5 316.25 335.0 612.3587560728893 614.7889278202128 0.0 0.0
508.5 516.75 375.5 336.5 632.249895511582 616.6545476284562 0.0 0.0
492.0 514.5 403.5 333.75 636.3044939675184 613.2693731814215 0.0 0.0
542.5 507.0 417.0 321.75 684.2481905048652 600.4766173280201 0.0 0.0
537.0 509.25 417.5 319.75 680.2028694650226 601.3201567835913 0.0 0.0
537.5 511.75 416.0 317.75 679.6794965604031 602.3730102829571 0.0 0.0
533.0 511.5 407.0 316.75 670.6367284927805 601.6335701019952 0.0 0.0
528.5 511.0 400.0 315.5 662.8065378393137 600.5509395560027 0.0 0.0
528.5 511.0 396.5 314.75 660.700196646887 600.1571525940323 0.0 0.0
527.5 511.25 394.0 313.5 658.401405279207 599.7156239244391 0.0 0.0
528.0 511.5 390.0 313.5 656.4176732471664 599.9287457690288 0.0 0.0
549.0 511.25 389.0 313.75 672.9134218443555 599.8464330348341 0.0 0.0
592.5 511.5 390.5 313.0 709.6241172180007 599.6676730569216 0.0 0.0
581.0 512.25 379.0 313.25 693.6873651775197 600.4378667815283 0.0 0.0
573.0 512.25 371.0 313.5 682.6199893872608 600.5683387680493 0.0 0.0
560.5 513.75 360.0 313.5 666.1533662224151 601.8489374083099 0.0 0.0
554.0 514.5 354.0 313.75 657.4435441292352 602.6191594909392 0.0 0.0
507.5 515.25 356.0 314.5 619.9169141031332 603.6497723802909 0.0 0.0
488.0 507.75 349.0 318.5 599.9565410079811 599.3782465446313 0.0 0.0
476.0 510.0 347.0 322.5 589.0555050845815 603.4122916491457 0.0 0.0
470.0 512.75 349.0 325.0 585.4091562215451 607.0742255883022 0.0 0.0
465.0 512.0 352.0 327.75 583.2077475564063 607.9181371698097 0.0 0.0
540.0 512.0 414.5 329.0 680.7470155799459 608.5927841670864 0.0 0.0
541.5 514.0 417.0 332.25 683.455647621071 612.034370007018 0.0 0.0
541.0 514.25 420.5 332.25 685.2016813707248 612.244338906436 0.0 0.0
541.5 514.25 423.0 332.75 687.1326291190079 612.5159136807769 0.0 0.0
542.5 514.0 423.5 332.0 688.2285230938921 611.8986844241455 0.0 0.0
542.5 514.0 424.0 330.0 688.5363098631764 610.8158478625124 0.0 0.0
601.5 514.0 406.5 330.5 725.9783835931786 611.0862679466608 0.0 0.0
591.0 514.0 398.0 331.0 712.5201880245864 611.3566880308091 0.0 0.0
588.0 515.0 397.5 331.0 709.7537753228603 612.1979192467427 0.0 0.0
586.0 515.0 395.5 331.0 706.9768383759117 612.1976804921757 0.0 0.0
541.5 515.25 377.0 332.0 659.843471753018 612.949085027558 0.0 0.0
517.5 515.25 368.0 332.0 635.0042645825931 612.949085027558 0.0 0.0
518.0 516.0 367.5 332.0 635.122232330124 613.5796606798501 0.0 0.0
518.0 515.5 367.0 332.0 634.8331800156318 613.1592968342218 0.0 0.0
518.5 514.75 368.0 332.25 635.819419133155 612.66446318866 0.0 0.0
510.0 514.5 368.5 332.5 629.2005810965959 612.5899933887265 0.0 0.0
526.5 514.5 383.0 332.5 651.0863121534758 612.5899933887265 0.0 0.0
540.0 514.5 411.5 333.5 678.9200307530814 613.1333460186291 0.0 0.0
540.0 515.0 413.0 333.5 679.8301583821028 613.5530326411392 0.0 0.0
541.5 515.0 417.5 332.75 683.7605575053302 613.1462915425759 0.0 0.0
541.5 514.0 422.0 331.75 686.517479748331 611.763080148246 0.0 0.0
541.5 513.75 426.5 333.0 689.292753479971 612.2320885626307 0.0 0.0
541.0 519.0 428.5 335.25 690.1400918477799 617.8634477233985 0.0 0.0
538.5 519.75 425.5 332.25 686.3181127080088 616.8750990567743 0.0 0.0
596.5 520.5 392.5 331.0 714.0507957151502 616.837298073476 0.0 0.0
590.0 522.0 371.5 327.0 697.2177466001166 615.9654819426819 0.0 0.0
591.5 521.75 358.5 325.25 691.6608148772825 614.8257831417619 0.0 0.0
581.5 521.0 281.5 323.5 648.1498439987577 613.2645680574356 0.0 0.0
628.2857142857142 520.0 230.85714285714286 322.25 669.8798969455802 611.7557581728008 0.0 0.0
636.0 519.5 214.0 322.75 671.8132573380257 611.5946691069591 0.0 0.0
643.7142857142858 519.5 197.14285714285717 324.0 673.7466177304711 612.2551102366326 0.0 0.0
637.5 520.25 194.5 324.25 666.6387800502514 613.023760868264 0.0 0.0
550.5 521.0 277.0 324.5 616.8374119912753 613.7925707238105 0.0 0.0
545.0 521.75 316.5 325.0 630.2580726547483 614.6935398162971 0.0 0.0
560.5 523.0 339.0 325.0 655.1794350676394 615.7549677873898 0.0 0.0
552.0 524.25 359.5 325.0 658.7544220217549 616.817831019523 0.0 0.0
508.5 496.725 373.5 325.3 630.9390300163088 593.7688005131379 0.0 0.0
510.5 485.625 376.5 320.5 634.3208879135285 581.8710240843661 0.0 0.0
511.25 474.525 379.75 315.7 636.8571205115936 569.9732476555942 0.0 0.0
512.25 463.42499999999995 379.5 310.9 637.5110794935756 558.0754712268224 0.0 0.0
515.75 452.32500000000005 374.75 306.1 637.5231344373178 546.1776947980505 0.0 0.0
517.25 469.0 371.25 307.5 636.6910346242803 560.8994216238051 0.0 0.0
590.5 502.0 371.0 330.5 697.3780218079546 601.029306012852 0.0 0.0
578.5 512.5 364.0 340.0 683.4927887284798 615.0336730932252 0.0 0.0
583.25 514.5 363.75 335.5 687.3830713783822 614.2237529592452 0.0 0.0
584.25 515.5 364.0 335.0 688.3661971358471 614.7891739858972 0.0 0.0
581.5 516.5 370.5 336.0 689.5196553164069 616.1722741678103 0.0 0.0
581.5 518.0 378.0 337.0 693.5692878217332 617.9749359371132 0.0 0.0
579.0 518.5 385.25 338.0 695.4639573511688 618.9397591405984 0.0 0.0
546.0 516.5 402.5 339.0 678.6745424319522 617.8132975550707 0.0 0.0
513.25 515.5 396.25 339.5 648.4196701008962 617.2526336611924 0.0 0.0
516.5 513.0 401.5 338.0 654.1976016458214 614.3394992072037 0.0 0.0
521.5 513.0 399.25 338.5 656.7869699639431 614.6147784033906 0.0 0.0
526.5 513.0 390.5 337.0 655.5248444339757 613.7898830670194 0.0 0.0
544.0 511.5 397.0 335.0 673.4575253395135 611.4386893480607 0.0 0.0
557.75 511.5 410.5 335.0 692.5307153776732 611.4386893480607 0.0 0.0
556.25 511.0 402.5 334.5 686.6058135139212 610.7464865874557 0.0 0.0
551.0 509.5 387.5 332.5 673.6353427447289 608.396807461571 0.0 0.0
548.5 508.0 376.75 332.0 665.4302235239654 606.8673833936452 0.0 0.0
551.25 508.0 374.0 331.5 666.1503869568587 606.5939745826693 0.0 0.0
552.0 507.0 369.25 331.5 664.1190985720937 605.7568199124976 0.0 0.0
551.5 506.0 368.25 332.0 663.1450770200971 605.1943280995492 0.0 0.0
551.5 506.0 377.25 333.5 668.2008204623658 606.0183578077483 0.0 0.0
553.25 506.0 389.0 335.0 676.3221831983458 606.8452634850668 0.0 0.0
555.0 506.0 393.75 335.0 680.4881977491922 606.8455158846402 0.0 0.0
586.5 505.5 389.5 335.125 704.2315181632623 606.4973604070261 0.0 0.0
606.5 504.25 386.0 334.75 718.9146834436817 605.248403468991 0.0 0.0
608.5 503.75 386.5 334.75 720.8706541398394 604.8319974343317 0.0 0.0
609.5 503.75 382.5 334.75 719.5809053616897 604.8319974343317 0.0 0.0
609.0 504.0 376.5 338.5 715.9842392612836 607.1234957907075 0.0 0.0
581.0 503.0 370.5 342.0 689.0930196888476 608.2541992987301 0.0 0.0
566.5 502.0 354.0 346.0 668.0108006560505 609.6885840206728 0.0 0.0
567.5 502.25 346.0 344.75 664.659499292683 609.1860382327716 0.0 0.0
567.5 502.5 341.0 345.5 662.070565484268 609.8169149437008 0.0 0.0
567.5 503.5 345.5 347.0 664.3997080735726 611.4910056574831 0.0 0.0
536.0 503.75 355.0 346.0 642.9010065387092 611.13016824067 0.0 0.0
531.0 504.5 360.0 346.0 641.5311592600785 611.7485839571534 0.0 0.0
528.0 505.0 365.5 346.0 642.1646790483783 612.1611874856894 0.0 0.0
526.5 506.25 374.0 346.5 645.8164713209272 613.4750355216433 0.0 0.0
526.5 506.75 369.5 346.0 643.221290984327 613.6053963033294 0.0 0.0
540.0 507.0 390.0 345.75 666.1117550261222 613.6710072672389 0.0 0.0
539.5 506.5 373.0 345.5 655.8882672732171 613.1171008763561 0.0 0.0
539.0 505.25 360.0 345.5 648.1674166448048 612.0849546622424 0.0 0.0
540.0 504.5 351.0 344.25 644.0505215067426 610.7604728076797 0.0 0.0
541.0 427.0 350.0 356.75 644.3454042669972 557.8048760035874 0.0 0.0
541.0 208.0 351.0 349.5 644.8892741703504 409.2730631848664 0.0 0.0
543.0 -161.625 362.5 105.04166666666667 652.8851454205137 192.8253614824393 0.0 0.0
543.5 -306.125 379.0 187.20833333333334 662.6004116053177 358.94253795371156 0.0 0.0
540.5 -450.625 390.5 269.375 666.8086272649341 525.0597144249839 0.0 0.0
538.5 -584.0 393.0 367.0 666.6568931016091 689.9573356053997 0.0 0.0
524.5 -636.0 374.0 364.25 644.1866311346118 733.4908006423287 0.0 1.0
524.0 -677.25 367.5 357.5 640.0254156048566 765.8331208344804 0.0 1.0
523.5 -667.25 358.0 327.0 634.2053455615983 743.6957264469881 0.0 1.0
524.5 -644.25 351.5 326.75 631.3894776751213 722.5012065561721 0.0 1.0
523.5 -650.25 356.0 327.75 633.0783916704155 728.2386857327945 0.0 1.0
525.5 -659.25 373.0 327.0 644.4224349014161 736.0173549817168 0.0 1.0
532.0 -646.75 395.0 328.75 662.6079193968459 725.5092351017055 0.0 1.0
530.5 -647.0 398.0 328.5 663.2001281391938 725.6578542510415 0.0 1.0
529.0 -648.5 393.5 328.0 659.3058820042509 726.7481477020538 0.0 1.0
524.0 -650.0 388.5 324.75 652.3108633103761 726.6161360421797 0.0 1.0
526.0 -647.5 374.5 323.5 645.7067690814947 723.8161023353105 0.0 1.0
523.0 -635.5 371.5 326.5 641.5163242107085 714.6645169814748 0.0 1.0
523.5 -598.0 375.5 355.0 644.2456829502236 695.4423776218408 0.0 1.0
524.0 -594.75 378.0 358.5 646.1115727430938 694.4884551644727 0.0 1.0
524.0 -592.75 380.5 360.5 647.5774205605085 693.7693588548577 0.0 1.0
525.0 -588.5 380.0 363.0 648.0953825266408 691.4497244572985 0.0 1.0
525.5 -634.5 383.0 374.75 650.2637165433895 737.0036214515592 0.0 1.0
527.5 -677.5 384.0 388.5 652.4662826537476 780.9882789784957 0.0 0.0
527.5 -674.25 387.0 389.5 654.2363869428236 778.667777835049 0.0 1.0
525.5 -670.25 389.0 388.5 653.8128554869505 774.7049738904334 0.0 1.0
526.0 -673.0 388.0 363.0 653.6208089595273 764.6575040858474 0.0 1.0
526.5 -659.5 383.5 383.0 651.3636951343003 762.7522997159697 0.0 1.0
527.0 -653.75 382.0 403.25 650.887253565819 768.1397278661289 0.0 1.0
527.0 -644.75 383.5 404.25 651.7677884032012 761.000686934367 0.0 1.0
527.0 -640.5 388.0 403.0 654.4258262947048 756.7361406351413 0.0 1.0
526.5 -642.0 391.0 395.75 655.8073268880121 754.192946982223 0.0 1.0
514.0 -652.5 372.5 387.75 634.7887928529206 759.0168204492102 0.0 1.0
513.0 -658.75 364.5 386.25 629.3089353244322 763.6501054675424 0.0 1.0
514.0 -665.75 365.0 386.0 630.4134882710482 769.5577078275894 0.0 1.0
515.5 -668.5 366.5 383.58333333333337 632.5050719652324 770.7327294616391 0.0 1.0
520.0 -666.5 375.0 383.91666666666663 641.1206640873093 769.1649846403054 0.0 0.0
528.0 -664.5 397.5 385.125 660.902175876799 768.0380898401381 0.0 0.0
527.5 -661.75 402.5 384.7 663.5229144542864 765.446246098259 0.0 0.0
527.5 -660.75 405.0 385.5 665.0424101399155 764.9856492225423 0.0 0.0
526.0 -659.75 407.5 386.3 665.3816514382524 764.5250523468255 0.0 0.0
525.5 -656.0 407.5 385.0 664.9860900800858 760.6320448123449 0.0 1.0
526.0 -662.5 408.5 382.0 665.9942987329064 764.7639086306876 0.0 1.0
526.5 -676.75 410.0 375.0 667.3097107041077 773.7075422891055 0.0 1.0
525.5 -649.0 411.5 386.5 667.4447542680967 755.8599252639857 0.0 1.0
523.5 -618.0 408.0 405.5 663.7139820736038 739.1727572282979 0.0 1.0
520.5 -657.75 403.0 382.75 658.27760580294 761.0091727538372 0.0 1.0
522.5 -662.5 401.5 380.0 658.9449901167775 763.7453780193819 0.0 1.0
523.5 -646.25 399.5 386.25 658.522968468071 752.8800606027195 0.0 1.0
524.5 -614.5 400.5 383.75 659.92473655859 724.5855065990046 0.0 1.0
522.5 -359.75 402.5 392.75 659.5553653750671 535.1070478449055 0.0 0.0
509.0 -177.67857142857144 380.0 401.2857142857143 635.2015509355333 508.54963698718257 0.0 0.0
508.5 0.7499999999999716 383.5 381.0 636.9023939026596 493.14852488603424 0.0 0.0
509.5 179.1785714285714 386.0 360.7142857142857 639.2078024108146 477.74741278488597 0.0 0.0
500.625 394.5 336.5625 354.0 604.5544786087028 532.2563788323 0.0 0.0
503.125 476.5 268.8125 353.0 573.4059443470353 593.0141460403585 0.0 0.0
526.5 485.25 265.5 358.75 590.5666427148126 603.4668522729585 0.0 0.0
520.0 488.75 389.0 359.25 649.401261753896 606.57826883096 0.0 0.0
514.0 491.75 387.5 360.25 643.7034985442522 609.5888293753194 0.0 0.0
511.0 493.0 386.5 359.75 640.705346454286 610.3026373784107 0.0 0.0
513.5 493.25 390.0 359.0 644.8119720330617 610.0633389706378 0.0 0.0
529.0 495.0 413.5 358.0 671.4341894287288 610.8927749006608 0.0 0.0
530.5 495.5 412.5 356.0 672.0019302049498 610.1280710384824 0.0 0.0
528.0 494.5 413.0 356.5 670.3380901478272 609.608551037679 0.0 0.0
516.5 493.5 411.5 355.0 660.3820863712159 607.9204413212092 0.0 0.0
504.0 492.75 411.5 353.5 650.6522880957223 606.4365947244637 0.0 0.0
502.0 507.0 411.0 374.0 648.7874456806176 630.1001143308335 0.0 0.0
514.5 522.75 413.5 387.5 660.07018709419 650.7102540025036 0.0 0.0
517.0 522.25 399.5 389.0 653.4164372606178 651.2035978305644 0.0 0.0
516.0 522.0 385.0 391.5 643.8032961879312 652.5000689655394 0.0 0.0
521.0 521.0 383.5 392.5 646.9307443840889 652.3015717560816 0.0 0.0
525.5 519.25 381.5 392.5 649.3798221380521 650.9046283643158 0.0 0.0
527.0 518.75 383.0 392.5 651.4737233491368 650.5058302997456 0.0 0.0
528.5 486.75 387.0 391.0 655.0467438677613 624.4190381435535 0.0 0.0
532.0 485.79999999999995 399.0 365.4 665.0004812032251 608.1060908865757 0.0 0.0
533.5 468.20000000000005 404.0 334.6 669.208856045647 575.7105329706521 0.0 0.0
531.5 490.5 409.0 307.5 670.6514318040134 579.3466241715857 0.0 0.0
531.0 501.25 408.5 329.75 669.950301927116 600.2684982059227 0.0 0.0
529.0 501.25 409.5 328.5 668.9777649518704 599.3091363952421 0.0 0.0
526.5 514.0 410.0 323.5 667.3098273110706 607.3366255069379 0.0 0.0
525.0 514.5 411.0 328.5 666.7429452222777 610.4318893502011 0.0 0.0
524.5 516.5 409.5 330.0 665.4251688371389 612.9220882758627 0.0 0.0
503.5 510.0 378.5 331.25 629.9061808044601 608.1341394425333 0.0 0.0
507.0 509.25 373.0 332.5 629.4271114825358 608.1873323084809 0.0 0.0
508.5 510.0 368.5 332.0 627.9848625364801 608.5425386851815 0.0 0.0
508.5 509.25 367.5 331.75 627.398587321698 607.7777099147877 0.0 0.0
508.0 506.75 369.0 325.25 627.8735252045369 602.1492847372497 0.0 0.0
509.5 506.5 371.5 321.5 630.5573620042956 599.920411388044 0.0 0.0
525.5 506.5 401.5 321.5 661.334524914679 599.920411388044 0.0 0.0
522.5 506.75 411.5 320.5 665.0854488689154 599.5963895466655 0.0 0.0
523.0 507.25 417.5 319.5 669.2049387145913 599.4862564634078 0.0 0.0
524.0 507.25 422.0 318.5 672.8001919992339 598.953111831906 0.0 0.0
524.5 506.25 429.5 318.5 677.9163667808139 598.1065724508508 0.0 0.0
516.0 506.5 422.5 318.5 666.9356762988398 598.3180592293701 0.0 0.0
513.0 507.5 412.5 318.0 658.2761177263073 598.8999594190745 0.0 0.0
512.5 508.25 419.0 320.0 661.979795764191 600.5997250058658 0.0 0.0
512.5 509.0 426.0 321.75 666.4329234007894 602.1661790206426 0.0 0.0
510.0 509.0 425.5 322.75 664.1915366810952 602.701092646337 0.0 0.0
507.0 508.0 410.0 324.0 652.0356887666562 602.5287712972965 0.0 0.0
509.5 507.5 398.0 326.0 646.5269819454747 603.1851064438122 0.0 0.0
515.0 508.25 388.0 326.5 644.8019000450583 604.0863603474244 0.0 0.0
518.5 508.5 371.5 327.5 637.8524273142157 604.8375815043241 0.0 0.0
521.0 508.25 360.0 327.5 633.2783620505655 604.6274314294267 0.0 0.0
521.0 508.0 361.0 327.5 633.8470486587775 604.4172813545291 0.0 0.0
520.0 508.0 371.0 326.5 638.7809361043956 603.8760220442604 0.0 0.0
519.5 508.0 383.0 328.5 645.4266826962955 604.962040597344 0.0 0.0
518.5 505.5 398.5 342.0 653.959874466372 610.3234651057085 0.0 0.0
510.0 506.0 397.0 344.0 646.3041329138514 611.8596007067571 0.0 0.0
503.5 506.0 386.0 345.5 634.4357661929816 612.7040476445378 0.0 0.0
506.5 506.25 376.5 347.0 631.1061633293438 613.757901898206 0.0 0.0
510.5 505.75 370.5 348.0 630.7797713895345 613.9113417299899 0.0 0.0
511.5 506.5 370.0 347.5 631.2941073699326 614.2463512417244 0.0 0.0
510.5 507.25 374.5 348.5 633.1355206180393 615.430607413519 0.0 0.0
529.0 507.25 401.5 348.5 664.1220800837211 615.430607413519 0.0 0.0
528.5 507.5 413.0 348.25 670.7333451881641 615.4951814541259 0.0 0.0
526.5 506.75 414.0 348.0 669.7751435719207 614.7353760189287 0.0 0.0
525.5 507.0 412.5 348.0 668.0617486430427 614.941525726526 0.0 0.0
525.0 508.5 409.0 348.0 665.5118331029133 616.1790072430738 0.0 0.0
524.5 509.25 406.5 349.25 663.583194622511 617.5040451721371 0.0 0.0
523.0 508.5 406.5 349.5 662.3981053716866 617.0272118874003 0.0 0.0
522.5 509.25 406.5 349.5 662.0035164084561 617.6453938242034 0.0 0.0
509.0 510.5 394.0 349.75 643.680077927009 618.8177074348863 0.0 0.0
499.54999999999995 510.5 350.45000000000005 350.25 611.7007074990289 619.1004401517798 0.0 0.0
494.95000000000005 510.5 303.04999999999995 349.5 581.9167943570735 618.6764097652342 0.0 0.0
489.5 509.75 291.0 345.0 569.8611881136436 615.5330978837904 0.0 0.0
494.5 508.0 351.5 322.5 606.7069251168837 601.7227351529939 0.0 0.0
525.0 510.0 389.0 322.0 653.4227683370264 603.1452385174023 0.0 0.0
521.5 510.25 391.0 321.5 651.8006293048891 603.089819397936 0.0 0.0
523.5 510.75 392.5 320.5 654.300007641866 602.9807875525553 0.0 0.0
519.0 510.25 395.0 320.75 652.2165196178387 602.6906321492377 0.0 0.0
516.5 507.5 401.5 321.5 654.1976720883661 600.7650775497574 0.0 0.0
505.5 507.75 414.0 321.25 653.3959366264837 600.8424344382358 0.0 0.0
504.5 507.75 419.5 321.75 656.1254817524516 601.1100099115899 0.0 0.0
501.5 507.5 424.5 323.0 657.0407167242398 601.568990224729 0.0 0.0
493.0 507.0 407.0 324.0 639.2964741836106 601.6861609435791 0.0 0.0
495.0 507.25 409.0 325.75 642.1109682254867 602.8396392618772 0.0 0.0
494.5 505.75 410.5 326.5 642.6826555378925 601.9844938912606 0.0 0.0
496.0 505.0 410.5 327.75 643.8380512970198 602.0342969759199 0.0 0.0
514.5 504.5 430.0 328.0 670.5335472282101 601.7509867046335 0.0 0.0
519.5 503.5 439.5 328.25 680.470795446377 601.0493793017351 0.0 0.0
518.0 503.25 433.0 328.75 675.1393538876556 601.1133376768998 0.0 0.0
516.5 503.25 422.0 329.0 666.975561711607 601.2500155624008 0.0 0.0
515.5 502.0 405.5 329.0 655.873917427066 600.2041945173966 0.0 0.0
514.5 501.75 391.0 329.0 646.2134971497703 599.995193005358 0.0 0.0
514.5 501.5 382.5 328.75 641.105811087014 599.6489112221855 0.0 0.0
512.0 502.0 383.0 328.25 639.4008835027496 599.7933863263659 0.0 0.0
511.0 503.0 390.0 327.75 642.8230636358342 600.3574821494993 0.0 0.0
512.0 503.0 403.5 326.75 651.893581815385 599.8124357450924 0.0 0.0
507.5 503.0 421.0 327.0 659.3932224507978 599.9483311086047 0.0 0.0
505.0 504.25 426.0 327.0 660.68233369913 600.9967395939354 0.0 0.0
505.0 505.0 425.0 326.0 660.0379885638756 601.0832500885872 0.0 0.0
505.0 505.75 418.0 326.0 655.5524387873178 601.7134541006757 0.0 0.0
504.0 507.0 404.0 326.75 645.9365108372747 603.1707551996316 0.0 0.0
499.5 507.0 382.0 327.5 628.8311167562226 603.5770456205239 0.0 0.0
311.0 507.5 293.0 327.5 428.87110604484656 603.9971634875264 0.0 0.0
239.17857142857142 508.0 206.64285714285714 327.5 323.6013925326174 604.4172813545291 0.0 0.0
152.75 508.0 167.5 328.5 241.93229087866763 604.9597094022047 0.0 0.0
66.32142857142857 507.75 128.35714285714283 328.5 160.2631892247178 604.7498085503064 0.0 0.0
8.0 507.0 123.0 329.25 123.36238396387367 604.5283834736749 0.0 0.0
20.0 506.5 182.5 329.0 183.62471369389692 603.9728884643747 0.0 0.0
33.5 507.5 205.5 329.75 208.44400230132362 605.2203797128552 0.0 0.0
36.5 507.75 213.0 330.5 216.75561980567284 605.8385355025223 0.0 0.0
24.0 507.5 223.5 330.5 224.79032253966693 605.6290733203568 0.0 0.0
111.5 507.5 213.5 329.5 253.80702618011873 605.0839397425943 0.0 0.0
211.625 507.0 270.875 329.5 344.16497128108716 604.6645764388716 0.0 0.0
591.5 507.0 337.0 329.0 683.3000749864639 604.3924022696029 0.0 0.0
519.0 507.0 358.5 329.5 630.7802914282724 604.6645764388716 0.0 0.0
520.0 507.0 364.0 329.5 634.7444659757834 604.6645764388716 0.0 0.0
524.0 507.0 375.0 329.5 644.3629763131242 604.6645764388716 0.0 0.0
524.5 507.5 384.0 329.5 650.0434469803524 605.0839397425943 0.0 0.0
520.5 507.25 390.0 329.75 650.4037867266596 605.010749814674 0.0 0.0
506.5 506.75 398.5 330.25 644.4725613547915 604.8641420366587 0.0 0.0
504.0 507.25 408.5 330.0 648.7590076445953 605.1469829866307 0.0 0.0
501.5 507.25 419.0 329.5 653.5007651104931 604.8742274609234 0.0 0.0
503.5 506.0 427.5 329.5 660.5080887771687 603.8263409292443 0.0 0.0
513.5 506.5 461.0 329.5 690.0771213899426 604.2454586840579 0.0 0.0
515.0 507.0 457.0 328.75 688.5304446011567 604.2562424171599 0.0 0.0
515.0 492.5 446.0 326.0 681.2799741193808 590.6573121549825 0.0 0.0
513.5 480.92857142857144 431.0 329.3928571428571 670.4080226333673 582.9365924699395 0.0 0.0
516.0 483.5 412.0 335.25 660.3065821452979 588.3869055663131 0.0 0.0
516.0 486.07142857142856 388.0 341.1071428571429 645.6016088310648 593.8372186626868 0.0 0.0
510.0 484.5 368.5 345.5 629.2000773651143 595.0753141879411 0.0 0.0
508.5 488.25 368.5 346.25 627.9844743303771 598.5667102303416 0.0 0.0
509.0 503.0 376.0 347.5 632.8168469161292 611.3653206717026 0.0 0.0
485.0 501.5 374.0 348.75 612.4968717971062 610.843859517873 0.0 0.0
447.45000000000005 503.0 334.85 351.75 558.8742407233976 613.7892993434086 0.0 0.0
418.04999999999995 503.5 310.65 352.5 520.8393388984305 614.6288862147762 0.0 0.0
450.5 504.5 325.0 353.5 555.5233740852844 616.0215312914579 0.0 0.0
502.0 504.75 430.5 354.0 661.3330087307565 616.5132464970918 0.0 0.0
501.5 505.25 431.0 355.0 661.2687798093634 617.4970308892104 0.0 0.0
500.0 504.75 416.5 355.0 650.7477696028743 617.0881206599491 0.0 0.0
491.5 504.75 400.5 354.0 634.0143293227147 616.5132464970918 0.0 0.0
488.0 503.75 382.5 353.5 620.0440991258776 615.4074365520466 0.0 0.0
483.0 503.0 358.5 352.0 601.5201175724023 613.9329533971107 0.0 0.0
486.0 505.0 354.5 339.0 601.5534866363305 608.2480385609355 0.0 0.0
491.0 507.0 363.0 333.5 610.6147684932886 606.8537093048824 0.0 0.0
495.5 506.5 375.0 331.0 621.4072110561758 605.064727790076 0.0 0.0
491.0 505.5 382.5 331.25 622.4220945624685 604.3649939695433 0.0 0.0
487.0 504.5 393.5 331.5 626.1115713858663 603.6659468530981 0.0 0.0
492.0 502.75 410.5 330.75 640.7677400240407 601.791695601083 0.0 0.0
496.0 502.25 401.5 329.75 638.1367126791504 600.8245419020831 0.0 0.0
496.0 502.0 392.0 328.0 632.2025752216852 599.6578831571763 0.0 0.0
497.0 501.5 384.0 329.5 628.0644871348801 600.0604764362195 0.0 0.0
489.5 501.5 372.5 329.0 615.1151947545411 599.7868040166231 0.0 0.0
479.0 501.5 368.0 328.25 604.0416121432636 599.3751294407568 0.0 0.0
472.25 503.0 370.75 327.5 600.3970532130074 600.2211472210629 0.0 0.0
481.5 503.75 375.25 327.75 610.4667425888658 600.9859741283384 0.0 0.0
491.5 505.0 381.25 327.5 622.0352041707592 601.8981857303978 0.0 0.0
494.5 505.5 402.25 327.5 637.4825729682848 602.317625372035 0.0 0.0
499.5 506.5 413.0 326.5 648.1276097248185 602.6151157205226 0.0 0.0
499.5 505.5 411.75 326.5 647.333095054822 601.7745205585206 0.0 0.0
499.5 505.5 408.25 325.5 645.1113467680307 601.2325450898795 0.0 0.0
499.5 517.0 405.25 270.5 643.2175019178428 583.9637025270856 0.0 0.0
500.5 514.0 402.5 255.0 642.2677528464251 573.7841089405591 0.0 0.0
500.5 514.0 399.5 250.5 640.3910154793393 571.7923154589832 0.0 0.0
500.75 513.5 398.75 248.5 640.1189817052448 570.46884451451 0.0 0.0
488.75 515.0 388.75 247.5 624.5023688194071 571.3853778318098 0.0 0.0
484.5 514.5 385.0 248.0 618.8418618677957 571.1520774460424 0.0 0.0
484.5 513.5 386.0 248.0 619.4649802236722 570.2510826677153 0.0 0.0
483.0 513.5 385.75 248.5 618.1364017682665 570.46884451451 0.0 0.0
482.0 514.0 384.25 249.5 616.4190990812854 571.3547496958436 0.0 0.0
482.5 512.5 382.0 250.0 615.4106352672173 570.2247828527007 0.0 0.0
490.0 512.5 388.75 251.0 625.4823951310611 570.6639137843226 0.0 0.0
493.0 515.0 386.75 253.5 626.5982526042195 574.009844763506 0.0 0.0
494.5 515.5 387.0 255.5 627.9328227099384 575.3439846715689 0.0 0.0
496.75 515.0 388.5 256.0 630.6289479743498 575.1184229928425 0.0 0.0
499.25 514.0 392.75 256.5 635.2250975101045 574.4460375004775 0.0 0.0
504.5 510.5 413.0 260.0 651.9987516765094 572.9139532132206 0.0 0.0
505.5 504.0 423.5 323.5 659.4602249615456 598.8909217741182 0.0 0.0
505.5 507.5 429.5 326.5 663.3268326193368 603.4555270970674 0.0 0.0
503.5 507.0 430.5 327.0 662.4523210650432 603.3059534305308 0.0 0.0
502.75 506.5 429.5 327.0 661.2321011282305 602.8857686162446 0.0 0.0
502.5 506.75 425.0 327.0 658.127077394632 603.0958305891093 0.0 0.0
503.5 506.75 420.0 327.75 655.6769402686051 603.5032817123063 0.0 0.0
505.0 504.25 412.5 334.0 652.0619059137571 604.8403264927854 0.0 0.0
507.5 507.0 404.5 344.75 648.9812423168204 613.1081513393466 0.0 0.0
508.5 507.5 400.0 345.5 646.9715990675325 613.9437943276613 0.0 0.0
508.5 507.25 400.0 346.0 646.9715990675325 614.0183892570662 0.0 0.0
508.5 507.5 406.0 346.0 650.6982787744255 614.2249180878288 0.0 0.0
506.0 508.5 413.5 346.0 653.4664108448578 615.0516778842564 0.0 0.0
504.0 509.75 421.0 345.0 656.7019841651511 615.5242335886273 0.0 0.0
504.0 510.0 428.5 345.25 661.5356595195123 615.8714195015327 0.0 0.0
503.5 510.75 432.5 345.5 663.7537172321482 616.6326557368584 0.0 0.0
502.5 510.5 430.5 345.75 661.6925245459513 616.5657753607832 0.0 0.0
503.0 511.25 427.0 347.0 659.8015954016864 617.8881189319961 0.0 0.0
506.0 496.0 420.0 341.5 657.5987743446806 602.2041842343699 0.0 0.0
506.0 472.57142857142856 412.5 322.07142857142856 652.8344742374768 572.019394882489 0.0 0.0
505.0 460.0 407.5 303.5 648.9082027866325 551.306250973601 0.0 0.0
480.5 447.42857142857144 381.0 284.92857142857144 613.2272464087479 530.5931070647131 0.0 0.0
452.0 482.0 307.8125 305.5 549.4503754136658 570.6888282322411 0.0 0.0
438.0 499.25 233.5625 322.5 497.7170468111059 594.367011702717 0.0 0.0
460.5 503.75 338.5 326.5 571.8998482490526 600.3074321176709 0.0 0.0
487.5 503.75 399.0 323.0 629.975124921393 598.4089349792182 0.0 0.0
489.0 506.0 405.0 325.0 634.9377956741837 601.3828449929359 0.0 0.0
489.0 506.75 403.5 330.5 633.9829943316162 605.0007373172696 0.0 0.0
489.0 507.75 397.5 331.5 630.1807238637962 606.3846242896986 0.0 0.0
488.0 507.0 386.0 345.25 622.2071975457068 613.4601567142332 0.0 0.0
488.0 511.0 377.0 354.75 616.6641150819056 622.0713233929409 0.0 0.0
487.5 512.5 374.0 354.25 614.4366058636465 623.0163358958137 0.0 0.0
488.5 510.5 375.0 352.25 615.8394767388786 620.2341845314409 0.0 0.0
488.5 510.5 378.0 354.0 617.6701436616465 621.2301709396265 0.0 0.0
489.5 510.75 380.0 355.0 619.6856442066082 622.0052916644954 0.0 0.0
490.5 509.5 380.5 367.0 620.7821679139954 627.9842556730955 0.0 0.0
493.0 505.5 382.5 383.5 623.9837675452507 634.5100399187111 0.0 0.0
493.0 506.25 381.5 383.5 623.3708831813469 635.1073718701364 0.0 0.0
495.0 506.25 381.0 384.75 624.6487012713626 635.862899752728 0.0 0.0
495.5 506.25 378.5 383.25 623.5243843489 634.9564927258236 0.0 0.0
496.0 505.75 377.5 384.0 623.3155300487867 635.0112346994656 0.0 0.0
497.5 505.75 376.5 383.75 623.905969646162 634.860260816878 0.0 0.0
498.0 505.25 377.0 383.25 624.6062759851201 634.1593863636692 0.0 0.0
507.0 504.5 398.0 382.25 644.559270791316 632.9577898406313 0.0 0.0
509.5 504.25 404.0 382.75 650.235608458654 633.0608587377224 0.0 0.0
508.5 503.0 405.5 376.0 650.386423597541 628.0232234012166 0.0 0.0
509.5 503.5 407.0 337.0 652.1037110766968 605.872305028048 0.0 0.0
509.5 501.75 407.5 337.0 652.4158949627147 604.4189253875238 0.0 0.0
508.5 500.5 408.5 337.0 652.261067364901 603.3815774332913 0.0 0.0
497.5 499.75 385.5 337.5 629.3843456942379 603.0392921021853 0.0 0.0
494.5 499.5 379.0 337.0 623.0339818271527 602.5522798894715 0.0 0.0
493.0 499.25 375.0 337.0 619.4143672611356 602.3450689294452 0.0 0.0
491.5 500.25 370.0 337.0 615.20098341924 603.1745503299876 0.0 0.0
500.0 500.75 383.5 343.25 630.2116787658879 607.100592329221 0.0 0.0
505.0 501.25 395.5 343.75 641.440365672883 607.7957133748763 0.0 0.0
504.0 502.5 394.5 345.5 640.0361375090084 609.8169149437008 0.0 0.0
504.5 503.0 400.0 347.5 643.8324704455345 611.3634485095108 0.0 0.0
504.5 504.25 406.5 349.25 647.8908087015898 613.3871094252552 0.0 0.0
507.0 503.75 418.5 350.25 657.4126547986561 613.5468199922113 0.0 0.0
508.0 504.25 428.5 353.25 664.5877890101576 615.6734087488867 0.0 0.0
510.0 504.75 435.0 354.75 670.3170891451299 616.9442813620794 0.0 0.0
511.0 504.75 440.0 355.25 674.3300399444494 617.2318273279661 0.0 0.0
511.5 493.0 441.0 349.25 675.3615698275999 604.1878257114738 0.0 0.0
512.5 482.0 439.5 340.0 675.1422636992643 589.8524748147945 0.0 0.0
506.0 480.5 420.0 333.5 657.60751764532 584.8961699788888 0.0 0.0
498.0 475.0 383.5 333.0 628.5509194138813 580.0985515611558 0.0 0.0
496.5 475.5 375.0 332.5 622.2036717902107 580.2210916412652 0.0 0.0
498.0 475.0 366.0 332.0 618.0295208124601 579.5248053362341 0.0 0.0
501.0 473.5 361.5 330.5 617.805257015546 577.4361569318387 0.0 0.0
506.0 473.5 359.0 330.5 620.4168693918703 577.4365633278114 0.0 0.0
518.5 483.5 385.0 332.0 645.8075651077916 586.520464276746 0.0 0.0
519.5 490.5 391.5 335.5 650.5018519929397 594.266006468978 0.0 0.0
517.5 489.5 402.0 335.5 655.2943935617011 593.4399575057512 0.0 0.0
514.0 490.0 412.5 335.5 659.0557250477866 593.8521871697948 0.0 0.0
511.0 489.75 423.5 334.75 663.6824812541286 593.2222427276839 0.0 0.0
509.0 489.25 433.0 334.25 668.2598137336643 592.5273236542577 0.0 0.0
497.0 489.25 422.5 334.0 652.3266477130232 592.3863455283237 0.0 0.0
488.0 490.75 406.0 333.5 634.8076042645641 593.345648209613 0.0 0.0
489.0 502.5 398.5 336.5 630.8125239726503 604.7702970956274 0.0 0.0
490.0 514.25 388.5 352.5 625.3282961777418 623.4656253367508 0.0 0.0
502.0 514.75 377.0 356.5 627.8082999446976 626.1470424225677 0.0 0.0
507.5 514.25 389.0 357.0 639.4353916461281 626.0209624514922 0.0 0.0
508.5 514.0 387.0 357.0 639.0163403438563 625.8155330086981 0.0 0.0
509.0 514.25 389.5 357.5 640.93006040293 626.3063296652688 0.0 0.0
508.5 513.5 394.0 359.25 643.2794153515654 626.6919651533335 0.0 0.0
507.5 513.25 398.5 359.0 645.2589546787225 626.3440494817097 0.0 0.0
508.0 513.25 405.0 359.25 649.6842397639682 626.4871337677796 0.0 0.0
508.0 508.75 411.0 357.5 653.4410081229046 621.8045915900491 0.0 0.0
508.0 488.2142857142857 412.0 328.2142857142857 654.0704478922771 589.1731689861911 0.0 0.0
507.0 466.5 411.0 288.5 652.6641514524715 549.9176833608636 0.0 0.0
506.5 444.78571428571433 408.0 248.78571428571428 650.3893064926575 510.6621977355363 0.0 0.0
506.5 444.25 403.0 241.75 647.2644359147195 505.921547644635 0.0 0.0
509.5 482.5 397.0 344.5 645.9097503176077 592.8993878495826 0.0 0.0
503.0 505.5 384.0 357.5 632.8333218747073 619.1422195032268 0.0 0.0
495.5 508.5 372.5 360.75 619.9003952249103 623.4683791458513 0.0 0.0
495.5 511.0 375.5 358.25 621.708123387612 624.0758962381427 0.0 0.0
497.0 510.5 383.0 357.5 627.4535839406768 623.2307616454117 0.0 0.0
496.5 507.0 385.0 358.0 628.281261757641 620.6553216952964 0.0 0.0
504.0 490.0 406.5 360.5 647.5384987941042 608.3773005586212 0.0 0.0
506.5 479.75 417.0 358.25 656.0726720394625 598.7516565972837 0.0 0.0
507.0 480.5 415.0 358.0 655.1900487644787 599.2030123422278 0.0 0.0
507.5 480.0 412.5 358.5 653.9977023849935 599.1016105116634 0.0 0.0
508.5 479.5 410.5 358.0 653.5154933128977 598.4014120972644 0.0 0.0
508.5 479.25 410.0 358.0 653.2016545487543 598.2011241085406 0.0 0.0
508.0 478.5 409.0 358.0 652.1847897643735 597.6004850391373 0.0 0.0
509.0 478.0 409.0 357.75 652.9640112594261 597.0503350307085 0.0 0.0
509.0 478.25 409.5 357.25 653.277430934291 596.9512102610478 0.0 0.0
509.0 477.75 410.0 356.0 653.590850609156 595.8030407148004 0.0 0.0
508.0 477.0 411.0 356.0 653.4408925067362 595.201646503099 0.0 0.0
508.0 476.0 412.0 356.0 654.070332609575 594.4005383577643 0.0 0.0
508.0 477.25 411.0 356.0 653.4408925067362 595.4020363115369 0.0 0.0
509.5 477.5 410.0 356.0 653.9803131593488 595.6024261199748 0.0 0.0
499.5 478.0 393.5 356.0 635.9337751627841 596.0034305232383 0.0 0.0
491.5 478.5 374.5 356.0 617.9178748021455 596.4044349265018 0.0 0.0
491.5 479.5 374.0 357.0 617.6149690543454 597.8036885132109 0.0 0.0
492.0 480.0 372.5 357.0 617.1064260647601 598.2048888451964 0.0 0.0
492.0 480.25 372.5 356.75 617.1064810141397 598.2566713431249 0.0 0.0
492.5 478.75 373.5 355.75 618.1088830322233 596.4560588204815 0.0 0.0
492.0 478.5 368.0 355.0 614.4208923307547 595.8080647322593 0.0 0.0
472.5 479.75 289.5 355.75 554.2415271418458 597.2589449359441 0.0 0.0
487.0 480.25 347.5 355.5 598.3481696987152 597.5117861801034 0.0 0.0
502.5 480.5 397.0 355.75 640.4025884879745 597.8614830131212 0.0 0.0
497.5 479.5 404.0 356.5 640.88102695925 597.5052620518418 0.0 0.0
497.0 479.75 405.5 356.5 641.4361149491428 597.7058763445914 0.0 0.0
498.0 479.25 405.5 357.75 642.2105576284561 598.0515752476103 0.0 0.0
503.5 478.25 408.5 358.0 648.3725633993174 597.4005064452429 0.0 0.0
511.5 478.25 410.5 358.25 655.852797321953 597.5508568781567 0.0 0.0
510.0 479.25 409.0 359.0 653.7439084629542 598.8001210461955 0.0 0.0
511.0 478.75 407.5 359.0 653.5880987424318 598.4000208848503 0.0 0.0
512.0 478.75 407.0 358.75 654.0589398551533 598.2501546053741 0.0 0.0
510.0 478.8888888888889 407.0 356.3611111111111 652.4944444207936 596.9721987917441 0.0 0.0
511.0 478.44444444444446 408.0 347.80555555555554 653.8998394249688 591.6597905493621 0.0 0.0
501.5 478.0 391.5 339.25 636.2491275624266 586.3473823069802 0.0 0.0
494.5 477.55555555555554 378.0 330.69444444444446 622.4261740991192 581.0349740645983 0.0 0.0
494.5 477.1111111111111 377.5 322.1388888888889 622.1226503268122 575.7225658222163 0.0 0.0
495.5 490.0 377.0 343.5 622.6149224527647 598.4194413868231 0.0 0.0
495.0 500.75 376.5 340.5 621.9143095122347 605.562640296523 0.0 0.0
495.0 505.75 376.0 343.5 621.6116150780969 611.3821589336521 0.0 0.0
495.0 506.25 376.0 347.0 621.6116150780969 613.7574784061871 0.0 0.0
501.0 505.75 378.0 347.25 627.6025812566421 613.486921043266 0.0 0.0
502.0 505.25 380.0 346.25 629.6062335991439 612.5085679305823 0.0 0.0
503.0 505.75 383.5 346.0 632.5198875122802 612.779799296738 0.0 0.0
504.5 510.25 385.5 344.75 634.9255861910118 615.8078336695487 0.0 0.0
502.5 508.5 386.0 347.75 633.6424398263523 616.038072456988 0.0 0.0
501.5 507.75 385.0 349.5 632.2398674553828 616.40943378945 0.0 0.0
499.5 508.75 384.0 351.5 630.0447149740199 618.3681094886101 0.0 0.0
497.5 508.75 382.0 352.0 627.2401920133102 618.6522308482831 0.0 0.0
495.5 509.25 381.0 353.0 625.0450050911234 619.6326192062063 0.0 0.0
495.0 510.25 380.5 353.5 624.3439299410684 620.7393275437983 0.0 0.0
495.0 511.0 381.0 353.75 624.6487012713626 621.4982741339597 0.0 0.0
501.5 509.75 387.5 352.75 633.7655806303583 619.9014842075085 0.0 0.0
510.5 507.25 402.0 349.25 649.7802287607869 615.8575701432424 0.0 0.0
510.0 485.5 403.0 334.5 650.0069282510916 589.5765435969104 0.0 0.0
511.0 485.0 404.5 334.25 651.7218760285676 589.0230087814567 0.0 0.0
510.5 485.0 406.0 334.75 652.2624088509164 589.3071724478577 0.0 0.0
510.0 485.5 409.5 336.0 654.0568797911208 590.4292793990919 0.0 0.0
509.5 485.5 412.5 336.5 655.5506471765752 590.7136202300842 0.0 0.0
510.5 484.75 412.5 336.75 656.3284196393 590.239990233142 0.0 0.0
510.0 484.5 412.0 337.0 655.624892754996 590.1773038672361 0.0 0.0
510.5 484.5 412.5 337.5 656.3280429785093 590.4630964950933 0.0 0.0
510.5 485.0 412.5 337.0 656.3280429785093 590.5879116619633 0.0 0.0
507.5 485.0 410.0 336.5 652.4233673274871 590.3026900001112 0.0 0.0
497.5 484.75 385.0 336.0 629.0718111948554 589.8123284426517 0.0 0.0
497.0 485.0 384.0 336.25 628.0644871348801 590.1602364704096 0.0 0.0
495.5 485.5 383.0 335.5 626.2661175570654 590.1445422940743 0.0 0.0
495.5 485.75 382.5 335.75 625.9604620101816 590.4923758753764 0.0 0.0
496.0 486.5 382.0 336.5 626.0511161239152 591.5358561406889 0.0 0.0
495.5 487.5 381.5 338.25 625.3499020548417 593.3543247412817 0.0 0.0
495.5 519.0 381.0 351.0 625.0449983801167 626.5936489373062 0.0 0.0
520.0 519.75 380.0 360.0 644.2325503753982 632.2500570903455 0.0 0.0
558.0 518.25 383.0 361.5 676.7961411790011 631.8745893056999 0.0 0.0
559.5 518.25 384.0 360.5 678.5988652711264 631.3054932383774 0.0 0.0
559.0 519.75 381.0 360.0 676.4924828099479 632.25024217496 0.0 0.0
558.5 519.5 380.5 361.5 675.7976768234706 632.9000711012758 0.0 0.0
557.5 518.25 380.0 362.25 674.6897435117863 632.3052238885849 0.0 0.0
556.5 518.0 378.5 362.25 673.0190034991758 632.0990413571047 0.0 0.0
555.5 519.25 377.0 362.5 671.3488288512909 633.266794471064 0.0 0.0
491.0 520.0 383.5 362.75 623.0374068180154 634.025081276428 0.0 0.0
489.0 519.25 379.5 362.25 618.986407708035 633.1238803305246 0.0 0.0
491.0 520.0 378.0 360.75 619.6499112148404 632.8827732629339 0.0 0.0
492.0 519.75 376.5 359.5 619.5290620214903 631.9654934109521 0.0 0.0
492.5 521.25 362.0 361.25 611.3803363668326 634.195040741482 0.0 0.0
486.5 520.5 338.0 358.75 592.8886948554007 632.1575369345975 0.0 0.0
480.5 522.0 314.0 361.0 574.3970533439685 634.6692051769961 0.0 0.0
481.0 504.75 314.5 360.75 574.8337623881539 620.4791787962106 0.0 0.0
499.5 490.07142857142856 372.0 312.57142857142856 622.8441920481368 587.1121222893509 0.0 0.0
503.5 493.5 380.5 250.0 631.1064865801186 562.3018590502786 0.0 0.0
502.5 496.92857142857144 384.0 187.42857142857144 632.4274553813925 537.4915958112063 0.0 0.0
502.0 499.0 384.5 233.0 632.3325134483343 557.1215168471809 0.0 0.0
501.5 497.75 384.5 353.5 631.9355543063116 610.5079403488869 0.0 0.0
508.0 509.5 390.5 362.25 640.7451003546432 625.1524796596616 0.0 0.0
511.5 512.5 393.5 363.75 645.3491397133196 628.466829522027 0.0 0.0
509.0 522.5 399.0 359.75 646.7477246915525 634.3728783476736 0.0 0.0
503.0 520.0 402.0 359.5 643.9055593763263 632.1718202474733 0.0 0.0
480.0 521.25 388.5 359.0 617.5217733479146 632.9159364468337 0.0 0.0
469.0 521.5 392.0 358.5 611.2487251252295 632.8385811332977 0.0 0.0
459.5 523.25 395.0 358.75 605.9416249381504 634.423797533797 0.0 0.0
448.0 524.25 392.0 359.0 595.2881952458201 635.388964413611 0.0 0.0
440.5 525.25 389.5 359.0 588.0064415702977 636.2143006363895 0.0 0.0
442.0 524.0 385.5 357.0 586.4931818189586 634.0545487145677 0.0 0.0
444.0 524.25 384.0 355.25 587.0196556844512 633.2777791371847 0.0 0.0
457.0 531.5 389.0 357.0 600.1432686480808 640.2680498984803 0.0 0.0
467.5 532.25 391.5 355.0 609.7780836807411 639.7780901703635 0.0 0.0
477.5 530.5 400.5 356.0 623.2227983995863 638.8789616392648 0.0 0.0
484.0 524.5 405.5 355.0 631.4160795042097 633.344557523551 0.0 0.0
486.0 525.25 405.5 354.5 632.9514847277376 633.6861366203585 0.0 0.0
485.0 523.0 398.0 354.0 627.3993643989083 631.5418264448879 0.0 0.0
485.5 521.75 393.0 354.5 624.6274097689598 630.7880939685467 0.0 0.0
487.0 520.5 391.0 354.25 624.5399522944547 629.6138107139972 0.0 0.0
493.0 520.0 395.0 353.25 631.7258048365545 628.6378967774074 0.0 0.0
507.0 520.0 416.5 353.25 656.1416364361917 628.6378967774074 0.0 0.0
504.5 520.5 417.5 353.0 654.8492544316962 628.9115456617583 0.0 0.0
502.0 520.0 415.0 353.0 651.3295529917684 628.4975506200285 0.0 0.0
499.5 519.0 414.5 353.5 649.0843550725899 627.9518826340302 0.0 0.0
498.0 512.75 413.5 344.75 647.2917874391455 617.8866364498401 0.0 0.0
497.0 507.0 414.0 323.0 646.8424441776313 601.1475112819467 0.0 0.0
497.5 507.75 414.0 321.75 647.2265831994233 601.1100099115899 0.0 0.0
500.0 508.5 414.5 320.5 649.4692063523875 601.0763975395956 0.0 0.0
502.0 507.0 414.5 317.0 651.0101765717645 597.9452735274281 0.0 0.0
503.0 507.5 415.0 320.0 652.0997996832698 599.9639369020462 0.0 0.0
504.5 506.75 417.0 320.25 654.529906517942 599.4627853748848 0.0 0.0
496.0 505.5 398.5 319.25 636.3184695741602 597.8719404515236 0.0 0.0
488.0 507.5 383.0 321.5 620.3491720748655 600.7649349506461 0.0 0.0
487.0 511.0 383.5 323.75 619.871962585823 604.9258563892485 0.0 0.0
487.5 510.75 383.0 324.5 619.9558452018982 605.1164312937407 0.0 0.0
488.0 511.75 384.0 325.0 620.966987850401 606.2285711369921 0.0 0.0
488.5 511.0 384.0 323.5 621.3601246614373 604.7922998611281 0.0 0.0
488.5 512.0 385.0 323.0 621.9786203818597 605.3701934940595 0.0 0.0
489.5 512.75 386.0 323.25 623.3830316484647 606.1378812686085 0.0 0.0
491.5 513.75 388.0 324.0 626.1919865490916 607.3840399175904 0.0 0.0
493.0 516.25 389.375 325.5 628.2212895825393 610.2985874740148 0.0 0.0
495.5 515.5 390.75 325.5 631.035522702179 609.6642518632694 0.0 0.0
498.0 515.5 393.75 326.5 634.8570799587037 610.1987381173449 0.0 0.0
499.5 516.0 396.5 326.0 637.7403907150965 610.3539956451501 0.0 0.0
512.0 516.0 417.25 325.5 660.4905487533435 610.087142270433 0.0 0.0
513.5 515.5 421.0 325.5 664.0206318374355 609.6642518632694 0.0 0.0
514.0 515.0 422.75 325.5 665.5178300778432 609.2415366666984 0.0 0.0
515.0 511.5 423.25 327.0 666.6076981406459 607.0954913931329 0.0 0.0
513.5 508.0 422.5 329.5 664.9731772019198 605.5046108143507 0.0 0.0
496.0 506.5 392.25 351.0 632.357898516171 616.2335783642727 0.0 0.0
494.25 510.5 390.5 357.5 629.899684114688 623.2350683441823 0.0 0.0
493.75 508.5 389.75 359.5 629.0422296701477 622.7459353540576 0.0 0.0
493.0 509.5 389.75 359.0 628.4539113899034 623.2747524638644 0.0 0.0
492.5 507.5 391.0 359.0 628.8385034236205 621.6409064905024 0.0 0.0
503.0 507.5 411.0 360.0 649.5635048057927 622.2189456396311 0.0 0.0
507.0 506.5 419.0 359.5 657.7362102524496 621.1139299704801 0.0 0.0
508.0 505.5 422.75 358.5 660.8945667610858 619.7197060498029 0.0 0.0
509.0 504.5 424.25 357.0 662.6229154135291 618.0366204680333 0.0 0.0
509.5 504.0 424.0 356.5 662.8470788952758 617.3397228189792 0.0 0.0
510.25 503.5 423.75 355.0 663.2639942458925 616.0660135182836 0.0 0.0
510.25 504.5 421.25 354.0 661.6705270509656 616.3087031023958 0.0 0.0
510.0 505.5 417.75 355.0 659.2546630417237 617.7018147638082 0.0 0.0
509.75 509.5 414.5 354.0 657.0054673258288 620.4081973941685 0.0 0.0
498.75 510.5 400.0 355.5 639.3419360350455 622.0857403582266 0.0 0.0
477.625 512.0 327.5625 355.5 579.7933492407112 623.3171996028439 0.0 0.0
478.125 513.0 279.8125 355.0 555.4087674029463 623.8542145025499 0.0 0.0
476.5 513.5 294.0 354.625 561.5986655425974 624.0522192539938 0.0 0.0
488.5 512.75 393.5 354.5 627.2833607963947 623.3641253015089 0.0 0.0
498.5 511.75 405.0 354.5 642.2829599152635 622.5418321417025 0.0 0.0
499.0 511.75 404.5 354.25 642.3563236546934 622.3995870803301 0.0 0.0
497.0 511.75 400.5 354.75 638.291326747093 622.6842128826058 0.0 0.0
497.0 510.5 405.0 355.25 641.1193376805904 621.9428065413961 0.0 0.0
497.0 508.5 405.0 356.75 641.1194508329876 621.1636052992844 0.0 0.0
498.0 507.0 406.5 357.5 642.843709260712 620.3670953736357 0.0 0.0
500.5 505.5 411.0 358.0 647.6274042801083 619.4307196882006 0.0 0.0
502.0 504.25 412.0 358.5 649.421358302422 618.7005200292327 0.0 0.0
503.5 507.75 414.5 356.5 652.1675398239321 620.4165451126748 0.0 0.0
505.5 504.25 416.0 335.25 654.6649906631635 605.5284326647259 0.0 0.0
506.5 501.5 416.0 334.5 655.4374493420406 602.8204701124373 0.0 0.0
506.5 502.5 416.0 331.75 655.4374493420406 602.1392072042131 0.0 0.0
475.0 505.0 390.5 329.0 614.9125179245113 602.7156672167058 0.0 0.0
493.0 505.0 372.0 328.5 617.6044410565589 602.4427358678997 0.0 0.0
494.0 505.0 371.0 329.0 617.8005261331975 602.71683200231 0.0 0.0
493.5 506.0 370.0 326.5 616.8000081063553 602.1945283710239 0.0 0.0
487.0 506.5 368.0 327.25 610.4109344769035 603.0215951149358 0.0 0.0
485.0 507.5 367.0 327.0 608.216985094659 603.7261989863531 0.0 0.0
492.0 509.25 367.5 327.0 614.1011724463649 605.1979682273779 0.0 0.0
498.5 509.25 375.0 326.75 623.8032150565241 605.0629146510084 0.0 0.0
502.5 509.25 388.0 327.5 634.8634968255185 605.4682739715192 0.0 0.0
501.5 508.75 391.0 327.75 635.9114761388707 605.1831380587761 0.0 0.0
500.5 509.0 392.5 328.25 636.047561114733 605.6641863623652 0.0 0.0
504.0 508.5 396.5 329.5 641.2727997682148 605.9229108799782 0.0 0.0
513.0 508.0 415.0 329.25 659.8439376536561 605.3673318835787 0.0 0.0
513.0 507.5 414.0 329.0 659.215447056881 604.811808727413 0.0 0.0
512.5 506.5 412.5 331.0 657.8848683470384 605.064727790076 0.0 0.0
512.0 506.25 413.0 330.75 657.8092428660455 604.7187319207668 0.0 0.0
512.0 506.25 413.0 330.0 657.8092428660455 604.3088136210672 0.0 0.0
513.0 505.75 413.5 329.5 658.9015480327846 603.6168744524916 0.0 0.0
514.5 505.0 414.0 329.5 660.3834113604005 602.9886604659519 0.0 0.0
514.5 504.5 413.5 329.25 660.0700720378103 602.4332795682169 0.0 0.0
514.5 505.25 413.5 328.75 660.0700720378103 602.78894121044 0.0 0.0
514.0 507.25 413.0 328.5 659.3671951812446 604.3304345991558 0.0 0.0
513.5 508.5 411.5 328.5 658.0384884157006 605.3796329577003 0.0 0.0
513.0 508.5 410.5 328.75 657.0230209056605 605.5153644433507 0.0 0.0
514.0 508.75 410.0 329.25 657.4922052769904 605.9968073213201 0.0 0.0
513.0 506.0 408.5 329.0 655.775304506048 603.5548682638305 0.0 0.0
513.0 489.3928571428571 407.0 313.5 654.8419706696968 581.2924120485936 0.0 0.0
513.0 471.25 407.5 293.5 655.1528497097172 555.3260043613566 0.0 0.0
514.5 453.1071428571429 409.0 273.5 657.2604126219683 529.3595966741193 0.0 0.0
542.5 442.25 399.0 303.25 673.9258393303782 537.3999143841841 0.0 0.0
566.5 499.0 387.0 359.75 686.0694206856913 615.2506799940824 0.0 0.0
566.0 506.0 387.5 362.0 685.939307133265 622.1621024709984 0.0 0.0
566.0 507.0 387.5 363.0 685.9390790854816 623.5603150626998 0.0 0.0
566.0 503.5 386.5 360.0 685.3745451561492 618.9619424935337 0.0 0.0
511.0 502.75 397.0 361.75 647.1178717959376 619.3712511579474 0.0 0.0
507.0 501.75 390.0 361.5 639.6478497953251 618.413545754168 0.0 0.0
503.5 499.5 389.5 362.0 636.5712780060003 616.8833153941798 0.0 0.0
502.5 498.0 390.0 362.25 636.0876137916537 615.8158031205894 0.0 0.0
502.0 497.5 390.5 362.5 635.9986983064614 615.5587597456787 0.0 0.0
502.0 495.5 391.0 362.25 636.305768032171 613.7958302234416 0.0 0.0
509.5 493.5 410.0 361.75 653.9804789085972 611.8866899440434 0.0 0.0
509.0 491.5 412.5 361.25 655.1620028664667 609.9785418057347 0.0 0.0
509.0 490.0 412.0 360.5 654.8473104472523 608.3259095282358 0.0 0.0
509.0 488.75 412.5 359.25 655.1620028664667 606.5783108151049 0.0 0.0
509.5 488.5 411.0 358.5 654.6078226304255 605.9327520443172 0.0 0.0
510.5 487.75 406.5 358.25 652.5737506213378 605.1802903279033 0.0 0.0
501.0 486.75 387.5 356.75 633.3725541441318 603.4866426858378 0.0 0.0
499.75 486.5 344.0 356.0 609.3871802281999 602.8419467959619 0.0 0.0
512.0833333333333 485.5 300.0 355.75 597.045991774152 601.887814212583 0.0 0.0
524.4166666666667 485.5 256.0 355.75 584.704803320104 601.8873259719727 0.0 0.0
499.0 485.0 370.0 355.0 621.2094045592421 601.0411702242318 0.0 0.0
510.5 484.75 393.0 354.5 644.2553073334775 600.5437821493636 0.0 0.0
510.0 484.5 383.0 354.25 637.8007614904307 600.1946013018204 0.0 0.0
512.0 485.25 372.0 353.75 632.8770542706767 600.5054096366864 0.0 0.0
515.0 485.0 355.5 353.5 625.7852547290519 600.1560936408675 0.0 0.0
515.0 484.75 338.5 353.25 616.2850395717877 599.806841404747 0.0 0.0
519.5 484.75 325.0 352.75 612.7848317313345 599.5124085704344 0.0 0.0
519.0 484.0 322.5 352.5 611.0382346023563 598.7589971325552 0.0 0.0
516.5 483.5 331.5 353.0 613.7505041362974 598.6496580431259 0.0 0.0
495.0625 483.5 297.25 352.5 577.9157611818571 598.3548278404712 0.0 0.0
505.3125 483.25 346.25 352.75 613.5076295178267 598.3002983674139 0.0 0.0
504.0 483.0 323.5 353.5 600.6007653849019 598.5410702676124 0.0 0.0
503.0 483.25 323.5 354.0 598.1620299172422 599.0380491472836 0.0 0.0
506.0 483.75 355.5 354.5 618.4004157962574 599.7369238215838 0.0 0.0
503.5 484.25 357.5 355.25 617.5099867956455 600.583572771893 0.0 0.0
504.5 483.0 360.0 357.0 619.7748886541285 600.6150922159466 0.0 0.0
504.0 482.25 364.5 358.25 621.9937700652636 600.7567637623285 0.0 0.0
501.0 480.75 364.5 359.75 619.5654110255589 600.4508205552359 0.0 0.0
498.5 472.5 364.5 358.5 617.5456153967998 593.1216569006706 0.0 0.0
498.0 478.17857142857144 365.5 332.17857142857144 617.7331543635974 584.7703127848308 0.0 0.0
498.0 497.75 367.5 299.75 618.918613389515 584.8065885145008 0.0 0.0
497.5 517.3214285714287 368.5 267.32142857142856 619.1111278019872 584.8428642441711 0.0 0.0
500.5 514.25 375.0 276.25 625.4010437932211 584.9681533039809 0.0 0.0
505.5 496.5 382.0 343.5 633.6041820396518 603.7454681354811 0.0 0.0
507.5 512.75 382.5 348.0 635.5018415133867 619.7163549509719 0.0 0.0
507.5 524.75 381.5 348.5 634.900385887424 629.9324024284206 0.0 0.0
508.5 505.0 379.5 353.0 634.5017730471681 616.3140120255321 0.0 0.0
499.5 492.5 362.5 357.0 617.186558224834 608.2808922451811 0.0 0.0
498.5 504.0 349.0 360.0 608.525609789317 619.3823565207433 0.0 0.0
500.0 513.5 337.5 361.0 603.24656795341 627.696915166649 0.0 0.0
502.5 513.5 330.0 361.0 601.170795473945 627.696915166649 0.0 0.0
502.5 512.75 327.0 361.75 599.5291902818411 627.5157610035124 0.0 0.0
502.0 511.5 330.5 361.0 601.0284571540095 626.0617646229734 0.0 0.0
507.0 507.75 350.0 350.25 616.0767190960021 616.8844263897814 0.0 0.0
508.5 504.5 360.5 330.0 623.3258875171334 602.8434843588043 0.0 0.0
509.0 503.75 366.5 329.5 627.2204783132581 601.942132789831 0.0 0.0
508.5 501.75 369.5 331.0 628.5719239760097 601.0943108679986 0.0 0.0
508.5 501.0 372.0 330.5 630.044641275521 600.1927405473032 0.0 0.0
508.5 500.25 373.5 330.0 630.9315829702882 599.2913654768854 0.0 0.0
508.5 500.5 378.0 329.0 633.6062610851643 598.9501402427991 0.0 0.0
508.5 499.75 381.0 327.0 635.4001968156247 597.2262065145908 0.0 0.0
508.0 501.0 382.5 326.0 635.9012577019223 597.7278064787909 0.0 0.0
508.0 502.0 384.5 324.5 637.1062775894808 597.7555996881135 0.0 0.0
501.5 496.25 378.0 325.5 628.0070697404985 593.4768592961502 0.0 0.0
496.0 493.75 367.5 325.0 617.3116737742596 591.1128239456822 0.0 0.0
495.5 493.5 364.5 329.0 615.1265416301467 593.1151464561005 0.0 0.0
496.0 494.75 366.0 332.75 616.4186888795634 596.238316123615 0.0 0.0
496.0 494.75 368.5 333.25 617.9066428666724 596.5175985826465 0.0 0.0
512.5 494.75 405.5 333.0 653.5190242035762 596.3781265661523 0.0 0.0
513.0 500.75 408.0 331.0 655.4639578191924 600.2611704388007 0.0 0.0
513.0 508.75 410.0 328.5 656.7108591724766 605.5931460748932 0.0 0.0
513.5 517.75 410.5 325.75 657.4136084125148 611.7030159109327 0.0 0.0
514.0 520.75 411.5 324.75 658.4287374896955 613.72238095749 0.0 0.0
515.5 535.5 411.5 319.5 659.6003734829642 623.5744368698681 0.0 0.0
516.0 543.0 410.0 317.5 659.0570182067714 629.0115299289246 0.0 0.0
516.5 542.0 408.5 318.0 658.5170110154054 628.4012937441694 0.0 0.0
516.0 498.0 407.0 333.0 657.1949133379374 599.0775774496964 0.0 0.0
515.0 499.25 405.5 332.75 655.4809356317521 599.977607759866 0.0 0.0
514.5 498.75 404.0 333.75 654.1607218413529 600.1180779460619 0.0 0.0
514.5 498.5 403.5 333.0 653.8520474847502 599.4928948259521 0.0 0.0
514.0 498.25 404.5 334.0 654.0766445965388 599.8414426090957 0.0 0.0
513.5 497.75 404.5 333.5 653.6839100600935 599.1471704551655 0.0 0.0
513.5 498.25 405.5 333.5 654.3030643363976 599.5626171115111 0.0 0.0
514.5 498.0 407.0 333.5 656.0177207972358 599.3549260697501 0.0 0.0
514.0 497.5 405.5 333.5 654.6955399267663 598.9394794134045 0.0 0.0
513.0 497.25 403.5 333.5 652.672391020181 598.7318530789098 0.0 0.0
511.5 498.0 401.5 333.5 650.257375728678 599.3548614969266 0.0 0.0
511.5 498.25 400.5 334.5 649.64040436499 600.1194313781741 0.0 0.0
511.0 498.5 398.0 333.5 647.7075685792828 599.7703727260958 0.0 0.0
507.0 499.5 390.0 333.5 639.651430903398 600.6017815491392 0.0 0.0
497.5 499.25 357.5 333.5 612.6276722992645 600.3938971909138 0.0 0.0
497.5 498.75 355.0 333.5 611.17202979194 599.9781927793922 0.0 0.0
497.5 498.75 352.0 333.0 609.4343689028376 599.7006504405367 0.0 0.0
498.5 498.75 349.0 332.5 608.5254719401646 599.4229155869598 0.0 0.0
498.5 497.0 347.5 332.25 607.6665765402382 597.8286271217934 0.0 0.0
498.5 496.25 347.0 331.5 607.3806467117635 596.7883956420578 0.0 0.0
498.5 495.0 350.0 331.0 609.0996777649518 595.4712419588371 0.0 0.0
498.0 495.25 355.5 330.75 611.8696067038838 595.5402968997271 0.0 0.0
494.0 495.75 361.0 332.0 611.8473688404681 596.6507679209383 0.0 0.0
483.0 495.75 259.66666666666663 332.25 550.3214180220559 596.7898538774598 0.0 0.0
481.0 495.25 356.33333333333337 334.0 600.3934791455292 597.352074735471 0.0 0.0
494.5 495.0 357.0 335.0 609.9863446388733 597.7039400907443 0.0 0.0
499.5 495.0 363.5 335.0 617.764508436384 597.7039400907443 0.0 0.0
502.0 495.25 347.0 334.75 610.2565237232625 597.7710644505305 0.0 0.0
503.0 495.5 331.5 335.5 602.4136495449088 598.3982787408399 0.0 0.0
503.0 498.0 333.0 337.0 603.2408962802513 601.3094255243343 0.0 0.0
508.5 505.0 356.5 348.0 621.0199053902131 613.2935809083306 0.0 0.0
505.0 505.0 374.0 347.5 628.4126455134096 613.0105815025732 0.0 0.0
504.0 507.5 391.5 347.75 638.1977634021887 615.2124470706389 0.0 0.0
506.5 506.5 408.5 348.0 650.7087845009257 614.52955232571 0.0 0.0
509.5 507.25 415.0 348.25 657.1266242438721 615.2891562723601 0.0 0.0
510.5 506.75 411.5 347.5 655.7001231797091 614.452465606588 0.0 0.0
512.0 507.0 408.0 347.0 654.6825154954247 614.3761201052255 0.0 0.0
514.5 504.5 404.5 338.0 654.4713246765723 607.2631471539928 0.0 0.0
514.5 515.25 402.0 332.5 652.9279216943262 613.2200509402327 0.0 0.0
506.5 524.0 391.0 328.5 639.8832115842525 618.4592925641173 0.0 0.0
498.0 521.0 370.5 327.25 620.7052996909595 615.2662509475006 0.0 0.0
496.0 521.0 369.5 325.25 618.5034383429877 614.2039738812023 0.0 0.0
495.0 515.0 370.0 325.5 618.0008090609591 609.2415366666984 0.0 0.0
494.5 513.5 369.5 324.5 617.3011100164027 607.4393561048303 0.0 0.0
494.5 508.75 367.0 325.5 615.8083263695967 603.9679348550197 0.0 0.0
504.0 504.5 368.5 326.5 624.346820059654 600.9346886309693 0.0 0.0
507.0 501.0 367.0 326.75 625.88983531935 598.1361010219243 0.0 0.0
509.0 500.5 366.5 327.5 627.2187300768164 598.1276411013303 0.0 0.0
509.5 501.0 373.0 325.75 631.4423273467619 597.5904073557726 0.0 0.0
506.5 501.75 382.0 328.5 634.4023102003835 599.7223262844403 0.0 0.0
500.0 502.0 383.0 329.5 629.8328109776191 600.4783509836137 0.0 0.0
498.5 501.75 388.0 330.75 631.7011511109655 600.9565249995919 0.0 0.0
497.0 502.5 389.0 332.5 631.134023031482 602.546822971025 0.0 0.0
496.0 504.0 387.5 334.75 629.4223117153531 605.0402331134313 0.0 0.0
504.5 505.75 406.5 336.25 647.8918615599996 607.3279551706391 0.0 0.0
504.0 431.0 394.0 365.25 639.729158739061 569.5941903316275 0.0 0.0
506.5 369.0 388.5 368.7857142857143 638.3382372281951 524.7699305509186 0.0 0.0
509.0 385.0 391.0 330.5 641.8426598474115 512.0896737436326 0.0 0.0
509.5 401.0 398.0 292.21428571428567 646.5248214419713 499.4094169363466 0.0 0.0
508.5 437.5 405.0 286.0 650.0751830848926 522.7158133130969 0.0 0.0
508.0 496.75 409.5 333.25 652.4985835490072 598.1788371463131 0.0 0.0
509.5 501.0 411.5 332.0 654.922213102723 601.0230761347023 0.0 0.0
509.5 506.5 411.5 331.5 654.9221285025103 605.338479716951 0.0 0.0
509.0 508.25 407.0 333.75 651.7131270735614 608.0369360577522 0.0 0.0
506.5 510.75 396.0 338.0 642.9296075326847 612.4621379726854 0.0 0.0
505.5 511.75 383.5 338.0 634.5107785287933 613.2963154276999 0.0 0.0
505.5 513.75 376.0 350.75 630.0059219782759 622.1003839665616 0.0 0.0
505.0 515.5 375.0 357.0 629.0094759643218 627.0495882358766 0.0 0.0
481.25 515.5 336.65 355.5 588.4104605384213 626.1960228892601 0.0 0.0
460.25 516.5 269.25 355.75 536.5768819072669 627.1609922713105 0.0 0.0
439.25 517.25 201.85 356.25 484.74330327611233 628.0618035727241 0.0 0.0
489.5 516.75 390.5 355.75 626.2566268699587 627.366423325422 0.0 0.0
500.5 516.5 408.5 355.5 646.0439463772783 627.0187397518514 0.0 0.0
497.5 515.25 400.5 355.5 638.6787877382053 625.9894828645038 0.0 0.0
499.5 514.75 390.5 355.75 634.0281545160092 625.7201818419683 0.0 0.0
505.5 514.0 379.5 356.25 632.1050150082597 625.3880175178448 0.0 0.0
514.5 513.5 381.5 357.5 640.5095673389719 625.6904186576617 0.0 0.0
520.0 513.75 387.5 356.5 648.5032079639475 625.3257087203929 0.0 0.0
517.0 513.75 390.5 355.5 647.9038579791728 624.7554183331895 0.0 0.0
517.5 514.0 395.5 356.25 651.326722927902 625.3885789928052 0.0 0.0
518.0 513.5 401.0 357.375 655.0764507448375 625.6190312094867 0.0 0.0
518.0 513.25 406.5 355.5 658.4575952323582 624.3443222800515 0.0 0.0
539.5 513.25 401.0 354.0 672.5293804247332 623.4916750865191 0.0 0.0
571.0 512.75 387.0 351.0 689.7938260595625 621.3804278721724 0.0 0.0
571.5 513.75 384.0 351.0 688.5266436069346 622.2063655181196 0.0 0.0
570.5 514.25 381.5 352.5 686.3036301451082 623.4681388632008 0.0 0.0
570.5 515.75 379.0 354.0 684.9174722565458 625.5539527505789 0.0 0.0
569.0 515.5 375.5 356.5 681.734002379227 626.764051675523 0.0 0.0
565.0 515.0 371.5 356.5 676.1934278295912 626.3538131312611 0.0 0.0
563.0 514.0 370.0 358.5 673.6980187869829 626.6725902247622 0.0 0.0
563.0 514.0 369.5 360.5 673.4235447627052 627.8287485490512 0.0 0.0
561.5 510.0 369.0 386.5 671.895282407171 639.9081926485239 0.0 0.0
559.0 509.25 370.0 388.5 670.3595592940658 640.521533980668 0.0 0.0
496.5 508.75 368.5 388.5 618.308417530804 640.124078223519 0.0 0.0
497.0 508.5 368.0 388.5 618.4118057347484 639.9253862756188 0.0 0.0
497.5 508.25 367.5 390.0 618.5165007842553 640.6401985852605 0.0 0.0
499.0 508.0 367.5 392.0 619.7235270667073 641.6604683909693 0.0 0.0
499.5 506.5 368.0 396.75 620.4226472582684 643.3918461264245 0.0 0.0
504.0 506.0 379.5 398.75 630.9192796337018 644.2343591469792 0.0 0.0
509.5 506.5 392.5 401.0 643.1536310312443 646.0210961472787 0.0 0.0
510.0 507.0 396.0 401.5 645.6908113541969 646.7234931649866 0.0 0.0
511.0 426.42857142857144 400.5 329.7142857142857 649.2467981193786 539.0924797512167 0.0 0.0
511.0 432.1428571428571 401.0 322.57142857142856 649.555351545323 539.476313457758 0.0 0.0
510.0 437.8571428571429 401.5 315.42857142857144 649.078118829243 539.8601471642994 0.0 0.0
509.0 443.57142857142856 401.5 308.2857142857143 648.2926839869342 540.2439808708407 0.0 0.0
509.0 531.5 400.5 328.0 647.6737218692758 624.5640828483865 0.0 0.0
508.5 509.25 400.0 332.75 646.9716045014663 608.3764592434461 0.0 0.0
508.25 500.5 399.25 336.5 646.3116494558477 603.1026540374162 0.0 0.0
508.75 502.5 399.25 345.0 646.7048219951878 609.5344181336076 0.0 0.0
510.0 499.0 399.0 344.0 647.5345932487895 606.0833410932948 0.0 0.0
570.5 500.5 372.5 343.0 681.3437069129752 606.7534368710094 0.0 0.0
569.25 500.0 372.75 343.0 680.4323112642226 606.341061811577 0.0 0.0
568.25 500.5 373.0 345.0 679.7330956486198 607.8858856726318 0.0 0.0
568.0 500.0 373.25 344.5 679.6613908048137 607.1905957140873 0.0 0.0
567.5 501.0 373.25 343.5 679.243562237034 607.4482117366451 0.0 0.0
567.0 501.0 372.75 344.5 678.5511079790753 608.0142516903173 0.0 0.0
565.75 495.0 372.75 331.5 677.5070072908046 595.7501170216531 0.0 0.0
564.25 492.5 372.75 331.0 676.2548558138689 593.3960033131989 0.0 0.0
564.0 495.5 372.5 326.5 675.908462737374 593.3993619330433 0.0 0.0
564.0 495.0 371.5 323.0 675.3578680966115 591.0618196589508 0.0 0.0
564.0 495.5 371.25 320.5 675.2204129808956 590.1192051253009 0.0 0.0
564.25 496.5 369.5 318.5 674.4691399941419 589.8768321567885 0.0 0.0
564.5 497.0 368.5 318.0 674.1310520210554 590.0282435297543 0.0 0.0
491.75 500.5 356.0 322.0 607.088497196937 595.1363545611667 0.0 0.0
493.0 507.0 354.5 344.0 607.2227060912358 612.6892726610067 0.0 0.0
493.0 509.5 354.25 347.5 607.0766868510032 616.7225232043252 0.0 0.0
408.0 511.0 383.0 347.5 561.1846036119828 617.9621752178688 0.0 0.0
333.0 510.5 414.25 348.5 531.5012918494815 618.1121091448458 0.0 0.0
331.5 511.5 414.25 348.5 530.5615998747462 618.9382037004987 0.0 0.0
330.5 511.0 414.0 349.5 529.7421483973878 619.0890485221007 0.0 0.0
329.0 511.5 414.5 351.0 529.19905187472 620.349296767555 0.0 0.0
328.25 511.75 426.75 351.5 538.4072253165472 620.8384432064081 0.0 0.0
335.5 512.5 461.5 351.5 570.563393884117 621.4567563394899 0.0 0.0
334.5 512.5 461.0 352.75 569.5714133479603 622.1646525710978 0.0 0.0
334.0 513.5 460.0 352.25 568.4681169599576 622.7056728508478 0.0 0.0
333.5 513.75 459.0 352.5 567.3653264180068 623.0532340863307 0.0 0.0
333.5 513.5 460.5 353.0 568.5794456451542 623.1305909794281 0.0 0.0
334.0 512.75 461.0 354.25 569.2776124177026 623.2224332640085 0.0 0.0
335.0 511.25 458.0 355.5 567.4466031310719 622.7014682564779 0.0 0.0
412.3 511.25 354.95 356.25 547.422785000831 623.1297046900518 0.0 0.0
465.5 511.0 292.75 356.75 559.1469831062764 623.2108822731254 0.0 0.0
518.7 510.5 230.55 357.0 570.8711812117215 622.9440183515691 0.0 0.0
509.5 510.25 362.5 357.0 625.3581628502516 622.7391773769939 0.0 0.0
514.0 510.25 383.0 356.75 641.0250849383704 622.5959734859116 0.0 0.0
512.5 510.0 388.5 357.0 643.1088482564586 622.5347258582028 0.0 0.0
515.0 509.5 389.0 357.0 645.4038199599813 622.1249212794723 0.0 0.0
515.0 509.5 397.0 356.5 650.2831803700124 621.8380014119433 0.0 0.0
513.5 509.5 409.0 357.5 656.4783788096029 622.4118411470013 0.0 0.0
515.5 509.5 412.5 357.5 660.22469842487 622.4118411470013 0.0 0.0
515.5 509.75 414.0 358.25 661.1628755625227 623.0475473867044 0.0 0.0
515.5 509.25 415.5 357.75 662.1030886500984 622.3509832050648 0.0 0.0
516.0 509.5 417.0 358.0 663.4343609069508 622.6992993153287 0.0 0.0
517.0 509.5 418.5 357.5 665.1551706438386 622.4118411470013 0.0 0.0
518.5 509.0 420.5 358.0 667.5796962239672 622.2905151776051 0.0 0.0
520.0 508.25 417.5 358.5 666.8629919256279 621.964897132264 0.0 0.0
521.5 509.0 413.5 358.5 665.5408728972486 622.577906771514 0.0 0.0
523.0 509.5 404.5 359.5 661.1749784302149 623.5629716773849 0.0 0.0
500.34375 510.0 362.34375 360.0 618.4211700623439 624.2596950461866 0.0 0.0
509.71875 509.75 333.71875 360.5 611.6728236004558 624.3439223195556 0.0 0.0
519.09375 508.5 305.09375 361.0 604.9244771385677 623.6138415391558 0.0 0.0
528.46875 507.75 276.46875 361.5 598.1761306766795 623.2915317280881 0.0 0.0
550.0 508.0 283.0 361.25 618.8078233124933 623.3503060150726 0.0 0.0
506.0 507.75 369.5 361.25 626.5599742045952 623.1466493094408 0.0 0.0
510.5 506.5 373.5 360.5 632.5854891144545 621.6932523359088 0.0 0.0
507.5 503.5 374.0 344.0 630.4232416530931 609.8031645950844 0.0 0.0
504.5 501.0 363.5 337.0 621.8244950698265 603.796338547751 0.0 0.0
492.71875 501.0 266.65625 335.0 560.2482770418801 602.6823532891754 0.0 0.0
495.59375 501.5 269.28125 335.0 564.0288338410683 603.0981867528936 0.0 0.0
498.46875 502.0 271.90625 333.5 567.8093906402567 602.682608469557 0.0 0.0
501.34375 502.0 274.53125 333.0 571.5899474394448 602.4060255973009 0.0 0.0
504.0 502.0 302.5 332.5 588.2245178349085 602.1298250652061 0.0 0.0
509.0 503.0 348.0 332.0 616.5948204952579 602.6885430091688 0.0 0.0
510.0 504.5 359.0 331.0 623.6834796853991 603.3916015067572 0.0 0.0
503.0 504.5 349.0 330.5 612.2378801868729 603.1173186039347 0.0 0.0
496.6875 505.75 328.84375 329.0 595.9400598856198 603.344322108175 0.0 0.0
490.9375 506.5 311.96875 327.5 582.1009010476289 603.1571716442108 0.0 0.0
485.1875 506.25 295.09375 326.5 568.2617422096379 602.4046238699378 0.0 0.0
479.4375 506.5 278.21875 326.0 554.422583371647 602.3441099326305 0.0 0.0
494.0 506.75 335.5 324.75 597.2705591429437 601.8793170501784 0.0 0.0
512.0 505.5 354.5 323.5 622.7476944077468 600.1520832182065 0.0 0.0
521.0 504.75 362.5 323.25 634.7038626401954 599.3857224435121 0.0 0.0
526.5 504.5 356.5 324.0 635.8417031078783 599.5802089778177 0.0 0.0
527.0 504.75 351.5 324.5 633.467654413953 600.0606892453453 0.0 0.0
527.5 506.75 347.5 326.0 631.6743623102017 602.554266323142 0.0 0.0
525.0 508.0 346.0 326.75 628.7615412096218 604.0112301329665 0.0 0.0
517.5 508.25 342.5 327.0 620.5751449558298 604.3567496085216 0.0 0.0
510.0 508.5 338.5 327.0 612.1131954166385 604.5670542947541 0.0 0.0
510.5 510.0 340.5 328.5 613.6376711314068 606.6421386279633 0.0 0.0
511.5 511.0 344.0 331.0 616.4158931618717 608.8365954835501 0.0 0.0
512.0 512.0 346.5 330.25 618.2283299201888 609.2693219232818 0.0 0.0
512.5 511.75 348.0 331.5 619.4844101577826 609.7379199082109 0.0 0.0
514.5 512.5 354.0 332.5 624.5225377813513 610.9112046770791 0.0 0.0
518.5 512.5 367.5 332.5 635.5301048047154 610.9112046770791 0.0 0.0
521.5 513.5 371.5 332.5 640.2925112790247 611.7503575806065 0.0 0.0
527.0 513.5 373.5 332.5 645.9345295089473 611.7503575806065 0.0 0.0
534.5 481.5 372.5 320.0 651.4955989550476 578.1942870774276 0.0 0.0
535.0 449.125 365.5 311.75 647.9351658242645 546.7413782411178 0.0 0.0
531.0 448.625 357.0 316.08333333333337 639.8517824476783 548.8216658285038 0.0 0.0
524.0 448.125 353.5 320.41666666666663 632.0903955843073 550.9019534158898 0.0 0.0
515.0 414.0 352.0 300.0 623.8020519363495 511.4230934502657 0.0 0.0
503.0 469.5 355.0 353.0 615.657395198066 587.4006214017371 0.0 0.0
474.0 501.75 360.0 335.75 595.2115784243447 603.7300953053514 0.0 0.0
383.20000000000005 500.25 352.45 343.25 585.3854598537068 606.6883432327454 0.0 0.0
264.1333333333333 514.25 342.3833333333333 347.75 573.8766793786706 620.7926152510838 0.0 0.0
145.0666666666667 525.25 332.31666666666666 360.0 562.3678989036346 636.7832433989369 0.0 0.0
26.0 523.25 322.25 363.75 550.8591184285983 637.2634264197968 0.0 0.0
-93.0666666666666 523.75 312.18333333333334 360.75 539.3503379535623 635.9679251338162 0.0 0.0
-212.13333333333333 523.0 302.1166666666667 361.0 527.841557478526 635.4919354327009 0.0 0.0
-331.2 521.75 292.04999999999995 361.25 516.33277700349 634.6060588824578 0.0 0.0
-497.0 523.0 306.25 359.0 585.1667171154379 634.3591966869622 0.0 0.0
-803.0 523.75 393.25 356.5 895.0288189883379 633.5663598144979 0.0 0.0
-682.5 522.0 289.0 355.75 741.2529606257864 631.6977645225911 0.0 0.0
-701.0 521.25 307.0 354.25 765.3713781939794 630.2342452298935 0.0 0.0
-580.0 521.25 297.0 351.75 651.6229916891291 628.8328149287637 0.0 0.0
-550.0 519.5 292.5 349.75 622.9440064982972 626.2632911269332 1.0 0.0
-525.0 518.0 272.5 348.0 591.5079543045108 624.0418032914458 1.0 0.0
-515.0 515.75 270.0 347.0 581.4863261712685 621.6165524540062 1.0 0.0
-503.0 515.75 270.0 346.0 570.8844649292536 621.0590712375695 1.0 0.0
-494.0 516.0 269.5 345.75 562.7312674443674 621.1272861772013 1.0 0.0
-487.0 515.25 269.5 346.0 556.5961809164464 620.6438087339255 1.0 0.0
-478.0 514.5 270.0 346.25 548.9845497715089 620.1607497393038 1.0 0.0
-468.5 514.75 269.0 346.5 540.2344714036165 620.5077211357793 1.0 0.0
-456.5 514.5 269.0 345.5 529.8615993207447 619.7432772712448 1.0 0.0
-442.0 513.75 269.5 345.25 517.6824777266995 618.9807796293185 1.0 0.0
-424.0 513.5 268.0 346.0 501.6009341268129 619.1916100852789 1.0 0.0
-327.046875 513.5 271.0 345.0 523.861488015417 618.6339297133668 1.0 0.0
-193.109375 513.0 275.0 343.25 549.5975236192537 617.2446406595294 1.0 0.0
-59.171875 512.75 279.0 339.5 575.3335592230904 614.9602204557441 1.0 0.0
74.765625 513.75 283.0 336.0 601.0695948269272 613.8711897610187 1.0 0.0
208.703125 515.75 287.0 328.5 626.8056304307639 611.4839389762674 0.0 0.0
342.640625 517.5 291.0 329.25 652.5416660346007 613.362268163616 0.0 0.0
476.578125 518.5 295.0 328.5 678.2777016384374 613.8060778824844 0.0 0.0
610.515625 519.0 299.0 329.25 704.0137372422741 614.6315602558585 0.0 0.0
721.5 519.25 358.5 327.25 805.6916315009696 613.7696993856426 0.0 0.0
634.0 520.0 366.0 332.0 732.2761466263947 616.9475903503472 0.0 0.0
577.0 500.0 366.5 334.25 683.5803653058146 601.493111805145 0.0 0.0
557.0 519.25 366.0 343.75 666.5015393861943 622.7236506154761 0.0 0.0
575.0 518.5 374.0 343.25 685.930925304331 621.8222692732195 0.0 0.0
566.0 517.0 368.5 343.5 675.3881425230145 620.7108374685399 0.0 0.0
563.5 516.5 369.0 342.0 673.5676749753859 619.464502484228 0.0 0.0
560.5 515.25 366.5 343.0 669.6897579607587 618.9767801944522 0.0 0.0
556.0 514.5 366.5 343.75 665.9294232473976 618.76841848225 0.0 0.0
550.5 513.75 372.0 344.75 664.4063687560256 618.7016610101566 0.0 0.0
545.5 512.0 379.0 346.0 664.2374938576921 617.9483567606142 0.0 0.0
542.5 511.5 385.5 349.25 665.5198465247984 619.3614654627759 0.0 0.0
540.0 510.5 388.0 352.0 664.9391589623979 620.0931185364129 0.0 0.0
541.0 511.0 392.0 354.0 668.0906854103564 621.640832222502 0.0 0.0
542.0 512.0 396.5 355.5 671.547774062994 623.3172696784031 0.0 0.0
541.5 512.0 399.0 356.5 672.6242175028387 623.888145720679 0.0 0.0
540.0 511.0 399.0 357.0 671.4172237051112 623.3553873724495 0.0 0.0
540.0 511.5 399.0 360.5 671.4171661682376 625.773532962688 0.0 0.0
538.5 511.5 398.5 364.0 669.9139209910575 627.7973162323128 0.0 0.0
537.0 510.0 395.5 367.5 666.9261669303346 628.6157260197389 0.0 0.0
535.5 509.0 392.0 370.0 663.6447941293927 629.2704869324714 0.0 0.0
534.0 506.5 392.5 372.5 662.7310256137697 628.7311808693437 0.0 0.0
520.0 503.0 373.0 375.75 639.9854414459647 627.8522922552461 0.0 0.0
510.5 508.0 360.0 376.25 624.6681783412661 632.1617085370149 0.0 0.0
510.5 507.75 361.5 377.25 625.5337720699019 632.5574702584051 0.0 0.0
510.0 509.0 362.5 380.75 625.704602827884 635.6508904494634 0.0 0.0
509.0 510.75 363.0 383.0 625.1799740874623 638.4003329276376 0.0 0.0
508.0 512.25 361.0 384.75 623.2055568699282 640.6503157646971 0.0 0.0
508.0 512.75 355.5 386.5 620.035819784878 642.1021978559364 0.0 0.0
507.5 513.25 349.5 386.25 616.2036867494724 642.3509073041026 0.0 0.0
507.0 511.75 341.0 383.75 611.0077589909808 639.6500507861904 0.0 0.0
506.5 509.25 334.0 379.75 606.7112683347814 635.2524561972632 0.0 0.0
506.0 506.75 331.0 383.5 604.6465736761045 635.5067744258209 0.0 0.0
508.0 513.75 328.5 391.25 604.9597094022047 645.7717735964627 0.0 0.0
509.0 510.5 329.0 392.5 606.0709529419802 643.9460381118903 0.0 0.0
510.5 513.75 332.5 393.5 609.2344166783726 647.1358162536451 0.0 0.0
515.5 515.25 347.0 394.75 621.4520466485623 649.085120550342 0.0 0.0
522.0 518.25 375.5 395.25 643.0277886868915 651.7711949396391 0.0 0.0
520.5 517.5 376.5 395.0 642.3960337093395 651.0232398705579 0.0 0.0
520.5 520.25 378.0 394.0 643.2762519504811 652.6081462161471 0.0 0.0
520.0 522.0 378.0 394.0 642.8716823752621 654.0030654181747 0.0 0.0
521.5 520.75 378.0 392.0 644.0855921381878 651.8010165390272 0.0 0.0
520.5 520.5 377.0 390.75 642.6890772371971 650.8501381003236 0.0 0.0
521.0 520.25 376.0 393.5 642.508574741248 652.3079866608127 0.0 0.0
522.5 518.25 378.0 396.0 644.895559586603 652.2269222626737 0.0 0.0
525.0 516.75 380.0 397.0 648.093484038197 651.6444245874052 0.0 0.0
525.5 514.5 381.5 397.0 649.3786751314276 649.8614289229992 0.0 0.0
527.0 513.0 383.0 398.0 651.4737233491368 649.2874575301671 0.0 0.0
527.5 510.75 384.0 408.5 652.4662826537476 654.0195907150472 0.0 0.0
515.0 513.75 359.0 414.0 627.8462225842563 659.8004418834316 0.0 0.0
505.5 515.5 346.0 414.0 612.5736039381261 661.1632611634332 0.0 0.0
503.0 515.5 345.0 415.5 609.9458992402523 662.103131518083 0.0 0.0
503.0 518.0 347.5 415.0 611.3634352821568 663.738727010262 0.0 0.0
503.5 517.0 349.5 420.0 612.9131259811622 666.1050888847026 0.0 0.0
506.5 518.25 357.5 445.0 619.9613736324966 683.0876412398969 0.0 0.0
514.0 516.75 378.0 443.25 638.0282813084164 680.8092906561242 0.0 0.0
513.5 512.75 380.5 426.25 639.1107396156617 666.7881875533832 0.0 0.0
510.5 510.0 381.5 425.0 637.3009493167259 663.8724571429689 0.0 0.0
506.0 506.5 383.0 426.25 634.6062488349078 661.9906161720728 0.0 0.0
437.0 505.0 322.5 425.5 543.5420190081594 660.3602540899678 0.0 0.0
318.64285714285717 503.0 254.85714285714283 426.25 422.75076668324886 659.3166082347954 0.0 0.0
209.5 502.5 236.0 427.0 343.1473014315741 659.4205350726589 0.0 0.0
100.35714285714286 505.75 217.14285714285717 428.5 263.54383617989924 662.8690374773573 0.0 0.0
20.5 452.92857142857144 203.0 383.7142857142857 204.04217609008924 593.9200050253718 0.0 0.0
38.0 438.6428571428571 183.5 346.57142857142856 187.3953590702252 560.1478052229243 0.0 0.0
38.0 424.3571428571429 184.0 309.42857142857144 187.88549463595055 526.3756054204766 0.0 0.0
46.5 410.07142857142856 188.0 272.2857142857143 193.78552186783236 492.6034056180291 0.0 0.0
152.5 450.0 148.5 340.5 212.860742735114 564.3281219420137 0.0 0.0
151.0 486.0 144.0 356.5 208.6554762736221 602.7342188100565 0.0 0.0
153.5 492.5 151.0 361.5 215.32243256637037 611.0012652588022 0.0 0.0
160.5 479.0 159.5 367.0 226.2752751011452 603.4322298675102 0.0 0.0
167.0 491.0 166.5 413.5 235.82275945265738 641.945059691195 0.0 0.0
170.0 496.5 172.0 415.5 241.83489781090225 647.4199927637424 0.0 0.0
173.0 497.25 175.0 417.5 246.07748646640675 649.2796840249412 0.0 0.0
176.0 497.0 176.0 416.75 248.9018380813051 648.6058889626613 0.0 0.0
176.5 496.75 173.5 415.75 247.4967214792041 647.7721428270518 0.0 0.0
148.5 498.0 184.5 414.5 238.91927939518013 647.9311273955125 0.0 0.0
54.0 500.5 212.5 412.5 219.31316496532705 648.5811777812331 0.0 0.0
57.5 501.75 209.0 413.25 216.76671456364215 650.0239338414524 0.0 0.0
58.0 503.0 206.5 417.0 214.4909551330623 653.3745226322877 0.0 0.0
56.5 502.5 207.5 418.0 215.05464421862644 653.6287787993108 0.0 0.0
57.0 503.5 212.5 417.5 220.01610088362276 654.0784370835258 0.0 0.0
56.5 503.25 217.5 419.5 224.71874822488786 655.1647412092374 0.0 0.0
118.5 502.75 251.5 419.0 280.6029009065908 654.4607387764012 0.0 0.0
371.0 502.5 334.5 417.5 501.1842322578537 653.3090403257751 0.0 0.0
496.5 501.25 351.0 416.5 608.040547382796 651.7085562159709 0.0 0.0
498.0 495.75 352.0 414.0 609.8426143922965 645.8851658143097 0.0 0.0
499.5 437.08333333333337 351.5 334.25 610.7802387111096 552.7902665784366 0.0 0.0
503.0 421.41666666666663 352.0 253.25 613.9324067028878 500.67494676520295 0.0 0.0
502.5 405.75 352.0 172.25 613.5228194615095 448.55962695196934 0.0 0.0
504.0 416.125 363.0 167.25 621.1320777339845 453.88200107447517 0.0 0.0
507.0 482.25 373.0 335.25 629.4267232966837 587.3314229179615 0.0 0.0
507.0 476.0 371.0 337.25 628.2436527200375 583.3778093271737 0.0 0.0
509.5 486.5 370.0 342.0 629.674717612197 594.6816748148012 0.0 0.0
506.5 485.0 366.5 338.5 625.1917018694917 591.4456208666875 0.0 0.0
410.8571428571429 486.0 355.0357142857143 345.0 551.7337804139022 596.0140808641864 0.0 0.0
268.2857142857143 491.0 311.17857142857144 343.75 449.3200761014631 599.3714299654955 0.0 0.0
125.7142857142857 492.25 267.32142857142856 348.75 346.9063717890241 603.2719027065675 0.0 0.0
-16.85714285714289 495.75 223.46428571428572 354.75 244.49266747658504 609.6038387418423 0.0 0.0
-52.0 497.0 239.0 358.5 244.59269109143725 612.8061801579256 0.0 0.0
-61.5 498.0 238.5 358.0 246.3122056179717 613.3253622670434 0.0 0.0
-60.5 498.75 235.0 357.5 242.67369767909986 613.6430668015598 0.0 0.0
-55.5 500.25 239.0 358.0 245.35971517928192 615.1537073512217 0.0 0.0
-51.0 499.25 233.5 357.75 239.00534040715456 614.1952024256911 0.0 0.0
-58.0 499.5 247.0 357.0 253.72416742048526 613.962724149934 0.0 0.0
-53.5 499.0 246.0 385.5 251.7880367495763 630.9100770977642 0.0 0.0
-49.0 497.5 247.5 417.25 252.30481328432802 649.3116434911096 0.0 0.0
-23.0 497.75 287.0 417.25 289.29494210044595 649.5018349787892 0.0 0.0
-11.0 497.75 368.0 414.5 368.1656820887391 647.7386340905506 0.0 0.0
3.0 497.5 371.5 414.25 371.51244388718794 647.3865533122873 0.0 0.0
1.0 497.75 371.5 414.0 371.50168236252796 647.4187887735552 0.0 0.0
-1.5 498.25 372.5 415.5 372.50302012742634 648.7629479445546 0.0 0.0
-5.0 498.75 375.5 415.5 375.53361147017654 649.1470270585123 0.0 0.0
-68.5 500.0 398.5 415.25 404.3469329242294 649.9482763488468 0.0 0.0
-75.5 500.5 400.0 415.5 407.06337483091636 650.4925841232944 0.0 0.0
-76.0 499.0 399.5 423.0 406.66498276049134 654.1645887829654 0.0 0.0
-74.5 499.5 399.0 425.0 405.89565615914717 655.8397264378348 0.0 0.0
18.5 499.25 375.5 427.0 375.96964705791174 656.9477262202515 0.0 0.0
31.0 498.5 371.0 429.25 372.2960657906974 657.8435494129319 0.0 0.0
36.5 498.25 369.0 431.75 370.80082581137276 659.2887521134406 0.0 0.0
37.5 498.0 367.0 432.5 368.91090060231875 659.5909717393046 0.0 0.0
38.5 498.25 367.0 433.0 369.0138886275149 660.1076488306912 0.0 0.0
195.5 500.0 379.0 432.5 430.82940550694707 661.1023801181229 0.0 0.0
422.25 495.0 375.0 393.0 565.2802766266725 632.6168105747911 0.0 0.0
481.0 494.5 369.25 361.25 606.3890474888697 612.3999421366461 0.0 0.0
486.0 491.0 371.5 354.0 611.7257083063262 605.3073705205325 0.0 0.0
487.0 490.0 374.25 352.0 614.1922124462463 603.3275767790435 0.0 0.0
485.5 491.5 372.5 358.0 611.9368083095526 608.0594231246374 0.0 0.0
486.5 491.0 372.0 353.0 612.4265547432399 604.7359490138651 0.0 0.0
516.5 499.5 381.0 357.5 641.8202630020339 614.2576425645864 0.0 0.0
517.25 499.0 383.25 362.0 643.761163944464 616.4778990361293 0.0 0.0
519.25 500.0 385.75 362.5 646.857290961817 617.581036085767 0.0 0.0
520.5 487.0 387.5 355.0 648.9042000556124 602.6558018427213 0.0 0.0
520.25 482.5 388.25 328.1071428571429 649.1519447831504 584.7033652967102 0.0 0.0
519.75 490.5 389.0 302.25 649.2005584639076 577.9706332079304 0.0 0.0
519.75 498.5 389.0 276.39285714285717 649.2003737295081 571.2379011191505 0.0 0.0
519.0 500.0 389.25 298.5 648.7500308285173 583.5605842984888 0.0 0.0
518.5 500.5 388.75 366.5 648.0500154178226 620.3407782275724 0.0 0.0
517.0 504.0 385.0 367.0 644.6038789972663 623.462161724212 0.0 0.0
517.5 514.0 385.0 361.5 645.0052243588217 628.4448279995066 0.0 0.0
518.0 507.0 384.25 367.0 644.9589931273233 625.8897856430065 0.0 0.0
517.5 511.0 382.5 368.0 643.5157426220885 629.7182318848418 0.0 0.0
502.75 510.0 354.5 368.0 615.284944176213 628.9069883536039 0.0 0.0
491.375 510.5 318.75 368.5 586.0076822925801 629.6050450217883 0.0 0.0
492.54166666666663 511.5 302.41666666666663 369.5 578.3701999042703 631.001198620633 0.0 0.0
493.70833333333337 513.5 286.08333333333337 373.0 570.7327175159605 634.6741970088199 0.0 0.0
493.0 514.0 337.25 372.0 597.3341311415213 634.4919904425506 0.0 0.0
516.0 516.0 354.25 371.5 625.8986061958377 635.8210555282703 0.0 0.0
519.0 518.0 356.0 371.5 629.3674272820931 637.4452251664034 0.0 0.0
521.25 518.0 357.75 371.0 632.2092051134625 637.1538275801221 0.0 0.0
514.0 517.75 358.0 371.25 626.4086192639655 637.0963401991892 0.0 0.0
492.5 517.5 351.0 370.25 604.7786898407511 636.3107368567821 0.0 0.0
492.5 518.0 349.0 370.0 603.6217304601075 636.5721361004532 0.0 0.0
494.5 517.75 347.5 368.75 604.3894296270638 635.6427822022321 0.0 0.0
494.0 518.0 348.0 368.25 604.2682210046956 635.5565309376528 0.0 0.0
495.0 517.5 346.0 367.5 603.9380497572179 634.7145137481867 0.0 0.0
495.0 516.25 345.5 367.0 603.651664369587 633.4059389380965 0.0 0.0
495.5 516.75 345.0 366.5 603.775827604915 633.5243623711322 0.0 0.0
496.0 517.0 344.5 366.0 603.9009284274894 633.4390262685115 0.0 0.0
496.5 515.25 341.5 365.75 602.6072168390922 631.8672959282967 0.0 0.0
509.5 507.25 361.0 352.75 624.453935072645 617.8471773735864 0.0 0.0
512.5 505.0 370.0 350.0 632.1046195053474 614.4306307468728 0.0 0.0
513.5 505.0 373.0 349.0 634.6747954410076 613.8615479079953 0.0 0.0
514.0 504.25 374.0 348.0 635.6666473408388 612.6765266441497 0.0 0.0
513.5 502.75 374.5 344.0 635.5569708507736 609.1746251464625 0.0 0.0
512.5 503.0 374.5 347.5 634.749291434002 611.3635736858395 0.0 0.0
511.0 503.0 377.5 349.5 635.3192051537835 612.5025866076844 0.0 0.0
510.5 496.5 379.5 346.0 636.106236465482 605.1686695695169 0.0 0.0
509.5 484.5 379.5 338.15 635.3034707917154 590.836047920982 0.0 0.0
508.5 474.5 381.5 330.35 635.7001336811879 578.173124092764 0.0 0.0
508.5 464.5 382.0 322.55 636.0001965408501 565.5102002645463 0.0 0.0
508.0 454.5 382.5 314.75 635.9011399089717 552.8472764363282 0.0 0.0
507.5 444.5 381.0 306.95 634.600070910806 540.1843526081104 0.0 0.0
507.5 491.5 381.5 338.0 634.9005116830057 596.5035737457331 0.0 0.0
552.5 509.5 367.5 354.5 663.9450693401553 620.6935762436408 0.0 0.0
569.0 517.5 354.5 352.25 670.396357085586 626.00840086889 0.0 0.0
567.5 519.75 354.5 352.25 669.1236806450657 627.869941337725 0.0 0.0
567.5 518.5 355.0 354.0 669.3887136783828 627.840107536511 0.0 0.0
567.0 515.75 355.0 359.0 668.9648720224403 628.3984495438632 0.0 0.0
567.0 516.75 356.5 364.25 669.7624394554862 632.2262126116627 0.0 0.0
567.5 515.75 356.5 367.0 670.1854221034654 632.9993861718772 0.0 0.0
548.6 516.0 352.45 369.0 652.089153471485 634.363590861378 0.0 0.0
579.0 515.5 382.25 372.0 693.8729552205863 635.7080597736701 0.0 0.0
609.4 514.75 412.05 368.5 735.6567569696875 633.056657415297 0.0 0.0
546.875 514.5 330.625 369.5 639.4246204638891 633.4354742197503 0.0 0.0
523.5 512.75 331.0 372.75 619.4310318312862 633.9208885803962 0.0 0.0
522.0 512.5 343.5 369.5 624.8997089739253 631.812086625989 0.0 0.0
507.5 502.0 352.0 363.5 617.625675222888 619.7946706774119 0.0 0.0
504.0 481.5 355.5 350.90625 616.7627850789374 595.8052011534712 0.0 0.0
505.0 467.5 354.5 338.78125 617.0052005236519 577.3554450884117 0.0 0.0
506.0 453.5 353.0 326.65625 616.9644088930314 558.9056890233522 0.0 0.0
506.5 439.5 354.5 314.53125 618.2334366557976 540.4559329582928 0.0 0.0
507.5 454.08333333333337 354.0 350.5 618.7667169458939 573.629269074185 0.0 0.0
525.5 478.41666666666663 384.5 362.5 651.1742189388818 600.2477585730054 0.0 0.0
526.0 498.5 381.5 356.5 649.7832425997431 612.8704032763292 0.0 0.0
525.0 501.0 379.5 354.25 647.8003261901051 613.5911257894547 0.0 0.0
525.5 498.5 378.0 353.25 647.3290577569308 610.9749310040439 0.0 0.0
526.5 501.0 376.5 353.25 647.2670742538455 613.014522667102 0.0 0.0
526.5 499.25 375.0 354.75 646.3955938379484 612.4528817106645 0.0 0.0
527.0 500.25 377.5 354.5 648.2556711841171 613.1253378455818 0.0 0.0
518.5 504.75 368.5 353.5 636.1244445549953 616.2266844962899 0.0 0.0
508.5 505.5 352.0 354.0 618.4467794499383 617.1274301687057 0.0 0.0
509.5 500.5 352.5 357.0 619.5540140191047 614.7757832096668 0.0 0.0
509.0 501.25 353.5 358.0 619.7122972367945 615.9672320216396 0.0 0.0
508.5 506.75 355.0 361.0 620.1590521793582 622.1870005427967 0.0 0.0
515.0 507.0 373.0 363.0 635.9364451972474 623.5528568421038 0.0 0.0
520.5 506.25 390.0 364.25 650.4000769254947 623.6731682862128 0.0 0.0
521.0 505.75 394.0 363.75 653.205362831721 622.9745153316842 0.0 0.0
520.0 506.5 395.5 357.5 653.3148238628296 619.9585333970199 0.0 0.0
520.5 506.5 397.0 360.5 654.6214554992832 621.6992642329928 0.0 0.0
520.0 505.5 399.5 362.5 655.7441629242649 622.042269385068 0.0 0.0
519.0 505.0 400.5 356.5 655.561901495402 618.1563313596326 0.0 0.0
517.5 505.0 399.5 356.0 653.7633426129678 617.8682440502199 0.0 0.0
516.0 504.5 397.0 356.5 651.0492738960713 617.7479933274178 0.0 0.0
516.5 503.5 396.0 355.5 650.8365836135829 616.3542675835592 0.0 0.0
517.0 504.5 395.0 355.25 650.625973855239 617.0275964973094 0.0 0.0
519.0 505.25 392.0 354.75 650.4038431524175 617.353420890845 0.0 0.0
520.5 505.0 393.0 353.75 652.2034504458871 616.57454512817 0.0 0.0
522.0 491.0 395.0 363.0 654.6059883624653 610.6154378748988 0.0 0.0
521.5 491.5 395.5 361.0 654.5094279576278 609.8305092400675 0.0 0.0
520.0 491.5 393.5 359.0 652.1061332085795 608.6487471370658 0.0 0.0
520.0 492.0 391.0 358.0 650.6004918534876 608.4637101290476 0.0 0.0
521.0 492.25 390.0 358.25 650.8002765826087 608.8129819347132 0.0 0.0
513.5 492.0 373.0 358.75 634.7785064586874 608.9052498581063 0.0 0.0
508.0 491.5 355.0 358.25 619.7492310758105 608.2068390389685 0.0 0.0
505.5 492.0 352.0 358.5 615.9824117922269 608.7579568268492 0.0 0.0
504.5 492.25 351.5 358.5 614.8760163473557 608.9600431564581 0.0 0.0
505.0 492.5 350.0 357.5 614.4306307468728 608.574153246751 0.0 0.0
504.5 492.0 350.0 357.25 614.0198846706658 608.0226729896888 0.0 0.0
503.5 491.5 348.5 356.0 612.3435873953479 606.8840498810296 0.0 0.0
503.5 493.75 348.5 357.5 612.3434493811459 609.5861903266937 0.0 0.0
504.0 496.25 347.5 357.5 612.1864503564253 611.6129330477204 0.0 0.0
514.0 496.75 359.5 359.75 627.2697525931274 613.3359216121116 0.0 0.0
519.5 496.75 372.5 358.25 639.247035012037 612.4573752422025 0.0 0.0
520.5 497.25 376.0 359.0 642.1031181011872 613.3013809825876 0.0 0.0
520.5 499.5 376.0 360.75 642.1029901814817 616.1500511424464 0.0 0.0
521.0 499.5 376.5 361.5 642.8012245116829 616.5894792598481 0.0 0.0
522.0 499.0 378.0 362.25 644.4910053730646 616.6252397190636 0.0 0.0
522.0 499.5 382.5 362.0 647.1401800702951 616.8827571669465 0.0 0.0
522.0 498.5 384.5 361.5 648.3243108720903 615.7795972380043 0.0 0.0
523.0 504.75 387.0 367.5 650.6136807248915 624.3627780232985 0.0 0.0
522.0 505.25 389.0 365.25 651.0035660018921 623.4474656170012 0.0 0.0
522.0 508.0 392.0 365.0 652.800244985362 625.5317571700955 0.0 0.0
523.0 510.5 392.5 363.5 653.9000381994456 626.6926839876068 0.0 0.0
523.0 512.0 392.5 363.5 653.9000305857157 627.9142059230703 0.0 0.0
523.0 514.0 391.5 364.0 653.3003981480449 629.8349219130921 0.0 0.0
509.0 516.0 367.5 364.0 627.8237794803259 631.4681529404324 0.0 0.0
509.0 518.0 361.0 364.5 624.0209662604641 633.3910719294992 0.0 0.0
509.5 519.0 360.0 364.5 623.8511556107836 634.2091531979021 0.0 0.0
509.0 518.75 358.5 364.5 622.577906771514 634.004600265722 0.0 0.0
509.0 518.5 357.5 363.75 622.0026125347064 633.3693152259996 0.0 0.0
508.0 518.25 356.0 363.25 620.3226319111359 632.8773548256378 0.0 0.0
506.0 529.75 352.5 353.75 616.6790694108173 637.1535365715814 0.0 0.0
502.0 501.0 345.0 336.5 609.1238734143288 603.5177971084115 0.0 0.0
496.1666666666667 498.75 331.75 335.25 597.0128730248091 600.9530070875428 0.0 0.0
495.05555555555554 498.0 321.41666666666663 335.5 590.5126090712914 600.4705969675204 0.0 0.0
493.94444444444446 497.75 311.08333333333337 334.25 584.0123451177737 599.5652728879361 0.0 0.0
492.8333333333333 498.0 300.75 333.25 577.512081164256 599.2159865555993 0.0 0.0
496.5 497.0 308.0 333.0 584.3662565554816 598.246171080559 0.0 0.0
505.0 497.5 348.5 332.5 613.5800674428215 598.3834963992847 0.0 0.0
507.5 499.0 356.0 331.5 619.9202976343538 599.0770622794998 0.0 0.0
515.5 499.0 373.0 331.5 636.2933867049969 599.0770622794998 0.0 0.0
509.5 497.75 366.0 331.5 627.332657432426 598.0363578716224 0.0 0.0
509.5 497.25 363.0 331.5 625.5878177700617 597.6201399976171 0.0 0.0
508.0 498.0 362.5 331.5 624.0755162638573 598.2443704396067 0.0 0.0
508.0 498.25 362.0 332.0 623.7853523487886 598.7297973294064 0.0 0.0
508.0 498.0 360.5 332.5 622.9160587655408 598.799006345201 0.0 0.0
513.5 497.75 367.0 332.0 631.1693139102847 598.3137723422942 0.0 0.0
518.0 497.25 371.5 333.0 637.4450956749138 598.4537325730133 0.0 0.0
518.0 497.25 370.5 332.75 636.8633382117816 598.3148888149377 0.0 0.0
516.5 496.75 367.5 332.25 633.9008557101993 597.6211302628618 0.0 0.0
515.0 469.25 365.0 336.25 631.2289712277324 577.587283389503 0.0 0.0
513.0 441.42857142857144 362.0 335.3928571428571 627.8639716492867 554.4200557031469 0.0 0.0
513.5 440.0 361.5 329.25 627.984607420012 549.5963204556856 0.0 0.0
513.5 438.57142857142856 361.0 323.1071428571429 627.6967818939332 544.7725852082242 0.0 0.0
514.0 454.625 361.5 324.25 628.3933879346599 558.4804404474344 0.0 0.0
519.5 509.75 367.0 344.5 636.0589509966375 615.2442290407836 0.0 0.0
527.5 496.5 380.0 355.25 650.1206092312705 610.5037544294303 0.0 0.0
527.0 498.75 382.5 356.25 651.1798906600234 612.9160087715968 0.0 0.0
527.5 476.75 386.5 362.0 653.9409463066679 598.6116391453509 0.0 0.0
528.5 486.75 390.5 360.25 657.1169315373011 605.5822998715471 0.0 0.0
528.0 502.75 392.0 357.25 657.6079083817583 616.7537091079269 0.0 0.0
528.5 503.0 393.5 358.0 658.9042066190988 617.3920958353775 0.0 0.0
529.0 503.25 396.0 357.5 660.8002723970383 617.3063401958304 0.0 0.0
529.5 502.5 396.0 357.5 661.2006803335009 616.6949537543403 0.0 0.0
530.0 500.75 397.0 357.25 662.2001886552789 615.1248112756077 0.0 0.0
522.5 499.5 391.5 358.0 652.9028187659642 614.5443326123964 0.0 0.0
509.5 499.5 384.0 361.5 638.0017709015494 616.5894792598481 0.0 0.0
509.0 498.25 382.5 361.5 636.7004081778239 615.5773765237194 0.0 0.0
510.0 497.5 382.0 361.0 637.2001255492657 614.6766741706501 0.0 0.0
500.0 498.5 382.0 360.5 629.2442201627991 615.1930591285958 0.0 0.0
493.0 496.75 384.5 362.25 625.2113702814083 614.8054546023275 0.0 0.0
491.5 495.75 384.0 360.75 623.7212919245262 613.1138785170002 0.0 0.0
491.0 496.5 382.5 359.0 622.4044103314179 612.6935728154642 0.0 0.0
488.5 496.5 382.0 357.75 620.1260012075011 611.9621579517029 0.0 0.0
488.0 495.5 381.5 356.75 619.4242042668257 610.5660108968884 0.0 0.0
488.0 496.5 381.5 355.0 619.4241277186416 610.3584319299258 0.0 0.0
487.5 497.25 380.5 354.0 618.4145050045317 610.3886237112432 0.0 0.0
487.5 498.75 380.5 354.5 618.4145050045317 611.900319738972 0.0 0.0
487.5 499.5 380.5 354.75 618.4145050045317 612.6563914992191 0.0 0.0
500.5 499.25 368.5 356.0 621.7814671977449 613.1781819726101 0.0 0.0
511.5 499.0 355.5 357.5 622.9065063714834 613.8464101096693 0.0 0.0
509.0 497.75 354.5 358.75 620.2832139516618 613.5610763720762 0.0 0.0
508.0 497.5 353.5 360.5 618.8911455175296 614.3830238540124 0.0 0.0
508.0 497.5 354.0 362.0 619.1770088449329 615.2645069047176 0.0 0.0
508.5 496.25 354.0 363.0 619.5871609386367 614.844180482406 0.0 0.0
507.5 495.0 354.5 364.0 619.0530413610204 614.4275077331934 0.0 0.0
508.0 494.5 356.0 364.5 620.3225631386571 614.3221578066077 0.0 0.0
518.5 494.25 366.0 366.0 634.6679943148158 615.011484877597 0.0 0.0
528.0 494.5 387.0 367.0 654.6397197169038 615.807933698826 0.0 0.0
527.0 494.5 387.5 367.5 654.129383226285 616.1059162189566 0.0 0.0
526.5 494.5 388.0 368.5 654.0231265024196 616.7029268618725 0.0 0.0
526.5 494.5 388.0 368.5 654.0231265024196 616.7029268618725 0.0 0.0
524.5 493.5 387.5 368.5 652.1170050489127 615.9016625854808 0.0 0.0
523.5 492.75 388.5 368.25 651.9084205522646 615.15099564246 0.0 0.0
523.5 493.25 388.5 367.75 651.9084205522646 615.2525882915713 0.0 0.0
524.5 493.5 388.0 367.5 652.4141789872217 615.3035836073117 0.0 0.0
524.0 492.5 386.0 367.0 650.8242174810712 614.2029702388397 0.0 0.0
523.0 492.0 386.5 366.5 650.3162692106049 613.5033326872758 0.0 0.0
523.0 492.25 388.0 366.75 651.2103784677474 613.8531969352343 0.0 0.0
528.0 492.0 391.0 367.25 657.0130739644454 613.9516289063249 0.0 0.0
511.29166666666663 493.25 357.04166666666663 366.5 623.7932711826818 614.5061714351184 0.0 0.0
510.45833333333337 498.5 335.20833333333337 365.5 611.255048764996 618.1363118277392 0.0 0.0
509.625 499.25 313.375 366.0 598.7168263473103 619.0368035219785 0.0 0.0
510.0 500.75 312.0 367.5 597.9922024690063 621.1336485894017 0.0 0.0
513.5 503.0 348.5 367.75 620.592056023923 623.0963578788882 0.0 0.0
524.0 503.75 353.5 369.0 632.0970859648412 624.4398164153763 0.0 0.0
517.0 505.25 372.0 368.75 636.9247623093856 625.5031950546972 0.0 0.0
519.0 506.25 375.5 369.0 640.5954005528581 626.4584012100788 0.0 0.0
509.5 496.75 365.0 362.0 626.7497530804006 614.6865998759876 0.0 0.0
503.0 487.27272727272725 356.5 366.8636363636364 616.5235308697943 610.0074439733423 0.0 0.0
501.5 481.6363636363636 352.0 368.6818181818182 612.7041843228749 606.677233245043 0.0 0.0
501.5 476.0 353.5 370.5 613.5671658555 603.3470225167437 0.0 0.0
499.0 470.3636363636364 350.5 372.3181818181818 609.7961051564503 600.0168117884443 0.0 0.0
503.5 464.72727272727275 356.5 374.1363636363636 616.9317324072799 596.686601060145 0.0 0.0
521.0 467.0 380.0 375.5 644.8577639686064 599.2544043240034 0.0 0.0
519.0 490.0 380.0 362.5 643.2426935081336 609.5154850424094 0.0 0.0
518.5 500.0 380.0 362.0 642.8392190934981 617.2885272996097 0.0 0.0
518.0 505.5 381.0 360.0 643.0279931698153 620.5951803271062 0.0 0.0
521.0 499.75 384.0 357.5 647.2225954048375 614.4561283418218 0.0 0.0
522.5 500.75 386.0 362.0 649.6170110442126 617.8953224026561 0.0 0.0
523.5 501.75 386.5 358.5 650.7185168694839 616.6700912553839 0.0 0.0
524.5 502.25 387.0 355.5 651.8199606676362 615.3335139265096 0.0 0.0
527.0 502.75 388.5 354.25 654.7222779066815 615.020931640714 0.0 0.0
528.5 503.25 389.0 354.75 656.2265903237899 615.7176677377819 0.0 0.0
529.0 503.5 389.0 354.5 656.629271354849 615.7779632302539 0.0 0.0
528.5 505.0 389.5 359.5 656.5231618196283 619.8913889406301 0.0 0.0
528.5 505.25 390.0 351.75 656.8198002496575 615.6344257060871 0.0 0.0
529.0 504.5 389.5 355.75 656.9256046159261 617.322428607767 0.0 0.0
528.5 504.75 390.5 352.0 657.1168756675393 615.3672630612446 0.0 0.0
507.0 503.75 366.0 355.75 625.3131786731725 616.7109634130252 0.0 0.0
503.5 502.25 360.0 354.25 618.9611552581691 614.61993261197 0.0 0.0
504.0 501.5 359.5 357.5 619.0769338297139 615.8802643371519 0.0 0.0
504.5 500.5 359.0 356.0 619.1941666085846 614.1957473071834 0.0 0.0
503.5 501.0 358.0 355.5 617.7995224990061 614.3137095343901 0.0 0.0
504.0 501.5 357.5 355.25 617.9176725098579 614.5769716779732 0.0 0.0
504.0 501.5 358.0 356.25 618.2072194358277 615.1555527170508 0.0 0.0
512.5 498.0 368.5 360.75 631.2365836012025 614.9346068942207 0.0 0.0
526.0 499.0 392.5 362.75 656.3019582053446 616.9186820364112 0.0 0.0
526.0 499.0 394.0 364.0 657.2001217285341 617.654829218499 0.0 0.0
526.0 498.25 394.0 365.25 657.2001217285341 617.7868790260255 0.0 0.0
526.5 497.5 394.0 366.0 657.6004408032575 617.6263739439582 0.0 0.0
527.0 497.0 394.0 365.75 658.0007598779807 617.0754435585998 0.0 0.0
527.0 497.0 394.0 365.75 658.0007598779807 617.075706366368 0.0 0.0
527.0 497.0 393.0 364.25 657.4024642484998 616.1878191264984 0.0 0.0
527.0 496.5 393.0 342.0 657.4024642484998 602.8899289406381 0.0 0.0
527.0 497.25 392.0 341.0 656.8051461430551 602.9416521696933 0.0 0.0
527.0 497.25 391.0 341.0 656.2089310895151 602.9416521696933 0.0 0.0
527.0 497.0 390.0 341.0 655.6134531871658 602.7355721878637 0.0 0.0
528.0 496.75 389.5 340.75 656.1206062912519 602.387952907784 0.0 0.0
527.0 496.25 389.0 341.0 655.0192072206041 602.117166792277 0.0 0.0
499.0 496.5 347.0 340.75 607.7910891421985 602.1819091228826 0.0 0.0
501.5 507.75 352.0 345.0 612.7040597907455 613.86912543291 0.0 0.0
503.5 508.5 352.5 350.0 614.6288166287493 617.3112732926277 0.0 0.0
501.0 503.5 347.5 353.0 609.7189926515329 614.9227227436047 0.0 0.0
499.125 501.625 345.25 354.5 606.8966405213915 614.2458027800614 0.0 0.0
506.75 502.0 350.5 354.5 616.1541065606727 614.5520726512929 0.0 0.0
522.75 504.0 376.75 354.5 644.3667094728734 616.190993552133 0.0 0.0
525.25 502.0 381.25 354.5 649.029622662806 614.5521403322664 0.0 0.0
525.75 502.0 382.5 354.5 650.1686966716484 614.5521403322664 0.0 0.0
525.25 501.0 382.25 356.0 649.6172935110073 614.6031239751389 0.0 0.0
524.75 502.0 382.0 355.5 649.0659320504876 615.1294813779502 0.0 0.0
521.0 509.5 383.0 365.0 646.6314194776992 626.7530457106792 0.0 0.0
517.0 509.0 383.5 359.0 643.7093592974761 622.8659683261405 0.0 0.0
514.25 507.0 383.75 360.0 641.6523111491371 621.8114553689429 0.0 0.0
513.25 506.0 384.25 360.5 641.1502843942017 621.2860982092486 0.0 0.0
512.0 505.5 385.0 361.0 640.6005700121277 621.1693936139357 0.0 0.0
498.75 506.5 385.75 360.0 630.5339262213166 621.4035855167991 0.0 0.0
494.0 507.0 387.5 359.0 627.847314241289 621.2334280158852 0.0 0.0
493.0 508.0 386.5 359.0 626.4433334308858 622.0491003677521 0.0 0.0
491.5 509.0 386.5 358.5 625.2636208225306 622.577906771514 0.0 0.0
490.5 511.0 385.75 357.5 624.014076867747 623.6403868842142 0.0 0.0
489.75 510.5 386.0 357.5 623.5792543439186 623.2306956496927 0.0 0.0
489.5 515.0 386.0 358.0 623.3829080107988 627.2073147409392 0.0 0.0
523.5 512.0 395.0 358.5 655.8027816301628 625.0332623011232 0.0 0.0
524.0 513.0 395.0 358.5 656.202019644586 625.8526808458064 0.0 0.0
524.0 514.5 395.0 357.5 656.202019644586 626.5113726022856 0.0 0.0
523.5 512.5 395.0 356.5 655.8027523577497 624.2984062129264 0.0 0.0
523.75 507.5 395.0 356.0 656.0023514898301 619.916765489527 0.0 0.0
524.0 488.25 394.0 322.91666666666663 655.6004881023198 587.3759026422343 0.0 0.0
524.125 466.58333333333337 394.0 278.1388888888889 655.700413713928 546.8798715819698 0.0 0.0
524.5 444.91666666666663 394.0 233.3611111111111 656.0001905487528 506.3838405217052 0.0 0.0
524.5 423.25 393.0 188.58333333333331 655.4000686603565 465.8878094614406 0.0 0.0
524.5 425.5 393.0 204.0 655.4000686603565 475.49961200246594 0.0 0.0
525.5 499.25 392.5 346.25 655.9025730715275 607.7370364780529 0.0 0.0
508.0 492.5 359.0 355.0 622.2753557964891 607.1094081773089 0.0 0.0
484.95000000000005 492.75 313.65 358.5 577.6501402373942 609.3643404362838 0.0 0.0
481.54999999999995 497.75 299.85 363.5 567.3863626456678 616.3500095227766 0.0 0.0
482.0 500.5 309.0 368.0 572.7338556983709 621.2326276225797 0.0 0.0
494.0 497.5 347.5 364.0 603.980705839668 616.4440267000775 0.0 0.0
511.5 501.25 348.0 363.0 618.6569003474408 618.8865515754328 0.0 0.0
505.5 502.25 355.5 363.0 617.9890792047704 619.6969960005207 0.0 0.0
500.0 501.0 354.5 361.5 612.9194482148531 617.805257015546 0.0 0.0
499.0 501.0 354.5 360.5 612.1040893070058 617.2215714298561 0.0 0.0
506.0 501.5 365.0 360.5 623.9151792682529 617.6265052602585 0.0 0.0
516.0 500.25 378.0 360.75 639.6410327445099 616.7582563716426 0.0 0.0
517.5 500.5 383.0 361.25 643.8134524983859 617.2536414321464 0.0 0.0
520.0 500.75 387.5 361.25 648.5031528531972 617.4561751170589 0.0 0.0
522.5 500.25 389.0 360.0 651.4044361989825 616.320132385443 0.0 0.0
523.0 500.0 387.5 358.0 650.9110922391783 614.9504045042983 0.0 0.0
554.5 499.25 377.0 356.25 671.0079511331039 613.3226357950782 0.0 0.0
578.0 497.5 363.0 354.75 682.5354302728404 611.0271560221502 0.0 0.0
577.5 498.25 359.5 355.0 680.2547316998243 611.7829997075619 0.0 0.0
577.0 500.25 358.5 356.75 679.302164261716 614.4271694764763 0.0 0.0
576.5 499.5 357.5 355.0 678.3498871791905 612.8012859817488 0.0 0.0
575.0 499.5 355.5 353.5 676.0216417527424 611.9334114100977 0.0 0.0
506.0 499.0 352.0 353.0 616.4062795097961 611.236849131727 0.0 0.0
509.5 499.25 351.5 351.5 618.985603653121 610.5758210193123 0.0 0.0
509.5 499.25 350.0 351.5 618.1344918381436 610.5758210193123 0.0 0.0
509.5 499.5 349.0 351.5 617.5688220757262 610.7802387111096 0.0 0.0
509.5 500.25 349.0 351.25 617.5688867162623 611.2500541625898 0.0 0.0
521.0 500.25 368.0 352.25 637.9199705976347 611.8258707175819 0.0 0.0
531.5 501.5 387.0 357.0 657.4657785771059 615.5909556604038 0.0 0.0
531.0 501.0 387.5 358.0 657.3563241290317 615.7637643471185 0.0 0.0
530.0 501.5 388.5 359.0 657.1394448669171 616.7523127604261 0.0 0.0
530.0 501.5 388.5 356.5 657.1394448669171 615.3089703816175 0.0 0.0
531.0 501.5 390.0 352.5 658.8331825258487 612.9914355029766 0.0 0.0
529.5 501.0 391.0 352.5 658.2183617787837 612.5825109981098 0.0 0.0
528.5 501.0 392.0 352.5 658.0093758643975 612.5825109981098 0.0 0.0
529.5 500.75 393.5 353.25 659.706382131253 612.8100660122147 0.0 0.0
531.0 501.0 396.0 354.25 662.4024534857854 613.5911539188714 0.0 0.0
532.0 478.5 396.5 364.0 663.5030143111635 601.4495142259633 0.0 0.0
506.5 456.4375 360.5 327.875 621.694233718998 566.6596299020109 0.0 0.0
509.0 459.6875 363.0 276.375 625.180106622422 544.2446501185319 0.0 0.0
508.5 462.9375 363.0 224.875 624.772958761821 521.829670335053 0.0 0.0
508.0 466.1875 360.5 173.375 622.9190920091601 499.41469055157415 0.0 0.0
507.5 469.25 357.5 340.0 620.7758589757111 579.5048814770627 0.0 0.0
508.0 514.25 355.5 341.5 620.0356966524675 617.3185437247652 0.0 0.0
508.0 513.5 355.5 349.0 620.0356844569512 620.9199842366422 0.0 0.0
508.0 509.75 354.5 347.5 619.4630078760199 616.928956953318 0.0 0.0
508.0 509.0 354.5 348.5 619.4629382564108 616.8747658804239 0.0 0.0
508.5 539.25 354.0 349.5 619.5872968277745 642.6050689946762 0.0 0.0
508.5 537.0 354.0 349.5 619.5871609386367 640.7177615768117 0.0 0.0
508.0 537.0 355.0 349.5 619.7491427989231 640.7177615768117 0.0 0.0
507.5 536.5 355.0 349.5 619.3394320864222 640.2988165576062 0.0 0.0
519.5 534.5 374.5 349.5 640.4186956515128 638.6239698572788 0.0 0.0
523.0 497.0 382.0 361.5 647.6521155535229 614.5659037076496 0.0 0.0
522.0 499.75 381.5 360.25 646.5495627106773 616.0613836475286 0.0 0.0
521.0 501.5 380.0 354.25 644.8573485663321 614.0116975782428 0.0 0.0
521.0 501.75 379.0 358.5 644.2687044133104 616.6646849165488 0.0 0.0
523.0 501.75 379.5 357.5 646.1805088363468 616.0838689214102 0.0 0.0
523.5 502.0 382.0 356.5 648.0557460589328 615.7079939489903 0.0 0.0
524.0 504.25 384.5 353.25 649.9356987450772 615.6940923380594 0.0 0.0
525.5 501.25 386.0 347.25 652.0323995017426 609.7820601468936 0.0 0.0
527.0 500.25 387.5 346.5 654.129391917249 608.5329348224986 0.0 0.0
529.0 500.25 388.5 346.5 656.3331852039786 608.5329348224986 0.0 0.0
530.0 501.0 388.0 351.0 656.8440356984868 611.7350642702011 0.0 0.0
532.0 500.0 387.5 345.0 658.1643031948786 607.4742926873687 0.0 0.0
531.5 500.75 385.5 345.75 656.5839626430119 608.518209281637 0.0 0.0
549.5 500.5 365.5 346.75 660.3706268274445 608.8822008270976 0.0 0.0
565.0 500.25 351.0 345.5 665.1514670526209 607.9642211196701 0.0 0.0
565.5 497.5 350.0 344.5 665.049414517565 605.1335391033235 0.0 0.0
565.0 494.25 349.5 343.0 664.3607830087504 601.607957437795 0.0 0.0
564.5 493.75 348.5 342.5 663.4097527169765 600.9120840887588 0.0 0.0
563.5 493.0 348.0 341.5 662.2964035026523 599.7270003157494 0.0 0.0
502.5 496.75 349.5 344.0 612.1269419794911 604.2322688466534 0.0 0.0
508.0 495.25 343.0 343.5 612.9543360769867 602.7145620922392 0.0 0.0
507.0 495.75 342.0 351.0 611.5660865203452 607.4473692093627 0.0 0.0
506.5 499.0 342.5 354.0 611.4316573052058 611.8255231946432 0.0 0.0
500.0 497.75 337.0 360.0 602.9743914758607 614.2923275465982 0.0 0.0
524.9166666666667 499.0 242.83333333333334 361.0 579.6152827279769 615.8912343517788 0.0 0.0
690.5833333333333 503.5 406.1666666666667 367.5 802.0754594416284 623.3531522553908 0.0 0.0
514.5 504.25 309.0 369.5 600.1677882092354 625.1387402021066 0.0 0.0
534.0 505.5 369.0 372.5 649.0902943183053 627.9225736460787 0.0 0.0
527.5 505.75 374.5 375.0 646.9762542279291 629.6096930590968 0.0 0.0
516.0 505.5 380.0 377.0 640.8259942918073 630.6024188397357 0.0 0.0
515.5 506.25 382.0 379.0 641.6107943151368 632.4002410834 0.0 0.0
517.0 507.0 383.0 380.0 643.4112277436554 633.6001578880694 0.0 0.0
519.5 506.25 384.5 384.0 646.3130131038874 635.4094141954406 0.0 0.0
528.5 505.0 396.5 380.0 660.7000075677312 632.0011789706793 0.0 0.0
529.0 504.5 395.5 388.5 660.5008248570422 636.7520143228996 0.0 0.0
529.5 503.25 395.0 391.75 660.6022550543407 637.7538117992974 0.0 0.0
529.0 502.0 394.5 394.5 659.9024549128454 638.4625318315868 0.0 0.0
528.5 502.0 394.0 394.5 659.202738161789 638.4625318315868 0.0 0.0
528.5 502.0 393.5 395.75 658.9040142539731 639.2370070638472 0.0 0.0
529.0 500.25 392.5 405.5 658.7088421777312 643.9569360945864 0.0 0.0
529.0 500.0 391.0 407.0 657.8164554019361 644.7088449819039 0.0 0.0
528.5 499.75 390.0 407.5 656.8198002496575 644.830471876119 0.0 0.0
528.5 497.75 389.0 404.0 656.226523389599 641.07360933167 0.0 0.0
528.5 479.0 388.5 377.75 655.9302554387929 610.1570311211924 0.0 0.0
528.0 457.0 388.0 348.75 655.2313237800929 575.04537959197 0.0 0.0
528.5 435.0 387.5 319.75 655.3384621705031 539.9337280627477 0.0 0.0
528.5 473.0 387.0 369.5 655.0430617437207 600.2623070440019 0.0 0.0
530.5 507.0 387.0 399.0 656.6577595423704 645.1746166329444 0.0 0.0
531.5 505.0 387.5 396.5 657.760214667929 642.0776082395838 0.0 0.0
530.5 500.75 386.0 398.0 656.0690817814541 639.6521411549024 0.0 0.0
577.5 501.75 359.0 385.5 680.0025571424089 632.818411901914 0.0 0.0
576.0 502.5 359.5 354.0 678.9819808641241 614.67249649166 0.0 0.0
574.5 505.25 359.5 358.25 677.7097461303032 619.3713703745691 0.0 0.0
576.0 503.25 361.5 355.75 680.0428814754689 616.2974539612893 0.0 0.0
576.0 504.5 360.0 357.5 679.2467738423998 618.3255614965308 0.0 0.0
536.0 504.25 371.5 358.25 652.5210037468038 618.5561387894489 0.0 0.0
511.5 503.0 380.0 359.0 637.2065991497577 617.9740655577049 0.0 0.0
511.5 502.25 379.5 360.25 636.9085491654198 618.0899030875537 0.0 0.0
512.0 503.25 378.0 360.75 636.4182286878123 619.1939757856785 0.0 0.0
512.0 502.5 375.5 356.5 634.9364141392427 616.1157572632832 0.0 0.0
513.5 502.25 375.5 359.0 636.1466299887904 617.363445774994 0.0 0.0
517.0 498.75 377.5 361.25 640.1525579797096 615.8355354571083 0.0 0.0
520.5 500.0 380.5 367.5 644.748604004029 620.5290081857576 0.0 0.0
522.5 505.5 384.5 365.75 648.7270297721584 623.9424042375318 0.0 0.0
523.0 506.0 387.0 364.0 650.6135649706046 623.3233510787159 0.0 0.0
523.0 507.5 390.0 364.5 652.4026062652313 624.8331882145551 0.0 0.0
521.5 508.0 394.0 363.0 653.6040468050975 624.3666086415928 0.0 0.0
520.5 508.0 400.5 361.5 656.7500719677009 623.4953215214955 0.0 0.0
519.0 508.25 405.0 359.5 658.3206624573938 622.5420610989133 0.0 0.0
519.0 507.25 411.0 358.5 662.0287002842098 621.1480356649602 0.0 0.0
519.0 505.5 414.5 358.0 664.2072388857425 619.4306527018423 0.0 0.0
520.5 505.0 414.0 356.25 665.0686054836749 618.0124902360379 0.0 0.0
522.0 499.5 410.0 354.75 663.7653899399867 612.6617618159 0.0 0.0
510.5 331.32142857142856 376.5 162.82142857142856 634.462235668421 369.2503722072843 0.0 0.0
499.0 356.6071428571429 341.5 186.10714285714286 604.6684176924498 402.51227232937197 0.0 0.0
499.0 381.8928571428571 331.5 209.39285714285714 599.0773993871212 435.77417245145966 0.0 0.0
500.0 407.17857142857144 325.0 232.67857142857144 596.3431694477276 469.03607257354736 0.0 0.0
500.5 370.25 321.5 295.75 594.8634297046676 473.87042230957536 0.0 0.0
502.0 456.5 319.5 349.0 595.0497878329174 574.6253187256219 0.0 0.0
500.5 488.0 318.5 347.0 593.2475688455984 598.7958015372543 0.0 0.0
499.5 490.25 321.5 349.25 594.0242813282084 601.9425797025431 0.0 0.0
498.0 489.5 331.5 349.25 598.2456093772958 601.32056978994 0.0 0.0
498.5 491.75 345.0 347.75 606.242844943547 602.2858510933777 0.0 0.0
499.0 496.25 356.5 343.25 613.2644898262993 603.4023736387136 0.0 0.0
475.5 497.5 342.5 336.75 586.0507306908123 600.7566143121146 0.0 0.0
462.75 496.5 319.15 334.0 562.1751083493452 598.3881868090741 0.0 0.0
467.75 499.5 315.35 334.0 564.1650932551552 600.8808574232389 0.0 0.0
490.0 498.0 320.0 331.5 585.2475817194185 598.244564072528 0.0 0.0
511.5 498.0 366.0 337.75 628.9731363919456 601.7521683647316 0.0 0.0
521.0 495.25 375.0 355.25 641.9251222547778 609.488304328946 0.0 0.0
520.0 497.5 369.0 353.75 637.6231552578163 610.4468683419402 0.0 0.0
515.5 498.0 357.0 352.25 627.0480953593965 609.9880966674714 0.0 0.0
519.0 499.75 362.5 352.75 633.0621886684341 611.7047303239394 0.0 0.0
523.0 500.25 366.0 353.5 638.3459925367782 612.5458205136442 0.0 0.0
523.5 500.0 369.0 352.0 640.480007905501 611.4769485288764 0.0 0.0
521.0 500.0 373.0 353.0 640.757493349126 612.0531022713634 0.0 0.0
520.5 499.25 383.0 353.25 646.2273119281381 611.5852607153629 0.0 0.0
523.5 498.5 393.5 354.75 654.9016609878134 611.8413634178216 0.0 0.0
522.5 498.25 398.5 355.0 657.1222917960665 611.7828470154418 0.0 0.0
521.0 497.75 401.0 356.0 657.451258266344 611.9567661619365 0.0 0.0
511.0 496.0 392.5 356.75 644.3430712809418 610.9724821747764 0.0 0.0
501.5 496.5 370.5 357.25 623.516901885625 611.6699952741692 0.0 0.0
502.0 496.0 365.0 358.5 620.6693740455892 611.9953125798613 0.0 0.0
501.0 500.5 359.0 359.5 616.3462182367251 616.2338964709563 0.0 0.0
501.0 502.75 355.5 361.25 614.3137767282863 619.0795873369027 0.0 0.0
508.5 502.0 365.5 361.75 626.2406734528303 618.7625583676255 0.0 0.0
518.5 501.75 380.0 362.75 642.8395078409565 619.1455353283973 0.0 0.0
520.0 501.75 383.5 364.0 646.1210505214674 619.878317913636 0.0 0.0
519.5 502.0 386.0 364.0 647.2065658860852 620.0807720384436 0.0 0.0
519.0 502.0 388.0 364.0 648.0007716044789 620.0807720384436 0.0 0.0
519.0 502.5 391.0 364.0 649.8015081546056 620.4858882715077 0.0 0.0
518.0 502.5 392.5 363.75 649.9080002713042 620.339067136169 0.0 0.0
518.0 501.0 393.5 363.5 650.5124199595697 618.9776113301161 0.0 0.0
517.0 499.75 393.0 362.0 649.4135816257618 617.0863995980645 0.0 0.0
517.0 499.75 391.5 360.25 648.5069390530837 616.0606255973887 0.0 0.0
517.5 494.5 391.0 337.75 648.6041480378981 598.8369741059294 0.0 0.0
518.5 494.5 390.0 337.0 648.8007472768338 598.4140116056924 0.0 0.0
517.0 496.0 390.0 333.25 647.6025015393316 597.5546883435845 0.0 0.0
499.5 496.0 364.5 333.5 618.3712033900655 597.6941107288911 0.0 0.0
500.0 496.5 359.0 333.0 615.5331022780172 597.830855092792 0.0 0.0
501.0 497.0 359.5 332.5 616.6370488382935 597.9675994566929 0.0 0.0
501.0 497.5 360.0 335.25 616.9286830744701 599.915868610828 0.0 0.0
501.5 497.5 361.0 335.75 617.9184816786111 600.1952330307495 0.0 0.0
505.5 496.5 375.5 333.5 629.787021206611 598.1106991021513 0.0 0.0
508.5 496.0 391.0 341.5 641.4462899502223 602.2086104735162 0.0 0.0
509.0 496.5 391.0 347.0 641.8426598474115 605.740262181947 0.0 0.0
509.0 496.75 390.0 348.0 641.2339666611556 606.5199459240358 0.0 0.0
509.0 496.0 390.0 348.5 641.2339666611556 606.1926034801509 0.0 0.0
482.5 509.02777777777777 395.0 320.16666666666663 623.5644290313884 601.3976656193415 0.0 0.0
480.0 487.1388888888889 393.0 314.83333333333337 620.3619910987455 580.2291723500971 0.0 0.0
479.0 465.25 393.0 309.5 619.5886937464985 559.0606790808527 0.0 0.0
479.0 443.3611111111111 393.0 304.16666666666663 619.588573167711 537.8921858116082 0.0 0.0
479.0 421.47222222222223 394.0 298.83333333333337 620.2233468678844 516.7236925423639 0.0 0.0
479.5 493.75 394.5 314.0 620.9271293799297 585.2709114583702 0.0 0.0
480.0 516.25 393.5 338.0 620.6788622145916 617.0662796307813 0.0 0.0
480.5 491.0 393.5 342.0 621.0656165011874 598.3698814166383 0.0 0.0
480.0 493.0 393.0 343.0 620.3619910987455 600.5815252382024 0.0 0.0
480.0 496.0 392.5 350.5 620.0454820592017 607.3441503401318 0.0 0.0
480.0 497.5 392.0 349.0 619.728973019658 607.706717425777 0.0 0.0
480.5 495.0 392.5 349.5 620.4326312719301 605.9498741645219 0.0 0.0
481.0 496.0 392.0 351.0 620.5038275466155 607.6323137670304 0.0 0.0
486.0 496.0 391.5 350.5 624.0821817082368 607.3436012670257 0.0 0.0
515.5 496.25 390.5 351.5 646.7074625641233 608.1256148648343 0.0 0.0
516.5 497.5 391.0 354.25 647.8064911684661 610.7366973214738 0.0 0.0
517.0 500.5 390.5 354.75 647.9038052178523 613.4724316394116 0.0 0.0
517.0 501.25 391.0 353.5 648.205214419014 613.3627256850939 0.0 0.0
517.0 502.5 392.0 354.0 648.8089790220453 614.6724856309266 0.0 0.0
504.0 502.5 373.0 355.75 627.0633675355493 615.681995596846 0.0 0.0
500.0 503.75 359.0 356.25 615.5331129340257 616.9912296059499 0.0 0.0
500.5 504.25 359.5 356.25 616.2308820563929 617.3994886550038 0.0 0.0
500.0 504.25 358.5 356.0 615.2416299503598 617.2552821076599 0.0 0.0
499.5 503.5 358.0 356.0 614.5439365903792 616.6427247604564 0.0 0.0
499.0 502.75 358.0 356.25 614.1376067299575 616.1753253236991 0.0 0.0
499.0 501.5 358.0 356.5 614.1376067299575 615.3004013681175 0.0 0.0
507.0 503.0 371.5 357.0 628.5627274777291 616.8129102515184 0.0 0.0
516.0 503.0 392.0 358.5 648.0127242931933 617.6821593667734 0.0 0.0
515.5 502.5 393.5 358.5 648.5233226338124 617.2751285495908 0.0 0.0
514.5 502.0 393.5 358.5 647.7287240813085 616.8680977324083 0.0 0.0
514.5 503.0 394.0 359.0 648.0327210765108 617.9726253075755 0.0 0.0
514.5 502.0 394.5 359.5 648.3367180717131 617.4497955299686 0.0 0.0
515.0 502.25 395.0 359.0 649.0377492873585 617.3622363143552 0.0 0.0
516.0 502.25 393.5 359.0 648.9208349251857 617.3624278872946 0.0 0.0
516.0 501.75 393.5 360.5 648.9208349251857 617.8295345636222 0.0 0.0
505.0 502.0 374.5 359.5 628.7364845025605 617.4498641582325 0.0 0.0
498.0 501.0 361.0 359.25 615.0814286604191 616.4913383652515 0.0 0.0
498.0 499.75 360.5 359.75 614.7879715804465 615.7680137594525 0.0 0.0
497.0 499.0 358.5 358.5 612.8060459884514 614.4294836968022 0.0 0.0
496.0 495.5 357.0 359.5 611.1178980485363 612.1810901709575 0.0 0.0
495.0 493.25 356.5 359.5 610.0141391803963 610.3571365868704 0.0 0.0
495.5 493.75 356.0 360.0 610.1281300787981 611.05574901904 0.0 0.0
496.0 493.75 355.0 362.25 609.9516374270996 612.3839897788594 0.0 0.0
496.0 495.25 355.25 363.75 610.0972084914545 614.4807837489162 0.0 0.0
496.0 496.0 355.75 365.5 610.3884859412481 616.1219440987312 0.0 0.0
496.25 497.0 355.0 367.0 610.1549669199762 617.817255977076 0.0 0.0
508.75 496.0 377.5 368.0 633.5202142273123 617.6084206369342 0.0 0.0
511.75 497.0 385.5 369.0 640.702841428011 619.0073999246958 0.0 0.0
510.75 497.0 388.75 369.5 641.8687837382131 619.3054577508582 0.0 0.0
510.0 496.5 391.75 365.0 643.0933409577854 616.2282542892419 0.0 0.0
509.5 496.0 393.25 366.0 643.6117353815935 616.4192140571499 0.0 0.0
509.0 494.5 393.0 365.0 643.0631047010306 614.6181024271716 0.0 0.0
500.5 494.5 377.5 362.5 626.9378428561313 613.1366079431239 0.0 0.0
496.0 495.0 363.0 361.0 614.6454832367378 612.6552766771731 0.0 0.0
496.0 495.5 358.25 362.5 611.849727729894 613.9434013001525 0.0 0.0
491.75 496.0 349.0 362.5 603.0204920917802 614.3470110613382 0.0 0.0
510.4375 495.0 282.1875 362.0 585.5204935585186 613.2447821919931 0.0 0.0
586.1875 495.5 426.9375 361.5 729.1002503727423 613.3538848557267 0.0 0.0
606.5 495.5 370.75 361.0 721.4337853090792 613.0589286520506 0.0 0.0
512.25 496.5 294.25 360.0 590.9250154749824 613.2860900100407 0.0 0.0
499.0 471.5 339.75 357.5 603.6812886280995 591.7453003627747 0.0 0.0
501.5 502.0 346.25 325.5 609.419603730723 598.7730850997398 0.0 0.0
500.25 513.5 348.5 173.0 609.6773286214915 552.4891492270053 0.0 0.0
502.75 309.76041666666663 372.5 212.23958333333331 625.7303825324963 376.85259105258876 0.0 0.0
505.75 328.80208333333337 383.75 199.19791666666669 634.8620471446626 390.46109423853085 0.0 0.0
507.25 347.84375 387.75 186.15625 638.476955072678 404.06959742447293 0.0 0.0
510.5 366.8854166666667 391.0 173.11458333333334 643.0331170639082 417.67810061041496 0.0 0.0
512.0 385.92708333333337 394.5 160.07291666666669 646.3558509819004 431.28660379635704 0.0 0.0
511.75 404.96875 395.75 147.03125 646.9204982237475 444.8951069822991 0.0 0.0
512.5 424.0104166666667 397.5 133.98958333333334 648.5851186211543 458.50361016824115 0.0 0.0
513.0 443.05208333333337 397.5 120.94791666666667 648.9805406031385 472.1121133541832 0.0 0.0
513.5 462.09375 395.0 107.90625 647.8481689408407 485.7206165401253 0.0 0.0
514.5 481.1354166666667 392.5 94.86458333333334 647.1221925722596 499.32911972606735 0.0 0.0
505.0 500.17708333333337 374.0 81.82291666666667 628.440136859045 512.9376229120094 0.0 0.0
494.0 519.21875 357.0 68.78125000000001 609.4962320808927 526.5461260979514 0.0 0.0
494.5 497.75 357.0 163.0 609.9011512893301 535.178144540588 0.0 0.0
494.0 514.0 358.0 322.75 610.0819617067857 606.9697281416928 0.0 0.0
493.0 523.0 361.0 341.75 611.0400968839933 624.7617228787772 0.0 0.0
491.0 526.5 364.5 341.5 611.5074906947239 627.5578096619506 0.0 0.0
488.0 520.5 365.5 340.25 609.7005329733264 621.8572989931008 0.0 0.0
483.0 520.8333333333333 367.5 345.0 606.9146631412582 624.7535908506059 0.0 0.0
473.0 540.1666666666667 364.5 347.0 597.1510754017609 642.0387184176612 0.0 0.0
457.5 544.5 361.5 347.0 583.0853282324981 645.6696317709864 0.0 0.0
441.0 546.0 362.5 348.5 570.865351900078 647.7409237840388 0.0 0.0
393.0 549.5 365.5 349.0 536.9733081030863 650.9618066499127 0.0 0.0
161.71875 483.5 302.125 373.0 354.36658849068374 610.7916318808111 0.0 0.0
68.59375 501.25 310.625 366.25 362.0102585672498 620.798546097717 0.0 0.0
-24.53125 502.25 319.125 366.5 369.653928643816 621.7534706851259 0.0 0.0
-117.65625 501.75 327.625 366.0 377.2975987203821 621.0548157820931 0.0 0.0
-272.5 501.25 290.5 365.0 408.7795595125608 620.0620934378422 0.0 0.0
-426.04999999999995 493.25 250.0 345.5 496.13380586066626 602.2223415966552 0.0 0.0
-517.45 491.75 254.0 339.75 578.273856678468 597.7024123094817 0.0 0.0
-582.0 491.0 255.0 339.5 635.412504882599 596.9432552596603 1.0 0.0
-554.5 490.75 248.0 338.75 607.4334036109096 596.3114545502741 1.0 0.0
-480.0 491.5 216.5 338.25 526.5677375655127 596.6451565248537 0.0 0.0
-549.5 492.25 235.0 338.0 597.6436543240438 597.1217372375057 0.0 0.0
-535.0 488.5 234.5 352.5 584.1376224146082 602.4027338082041 1.0 0.0
-535.0 490.0 235.0 352.75 584.3392052605966 603.7661729882036 1.0 0.0
-464.375 488.5 214.625 354.75 511.5792202684563 603.7217161123327 0.0 0.0
-539.5 489.5 265.5 355.5 601.3604729045203 604.9715582798804 0.0 0.0
-614.5 493.25 281.0 354.75 675.7043034860035 607.5715646694047 1.0 0.0
-563.5 493.75 280.5 354.75 629.455114481211 607.977532506107 1.0 0.0
-558.5 493.0 284.5 354.5 626.7878229861494 607.2225703973791 1.0 0.0
-553.5 492.75 289.0 354.25 624.4078185765044 606.8736509811915 1.0 0.0
-532.5 492.25 291.5 354.25 607.0789263239005 606.4677899992303 1.0 0.0
-526.0 492.5 310.5 354.75 610.811660776277 606.9629787822264 1.0 0.0
-519.0 492.0 300.5 355.75 599.7176942258767 607.1428430596202 1.0 0.0
-560.0 491.25 309.0 357.75 639.7486882124714 607.7107620051875 1.0 0.0
-521.0 490.25 300.5 358.25 601.449374476808 607.1970413681913 1.0 0.0
-518.5 490.25 298.0 358.25 598.035328553817 607.1970413681913 1.0 0.0
-515.5 490.5 294.5 358.0 593.6924675826546 607.2513894590937 1.0 0.0
-511.5 490.75 289.5 357.75 587.7442986785886 607.3061394407597 1.0 0.0
-506.0 493.0 279.5 357.25 578.0632306027194 608.8321303294762 1.0 0.0
-502.5 494.75 276.0 357.5 573.3081632071883 610.3970230402144 1.0 0.0
-502.0 496.0 275.0 357.25 572.3892562587357 611.2639123046073 1.0 0.0
-502.5 497.5 278.0 357.0 574.2736716932094 612.3366954590058 1.0 0.0
-501.5 499.75 279.0 356.5 573.8847553477344 613.874851723451 1.0 0.0
-500.5 500.0 280.0 356.5 573.4982885386282 614.0783744767438 1.0 0.0
-526.5 501.0 288.0 356.25 600.1410177097673 614.748000412216 1.0 0.0
-499.5 501.25 282.5 355.25 573.8535331002972 614.3729555649151 1.0 0.0
-499.0 504.75 276.5 357.0 570.4852682344338 618.2409464280818 1.0 0.0
-498.5 504.0 266.0 357.0 565.0295962102145 617.6285525312335 1.0 0.0
-499.0 448.5 264.5 377.0 564.7667174733215 588.1380970482899 1.0 0.0
-499.5 394.375 262.0 328.625 564.0470333771207 523.1787090345258 1.0 0.0
-498.5 398.875 259.5 239.45833333333331 561.9986654788426 479.2188727326909 1.0 0.0
-497.5 403.375 259.5 150.29166666666666 561.1120178086851 435.25903643085593 1.0 0.0
-496.0 460.75 262.0 291.25 560.9456787767115 546.5461544661023 1.0 0.0
-492.0 485.5 289.5 357.5 570.8850609675742 602.9966377274582 1.0 0.0
-487.5 506.5 286.5 361.0 565.4568711601976 621.9834923653495 1.0 0.0
-487.0 486.5 288.5 363.5 566.0400294535709 607.4932773165926 1.0 0.0
-518.0 508.75 294.5 360.0 595.9847975271512 623.2496293521401 1.0 0.0
-534.0 503.25 299.5 362.0 612.2574469981691 619.9230839821394 1.0 0.0
-500.5 505.0 311.5 362.0 589.5188716232925 621.3464974653789 1.0 0.0
-500.5 506.0 307.0 357.0 587.1535148493961 619.2616799096993 1.0 0.0
-500.0 508.5 306.0 357.0 586.2051455073735 621.3062488952329 1.0 0.0
-500.0 511.0 303.0 357.5 584.6443606031307 623.640584481795 1.0 0.0
-518.5 512.5 307.5 356.0 602.8298581063659 624.0134087304175 1.0 0.0
-524.0 514.0 303.5 355.0 605.5483590957773 624.676851868653 1.0 0.0
-489.5 513.5 292.5 354.0 570.233730956727 623.697255365028 1.0 0.0
-487.0 511.0 290.0 352.0 566.8062030372548 620.5038470357526 1.0 0.0
-483.0 508.5 279.5 350.0 558.046066240001 617.3105105871044 1.0 0.0
-497.5 506.5 250.5 348.0 557.0069114803057 614.529304940643 1.0 0.0
-496.5 504.0 247.5 347.5 554.7689156382269 612.1867135220591 1.0 0.0
-496.5 502.25 249.5 346.75 555.6668836258931 610.3205726783453 1.0 0.0
-491.5 497.25 248.0 354.25 550.5236143890651 610.5331658241571 1.0 0.0
-488.5 497.0 250.0 356.25 548.7551822078767 611.4941418817134 1.0 0.0
-484.0 497.25 253.5 358.25 546.3682773505836 612.8631123706128 1.0 0.0
-475.0 498.75 259.5 357.5 541.2637150029859 613.6430833252518 1.0 0.0
-456.5 499.25 262.0 357.5 526.3429443921515 614.0495368330219 1.0 0.0
-433.5 499.75 261.0 356.5 506.0071639809065 613.874851723451 1.0 0.0
-412.5 500.25 263.0 356.5 489.2103412625811 614.2819658353635 1.0 0.0
-158.0 500.25 349.0 359.25 387.4395702910045 615.881992167205 0.0 0.0
79.33333333333334 501.75 193.25 357.25 225.31412336209337 615.9389146337019 0.0 0.0
246.66666666666669 501.75 214.25 357.25 359.7564281050152 615.9389146337019 0.0 0.0
414.0 500.5 235.25 357.5 494.198732847937 615.0666520682973 0.0 0.0
555.5 499.5 286.5 360.0 625.5000817246807 615.7121632201032 0.0 0.0
638.0 499.25 353.0 359.75 729.1477200092962 615.362289052608 0.0 0.0
561.5 498.25 374.5 361.25 674.9326309824771 615.4309006147055 0.0 0.0
537.0 497.25 374.5 363.75 654.7237334605916 616.0941043644611 0.0 0.0
522.0 497.0 380.5 366.5 645.9676948995761 617.520313885652 0.0 0.0
509.0 497.5 382.0 367.0 636.4020458122818 618.219549915576 0.0 0.0
505.0 480.0 384.0 362.0 634.4154871360035 601.2277088333643 0.0 0.0
513.5 462.75 386.5 356.75 642.7017206371316 584.3017672574038 0.0 0.0
515.0 462.0 386.0 358.0 643.600155433953 584.4724116671376 0.0 0.0
518.0 461.75 381.0 358.5 643.0280614147579 584.5815709413469 0.0 0.0
521.5 462.25 379.0 358.75 644.6730461289328 585.1295813368995 0.0 0.0
528.5 477.0 379.5 362.25 650.640196228712 598.9917504953273 0.0 0.0
532.5 491.5 374.5 365.75 651.0047381322237 612.6543251223939 0.0 0.0
533.5 475.25 372.0 359.75 650.3894358105817 596.0833412185593 0.0 0.0
534.0 459.0 371.0 355.25 650.2284334833998 580.4167246339681 0.0 0.0
531.0 484.75 372.0 359.25 648.3403454508111 603.4398731083319 0.0 0.0
504.5 505.5 361.0 365.5 620.3557878417012 623.7956295194087 0.0 0.0
501.5 504.25 361.5 364.25 618.2110011440839 622.0540543607748 0.0 0.0
501.0 502.25 364.5 367.75 619.5654416838149 622.49116225227 0.0 0.0
502.5 501.5 366.5 369.0 621.955515443096 622.6261621622161 0.0 0.0
509.5 501.25 376.0 369.25 633.2254834850628 622.5729899454516 0.0 0.0
518.0 500.25 388.0 369.25 647.2001930251024 621.7681463169203 0.0 0.0
519.5 499.5 387.0 368.5 647.8034038193995 620.7193497346937 0.0 0.0
521.0 498.5 388.5 367.75 649.9024926864029 619.4693871760219 0.0 0.0
524.0 496.5 390.5 367.0 653.5033336297234 617.4151679801047 0.0 0.0
528.0 496.25 391.5 366.5 657.3099259007915 616.9167971116065 0.0 0.0
531.0 495.75 389.5 366.75 658.5372134832703 616.6633017579675 0.0 0.0
533.0 497.0 385.0 367.0 657.5059586924564 617.8171250459152 0.0 0.0
533.0 497.0 382.0 367.0 655.7538294489805 617.8171250459152 0.0 0.0
531.0 496.5 382.0 369.0 654.1292573023488 618.6059642081252 0.0 0.0
525.5 496.0 382.5 369.75 649.9672957465664 618.6526510687773 0.0 0.0
520.0 497.5 386.5 370.5 647.9068186591511 620.3042017411562 0.0 0.0
515.0 498.75 388.5 372.0 645.1036356525524 622.2024311184066 0.0 0.0
514.5 496.5 390.5 373.5 645.9107203189594 621.3006518586634 0.0 0.0
514.0 495.25 391.0 374.5 645.8173280937094 620.9048519999053 0.0 0.0
491.54166666666663 497.0 323.08333333333337 373.75 588.4176699386135 621.8510302622965 0.0 0.0
491.70833333333337 496.0 301.41666666666663 374.25 577.3997866894736 621.3526392685894 0.0 0.0
491.875 496.5 279.75 374.25 566.3819034403334 621.7518176628749 0.0 0.0
499.0 497.0 272.5 374.25 568.5753288200931 622.1511893295792 0.0 0.0
514.5 497.25 333.0 374.5 612.8820243858293 622.5012731878983 0.0 0.0
508.5 497.25 364.0 374.75 625.3551028580839 622.6517867804251 0.0 0.0
508.0 497.75 370.5 373.75 628.7563228254946 622.4508219483023 0.0 0.0
508.0 477.625 371.5 356.16666666666663 629.3460199984295 597.0946597660441 0.0 0.0
509.5 446.125 378.5 282.83333333333337 634.7115937253402 532.8485823275103 0.0 0.0
511.0 414.625 393.0 209.5 644.6471968266493 468.6025048889765 0.0 0.0
514.5 426.0 392.0 237.5 646.8208061827158 490.94071813655216 0.0 0.0
516.0 476.5 390.0 360.25 646.8044526748405 597.3728673674278 0.0 0.0
517.5 494.0 387.0 355.75 646.2007507997494 608.7644073500194 0.0 0.0
518.0 490.0 381.5 354.5 643.3244998317718 604.7899688516695 0.0 0.0
520.0 489.5 375.0 353.0 641.1123146532127 603.5065071055067 0.0 0.0
522.0 489.0 368.0 353.0 638.677280012459 603.1011370534563 0.0 0.0
522.5 489.5 360.0 355.5 634.512621148775 604.971491253812 0.0 0.0
523.5 488.75 354.5 355.5 632.2361109585564 604.3650869026872 0.0 0.0
526.5 491.5 353.5 354.5 634.1644721056896 606.0067634917539 0.0 0.0
520.5 498.0 343.0 359.0 623.3578558092487 613.9096129042616 0.0 0.0
517.0 489.0 337.5 366.0 617.4101754128978 610.8414529937272 0.0 0.0
519.5 476.0 339.0 370.75 620.3236456378756 603.3502917894123 0.0 0.0
520.0 492.0 337.0 376.0 619.6531076855749 619.230368674572 0.0 0.0
521.0 491.25 332.5 379.5 618.0600056261053 620.7635163827974 0.0 0.0
523.5 493.25 330.0 384.25 618.8315028403281 625.2594935053726 0.0 0.0
525.5 495.0 330.0 386.5 620.5243180528669 628.0208425439005 0.0 0.0
525.0 497.5 329.0 385.5 619.5695884893671 629.377867421472 0.0 0.0
523.5 496.25 329.0 386.5 618.2990581110448 629.005464588542 0.0 0.0
527.5 495.25 339.0 386.0 627.0633940811074 627.9080879774722 0.0 0.0
535.5 494.5 354.5 385.5 642.2075209774486 627.0091705868424 0.0 0.0
533.5 494.5 355.0 385.5 640.8177769667757 627.0091705868424 0.0 0.0
530.5 493.5 358.0 387.0 639.9955077967345 627.1478938463058 0.0 0.0
528.5 491.5 359.5 399.0 639.1811167423518 633.0695201216952 0.0 0.0
527.5 491.5 361.5 400.25 639.4829943008649 633.8556567800874 0.0 0.0
525.0 492.5 362.5 400.0 637.9903869034465 634.4732066840963 0.0 0.0
522.0 492.5 362.5 400.75 635.5236030235227 634.9465732831881 0.0 0.0
519.5 492.5 360.5 401.0 632.329487891868 635.1042436765051 0.0 0.0
516.0 493.0 358.5 402.0 628.3139490821029 636.1238046826218 0.0 0.0
494.5 496.5 341.5 357.0 600.9606150960253 611.5240404515856 0.0 0.0
487.5 494.25 337.0 355.5 592.6425988738913 608.8212658981408 0.0 0.0
481.0 494.5 336.0 354.0 586.7341817211607 608.1523524167663 0.0 0.0
476.0 493.75 334.0 356.25 581.4911865196239 608.8539465155554 0.0 0.0
472.0 493.25 331.5 355.75 576.7810827498283 608.1559242454917 0.0 0.0
469.0 492.5 332.0 351.25 574.6172762900482 604.9244780902175 0.0 0.0
479.5 496.75 340.5 333.75 588.0993531364735 598.4578050621557 0.0 0.0
483.5 498.0 345.5 336.25 594.2584214961083 600.8948415238085 0.0 0.0
485.0 493.75 348.5 340.75 597.2248493970069 599.928544187796 0.0 0.0
485.0 489.75 349.5 341.5 597.8087176044148 597.0575945494583 0.0 0.0
484.0 488.5 350.0 336.5 597.2905490630168 593.1816753744168 0.0 0.0
480.5 488.25 349.0 338.75 593.869797463496 594.2572208753247 0.0 0.0
483.5 491.75 350.0 340.75 596.885530030326 598.2759326218679 0.0 0.0
488.0 494.0 352.0 355.5 601.70438293428 608.6185340631981 0.0 0.0
492.0 494.5 353.5 357.5 605.8269844750221 610.1938216665259 0.0 0.0
492.0 492.25 354.5 357.0 606.4113596782429 608.0782260994588 0.0 0.0
494.5 492.0 357.5 357.0 610.1950324937199 607.8759443935537 0.0 0.0
492.5 492.5 359.0 357.0 609.4570559288076 608.2805786850462 0.0 0.0
493.0 493.0 358.0 357.0 609.2730543387783 608.6856035767546 0.0 0.0
492.5 492.5 358.0 356.5 608.8690058741404 607.9873238438752 0.0 0.0
491.5 492.25 364.0 356.0 611.6142053889257 607.4922023811137 0.0 0.0
496.0 492.0 387.0 356.75 629.1144569949097 607.7292229442401 0.0 0.0
494.5 491.25 387.5 357.0 628.2408035554258 607.2690976004351 0.0 0.0
494.5 427.5 387.0 305.75 627.9326437135348 526.1404315894737 0.0 0.0
496.0 421.9642857142857 385.0 277.17857142857144 627.8865281138746 504.9448231802576 0.0 0.0
498.0 451.25 386.5 304.75 630.3859183246745 544.6365607301402 0.0 0.0
500.0 480.53571428571433 387.0 332.32142857142856 632.2729212529623 584.3282982800229 0.0 0.0
503.0 501.0 390.0 355.75 636.4818584503485 614.4662226270466 0.0 0.0
501.5 494.625 393.0 348.75 637.143217144864 605.2183354376984 0.0 0.0
502.5 495.75 394.0 355.0 638.5470579215469 609.7487882032235 0.0 0.0
505.5 489.25 393.5 351.0 640.6032373020346 602.1360731139184 0.0 0.0
508.0 495.75 395.0 355.5 643.4974747425199 610.0403518742128 0.0 0.0
508.5 493.75 393.5 356.0 642.9732448836692 608.7078924804104 0.0 0.0
499.5 495.25 374.5 357.75 624.3513298527641 610.9481386875254 0.0 0.0
492.0 495.0 352.5 359.0 605.2440291323209 611.4786064713114 0.0 0.0
491.0 496.75 352.0 358.75 604.139884463855 612.7497424152111 0.0 0.0
487.5 496.5 350.0 357.5 600.130265052994 611.8158099945853 0.0 0.0
480.5 496.0 350.0 357.75 594.4580192604528 611.5562963556054 0.0 0.0
475.0 494.5 351.5 357.25 590.9123552105597 610.0496621816711 0.0 0.0
457.5 501.0 382.0 364.5 596.1398324363511 619.5653718535276 0.0 0.0
437.5 501.25 353.0 365.5 562.1968059926107 620.35654992694 0.0 0.0
423.1 502.5 326.5 365.0 534.5952770208885 621.0727925567962 0.0 0.0
428.56666666666666 502.25 323.16666666666663 365.0 537.0813781167126 620.8704605688808 0.0 0.0
434.0333333333333 501.75 319.83333333333337 364.0 539.5674792125367 619.878317913636 0.0 0.0
439.5 501.5 316.5 363.0 542.0535803083609 619.089181014991 0.0 0.0
444.9666666666667 502.25 313.16666666666663 362.5 544.5396814041851 619.4041533278053 0.0 0.0
450.43333333333334 502.25 309.83333333333337 361.25 547.0257825000092 618.6733764706945 0.0 0.0
455.9 502.75 306.5 360.25 549.5118835958333 618.4967222359078 0.0 0.0
461.0 502.75 304.5 360.25 552.4864414082763 618.4967222359078 0.0 0.0
463.5 502.75 348.5 362.75 579.9245669834629 619.9559164794133 0.0 0.0
470.0 503.5 365.5 363.75 595.3962719389874 621.1491935340623 0.0 0.0
478.0 503.5 372.0 364.25 605.6962935333186 621.4421298021402 0.0 0.0
482.0 504.75 373.5 365.25 609.7759329634682 623.0410525794712 0.0 0.0
491.0 505.5 380.0 366.0 620.8797559871279 624.0883350936789 0.0 0.0
515.0 505.25 408.5 366.0 657.3412567863471 623.8858741866025 0.0 0.0
508.0 504.0 405.5 366.0 649.9955812795973 622.873984044927 0.0 0.0
510.5 505.25 411.5 365.5 655.7000119711944 623.592909524371 0.0 0.0
507.5 505.25 409.5 365.25 652.1093782162066 623.4462662077219 0.0 0.0
503.0 504.5 405.5 364.5 646.0954639026592 622.3990566692471 0.0 0.0
501.5 505.0 404.0 365.0 643.9862951878135 623.0972349597291 0.0 0.0
500.0 505.5 403.0 365.25 642.1907816217856 623.6489862027597 0.0 0.0
499.5 506.25 400.5 364.75 640.2347989830045 623.9645396861897 0.0 0.0
502.0 506.5 400.5 364.75 642.1870881956792 624.1673282512925 0.0 0.0
504.0 506.0 399.5 365.0 643.130839097887 623.9079143293565 0.0 0.0
506.0 504.75 398.5 364.75 644.079456046645 622.7480879172397 0.0 0.0
506.5 417.8611111111111 399.25 203.19444444444446 644.9363753119019 465.32548065960884 0.0 0.0
506.5 421.30555555555554 398.75 233.97222222222223 644.6269084403175 484.4146034293645 0.0 0.0
506.75 424.75 398.75 264.75 644.8234240834786 503.50372619912014 0.0 0.0
506.5 428.19444444444446 398.5 295.5277777777778 644.4723388825115 522.5928489688758 0.0 0.0
507.75 431.6388888888889 398.25 326.30555555555554 645.300803346496 541.6819717386314 0.0 0.0
507.0 471.5 397.5 348.0 644.248199669916 586.138555377207 0.0 0.0
506.75 513.5 397.75 363.0 644.2055170601195 628.8498131861522 0.0 0.0
506.0 537.0 397.5 359.0 643.461148788332 645.9548817455943 0.0 0.0
506.0 555.0 397.5 355.0 643.461148788332 658.8249603030287 0.0 0.0
505.25 523.0 397.75 365.5 643.0261477939964 638.1787286750409 0.0 0.0
505.75 523.5 398.5 366.5 643.8830399601759 639.1927889683254 0.0 0.0
505.5 503.5 399.5 371.5 644.3062212694791 625.719256635873 0.0 0.0
505.5 509.0 400.25 371.0 644.7717184567559 629.8705591509594 0.0 0.0
505.0 513.5 401.0 368.0 644.8458368667528 631.7485759865649 0.0 0.0
504.5 510.0 402.5 367.5 645.3888136466 628.6156354454976 0.0 0.0
504.25 509.0 404.0 367.0 646.1301085739252 627.5110871431307 0.0 0.0
504.25 516.5 404.75 364.0 646.5993725020314 631.8808009479852 0.0 0.0
504.75 529.5 405.5 361.0 647.4589647358071 640.8545603616134 0.0 0.0
505.25 538.5 406.25 358.0 648.3184005892606 646.644795588397 0.0 0.0
505.25 548.5 406.75 355.0 648.63173406896 653.3608587427397 0.0 0.0
501.25 502.5 391.75 363.0 636.2452302574698 619.8993972092364 0.0 0.0
493.75 501.5 368.25 362.0 615.9522121030323 618.503366491015 0.0 0.0
493.25 500.5 367.5 362.0 615.1033371278263 617.692692662654 0.0 0.0
492.0 500.0 367.0 362.0 613.8020853662848 617.2880101746639 0.0 0.0
491.5 500.0 367.0 361.5 613.4014505132136 616.9945995072555 0.0 0.0
498.5 496.0 381.0 362.0 627.4528882254926 614.0521247461672 0.0 0.0
502.75 494.25 391.75 361.0 637.3583220553646 612.0491220257152 0.0 0.0
502.0 493.5 392.5 361.25 637.2285696671172 611.5912468259669 0.0 0.0
502.5 492.75 393.5 361.0 638.2385917507653 610.8386580732235 0.0 0.0
503.0 492.5 393.5 361.5 638.6323277129025 610.9325556333597 0.0 0.0
502.0 491.5 393.0 361.5 637.5367871754285 610.1266981243225 0.0 0.0
505.0 492.25 399.5 361.75 643.9141276353614 610.8789797106062 0.0 0.0
505.0 492.5 401.0 362.0 644.8457179822162 611.228476103658 0.0 0.0
504.0 492.25 402.0 362.25 644.6859700660469 611.175299870903 0.0 0.0
505.0 492.75 403.0 362.0 646.0914000869459 611.4299339978149 0.0 0.0
506.0 494.75 405.5 362.0 648.4336897478415 613.0431194132227 0.0 0.0
506.0 494.0 404.5 362.25 647.8093767712708 612.5855884236698 0.0 0.0
490.5 495.25 370.5 361.75 614.7036609788149 613.2990681866345 0.0 0.0
491.0 494.75 369.5 363.5 614.5008136691114 613.929814250004 0.0 0.0
491.0 496.25 370.0 366.0 614.8015940122472 616.6199210364271 0.0 0.0
491.5 496.25 369.5 366.75 614.9007970061236 617.0653813668703 0.0 0.0
491.0 497.5 368.5 368.0 613.9001628293008 618.8136540292282 0.0 0.0
498.5 497.75 378.5 368.5 625.9137610133658 619.3122117902356 0.0 0.0
502.5 497.25 385.0 369.25 633.0333787512084 619.3571242268674 0.0 0.0
506.0 497.5 386.5 369.5 636.724750487917 619.7068572143371 0.0 0.0
506.0 498.25 388.0 369.75 637.6362599476288 620.4579983212263 0.0 0.0
507.0 498.75 390.5 369.75 639.952543775773 620.8596840686389 0.0 0.0
506.5 498.5 390.5 369.5 639.5565598145554 620.5099424252285 0.0 0.0
493.5 497.5 376.5 369.0 620.7213473998172 619.4087993881747 0.0 0.0
494.5 497.0 376.5 368.5 621.5164183340032 618.7093420985334 0.0 0.0
496.0 497.0 373.0 367.25 620.6006442878895 617.9656972084393 0.0 0.0
497.0 496.75 370.5 366.75 619.9027429333797 617.467511510019 0.0 0.0
497.0 496.0 368.0 365.25 618.4116839762894 615.973677650431 0.0 0.0
505.5 495.5 383.5 364.25 634.5350136618101 614.9783354509289 0.0 0.0
506.0 497.0 394.0 367.5 641.304925620514 618.1161391826427 0.0 0.0
504.5 498.5 396.0 370.0 641.3551314920223 620.8078697928333 0.0 0.0
503.5 498.5 398.5 369.5 642.1172761163834 620.5098709932018 0.0 0.0
502.0 497.75 401.0 369.0 642.4991460047936 619.6098495048413 0.0 0.0
498.5 498.0 402.0 368.5 640.395971579888 619.512913505441 0.0 0.0
487.0 497.5 382.0 368.0 618.945570377959 618.8139777440242 0.0 0.0
486.5 498.25 378.5 367.25 616.3967815662286 618.9715237395778 0.0 0.0
487.0 499.25 375.0 366.0 614.6498935973151 619.0368198644405 0.0 0.0
488.5 499.5 370.5 366.0 613.1098658462587 619.2385140918173 0.0 0.0
476.5 498.5 352.5 365.75 592.7347739164886 618.284175259219 0.0 0.0
473.875 498.0 362.1875 365.0 596.7116856145138 617.4375779255497 0.0 0.0
482.375 496.5 392.4375 364.0 621.9691967314996 615.636468689439 0.0 0.0
474.5 496.75 357.0 364.0 593.8547659210792 615.8403167104393 0.0 0.0
492.5 496.25 395.5 363.5 631.6625847740095 615.1392804271113 0.0 0.0
493.0 496.0 397.5 363.5 633.2904510096888 614.9375984602015 0.0 0.0
493.0 495.25 398.0 364.0 633.603762386589 614.6293842666578 0.0 0.0
495.0 494.25 394.0 365.5 632.6626495497715 614.714746933287 0.0 0.0
496.5 495.25 394.0 366.75 633.8362143332718 616.2614647501318 0.0 0.0
498.5 498.25 392.0 368.5 634.165912421467 619.7138972409223 0.0 0.0
499.0 499.25 391.5 370.5 634.2501630747017 621.7080313712459 0.0 0.0
500.5 499.75 396.0 372.25 638.2134468581029 623.1539559502919 0.0 0.0
500.0 435.75 399.0 373.0 639.6885912440055 574.4967135294881 0.0 0.0
487.0 317.6515151515151 406.5 304.4015151515151 634.4491245211673 440.5862190539465 0.0 0.0
474.5 326.25757575757575 411.0 296.00757575757575 627.7510596056709 443.4652672412369 0.0 0.0
473.5 334.8636363636364 411.5 287.6136363636364 627.3232818890114 446.34431542852724 0.0 0.0
473.5 343.469696969697 409.5 279.219696969697 626.0131787750158 449.2233636158177 0.0 0.0
472.5 352.0757575757576 406.5 270.8257575757576 623.296593658376 452.102411803108 0.0 0.0
471.5 360.68181818181813 403.5 262.43181818181813 620.5839991491885 454.98145999039843 0.0 0.0
473.5 369.28787878787875 402.5 254.03787878787878 621.4567563394899 457.86050817768876 0.0 0.0
474.5 377.8939393939394 402.0 245.64393939393938 621.8958076224312 460.73955636497914 0.0 0.0
474.5 386.5 402.5 237.25 622.2190128885487 463.6186045522695 0.0 0.0
490.0 395.1060606060606 403.5 228.8560606060606 634.7618793470031 466.4976527395599 0.0 0.0
500.0 403.71212121212125 406.5 220.46212121212122 644.3929771367846 469.3767009268503 0.0 0.0
502.0 412.3181818181818 407.5 212.0681818181818 646.5758650782301 472.2557491141406 0.0 0.0
502.0 420.9242424242424 408.0 203.6742424242424 646.8910263715211 475.13479730143104 0.0 0.0
501.5 429.530303030303 406.5 195.28030303030303 645.5575109934048 478.01384548872136 0.0 0.0
502.0 438.1363636363636 405.0 186.88636363636363 645.0031007677405 480.8928936760118 0.0 0.0
502.0 446.74242424242425 404.5 178.49242424242422 644.6893425661765 483.7719418633021 0.0 0.0
501.5 455.3484848484849 403.5 170.09848484848484 643.672665257738 486.6509900505925 0.0 0.0
501.5 476.0 403.0 262.25 643.3593474878561 543.9135700422436 0.0 0.0
501.5 506.75 403.5 352.5 643.672665257738 617.2942076932206 0.0 0.0
501.5 476.75 403.5 370.0 643.672665257738 603.4823254526866 0.0 0.0
501.5 462.25 404.5 360.5 644.30000776036 586.2043075815313 0.0 0.0
502.0 480.75 405.0 364.5 645.0031007677405 603.3220077557773 0.0 0.0
502.5 490.5 406.5 362.25 646.334665633834 609.7673742894015 0.0 0.0
503.0 494.25 407.0 364.75 647.0378702234555 614.2684221461551 0.0 0.0
502.0 492.5 406.5 362.0 645.9461285528425 611.2291572495178 0.0 0.0
502.5 493.0 405.5 362.5 645.7062025410628 611.9275246957802 0.0 0.0
495.5 493.5 395.0 362.0 633.6833969612592 612.0345264287917 0.0 0.0
487.0 493.5 375.5 360.0 614.954865661584 610.8541053798047 0.0 0.0
486.5 493.0 373.0 360.5 613.0345891118982 610.7448321516932 0.0 0.0
486.5 492.75 372.5 360.75 612.7303648424811 610.6907949854694 0.0 0.0
487.0 492.5 372.5 360.75 613.1274337362503 610.489027891467 0.0 0.0
488.0 491.75 372.0 360.5 613.6189029995943 609.7362826236779 0.0 0.0
486.5 461.25 365.5 307.5 608.5053244560178 555.4698788571092 0.0 0.0
499.3 443.59375 258.5 270.84375 565.231645203532 520.5981252830396 0.0 0.0
574.5 443.71875 402.5 293.96875 708.0968482478844 533.6128814334719 0.0 0.0
649.7 443.84375 546.5 317.09375 850.9620512922368 546.6276375839043 0.0 0.0
481.5 443.96875 354.5 340.21875 597.9410317413253 559.6423937343366 0.0 0.0
496.0 488.25 394.5 350.25 633.7567748057704 600.9681508031974 0.0 0.0
499.5 503.25 406.5 347.5 644.0101755124848 611.5691560886223 0.0 0.0
496.5 496.0 409.5 347.75 643.5860435338758 605.770752361545 0.0 0.0
497.5 495.75 410.0 347.0 644.6753842961432 605.1256754193348 0.0 0.0
500.5 496.75 412.0 346.5 648.263186381302 605.6613686132177 0.0 0.0
504.0 502.25 412.0 351.75 650.9692014812796 613.1757395371658 0.0 0.0
502.5 501.5 411.5 351.5 649.490954517459 612.4169331427732 0.0 0.0
502.5 501.25 410.0 350.25 648.5417489142351 611.4954037530262 0.0 0.0
502.0 501.5 409.0 349.5 647.5222003916159 611.2716127400379 0.0 0.0
499.5 500.25 408.0 350.0 644.9529828189768 610.5326224207065 0.0 0.0
500.0 500.0 408.5 348.5 645.6565649988099 609.4688387831368 0.0 0.0
499.5 500.25 409.5 341.75 645.9028564730148 605.8517158074176 0.0 0.0
499.5 498.25 410.0 337.25 646.2200858573785 601.6566674811929 0.0 0.0
499.5 499.0 409.5 336.25 645.9028564730148 601.7184289152876 0.0 0.0
500.5 499.5 410.5 336.5 647.3102038435668 602.272778730701 0.0 0.0
500.5 499.5 410.5 337.0 647.3102038435668 602.5524224491929 0.0 0.0
500.0 499.5 410.0 338.0 646.6065264130884 603.1122793316206 0.0 0.0
500.0 499.75 413.0 338.75 648.5129142892993 603.7397033859854 0.0 0.0
499.0 499.25 413.5 338.5 648.0612611635015 603.1861315402431 0.0 0.0
499.0 498.5 415.0 339.0 649.019260114829 602.8459587655872 0.0 0.0
500.0 498.25 415.5 339.0 650.1079893986389 602.6392638031416 0.0 0.0
500.5 498.0 415.0 338.75 650.1733244712657 602.2919601233181 0.0 0.0
485.5 498.75 395.5 347.5 626.2332521018576 607.911340188049 0.0 0.0
486.0 495.75 386.0 359.75 620.6388750238909 612.5260223705782 0.0 0.0
486.0 497.0 384.5 360.0 619.7065837959123 613.6847725013225 0.0 0.0
485.0 500.0 385.5 361.0 619.5443890473063 616.7018157804717 0.0 0.0
484.0 500.5 385.5 362.5 618.76186857304 617.98717686028 0.0 0.0
484.0 499.25 385.0 363.25 618.4504830623063 617.414875130589 0.0 0.0
498.0 501.75 410.0 364.75 645.0616993862188 620.3189728265088 0.0 0.0
497.5 501.5 410.0 365.5 644.6753842961432 620.5586096353112 0.0 0.0
495.0 501.0 410.0 366.0 642.7480066091221 620.4490309445249 0.0 0.0
495.0 497.5 410.0 367.5 642.7480066091221 618.5222279649618 0.0 0.0
495.5 495.25 410.0 367.0 643.1332664364186 616.4102405501059 0.0 0.0
496.0 494.75 410.0 366.0 643.5184535038603 615.413488195847 0.0 0.0
495.0 492.5 409.0 366.0 642.110698065302 613.6060128008454 0.0 0.0
495.0 490.75 409.0 366.0 642.1106613584326 612.2022417783348 0.0 0.0
495.0 489.75 408.5 365.75 641.7922171544308 611.2513782625972 0.0 0.0
545.5 490.5 396.5 365.75 674.5391316657866 611.8523696094 0.0 0.0
556.0 491.5 383.5 365.0 675.4320242667804 612.2069412092214 0.0 0.0
556.5 491.5 382.5 365.0 675.2769679185562 612.2069412092214 0.0 0.0
557.0 491.0 382.0 365.0 675.4058631459181 611.8055246563241 0.0 0.0
558.0 492.0 381.5 365.5 675.9484077945594 612.9072078354701 0.0 0.0
558.0 493.0 380.5 365.5 675.3845201068796 613.7095496466457 0.0 0.0
559.0 492.75 379.5 366.25 675.6488206692893 613.9558187253356 0.0 0.0
560.0 492.5 380.5 366.5 677.0378497543546 613.9043085041837 0.0 0.0
560.0 492.0 382.0 366.5 677.881995630508 613.5033326872758 0.0 0.0
503.5 491.75 386.0 366.25 634.4690354764844 613.1535267627856 0.0 0.0
488.5 490.75 383.5 366.25 621.0511251096805 612.3518167005394 0.0 0.0
489.5 490.5 382.0 366.75 620.914043970661 612.4506940057581 0.0 0.0
489.0 489.5 383.0 367.0 621.1360559490972 611.8000081726053 0.0 0.0
489.0 490.25 384.0 367.5 621.7531664575581 612.7000203835643 0.0 0.0
490.0 491.0 383.0 368.5 621.9236287519553 613.9001628293008 0.0 0.0
489.0 491.0 381.5 368.5 620.2123873394884 613.9001628293008 0.0 0.0
489.5 491.25 381.5 367.5 620.6065581348621 613.500705080316 0.0 0.0
488.5 490.75 381.5 367.5 619.8185158170246 613.1004119070444 0.0 0.0
546.5 490.0 385.5 367.0 668.802644544367 612.2001306762356 0.0 0.0
557.5 489.75 387.0 365.5 678.6573024883032 611.1017718795184 0.0 0.0
559.0 489.5 387.5 364.5 680.1744261584671 610.3037447247258 0.0 0.0
559.5 489.75 387.5 364.0 680.5854097760251 610.2057724569369 0.0 0.0
559.5 490.25 387.0 364.75 680.3008525645106 611.0546189692241 0.0 0.0
559.5 491.0 385.0 365.5 679.1651124726593 612.104026402661 0.0 0.0
559.0 491.25 383.5 366.75 677.9035698386607 613.0515862652552 0.0 0.0
558.5 491.75 384.0 367.0 677.7745423425295 613.6018772176337 0.0 0.0
558.0 492.0 383.0 368.25 676.7961288305364 614.5503009460585 0.0 0.0
546.0 474.75 377.0 363.67857142857144 663.5148811296647 598.0837322108531 0.0 0.0
511.5 467.75 378.5 348.3928571428571 636.3261582878058 583.4005888329539 0.0 0.0
499.0 460.75 384.0 333.1071428571429 629.6488132810068 568.7174454550546 0.0 0.0
499.0 453.75 383.0 317.82142857142856 629.0389853109887 554.0343020771554 0.0 0.0
499.0 453.75 386.0 366.0 630.873133239992 583.002543075982 0.0 0.0
501.5 498.0 391.5 379.0 636.2339424340773 625.8168683331587 0.0 0.0
504.0 502.5 402.0 380.0 644.6860885682681 630.0052490372252 0.0 0.0
504.0 505.0 404.0 378.0 645.9352840557693 630.802574550823 0.0 0.0
505.0 503.5 405.0 377.5 647.3407139984322 629.3001351010281 0.0 0.0
505.5 503.5 406.5 378.0 648.6697927297062 629.6000714739477 0.0 0.0
505.5 503.25 406.0 376.5 648.3566518755064 628.5005440863473 0.0 0.0
505.0 500.25 405.5 372.75 647.653767068312 623.8530967566232 0.0 0.0
470.5 499.75 341.0 371.25 582.0310500482378 622.5566217921557 0.0 0.0
441.07142857142856 501.25 273.5 371.0 519.0543478426653 623.612527632879 0.0 0.0
442.5 502.75 267.5 371.0 517.1732429011183 624.8188413735102 0.0 0.0
443.92857142857144 503.25 261.5 370.5 515.2921379595714 624.9248882496327 0.0 0.0
449.0 502.75 285.5 371.0 532.5331980671986 624.8189824406634 0.0 0.0
480.5 503.5 382.0 370.5 613.8445717737591 625.1273219071247 0.0 0.0
490.0 503.25 388.0 368.5 625.0153227374223 623.7409831608793 0.0 0.0
491.0 501.75 390.0 367.5 627.0419548609707 621.9402030816527 0.0 0.0
490.0 501.75 390.5 367.0 626.5702275084574 621.6446607858118 0.0 0.0
488.0 501.5 387.5 366.0 623.1374246504538 620.852840856833 0.0 0.0
488.5 500.0 383.5 364.75 621.0512496348535 618.9043311320954 0.0 0.0
487.5 499.25 377.0 364.25 616.2671904296058 618.003744310985 0.0 0.0
488.0 498.75 372.5 364.0 613.9220227357869 617.452495517507 0.0 0.0
501.5 498.75 371.5 363.5 624.1421236596266 617.1580968043195 0.0 0.0
506.5 499.0 381.5 363.0 634.10479505486 617.0656367032602 0.0 0.0
505.5 499.5 389.0 362.5 637.8523927544036 617.176626000512 0.0 0.0
504.0 499.75 394.5 362.25 640.0362528963451 617.231923103771 0.0 0.0
505.0 499.5 399.5 362.75 643.9144858395889 617.3231353343967 0.0 0.0
506.0 499.0 404.5 362.5 647.8092775728329 616.7716451369598 0.0 0.0
507.0 498.5 409.5 363.0 651.7203397916587 616.6613738511599 0.0 0.0
507.5 498.5 413.5 362.75 654.6285245501722 616.5142766898632 0.0 0.0
508.5 497.25 417.5 362.25 657.9350308218322 615.2094180110959 0.0 0.0
509.0 496.5 420.0 363.5 659.9098423269652 615.3413591827339 0.0 0.0
510.0 493.75 422.0 363.0 661.9547933179413 612.8279403134852 0.0 0.0
510.0 494.0 421.0 361.75 661.3177365553122 612.2900221959734 0.0 0.0
502.5 493.5 417.5 362.0 653.3092528069765 612.0346497877997 0.0 0.0
485.0 492.25 384.5 361.75 618.9227766975519 610.8790773530638 0.0 0.0
483.0 491.5 384.5 361.0 617.356668680395 609.8305810686237 0.0 0.0
483.0 491.25 385.5 360.0 617.9800989646543 609.037424414304 0.0 0.0
483.0 492.25 385.5 360.25 617.9800989646543 609.9920057453955 0.0 0.0
483.0 492.75 385.0 359.75 617.6681957167618 610.1014040867277 0.0 0.0
488.5 493.5 388.5 359.0 624.1532415410077 610.2649014977021 0.0 0.0
496.5 494.25 400.0 359.75 637.583208999465 611.3126270784089 0.0 0.0
496.5 494.5 397.5 359.25 636.017693195094 611.2209573085768 0.0 0.0
497.0 495.5 394.0 359.0 634.2278770284385 611.8834333907974 0.0 0.0
498.0 496.0 392.0 360.0 633.7729054174004 612.8751912094338 0.0 0.0
497.0 496.75 391.5 360.5 632.6786493008005 613.7758660820526 0.0 0.0
490.0 497.0 396.0 361.5 630.0130906851044 614.5677517872389 0.0 0.0
489.0 497.5 397.5 365.75 630.1804507692719 617.4803217617452 0.0 0.0
488.5 497.75 400.0 368.5 631.3734233058333 619.3142116036372 0.0 0.0
488.0 499.0 401.0 373.0 631.6210487575927 623.0019610470437 0.0 0.0
488.5 458.0625 404.0 378.03125 633.91540883455 594.3121528835538 0.0 0.0
476.5 466.3125 409.5 356.15625 628.2857607466614 588.2580140312385 0.0 0.0
475.0 474.5625 411.5 334.28125 628.4563287802496 582.2038751789232 0.0 0.0
473.5 482.8125 412.0 312.40625 627.6514619757672 576.149736326608 0.0 0.0
472.5 488.25 412.0 335.25 626.897406263269 593.175067280771 0.0 0.0
470.5 548.25 411.0 366.0 624.7330295429617 659.2764773479512 0.0 0.0
470.0 510.5 410.0 371.75 623.698645180507 631.578905754648 0.0 0.0
470.0 508.25 409.0 377.75 623.0417321496209 633.3664692306285 0.0 0.0
470.0 497.25 408.5 384.5 622.7137323169529 628.5709806791067 0.0 0.0
469.0 496.5 409.0 386.75 622.2877148072264 629.3554427868592 0.0 0.0
477.0 496.0 409.0 387.5 628.3695122802678 629.4222789555836 0.0 0.0
496.0 501.25 413.0 389.5 645.4341183920621 634.7945371206856 0.0 0.0
500.0 500.75 417.0 383.25 651.0676635771242 630.5850347369953 0.0 0.0
503.5 508.5357142857143 419.5 361.5 655.3568512154513 623.9317572206593 0.0 0.0
508.0 502.67857142857144 420.0 357.5 659.1388321135389 616.8403747917606 0.0 0.0
512.5 496.82142857142856 418.5 353.5 661.663509658106 609.7489923628618 0.0 0.0
492.5 490.9642857142857 391.5 349.5 629.1566964462156 602.6576099339632 0.0 0.0
513.875 492.25 340.5 361.25 616.5613078945146 610.7703283150463 0.0 0.0
509.375 497.25 316.5 365.5 599.9460923269828 617.1294500750093 0.0 0.0
500.0 523.75 310.0 380.5 588.4448386184368 647.4305740110156 0.0 0.0
503.5 514.0 353.0 377.0 614.9160390041056 637.436271324436 0.0 0.0
512.5 514.5 363.5 376.0 628.3272095138166 637.2499237148393 0.0 0.0
509.25 514.125 367.75 374.75 628.1546287271664 636.2093257074584 0.0 0.0
504.0 514.5 372.5 374.0 626.7162379762669 636.0709473006922 0.0 0.0
498.75 513.0 368.25 372.0 619.9688590563999 633.6820969539853 0.0 0.0
499.5 524.5 369.5 389.5 621.3140480652496 653.3081348469384 0.0 0.0
500.25 523.5 369.5 384.0 621.9168039682097 649.2366760604698 0.0 0.0
502.0 515.5 370.75 377.5 624.0670772752642 638.9424865781707 0.0 0.0
505.5 476.825 375.25 359.175 629.5599697250377 597.0890864720303 0.0 0.0
517.5 448.125 403.5 349.875 656.2200452624163 569.0406649422424 0.0 0.0
522.0 419.425 399.25 340.575 657.1807672350325 540.9922434124544 0.0 0.0
526.5 390.725 397.25 331.275 659.554030118589 512.9438218826665 0.0 0.0
532.0 362.025 396.0 321.975 663.2057996912035 484.8954003528786 0.0 0.0
537.5 398.5 396.75 314.0 668.0696385387788 508.6790904312169 0.0 0.0
541.5 463.5 395.0 352.5 670.2618144010105 582.3342399163407 0.0 0.0
512.0416666666667 498.0 350.125 361.5 620.5236555710097 615.3755737092553 0.0 0.0
512.2083333333333 504.5 326.625 362.0 608.208528034462 620.9382698537863 0.0 0.0
512.375 506.5 303.125 362.0 595.8934004979143 622.5648646801747 0.0 0.0
527.25 508.5 275.75 364.0 595.2059860048724 625.3545955178287 0.0 0.0
544.75 511.5 332.25 368.0 638.1620639713824 630.1240633935122 0.0 0.0
547.5 520.0 359.0 372.5 654.7046540692057 639.6559547770817 0.0 0.0
544.5 522.0 358.75 375.0 652.0597588155599 642.7406680630287 0.0 0.0
544.25 522.0 358.25 375.0 651.5759701730683 642.7406680630287 0.0 0.0
520.75 520.5 345.0 376.5 624.6643598819828 642.396670679595 0.0 0.0
523.5 519.5 347.75 376.0 628.4764934203398 641.292639907866 0.0 0.0
522.5 521.5 346.75 378.5 627.0899902648173 644.3796187743405 0.0 0.0
529.0 526.0 348.75 380.5 633.6169584457912 649.1966189067839 0.0 0.0
591.625 526.0 347.75 380.0 686.2637096572823 648.9040663644681 0.0 0.0
589.0 521.75 353.0 381.25 686.6811946578555 646.2021858765934 0.0 0.0
595.0 521.5 357.0 382.5 693.8833231722001 646.7373115958885 0.0 0.0
596.5 520.75 355.0 386.25 694.146027461502 648.3618251177008 0.0 0.0
597.0 520.5 352.0 387.25 693.0462646685862 648.7550088699712 0.0 0.0
596.5 501.25 350.5 392.75 691.854392195352 636.9666433478463 0.0 0.0
594.0 511.0 349.0 386.75 688.9390393931817 640.871984822988 0.0 0.0
558.5 521.25 355.5 379.75 662.4471511307804 644.9176099318499 0.0 0.0
516.0 524.0 346.0 372.5 621.2699345140732 642.915537016936 0.0 0.0
511.0 514.25 347.0 366.25 617.6812113856236 631.341531317476 0.0 0.0
508.5 513.0 348.0 361.0 616.178748416399 627.2885154815144 0.0 0.0
508.0 514.5 349.0 353.0 616.3320288929667 623.9557515142503 0.0 0.0
528.5 513.5 386.5 353.0 654.749849195844 623.1314291071474 0.0 0.0
531.5 514.75 385.5 349.5 656.5840282708516 622.189729416023 0.0 0.0
529.5 511.0 385.5 345.0 654.9660388787186 616.5599498217417 0.0 0.0
530.0 507.5 386.5 348.25 655.9590307328652 615.4952681068714 0.0 0.0
529.0 508.0 386.5 351.0 655.1513183990397 617.4671463836139 0.0 0.0
542.5 507.5 376.5 354.25 660.5592642677578 618.9111662301955 0.0 0.0
578.0 506.0 368.0 356.5 685.2070574376241 618.975113929539 0.0 0.0
579.5 506.25 369.5 357.0 687.2776529621185 619.4661959868843 0.0 0.0
581.5 509.5 370.0 357.0 689.2330882945189 622.1306666172525 0.0 0.0
582.5 524.0 372.5 355.0 691.4206389745681 632.9349495861679 0.0 0.0
584.0 540.0 374.0 351.5 693.4926099101561 644.3315094421448 0.0 0.0
584.5 557.0 375.5 347.0 694.7233262241883 656.2528159411971 0.0 0.0
522.0 560.25 373.5 341.5 641.8809638362949 656.1267632333952 0.0 0.0
515.5 545.5 364.5 350.25 631.3484246573953 648.4414363180305 0.0 0.0
514.5 542.0 366.0 354.5 631.4002961692615 647.6375723314798 0.0 0.0
511.0 542.0 366.5 356.5 628.8427863941829 648.7344792006942 0.0 0.0
502.5 543.25 368.0 356.75 622.8405392020156 649.9163368106483 0.0 0.0
515.5 504.75 396.5 368.25 650.3480552177509 624.8045004285216 0.0 0.0
507.0 411.2142857142857 403.5 374.0 647.9674854684041 556.1988030482026 0.0 0.0
503.5 416.07142857142856 407.5 350.0 647.7411511898063 544.9260377412236 0.0 0.0
503.5 420.92857142857144 408.0 326.0 648.0558225117287 533.6532724342445 0.0 0.0
506.5 425.7857142857143 405.5 302.0 648.8240113074423 522.3805071272654 0.0 0.0
508.5 503.25 401.0 329.0 647.5903411880075 601.8603663816721 0.0 0.0
511.5 497.25 396.0 365.75 646.8757608691177 617.2879603902599 0.0 0.0
513.5 498.0 390.5 365.0 645.1147114365259 617.4592383125237 0.0 0.0
516.0 504.25 388.0 358.5 645.60056559574 618.7024179620107 0.0 0.0
517.5 505.75 388.0 356.25 646.8000077303649 618.6254708002755 0.0 0.0
517.5 503.25 389.0 356.75 647.4005018073846 616.8731479754315 0.0 0.0
517.0 504.5 391.5 354.75 648.5070615562377 616.7408090385625 0.0 0.0
515.0 511.75 397.0 359.5 650.2647512162314 625.4027647336065 0.0 0.0
512.5 512.5 404.0 360.25 652.5898012844625 626.4473795861034 0.0 0.0
511.0 512.0 406.0 361.0 652.6553256637271 626.4704039183546 0.0 0.0
507.5 511.5 396.0 363.5 643.7210654692252 627.5075461819596 0.0 0.0
503.0 509.0 382.5 366.25 631.9144590905778 627.0737479579714 0.0 0.0
504.0 511.25 378.0 366.0 630.0 628.7547881946838 0.0 0.0
505.0 504.5 376.5 359.0 629.9025718315492 619.198029852313 0.0 0.0
501.0 501.5 372.5 346.5 624.3054514912537 609.5677089475416 0.0 0.0
472.8 501.5 307.3 342.0 564.4112369398306 607.0147712912892 0.0 0.0
484.0 501.75 276.5 339.5 558.8725863139055 605.8178138858732 0.0 0.0
495.2 501.25 245.7 337.5 553.3339356879801 604.2828911338761 0.0 0.0
480.5 500.5 327.5 337.0 581.5122873820977 603.3815128092673 0.0 0.0
518.0 503.0 386.0 339.25 646.004628462375 606.712096244677 0.0 0.0
518.0 506.25 387.5 345.5 646.9017986589113 612.9112883620653 0.0 0.0
515.0 507.0 387.5 348.0 644.5007757947232 614.9427041907472 0.0 0.0
517.5 508.5 397.5 350.5 652.5473352290621 617.5941875707254 0.0 0.0
508.0 508.5 414.0 351.75 655.3320915580894 618.304390018772 0.0 0.0
506.0 509.0 416.0 351.0 655.0512569052689 618.2901242319631 0.0 0.0
505.0 507.75 414.5 349.5 653.3264110456025 616.4097770534443 0.0 0.0
505.0 509.25 405.5 350.0 647.653725382859 617.9284607065553 0.0 0.0
506.0 508.75 397.0 350.25 643.1527756445853 617.6582759781625 0.0 0.0
506.0 509.5 390.0 351.5 638.8556110402876 618.985603653121 0.0 0.0
506.5 509.5 384.0 352.5 635.6095166721424 619.5534682333721 0.0 0.0
508.5 507.0 383.0 353.75 636.6022770118901 618.2136112008816 0.0 0.0
511.5 505.25 387.0 356.0 641.4057538029633 618.0743694947821 0.0 0.0
514.0 501.0 393.0 358.25 647.0278201128604 615.90963521819 0.0 0.0
515.5 503.25 400.5 355.25 652.7948556769458 616.0068855860948 0.0 0.0
518.0 499.75 406.0 356.5 658.1499781820521 613.8754128260757 0.0 0.0
519.5 497.75 411.0 354.75 662.4234141219531 611.2304217076529 0.0 0.0
492.5 483.25 352.0 328.5 606.9324782907258 584.4246600929387 0.0 0.0
508.75 457.5 299.0 308.3125 590.3021833890205 551.9668287126385 0.0 0.0
517.0833333333333 443.5 290.33333333333337 312.0625 593.2668929712197 542.740445118803 0.0 0.0
525.4166666666667 429.5 281.66666666666663 315.8125 596.2316025534191 533.5140615249675 0.0 0.0
530.5 415.5 408.0 319.5625 669.2492453944535 524.2876779311318 0.0 0.0
508.0 394.75 429.0 353.25 664.9164844383399 529.9680288719321 0.0 0.0
501.0 420.25 430.5 362.5 660.5584550368696 555.8639800815668 0.0 0.0
505.0 474.75 418.5 342.75 655.8801740704484 585.6570513582852 0.0 0.0
508.5 484.0 411.0 337.0 653.8307203939698 589.7669162741659 0.0 0.0
509.0 482.5 413.5 337.5 655.792986555808 588.824094394346 0.0 0.0
506.0 484.75 426.0 336.25 661.4478941861289 589.9548677992229 0.0 0.0
502.5 483.0 435.5 341.75 664.9564429844588 591.6774476126087 0.0 0.0
505.0 558.75 431.5 338.5 664.2419404849595 653.2869425297769 0.0 0.0
509.5 500.25 424.5 354.5 663.167022702426 613.1238332062842 0.0 0.0
507.0 497.5 424.5 355.5 661.2485054207627 611.4626599429104 0.0 0.0
506.5 495.75 432.0 355.25 665.7088233424395 609.8939484179501 0.0 0.0
515.5 495.25 430.0 353.25 671.300003828429 608.3242076510069 0.0 0.0
518.0 495.0 424.0 352.0 669.4027188471824 607.3953951406638 0.0 0.0
517.5 494.25 418.5 350.5 665.5452485544263 605.9152856743008 0.0 0.0
514.0 494.25 407.0 349.0 655.6263395955765 605.0488677124504 0.0 0.0
501.0 496.0 379.5 351.5 628.5074385581811 607.9212531241196 0.0 0.0
501.0 496.5 367.0 351.5 621.0449261017601 608.3293379960703 0.0 0.0
504.0 497.5 363.0 351.25 621.1164612533378 609.0016873246715 0.0 0.0
505.5 498.25 367.0 350.75 624.6753847324449 609.3264694214549 0.0 0.0
506.5 498.5 372.0 351.5 628.4333813834446 609.9627037778621 0.0 0.0
506.5 497.75 372.0 351.0 628.4327422981902 609.0616250077244 0.0 0.0
513.5 495.75 381.5 350.75 639.7136289440336 607.2839092523886 0.0 0.0
524.5 495.75 396.5 352.25 657.5048738119643 608.1514025963027 0.0 0.0
531.0 498.25 410.5 356.5 671.171556353795 612.6574010136592 0.0 0.0
532.5 501.5 416.5 363.5 676.0391946029583 619.3823536394947 0.0 0.0
535.0 500.75 425.0 363.5 683.3207142385681 618.7754088666119 0.0 0.0
532.5 501.0 427.0 364.0 682.5582348982184 619.2714781309404 0.0 0.0
526.5 500.0 413.5 364.5 669.4662606197544 618.7570201621958 0.0 0.0
515.0 499.5 403.0 364.5 653.9373201857323 618.3531247341466 0.0 0.0
507.0 495.75 408.0 364.25 650.779057426615 615.1807894002777 0.0 0.0
505.0 488.25 414.0 363.5 653.0093027781718 608.709937613789 0.0 0.0
502.5 475.5 412.0 362.25 649.8082372137471 597.7799800245841 0.0 0.0
499.5 397.5 407.5 374.25 644.6367351989531 548.8528796093517 0.0 0.0
494.5 134.5 400.0 246.25 636.0270032633503 283.18982206328786 0.0 0.0
496.5 13.142857142857144 391.5 154.0 632.2851468240796 234.83288382392553 0.0 0.0
496.0 -8.0 377.5 201.33333333333334 623.3161665877344 385.2808273347787 0.0 0.0
496.5 -29.142857142857142 371.0 248.66666666666669 619.8009761205608 535.7287708456319 0.0 0.0
495.0 -215.5 373.0 296.0 619.8015811531945 686.176714356485 0.0 0.0
496.5 -723.5 387.0 337.75 629.5317478554136 798.4850321679289 0.0 0.0
497.0 -711.75 408.0 347.75 643.019586382853 792.1706494619264 0.0 0.0
490.0 -704.0 408.0 298.5 637.6254141074303 764.7348566392652 0.0 0.0
488.5 -689.25 407.0 317.0 635.8320804131617 758.7147597191489 0.0 1.0
489.0 -656.0 403.5 334.25 633.982058105748 736.2467523427595 0.0 1.0
489.5 -651.75 402.5 333.75 633.732202678379 732.2353114706824 0.0 1.0
483.5 -651.5 395.5 329.0 624.6539081456706 729.859232989603 0.0 1.0
479.5 -672.0 394.5 323.5 620.9272106409483 745.9364861925083 0.0 1.0
479.0 -681.5 392.0 322.0 618.9547680883093 753.7584993029752 0.0 1.0
478.0 -709.75 387.5 328.5 615.337589573239 782.2743626644101 0.0 1.0
489.5 -632.75 411.5 332.5 639.4953989318583 715.1998306297656 0.0 1.0
488.5 -645.25 417.0 326.5 642.2781718227702 723.1828127347405 0.0 1.0
490.0 -643.5 417.5 327.0 643.7443179004001 721.8185677652522 0.0 1.0
490.5 -651.75 417.0 318.0 643.8006290770459 725.2528872101198 0.0 1.0
490.0 -653.0 415.0 315.0 642.1253798212167 725.0228068802602 0.0 1.0
491.0 -648.0 411.0 327.5 640.3149093961742 726.1306990483417 0.0 1.0
493.5 -661.1071428571429 409.0 361.17857142857144 640.9550310249911 753.3451277858471 0.0 1.0
497.0 -661.5357142857142 410.0 357.8928571428571 644.289534726777 752.1875316895876 0.0 0.0
498.5 -661.9642857142858 411.0 354.6071428571429 646.0830055031629 751.0299355933281 0.0 0.0
500.0 -662.3928571428571 412.5 351.32142857142856 648.1946081232086 749.8723394970685 0.0 0.0
500.5 -662.8214285714286 412.0 348.0357142857143 648.2624854177511 748.7147434008091 0.0 0.0
501.0 -663.25 408.5 344.75 646.4311641621249 747.5571473045495 0.0 0.0
501.5 -663.6785714285714 405.5 341.4642857142857 644.9282948819713 746.3995512082901 0.0 0.0
495.0 -661.75 393.0 339.5 632.0405026616925 743.7576749601856 0.0 0.0
497.0 -663.75 393.0 347.5 633.6072551825682 749.2277048263193 0.0 0.0
497.0 -668.1666666666667 394.5 356.5 634.538732756887 757.3286335570313 0.0 0.0
497.0 -668.8333333333333 394.5 362.5 634.5386119063205 760.7575123117047 0.0 0.0
497.0 -657.5 393.0 357.5 633.6072551825682 748.4066921607866 0.0 1.0
498.0 -665.0 391.0 352.875 633.1549215321246 752.8389481647332 0.0 0.0
497.0 -626.0 391.0 324.75 632.368638989115 705.2226961767446 0.0 1.0
494.5 -635.75 393.5 326.25 631.9592600679655 714.589843444732 0.0 1.0
493.5 -632.0 396.0 326.0 632.7386948307311 711.1259004496546 0.0 1.0
491.5 -631.25 396.5 325.75 631.4939836949286 710.3447330897895 0.0 1.0
490.0 -632.25 395.5 326.5 629.6986591850452 711.5773529392454 0.0 1.0
493.5 -633.25 405.0 326.25 638.4280328507232 712.3516897906093 0.0 1.0
493.5 -630.0 414.5 324.5 644.4785515533849 708.6610329897806 0.0 1.0
493.0 -630.0 414.0 325.0 643.774142546256 708.8899774993265 0.0 1.0
493.5 -627.75 412.5 326.25 643.1939862629692 707.4687452530266 0.0 1.0
493.0 -624.25 412.5 327.75 642.8104338922367 705.0594336170426 0.0 1.0
491.0 -622.5 410.5 328.5 639.9931671161185 703.859754819892 0.0 1.0
488.0 -622.0 403.0 329.5 632.8953520587497 703.8852670237463 0.0 1.0
486.0 -657.0 391.5 327.0 624.0740353631538 734.0087532176137 0.0 1.0
486.5 -642.0 389.0 328.0 622.899068870712 720.956105628537 0.0 1.0
487.5 -447.25 388.0 312.5 623.0571803614818 546.9623427619235 0.0 0.0
486.5 -227.1875 385.5 323.21875 620.7197381918922 516.3069893866923 0.0 0.0
486.0 -13.4375 381.5 330.84375 617.8497756862207 536.7675414052121 0.0 0.0
485.5 200.3125 383.5 338.46875 618.6941894021634 557.228093423732 0.0 0.0
485.0 414.0625 393.0 346.09375 624.2387363821633 577.688645442252 0.0 0.0
484.0 454.0 399.5 339.0 627.5796762164945 566.6674553304524 0.0 0.0
484.0 478.75 398.0 348.75 626.6260042057646 592.3112367014961 0.0 0.0
484.0 468.875 393.0 350.375 623.4621079103364 585.3505729232627 0.0 0.0
485.5 476.5 392.5 352.0 624.3128266723015 592.4715992546326 0.0 0.0
486.0 515.25 391.5 343.75 624.0740353631538 619.412833292674 0.0 0.0
486.5 518.0 387.5 341.5 621.9675549191425 620.4507367884698 0.0 0.0
486.0 513.75 383.0 340.75 618.7771442298754 616.4818423999245 0.0 0.0
488.5 512.5 387.0 340.0 623.2194760534376 615.0254059792977 0.0 0.0
490.0 512.25 400.0 339.0 632.5356513493766 614.2646673345952 0.0 0.0
493.5 512.25 404.0 338.5 637.7764880741033 613.9889172617754 0.0 0.0
495.0 512.75 407.5 338.0 641.1561822208376 614.1307527162235 0.0 0.0
498.0 512.0 413.0 337.5 646.9723355794442 613.2295037541954 0.0 0.0
498.5 511.0 418.0 336.5 650.5588652553172 611.8441529722129 0.0 0.0
498.0 510.0 420.0 337.0 651.4630487682787 611.2847127157688 0.0 0.0
488.0 509.5 402.5 335.75 632.5760243426009 610.1791102902089 0.0 0.0
489.0 509.75 398.0 334.25 630.4959156243041 609.5638852333605 0.0 0.0
488.0 507.75 396.0 333.75 628.4585103733758 607.6176151398165 0.0 0.0
488.0 507.25 395.0 333.5 627.8288026887569 607.0625851301593 0.0 0.0
488.5 506.0 395.0 332.5 628.2176383740557 605.4686824226328 0.0 0.0
488.0 506.0 394.0 332.5 627.2002482021142 605.4686824226328 0.0 0.0
487.5 505.5 393.5 333.0 626.4971279854556 605.3284231735305 0.0 0.0
487.5 503.0 392.0 347.25 625.5559527332467 611.2220339501735 0.0 0.0
487.5 500.5 391.0 348.5 624.9297960571251 609.8792244112582 0.0 0.0
488.0 500.5 390.5 351.5 625.007478028453 611.5984527639243 0.0 0.0
496.5 499.5 402.5 352.0 639.1553305836378 611.0681222253374 0.0 0.0
494.5 499.5 406.5 352.5 640.1349656770712 611.3564155931742 0.0 0.0
495.0 500.0 407.5 356.0 641.156185851912 613.7883056081882 0.0 0.0
494.0 499.0 406.0 355.5 639.431000761602 612.683657130041 0.0 0.0
494.5 498.5 407.5 355.5 640.7702396335211 612.276625162295 0.0 0.0
492.5 499.0 407.0 355.25 638.9094223753474 612.5392838303567 0.0 0.0
489.0 499.5 402.5 355.25 633.3460781146989 612.9463157981027 0.0 0.0
491.0 499.5 404.0 356.25 635.8436135763586 613.5261640118822 0.0 0.0
492.5 499.75 405.0 356.75 637.637240129527 614.0200553645636 0.0 0.0
492.5 501.0 403.0 339.0 636.3692709082566 604.937541333059 0.0 0.0
484.0 502.75 388.5 335.25 620.6659487871793 604.276725108346 0.0 0.0
500.70000000000005 503.0 364.79999999999995 335.0 620.4555873385634 604.3463251157436 0.0 0.0
522.3 502.75 343.20000000000005 333.25 625.9146394354758 603.1693336571324 0.0 0.0
538.5 503.0 343.0 333.75 638.6026912269731 603.6539620469875 0.0 0.0
497.0 503.25 382.0 333.5 626.8887249120123 603.7241353233545 0.0 0.0
503.0 502.75 388.0 333.75 635.2642107780173 603.4459488963928 0.0 0.0
555.5 501.75 392.0 334.25 679.8879851235472 602.8899113235416 0.0 0.0
577.5 501.0 389.0 352.0 696.2953886980274 612.30773069736 0.0 0.0
602.5 499.5 384.5 358.0 714.7359096460114 614.5440709665415 0.0 0.0
611.5 499.25 386.5 360.25 723.4052407009599 615.655093572972 0.0 0.0
595.5 498.75 396.5 361.0 715.4376081769249 615.6887070483092 0.0 0.0
545.5 498.25 398.5 361.5 675.6100253423241 615.5772729773918 0.0 0.0
546.21875 498.0 360.59375 361.5 654.5102135648422 615.3750187703472 0.0 0.0
521.09375 498.0 342.96875 362.5 623.8343974345669 615.9629967897245 0.0 0.0
495.96875 497.75 325.34375 362.5 593.1585813042916 615.7608127744189 0.0 0.0
470.84375 498.5 307.71875 362.0 562.4827651740163 616.0732505149043 0.0 0.0
448.5 498.75 336.0 362.0 561.5132289349899 616.2755747755168 0.0 0.0
462.0 499.75 414.5 362.25 620.6958039748856 617.2318701489426 0.0 0.0
498.5 501.0 415.5 363.0 648.9788412689909 618.6840974506252 0.0 0.0
518.5 502.0 413.5 359.0 663.1936936618155 617.1714607405218 0.0 0.0
527.0 503.75 412.0 339.0 668.9342407937256 607.1946721215661 0.0 0.0
533.0 504.25 412.0 338.0 673.6712848266578 607.0521970943721 0.0 0.0
530.5 504.0 410.5 338.5 670.7764098408283 607.1229922469576 0.0 0.0
517.0 504.5 408.5 337.5 658.9113671610514 606.9814659443895 0.0 0.0
498.0 503.5 405.0 337.25 641.8955489076817 606.0114319414297 0.0 0.0
474.5 503.25 399.0 337.0 619.9612944732224 605.6645786652527 0.0 0.0
445.0 502.75 376.5 337.25 582.9042766202 605.3885077609449 0.0 0.0
432.0 503.0 374.5 337.0 571.729269205503 605.4568678219373 0.0 0.0
432.0 508.5 375.5 365.5 572.3847066754244 626.2288336897778 0.0 0.0
443.5 504.5 380.5 366.5 584.3567362617773 623.5739338876489 0.0 0.0
461.0 504.0 381.5 368.5 598.3867132762688 624.3463278415029 0.0 0.0
475.5 503.75 381.5 368.75 609.6256218788358 624.2921014417992 0.0 0.0
482.25 504.0 381.5 369.0 614.9096921533867 624.6414971805827 0.0 0.0
485.0 503.5 376.25 370.0 613.8316358171803 624.8298469693823 0.0 0.0
482.5 503.5 371.75 370.0 609.1012558911211 624.8298469693823 0.0 0.0
478.0 504.0 368.5 370.0 603.5531165736643 625.2327566594699 0.0 0.0
473.5 503.5 367.75 369.5 599.536292709198 624.5338353596358 0.0 0.0
472.5 504.5 372.75 369.5 601.8349634305803 625.3403073527245 0.0 0.0
472.0 506.0 385.0 369.5 609.1114418246382 626.5511447178937 0.0 0.0
475.0 477.0 394.5 349.5 617.4611382726423 591.3368880580815 0.0 0.0
477.0 454.75 402.5 331.5 624.1315861510137 562.7552253565484 0.0 0.0
476.5 459.08333333333337 409.0 332.83333333333337 627.9664176291678 567.0451849627051 0.0 0.0
475.0 463.41666666666663 414.25 334.16666666666663 630.2632621227383 571.3351445688617 0.0 0.0
472.75 466.5 415.75 358.5 629.5562655697238 588.5827615881201 0.0 0.0
472.75 466.5 415.75 381.0 629.5558954630983 602.3156566943842 0.0 0.0
473.0 503.5 413.0 365.0 627.933219360372 621.9009147524042 0.0 0.0
473.0 510.0 411.0 358.0 626.6179078573125 623.1090469918838 0.0 0.0
472.0 506.0 407.75 364.0 623.7340141683862 623.3234832298533 0.0 0.0
471.75 508.0 406.25 362.5 622.5653265565743 624.0774878931547 0.0 0.0
470.25 506.0 404.5 364.5 620.2877300275859 623.6154664534869 0.0 0.0
468.25 506.5 405.25 363.0 619.2625928753835 623.1463834167566 0.0 0.0
466.5 507.5 405.5 364.0 618.1039576275806 624.5416424854379 0.0 0.0
465.5 509.5 403.5 363.5 616.0377444055405 625.8774515252555 0.0 0.0
466.5 509.0 400.5 364.5 614.8389822329734 626.0521144441572 0.0 0.0
478.75 509.5 407.0 364.5 628.3720090628804 626.4586977606745 0.0 0.0
484.5 505.5 409.75 360.0 634.5372408071605 620.5907861816912 0.0 0.0
488.0 499.0 408.5 343.5 636.4097997261229 605.7998004692013 0.0 0.0
489.25 496.75 407.5 341.25 636.7274843638291 602.6708367493266 0.0 0.0
486.0 499.5 408.0 337.75 634.5550435957011 602.9729552416538 0.0 0.0
481.5 498.25 409.5 335.0 632.0862257289054 600.398316427054 0.0 0.0
470.0 499.5 399.0 334.25 616.5301306027097 601.0186616868777 0.0 0.0
457.5 499.75 389.5 331.25 600.8469686782835 599.5638933337552 0.0 0.0
450.0 499.5 387.5 330.5 593.8487968779871 598.9411490288508 0.0 0.0
448.5 499.25 388.5 330.75 593.3671773619744 598.8708083152693 0.0 0.0
454.5 499.0 389.0 331.0 598.240215718771 598.8004676016878 0.0 0.0
465.5 497.5 388.5 332.5 606.3210976825546 598.3836403106894 0.0 0.0
476.5 498.0 387.5 337.5 614.1737503881617 601.603013725078 0.0 0.0
483.5 497.25 388.0 359.75 619.9331668583498 613.7407814892158 0.0 0.0
485.5 498.5 387.5 361.25 621.1818486892797 615.6328556213948 0.0 0.0
482.5 498.5 389.5 363.75 620.0939444955095 617.1031950042636 0.0 0.0
479.5 498.25 391.0 363.5 618.7094227855483 616.7538684193773 0.0 0.0
476.0 499.0 398.0 363.25 620.4680399023736 617.2127699195931 0.0 0.0
474.5 499.0 405.0 364.25 623.8392063401388 617.8018317178664 0.0 0.0
475.5 499.75 410.5 364.5 628.1807043544981 618.5551776734037 0.0 0.0
478.0 500.5 414.5 364.5 632.6882270894303 619.16112604071 0.0 0.0
480.5 502.25 410.5 364.5 631.9987261994263 620.5767531547287 0.0 0.0
483.5 501.75 400.5 365.0 627.8317037771906 620.4662493174363 0.0 0.0
484.5 502.25 402.0 365.5 629.5587740632324 621.1646377999498 0.0 0.0
485.0 503.0 402.5 366.25 630.262841995306 622.2125280844018 0.0 0.0
484.5 503.0 403.0 367.25 630.1977864131228 622.8014155955029 0.0 0.0
481.5 502.75 403.0 367.5 627.8944154985895 622.7470066292103 0.0 0.0
479.0 502.75 401.5 368.25 625.0146823592697 623.1899767235686 0.0 0.0
475.5 503.25 401.0 367.75 622.0138692877777 623.2982295138092 0.0 0.0
470.0 503.0 403.5 365.5 619.44523076943 621.7711286221845 0.0 0.0
462.5 502.5 407.0 364.5 616.0810121821905 620.7789461636082 0.0 0.0
452.0 503.0 410.5 364.5 610.5852823326504 621.1838182684564 0.0 0.0
439.0 501.75 414.5 364.0 603.7688552145303 619.878317913636 0.0 0.0
313.5 500.5 386.0 364.0 497.2721218007572 618.8682455976036 0.0 0.0
237.1764705882353 503.25 332.36764705882354 345.0 417.01625650970743 610.1560597456307 0.0 0.0
203.41176470588235 504.5 342.19117647058823 341.5 416.0120996203705 609.2162410945009 0.0 0.0
169.6470588235294 504.0 352.0147058823529 339.5 415.0079427310336 607.6820544223317 0.0 0.0
135.88235294117646 503.25 361.8382352941177 338.5 414.00378584169675 606.5004797760828 0.0 0.0
102.11764705882354 503.25 371.6617647058823 338.0 412.9996289523598 606.2217992820792 0.0 0.0
68.35294117647058 502.5 381.4852941176471 337.0 411.99547206302293 605.0416700042479 0.0 0.0
34.58823529411764 503.5 391.30882352941177 337.5 410.991315173686 606.1505588548113 0.0 0.0
0.8235294117646959 504.5 401.13235294117646 337.5 409.9871582843491 606.9817206227183 0.0 0.0
19.0 505.5 423.0 337.5 425.5878894294693 607.8128823906252 0.0 0.0
51.5 505.0 495.5 339.0 498.1882858679121 608.2337731916352 0.0 0.0
61.0 504.5 555.0 340.5 558.3662495597712 608.6546639926454 0.0 0.0
59.5 503.5 552.5 341.0 555.6991906212128 608.1064227484085 0.0 0.0
66.0 503.5 524.5 341.5 528.7515329686705 608.3868013032499 0.0 0.0
59.0 502.75 513.0 341.25 516.3817208160301 607.6259092441487 0.0 0.0
169.5 502.25 365.5 341.5 429.2651289695641 607.3527085374473 0.0 0.0
303.65 501.75 225.55 340.75 380.60686877561807 606.5177207600991 0.0 0.0
347.85 500.75 210.95 339.25 409.0048759601534 604.8480217838791 0.0 0.0
409.0 501.5 258.0 338.25 484.79265566290826 604.9096619494036 0.0 0.0
463.5 502.25 346.0 336.0 578.4105386852236 604.2778795663664 0.0 0.0
472.0 503.0 379.0 333.5 605.3388945011674 603.5163167959483 0.0 0.0
471.0 503.25 387.5 332.25 609.9162617538818 603.0346134131953 0.0 0.0
471.0 502.75 387.5 331.75 609.9411866992397 602.341883785974 0.0 0.0
477.0 504.75 403.0 334.0 624.4506253508576 605.2539775014897 0.0 0.0
488.5 505.5 406.5 357.0 635.5153757399139 618.858312378399 0.0 0.0
497.5 499.25 407.0 360.0 642.7715533716134 615.5145603669557 0.0 0.0
496.5 496.5 403.0 364.5 639.4695108796893 615.9332061010904 0.0 0.0
495.5 500.25 399.5 365.0 636.4911580790499 619.2560502636028 0.0 0.0
493.0 499.5 397.0 358.5 632.9759921396688 614.8388740866188 0.0 0.0
490.0 455.5 399.0 301.5 631.9073393408219 546.4941012480807 0.0 0.0
488.0 433.7857142857143 404.0 261.6428571428571 633.5307302862673 506.89133090287055 0.0 0.0
487.5 435.5 410.5 255.16666666666666 637.3123224531587 505.39407683592947 0.0 0.0
488.0 437.2142857142857 414.5 248.69047619047618 640.2767005712659 503.8968227689884 0.0 0.0
488.0 438.92857142857144 417.5 242.21428571428572 642.2228997884143 502.39956870204725 0.0 0.0
488.5 440.6428571428571 418.0 235.73809523809524 642.9280200695966 500.9023146351061 0.0 0.0
489.5 442.3571428571429 418.0 229.26190476190476 643.6880067237544 499.405060568165 0.0 0.0
493.0 444.07142857142856 418.5 222.78571428571428 646.6771642035003 497.90780650122394 0.0 0.0
498.5 445.7857142857143 418.0 216.30952380952382 650.5584139798669 496.41055243428286 0.0 0.0
505.5 447.5 417.0 209.83333333333334 655.3009985991575 494.9132983673418 0.0 0.0
514.0 449.2142857142857 413.0 203.35714285714286 659.3672360065269 493.4160443004006 0.0 0.0
520.0 449.5 411.5 238.5 663.1231032018112 510.1136426269561 0.0 0.0
523.0 530.0 413.0 301.5 666.4067826785679 609.9653450664116 0.0 0.0
516.0 516.5 399.5 326.5 652.6061886960921 611.0486838943982 0.0 0.0
504.5 510.75 387.0 334.5 635.8377312260527 610.5527015343398 0.0 0.0
496.5 510.75 386.0 336.5 628.8954992122792 611.6355118355204 0.0 0.0
486.0 507.0 384.0 337.5 619.3967907157191 609.0610205599505 0.0 0.0
482.0 495.5 382.0 340.5 615.019012543388 601.2641552007219 0.0 0.0
480.5 496.0 379.0 334.5 611.9814187350423 598.252664709039 0.0 0.0
420.5 499.75 386.5 337.0 573.5371915391731 602.7597944262668 0.0 0.0
384.45000000000005 500.5 379.04999999999995 339.25 542.2844951866921 604.6415312141263 0.0 0.0
419.04999999999995 501.0 350.45000000000005 339.0 548.6436673469268 604.9148700437112 0.0 0.0
473.0 501.25 309.0 337.75 565.8959075477064 604.4226546272516 0.0 0.0
501.0 500.75 337.5 336.75 604.1480710515345 603.4496804680261 0.0 0.0
503.0 501.0 371.0 336.25 625.0551577898784 603.3781441093944 0.0 0.0
487.0 502.25 388.0 335.75 622.6668680574652 604.1383365978206 0.0 0.0
472.0 503.5 395.5 335.0 615.7960264095256 604.7623970176619 0.0 0.0
464.0 505.75 400.0 332.5 612.6179063537179 605.2602754876131 0.0 0.0
464.5 506.5 404.5 332.0 615.9391184424924 605.6123554984308 0.0 0.0
467.0 506.25 395.0 330.25 611.6517568319241 604.4457873488539 0.0 0.0
475.5 507.0 383.0 329.25 610.565674932988 604.5285723700788 0.0 0.0
484.5 507.5 378.5 328.5 614.8223951313685 604.5400534143996 0.0 0.0
489.5 505.5 375.0 329.0 616.6335733786491 603.1347673223217 0.0 0.0
488.5 504.5 376.5 329.25 616.7532676555761 602.4332795682169 0.0 0.0
482.0 504.5 377.0 329.75 611.9266300835757 602.7066917593988 0.0 0.0
479.0 505.0 379.0 330.0 610.804466464521 603.2622295889912 0.0 0.0
482.5 505.0 385.5 331.5 617.5983973522307 604.0838274798308 0.0 0.0
487.5 506.0 393.5 333.0 626.4971279854556 605.7436042795849 0.0 0.0
494.5 506.75 396.0 333.75 633.5189468702363 606.7822879085218 0.0 0.0
498.0 507.0 396.0 332.5 636.2553509325795 606.3051618231293 0.0 0.0
498.0 506.0 394.5 329.5 635.3221623711863 603.8269224095635 0.0 0.0
493.0 505.5 386.5 327.75 626.4435161752865 602.4535802653186 0.0 0.0
492.5 504.75 383.5 324.0 624.2023296557339 599.7908482450033 0.0 0.0
496.5 503.75 382.0 320.75 626.4473983985877 597.1984912531391 0.0 0.0
502.0 503.75 380.5 320.75 629.9081356048622 597.1978505586716 0.0 0.0
509.5 502.75 389.0 322.0 641.0356517853968 597.0274081847319 0.0 0.0
513.0 500.5 399.0 326.0 649.9000292945523 597.3091480265907 0.0 0.0
511.5 498.0 399.5 330.0 649.0243872751244 597.4160367117181 0.0 0.0
514.0 494.5 400.5 333.5 651.6105048263111 596.4503179514713 0.0 0.0
518.0 490.75 402.0 335.5 655.6920504862758 594.4720875871363 0.0 0.0
520.0 487.5 403.5 337.0 658.1892551617062 592.6425988738913 0.0 0.0
506.0 487.5 391.5 337.75 639.7791299061153 593.0697198202731 0.0 0.0
493.0 487.75 376.5 339.0 620.3236988481592 593.9874866246275 0.0 0.0
491.0 488.25 374.0 340.25 617.2172698552156 595.1120467212356 0.0 0.0
492.0 495.5 373.0 350.25 617.4082927852525 606.8534772427529 0.0 0.0
493.5 493.75 372.5 359.5 618.3032127955064 610.7612742748499 0.0 0.0
493.0 494.5 373.5 360.0 618.5073493223537 611.6622743898895 0.0 0.0
490.5 490.25 373.5 357.25 616.5164231389136 606.6780347024894 0.0 0.0
486.0 501.25 374.0 355.25 613.247171200074 614.3730515496534 0.0 0.0
492.0 499.5 386.5 356.75 625.6636072172887 613.8167939830624 0.0 0.0
498.5 498.75 395.0 357.5 636.0256537156492 613.6433143433078 0.0 0.0
503.5 498.75 398.5 357.75 642.1176799093939 613.7888453709265 0.0 0.0
504.5 498.75 400.0 357.25 643.8325453851575 613.4974558421699 0.0 0.0
500.5 490.25 400.5 360.0 641.0152104279586 608.2749146884287 0.0 0.0
495.5 569.0 402.5 368.9375 638.3780228046702 678.2688368509025 0.0 0.0
485.5 545.0 394.0 368.6875 625.2577404688349 658.4746301045163 0.0 0.0
484.0 521.0 391.5 368.4375 622.5176748653535 638.6804233581299 0.0 0.0
485.5 497.0 391.5 368.1875 623.6846947845415 618.8862166117437 0.0 0.0
486.0 478.5 395.0 367.5 626.275577880625 603.3394637033174 0.0 0.0
483.5 482.25 395.0 366.0 624.3375688936158 605.4890828758518 0.0 0.0
487.0 499.75 402.0 363.25 631.485136752889 617.8193281289907 0.0 0.0
492.0 507.0 411.0 366.25 641.0814386765458 625.4502980226055 0.0 0.0
492.0 518.25 410.0 366.5 640.440553415423 634.7515242254676 0.0 0.0
494.0 527.75 409.0 367.5 641.3400034303178 643.1052577532355 0.0 0.0
492.5 534.25 410.5 367.25 641.1446794601044 648.3041712089941 0.0 0.0
490.0 536.5 413.0 368.5 640.8346148651451 650.8646714557003 0.0 0.0
486.5 535.75 412.0 370.25 637.515686081527 651.2405190653333 0.0 0.0
487.5 531.5 411.0 374.0 637.6344927946719 649.8992192154014 0.0 0.0
490.0 530.5 410.5 374.75 639.2263707792879 649.5136007303229 0.0 0.0
492.5 529.25 409.0 376.75 640.185324730269 649.651358613602 0.0 0.0
475.5 526.5 373.5 378.25 604.8075151250542 648.2869203349337 0.0 0.0
463.4 522.0 346.9 378.5 578.8602957703441 644.784479753973 0.0 0.0
456.6 518.0 342.1 378.75 570.5401318218818 641.6974683265105 0.0 0.0
487.0 514.75 314.0 377.5 580.8206005725729 638.3367560522072 0.0 0.0
536.0 512.75 342.5 375.75 636.1286028288254 635.6896769914836 0.0 0.0
505.5 512.0 369.0 373.5 626.7194478141763 633.7566296504915 0.0 0.0
469.5 512.0 386.0 371.0 607.8045014021955 632.286207919577 0.0 0.0
470.5 510.25 385.5 369.75 608.2602239173625 630.1351020954378 0.0 0.0
471.0 509.5 387.0 371.0 609.5983507549856 630.2638066551666 0.0 0.0
473.5 508.75 386.5 373.5 611.2155920786053 631.1344184698398 0.0 0.0
475.5 508.25 389.0 373.5 614.3463190795135 630.7300353205028 0.0 0.0
483.0 507.75 405.5 374.25 630.6499168522848 630.7719454766423 0.0 0.0
484.0 506.75 407.5 373.75 632.7023932485279 629.6702709321585 0.0 0.0
484.0 506.5 409.0 372.0 633.6694722013993 628.4317863543192 0.0 0.0
485.0 501.25 410.0 349.0 635.0787352761861 611.8595544842609 0.0 0.0
485.5 494.91666666666663 411.0 319.66666666666663 636.1067100501311 591.0898279140024 0.0 0.0
484.5 488.58333333333337 411.0 290.33333333333337 635.3434934097309 570.3201013437439 0.0 0.0
482.0 482.25 411.0 261.0 633.4390262685115 549.5503747734854 0.0 0.0
474.5 468.625 408.0 271.25 625.7930036008557 544.2652403006414 0.0 0.0
444.0 467.0 370.5 368.0 578.2792054978604 594.7711212491517 0.0 0.0
365.0 502.25 364.9 369.5 567.1848429115064 623.5289299917381 0.0 0.0
259.6666666666667 509.5 356.1 373.0 551.5381008362269 631.4421984631689 0.0 0.0
154.33333333333334 512.0 347.3 371.0 535.8913587609472 632.2864990807727 0.0 0.0
49.00000000000003 512.0 338.5 370.75 520.2446166856678 632.1392882341647 0.0 0.0
-56.333333333333314 511.0 329.7 368.0 504.59787461038815 629.7188703381096 0.0 0.0
-161.66666666666663 511.0 320.9 365.0 488.9511325351085 627.96975525381 0.0 0.0
-266.99999999999994 508.5 312.1 362.5 473.30439045982894 624.4829797175405 0.0 0.0
-387.5 470.25 276.0 361.5 478.1726466515885 593.1456169472897 0.0 0.0
-631.625 459.47368421052636 266.25 346.2631578947369 685.4823993838651 575.9929378706819 0.0 0.0
-656.5 460.10526315789474 268.5 333.9473684210526 709.2978610973073 569.8905040317759 1.0 0.0
-671.5 460.7368421052631 270.5 321.63157894736844 724.0783322762785 563.78807019287 1.0 0.0
-621.0 461.36842105263156 256.5 309.3157894736842 671.91930893514 557.685636353964 1.0 0.0
-578.0 462.0 254.5 297.0 631.558676053118 551.583202515058 1.0 0.0
-574.0 462.63157894736844 258.5 284.6842105263158 629.5229670138799 545.4807686761521 1.0 0.0
-581.0 463.2631578947369 276.5 272.36842105263156 643.444147264928 539.3783348372463 1.0 0.0
-563.5 463.89473684210526 269.5 260.0526315789474 624.6317158477353 533.2759009983401 1.0 0.0
-553.0 464.52631578947364 272.0 247.73684210526318 616.2814437266586 527.1734671594343 1.0 0.0
-541.5 461.375 262.0 227.0 601.565317000073 514.4236269718007 1.0 0.0
-531.5 434.75 298.5 217.0 609.585515654978 488.5034394908736 1.0 0.0
-524.0 370.5 298.0 334.5 602.8129494697248 501.1019794739299 1.0 0.0
-518.5 468.75 297.0 330.25 597.5378624397695 573.4035862713165 1.0 0.0
-513.5 468.75 296.5 329.25 592.954779527981 572.8293406850826 1.0 0.0
-512.5 480.75 298.0 338.25 592.8410433430447 587.8211263462739 1.0 0.0
-509.0 479.0 296.5 337.75 589.0617263632817 586.1033237624969 1.0 0.0
-507.5 478.5 297.0 338.0 588.0180694502508 585.8380871702618 1.0 0.0
-506.5 497.25 298.5 355.75 587.9154398776145 611.4201281653579 1.0 0.0
-502.5 499.0 302.0 349.25 586.2681266603945 609.081367887987 1.0 0.0
-485.0 501.0 280.0 352.0 560.0380432311728 612.2948995743945 1.0 0.0
-413.3333333333333 506.0 283.75 357.5 519.2208209150722 619.5502634994219 1.0 0.0
-320.44444444444446 510.5 296.75 359.0 471.1069530322346 624.0982245756088 1.0 0.0
-227.55555555555557 520.25 309.75 355.5 422.99308514939696 630.1139574539725 1.0 0.0
-134.66666666666669 529.75 322.75 353.0 374.87921726655935 636.5938682458466 1.0 0.0
-54.0 540.5 278.5 349.5 283.68738240844795 643.658756348382 0.0 0.0
132.60714285714286 540.5 264.57142857142856 349.0 367.913000080069 643.4070323560268 0.0 0.0
366.75 506.5 318.0 359.0 553.6890689035413 620.8246765513672 0.0 0.0
600.8928571428571 506.5 371.42857142857144 358.0 739.4651377270136 620.2470610273882 0.0 0.0
682.0 506.5 377.5 356.0 779.6736672239138 619.0948371083741 0.0 0.0
619.0 510.75 363.0 354.25 718.0359437122369 621.5841985107166 0.0 0.0
575.0 511.25 371.0 352.25 684.3108545223138 620.8529499147132 0.0 0.0
563.0 513.5 371.0 351.0 674.2640849464319 621.9995340744306 0.0 0.0
550.5 513.0 371.0 349.0 663.848711434724 620.4595212149766 0.0 0.0
555.5 513.0 375.0 350.0 670.2284523160461 621.0244061817064 0.0 0.0
557.0 514.0 376.0 352.5 672.0316746069128 623.2596117721102 0.0 0.0
551.5 516.25 379.0 355.0 669.1753405993983 626.5299037154211 0.0 0.0
553.0 516.0 378.5 357.0 670.1280243501677 627.4592967442476 0.0 0.0
552.5 516.75 378.5 357.75 669.7156227101286 628.5027812189865 0.0 0.0
552.0 516.0 378.5 358.25 669.303996115998 628.1713962775314 0.0 0.0
549.0 513.75 379.5 359.25 667.3991109788985 626.8989083448948 0.0 0.0
545.5 510.5 379.5 359.25 664.5245748899688 624.2362681823244 0.0 0.0
539.5 507.5 380.0 358.25 659.8943715502357 621.209178896938 0.0 0.0
537.5 503.75 379.5 357.75 657.9715254719032 617.8587179442078 0.0 0.0
535.5 500.5 378.5 358.0 655.761071799539 615.3578040744051 0.0 0.0
533.0 499.0 378.0 359.75 653.4319663474021 615.1598029390524 0.0 0.0
530.0 500.75 378.5 362.0 651.277657956993 617.8959070444432 0.0 0.0
527.0 502.0 379.0 364.25 649.1332056794711 620.2274610524386 0.0 0.0
512.5 501.0 370.0 360.5 632.106021116427 617.2227194932013 0.0 0.0
505.0 508.0 362.5 360.0 621.6359465153217 622.6326385183518 0.0 0.0
504.5 512.0 362.0 357.25 620.9382698537863 624.3177182919962 0.0 0.0
503.5 513.5 362.0 353.75 620.1261281451849 623.5590407531678 0.0 0.0
504.5 513.5 362.0 350.25 620.9382120361063 621.5769271558488 0.0 0.0
507.5 513.5 365.5 350.0 625.4190008886427 621.4357000542943 0.0 0.0
507.0 513.75 386.5 351.25 637.5196075416034 622.3469657184016 0.0 0.0
511.0 512.0 390.0 351.25 642.8227033695217 620.9030265535224 0.0 0.0
514.5 511.25 393.5 353.5 647.7287278486788 621.5631148926363 0.0 0.0
518.0 513.0 394.5 356.5 651.1192010868647 624.7092820398814 0.0 0.0
518.5 514.25 395.0 359.0 651.8184179662309 627.1635217221556 0.0 0.0
519.0 515.75 395.5 359.0 652.5191568069093 628.3940506551689 0.0 0.0
519.5 515.25 395.75 359.75 653.0683910141308 628.4130715123176 0.0 0.0
490.5 515.0 392.25 360.5 628.0615566693585 628.6376796015334 0.0 0.0
483.25 513.5 390.75 360.0 621.4632479196773 627.1222627076922 0.0 0.0
482.0 513.5 390.25 358.0 620.176846961675 625.9763028816278 0.0 0.0
480.75 512.5 390.5 358.0 619.3632515289871 625.1563148653736 0.0 0.0
481.25 513.5 390.5 359.0 619.7514318768826 626.5486812690615 0.0 0.0
480.5 513.0 390.5 359.5 619.169201430433 626.4259075599981 0.0 0.0
480.25 514.0 390.0 360.5 618.6601331327543 627.8187776505548 0.0 0.0
495.0 512.5 389.0 360.5 629.6468759783697 626.5911862702628 0.0 0.0
511.5 512.0 388.5 361.0 642.3119113482367 626.4702706433882 0.0 0.0
512.25 510.5 388.75 362.5 643.0603605457347 626.1122103904379 0.0 0.0
512.5 510.5 389.0 363.5 643.4106387059511 626.6917104924877 0.0 0.0
512.5 512.0 389.0 363.5 643.4106387059511 627.9145929322528 0.0 0.0
512.25 513.0 388.5 362.5 642.9093043842948 628.1522506526583 0.0 0.0
511.5 514.5 387.25 362.5 641.5566227604318 629.378253054909 0.0 0.0
503.25 515.0 366.0 361.5 622.267954455726 629.2116098738167 0.0 0.0
508.0 515.5 370.25 361.0 628.6090271742969 629.3343586145179 0.0 0.0
509.0 515.5 371.5 360.0 630.1533637956063 628.7608967571084 0.0 0.0
510.25 515.5 371.75 355.5 631.3106430340838 626.1952570883941 0.0 0.0
510.25 516.0 371.25 356.5 631.0164395380743 627.175169420665 0.0 0.0
512.25 444.5 372.25 350.5 633.2221150156638 567.3967768455202 0.0 0.0
512.0 391.82142857142856 371.75 330.2857142857143 632.7258986913979 514.1368661951605 0.0 0.0
508.25 418.25 372.0 314.0 629.8430429245741 525.4417086104949 0.0 0.0
506.25 444.67857142857144 372.25 297.7142857142857 628.3782675728435 536.7465510258293 0.0 0.0
505.0 414.0 372.5 311.0 627.5199200025446 520.2839967120497 0.0 0.0
504.25 457.75 371.75 341.75 626.4711752172841 571.4525175259398 0.0 0.0
503.0 487.5 372.0 341.75 625.6141689508086 595.4233594939628 0.0 0.0
502.5 493.0 372.0 356.75 625.2122931407982 608.5389087972504 0.0 0.0
509.5 492.5 379.5 358.25 635.3107288136137 609.01511482679 0.0 0.0
514.0 494.5 387.0 359.25 643.4011190540471 611.2207628134188 0.0 0.0
513.0 500.25 386.5 364.25 642.3015257649635 618.811943281589 0.0 0.0
513.5 496.75 387.0 361.0 643.0017496088171 614.0718004978173 0.0 0.0
513.0 494.25 388.0 355.5 643.2052549536578 608.8227756761721 0.0 0.0
506.0 504.75 380.5 360.25 633.1049996797303 620.1230751984605 0.0 0.0
499.0 505.5 372.0 362.5 622.4026745657034 622.042269385068 0.0 0.0
498.5 507.5 372.5 361.5 622.3011744891883 623.0901527068024 0.0 0.0
499.0 510.0 373.0 360.5 623.0008107747278 624.5480365832559 0.0 0.0
498.5 510.0 372.0 360.5 622.0019377609726 624.5480365832559 0.0 0.0
498.5 511.0 372.5 360.5 622.3009721991442 625.3648934821973 0.0 0.0
499.0 511.0 372.5 357.0 622.7017026950112 623.3572010121354 0.0 0.0
505.5 508.5 380.5 351.5 632.7034795687991 618.1627839776658 0.0 0.0
510.5 509.5 386.0 348.5 640.0053798573492 617.287394115773 0.0 0.0
511.5 509.0 388.5 345.5 642.3118401524293 615.1844719942131 0.0 0.0
512.5 506.75 388.5 343.75 643.108466745696 612.3401428664363 0.0 0.0
513.0 502.0 387.5 342.5 642.9037641824785 607.7090317096536 0.0 0.0
512.0 499.75 385.0 341.5 640.6018145593774 605.2869671541093 0.0 0.0
507.5 497.25 379.5 341.5 633.7011542029595 603.2250928600531 0.0 0.0
498.5 485.5 370.5 345.0 621.1061550433413 595.6535249948327 0.0 0.0
497.5 507.25 367.5 356.5 618.5165007842553 620.0035465431517 0.0 0.0
497.5 503.0 365.5 356.5 617.3302095600743 616.5236543791218 0.0 0.0
496.5 504.0 364.0 356.0 615.636468689439 617.0510513725749 0.0 0.0
496.5 504.0 363.5 356.0 615.3409623940211 617.0510513725749 0.0 0.0
511.0 503.75 390.5 356.5 643.1264406636491 617.1358179644291 0.0 0.0
509.0 502.25 390.5 357.25 641.5383132542836 616.3462878454558 0.0 0.0
509.5 502.0 389.5 355.75 641.327211502668 615.2742778219773 0.0 0.0
509.5 502.0 389.5 354.5 641.327211502668 614.5522083705368 0.0 0.0
509.0 502.25 387.5 352.75 639.7165387888608 613.7499376446864 0.0 0.0
506.5 495.75 387.0 358.5 637.4254858412864 611.8080649664256 0.0 0.0
506.5 501.5 387.0 357.0 637.4254858412864 615.5920207699326 0.0 0.0
506.5 501.75 387.5 356.0 637.7292468610646 615.2147037676692 0.0 0.0
506.0 501.25 388.0 355.0 637.6363833979108 614.2284851376077 0.0 0.0
487.0 501.5 368.5 354.75 610.7160775591601 614.2887141879089 0.0 0.0
490.0 503.0 362.5 354.25 609.5132579132446 615.225246782031 0.0 0.0
491.0 502.75 362.0 353.75 610.0204914590985 614.7330691675834 0.0 0.0
492.0 502.25 362.0 354.0 610.8256707113741 614.4681303727473 0.0 0.0
492.0 502.0 362.0 355.25 610.8256707113741 614.985043838119 0.0 0.0
491.0 501.5 361.0 357.0 609.4276002939151 615.5905589147658 0.0 0.0
491.0 501.0 361.0 358.75 609.4276722650291 616.2001329238742 0.0 0.0
491.0 501.25 361.0 360.0 609.4276002939151 617.1320819528598 0.0 0.0
492.0 501.25 362.0 362.0 610.8256707113741 618.3012845385092 0.0 0.0
492.5 500.75 361.5 364.0 610.9324839947537 619.0698475851318 0.0 0.0
491.5 500.75 361.5 366.0 610.1268916664559 620.247529507345 0.0 0.0
462.25 501.5 292.25 368.0 546.9072753407606 622.0341715143802 0.0 0.0
455.25 502.75 281.25 369.75 535.1873821147224 624.0774395438433 0.0 0.0
448.25 503.5 270.25 370.25 523.4674888886843 624.9778820605075 0.0 0.0
457.0 504.5 290.0 372.0 541.4888328745086 626.8207479016629 0.0 0.0
479.5 504.5 347.0 371.0 591.8864295719541 626.2277940174805 0.0 0.0
501.0 505.0 360.0 371.0 616.9381949903354 626.6308801581499 0.0 0.0
497.0 505.0 362.0 370.75 614.8607809232014 626.4826984098262 0.0 0.0
493.0 504.5 358.5 370.5 609.5668444301755 625.932224473323 0.0 0.0
493.5 503.75 358.0 372.5 609.6773030056554 626.5147580587743 0.0 0.0
493.0 503.0 357.5 374.0 608.9789291563895 626.8055208709858 0.0 0.0
493.5 502.0 357.5 374.0 609.3837050660281 626.0033232867756 0.0 0.0
503.0 500.25 372.5 372.0 625.916296601257 623.4052170501775 0.0 0.0
507.0 503.25 377.5 369.25 632.103955718115 624.2031225743676 0.0 0.0
507.5 497.0 379.5 359.25 633.7007098459985 613.2515667508868 0.0 0.0
507.0 497.75 380.5 351.75 633.9001576938651 609.49550934799 0.0 0.0
505.5 497.75 381.0 347.75 633.0017772486899 607.1955936305501 0.0 0.0
506.0 497.25 383.5 346.75 634.908136041288 606.2124438120991 0.0 0.0
498.5 497.25 377.0 346.0 625.0129922500505 605.7841951385515 0.0 0.0
490.5 497.75 370.0 347.0 614.4024815505264 606.7653712186743 0.0 0.0
491.5 497.5 371.0 348.5 615.8034483794092 607.4207844297331 0.0 0.0
491.5 493.25 372.5 356.5 616.7079201630854 608.6272798642785 0.0 0.0
492.0 453.40625 378.5 352.28125 620.7466528716589 574.9276998231232 0.0 0.0
494.5 455.03125 386.5 317.40625 627.6244896432898 557.640441283025 0.0 0.0
498.0 456.65625 395.5 282.53125 635.9435902656776 540.3531827429266 0.0 0.0
502.0 458.28125 400.5 247.65625 642.1870881956792 523.0659242028283 0.0 0.0
478.5 532.25 384.5 277.75 613.8680971202692 600.5864177048605 0.0 0.0
467.57142857142856 508.5 340.5357142857143 327.5 581.9850372398381 605.2514527319349 0.0 0.0
489.0 485.5 301.25 353.5 579.64524404056 600.677768306198 0.0 0.0
510.4285714285714 511.5 261.9642857142857 350.0 577.3054508412819 619.7840353497741 0.0 0.0
543.5 516.25 271.5 357.5 608.1541802396854 627.9530262777674 0.0 0.0
540.5 513.75 345.5 357.5 642.5403762279891 625.8985203802044 0.0 0.0
512.5 513.75 361.0 361.5 626.9037530411056 628.190409879898 0.0 0.0
501.0 514.0 357.0 363.0 615.2066937105637 629.2577208170047 0.0 0.0
505.0 514.5 361.5 365.5 621.0547744399377 631.1117138441905 0.0 0.0
510.5 512.5 358.5 367.0 623.8098619713887 630.3533162278864 0.0 0.0
516.5 513.0 356.5 366.5 627.5893068383039 630.469082111553 0.0 0.0
522.5 513.0 356.0 366.0 632.2518649549086 630.1786130365319 0.0 0.0
525.5 509.5 356.0 363.5 634.7337172604684 625.8783544535333 0.0 0.0
526.5 505.5 364.5 362.0 640.3629510107187 621.7509647268873 0.0 0.0
525.5 510.0 367.5 364.0 641.2553619979558 626.5748832914994 0.0 0.0
524.5 507.25 375.0 362.75 644.7764099232847 623.6107755083176 0.0 0.0
520.0 504.75 374.0 361.25 640.5311674639258 620.704541904214 0.0 0.0
519.5 502.25 371.5 357.0 638.6650034054709 616.2016810398658 0.0 0.0
522.0 502.0 368.5 355.25 638.9651139540388 614.9866690339611 0.0 0.0
520.0 501.5 367.0 352.5 636.4660242306733 612.9916651402771 0.0 0.0
515.5 497.25 362.5 347.25 630.1957372761512 606.4984689549774 0.0 0.0
510.0 495.25 357.0 346.25 622.5353188008269 604.2860484728984 0.0 0.0
504.0 481.5 355.0 343.5 616.4769475724725 591.499529086142 0.0 0.0
493.0 483.0 347.0 323.25 602.8768352055426 581.1952794459835 0.0 0.0
489.5 374.67391304347825 339.0 204.3913043478261 595.4252816029832 426.8053988889484 0.0 0.0
488.0 381.3695652173913 341.0 209.95652173913044 595.3361806401153 435.3781196033285 0.0 0.0
484.0 388.0652173913044 342.0 215.52173913043478 592.6382397850723 443.95084031770864 0.0 0.0
485.0 394.7608695652174 352.0 221.08695652173913 599.2894962959567 452.52356103208876 0.0 0.0
493.5 401.45652173913044 384.0 226.65217391304347 625.2985348347174 461.0962817464688 0.0 0.0
496.5 408.1521739130435 387.5 232.2173913043478 629.8163663832358 469.6690024608489 0.0 0.0
501.0 414.8478260869565 390.0 237.7826086956522 634.9023546971613 478.241723175229 0.0 0.0
504.0 421.54347826086956 390.5 243.34782608695653 637.5785000931538 486.81444388960915 0.0 0.0
504.5 428.2391304347826 392.5 248.91304347826087 639.199896492043 495.38716460398916 0.0 0.0
502.5 434.9347826086956 393.5 254.47826086956522 638.2385917507653 503.9598853183693 0.0 0.0
500.5 441.63043478260875 394.5 260.04347826086956 637.2837639550203 512.5326060327494 0.0 0.0
500.0 448.32608695652175 396.0 265.6086956521739 637.8212915856603 521.1053267471295 0.0 0.0
500.0 542.0 397.0 304.0 638.4427121260118 621.482072802406 0.0 0.0
498.5 509.25 398.5 347.75 638.2041257606546 616.6569687211327 0.0 0.0
474.5 514.75 376.5 349.25 605.7333012234224 622.0476232378523 0.0 0.0
471.5 507.25 372.5 346.0 600.8901673466631 614.024375985114 0.0 0.0
471.5 489.25 374.0 332.5 601.821188924361 591.542506496412 0.0 0.0
475.0 481.75 373.0 328.0 603.9488013415839 582.8096410118104 0.0 0.0
481.5 477.75 372.5 326.0 608.7681466676993 578.3780987709176 0.0 0.0
488.5 471.75 369.5 320.5 612.5067038440375 570.3246242269774 0.0 0.0
490.0 466.5 366.0 314.5 611.6012504315321 562.6135857959673 0.0 0.0
490.0 465.25 373.0 313.0 615.8161178272138 560.7375339441323 0.0 0.0
480.5 500.75 371.5 350.0 607.3656163697506 610.9423835010518 0.0 0.0
479.5 503.75 368.5 352.25 604.7420868249635 614.6902706213771 0.0 0.0
486.5 505.0 368.0 351.5 610.0055250288402 615.2868628868695 0.0 0.0
489.0 505.5 366.5 351.75 611.1005555647695 615.8399636041382 0.0 0.0
470.45 506.5 314.55 354.25 565.9254890188481 618.0904923929595 0.0 0.0
498.25 506.0 328.75 357.75 596.9492327223813 619.6943635133716 0.0 0.0
526.05 504.75 342.95 357.75 627.9729764259146 618.674089103873 0.0 0.0
499.5 504.25 325.0 357.5 595.9484602121978 618.1216170031944 0.0 0.0
515.0 504.25 357.5 357.75 626.9300100023929 618.2662278575222 0.0 0.0
515.0 503.0 373.0 357.5 635.8885648258915 617.1023123421246 0.0 0.0
524.0 502.0 378.0 356.5 646.1128133379632 615.707937224312 0.0 0.0
532.0 501.0 378.0 355.0 652.6163374221168 614.024655509653 0.0 0.0
537.0 499.5 369.5 353.0 651.8430943632655 611.6447089610111 0.0 0.0
537.5 494.25 362.0 346.25 648.035926509478 603.467394379561 0.0 0.0
533.5 496.5 352.0 334.0 639.1613154389305 598.4562744141156 0.0 0.0
529.5 389.2368421052631 340.0 337.75 629.2620498073213 515.4286543474957 0.0 0.0
532.0 390.18421052631584 331.5 330.75 626.8305430370798 511.8829975831532 0.0 0.0
534.5 391.13157894736844 322.5 323.75 624.2584685206639 508.33734081881073 0.0 0.0
535.0 392.07894736842104 320.5 316.75 623.657872022392 504.7916840544682 0.0 0.0
528.0 393.02631578947364 326.5 309.75 620.799071951923 501.24602729012565 0.0 0.0
517.0 393.97368421052636 337.5 302.75 617.4272923976523 497.7003705257831 0.0 0.0
506.0 394.92105263157896 341.5 295.75 610.4581872691165 494.1547137614406 0.0 0.0
485.0 395.86842105263156 326.5 288.75 584.6686504739778 490.6090569970981 0.0 0.0
482.5 396.81578947368416 321.0 281.75 579.5243576094992 487.06340023275555 0.0 0.0
484.5 397.7631578947369 317.0 274.75 578.9912136972423 483.517743468413 0.0 0.0
490.0 463.0 314.0 298.5 581.975992828084 551.1749359533951 0.0 0.0
499.0 484.75 315.0 328.5 590.107905073075 585.586599758873 0.0 0.0
503.5 491.5 314.0 334.0 593.3875655620227 594.2459507644961 0.0 0.0
506.5 489.0 317.5 337.0 597.7864166755329 593.879149901454 0.0 0.0
507.0 491.5 322.0 337.25 600.6113521318027 596.0791358845806 0.0 0.0
504.5 495.0 330.0 342.25 602.8450598723175 601.797385471634 0.0 0.0
508.0 493.5 346.5 341.5 614.9197747509617 600.1372085193138 0.0 0.0
509.5 493.5 354.5 345.0 620.6935762436408 602.1361322132088 0.0 0.0
512.0 494.75 364.5 346.5 628.4936465626739 604.0197706426441 0.0 0.0
517.0 495.5 374.0 349.0 638.0968781174574 606.0713424103716 0.0 0.0
521.5 495.25 386.5 350.25 649.1116639641539 606.5868681164566 0.0 0.0
523.0 495.75 392.0 350.75 653.6001530549595 607.2838122024486 0.0 0.0
519.5 493.5 396.5 350.5 653.5231441961332 605.3049881991458 0.0 0.0
515.0 490.25 403.5 348.5 654.2456762621341 601.495896270178 0.0 0.0
508.0 488.0 407.5 346.0 651.2452703223807 598.2140784312112 0.0 0.0
503.5 486.0 412.0 346.5 650.5814744865922 596.8756445150907 0.0 0.0
496.5 479.5 417.5 349.25 648.705445089031 593.2113340555705 0.0 0.0
493.5 477.25 426.5 349.75 652.2612088784156 591.6863587221419 0.0 0.0
492.0 466.75 436.5 353.5 657.7214524517084 585.5149743853906 0.0 0.0
494.0 479.0 444.0 341.25 664.2101948500472 588.1263214504743 0.0 0.0
500.0 480.75 456.5 338.75 677.0482535792735 588.110450613662 0.0 0.0
489.5 479.25 440.5 336.75 658.5215348524736 585.7313175558145 0.0 0.0
490.5 473.25 445.0 343.75 662.2828340262404 584.9903955786119 0.0 0.0
492.0 470.25 443.0 351.25 662.0625400402892 586.9511287739688 0.0 0.0
493.5 471.75 437.0 344.5 659.1774536617271 584.1824625372846 0.0 0.0
493.5 471.5 433.0 339.0 656.5337350177286 580.7182939989945 0.0 0.0
488.5 469.25 421.0 346.0 644.89979303424 583.0415105645108 0.0 0.0
483.2 469.0 331.95 352.25 586.2571389329769 586.5501449792334 0.0 0.0
480.0 468.25 337.75 351.75 586.9776944225957 585.6501749962845 0.0 0.0
476.8 467.75 343.55 352.25 587.6982499122146 585.5511313555164 0.0 0.0
517.0 467.25 435.0 352.0 675.6827266762189 585.001354808933 0.0 0.0
525.0 457.5 455.5 349.0 695.0612639799001 575.42586443503 0.0 0.0
537.5 501.75 468.5 321.0 713.0215835470195 596.4688671358849 0.0 0.0
551.0 471.75 476.0 316.25 728.1329914522441 567.9486277816497 0.0 0.0
556.0 474.75 477.0 313.0 732.5752884553731 568.6447576627927 0.0 0.0
558.0 474.5 474.0 311.0 732.1550304724324 567.3369958836811 0.0 0.0
558.5 474.75 465.5 310.25 727.062635930075 567.1355611683932 0.0 0.0
559.5 474.25 460.5 306.25 724.6392235082898 564.5371332469715 0.0 0.0
554.5 472.0 449.5 305.0 713.8085387477181 561.9688799902179 0.0 0.0
547.5 471.5 432.0 305.25 697.4105649449598 561.6848373786619 0.0 0.0
544.0 470.75 419.5 305.75 686.9627969971157 561.3275911132016 0.0 0.0
544.5 467.5 402.0 308.0 676.8192233397119 559.8456540354878 0.0 0.0
418.0 462.75 423.5 311.5 595.7936690417733 557.8280613316026 0.0 0.0
385.0 466.0 407.5 310.5 560.612170202299 559.9699338946475 0.0 0.0
383.0 466.5 392.5 310.75 548.4029083848645 560.5246254988624 0.0 0.0
378.0 466.75 382.0 311.75 537.409062061806 561.2876802972802 0.0 0.0
373.0 466.5 371.0 313.5 526.0894654639025 562.0538922367613 0.0 0.0
491.5 465.75 317.0 313.5 585.3091501520881 561.4315024896156 0.0 0.0
511.5 473.0 295.5 319.75 590.7245543120869 570.9386288025644 0.0 0.0
506.5 465.0 291.5 317.0 584.3957833633826 562.7735595438073 0.0 0.0
504.5 462.5 292.5 317.25 583.1662562384043 560.8515028100151 0.0 0.0
507.0 463.75 301.0 315.5 589.6207993253042 560.8961494556958 0.0 0.0
507.5 463.25 309.0 315.25 594.1745098264787 560.3420128291289 0.0 0.0
508.0 404.0 321.0 346.0 600.9238442514618 532.9157828197064 0.0 0.0
509.5 212.60714285714283 335.0 356.32142857142856 609.7696951407535 507.79761429694577 0.0 0.0
513.0 8.75 349.0 356.75 620.4610248927277 504.5654126797248 0.0 0.0
514.0 -195.10714285714286 359.5 357.17857142857144 627.2459432282245 501.3332110625039 0.0 0.0
511.5 -456.75 365.5 364.0 628.6673726994619 587.4857784803086 0.0 0.0
509.5 -636.0 369.5 310.75 629.3811753086646 708.1911210589265 0.0 0.0
507.5 -717.75 372.5 318.0 629.5335574852226 794.7275235884362 0.0 0.0
507.0 -743.7321428571429 376.5 303.75 631.5072534330646 815.7901722971185 0.0 1.0
506.5 -749.375 379.0 320.5 632.6003872904284 818.2882537495342 0.0 1.0
506.0 -755.0178571428571 381.0 317.25 633.4011444073183 820.7863352019499 0.0 1.0
505.5 -760.6607142857142 383.0 311.5 634.2075764290427 823.2844166543656 0.0 1.0
505.0 -766.3035714285713 385.0 308.5 635.0197570895116 825.7824981067813 0.0 1.0
505.5 -771.9464285714287 386.5 283.0 636.3274768300078 828.280579559197 0.0 1.0
505.5 -777.5892857142858 387.0 280.75 636.6311726580784 830.7786610116127 0.0 1.0
505.0 -761.0 389.0 320.0 637.4528664155653 824.4836505541358 0.0 1.0
504.5 -753.75 395.5 292.75 641.0530813073833 808.8960046594425 0.0 1.0
506.5 -735.5 406.5 302.0 649.4494992358464 795.3502151772341 0.0 1.0
507.5 -735.5 412.5 296.0 653.9973241535473 792.9749517100429 0.0 1.0
509.0 -731.5 417.5 298.5 658.321616346313 790.3154188482763 0.0 1.0
512.5 -728.75 421.5 280.0 663.56499304891 780.7046956301817 0.0 1.0
514.5 -745.25 424.5 286.0 667.01622824604 798.2661207235403 0.0 1.0
515.0 -747.0 426.5 287.25 668.6758544272013 800.6838106895075 0.0 1.0
514.5 -767.25 431.5 279.75 671.493109555446 816.7094714061125 0.0 1.0
513.0 -768.5 437.5 296.5 674.2223883366579 823.8151962105804 0.0 1.0
512.0 -768.1875 444.0 302.75 677.7021046838677 825.4343380240643 0.0 1.0
510.5 -772.4375 445.0 285.25 677.2261508199636 825.9480027913208 0.0 1.0
492.5 -772.75 413.5 276.25 643.070410259078 825.9928831544285 0.0 1.0
492.0 -749.25 415.5 319.5 643.975462207775 815.1898349802177 0.0 1.0
488.5 -731.9230769230769 411.0 321.25 638.4016611702484 809.4662539552567 0.0 1.0
454.5 -739.1538461538462 349.5 311.5 573.5595212298565 816.1274957159808 0.0 1.0
334.0357142857143 -746.3846153846155 260.5357142857143 287.5 429.8312648331192 822.7887374767051 0.0 1.0
218.75 -753.6153846153845 203.25 314.5 311.4902544890188 829.4499792374293 0.0 1.0
103.4642857142857 -760.8461538461538 145.96428571428572 324.5 193.14924414491838 836.1112209981534 0.0 1.0
23.5 -768.0769230769231 121.0 337.5 123.29702448681729 842.7724627588776 0.0 1.0
11.75 -771.5 198.25 348.0 198.61665206611164 846.3564594428178 0.0 1.0
12.0 -754.5 187.75 346.0 188.1381986791443 830.1182534821127 0.0 1.0
11.0 -758.5 181.5 334.0 181.86157955658433 828.7812079207334 0.0 1.0
16.5 -770.5 165.75 346.0 166.76292416163648 844.6374734065266 0.0 1.0
8.25 -726.625 164.25 355.0 164.51150682437236 811.9787772336294 0.0 1.0
5.0 -716.0 173.5 363.0 173.61840970230634 804.9201420898823 0.0 1.0
-1.75 -755.5 183.25 355.5 183.29537152827038 834.9754237555778 0.0 1.0
-3.5 -764.0 197.75 348.5 197.819236915969 839.7315510112298 0.0 1.0
-11.25 -740.25 213.5 382.5 213.81031888450428 822.1667836280732 0.0 1.0
-10.25 -737.0 228.25 363.5 228.48291530225953 821.7748751846639 0.0 1.0
25.5 -725.5 208.75 368.5 212.09970325920338 813.768698574934 0.0 1.0
56.75 -702.0 188.0 359.5 197.08094372943444 788.7997204683825 0.0 1.0
90.5 -698.0 169.25 340.0 192.05524227475888 776.4046507804447 0.0 1.0
67.5 -735.5 175.5 325.0 188.4128755934567 804.4503768256557 0.0 1.0
78.0 -676.5 168.0 354.5 185.22439315661506 764.0235135473633 0.0 1.0
75.75 -735.0 166.5 343.5 182.9217436008591 811.307870696417 0.0 1.0
74.75 -729.0 167.75 348.0 183.6680346522943 807.955972744689 0.0 1.0
69.0 -695.5 170.5 359.5 183.95668502949357 782.9191251324137 0.0 1.0
63.5 -725.0 171.5 342.5 182.87881060642306 802.1458738240954 0.0 1.0
44.75 -748.875 188.5 339.5 194.5046253549006 817.7151596873501 0.0 1.0
28.0 -719.0 197.0 338.0 198.9890912366472 794.4862331978429 0.0 1.0
24.625 -718.5833333333333 191.0 325.0 192.58518214841558 795.3242509654535 0.0 1.0
22.0 -742.9166666666667 187.5 327.875 188.786263788077 815.3044405867213 0.0 1.0
15.0 -772.25 184.5 312.25 185.10875181903205 838.8248719980095 0.0 1.0
2.5 -738.25 178.0 344.25 178.0175554525614 814.7486954602609 0.0 1.0
-96.5 -715.25 182.5 337.0 213.8282105985307 799.1741645922903 0.0 1.0
-188.5 -718.25 189.0 340.5 266.9415198245117 799.985400277893 0.0 1.0
-193.5 -702.75 176.0 345.5 261.61124437935746 783.3317271955581 0.0 1.0
-226.0 -678.75 196.0 343.25 299.15961855406067 768.2560841022608 0.0 1.0
-239.5 -693.0625 187.0 320.5 303.8573585963718 777.4567960801504 0.0 1.0
-245.0 -715.8125 175.5 319.0 301.37734194755194 792.8891941668558 0.0 1.0
-249.5 -719.75 182.5 338.0 309.15124300543334 795.1687049826046 0.0 1.0
-252.5 -743.0 175.5 318.75 307.5034665387823 813.4184388602196 0.0 1.0
-272.5 -730.9375 149.0 290.25 311.36963622240125 803.6249465940007 0.0 1.0
-384.70000000000005 -704.1875 141.55 311.25 411.5171729802712 782.7210021677572 0.0 1.0
-504.3 -787.5625 148.95 330.25 527.086789492655 866.0300440593435 0.0 1.0
-582.0 -799.8125 163.5 291.25 604.6471139050511 864.9021772267847 0.0 1.0
-756.0 -813.25 274.0 314.5 804.5246922337003 868.1268861326481 0.0 1.0
-599.375 -825.05 190.75 306.25 628.9960721550312 879.2058487998006 0.0 1.0
-513.5 -821.25 215.5 289.5 556.907915417947 874.6743911050204 1.0 1.0
-504.5 -817.45 201.5 295.75 543.2657830478186 870.1429334102402 1.0 1.0
-520.5 -768.5 216.0 316.75 563.5464200007468 831.2252418899318 1.0 1.0
-509.5 -768.75 219.5 320.75 554.7730943562369 832.9814886821655 1.0 1.0
-499.0 -765.5 225.0 313.5 547.3812270802406 827.3914194493432 1.0 1.0
-617.5 -763.75 261.5 325.25 670.5971927546539 829.6814220606454 0.0 1.0
-621.0 -753.0 278.0 323.75 680.3863767853173 819.661261892536 1.0 1.0
-547.0 -750.25 278.0 326.0 613.8563490914637 818.0180187864053 1.0 1.0
-526.5 -734.75 286.0 331.25 599.1659487342561 805.9721294592923 1.0 1.0
-559.5 -714.0 299.5 337.5 634.619072061949 789.7718283285951 1.0 1.0
-576.5 -677.5 310.5 348.0 654.8051963702409 761.7305479526773 1.0 1.0
-568.5 -651.75 312.5 355.25 648.7581845248957 742.2816894972675 1.0 1.0
-541.5 -652.0 304.5 360.5 621.2607851226503 745.0263439745273 1.0 1.0
-469.0 -644.0 300.0 358.25 556.74662648545 736.9413560173122 1.0 1.0
-435.0 -636.75 297.0 358.75 526.720217360086 730.8581212300842 1.0 1.0
-400.5 -638.75 300.0 355.75 500.4029815207291 731.1454143997898 1.0 1.0
-416.5 -650.25 342.0 353.75 538.9256836812885 740.2460504754306 1.0 1.0
-61.5 -646.75 346.5 355.25 355.4167649386662 737.8948920404009 0.0 1.0
90.83333333333334 -644.25 338.16666666666663 355.5 393.9427820284064 735.8251317301415 0.0 1.0
223.94444444444446 -638.5 342.3888888888889 359.75 472.37199311196343 732.8731953411448 0.0 1.0
357.05555555555554 -636.0 346.6111111111111 361.5 550.8012041955205 731.5600516743721 0.0 1.0
490.1666666666667 -624.5 350.83333333333337 364.0 629.2304152790776 722.839043265706 0.0 1.0
586.0 -618.5 369.0 369.0 692.6592067012575 720.2105803185979 0.0 1.0
569.0 -611.75 391.5 374.0 690.6825206475592 717.0176934659276 0.0 1.0
561.5 -610.5 395.5 376.0 686.8060195925236 717.0000316087828 0.0 1.0
550.0 -603.5 396.5 378.5 678.0221745880867 712.3777796725192 0.0 1.0
550.5 -597.5 399.5 384.5 680.1841907666069 710.5268539143472 0.0 1.0
560.0 -594.5 406.5 377.0 691.9843992531078 703.9750169704535 0.0 1.0
574.5 -596.75 415.0 378.5 708.7141213959808 706.672402545322 0.0 1.0
580.0 -588.25 420.5 368.5 716.3956830028553 694.1423864774088 0.0 1.0
576.5 -586.0 421.0 363.0 713.8621608383512 689.322873457138 0.0 1.0
572.5 -584.0 421.0 357.5 710.6315932764128 684.7356156395479 0.0 1.0
572.0 -582.25 419.5 351.0 709.3407231754077 679.8677155062989 0.0 1.0
569.5 -584.0 418.5 345.0 706.7338505742946 678.2939391717339 0.0 1.0
566.0 -581.75 418.0 343.5 703.6192466409154 675.5955394394342 0.0 1.0
562.0 -584.5 416.0 339.5 699.2142883212139 675.9455367307346 0.0 1.0
580.5 -587.25 357.0 337.25 681.6254249354386 677.2017788097938 0.0 1.0
586.0 -588.0 333.5 338.0 674.2546743514845 678.2263682241278 0.0 1.0
587.5 -586.0 331.0 339.5 674.32739805249 677.2417863474325 0.0 1.0
586.0 -588.0 331.0 340.0 673.020846980161 679.2232700464908 0.0 1.0
586.5 -590.5 331.0 340.0 673.4562423734225 681.3885178410119 0.0 1.0
588.0 -591.75 334.0 341.25 676.2396285859763 683.0956375185232 0.0 1.0
602.5 -594.25 310.0 342.5 678.3035509312335 685.887994528939 0.0 1.0
617.0 -598.75 291.5 342.0 682.3938063037106 689.5402458789645 0.0 1.0
628.0 -594.0 298.0 403.5 695.1172968244857 718.1116642023305 0.0 0.0
636.0 -590.75 301.5 390.0 703.845371132644 707.8896527357142 0.0 1.0
637.0 -601.5 300.5 390.75 704.3218774571683 717.2780607518647 0.0 1.0
631.5 -605.75 298.5 389.5 698.4945019139842 720.1691392246935 0.0 1.0
613.5 -608.75 300.5 391.75 683.1557459349269 723.9100078432573 0.0 1.0
603.5 -614.5 312.5 387.75 679.6099982709159 726.6164875472346 0.0 1.0
600.5 -614.25 311.5 389.75 676.4882778983543 727.4752797069959 0.0 1.0
585.0 -607.0 310.0 388.25 662.0612626508607 720.5463662794809 0.0 1.0
573.0 -551.15625 305.5 383.65625 649.353469859207 671.6313767734623 0.0 0.0
570.5 -557.78125 302.5 374.28125 645.7377091436906 672.0556199533839 0.0 0.0
554.0 -564.40625 289.5 364.90625 625.0851806008648 672.4798631333056 0.0 0.0
528.3 -571.03125 248.05 355.53125 583.6422054496478 672.9041063132272 0.0 0.0
515.5 -575.5 246.25 362.5 571.3169094832299 680.2596748275369 0.0 1.0
502.7 -581.25 244.45 356.0 558.991613516812 681.6612630793425 0.0 1.0
483.0 -608.5 349.0 382.0 595.9980975791996 718.5089496084371 0.0 1.0
500.0 -750.25 371.5 421.0 622.916663112014 860.376221861316 0.0 0.0
562.0 -622.5 393.0 398.5 685.7791203080733 739.3207257403571 0.0 1.0
555.5 -608.75 382.5 397.5 674.4615640567929 727.0373466099923 0.0 1.0
536.5 -605.5 401.0 386.25 669.808052083312 718.2134355784675 0.0 1.0
485.5 -600.5 384.0 384.75 619.0061835284126 713.1958275227769 0.0 1.0
563.5 -598.0 387.5 386.5 684.3115595778398 712.0297210523659 0.0 1.0
546.0 -599.25 395.5 388.25 674.1931412179932 714.0301159308178 0.0 1.0
562.5 -597.25 394.5 389.75 687.0491446547119 713.1708527453272 0.0 1.0
566.0 -596.0 392.0 389.75 688.5336599070465 712.1243337015876 0.0 1.0
554.5 -592.5 392.0 395.0 679.0695630385364 712.0968630095996 0.0 1.0
548.5 -593.5 394.0 396.0 675.3436965929759 713.4833971800671 0.0 1.0
544.0 -593.25 396.5 395.5 673.1633554102071 712.9986278182022 0.0 1.0
521.5 -593.75 403.5 393.5 659.422324228699 712.3070897850864 0.0 1.0
504.5 -594.0 403.5 390.25 646.0128887789631 710.7258938982523 0.0 1.0
502.0 -598.75 406.0 384.75 645.631550391173 711.7139233640339 0.0 1.0
501.0 -597.125 409.5 384.875 647.0639419724656 710.4135701164105 0.0 1.0
502.5 -595.5 412.0 385.0 649.8079335462749 709.1158333721041 0.0 1.0
513.5 -594.0 416.5 385.0 661.1894171135783 707.8569616848931 0.0 1.0
526.0 -590.75 420.0 385.75 673.1092759238252 705.5423338497988 0.0 1.0
526.0 -588.5 420.0 386.5 673.1092759238252 704.0699685247178 0.0 1.0
527.5 -589.25 421.5 384.0 675.2173724068421 703.3290340765296 0.0 1.0
527.0 -587.5 419.5 383.25 673.5797975239127 701.4537644507548 0.0 1.0
527.5 -587.25 418.0 384.25 673.0380747030587 701.7910160649371 0.0 1.0
526.0 -585.75 418.5 383.75 672.1742705578665 700.2621867562866 0.0 1.0
526.5 -586.0 420.5 386.0 673.8120306412457 701.7065058192363 0.0 1.0
527.0 -582.0 423.5 357.0 676.0778431512158 683.1107882916181 0.0 1.0
528.0 -582.5 426.0 329.0 678.4246457787335 669.0273465195876 0.0 1.0
528.0 -593.75 427.5 325.5 679.367647895782 677.119679308285 0.0 1.0
528.5 -583.0 428.0 331.5 680.070879380121 670.6795062368819 0.0 1.0
527.5 -584.0 428.0 332.5 679.2940458698627 672.0215809011868 0.0 1.0
526.0 -586.5 423.5 332.0 675.2990035831222 673.9487252772063 0.0 1.0
517.03125 -609.5 391.6875 332.75 648.9302052092225 694.4589152041692 0.0 1.0
497.15625 -603.5 354.4375 333.25 611.675522931813 689.4569979461135 0.0 1.0
477.28125 -614.75 317.1875 330.5 574.4208406544034 697.960778067778 0.0 1.0
457.40625 -602.25 279.9375 332.5 537.1661583769937 687.9893427570439 0.0 1.0
448.5 -594.5 285.5 333.75 532.2504895130767 681.7842465494402 0.0 1.0
466.0 -579.0 360.5 337.5 589.1673061128845 670.1884468324823 0.0 1.0
525.0 -577.75 368.0 342.25 641.132454726564 671.514386979994 0.0 1.0
518.0 -577.0 378.5 345.0 641.5548736898926 672.2752633951159 0.0 1.0
520.0 -576.75 391.0 352.0 650.6005230115659 675.6883441480259 0.0 1.0
518.0 -557.25 400.0 407.0 654.4654413399189 690.0966481400048 0.0 0.0
511.5 -564.5 405.0 395.5 652.4257902448423 689.2613225406417 0.0 1.0
504.5 -581.5 397.0 394.0 642.0116130176946 702.4154415682599 0.0 1.0
507.5 -583.0 383.5 393.0 636.1045436875445 703.0921047531067 0.0 1.0
511.0 -573.5 373.5 392.0 632.9485775222984 694.6699021517956 0.0 1.0
515.5 -574.25 362.5 389.5 630.1974246551058 693.8867827132495 0.0 1.0
515.5 -572.75 355.5 391.0 626.1993747481429 693.4865879457951 0.0 1.0
535.5 -570.75 377.0 389.25 654.8978209827765 690.8481216441187 0.0 1.0
547.0 -570.75 394.0 390.75 674.1253688134054 691.6944145303963 0.0 1.0
550.5 -574.75 410.0 384.75 686.403853427412 691.657690611348 0.0 1.0
550.5 -580.25 427.0 389.75 696.6948250834585 698.9995559892633 0.0 1.0
548.0 -581.5 440.0 389.25 702.7833905948721 699.7584259622624 0.0 1.0
546.5 -579.5 446.5 390.75 705.7087928505578 698.9319968739239 0.0 1.0
546.0 -577.25 447.0 387.75 705.6381152398152 695.3904359889846 0.0 1.0
545.0 -567.0 440.5 391.0 700.7606330005148 688.7753780774507 0.0 1.0
542.5 -568.25 418.5 392.0 685.1690956426205 690.3431194323041 0.0 1.0
543.5 -565.5 396.5 392.75 672.7628528931484 688.5077012369793 0.0 1.0
547.5 -562.0 373.5 394.0 662.7661599453518 686.3543516301718 0.0 1.0
550.0 -550.75 351.0 396.0 652.4577975993479 678.3393721817498 0.0 1.0
551.5 -550.5 334.5 394.5 645.0135657488144 677.2602637681891 0.0 1.0
551.5 -551.0 321.5 391.5 638.3686239156808 675.924989870485 0.0 1.0
553.5 -550.25 315.0 394.0 636.8614762743565 676.7651464181649 0.0 1.0
596.5 -571.5 300.0 397.0 667.7025504948837 695.9197074287407 0.0 1.0
598.5 -594.25 307.5 401.0 672.8769907898255 716.8921604755262 0.0 1.0
599.5 -574.75 321.0 397.5 680.037330236667 698.8520065048735 0.0 1.0
601.0 -556.5 343.0 395.0 691.9965609356666 682.4355085017164 0.0 1.0
588.5625 -585.25 351.8125 396.5 685.984624432769 706.987243410394 0.0 1.0
562.8125 -555.0 371.0625 394.5 674.7563395533983 680.9225155918765 0.0 1.0
540.0 -512.65625 363.5 378.6875 651.1512496354192 637.7149307789789 0.0 1.0
556.5 -511.28125 404.0 351.4375 687.7036652909414 621.7735318755042 0.0 0.0
553.0 -509.90625 414.0 324.1875 690.8013041953893 605.8321329720294 0.0 0.0
552.0 -508.53125 409.5 296.9375 687.3106734382055 589.8907340685546 0.0 0.0
553.5 -549.5 400.0 316.5 682.909404453647 634.2804250241684 0.0 0.0
554.5 -604.0 388.5 350.0 677.0544905060246 698.0859464749844 0.0 1.0
558.0 -607.25 377.5 343.5 673.6996184356146 697.6713918239606 0.0 1.0
559.5 -618.0 366.0 347.5 668.5777972241181 708.9994901278792 0.0 1.0
561.0 -615.5 357.0 344.5 664.9587791293574 705.3523877543353 0.0 1.0
559.0 -611.25 348.5 343.5 658.7361197993409 701.1554374775902 0.0 1.0
556.5 -607.5 340.0 341.5 652.1447097439843 696.9063866379718 0.0 1.0
553.5 -597.0 341.0 338.0 650.1120054366315 686.0415699007697 0.0 1.0
550.0 -594.5 349.0 336.5 651.389288275684 683.127178966769 0.0 1.0
547.0 -590.0 364.0 336.0 657.0479014315811 678.967882033571 0.0 1.0
538.5 -587.75 373.0 335.75 655.0807851581148 676.8888180714965 0.0 1.0
532.0 -585.0 375.5 338.5 651.172189606157 675.8775680080373 0.0 1.0
532.5 -584.5 389.0 339.5 659.452433997034 675.9445000563652 0.0 1.0
532.5 -585.75 397.0 339.25 664.2027847834355 676.9000298836751 0.0 1.0
529.5 -588.0 400.0 339.75 663.6046017747126 679.0980944569533 0.0 1.0
534.5 -583.75 408.5 342.0 672.7344206214 676.5561367962573 0.0 1.0
538.5 -584.75 412.0 342.5 678.0311635183614 677.6720957835562 0.0 1.0
534.5 -584.25 400.0 343.0 667.6014471724488 677.4932313461502 0.0 1.0
533.5 -583.5 387.5 343.5 659.378474729571 677.1004124875711 0.0 1.0
534.0 -581.5 375.0 345.25 652.5199020763382 676.2692020294357 0.0 1.0
526.0 -587.5 348.5 363.0 630.9836474850075 690.6998079240243 0.0 1.0
521.5 -594.0 331.5 385.0 617.9438258826194 707.8625251784565 0.0 1.0
521.0 -598.0 322.5 385.5 612.7375049725616 711.4886933722183 0.0 1.0
520.0 -603.75 314.0 377.75 607.4505602926472 712.2033957892407 0.0 1.0
520.5 -604.75 309.0 372.5 605.3122447729788 710.2669375404382 0.0 1.0
522.0 -606.5 309.5 372.0 606.8589973491702 711.4960290061891 0.0 1.0
522.5 -606.75 313.5 368.0 609.3371338733525 709.6267248907908 0.0 1.0
523.0 -608.75 317.5 366.0 611.8307724290123 710.3046612875185 0.0 1.0
523.5 -613.0 326.5 369.0 616.9751598432791 715.4928371409458 0.0 1.0
522.0 -612.25 333.0 369.0 619.1725116636246 714.8504825350265 0.0 1.0
522.5 -609.25 342.5 369.0 624.7512095048289 712.2826540592357 0.0 1.0
522.5 -698.25 350.5 405.75 629.1718284063404 807.7022594137613 0.0 1.0
526.5 -621.25 370.0 378.25 643.5261589882084 727.3469726560365 0.0 1.0
527.0 -618.0 382.5 381.5 651.179956892363 726.2698390859067 0.0 1.0
527.0 -599.5 390.0 355.0 655.6134531871658 696.9131525530382 0.0 1.0
526.5 -588.75 397.5 329.5 659.7034631069841 674.6844960793671 0.0 1.0
526.0 -587.25 404.5 330.5 663.5482273354364 673.8640939457568 0.0 1.0
540.0 -589.0 424.5 330.75 686.877531246441 675.5121094521504 0.0 1.0
539.5 -588.75 433.0 332.5 691.7726519988175 676.1540867160833 0.0 1.0
540.0 -589.5 446.0 332.25 700.3688988501078 676.6836331649346 0.0 1.0
540.0 -589.75 456.0 333.0 706.779020445711 677.2696645237747 0.0 1.0
541.0 -589.75 462.5 333.5 711.7503424241527 677.5156160193869 0.0 1.0
542.0 -586.0 467.5 338.0 715.7671015101711 676.4918665993971 0.0 1.0
535.0 -585.5 460.5 340.0 705.8996583628098 677.0605569847864 0.0 1.0
527.5 -585.75 430.0 341.5 680.5560695709303 678.0305348260613 0.0 1.0
527.5 -584.75 437.0 343.25 685.0012709907712 678.0513348262439 0.0 1.0
525.0 -590.75 436.0 343.75 682.4402530053982 683.4891260797642 0.0 1.0
525.5 -595.5 435.5 341.5 682.5034766598213 686.4710731171222 0.0 1.0
527.5 -595.0 434.5 343.5 683.4114794916438 687.0374709765663 0.0 1.0
530.0 -595.75 427.0 345.5 680.6092858608381 688.6883158638178 0.0 1.0
525.0 -601.75 420.5 345.0 672.6408749053489 693.6346634370187 0.0 1.0
531.0 -602.25 426.0 344.5 680.7630784137673 693.8201674994724 0.0 1.0
531.5 -602.75 419.5 344.25 677.1064289756482 694.1294070042189 0.0 1.0
531.5 -609.5 413.0 342.5 673.0987100859822 699.1539143973171 0.0 1.0
529.5 -612.5 406.5 341.0 667.5422513181527 701.0278041663175 0.0 1.0
530.0 -603.0 402.5 337.25 665.5127767246559 690.904078202851 0.0 1.0
530.0 -654.75 398.5 232.0 663.10060300861 694.6912780265937 0.0 0.0
529.5 -625.5 391.5 248.0 658.5153756747067 672.871410632883 0.0 0.0
528.0 -617.75 381.5 249.0 651.4032928992607 666.0450969980733 0.0 0.0
525.5 -631.0 371.5 241.5 643.5545931120791 675.6429637203332 0.0 0.0
517.0 -620.25 355.0 244.5 627.1564726035563 666.7019857689766 0.0 0.0
511.5 -609.25 349.0 248.0 619.2198859993124 657.791974797951 0.0 0.0
507.5 -617.0 354.0 214.5 618.7668528402173 653.9068749471568 0.0 0.0
498.5 -598.5 365.5 199.5 618.1368379028709 630.8763746272441 0.0 0.0
410.79166666666663 -593.0 355.125 213.5 617.1546739385285 630.2718433121454 0.0 0.0
293.84722222222223 -600.75 339.95833333333337 206.0 615.0567312876844 635.0889518094507 0.0 0.0
176.9027777777778 -597.5 324.79166666666663 207.0 612.9587886368405 632.3411714901365 0.0 0.0
59.95833333333334 -607.0 309.625 199.5 610.8608459859965 639.0445091807708 0.0 0.0
-56.986111111111086 -601.25 294.45833333333337 202.5 608.7629033351525 634.435435014226 0.0 0.0
-173.93055555555554 -585.75 279.2916666666667 237.0 606.6649606843084 633.2671460913775 0.0 0.0
-290.875 -601.5 264.125 358.5 604.5670180334646 700.4352101955269 0.0 0.0
-407.81944444444446 -595.75 248.95833333333334 355.25 602.4690753826205 693.6285983966798 0.0 1.0
-524.7638888888889 -616.25 233.79166666666669 350.75 600.3711327317765 709.081246514666 0.0 1.0
-613.625 -605.0 240.125 358.0 658.9760586658217 702.9930030896903 0.0 1.0
-819.5 -594.75 298.0 360.25 873.5846385599546 695.3499326510178 1.0 1.0
-549.5 -607.0 283.0 369.5 618.1197425596955 710.631096388794 0.0 1.0
-524.5 -622.25 304.0 366.25 606.2649736696133 722.0360331056954 1.0 1.0
-484.5 -633.75 304.0 327.5 571.9969231956445 714.5563473441455 1.0 1.0
-515.5 -631.25 307.25 346.5 600.1390482867232 720.9080750852418 1.0 1.0
-526.25 -636.5 309.0 362.5 610.2632176307886 732.4902421884883 1.0 1.0
-526.5 -641.5 315.0 365.5 613.5436007217022 738.3316228774652 1.0 1.0
-523.0 -637.5 319.5 348.0 612.8774307089935 726.3018604721283 1.0 1.0
-521.0 -660.5 324.25 364.5 613.6621790349136 754.4019502714783 1.0 1.0
-520.25 -646.5 322.75 363.0 612.2320390624391 741.4427772409873 1.0 1.0
-519.5 -646.0 316.75 367.0 608.4630314365645 742.9703897195366 1.0 1.0
-518.25 -645.0 305.5 366.5 601.603999725425 741.854509041425 1.0 1.0
-517.0 -649.0 298.0 362.5 596.7378004377221 743.3757379640087 1.0 1.0
-516.0 -643.5 292.25 365.0 593.0163414337467 739.8089394151687 1.0 1.0
-501.5 -649.0 287.75 374.5 578.1898507948598 749.3014406412873 1.0 1.0
-495.25 -653.5 286.0 381.0 571.9006938674813 756.4552166895304 1.0 1.0
-494.0 -752.0 279.5 391.5 567.5999663513901 849.4894018503264 1.0 1.0
-490.0 -681.0 273.25 373.5 561.0422047971397 776.7002317496757 1.0 0.0
-488.75 -796.1875 271.75 355.71875 559.2184087589618 872.2201537012174 1.0 0.0
-490.0 -802.9375 273.75 338.59375 561.283431430558 872.0774094555919 1.0 0.0
-491.5 -809.6875 278.5 321.46875 564.9248505009559 871.9346652099664 1.0 0.0
-492.5 -816.4375 287.25 304.34375 570.1558884187145 871.791920964341 1.0 0.0
-493.25 -726.0 296.25 325.0 575.3865555326121 798.4898152217936 1.0 0.0
-509.5 -627.5 282.5 349.0 582.5817461305026 718.0234313962517 1.0 1.0
-506.75 -620.5 286.5 345.5 582.1327634631116 710.2097392725609 1.0 1.0
-504.25 -613.5 284.5 333.5 578.9761215823327 698.2886537448184 1.0 1.0
-501.75 -608.0 276.5 330.0 572.9006724187773 691.7835730937417 1.0 1.0
-499.75 -611.0 264.75 326.0 565.5718928839215 692.5515058635146 1.0 1.0
-492.0 -611.0 272.75 325.5 562.5447330058907 692.2979910131633 1.0 1.0
-490.25 -608.375 270.0 323.75 559.6838379328487 689.1556455595238 1.0 1.0
-489.5 -606.5 262.0 322.0 555.2066681231943 686.6800329510575 1.0 1.0
-487.5 -600.25 259.5 329.0 552.2655875666394 684.5047898059937 1.0 1.0
-484.0 -595.75 261.5 332.75 550.1260847337601 682.3799201198481 1.0 1.0
-436.5 -591.75 312.5 333.5 538.5463780851185 679.2573244369029 1.0 1.0
-206.5 -618.5 252.0 344.0 327.0298841710353 707.9679559190915 0.0 1.0
-152.0 -611.75 242.0 344.25 285.7764498253475 702.135335732258 0.0 0.0
-142.0 -627.5 246.0 348.5 284.0422503783548 717.924262566939 0.0 1.0
-136.5 -660.5 250.5 357.75 285.27628228928495 751.2258848463639 0.0 1.0
-132.5 -609.25 253.5 367.25 286.03967619237744 711.440200342648 0.0 1.0
-110.0 -609.75 249.0 373.0 272.8902978704248 714.7909139651674 0.0 1.0
8.5 -608.5 230.5 377.75 230.65875695584248 716.2249141247785 0.0 1.0
12.5 -607.5 228.0 381.75 228.34294219621128 717.4888252602334 0.0 1.0
24.5 -617.25 226.0 388.75 227.32899917532066 729.4685806426721 0.0 1.0
40.5 -644.0 222.0 403.0 225.66437849801727 759.7007156984355 0.0 1.0
33.5 -659.25 223.5 408.45 227.63009812274785 775.5313196470242 0.0 1.0
-65.5 -636.25 213.0 390.25 222.8567678488597 746.4102010316055 0.0 0.0
-55.5 -613.25 196.0 372.05 203.70632920334918 717.2890824161866 0.0 0.0
-54.0 -621.75 175.5 354.5 183.6298017521743 715.7249448000514 0.0 1.0
-78.5 -617.5 159.5 345.5 179.84899871344322 707.5858586083609 0.0 1.0
-106.0 -607.0 144.0 351.25 178.84607876526795 701.3054648723653 0.0 1.0
-142.0 -605.5 129.5 346.0 192.3784649503835 697.3868835831968 0.0 1.0
-218.6875 -603.75 119.375 343.25 253.26487273125008 694.5033507796031 0.0 1.0
-316.9375 -596.5 117.875 335.5 339.57206356599613 684.3837754504463 0.0 1.0
-345.5 -594.5 80.0 331.5 355.62434044731333 680.6780805121452 0.0 1.0
-373.0 -591.25 137.0 330.75 397.4389869308476 677.4748311907385 0.0 1.0
-385.5 -587.5 169.0 331.25 420.9238681959221 674.4513275089073 0.0 1.0
-387.5 -586.75 170.0 330.0 423.17188652442996 673.1832296083726 0.0 1.0
-535.5 -583.75 269.0 332.5 599.4160197669014 671.818598440725 0.0 1.0
-582.0 -580.25 272.5 338.0 642.6361049344046 671.5163112424152 1.0 1.0
-551.0 -587.0 260.0 338.5 609.263393868569 677.6092584055132 1.0 1.0
-525.5 -594.5 256.0 341.0 584.5434073192373 685.3550650277265 1.0 1.0
-498.5 -628.0 250.0 333.0 557.6768804713327 710.8297742308133 1.0 1.0
-482.5 -630.0 270.0 330.0 552.9096828435003 711.196495714127 1.0 1.0
-386.3571428571429 -634.0 284.4642857142857 332.0 585.4129753473387 715.6675652592795 1.0 1.0
-256.83333333333337 -618.0 300.4166666666667 352.0 625.9594049515288 711.2175512342449 1.0 1.0
-127.30952380952382 -612.75 316.36904761904765 357.25 666.5058345557188 709.3044908019874 1.0 1.0
2.214285714285694 -739.75 332.32142857142856 357.75 707.052264159909 823.4355049379943 0.0 1.0
131.73809523809524 -845.75 348.2738095238095 329.91666666666663 747.5986937640992 909.3597960005981 0.0 0.0
261.2619047619047 -810.0833333333333 364.2261904761905 285.1388888888889 788.1451233682892 861.5831127016068 0.0 0.0
390.7857142857143 -774.4166666666667 380.17857142857144 240.3611111111111 828.6915529724793 813.8064294026153 0.0 0.0
520.3095238095237 -738.75 396.13095238095235 195.58333333333331 869.2379825766694 766.029746103624 0.0 0.0
649.8333333333334 -655.75 412.0833333333333 261.25 909.7844121808596 714.8701493898842 0.0 0.0
779.3571428571428 -618.5 428.0357142857143 355.5 950.3308417850496 713.3932690721222 0.0 1.0
836.0 -653.0 434.0 359.5 942.0350998252832 745.5524442485382 0.0 1.0
764.5 -603.5 403.0 363.0 864.233990066065 704.2597836297432 0.0 1.0
706.5 -583.75 377.5 375.0 801.0537860729867 694.6416827802805 0.0 1.0
634.0 -625.0 359.5 353.0 728.8777125075211 717.8631307956142 0.0 1.0
564.9642857142858 -623.0 356.0357142857143 351.0 670.0243053850038 715.1400876397258 0.0 1.0
490.25 -576.5 348.75 348.5 605.3148922699853 673.653069824918 0.0 1.0
415.53571428571433 -589.5 341.4642857142857 333.5 540.6054791549668 677.4294702705117 0.0 1.0
358.0 -595.25 338.5 329.5 492.70108183336447 680.362276408096 0.0 1.0
333.0 -591.5 344.5 331.75 479.13486139062286 678.1847768475236 0.0 1.0
358.5 -585.5 359.5 331.75 507.71109634596047 672.9549675726469 0.0 1.0
415.5 -585.75 362.0 329.5 551.0892137976178 672.0705789878839 0.0 1.0
491.0 -600.5 372.5 328.0 616.322079659724 684.25933160614 0.0 1.0
559.5 -612.0 385.0 331.5 679.1651148701351 696.2464289190841 0.0 1.0
602.0 -579.75 394.0 331.75 719.4745817161445 667.9608539339299 0.0 1.0
613.0 -577.25 397.5 334.75 730.5993479918435 667.28944191257 0.0 1.0
598.5 -589.75 401.5 354.5 720.6977043341537 688.09835101503 0.0 1.0
555.5 -701.5 409.0 366.0 689.8535662692987 791.2452930476383 0.0 0.0
504.5 -658.5 419.5 361.5 656.1358625922762 751.216906612909 0.0 1.0
490.0 -637.25 418.5 361.5 644.3969405061324 732.647516947867 0.0 1.0
492.0 -625.0 415.0 360.5 643.6529374811332 721.5174958463961 0.0 1.0
505.5 -573.75 412.5 367.5 652.4468558607223 681.4484051981483 0.0 1.0
516.5 -569.5 414.5 367.5 662.2630095635919 677.7850584990389 0.0 1.0
520.0 -569.0 413.5 373.0 664.3726500720702 680.3633685542977 0.0 1.0
517.0 -570.25 411.0 369.0 660.462032831393 679.2255330952866 0.0 1.0
516.5 -572.0 409.0 369.5 658.8274701265512 680.9658907962989 0.0 1.0
520.0 -594.25 410.0 371.0 662.1943329735877 700.6136573898499 0.0 1.0
519.5 -615.25 411.5 376.0 662.7312076671979 721.292532946263 0.0 1.0
516.5 -583.25 412.5 371.0 661.0059003801337 691.2466070105431 0.0 1.0
505.5 -585.0 404.5 375.5 647.4195390965792 695.1442847150923 0.0 1.0
498.0 -590.75 373.5 377.0 622.5002008036986 700.7957226369822 0.0 1.0
505.5 -592.5 370.5 379.0 626.738502515212 703.3478786393299 0.0 1.0
506.5 -594.75 366.5 382.0 625.1915968832463 706.860838351994 0.0 1.0
498.5 -596.5 364.5 381.5 617.545676775623 708.0639095448942 0.0 1.0
501.5 -617.0 381.0 378.0 629.8336315621829 723.6493061572771 0.0 1.0
509.5 -613.0 394.0 363.5 644.0700723055456 712.6719445614758 0.0 1.0
514.0 -583.5 389.0 331.5 644.6060812620372 671.11123481957 0.0 1.0
516.5 -577.75 389.0 331.5 646.601376802462 666.0993140162872 0.0 1.0
517.0 -579.5 391.5 329.0 648.5069390530837 666.3792790053956 0.0 1.0
514.0 -596.75 395.0 326.5 648.2446242146677 680.2317590262431 0.0 1.0
514.0 -593.0 395.5 326.0 648.5496294687644 676.7018997168962 0.0 1.0
506.5 -597.0 396.0 325.0 642.9441260061872 679.7396813295363 0.0 1.0
499.5 -602.75 401.0 322.5 640.5501343714017 683.6051328135815 0.0 1.0
498.5 -607.25 403.5 319.0 641.338058659759 685.9476564342458 0.0 1.0
496.0 -607.25 406.0 320.0 640.9774569369515 686.4057654607229 0.0 1.0
495.0 -608.75 406.5 320.0 640.521076936583 687.7333706107871 0.0 1.0
495.0 -606.5 406.5 320.5 640.5233991239243 685.9793910277152 0.0 1.0
521.5 -605.25 404.0 320.75 659.681326737195 684.987694762928 0.0 1.0
519.5 -603.75 402.5 321.0 657.1807269876117 683.7827309122197 0.0 1.0
518.5 -603.25 400.5 320.5 655.1660807921648 683.1042687927668 0.0 1.0
518.5 -642.0 402.5 323.25 656.3905803743835 718.901377455881 0.0 1.0
520.0 -612.25 405.5 323.0 659.416598213906 692.2276854489025 0.0 1.0
520.5 -615.75 405.0 330.5 659.5041639991617 698.8593285084535 0.0 1.0
522.0 -620.0 405.0 337.0 660.6893404092896 705.6714700713983 0.0 1.0
507.5 -617.75 376.0 336.5 631.6108460409752 703.4553940381354 0.0 1.0
504.5 -607.5 377.5 318.0 630.100516002466 685.6970513508729 0.0 1.0
503.5 -608.5 379.5 318.0 630.5019107256281 686.5843906164487 0.0 1.0
502.5 -607.25 382.0 317.5 631.2134412686516 685.2438602008162 0.0 1.0
499.5 -609.0 382.5 316.5 629.1316695174587 686.3337652661869 0.0 1.0
497.5 -611.75 382.0 316.5 627.2406867373659 688.7745100516888 0.0 1.0
495.0 -614.0 379.0 316.5 623.4317969985589 690.7766559875377 0.0 1.0
491.5 -623.25 376.5 314.0 619.1331988835913 697.8815736585285 0.0 1.0
482.5 -627.25 375.0 313.0 611.090724381649 701.0172264403207 0.0 1.0
455.0 -627.25 376.0 313.5 590.25553298161 701.2309355640482 0.0 1.0
345.6764705882353 -623.5 375.52941176470586 314.5 614.5058416771378 698.3283974652068 0.0 1.0
199.91176470588238 -621.5 376.2352941176471 315.0 647.6889362595655 696.7709339791213 0.0 1.0
54.14705882352945 -611.75 376.94117647058823 318.0 680.8720308419929 689.4651334936625 0.0 1.0
-91.61764705882348 -607.25 377.6470588235294 319.0 714.0551254244203 685.9441776304084 0.0 1.0
-237.3823529411764 -604.5 378.3529411764706 320.25 747.2382200068478 684.0914885150227 0.0 1.0
-383.14705882352933 -605.5 379.05882352941177 321.25 780.4213145892754 685.4429368584097 0.0 1.0
-528.9117647058822 -600.25 379.7647058823529 323.5 813.6044091717029 681.8833053207888 0.0 1.0
-674.6764705882351 -594.75 380.47058823529414 326.0 846.7875037541303 678.2360951896901 0.0 1.0
-861.5 -597.5 446.0 327.0 970.3563549471385 681.1290566636015 1.0 1.0
-751.5 -618.0 397.0 360.0 849.9271183689928 715.2170709710342 1.0 1.0
-717.0 -623.75 353.5 363.0 799.7169092725175 721.688842115509 0.0 1.0
-639.5 -628.25 307.5 360.5 709.6499542317932 724.3350980548436 1.0 1.0
-580.5 -630.0 292.0 358.5 649.8069957326126 724.8601589272237 1.0 1.0
-558.0 -750.0 271.0 372.0 620.3293263570524 838.3601055895804 1.0 1.0
-525.0 -678.5 262.0 363.75 586.7801247458106 770.0507016964443 1.0 0.0
-547.0 -634.0 263.5 358.5 607.1583985857656 728.3395083551172 1.0 1.0
-541.0 -632.5 273.5 361.0 606.2173025123487 728.2708948078844 1.0 1.0
-540.0 -652.0 289.5 365.0 612.7092933337822 747.2532478178921 1.0 1.0
-543.0 -649.75 298.5 367.0 619.6379991575726 746.3135294669551 1.0 1.0
-545.5 -623.75 304.0 366.5 624.4887909322313 723.4581849459166 1.0 1.0
-546.0 -691.25 310.0 376.0 627.8662277906019 787.3314330014741 1.0 1.0
-544.5 -760.25 312.5 383.25 627.803064708085 851.3875367569965 1.0 0.0
-543.5 -759.25 310.5 383.25 625.9414417362912 850.4946432376104 1.0 0.0
-541.5 -621.5 311.5 370.0 624.7036800279255 723.3000679679681 1.0 0.0
-541.0 -623.0 315.0 369.75 626.0245576770687 724.4613747926417 1.0 1.0
-531.0 -620.0 308.5 362.25 614.1281632717755 718.0703826318583 1.0 1.0
-486.5 -623.0 188.0 361.0 522.0683733434973 720.0347650229578 0.0 1.0
-486.5 -623.75 156.5 361.0 511.0524476419317 720.6837574013504 0.0 1.0
-479.5 -626.0 145.0 363.0 500.94458680997366 723.6404256897556 0.0 1.0
-472.5 -626.5 124.5 367.0 488.63183002089266 726.0796252853553 0.0 1.0
-474.45000000000005 -627.0 124.125 365.5 490.42710207618 725.7548658517794 0.0 1.0
-481.04999999999995 -624.75 127.625 368.0 497.70791326046526 725.0770951048288 0.0 1.0
-487.65 -626.75 131.125 370.0 504.9887244447506 727.8159803987444 0.0 1.0
-494.25 -679.75 134.625 370.25 512.2695356290359 774.0453217148608 0.0 1.0
-500.85 -680.75 138.125 367.0 519.5503468133211 773.3756362232364 0.0 1.0
-506.0 -682.25 141.5 364.25 525.4537127634741 773.3980957069989 1.0 1.0
-521.5 -659.25 149.5 357.5 542.5074704165762 749.9925642553574 1.0 1.0
-521.5 -635.25 154.0 352.0 543.7834310351441 726.2566726034029 1.0 1.0
-531.5 -636.25 178.0 354.5 560.5499039348547 728.343754264734 1.0 1.0
-540.5 -634.5 200.0 354.0 576.3279785224453 726.571845370017 1.0 1.0
-547.5 -624.0 223.0 355.5 591.1873466402076 718.1783626134115 1.0 1.0
-552.5 -575.8888888888889 231.5 363.91666666666663 599.0455026113693 681.3088708770392 1.0 1.0
-544.0 -587.4444444444445 248.5 359.58333333333337 598.2580197652728 689.0337288309929 1.0 0.0
-534.5 -599.0 250.5 355.25 590.2896013268396 696.7585867849464 1.0 0.0
-530.0 -610.5555555555555 244.5 350.91666666666663 583.6782588159439 704.4834447388998 1.0 0.0
-529.0 -622.1111111111111 240.5 346.58333333333337 581.1035291757452 712.2083026928535 1.0 0.0
-529.0 -626.0 236.5 353.25 579.4594463808489 718.8645814837753 1.0 1.0
-528.5 -612.75 233.0 356.25 577.5823018736613 708.7859199614072 1.0 1.0
-527.5 -612.75 232.0 355.75 576.2640805397743 708.5360337696868 1.0 1.0
-527.5 -628.25 232.0 357.75 576.2641024195386 722.9682791479138 1.0 1.0
-528.0 -619.75 235.5 360.0 578.1387882837457 716.7655500786414 1.0 1.0
-532.5 -619.0 225.0 360.75 578.2159117480403 716.4519724366359 1.0 1.0
-534.5 -706.75 217.0 368.5 576.8705871073042 797.0740289128084 1.0 0.0
-533.0 -661.25 217.0 368.0 575.4806995431013 756.816118003461 1.0 1.0
-531.5 -613.25 215.5 365.5 573.5263725409669 713.9094969330799 1.0 1.0
-528.5 -609.0 209.0 367.0 568.3249510623302 711.0348791901038 1.0 1.0
-524.5 -607.75 198.0 368.25 560.6284698293359 710.6138398209745 1.0 1.0
-523.0 -599.25 192.0 362.75 557.1292489180585 700.5096194875601 1.0 1.0
-524.5 -599.0 191.5 366.0 558.3659194470952 701.970935111442 1.0 1.0
-528.0 -605.25 189.5 366.25 560.9761581386504 707.445912588025 1.0 1.0
-525.5 -610.5 188.5 367.75 558.2855196936988 712.7080360121025 1.0 1.0
-515.0 -613.0 188.5 365.625 548.4166093719772 713.7584543727139 1.0 1.0
-503.5 -618.0 191.5 364.75 538.6895819084966 717.6147597316971 1.0 1.0
-498.5 -622.5 195.5 361.75 535.46495373171 719.9786897748706 1.0 1.0
-500.5 -617.0 200.0 359.5 538.980951033195 714.0938332576605 1.0 1.0
-487.5 -800.125 211.0 379.125 531.2046332216743 886.368044835459 1.0 0.0
-491.0 -608.5 212.0 360.25 534.8145165534976 707.1445888081662 1.0 0.0
-483.5 -604.703125 215.5 348.265625 529.3514936807373 698.2465952712743 1.0 0.0
-461.5 -599.640625 223.5 333.953125 512.7718642096884 687.2316758836016 1.0 0.0
-415.0833333333333 -594.578125 234.91666666666669 319.640625 484.69241333429903 676.2167564959288 1.0 0.0
-351.19444444444446 -589.515625 248.1388888888889 305.328125 444.58139204511315 665.2018371082562 1.0 0.0
-287.30555555555554 -584.453125 261.3611111111111 291.015625 404.4703707559272 654.1869177205834 1.0 0.0
-223.41666666666669 -579.390625 274.58333333333337 276.703125 364.3593494667414 643.1719983329108 1.0 0.0
-104.0 -574.328125 302.0 262.390625 327.71240147152037 632.157078945238 0.0 0.0
64.47500000000001 -569.265625 331.35 248.078125 382.7737731753403 621.1421595575654 0.0 0.0
193.77500000000003 -584.75 347.15 301.5 464.94051148487557 658.1569456232389 0.0 0.0
323.07500000000005 -554.0 362.95 356.75 547.1072497944108 658.9284134509869 0.0 0.0
452.37500000000006 -554.5 378.75 356.25 629.2739881039461 659.078497291152 0.0 0.0
581.675 -544.75 394.55 356.25 711.4407264134813 650.9218001183023 0.0 1.0
603.5 -549.25 413.5 358.0 731.5826276469354 655.6239612477846 0.0 1.0
588.5 -543.75 419.5 356.5 722.7916755839922 650.1993026876021 0.0 1.0
532.0 -537.25 395.5 358.25 662.9101713904072 645.7414457523629 0.0 1.0
553.0 -542.25 432.5 360.75 702.0456373938054 651.2896169108456 0.0 1.0
550.0 -546.25 435.0 371.5 701.2311289473091 660.6345820592522 0.0 1.0
546.5 -540.25 438.5 375.5 700.6751560404061 657.9303145205464 0.0 1.0
542.0 -540.5 432.5 375.25 693.4123153191108 657.9915036428447 0.0 1.0
543.5 -545.25 434.5 372.75 695.8322531604641 660.4849537021398 0.0 1.0
546.5 -553.75 438.0 367.0 700.3617259025805 664.3256275057148 0.0 1.0
547.0 -562.0 441.5 365.5 702.9449058751063 670.3985873249135 0.0 1.0
546.0 -561.0 439.5 363.0 700.9112234492268 668.1995995797324 0.0 1.0
543.5 -562.25 441.5 356.75 700.2248102563811 665.8796147774312 0.0 1.0
541.0 -565.25 437.5 357.25 695.7638048424546 668.6886341951787 0.0 1.0
536.0 -550.0 433.0 377.75 689.0464587710642 667.2666823019035 0.0 1.0
533.5 -550.5 430.5 385.875 685.5308326944288 672.309475107787 0.0 1.0
529.0 -636.25 426.0 391.0 679.2049724156675 748.7175033874507 0.0 0.0
505.0 -618.125 380.0 386.0 632.0009876734578 729.4983251114265 0.0 0.0
503.5 -408.7916666666667 383.0 782.5833333333333 632.614739288862 911.5486835424454 0.0 0.0
503.5 -139.95833333333334 388.0 604.9166666666667 635.6543139589231 740.927991208084 0.0 0.0
504.0 128.87499999999994 392.5 427.25 638.805511945526 570.3072988737226 0.0 0.0
505.5 451.5 398.5 298.0 643.6873507039452 544.8065839182909 0.0 0.0
513.0 635.5 422.5 292.0 664.5870564463983 699.3742000464924 0.0 0.0
516.5 536.75 433.0 331.5 673.9890577746793 630.8672475987069 0.0 0.0
517.5 552.25 439.0 318.5 678.6216879678057 637.6328877481264 0.0 0.0
516.5 561.5 443.0 316.0 680.4566481415256 644.3122302114092 0.0 0.0
516.5 558.0 446.0 318.0 682.4151139216722 642.2540154140852 0.0 0.0
516.5 554.5 443.5 321.5 680.782693379483 640.9662969821611 0.0 0.0
505.0 557.5 436.0 319.5 667.2053955630877 642.5625947649949 0.0 0.0
495.0 558.0 430.0 318.5 655.6876408276328 642.5003620715256 0.0 0.0
496.0 556.0 425.5 316.5 653.5035011850186 639.7727142483466 0.0 0.0
497.5 547.0 422.5 313.5 652.6964418823811 630.4690986016034 0.0 0.0
498.0 543.25 417.5 312.0 649.8544739062997 626.469933837242 0.0 0.0
496.0 542.0 412.0 306.0 644.794655631958 622.4148469502784 0.0 0.0
496.0 536.0 408.0 306.5 642.2461748487663 617.4565330650474 0.0 0.0
498.5 533.0 406.0 308.5 642.9195353549292 615.8500393241497 0.0 0.0
516.0 523.75 413.5 319.5 661.2399737191972 613.5132453485913 0.0 0.0
517.0 522.875 418.0 320.0 664.8406567162684 613.0262022468974 0.0 0.0
512.0 517.0 421.0 325.0 662.8612983468738 610.6677762725867 0.0 0.0
496.0 512.5 425.0 324.5 653.2310018005658 606.5942004451899 0.0 0.0
347.5 510.5 483.75 323.5 595.9831655679836 604.3696259974388 0.0 0.0
298.75 512.0 479.75 322.25 565.1689963912182 604.9716755038621 0.0 0.0
299.75 515.5 481.75 319.5 567.3931245052798 606.4836317315496 0.0 0.0
305.25 440.0 483.0 328.5 571.3753303884001 550.8472708696615 0.0 0.0
312.25 233.70833333333334 486.0 368.04166666666663 577.6648870082931 475.95688475079567 0.0 0.0
317.5 6.541666666666671 487.25 330.20833333333337 581.5659593068827 474.4382609793503 0.0 0.0
320.5 -220.62499999999997 560.5 292.375 645.7820935871397 472.9196372079048 0.0 0.0
313.75 -458.0 574.75 284.0 654.8104415525463 539.2222486057533 0.0 0.0
312.5 -471.5 572.0 361.0 651.7977076156214 593.8375734949366 0.0 0.0
311.75 -475.5 566.25 366.0 646.3988071231305 600.0514694543097 0.0 0.0
279.25 -580.5 564.75 369.0 630.6659257537447 688.7670354515611 0.0 0.0
128.75 -567.0 568.75 364.5 584.4121416008325 674.076280700838 0.0 1.0
90.0 -551.5 563.5 346.5 570.6443166639041 651.3197125203856 0.0 1.0
93.25 -553.5 560.75 356.5 568.4536436731764 658.4069688707548 0.0 1.0
96.75 -553.5 559.25 365.0 567.5601781147093 663.0138201931597 0.0 1.0
112.5 -552.5 551.5 379.0 563.0658164416527 670.0417036483174 0.0 1.0
278.0 -549.5 516.5 389.5 587.3531907221204 673.5446856522427 0.0 1.0
311.75 -591.0 513.75 401.0 600.9392703302433 714.4495861742525 0.0 1.0
312.25 -581.5 514.75 395.0 602.0528678670427 702.9766611683497 0.0 1.0
312.0 -572.5 516.5 394.0 603.4204652930475 694.9781574326931 0.0 1.0
213.5 -569.0 574.0 394.0 613.6851308753174 692.096325727853 0.0 1.0
138.0 -573.0 601.0 391.5 616.641118060644 693.9754794495059 0.0 1.0
136.75 -568.0 597.25 386.0 612.7056509410183 686.7460310869697 0.0 1.0
135.25 -560.0 596.5 380.0 611.6411840951737 676.757030861882 0.0 1.0
134.75 -557.5 595.25 379.5 610.311635663815 674.4103285991255 0.0 1.0
263.5 -556.5 591.75 381.0 649.2870359040321 674.4281502017496 0.0 1.0
334.75 -555.75 582.5 380.5 671.9766529853104 673.5268163218598 0.0 1.0
341.5 -556.0 571.0 380.5 665.3294520358022 673.7331294656267 0.0 1.0
344.0 -553.75 570.5 382.0 666.1882024631011 672.728595958185 0.0 1.0
344.5 -552.0 567.5 384.5 663.8800212995952 672.7143351284585 0.0 1.0
345.0 -552.25 568.5 383.75 664.994310284884 672.490987987052 0.0 1.0
346.5 -552.25 568.5 384.5 665.7736610262871 672.9197695294508 0.0 1.0
346.5 -552.0 568.5 386.25 665.7737470670575 673.7169089503602 0.0 1.0
347.0 -570.75 569.0 387.0 666.4608523926514 689.6311751649087 0.0 1.0
413.5 -553.0 577.0 383.75 710.4608656077797 673.1089968589596 0.0 1.0
451.0 -551.25 580.5 382.75 735.1063173577267 671.0991945607544 0.0 1.0
455.0 -552.25 584.5 386.0 740.7195188928326 673.7801531812318 0.0 1.0
462.5 -633.5 590.5 401.5 750.064659025792 751.1070609573462 0.0 1.0
469.5 -553.25 592.5 381.5 755.96726119588 672.0326127810649 0.0 1.0
410.5 -552.75 602.5 384.75 730.0151765277512 673.4753767806161 0.0 1.0
308.0 -547.0 609.0 391.5 682.4552759577881 672.6676271682818 0.0 1.0
311.0 -546.75 604.5 392.0 679.8098531198482 672.7553444432241 0.0 1.0
307.5 -543.75 600.5 392.5 674.654659497874 670.6147229309636 0.0 1.0
304.5 -541.5 597.0 395.0 670.1772945327721 670.2590916951444 0.0 1.0
298.5 -535.5 594.5 385.0 665.2407573762888 659.55027961778 0.0 1.0
293.5 -521.5 593.5 357.0 662.1125075825496 632.0096544781791 0.0 1.0
190.5 -532.0 592.5 350.5 623.3184119936019 637.1009080937408 0.0 1.0
52.0 -541.75 608.5 346.5 610.720084598492 643.0829040976766 0.0 1.0
55.5 -540.75 608.0 345.75 610.5286575880882 641.836140123791 0.0 1.0
45.5 -421.25 618.0 305.75 619.7911023977128 520.525913811862 0.0 0.0
46.5 -297.9642857142857 615.5 211.92857142857142 617.3751411963258 367.7491178804264 0.0 0.0
59.5 -207.25 604.0 134.5 606.9288971892611 251.66227799041707 0.0 0.0
56.0 -116.5357142857143 602.5 57.07142857142857 605.0971377185265 135.5754381004077 0.0 0.0
44.0 -44.0 600.5 13.0 602.1120715096399 48.17820782628946 0.0 0.0
91.0 -42.75 530.0 45.0 537.757954521413 62.08859176461621 0.0 0.0
65.5 -41.25 512.0 41.0 516.1744882038606 58.16654244000166 0.0 0.0
58.0 -41.25 504.5 37.75 507.8250719646269 55.92130847766475 0.0 0.0
49.0 -10.25 506.0 18.0 508.3684967621006 20.7607719892679 0.0 0.0
34.5 -11.75 488.5 19.5 489.741225525741 22.76748456452708 0.0 0.0
-40.5 -12.25 358.5 19.0 360.79763555662987 22.611809922738367 0.0 0.0
-39.0 -13.75 327.0 18.25 329.3617810919483 22.852736741590164 0.0 0.0
-35.0 -13.75 328.0 17.5 329.89316393611136 22.255900924037583 0.0 0.0
-36.0 -14.5 329.5 16.75 331.4667446623456 22.154892803996567 0.0 0.0
-34.0 -14.5 331.5 16.5 333.24051312858614 21.9658826364888 0.0 0.0
-9.5 -14.5 326.0 15.75 326.8437976013343 21.408904079240152 0.0 0.0
24.32142857142857 -14.5 291.8928571428571 15.0 294.98562469153546 20.862646045025063 0.0 0.0
40.75 -11.0 247.75 6.5 254.67117360509695 13.62083240699566 0.0 0.0
57.17857142857142 -5.75 203.60714285714283 -3.75 214.35672251865844 6.873478624546312 0.0 0.0
67.0 -5.5 184.5 -5.0 196.41859942562377 7.466517186829627 0.0 0.0
64.0 -5.75 211.5 -6.25 221.05385235617788 8.49265665226346 0.0 0.0
72.5 -5.75 219.5 -7.0 231.16336218941507 9.139942069266834 0.0 0.0
96.0 -4.5 209.5 -9.25 230.81174275350213 10.301697102515575 0.0 0.0
79.0 -4.25 215.0 -9.75 229.26529965796988 10.636810081887404 0.0 0.0
71.0 -4.25 219.0 -11.25 230.22187531601094 12.030329992945315 0.0 0.0
74.5 -4.75 214.5 -11.25 227.06990600155189 12.237084769067382 0.0 0.0
92.5 -5.25 209.5 -12.0 229.25542617238796 13.100189391222042 0.0 0.0
126.5 -3.25 166.0 -13.5 208.71672049338267 13.911466581031668 0.0 0.0
149.5 -3.25 171.0 -13.0 227.1698137044197 13.402288040981297 0.0 0.0
160.5 -0.5 175.0 14.75 237.45578732094793 23.86626464029816 0.0 0.0
180.0 -2.75 173.5 37.5 250.0885928482952 37.60813731589188 0.0 0.0
337.4375 -4.25 166.9375 37.75 387.79888064198053 37.989490642564064 0.0 0.0
528.6875 -3.5 152.1875 38.25 553.814833844322 38.41273578550783 0.0 0.0
551.5 -2.75 315.5 38.5 637.7182563723824 38.61822208227039 0.0 0.0
516.5 -49.083333333333336 367.0 44.83333333333333 633.6124157694792 83.02895264924157 0.0 0.0
501.0 -231.41666666666669 366.0 66.16666666666666 620.4494243403547 256.52572277502105 0.0 0.0
483.0 -413.75 365.5 87.5 605.7057115205004 430.0224929008005 0.0 0.0
420.8076923076923 -523.25 364.38461538461536 203.5 577.2096508734687 570.8165162686714 0.0 0.0
337.8846153846154 -537.75 362.2307692307692 365.5 538.8126177753222 650.2041911933411 0.0 0.0
254.96153846153848 -543.5 360.0769230769231 363.0 500.415584677176 653.5758738517109 0.0 1.0
172.03846153846155 -519.25 357.9230769230769 369.75 462.01855157902975 637.446390976 0.0 1.0
89.11538461538464 -521.25 355.7692307692308 368.0 423.6215184808834 638.0652368496753 0.0 1.0
6.192307692307708 -538.0 353.61538461538464 356.5 385.2244853827371 645.4380662322947 0.0 1.0
-86.32142857142857 -538.25 344.8928571428571 353.75 369.73939498634246 644.108934285878 0.0 1.0
-207.60714285714286 -540.0 316.4642857142857 357.0 422.9901326952027 647.3403049717163 0.0 1.0
-328.8928571428571 -547.0 288.03571428571433 351.5 476.24087040406295 650.2315304635331 0.0 1.0
-450.17857142857144 -544.25 259.6071428571429 354.25 529.4916081129231 649.3852821319931 0.0 1.0
-597.5 -562.25 273.5 353.25 657.1713113136364 664.0126714247186 1.0 1.0
-544.0 -574.5 278.0 371.25 611.0205405418897 684.0212692515563 1.0 1.0
-513.5 -621.25 285.5 389.0 587.5331774123847 733.1505234016413 1.0 1.0
-500.5 -582.5 285.0 381.5 575.9587519394574 696.3107603324875 1.0 1.0
-489.5 -587.0 285.0 380.5 566.4237103348081 699.5351364169937 1.0 1.0
-475.5 -585.75 282.0 379.75 552.8329590642454 698.0781935373147 1.0 1.0
-422.4090909090909 -585.25 290.75 380.75 526.1609782632929 698.2047278260704 1.0 1.0
-350.9545454545455 -585.0 301.75 379.5 489.68486054437165 697.3139732163565 1.0 1.0
-279.5 -581.0 312.75 379.0 453.2087428254504 693.6873032038079 1.0 1.0
-208.04545454545456 -578.25 323.75 378.5 416.73262510652904 691.111649849506 1.0 1.0
-136.5909090909091 -572.5 334.75 374.25 380.25650738760777 683.9731933662504 1.0 1.0
19.0 -568.25 235.0 355.75 264.1566077955835 670.4237159182373 0.0 1.0
276.25 -562.5 186.7 344.0 337.8623022489879 659.3504210982117 0.0 1.0
483.25 -557.0 266.29999999999995 359.0 554.4603099239714 662.6693446649415 0.0 1.0
649.0 -557.0 347.5 357.0 736.3106139556055 661.5875397822155 0.0 1.0
617.0 -557.0 359.5 356.0 714.1007447297319 661.0504699733027 0.0 1.0
575.0 -547.0 373.5 359.0 685.6689835135098 654.285927760304 0.0 1.0
547.0 -550.75 370.0 357.25 660.4088511525117 656.4757232517279 0.0 1.0
532.0 -553.5 369.0 352.0 647.4453245991915 655.9468391207561 0.0 1.0
543.5 -556.0 379.0 343.0 662.5965699914145 653.3584556905031 0.0 1.0
539.0 -561.0 390.0 340.0 665.2985925093607 656.0219839652766 0.0 1.0
528.5 -544.25 398.0 345.0 661.6014721340462 644.3928182628883 0.0 1.0
518.5 -544.75 397.5 343.0 653.3379414207718 643.7417184200028 0.0 1.0
515.5 -544.75 396.0 341.5 650.0457564024598 642.9440848757605 0.0 1.0
514.0 -547.75 397.0 340.0 649.4655432635848 644.6942961400582 0.0 1.0
513.5 -547.75 399.5 340.0 650.6021233801916 644.6984716097834 0.0 1.0
513.0 -549.75 404.0 340.5 652.9820956277076 646.6574276595006 0.0 1.0
513.0 -549.25 402.5 343.5 652.0561488721467 647.8177444870361 0.0 1.0
514.0 -550.25 399.5 343.0 650.9965307286218 648.4068959617541 0.0 1.0
514.0 -560.75 397.5 340.0 649.770927355626 655.827400412837 0.0 1.0
504.5 -548.5 397.5 345.5 642.3340025095838 648.2459286913249 0.0 1.0
496.0 -552.5 401.0 344.5 637.8230102922954 651.1049222669974 0.0 1.0
497.5 -556.0 405.5 342.75 641.8232629287536 653.1566159481868 0.0 1.0
496.0 -557.25 406.5 343.5 641.2943158572637 654.6188601702856 0.0 1.0
495.5 -551.5 407.5 346.0 641.5423609287275 651.0521373018157 0.0 1.0
503.5 -546.0 409.0 350.0 648.6934474676716 648.6052018361297 0.0 1.0
511.5 -642.0 407.5 410.75 653.9793526386356 763.1736720715398 0.0 0.0
513.5 -645.75 407.0 412.5 655.2338105269039 766.3755194170931 0.0 0.0
515.5 -555.5 407.5 403.0 657.1122430757168 686.286566659018 0.0 0.0
517.0 -563.5 405.5 404.0 657.0535783189667 693.36023474382 0.0 1.0
518.5 -560.75 400.5 404.75 655.1660807921648 691.5680798522274 0.0 1.0
518.5 -562.25 397.0 402.75 653.0323498878138 691.6165787823195 0.0 1.0
519.0 -559.0 398.0 403.0 654.0374607008379 689.1238245442993 0.0 1.0
518.0 -563.0 396.5 401.0 652.3313958411017 691.2122513441077 0.0 1.0
516.5 -556.75 394.5 400.25 649.9250665347474 685.693464811959 0.0 1.0
515.0 -550.0 394.5 400.75 648.7335739731682 680.5150344739147 0.0 1.0
513.5 -528.5 394.0 387.25 647.2389435131356 655.1909085588956 0.0 1.0
508.5 -402.1428571428571 395.5 393.0 644.1991211514626 579.6580963432223 0.0 0.0
463.0 -230.71428571428572 368.5 361.0 591.7567063836347 502.20701071598774 0.0 0.0
376.25 -59.285714285714306 354.94117647058823 329.0 585.037901481447 424.75592508875314 0.0 0.0
263.25 112.14285714285711 345.52941176470586 297.0 583.5628631699456 347.30483946151855 0.0 0.0
150.25 153.0 336.11764705882354 326.5 582.0878248584443 360.5812797333341 0.0 0.0
37.25 154.75 326.7058823529412 336.0 580.6127865469429 369.9255792816447 0.0 0.0
-75.75 154.0 317.2941176470588 336.75 579.1377482354414 370.2929578364136 0.0 0.0
-188.75 171.5 307.88235294117646 218.0 577.6627099239402 277.6350977825422 0.0 0.0
-301.75 166.75 298.47058823529414 193.5 576.1876716124386 255.43943160468052 0.0 0.0
-414.75 165.5 289.0588235294117 194.5 574.7126333009373 255.3833295445881 0.0 0.0
-545.5 163.5 286.0 194.75 616.614303302196 254.28351911641883 0.0 0.0
-655.625 162.75 293.0 195.25 718.2231088902457 254.18546177594106 0.0 0.0
-561.0 172.0 282.0 179.25 627.9470551995342 249.03199586706683 1.0 0.0
-534.0 177.0 287.5 166.5 606.4798994168993 243.00463054592097 1.0 0.0
-519.0 178.0 292.0 168.5 595.5107265991155 245.10875888354428 1.0 0.0
-511.5 177.5 299.5 169.25 592.734655707155 245.2587312129728 1.0 0.0
-510.0 177.5 302.0 168.75 592.7096594327982 244.9139549483259 1.0 0.0
-509.0 176.5 303.0 167.5 592.3596880274687 243.3281859493507 1.0 0.0
-507.0 175.5 302.0 164.5 590.1297022456592 240.54237273305304 1.0 0.0
-509.5 176.0 299.5 161.0 591.0080638739432 238.53781185591112 1.0 0.0
-515.5 175.75 303.0 157.5 597.9542293579436 235.99704074432628 1.0 0.0
-513.5 175.75 300.5 154.5 594.9643382376369 234.0069166512016 1.0 0.0
-507.0 176.0 300.5 152.0 589.3648403757857 232.55359438632544 1.0 0.0
-493.5 170.4375 303.0 150.5 579.0960918767416 227.8182257435335 1.0 0.0
-465.5 170.1875 305.5 132.5 556.795707459502 217.39486638392015 1.0 0.0
-390.6590909090909 169.9375 290.4318181818182 114.5 509.85126036836874 206.9715070243068 0.0 0.0
-290.2045454545455 169.6875 268.3409090909091 96.5 445.6039580036341 196.54814766469343 1.0 0.0
-189.75 186.5 246.25 94.0 381.3566556388994 208.86122011283885 1.0 0.0
-89.29545454545456 210.0 224.1590909090909 131.0 317.10935327416473 247.53982638572734 1.0 0.0
11.159090909090907 205.5 202.0681818181818 138.5 252.86205090943008 247.82019347249732 1.0 0.0
128.45833333333334 205.0 196.75 138.0 243.57281738745056 247.1239149979667 0.0 0.0
296.2916666666667 204.25 241.75 139.25 399.1577903937366 247.20205158648892 0.0 0.0
464.125 204.25 286.75 139.75 554.7427634000227 247.48518730481717 0.0 0.0
621.5 204.0 324.5 144.0 701.2021519332998 249.70438412266074 0.0 0.0
626.0 202.0 363.5 146.5 724.322313614128 249.53303916083598 0.0 0.0
580.0 201.5 372.5 149.0 689.3163312650494 250.6070559717441 0.0 0.0
563.0 200.5 377.0 151.0 677.5766235257786 251.00049800747408 0.0 0.0
552.0 200.5 378.5 151.25 669.3076469521425 251.1510548109423 0.0 0.0
540.0 200.0 388.5 151.25 665.232577130676 250.7520148341367 0.0 0.0
535.5 201.0 411.5 150.5 675.3476632725442 251.10009978471214 0.0 0.0
521.5 200.0 420.0 149.25 669.5993455684129 249.5523446328446 0.0 0.0
514.5 200.5 422.0 147.5 665.4285498179903 248.9106265308896 0.0 0.0
512.0 200.5 410.0 147.25 655.9298789088768 248.76264410317134 0.0 0.0
513.5 200.75 395.0 147.25 647.8482406681658 248.96410963454935 0.0 0.0
515.0 200.0 383.0 147.0 641.824901409407 248.21193024143432 0.0 0.0
520.0 202.0 372.5 147.25 639.6627374451409 249.97516442283148 0.0 0.0
526.0 203.25 371.5 144.25 643.9641856899266 249.23965865660807 0.0 0.0
526.5 205.25 369.5 143.75 643.221585078367 250.5826726636363 0.0 0.0
527.0 206.25 367.5 144.0 642.4908152363123 251.54625933358926 0.0 0.0
528.0 207.75 374.5 145.0 647.3343317578524 253.34861504588667 0.0 0.0
528.0 208.25 380.5 146.25 650.8182046113709 254.47573187880494 0.0 0.0
530.0 208.75 385.0 147.25 655.0764563369598 255.45889371417167 0.0 0.0
533.5 209.0 384.0 148.0 657.3266580003522 256.0969855827776 0.0 0.0
538.0 209.5 380.5 149.5 658.9570673756682 257.37324339030624 0.0 0.0
541.0 206.63888888888889 373.5 145.69444444444446 657.4065859905827 252.839955683778 0.0 0.0
540.0 201.19444444444446 376.0 140.47222222222223 658.0092464165235 245.39263278238587 0.0 0.0
537.0 195.75 376.5 135.25 655.8363609856491 237.94530988099382 0.0 0.0
535.0 190.30555555555554 374.5 130.02777777777777 653.051096698678 230.49798697960176 0.0 0.0
533.5 184.86111111111111 370.0 124.80555555555556 649.2476990916365 223.05066407820965 0.0 0.0
533.0 222.75 369.0 101.25 648.2676615416358 244.9718399043544 0.0 0.0
531.0 211.75 373.5 129.5 649.2023839186481 248.21632781652232 0.0 0.0
530.5 214.25 377.0 140.5 650.814297630284 256.2218588706802 0.0 0.0
530.5 213.0 380.5 142.5 652.84892497098 256.27275908523677 0.0 0.0
531.0 212.5 380.0 142.75 652.9637519191956 255.99685211136097 0.0 0.0
520.5 210.75 384.5 137.75 647.1319422016825 251.7842588340206 0.0 0.0
513.5 210.75 388.5 133.25 643.9057314604487 249.3425637358814 0.0 0.0
513.5 211.0 391.5 137.75 645.7203281215939 251.984337454954 0.0 0.0
514.5 209.5 393.0 139.75 647.4251633342378 251.8341369529104 0.0 0.0
515.0 210.0 391.0 138.5 646.6116565213317 251.5610201943348 0.0 0.0
516.5 209.5 383.5 136.5 643.3075383089727 250.04514492864752 0.0 0.0
521.0 209.0 381.0 137.5 645.4474017617724 250.1744391419715 0.0 0.0
527.0 209.0 382.0 137.5 650.8866933599461 250.1744391419715 0.0 0.0
530.5 209.0 382.5 138.25 654.0157983475085 250.58752158967633 0.0 0.0
529.5 209.0 378.5 139.5 650.8706979547387 251.2795712941042 0.0 0.0
529.0 209.0 377.5 140.25 649.882554277121 251.6964552674504 0.0 0.0
530.5 194.0 380.0 146.77777777777777 652.5578418980039 244.60496866012423 0.0 0.0
535.0 154.0 384.0 135.88888888888889 658.5446719871047 211.36284440968728 0.0 0.0
543.0 114.0 404.5 125.0 677.1059891161025 178.1207201592503 0.0 0.0
557.25 74.0 436.0 114.11111111111111 707.6919066591132 144.87859590881334 0.0 0.0
570.5 34.0 464.5 103.22222222222223 735.6836956192518 111.6364716583764 0.0 0.0
578.375 208.5 478.45000000000005 76.5 750.7346624589848 223.492133988756 0.0 0.0
588.875 207.5 497.04999999999995 114.0 770.8026182452953 236.9050007249398 0.0 0.0
599.375 209.5 515.65 129.5 790.8705740316059 246.42492615688553 0.0 0.0
609.875 213.75 534.25 139.5 810.9385298179166 255.24367018382026 0.0 0.0
620.375 213.25 552.85 140.75 831.006485604227 255.51422598752717 0.0 0.0
618.1666666666667 211.5 546.5 142.75 825.1826889683973 255.16783687122995 0.0 0.0
611.7222222222222 210.5 531.8333333333333 143.5 810.728308191854 254.76027285896853 0.0 0.0
605.2777777777778 210.5 517.1666666666667 144.5 796.2739274153107 255.32446039144824 0.0 0.0
598.8333333333333 208.5 502.5 144.0 781.8195466387676 253.39350070274287 0.0 0.0
590.5 207.5 492.5 143.5 768.9314393845345 252.2871172553033 0.0 0.0
554.0 206.5 456.0 141.0 717.5334421399134 250.04652997942395 0.0 0.0
547.5 206.0 438.0 139.25 701.1422127165143 248.6516337453076 0.0 0.0
554.5 204.0 438.0 136.5 706.6217191125337 245.45522963702354 0.0 0.0
551.5 203.0 440.0 133.0 705.5158672552982 242.69054301885976 0.0 0.0
545.5 201.75 435.0 131.25 697.7358896704461 240.68624265520623 0.0 0.0
547.0 201.0 438.0 130.0 700.7583531961279 239.37631878214572 0.0 0.0
558.0 71.25 443.5 157.25 712.7827124923381 184.62129779706876 0.0 0.0
560.0 -126.2 442.5 219.8 713.7338294874144 265.4938434464633 0.0 0.0
554.0 -267.0 447.5 203.0 712.1721526587186 360.3539190387663 0.0 0.0
547.0 -407.8 453.5 186.2 710.5429292653291 455.2139946310692 0.0 0.0
540.5 -492.5 456.0 291.5 707.161441763967 573.8787743422073 0.0 0.0
541.0 -521.5 454.5 346.0 706.5772403354101 625.9258769622518 0.0 1.0
541.5 -530.75 459.0 335.25 709.8683844156327 627.765032901136 0.0 1.0
538.0 -518.25 468.0 330.75 713.0694970956358 614.8221560774391 0.0 1.0
539.5 -526.5 481.5 328.25 723.120072433417 620.4504773778406 0.0 1.0
538.5 -524.0 466.5 329.25 712.4643602535666 618.8632455302692 0.0 1.0
539.0 -537.75 448.0 328.5 700.8747452855221 630.1513890823196 0.0 1.0
536.0 -539.5 431.5 329.75 688.104824863189 632.2944382422576 0.0 1.0
521.5 -536.0 420.5 331.5 669.9123119353778 630.2431908573354 0.0 1.0
436.89130434782606 -533.5 410.2391304347826 312.875 680.6048410707906 618.7758351401234 0.0 1.0
323.4130434782609 -536.0 395.8913043478261 250.5 693.9241104623469 592.1111675789232 0.0 0.0
209.93478260869566 -535.0 381.54347826086956 224.0 707.2433798539032 580.0017391251747 0.0 0.0
96.45652173913044 -545.0 367.19565217391306 222.5 720.5626492454596 588.6761019850184 0.0 0.0
-17.02173913043481 -546.0 352.8478260869565 219.5 733.8819186370158 588.4710587266874 0.0 0.0
-130.5 -542.5 338.5 218.0 747.2011880285722 584.6947002484558 0.0 0.0
-243.9782608695652 -537.5 324.1521739130435 220.5 760.5204574201284 580.9722312510949 0.0 0.0
-357.45652173913044 -533.5 309.804347826087 217.0 773.8397268116848 575.9480452410173 0.0 0.0
-470.9347826086957 -640.0 295.45652173913044 75.0 787.158996203241 644.6524172133815 0.0 0.0
-584.4130434782609 -628.5 281.1086956521739 99.0 800.4782655947974 636.3208338310319 0.0 0.0
-697.8913043478261 -627.5 266.7608695652174 110.5 813.7975349863539 637.1556775795311 0.0 0.0
-746.5 -633.0 248.75 108.0 786.8675759527171 642.1472014160854 0.0 0.0
-569.25 -638.5 204.5 111.0 605.365321628462 648.0769865050181 0.0 0.0
-659.75 -558.5 252.0 213.0 706.291995826443 603.7856295968942 1.0 0.0
-553.5 -546.0 240.25 326.5 603.4009062745911 636.1756777241785 0.0 1.0
-578.75 -566.0 257.75 316.0 633.5566187821249 648.2656737368859 1.0 1.0
-560.0 -567.0 252.0 315.5 614.111713705208 648.8873398107108 1.0 1.0
-543.5 -571.5 252.75 334.0 599.3972286770235 662.111149921854 1.0 1.0
-532.25 -566.5 250.75 342.5 588.3588089755881 661.9893877519096 1.0 1.0
-508.0 -568.0 272.5 350.5 576.5230141708212 667.4404974944227 1.0 1.0
-501.25 -566.0 276.5 355.0 572.4566995314791 668.117504635225 1.0 1.0
-492.25 -564.5 268.5 357.5 560.7193023473884 668.1824132053856 1.0 1.0
-483.0 -555.0 261.25 361.0 549.1289570018979 662.0986258301684 1.0 1.0
-477.75 -340.5 258.75 362.5 543.3214513428547 508.95193149917327 1.0 0.0
-476.5 45.285714285714285 252.5 200.89285714285714 539.2674447443391 215.7248004367504 1.0 0.0
-472.625 144.42857142857144 255.5 216.46428571428572 537.2659036469817 286.3689927328809 1.0 0.0
-473.0 243.57142857142856 255.5 232.03571428571428 537.5958054151837 357.0131850290113 1.0 0.0
-475.5 342.7142857142857 259.5 247.60714285714286 541.7016047522327 427.65737732514174 1.0 0.0
-483.5 482.5 271.0 297.25 554.2696336843287 566.8161294306755 1.0 0.0
-491.0 514.0 281.0 313.0 565.7235278023586 601.8017554776352 1.0 0.0
-488.0 510.0 305.0 325.0 575.5704655255463 605.0901255070135 1.0 0.0
-485.0 485.5 320.0 335.25 581.0554877469349 590.0024948299285 1.0 0.0
-484.5 487.25 329.0 335.75 585.6479880856122 591.7277356414729 1.0 0.0
-481.0 494.5 337.0 335.75 587.3111311217287 597.7222188402743 1.0 0.0
-477.5 504.75 345.5 311.25 589.3866183656105 593.0015182719652 1.0 0.0
-474.0 505.0 351.0 303.5 589.8110617289236 589.1884348144308 1.0 0.0
-473.0 504.0 355.5 299.25 591.7003383871893 586.1457016981294 1.0 0.0
-471.0 502.5 360.0 298.25 592.824594631498 584.3452393219434 1.0 0.0
-468.0 488.0 364.0 310.25 592.8913005187469 578.5562406246343 1.0 0.0
-465.5 579.5 364.5 382.75 591.2284836776871 694.5354374237023 1.0 0.0
-462.0 578.0 363.5 384.25 587.8585201460778 694.0955961849547 1.0 0.0
-457.0 507.0 360.5 333.0 582.0744256105702 606.5793265753673 1.0 0.0
-455.5 505.5 360.0 333.75 580.5886581871065 605.7386862553058 1.0 0.0
-457.5 505.0 361.0 334.25 582.7769700966879 605.5974712474379 1.0 0.0
-463.5 503.5 366.0 332.75 590.5886178658461 603.5190171052013 1.0 0.0
-469.0 582.5 351.5 382.25 586.1307623272294 696.8843485072182 1.0 0.0
-473.5 505.0 349.0 328.5 588.2245356476976 602.4430013867961 1.0 0.0
-481.5 503.75 353.5 328.75 597.332164186051 601.5322173197733 1.0 0.0
-488.5 501.25 361.0 327.75 607.416830471278 598.8920315745357 1.0 0.0
-497.0 496.5 368.5 326.0 618.7143927623333 593.9611285259618 1.0 0.0
-489.95 497.0 350.3 325.25 602.4256770153627 593.9669078747713 1.0 0.0
-497.75 496.25 335.5 322.75 600.6226314033956 591.9783135313419 0.0 0.0
-505.55 499.0 320.7 317.0 598.8195857914286 591.177569144517 0.0 0.0
-507.0 500.0 389.5 316.25 639.3436258167527 591.6199009001183 0.0 0.0
-526.5 502.0 411.0 311.0 667.9290563936877 590.5296583209497 1.0 0.0
-545.0 503.0 428.5 310.25 693.2957452151554 590.9860150448435 1.0 0.0
-563.5 503.5 445.0 309.5 718.0244087718179 591.018247229533 1.0 0.0
-571.5 494.75 449.5 302.5 727.0930572485761 579.9009644335243 1.0 0.0
-560.5 450.0 428.0 277.5 705.2285145842401 528.6866089104184 1.0 0.0
-562.5 346.8620689655172 404.5 168.56034482758622 692.8520172364578 385.65690282454887 1.0 0.0
-554.5 360.31034482758616 366.5 176.80172413793105 664.6846683142087 401.3817667285299 1.0 0.0
-552.0 373.7586206896552 346.0 185.04310344827587 651.4824966932031 417.10663063251087 1.0 0.0
-549.0 387.2068965517242 326.0 193.2844827586207 638.4959452863087 432.83149453649185 1.0 0.0
-547.5 400.65517241379314 313.0 201.52586206896552 630.6557214154743 448.5563584404729 1.0 0.0
-546.0 414.1034482758621 303.5 209.76724137931035 624.6825665982732 464.2812223444539 1.0 0.0
-544.0 427.55172413793105 296.5 218.00862068965517 619.555502737084 480.0060862484349 1.0 0.0
-535.5 441.0 293.5 226.25 610.6582363213986 495.7309501524159 1.0 0.0
-526.0 454.44827586206895 292.0 234.49137931034483 601.6181169076327 511.4558140563969 1.0 0.0
-513.0 467.8965517241379 294.5 242.73275862068965 591.5272502243179 527.1806779603778 1.0 0.0
-418.9038461538462 481.3448275862069 313.4038461538462 250.97413793103448 587.541979209543 542.9055418643588 1.0 0.0
-291.4423076923077 494.7931034482759 333.94230769230774 259.2155172413793 578.1704269478523 558.6304057683399 1.0 0.0
-163.9807692307692 508.2413793103448 354.4807692307693 267.4568965517241 568.7988746861618 574.3552696723209 1.0 0.0
-36.519230769230745 521.6896551724137 375.0192307692308 275.69827586206895 559.4273224244712 590.0801335763019 1.0 0.0
90.94230769230774 535.1379310344828 395.5576923076923 283.9396551724138 550.0557701627804 605.804997480283 0.0 0.0
218.4038461538462 519.0 416.0961538461538 300.5 540.6842179010898 599.7755692016235 0.0 0.0
345.45833333333337 578.0 417.08333333333337 306.5 550.7040432237728 654.2392736245356 0.0 0.0
471.29166666666663 561.0 359.41666666666663 294.0 618.8980012995768 633.704912071638 0.0 0.0
597.125 544.0 301.75 309.0 687.0919593753807 625.6467179263802 0.0 0.0
683.5 525.5 297.0 317.5 746.2329208053714 614.1324863256946 0.0 0.0
695.0 496.75 412.0 323.25 808.6001207030024 592.6651293618854 0.0 0.0
752.9011627906978 495.0 410.26162790697674 327.25 857.4608462492706 593.3949831194534 0.0 0.0
749.4360465116279 494.25 410.6104651162791 327.0 854.6333894602701 592.6314888095046 0.0 0.0
745.9709302325582 494.5 410.95930232558135 327.5 851.8059326712694 593.1160710834703 0.0 0.0
742.5058139534883 494.0 411.3081395348837 328.25 848.9784758822689 593.1153337960968 0.0 0.0
739.0406976744187 499.75 411.65697674418607 335.25 846.1510190932684 601.7842840663188 0.0 0.0
735.5755813953488 522.0 412.00581395348837 328.25 843.3235623042677 616.6353155939341 0.0 0.0
732.1104651162791 519.5 412.3546511627907 333.25 840.4961055152671 617.2000834774217 0.0 0.0
728.6453488372093 526.75 412.70348837209303 335.75 837.6686487262666 624.6552753466316 0.0 0.0
725.1802325581396 523.75 413.0523255813954 337.25 834.8411919372661 622.937994023431 0.0 0.0
721.7151162790698 526.25 413.40116279069764 334.5 832.0137351482654 623.5620432038302 0.0 0.0
718.25 524.0 413.75 331.5 829.1862783592649 620.0569377526174 0.0 0.0
714.7848837209302 361.5 414.09883720930236 335.0 826.3588215702644 494.72849902142843 1.0 0.0
711.3197674418604 73.25 414.4476744186046 368.25 823.5313647812636 380.9863204986385 1.0 0.0
707.8546511627907 -189.0 414.79651162790697 366.5 820.7039079922631 417.12630864841617 1.0 0.0
704.3895348837209 -530.25 415.1453488372093 334.25 817.8764512032626 631.0502713310533 0.0 0.0
700.9244186046512 -534.75 415.49418604651163 338.75 815.048994414262 633.015990325777 0.0 1.0
697.4593023255813 -533.75 415.84302325581393 340.25 812.2215376252614 633.0046891630211 0.0 1.0
693.9941860465117 -525.0 416.1918604651163 344.0 809.3940808362609 627.6953492438439 0.0 1.0
690.5290697674418 -524.0 416.54069767441865 343.5 806.5666240472602 626.5526879266971 0.0 1.0
687.0639534883721 -525.75 416.8895348837209 339.75 803.7391672582596 625.9748641411447 0.0 1.0
683.5988372093022 -525.0 417.23837209302326 335.5 800.9117104692591 623.0460736331308 0.0 1.0
653.5 -534.75 423.5 362.25 778.9829171318322 645.8967670903301 0.0 1.0
626.5 -544.0 391.5 364.5 738.7662842232019 654.8296241997302 0.0 1.0
598.5 -549.25 357.0 365.25 696.8876952880883 659.6083443249499 0.0 1.0
579.5 -552.0 324.5 365.5 664.1706470712402 662.0381822797619 0.0 1.0
564.0 -556.5 310.5 364.25 643.8388244840424 665.109423923827 0.0 1.0
555.0 -540.0 304.5 359.5 633.0585511481781 648.7298764682521 0.0 1.0
555.5 -536.0 311.5 350.0 636.9159544023928 640.1536542669176 0.0 1.0
552.0 -540.0 327.0 345.5 641.6019370964175 641.0703329743894 0.0 1.0
552.0 -541.75 341.0 340.75 648.8458434004127 640.0044914371526 0.0 1.0
553.5 -539.5 354.5 337.0 657.297246243608 636.1051809056873 0.0 1.0
553.5 -542.75 357.5 331.25 658.9225916618861 635.855127504998 0.0 1.0
552.5 -551.0 359.5 328.0 659.1712832389107 641.237085639937 0.0 1.0
550.0 -543.25 363.5 329.75 659.2669762631659 635.5039508640962 0.0 1.0
546.5 -536.5 366.0 332.5 657.7379320102291 631.1831141726936 0.0 1.0
541.0 -544.5 368.5 328.5 654.5798552735123 635.9188366849651 0.0 1.0
536.5 -539.75 371.0 329.25 652.2867590108443 632.2498871232433 0.0 1.0
533.5 -538.0 380.0 328.5 655.0014407330534 630.3627118212485 0.0 1.0
530.0 -542.0 384.0 326.0 654.4891232408686 632.4871540197477 0.0 1.0
526.0 -536.25 387.0 356.0 653.0275645024489 644.2898994164768 0.0 1.0
525.5 -528.5 391.5 382.5 655.303372838555 652.3980247800318 0.0 1.0
529.5 -533.5 399.5 385.5 663.3029129397604 658.2067104761097 0.0 1.0
535.0 -529.0 404.0 385.5 670.4036181407705 654.5622491287581 0.0 1.0
530.0 -530.25 394.5 384.75 660.7483096182943 655.1321952849842 0.0 1.0
527.0 -530.75 383.0 388.75 651.4743628099552 657.9013264243397 0.0 1.0
524.5 -531.5 382.0 386.0 648.8638814483738 656.8776522306114 0.0 1.0
522.5 -533.5 384.0 389.25 648.4307305526936 660.4118155251238 0.0 1.0
522.5 -537.5 388.0 383.75 650.8127346480541 660.4319449406912 0.0 1.0
532.0 -535.0 409.5 387.5 671.352558886613 660.5916003583675 0.0 1.0
529.5 -534.5 408.5 387.25 668.761985521327 660.0419450009647 0.0 1.0
532.0 -577.25 412.5 391.0 673.1867542756374 697.2351645392887 0.0 1.0
532.0 -621.75 415.0 392.25 674.721539172027 735.159272089873 0.0 1.0
430.0 -640.0 450.5 394.0 624.519752702651 751.6252766968541 0.0 1.0
298.0 -528.5 482.5 395.25 567.1191698275209 659.9513728647601 0.0 1.0
292.0 -531.5 483.5 395.75 564.8331020631795 662.654110280324 0.0 1.0
288.0 -532.5 482.0 396.0 561.4874746843655 663.6069677828592 0.0 1.0
293.5 -635.0 475.5 392.25 558.786655639783 747.0206620590092 0.0 1.0
306.0 -530.5 471.0 398.75 561.6734586946086 663.6540186333298 0.0 1.0
324.0 -632.0 460.0 395.0 562.6523077192896 745.7041546617961 0.0 0.0
355.0 -647.0 436.0 397.5 562.2664716050198 759.8011438706443 0.0 0.0
459.5 -537.0 423.0 402.0 624.5645817660862 670.8127776559691 0.0 0.0
467.5 -582.5 404.0 397.5 617.8772992111917 705.2252117700774 0.0 1.0
469.5 -575.0 382.5 398.25 605.5881396133084 699.4487932736719 0.0 1.0
479.0 -564.5 359.5 400.0 599.02434736702 691.8710757101708 0.0 1.0
580.5 -636.75 296.5 372.75 651.976229306857 739.48187296892 0.0 1.0
580.0 -528.75 298.0 373.75 652.1067596731195 647.5083779092206 0.0 1.0
568.5 -526.75 318.5 374.25 651.646607919101 646.1645906210547 0.0 1.0
558.0 -536.25 341.0 370.75 653.9644793332734 651.9368477259986 0.0 1.0
553.0 -536.5 371.0 372.0 666.0266565885761 652.8542364662094 0.0 1.0
550.5 -610.5 388.0 368.5 673.4943072452961 713.1087806521364 0.0 0.0
550.0 -569.5 377.5 358.75 667.0879477689559 673.0763870614608 0.0 1.0
549.5 -558.0 368.5 349.25 661.6211737487063 658.2854929338728 0.0 1.0
548.5 -552.75 365.0 348.25 658.8471582932364 653.3115718691926 0.0 1.0
546.0 -553.0 364.5 343.25 656.4887512926714 650.8755496864803 0.0 1.0
544.5 -547.75 367.0 349.5 656.6350298158858 649.8656518241163 0.0 1.0
543.0 -534.75 371.0 348.25 657.6399609611226 638.1886693002107 0.0 1.0
544.5 -537.75 372.0 339.25 659.4423910446237 635.8234436649416 0.0 1.0
544.0 -535.5 372.0 338.0 659.0297188628732 633.249104836594 0.0 1.0
543.0 -539.0 370.0 336.5 657.0762290095697 635.4158639130087 0.0 1.0
542.0 -538.5 364.5 336.0 653.1651640569114 634.7304535170474 0.0 1.0
541.0 -535.25 362.0 335.0 650.9419951851787 631.4479685389451 0.0 1.0
542.0 -536.5 363.0 336.5 652.3303800254764 633.2965897447662 0.0 1.0
541.5 -539.75 366.5 336.75 653.8692392921749 636.1844537434584 0.0 1.0
543.0 -542.0 370.0 336.75 657.0768243913759 638.0960770882383 0.0 1.0
543.5 -548.5 373.0 334.5 659.1824030992511 642.4522860464317 0.0 1.0
546.0 -562.0 380.0 333.5 665.2207864644715 653.5185462969766 0.0 1.0
545.5 -647.5 385.0 335.5 667.6793658289746 729.7493475305378 0.0 1.0
526.5 -554.5 351.5 337.5 633.0551579781322 649.1351939311255 0.0 1.0
531.0 -539.5 346.5 364.0 634.0534116554691 650.8699412974901 0.0 1.0
532.0 -557.0 345.0 381.25 634.0737167363002 675.2641136301829 0.0 1.0
533.0 -541.25 347.0 389.5 636.0015891348733 666.8430231829473 0.0 1.0
532.5 -552.75 353.0 382.5 638.8782541904138 672.1916162203563 0.0 1.0
524.5 -554.5 358.0 380.75 635.031441886241 672.6382498342437 0.0 1.0
439.6071428571429 -551.0 353.0 383.75 641.2227415223387 671.4650426396646 0.0 1.0
326.41666666666663 -547.75 347.66666666666663 384.0 650.2294765218303 668.9441290987236 0.0 1.0
213.22619047619048 -555.0 342.33333333333337 381.0 659.2362115213219 673.1918606581969 0.0 1.0
100.03571428571428 -553.75 337.0 383.0 668.2429465208136 673.2981613840223 0.0 1.0
-13.154761904761898 -551.25 331.66666666666663 383.75 677.2496815203053 671.6706073639059 0.0 1.0
-126.34523809523807 -553.25 326.33333333333337 380.75 686.2564165197969 671.6126175553709 0.0 1.0
-239.53571428571428 -550.0 321.0 381.25 695.2631515192886 669.2171689492443 0.0 1.0
-352.7261904761905 -542.0 315.66666666666663 381.75 704.2698865187801 662.9477846855507 0.0 1.0
-465.91666666666663 -541.25 310.33333333333337 381.75 713.2766215182719 662.3358260383601 0.0 1.0
-579.1071428571429 -553.25 305.0 388.75 722.2833565177635 676.225830254552 0.0 1.0
-693.5 -578.0 315.5 390.25 761.894656069656 697.6829005257302 0.0 1.0
-586.5 -547.0 297.0 384.5 657.4195503179726 668.6179731975926 0.0 1.0
-524.0 -595.5 280.5 381.25 594.35844956907 707.2336606894282 1.0 1.0
-486.0 -564.0 272.0 380.5 556.9406808203147 680.3507764341628 1.0 1.0
-465.5 -570.5 266.5 380.5 536.3886155131406 685.7531903900667 1.0 1.0
-477.0 -575.5 262.0 383.0 544.2180002265145 691.2962301463905 1.0 1.0
-472.0 -578.5 254.5 382.5 536.2408890864017 693.5189385152527 1.0 1.0
-445.5 -573.25 249.0 384.0 510.4318265731994 689.9928495485174 1.0 1.0
-427.5 -565.75 247.5 376.5 493.9771850206214 679.6099320892088 1.0 1.0
-442.5 -488.58333333333337 250.5 240.5 508.4845260538815 544.5676571340515 1.0 0.0
-456.5 -492.91666666666663 251.5 242.5 521.2000499235339 549.3388032686627 1.0 0.0
-381.5 -497.25 331.0 244.5 510.6846107715187 554.1099494032738 1.0 0.0
-266.5 -530.0 364.5 295.0 451.53352999373726 607.2403519526956 0.0 0.0
-281.5 -564.75 381.5 353.25 474.1144596797846 666.1326689534685 0.0 1.0
-302.5 -593.5 402.0 350.75 503.1028817059897 689.396702946767 0.0 1.0
-299.0 -590.0 412.0 352.5 509.07114953445955 687.2833237142822 0.0 1.0
-288.5 -560.25 418.0 364.5 507.8940151893273 668.4339672438269 0.0 1.0
-286.0 -585.25 423.0 354.25 510.61332959139384 684.1324904188068 0.0 1.0
-292.5 -583.75 432.0 353.5 521.7091348786857 682.441545795976 0.0 1.0
-302.0 -584.5 430.0 353.75 525.455994271611 683.2134781586306 0.0 1.0
-382.5 -586.25 392.5 350.25 550.3824673433645 682.9103168600637 0.0 1.0
-502.5 -587.25 344.0 350.25 608.9697712174132 683.7674248846229 0.0 1.0
-510.5 -590.0 338.5 350.0 612.5311593300487 686.0030412479275 1.0 1.0
-514.0 -593.0 337.0 350.0 614.6264714170425 688.5856838211287 1.0 1.0
-515.0 -649.5 332.0 350.0 612.7392921328752 737.8701357275199 1.0 1.0
-516.5 -643.5 309.5 350.0 602.3566992056064 732.9367711427419 1.0 1.0
-509.5 -589.0 278.0 347.5 580.4094827518968 683.8701098340518 1.0 1.0
-501.5 -587.0 270.5 345.25 569.800404704496 681.0040935948252 1.0 1.0
-497.0 -714.75 265.5 347.5 563.471088775408 795.2925616184109 1.0 0.0
-495.5 -594.0 262.5 343.25 560.738157121088 686.044514801614 1.0 1.0
-495.5 -596.5 266.5 342.0 562.6221427552201 687.5922147780553 1.0 1.0
-497.0 -620.0 274.0 346.5 567.5257363334041 710.319624205593 1.0 1.0
-497.0 -652.75 280.5 353.75 570.6940151266476 742.6380617153452 1.0 1.0
-499.5 -599.0 287.5 354.75 576.3303634099186 696.1670608925153 1.0 1.0
-499.0 -598.0 288.0 341.0 576.1467369240368 688.3959183907245 1.0 1.0
-502.5 -596.75 286.5 350.25 578.4539641113879 691.9477770151168 1.0 1.0
-503.0 -625.25 280.5 350.0 575.926653080255 716.6558388927706 1.0 1.0
-501.0 -615.5 278.5 344.25 573.2050365581683 705.2308060947731 1.0 1.0
-500.0 -594.5 282.0 356.75 574.041975527535 693.6100489240343 1.0 1.0
-500.0 -666.5 282.0 375.25 574.041975527535 765.6675855582724 1.0 1.0
-498.5 -573.5 281.0 370.25 572.2440791443325 682.675666212386 1.0 1.0
-499.0 -575.5 282.0 375.5 573.1711694459975 687.1692788653338 1.0 1.0
-501.5 -580.0 286.5 377.0 577.5679081153135 691.7582514658017 1.0 1.0
-501.0 -580.0 291.5 376.25 579.6319953211693 691.3496182663633 1.0 1.0
-499.0 -581.5 294.5 378.25 579.4232045750325 693.6994088568506 1.0 1.0
-497.5 -485.0 295.0 357.0 578.3867650629637 602.5461080864792 1.0 1.0
-495.0 -396.56 291.0 325.77 574.2004752615228 524.3709674161576 1.0 0.0
-491.0 -352.64 280.0 306.13 565.226844399317 492.7360400788603 1.0 0.0
-487.0 -308.72 270.0 286.49 556.8385683686039 461.101112741563 1.0 0.0
-483.5 -264.79999999999995 269.5 266.85 553.5367168954551 429.4661854042656 1.0 0.0
-482.0 -220.88 272.0 247.21 553.4511628105693 397.8312580669683 1.0 0.0
-481.5 -176.96 272.5 227.57 553.2661988836544 366.196330729671 1.0 0.0
-481.5 -133.04 274.0 207.93 554.0022011210294 334.5614033923737 1.0 0.0
-473.5 -89.11999999999998 275.5 188.29 547.8163496237133 302.9264760550763 1.0 0.0
-455.0 -45.19999999999999 276.0 168.65 532.1665801070144 271.291548717779 1.0 0.0
-399.0833333333333 -1.2799999999999727 284.66666666666663 149.01 502.08644294248063 239.65662138048168 1.0 0.0
-323.19444444444446 42.640000000000015 296.2222222222222 129.37 460.839599468045 208.02169404318437 1.0 0.0
-247.30555555555554 86.56 307.7777777777778 109.72999999999999 419.59275599360933 176.38676670588706 1.0 0.0
-171.41666666666669 125.0 319.33333333333337 99.25 378.3459125191737 159.6106854564049 1.0 0.0
-76.5 133.25 255.5 116.0 267.20839792967934 176.8623843052747 0.0 0.0
105.17857142857144 132.0 211.39285714285714 146.5 298.29915874192193 197.375143496789 0.0 0.0
296.75 165.5 249.25 150.0 446.69001580313545 223.39930943843132 0.0 0.0
488.3214285714286 209.0 287.10714285714283 148.5 595.080872864349 256.3862604011562 0.0 0.0
626.5 214.0 321.0 150.5 703.9872536966341 261.6223423180826 0.0 0.0
558.25 211.75 333.1875 151.5 663.6750786830216 260.3660940880848 0.0 0.0
474.5833333333333 219.25 342.10416666666663 158.0 613.1078612830386 270.2494127734266 0.0 0.0
390.91666666666663 349.5 351.02083333333337 273.0 562.5406438830553 443.83465645722004 0.0 0.0
307.25 483.5 359.9375 319.5 511.97342648307216 580.0051244601266 0.0 0.0
223.58333333333331 494.875 368.85416666666663 314.875 461.40620908308904 586.6282254363848 0.0 0.0
139.91666666666666 475.5 377.77083333333337 322.0 410.8389916831059 574.2687214189395 0.0 0.0
2.0 494.5 361.0 310.0 438.6336371434403 583.6357811313064 0.0 0.0
-154.0 504.0 335.66666666666663 305.0 492.54890355721386 589.1018829775101 0.0 0.0
-310.0 517.5 310.33333333333337 315.5 546.4641699709873 606.100787494619 0.0 0.0
-466.0 519.5 285.0 316.5 600.379436384761 608.3196287297776 0.0 0.0
-568.75 519.5 273.25 319.5 631.1129881161291 609.8862398530733 1.0 0.0
-520.0 519.0 275.0 318.0 588.2398963108094 608.6785227699527 1.0 0.0
-444.5 521.5 250.0 317.0 509.99181936543664 610.2910174281034 0.0 0.0
-501.0 525.5 279.0 316.0 573.4641473975648 613.1942113349303 0.0 0.0
-502.0 546.0 275.75 310.5 572.7513306156154 628.1139331291353 1.0 0.0
-499.0 539.5 277.0 313.5 570.7286988388623 623.9733587516596 1.0 0.0
-497.0 540.0 280.0 311.0 570.4497802770258 623.1543795220011 1.0 0.0
-494.0 540.5 284.25 308.5 569.9437155408717 622.3443580526781 1.0 0.0
-494.25 541.5 303.0 309.0 579.7928918177751 623.4607074739911 1.0 0.0
-494.0 540.0 309.0 311.0 582.6816545232135 623.1544481416047 1.0 0.0
-491.0 542.0 309.0 311.0 580.1399936913082 624.8883626990958 1.0 0.0
-486.25 540.0 307.75 313.0 575.4561890305779 624.1550023288166 1.0 0.0
-481.5 540.5 308.0 314.5 571.584519851987 625.3407623892541 1.0 0.0
-475.0 542.0 306.0 320.0 565.0328421089836 629.4179581903377 1.0 0.0
-466.0 535.0 304.5 317.0 556.6713199842832 621.8643289849824 1.0 0.0
-452.75 533.0 289.25 316.5 537.271272688523 619.8880947396876 1.0 0.0
-426.75 532.5 277.75 316.0 509.26734377410156 619.2029676205577 1.0 0.0
-401.40625 533.0 277.3125 315.0 488.45122888455387 619.1235740948651 1.0 0.0
-365.03125 532.5 278.5625 314.0 461.3906770070744 618.1847907378186 1.0 0.0
-328.65625 533.5 279.8125 312.0 434.3301251295949 618.0343326123523 1.0 0.0
-292.28125 532.75 281.0625 312.125 407.2695732521154 617.4500620726029 1.0 0.0
-252.0 533.0 286.5 311.5 381.7701113025777 617.3505631464217 1.0 0.0
-18.6875 533.5 330.5 310.5 344.4592938029199 617.2784515468752 0.0 0.0
98.5625 532.0 358.5 309.5 414.1298129649965 615.4792582436795 0.0 0.0
215.8125 530.5 386.5 310.5 483.80033212707326 614.6880325202409 0.0 0.0
333.0625 529.25 414.5 311.5 553.47085128915 614.1157248788383 0.0 0.0
438.5 531.25 427.5 316.5 612.6667484391401 618.3841067314893 0.0 0.0
570.0 529.0 378.0 319.0 683.9548001982657 617.7394812273249 0.0 0.0
563.0 530.75 373.0 319.0 675.3503000330304 619.2405151578431 0.0 0.0
553.5 533.75 368.5 318.0 664.951666871182 621.2996135991988 0.0 0.0
546.5 536.25 366.0 316.25 657.7386907203578 622.558575361619 0.0 0.0
545.0 538.75 364.5 314.75 655.6581298179797 623.9552688329507 0.0 0.0
566.0 542.25 370.0 312.75 676.2070921644329 625.9776151004482 0.0 0.0
574.5 544.75 373.5 312.75 685.2392261806209 628.1444114436888 0.0 0.0
575.5 545.75 376.0 313.25 687.4429023604666 629.2603861139548 0.0 0.0
576.5 546.75 379.5 321.25 690.1985537192909 634.143298454125 0.0 0.0
580.0 547.0 382.5 322.25 694.7717579098475 634.8667840678386 0.0 0.0
580.5 545.75 386.0 323.0 697.1239509663544 634.1704457649384 0.0 0.0
579.5 545.5 390.0 325.5 698.5137771956415 635.2336130151693 0.0 0.0
575.5 544.5 390.0 326.25 695.198519344712 634.7598940658869 0.0 0.0
574.0 543.0 394.5 327.0 696.4977037975057 633.8596059065446 0.0 0.0
573.5 542.5 404.0 327.0 701.5135315712762 633.4313827281607 0.0 0.0
556.0 541.25 399.5 327.0 684.6436512861892 632.3611145640191 0.0 0.0
555.0 540.25 396.5 325.5 682.0830847335553 630.7300548209654 0.0 0.0
555.5 543.0 395.5 325.25 681.909473330137 632.9589058325676 0.0 0.0
560.0 542.75 394.0 328.25 684.7162413071989 634.300219522555 0.0 0.0
564.0 544.75 394.5 326.25 688.2777529180044 634.97734621682 0.0 0.0
567.0 549.25 392.0 329.75 689.3134445053047 640.6331314409529 0.0 0.0
599.5 554.0 373.0 330.0 706.4400079708976 644.838014910489 0.0 0.0
623.0 556.5 356.0 330.0 717.5409503190128 646.9872565655115 0.0 0.0
618.0 559.5 354.5 330.5 712.4568808406223 649.8234422513065 0.0 0.0
618.5 559.5 354.0 320.25 712.6419134139237 644.6717224043371 0.0 0.0
620.0 561.0 349.5 319.5 711.735580179932 645.6018905313128 0.0 0.0
593.0416666666667 563.25 326.375 322.75 676.935531101788 649.1784461865533 0.0 0.0
563.2083333333333 562.75 303.875 326.75 640.0122842842441 650.7332205083171 0.0 0.0
533.375 562.5 281.375 326.75 603.0890374666999 650.5168968461178 0.0 0.0
512.0 562.75 288.5 325.25 588.0419585095003 649.9813264751915 0.0 0.0
520.5 563.75 341.5 324.25 622.5845868733737 650.3477019842354 0.0 0.0
542.5 563.75 349.5 324.0 645.3346610408203 650.223098650257 0.0 0.0
539.0 562.75 359.0 323.0 647.6125977961638 648.8579027704482 0.0 0.0
535.5 563.25 367.0 322.75 649.1912276055492 649.1672616346409 0.0 0.0
531.5 563.0 369.5 324.0 647.3198470170273 649.5765505891566 0.0 0.0
528.5 562.0 369.5 325.0 644.8588875105582 649.206928986352 0.0 0.0
527.5 560.5 368.0 324.5 643.1798596357168 647.6579947108035 0.0 0.0
529.0 561.0 366.5 325.5 643.555177074613 648.5917437032327 0.0 0.0
534.0 561.75 371.0 325.75 650.2284839863595 649.3660306366908 0.0 0.0
536.0 561.25 373.0 326.25 653.0125008519437 649.1846746574415 0.0 0.0
540.0 560.25 375.5 327.0 657.725084760739 648.6980468728632 0.0 0.0
544.5 562.0 377.0 327.75 662.2760557691882 650.5874758945938 0.0 0.0
545.0 563.0 378.5 327.5 663.541594770998 651.3261220899865 0.0 0.0
529.5 564.25 350.5 326.5 634.9969964622479 651.9052132735662 0.0 0.0
529.5 564.25 340.5 325.75 629.5320270941652 651.5299238138933 0.0 0.0
529.0 565.0 339.0 324.0 628.300883335365 651.3099771745617 0.0 0.0
529.0 488.3 336.5 231.5 626.9556826305686 540.8192719502613 0.0 0.0
529.5 475.5 335.5 195.5 626.8416865525138 515.3524277208821 0.0 0.0
544.5 462.7 352.5 159.5 648.6425862292447 489.8855834915032 0.0 0.0
545.5 523.25 358.0 264.75 652.4836771584681 586.4880985817842 0.0 0.0
544.0 515.5 359.5 306.0 652.055772142726 599.6115948709156 0.0 0.0
543.0 501.5 361.0 316.25 652.0506115325711 592.8883041049919 0.0 0.0
543.0 496.0 362.5 316.25 652.8826317889042 588.2625785614712 0.0 0.0
542.5 497.25 365.0 317.25 653.8592649690404 589.8353269264258 0.0 0.0
541.5 523.5 365.5 307.75 653.3090170441853 607.2904332150651 0.0 0.0
541.5 543.75 368.0 302.5 654.7111824640228 622.248901790201 0.0 0.0
541.0 572.0 368.5 293.0 654.5786812904923 642.7031649795539 0.0 0.0
528.5 580.0 357.5 289.25 638.0584444094836 648.1246886482515 0.0 0.0
527.5 582.0 358.0 288.75 637.511042129584 649.6927051425598 0.0 0.0
526.5 585.25 357.0 289.25 636.1221020685097 652.8272713555485 0.0 0.0
524.0 476.0 355.5 309.25 633.2111979432746 570.8450736657235 0.0 0.0
536.5 224.5 373.5 336.5 653.7217090047588 407.2025514917191 0.0 0.0
537.5 -39.5 380.5 206.5 658.5487940988219 242.30504675954774 0.0 0.0
537.5 -194.25 381.0 110.5 658.8378659466719 223.8308794605024 0.0 0.0
537.0 -285.9166666666667 379.5 149.83333333333334 657.5631148414576 323.11270771817254 0.0 0.0
537.0 -377.58333333333337 379.5 189.16666666666669 657.5631148414576 422.3945359758427 0.0 0.0
537.0 -516.375 379.0 364.25 657.2746762199195 602.1197974824008 0.0 0.0
537.0 -599.0 378.0 357.5 656.698688265253 698.2460957034373 0.0 1.0
537.0 -579.25 377.0 357.75 656.1234639913437 681.1514863301657 0.0 1.0
537.0 -547.25 378.0 359.25 656.6985609851753 654.6606741419657 0.0 1.0
520.5 -536.75 358.5 363.75 632.024457016707 648.3939163112498 0.0 1.0
518.0 -573.75 351.0 363.25 625.719722665543 679.1418358206183 0.0 1.0
518.0 -562.75 349.5 370.5 624.8793883622662 673.7640407382827 0.0 1.0
519.0 -559.5 349.0 373.0 625.4295900854149 672.4442499296755 0.0 1.0
519.0 -596.5 347.5 376.25 624.5936679153896 705.5562578504878 0.0 1.0
518.0 -599.25 346.0 372.0 622.9285673333661 705.3263853466682 0.0 1.0
523.5 -589.75 353.5 371.0 631.6867674987968 696.7396832036175 0.0 1.0
529.0 -587.25 365.0 369.5 642.7022400523009 693.824831376165 0.0 1.0
528.0 -550.25 365.0 361.5 641.8793351079935 658.5591339745661 0.0 1.0
527.0 -526.5 366.0 363.5 641.626970017516 639.7926418042346 0.0 1.0
527.0 -503.25 366.5 352.5 641.9121824673527 614.493665612951 0.0 1.0
521.5 -289.32142857142856 361.0 338.1071428571429 634.2580815688616 568.6856336380799 0.0 0.0
519.5 -41.74999999999997 358.0 330.25 630.9074943139616 544.9573001179493 0.0 0.0
519.0 205.8214285714286 357.0 322.3928571428571 629.9287020798853 521.2289665978188 0.0 0.0
519.0 422.25 357.5 315.0 630.2120866671181 527.16655790205 0.0 0.0
534.5 498.25 375.0 318.25 652.9285834464081 591.3859015133683 0.0 0.0
535.0 524.75 379.0 306.75 655.6417973724602 607.8706272074181 0.0 0.0
536.0 531.75 380.0 306.25 657.0358942830834 613.6347516226366 0.0 0.0
535.5 532.75 380.0 300.75 656.62800254604 611.7788572014035 0.0 0.0
534.5 530.0 380.0 300.5 655.8126637996555 609.2653363420782 0.0 0.0
534.5 539.5 379.0 311.0 655.2337369214134 622.7255295684081 0.0 0.0
534.0 541.25 379.0 307.5 654.8259950143529 622.5012672683506 0.0 0.0
533.5 528.5 379.0 309.5 654.4182637536549 612.478737184005 0.0 0.0
517.0 533.1428571428571 355.5 304.5 627.4328377465225 613.9782049520809 0.0 0.0
516.0 530.0 353.5 300.5 625.474419940576 609.2714121690336 0.0 0.0
515.0 526.8571428571429 352.0 296.5 623.8020519363495 604.5646193859864 0.0 0.0
514.0 525.25 351.0 295.25 622.4122428101813 602.5458206517117 0.0 0.0
522.0 525.0 365.0 296.75 637.0057446921542 603.0645682650577 0.0 0.0
531.0 523.25 382.0 297.0 654.1291921325634 601.6640752840756 0.0 0.0
531.0 524.5 384.0 296.5 655.2991683193258 602.5053876727353 0.0 0.0
531.0 524.25 385.5 298.0 656.1794066513787 603.0276727607045 0.0 0.0
531.0 524.0 386.5 298.5 656.7672723271158 603.0574184934632 0.0 0.0
530.5 522.5 387.0 297.375 656.6576443923841 601.1973332203784 0.0 0.0
531.0 520.5 388.0 295.875 657.6511323035245 598.717219522932 0.0 0.0
531.5 523.5 388.5 291.5 658.3498971352658 599.1865812656936 0.0 0.0
531.5 524.0 389.0 292.5 658.6450768084669 600.1101982136281 0.0 0.0
528.0 523.75 391.5 291.75 657.3098584381646 599.5266805078779 0.0 0.0
520.5 524.0 398.0 291.0 655.2283952943432 599.3805626877652 0.0 0.0
509.5 524.5 403.5 291.0 649.9249956725776 599.8176806330404 0.0 0.0
498.5 524.5 405.5 290.5 642.5986264875442 599.5754258745367 0.0 0.0
488.0 525.5 401.0 294.5 631.6210487575927 602.3957920244662 0.0 0.0
469.0 525.25 384.5 293.75 606.5002637792675 601.8116217966316 0.0 0.0
453.0 523.5 368.0 295.0 583.6392000492979 600.8974237336306 0.0 0.0
448.0 521.0 368.5 295.125 580.0886435984326 598.7821684158008 0.0 0.0
441.5 520.25 368.0 294.5 574.7641483790727 597.8218462573595 0.0 0.0
447.0 518.0 374.0 294.75 582.8258114668504 595.9895174320802 0.0 0.0
455.0 515.25 393.5 295.5 601.6071383696703 593.9725285602823 0.0 0.0
464.0 514.25 418.5 295.25 624.8559874139141 592.9803112508444 0.0 0.0
474.0 512.5 428.0 295.0 638.6393080163386 591.3385240283268 0.0 0.0
484.5 516.5 433.5 293.25 650.1250947672997 593.952893814502 0.0 0.0
490.0 504.25 438.5 289.5 657.5593082498249 581.4463446740956 0.0 0.0
493.0 505.0 440.0 289.5 660.7946402808125 582.096214257115 0.0 0.0
492.5 506.0 445.0 293.25 663.7744949301987 584.8563943211147 0.0 0.0
504.0 506.0 447.5 294.0 673.9973217994686 585.230968669352 0.0 0.0
507.0 346.25 445.5 259.0 674.9226027295276 432.4931120820976 0.0 0.0
508.0 267.5357142857143 441.0 188.46428571428572 672.7344223211021 327.2712592353687 0.0 0.0
498.9 230.25 394.35 159.75 637.2018224554256 280.2738584418272 0.0 0.0
490.1 192.96428571428572 344.15 131.03571428571428 600.2085158847013 233.2764576482857 0.0 0.0
503.5 171.5 361.0 116.25 620.4070588063614 207.19576387767086 0.0 0.0
525.0 199.75 479.0 156.5 710.7253107239561 253.7564241513478 0.0 0.0
514.0 216.5 505.0 170.5 720.5706710965426 275.576689247686 0.0 0.0
502.5 209.5 515.0 164.0 719.5355475229144 266.0619289751511 0.0 0.0
491.5 200.5 516.5 152.0 712.9835943384795 251.60343232755176 0.0 0.0
477.0 198.25 509.5 151.75 697.9447643140711 249.6631405967765 0.0 0.0
480.5 197.0 491.0 150.5 686.9975638835905 247.90976180860648 0.0 0.0
477.79999999999995 197.0 462.04999999999995 150.5 665.183058643892 247.90976180860648 0.0 0.0
474.20000000000005 197.75 427.45000000000005 149.75 638.9558681997087 248.054890976825 0.0 0.0
472.0 198.0 401.0 147.25 619.3427941895768 246.75221291472346 0.0 0.0
471.5 109.75 403.5 92.5 620.5843995770254 143.78462274793006 0.0 0.0
472.5 37.75 416.0 41.75 629.5334236774268 56.28664010307019 0.0 0.0
472.5 37.75 427.5 39.25 637.1932630883562 54.475379974339134 0.0 0.0
469.0 37.0 436.5 37.0 640.7060706699335 52.32709628583187 0.0 0.0
464.5 30.0 445.5 31.0 643.6218798627185 43.1568803166187 0.0 0.0
453.5 -0.0 421.0 6.5 618.7927427718954 6.5 0.0 0.0
455.5 1.0 405.0 5.5 609.5142406206489 5.5901699437494745 0.0 0.0
455.0 0.75 397.5 4.75 604.1792168518036 4.817355019603445 0.0 0.0
455.0 0.25 405.5 5.0 609.4713572410255 5.0124689052802225 0.0 0.0
449.0 -0.75 411.5 5.0 609.043048045201 5.110076627227638 0.0 0.0
465.5 -1.5 421.0 5.0 627.6409734926185 5.220153254455275 0.0 0.0
478.5 -10.5 431.0 18.25 643.9911301922906 21.142158987341556 0.0 0.0
479.0 -14.25 431.0 30.5 644.3616996687497 33.665468985318114 0.0 0.0
477.0 -14.5 429.5 31.0 641.8734847336576 34.22437921896935 0.0 0.0
476.0 -14.0 431.0 31.0 642.1356240421111 34.02202467451991 0.0 0.0
478.5 -13.0 434.5 30.5 646.3377635836739 33.15493930020081 0.0 0.0
477.0 -13.25 432.0 30.5 643.5475885881533 33.254549730258326 0.0 0.0
476.5 -14.25 431.5 31.25 642.8409601137749 34.34767712723021 0.0 0.0
473.5 -15.25 428.0 32.25 638.2681646455509 35.674068934461125 0.0 0.0
469.5 -15.5 423.0 33.5 631.9492083707478 36.9120576505835 0.0 0.0
478.5 -31.25 428.5 35.5 642.3196433540822 47.492739780349275 0.0 0.0
480.5 -37.0 428.0 35.5 643.4783519271214 51.28088741549293 0.0 0.0
484.5 -38.0 426.5 35.5 645.4786137838778 52.002403790594144 0.0 0.0
489.0 -38.25 428.5 35.5 650.1795070699184 52.185643840849394 0.0 0.0
490.5 -39.25 431.0 35.25 652.9562116261233 52.755334889700244 0.0 0.0
489.5 -38.5 432.0 35.5 652.8662884075882 52.37364966975261 0.0 0.0
487.5 -38.0 432.5 36.0 651.6998081114214 52.3450093132096 0.0 0.0
486.0 -78.75 431.5 71.25 649.9141403277508 106.20027864908852 0.0 0.0
478.5 -209.75 420.0 148.0 636.6818908199798 256.83941375876293 0.0 0.0
473.5 -291.375 409.5 184.0 626.0132930101329 344.6661248310348 0.0 0.0
473.0 -410.5416666666667 408.0 252.66666666666669 624.6547633541104 482.11607508947947 0.0 0.0
472.5 -529.7083333333334 407.0 321.33333333333337 623.6227974632393 619.5660253479243 0.0 0.0
478.0 -548.5 412.5 259.5 631.3829132965712 610.1764044063071 0.0 1.0
487.0 -584.0 427.0 347.0 647.6882925399512 679.3122353860085 0.0 1.0
488.5 -656.0 432.5 350.5 652.4485118230302 744.5837236593935 0.0 1.0
490.5 -704.5 432.5 349.0 653.9468632847779 788.7758964781962 0.0 0.0
491.0 -561.5 431.5 349.0 653.6614184728971 661.1542932405407 0.0 1.0
490.0 -589.0 431.0 348.5 652.5803712568917 684.6265317969275 0.0 1.0
488.0 -585.0 431.0 350.5 651.0798722123116 682.2322050220984 0.0 0.0
485.5 -559.25 428.5 359.25 647.5511562803359 664.697121670224 0.0 1.0
478.5 -558.25 427.5 358.75 641.6529435761984 663.5848633068395 0.0 1.0
453.5 -558.0 427.0 361.5 622.8894887303595 664.8660881489452 0.0 1.0
404.47727272727275 -561.25 399.45454545454544 364.25 570.7524353430947 669.0889379821954 0.0 1.0
347.1136363636364 -565.25 370.72727272727275 366.0 512.5449512007033 673.3970455555151 0.0 1.0
289.75 -566.0 342.0 365.0 454.33746705831214 673.4851410207847 0.0 1.0
232.38636363636363 -579.5 313.27272727272725 364.75 396.1299829159209 684.7357915957089 0.0 1.0
175.02272727272728 -573.25 284.54545454545456 362.25 337.92249877352964 678.1154997868334 0.0 1.0
94.875 -571.5 261.9375 362.0 308.58844804391174 676.5029576984983 0.0 1.0
-53.625 -572.25 257.6875 362.5 365.87469755261407 677.4040987051392 0.0 1.0
-202.125 -571.25 253.4375 363.5 423.16094706131634 677.0958668228798 0.0 1.0
-350.625 -566.5 249.1875 365.75 480.4471965700186 674.3115932744481 0.0 1.0
-483.16666666666663 -565.75 245.5 368.5 542.3695282958374 675.17799958039 0.0 1.0
-567.8333333333333 -563.25 243.5 370.0 618.200106673006 673.9069924978844 0.0 1.0
-589.5 -558.75 258.0 373.25 643.4889613837671 671.9536780650853 1.0 1.0
-560.5 -557.5 261.0 376.5 618.4609704730618 672.725832154583 1.0 1.0
-585.5 -566.0 267.5 380.1666666666667 643.7145792189194 681.8533286742183 1.0 0.0
-531.0 -577.3333333333333 253.0 383.05555555555554 588.2088473804046 692.9039973124907 1.0 0.0
-512.5 -588.6666666666667 238.5 385.94444444444446 565.3296061760212 703.954665950763 1.0 0.0
-515.0 -600.0 254.5 388.8333333333333 574.477118817566 715.0053345890353 1.0 0.0
-511.0 -608.0 268.0 390.0 577.0173426222045 722.332559773483 1.0 1.0
-498.5 -583.0 265.0 394.25 564.5631892936083 704.0309720380571 1.0 1.0
-493.0 -562.5 265.5 397.5 559.9503533724729 688.7782644276781 1.0 1.0
-503.0 -649.0 265.5 405.5 568.771043034126 765.2664464784305 1.0 0.0
-506.0 -633.0 267.5 402.0 572.356788558848 749.9832011251638 1.0 1.0
-502.0 -578.5 265.0 390.0 567.6522206232805 697.6871195349211 1.0 1.0
-497.5 -560.5 261.0 381.25 561.8071682548385 677.8731699047307 1.0 1.0
-491.0 -578.5 258.5 404.5 554.8904808555939 705.9497740427455 1.0 1.0
-482.5 -635.5 261.5 402.0 548.80864087329 752.2298158186939 1.0 1.0
-475.5 -668.375 268.0 390.375 545.8248014426031 774.0319634276949 1.0 0.0
-472.5 -655.875 271.5 387.875 544.9482196080369 761.9944418728662 1.0 0.0
-470.0 -705.25 272.5 390.125 543.283017500389 806.9860126768085 1.0 0.0
-471.5 -797.5 272.5 400.875 544.5811542199586 895.3043071582694 1.0 0.0
-477.0 -552.75 278.5 386.75 552.3506585494399 674.7190851353067 1.0 1.0
-485.0 -671.25 280.0 387.5 560.0226079605214 775.6882599947935 1.0 1.0
-487.0 -613.25 280.0 380.5 561.7559537383404 721.7039272363447 1.0 1.0
-480.5 -580.0 275.0 383.0 553.6291765129082 695.2083282710337 1.0 1.0
-477.5 -554.5 271.5 382.5 549.2891415976142 673.6294089518559 1.0 1.0
-473.5 -587.25 267.5 388.5 543.8370545872199 704.1354617490174 1.0 1.0
-459.0 -593.75 259.0 393.0 527.0313083679185 712.0385483628758 1.0 0.0
-432.5 -610.25 262.5 397.75 505.9275468868341 728.432176475806 1.0 1.0
-407.625 -617.0 272.375 392.25 491.77554021626526 731.2452022274415 1.0 1.0
-374.45833333333337 -582.0 284.875 384.5 472.56029865784535 697.5417393655207 1.0 1.0
-341.2916666666667 -588.5 297.375 401.0 453.3450570994254 712.1585713158681 1.0 1.0
-248.0 -593.375 318.75 387.625 411.4847094961028 708.8053057904617 1.0 1.0
115.5 -623.5 260.5 379.5 309.60082543561293 730.087967383162 0.0 0.0
366.5 -691.0 180.3125 372.0 414.20156416924857 784.883515629421 0.0 1.0
588.5 -697.0 210.0625 354.5 626.6298309380516 781.971903727584 0.0 1.0
598.0 -672.0 312.0 373.5 674.5801468197092 769.3753938888867 0.0 1.0
572.5 -571.0 343.5 387.5 667.7695381938443 690.0705587649979 0.0 0.0
528.5 -615.0 343.75 376.5 630.4686250688907 721.1226946543491 0.0 1.0
512.75 -568.0 341.0 378.0 615.8000863042714 682.2949740088286 0.0 1.0
507.25 -554.5 346.25 381.0 614.1593211932463 672.787333408882 0.0 1.0
512.25 -562.5 348.75 379.0 619.6997849227643 678.2689876224249 0.0 1.0
529.0 -555.0 367.0 379.0 643.8417352105223 672.064304878637 0.0 1.0
550.0 -551.5 395.75 381.0 677.5848564585874 670.3083245790701 0.0 1.0
566.5 -544.5 414.25 373.0 701.8027213844277 660.0219894706031 0.0 1.0
569.5 -546.5 412.0 359.0 702.9046211547899 653.8680644411463 0.0 1.0
551.0 -609.5 393.5 354.0 677.0879867237186 705.6638249789786 0.0 1.0
516.8055555555555 -543.5 370.44444444444446 354.5 636.9003018323872 648.8935843802419 0.0 1.0
458.02777777777777 -541.0 364.22222222222223 353.0 589.5024725532514 645.9798884722709 0.0 1.0
399.25 -660.5 358.0 349.0 542.1046432741156 747.632738517983 0.0 1.0
340.4722222222222 -495.0 351.77777777777777 311.0 494.7068139949798 584.8181878793416 0.0 0.0
281.69444444444446 -383.0 345.55555555555554 256.63461538461536 447.3089847158441 500.9628377324234 0.0 0.0
203.55 -281.0 346.425 239.48076923076923 437.0256854420091 458.6451070790398 0.0 0.0
45.749999999999986 -179.0 316.125 222.3269230769231 467.61860191063835 416.32737642565615 0.0 0.0
-112.05000000000001 -77.0 285.825 205.1730769230769 498.21151837926755 374.0096457722725 0.0 0.0
-269.85 25.0 255.525 188.01923076923077 528.8044348478968 331.6919151188889 0.0 0.0
-427.65000000000003 127.0 225.22500000000002 170.86538461538464 559.397351316526 289.37418446550527 0.0 0.0
-577.0 208.75 233.0 164.5 622.4927096894601 265.7823546736977 0.0 0.0
-548.0 201.75 241.5 193.0 599.000710787473 279.20365424346596 1.0 0.0
-562.0 206.0 265.5 200.0 621.5856086622571 287.1188374980694 1.0 0.0
-533.5 208.5 271.5 203.0 598.6314733643505 291.0004295529476 1.0 0.0
-514.5 219.75 274.0 154.5 582.9120175689602 268.6381312008853 1.0 0.0
-508.0 215.25 276.5 155.25 578.3749535896993 265.3989097229724 1.0 0.0
-504.0 214.75 279.5 154.5 576.3138091406913 264.55213818158245 1.0 0.0
-507.0 214.0 288.0 153.75 583.103266471385 263.5053380032431 1.0 0.0
-521.5 211.0 308.5 152.25 605.9252537004642 260.1949892052954 1.0 0.0
-522.0 209.75 309.5 149.75 606.8560908703728 257.721966772409 1.0 0.0
-519.5 207.0 303.5 148.0 601.6582804094717 254.46760329184173 1.0 0.0
-519.0 203.75 302.5 146.5 600.7224289193321 250.952029227266 1.0 0.0
-517.0 200.0 301.5 144.75 598.4908373676817 246.885810680803 1.0 0.0
-513.5 201.0 300.5 143.5 594.964289186538 246.9681153509497 1.0 0.0
-509.5 201.5 300.5 143.5 591.515431736207 247.37539110925465 1.0 0.0
-501.0 202.25 290.0 142.75 578.9084674769302 247.55443423591885 1.0 0.0
-490.5 202.25 278.5 140.0 564.0502540134632 245.98875106079063 1.0 0.0
-488.0 251.375 279.5 144.0 562.3737636127773 291.11507229156507 1.0 0.0
-485.5 317.2083333333333 280.0 153.33333333333331 560.455562557429 353.8340914858843 1.0 0.0
-481.5 383.04166666666663 280.5 162.66666666666669 557.2454575857931 416.55311068020353 1.0 0.0
-479.0 435.25 280.0 283.25 554.8342094716222 519.4335144810088 1.0 0.0
-477.0 555.75 279.5 300.25 552.8555417104906 631.7091076000505 1.0 0.0
-476.5 537.75 279.5 302.0 552.4242029455263 616.9396586652022 1.0 0.0
-486.0 506.25 296.5 313.75 569.3746497027826 595.5908781757262 1.0 0.0
-492.0 521.25 306.5 312.75 579.6609389442588 607.9567156815506 1.0 0.0
-493.0 533.75 307.0 305.75 580.7736440663006 615.1201733543478 1.0 0.0
-493.5 537.5 306.5 303.75 580.9347826050735 617.3942716862116 1.0 0.0
-493.5 531.25 305.5 307.0 580.4073403548081 613.5768447450052 1.0 0.0
-497.0 531.25 304.5 307.75 582.8635038170191 613.9516538642138 1.0 0.0
-501.5 530.5 309.0 307.5 589.0529952443748 613.1774318026844 1.0 0.0
-499.5 531.75 305.0 307.25 585.2567232450915 614.1350156413196 1.0 0.0
-498.5 532.25 301.5 307.75 582.5843355632842 614.8172086080183 1.0 0.0
-497.5 533.0 299.5 308.25 580.6948674349693 615.7167444005574 1.0 0.0
-497.0 533.5 300.5 308.25 580.7833319043178 616.1495870599392 1.0 0.0
-497.5 533.75 300.0 309.25 580.9528810497458 616.8672665193092 1.0 0.0
-498.0 534.0 302.5 310.0 582.675105134674 617.4593614282908 1.0 0.0
-497.5 534.25 305.0 309.75 583.5505781033663 617.5501058697823 1.0 0.0
-477.0 535.25 272.0 309.75 549.1035402431048 618.4158993998644 1.0 0.0
-474.5 535.0 270.5 309.5 546.1872708836206 618.0738493721212 1.0 0.0
-470.5 534.75 269.5 308.75 542.2181864898587 617.4821791984261 1.0 0.0
-462.5 531.5 269.5 310.0 535.2910423311789 615.3038106554443 1.0 0.0
-452.0 528.25 268.5 311.25 525.7340727091762 613.1271439398181 1.0 0.0
-434.0 528.5 268.5 309.5 510.3413751600152 612.4574886619638 1.0 0.0
-412.0 528.25 270.0 308.0 492.5891544787521 611.4839385338344 1.0 0.0
-275.1818181818182 528.5 281.6590909090909 292.0 520.2359251766552 603.8047859761623 1.0 0.0
-92.0909090909091 534.25 297.20454545454544 278.75 556.5406882304035 602.6139015269582 0.0 0.0
91.0 534.75 312.75 281.25 592.8454512841517 604.2012424241327 0.0 0.0
274.0909090909091 533.5 328.2954545454545 282.25 629.1502143379003 603.563670765499 0.0 0.0
457.1818181818182 533.5 343.8409090909091 286.25 665.4549773916485 605.448912878677 0.0 0.0
623.0 532.5 358.5 290.25 718.8785179952627 606.4677235011104 0.0 0.0
632.5 531.5 347.0 298.0 721.4414981971446 609.3519485424222 0.0 0.0
689.0 531.75 377.0 303.5 785.6865051013906 612.2673414415106 0.0 0.0
572.0 529.5 357.0 302.5 674.2688478976944 609.8168893737798 0.0 0.0
562.5 528.25 343.5 300.5 659.0903372788264 607.7407904731494 0.0 0.0
573.0 526.5 343.0 300.25 667.8172639124948 606.0983631161621 0.0 0.0
565.0 535.0 341.0 293.0 659.9335004373953 609.9824804167231 0.0 0.0
562.0 534.5 341.5 286.5 657.622943214378 606.4434673194716 0.0 0.0
559.0 534.0 346.0 277.5 657.431323856037 601.7993410122201 0.0 0.0
560.5 530.75 363.0 278.25 667.779563548878 599.265321449694 0.0 0.0
559.5 531.0 363.0 278.25 666.9402901064773 599.4866705559202 0.0 0.0
558.0 524.5 361.0 277.25 664.5940829217775 593.2697816010731 0.0 0.0
555.0 571.75 361.0 272.75 662.0772593150677 633.4924835778477 0.0 0.0
550.0 576.25 360.5 269.75 657.6173283257009 636.26209508272 0.0 0.0
546.5 577.75 360.0 270.25 654.417616014739 637.832622102559 0.0 0.0
542.0 577.25 359.0 271.0 650.1127213447036 637.6981311445584 0.0 0.0
523.0 581.25 352.0 278.25 630.4231142395647 644.4180542106333 0.0 0.0
528.0 590.0 351.5 274.625 634.3000528831553 650.8449561347927 0.0 0.0
527.5 598.0 352.0 268.125 634.1611207130686 655.3872696598402 0.0 0.0
524.5 522.5 351.0 294.75 631.1111390044157 600.2657031535235 0.0 0.0
523.5 304.5 351.0 330.25 630.280536629615 450.426953020602 0.0 0.0
521.5 125.51785714285714 350.0 305.32142857142856 628.0623596724886 349.3894249150659 0.0 0.0
519.5 27.589285714285715 350.0 312.6071428571429 626.4027633645496 392.7698835909744 0.0 0.0
531.5 -70.33928571428572 377.0 319.8928571428571 651.630357431226 436.15034226688294 0.0 0.0
532.0 -168.26785714285714 379.5 327.17857142857144 653.4863546301335 479.53080094279153 0.0 0.0
534.0 -266.19642857142856 382.0 334.4642857142857 656.5673320327367 522.9112596187001 0.0 0.0
534.0 -364.125 383.5 341.75 657.4406817348619 566.2917182946086 0.0 0.0
534.0 -462.05357142857144 383.0 349.0357142857143 657.1491459326414 609.6721769705172 0.0 0.0
523.5 -530.5 369.5 351.0 640.7801472916917 636.1063398432432 0.0 1.0
511.0 -619.5 350.5 361.0 619.6542745865756 718.8306078947808 0.0 1.0
511.0 -558.25 348.5 353.75 618.5250601228701 660.8957528558246 0.0 1.0
510.0 -584.5 347.0 342.25 616.8541156545849 677.3316508095652 0.0 1.0
510.0 -591.75 347.5 345.5 617.1356582905772 685.2309783180476 0.0 1.0
509.5 -666.75 346.0 329.5 615.8785017392754 744.2968047299275 0.0 0.0
515.5 -656.75 357.5 329.5 627.3558177613088 735.2653356087869 0.0 0.0
522.5 -584.75 372.0 345.25 641.3972372131807 679.0664032555662 0.0 0.0
523.5 -583.0999999999999 372.5 346.9 642.5018801281304 678.490068556787 0.0 0.0
523.0 -581.9000000000001 372.0 348.1 641.8044873635585 678.074312395178 0.0 0.0
522.0 -572.75 371.0 350.0 640.4100249059192 671.2444713847403 0.0 1.0
522.0 -566.0 369.5 353.0 639.5422190911246 667.0589907308962 0.0 1.0
521.0 -567.5 368.5 355.5 638.1482978117234 669.658859737224 0.0 1.0
520.0 -573.0 370.0 368.25 638.200595424354 681.1387988312756 0.0 1.0
520.5 -573.5 374.0 370.75 640.9338991357745 682.9047623685267 0.0 1.0
521.5 -577.25 379.0 376.0 644.6731848115825 688.9115495097681 0.0 1.0
523.5 -574.5 382.5 378.75 648.3506087171121 688.115270124521 0.0 1.0
524.0 -573.75 385.0 380.75 650.2316220819881 688.5925828021461 0.0 1.0
525.0 -573.0 387.0 382.5 652.2223633025704 688.9384552224368 0.0 1.0
514.0 -304.75 389.0 380.0 644.6562171532221 494.7913354943118 0.0 0.0
497.5 -3.125 383.5 372.125 628.1548441539819 388.9945060870415 0.0 0.0
497.0 278.5 384.0 356.25 628.0645241890591 454.72571405031636 0.0 0.0
494.5 466.0 385.5 337.25 627.0091766116318 576.8961265245763 0.0 0.0
492.0 534.25 389.0 323.75 627.2041135069189 624.7058509085343 0.0 0.0
491.5 527.5 394.0 325.75 629.9272991362825 619.9826457093232 0.0 0.0
488.5 529.0 400.5 324.5 631.6901930535253 620.5998359497969 0.0 0.0
487.0 528.5 406.5 319.5 634.3589283678444 617.5708396583314 0.0 0.0
489.5 527.25 410.0 318.0 638.5219290482192 615.7244222581235 0.0 0.0
501.0 523.25 417.0 318.0 651.8359821963707 612.3036185488963 0.0 0.0
523.5 520.5 426.0 319.75 674.9429148552765 610.8699312432444 0.0 0.0
546.3214285714286 518.25 421.6428571428571 320.0 691.0271381117569 609.0838035537175 0.0 0.0
573.6071428571429 518.25 392.2142857142857 327.0 698.0321379151775 612.7905522882236 0.0 0.0
600.8928571428571 540.5 362.78571428571433 327.5 705.037137718598 631.986083727862 0.0 0.0
628.1785714285714 565.0 333.3571428571429 322.0 712.0421375220186 650.3760009253156 0.0 0.0
639.0 510.75 294.5 324.5 703.885355397439 605.1164312937407 0.0 0.0
595.5 510.25 341.5 322.75 686.4878072169455 603.7570960475673 0.0 0.0
620.5 510.5 328.0 325.0 701.8751951930153 605.2097075540737 0.0 0.0
564.0 501.0 299.5 326.75 638.5893256500665 598.1374036407769 0.0 0.0
541.5 522.5 187.0 314.25 574.8847790077409 609.7206855511731 0.0 0.0
519.5 524.0 135.0 313.75 536.7639336811162 610.749628330781 0.0 0.0
550.5 518.75 145.0 320.25 569.2808763343769 609.6428944709785 0.0 0.0
625.5 529.25 169.0 316.25 647.9445186638558 616.5736163405475 0.0 0.0
571.5 540.75 171.0 304.75 596.5355644167955 620.711915263774 0.0 0.0
560.0 540.0 177.0 303.25 587.3134103077139 619.3228372081785 0.0 0.0
544.5 538.75 178.5 304.0 573.0118689819875 618.6014050634894 0.0 0.0
538.5 536.5 180.5 305.0 567.9469390544996 617.1363796300905 0.0 0.0
534.0 533.25 185.0 304.0 565.1418348163024 613.817206099786 0.0 0.0
524.0 530.75 188.0 303.0 556.7074528667692 611.1503094698016 0.0 0.0
508.7142857142857 526.75 194.60714285714286 303.5 544.9935885873442 607.9300373715589 0.0 0.0
507.57142857142856 525.75 217.03571428571428 304.5 553.1410621748128 607.563500368185 0.0 0.0
506.42857142857144 525.75 239.46428571428572 304.75 561.2885357622814 607.6892499093667 0.0 0.0
505.2857142857143 525.75 261.8928571428571 306.75 569.43600934975 608.6949437188744 0.0 0.0
500.5 511.0 384.0 305.5 630.9275627742102 595.3889909687946 0.0 0.0
496.0 485.0 391.0 306.0 631.5829374751086 573.6102494308265 0.0 0.0
503.0 457.17857142857144 388.5 285.2142857142857 635.5684294649598 539.7252622994124 0.0 0.0
506.5 458.75 386.5 261.5 637.122430252904 529.3726441239642 0.0 0.0
509.0 460.32142857142856 387.0 237.78571428571428 639.4139179128067 519.0200259485159 0.0 0.0
507.0 471.75 389.0 253.5 639.0384631325754 536.115303162564 0.0 0.0
503.5 512.0 386.0 311.0 634.4353789000106 599.0534392492578 0.0 0.0
502.0 516.0 384.0 314.0 632.0284803709402 604.0298931656505 0.0 0.0
502.0 523.0 381.0 321.5 630.2131326334634 613.9167936661181 0.0 0.0
503.0 525.75 377.5 308.75 628.9001034157708 609.7046819864584 0.0 0.0
503.0 526.5 377.0 308.25 628.6001033436786 610.0986469788265 0.0 0.0
501.0 521.25 376.0 313.5 626.4001038287527 608.2630677186863 0.0 0.0
500.5 524.5 376.0 316.0 626.0003273228369 612.3370054433365 0.0 0.0
500.5 523.25 374.5 310.75 625.1004000617736 608.5690120106283 0.0 0.0
509.0 525.5 394.0 311.5 643.6761360188432 610.8866804655329 0.0 0.0
509.0 526.25 398.5 314.25 646.4390764784653 612.9377791760496 0.0 0.0
510.5 526.25 404.0 314.5 651.0194668942984 613.0655781145522 0.0 0.0
510.0 527.5 405.5 306.5 651.5599334142162 610.1267036221911 0.0 0.0
511.0 524.0 409.5 297.75 654.8368539617627 602.6871225894121 0.0 0.0
512.0 522.25 411.0 298.75 656.5554475702783 601.6617842249723 0.0 0.0
513.0 520.0 414.0 298.25 659.2154427802795 599.4606822210776 0.0 0.0
512.0 518.75 416.5 297.75 660.0123104912514 598.127696622963 0.0 0.0
512.0 517.5 421.5 298.5 663.1789735727182 597.418352235268 0.0 0.0
511.5 516.0 424.5 298.5 664.7048984037142 596.1197167678389 0.0 0.0
512.0 515.0 422.0 299.0 663.4969094640517 595.5048807733501 0.0 0.0
513.0 514.5 415.0 300.0 659.8442956375851 595.5771321067282 0.0 0.0
508.0 514.0 406.0 312.5 650.3077368109617 601.6350530293992 0.0 0.0
474.5 516.75 370.5 326.5 602.0146340710785 611.2553655344636 0.0 0.0
459.5 517.0 363.0 324.0 585.5848651293331 610.1352309119676 0.0 0.0
449.0 517.0 362.0 324.0 576.7548813526308 610.1352309119676 0.0 0.0
445.0 518.5 365.5 325.25 575.8606232369086 612.0711088357602 0.0 0.0
439.0 520.5 369.5 329.0 573.8047013852781 615.7615216898635 0.0 0.0
366.25 521.75 345.0 330.25 503.84589691952226 617.4856273536752 0.0 0.0
267.25 523.75 271.0 331.25 383.76419572026714 619.7113411851408 0.0 0.0
168.25 485.875 197.0 335.58333333333337 263.6824945210119 590.6992590849385 0.0 0.0
69.25 489.375 123.0 315.91666666666663 143.60079332175673 583.1283914907904 0.0 0.0
44.5 492.875 116.5 296.25 125.14961563470729 575.5575238966421 0.0 0.0
37.5 514.5 139.5 299.25 144.45451456588103 595.2263484150383 0.0 0.0
43.5 539.0 140.0 339.25 146.61159319700403 636.8764130493446 0.0 0.0
41.0 531.5 140.5 339.25 146.43611707259646 630.5936438805916 0.0 0.0
-9.5 537.0 54.5 341.5 57.12532496474613 636.3955508612647 0.0 0.0
-19.5 546.0 20.5 348.5 28.29520760437052 647.7408997754615 0.0 0.0
-24.5 547.25 16.5 346.0 29.564322535783486 647.4621112659415 0.0 0.0
-44.0 547.0 17.0 339.25 47.22240099834916 643.6660786671861 0.0 0.0
-80.83333333333334 549.0 21.416666666666664 336.0 84.52058148087607 643.6592125301938 0.0 0.0
-131.27777777777777 548.75 24.63888888888889 337.5 134.53384066314732 644.2323227071081 0.0 0.0
-181.72222222222223 550.75 27.861111111111114 332.5 184.5470998454186 643.3391043414731 0.0 0.0
-232.16666666666666 550.0 31.083333333333336 327.25 234.5603590276898 639.9944369706243 0.0 0.0
-285.0 552.0 31.5 327.5 286.75861537493483 641.8417702774431 0.0 0.0
-373.07142857142856 551.75 70.64285714285714 328.0 382.1778344136698 641.8816704190208 0.0 0.0
-470.5 549.0 125.5 328.5 489.8190438512611 639.7763048939833 0.0 0.0
-567.9285714285713 548.5 180.35714285714283 331.0 597.4602532888523 640.6352448572893 0.0 0.0
-635.75 546.5 227.25 328.5 675.2604931198467 637.6340241915237 0.0 0.0
-610.5 545.5 242.0 335.5 656.7157946219813 640.4144606327768 1.0 0.0
-599.0 545.25 259.0 334.25 652.6104640606832 639.5474054636784 1.0 0.0
-620.0 543.5 270.5 333.25 676.543490456989 637.5325990303613 1.0 0.0
-603.5 542.0 276.0 333.5 663.6201872077984 636.3854424340566 1.0 0.0
-600.5 541.25 272.0 334.25 659.2308503234076 636.1404181608166 1.0 0.0
-575.0 540.0 279.5 335.0 639.3583488052249 635.4726382647734 1.0 0.0
-586.0 538.5 292.5 337.0 654.9490696418266 635.2575546678409 1.0 0.0
-566.5 537.0 289.0 338.0 635.9611523274589 634.5179466256411 1.0 0.0
-546.5 536.75 285.5 337.25 616.5820568482119 633.9071255394274 1.0 0.0
-540.0 537.25 285.0 337.0 610.5949962098459 634.197587623767 1.0 0.0
-539.5 538.0 290.0 337.75 612.5042848070295 635.232142126107 1.0 0.0
-533.0 537.75 294.0 339.0 608.7099947841002 635.685571958322 1.0 0.0
-526.0 538.25 297.5 339.75 604.3043643572979 636.5092128368099 1.0 0.0
-533.0 539.0 303.5 342.0 613.3534840212471 638.3457780402532 1.0 0.0
-529.5 540.25 307.5 341.75 612.3131334746696 639.2679405526785 1.0 0.0
-527.0 541.25 310.5 340.5 611.6696156259379 639.4472394454056 1.0 0.0
-534.0 544.0 315.5 338.25 620.2396675966932 640.588629411977 1.0 0.0
-544.5 543.5 326.5 334.25 634.8879301759778 638.0562049188773 1.0 0.0
-549.0 543.75 333.5 332.0 642.357847397615 637.0950102085262 1.0 0.0
-556.0 540.75 339.0 332.0 651.1967308341723 634.5361979641368 1.0 0.0
-562.0 534.625 341.0 313.75 657.3621528503143 620.3717372007193 1.0 0.0
-559.5 530.7916666666667 338.5 290.08333333333337 653.9290587401902 605.5274554472182 1.0 0.0
-554.0 526.9583333333333 332.5 266.41666666666663 646.121067443464 590.6831736937173 1.0 0.0
-547.0 529.0 326.0 310.5 636.7787394561637 613.4589684428659 1.0 0.0
-512.5 542.75 290.5 342.75 589.1067332559629 641.9159306666413 0.0 0.0
-508.0 539.0 286.0 341.25 582.9751306985714 637.9442859436533 1.0 0.0
-503.5 556.75 285.5 351.5 578.8113343953225 658.4270208204999 1.0 0.0
-502.0 556.25 281.5 346.5 575.539963860026 655.3477686489939 1.0 0.0
-502.5 553.0 299.0 347.0 584.9025583318885 652.8537545967289 1.0 0.0
-505.0 552.0 315.0 345.75 595.1891044237416 651.3431310327979 1.0 0.0
-504.5 551.0 316.0 346.75 595.295245701773 651.0288918218373 1.0 0.0
-505.0 353.75 319.0 299.5 597.3156822329834 464.0990894260142 1.0 0.0
-506.0 140.475 320.0 57.25 598.6953076661225 151.72197242884926 1.0 0.0
-505.0 158.375 320.5 68.25 598.1182393280925 172.5552571798283 1.0 0.0
-504.0 176.275 319.5 79.25 596.7380278633503 193.3885419308073 1.0 0.0
-503.0 194.17499999999998 318.0 90.25 595.0907696823676 214.22182668178633 1.0 0.0
-502.0 212.075 315.5 101.25 592.9116713305617 235.05511143276536 1.0 0.0
-502.0 214.0 314.0 95.5 592.1148537234985 234.48271934153894 1.0 0.0
-503.0 194.5 312.5 115.5 592.1700639134514 226.2848468365355 1.0 0.0
-499.5 191.25 310.0 139.5 587.8779742554432 236.97069173774884 1.0 0.0
-495.4642857142857 192.0 300.2142857142857 163.75 579.4668676584809 252.34519746177128 0.0 0.0
-496.75 193.25 290.5 165.0 575.6742340832641 254.10905952586515 0.0 0.0
-498.0357142857143 192.5 280.78571428571433 161.375 571.8816005080471 251.19480697906522 0.0 0.0
-495.0 192.0 266.25 158.5 562.080267514689 248.9707916408486 1.0 0.0
-489.0 190.0 266.5 152.5 556.9190812134381 243.63169343963867 1.0 0.0
-492.5 189.5 272.25 148.0 562.740517136438 240.44884604923817 1.0 0.0
-489.0 187.0 268.5 140.5 557.8649096361972 233.90145186199206 1.0 0.0
-496.0 171.0 272.0 131.5 565.6861718312279 215.7493620624394 1.0 0.0
-491.25 160.5 266.0 130.5 558.6453531361462 206.8586473899508 1.0 0.0
-489.75 162.0 268.0 131.0 558.2965242372852 208.33890381453844 1.0 0.0
-487.0 163.0 268.25 132.0 555.9920057441118 209.74508337503408 1.0 0.0
-488.5 163.5 262.0 132.5 554.3525622937344 210.4483309508536 1.0 0.0
-517.75 162.5 294.75 133.0 595.7754209453785 209.98904664710648 0.0 0.0
-510.5 164.0 302.75 134.5 593.5241898780972 212.10011334484977 1.0 0.0
-512.25 169.0 306.25 131.0 596.8159201578137 213.8973316711602 1.0 0.0
-509.0 233.0 303.5 145.25 592.6156283012517 275.6668213565125 1.0 0.0
-504.0 315.0 300.0 170.91666666666669 586.5287773821393 359.47543437873776 1.0 0.0
-501.25 397.0 298.0 196.58333333333334 583.1435359229358 443.28404740096295 1.0 0.0
-499.75 458.25 296.5 271.75 581.0873775539083 534.1699377668026 1.0 0.0
-498.0 515.5 295.0 334.0 578.8169022375682 614.413906998853 1.0 0.0
-496.25 538.5 292.25 324.5 575.9115837367278 628.7166427702875 1.0 0.0
-469.0 538.5 267.5 329.0 539.9625694260922 631.0496988718369 1.0 0.0
-457.5 539.0 255.5 328.5 524.0100413681344 631.2205180300435 1.0 0.0
-451.75 538.0 250.0 322.5 516.3122354191762 627.2564154788839 1.0 0.0
-449.75 538.0 247.5 323.5 513.3531078304873 627.7713303342816 1.0 0.0
-448.5 536.5 246.25 325.0 511.65588505127926 627.261730398559 1.0 0.0
-456.25 535.5 255.5 322.5 522.9397915893442 625.1133364919795 1.0 0.0
-493.75 535.5 293.5 324.0 574.3970669869199 625.8883686409263 0.0 0.0
-496.5 536.625 297.0 325.5 578.5510173929831 627.6279182942187 1.0 0.0
-498.5 536.5 299.0 326.5 581.2944859935665 628.0402279722553 1.0 0.0
-486.5 541.25 296.0 325.5 569.4720784745971 631.6053492864448 1.0 0.0
-492.5 545.5 292.0 325.5 572.5924576581742 635.23333268349 1.0 0.0
-503.0 544.75 289.5 326.75 580.3613098751501 635.2309735753572 1.0 0.0
-501.5 541.75 289.0 329.25 578.8120918530088 633.9547555010013 1.0 0.0
-500.5 544.25 288.0 328.0 577.4463471665305 635.4487857856441 1.0 0.0
-505.5 545.5 290.0 326.0 582.7780592492106 635.4892699982062 1.0 0.0
-512.5 544.5 291.0 324.0 589.353277171824 633.606040406532 1.0 0.0
-512.0 544.25 291.0 322.75 588.9185003037347 632.7525127103154 1.0 0.0
-512.5 544.25 290.5 324.75 589.1065268692921 633.7767910827536 1.0 0.0
-512.0 532.5 290.5 326.0 588.6716494631295 624.3723254992162 1.0 0.0
-503.0 522.625 282.0 317.75 576.6625038061582 611.6959046130258 1.0 0.0
-494.5 523.4583333333333 265.0 310.75 561.0320828665695 608.8224986173502 1.0 0.0
-495.0 524.2916666666667 261.0 303.75 559.5949037345052 605.9490926216745 1.0 0.0
-495.5 527.5 261.0 318.25 560.0370038680766 616.0717881827275 1.0 0.0
-495.0 531.25 260.0 320.25 559.128786595718 620.3564859776366 1.0 0.0
-495.0 542.25 260.5 329.0 559.3615147839453 634.282114067654 1.0 0.0
-495.0 543.25 259.5 321.25 558.8965055316355 631.1284975364521 1.0 0.0
-495.5 546.0 261.5 323.25 560.2700241847675 634.5128909478938 1.0 0.0
-496.0 545.5 263.5 322.0 561.6478478786246 633.4466184660931 1.0 0.0
-496.5 545.0 264.5 321.5 562.5588858066327 632.7617525270514 1.0 0.0
-508.5 544.75 296.0 322.25 588.3816093514372 632.9279123851236 1.0 0.0
-506.5 544.5 301.5 323.75 589.4443863438571 633.4779859439685 1.0 0.0
-507.5 544.5 303.5 325.5 591.3277433031533 634.3742461521089 1.0 0.0
-507.0 545.5 306.0 331.0 592.1866823496189 638.0683740791421 1.0 0.0
-506.5 544.25 309.5 328.5 593.576027143954 635.7049000044692 1.0 0.0
-504.5 541.5 314.0 327.0 594.2358538492945 632.5751471607107 1.0 0.0
-503.0 540.25 317.0 327.5 594.5573778308815 631.7645141103928 1.0 0.0
-503.0 540.5 317.5 329.5 594.8241132354333 633.0205815113799 1.0 0.0
-505.0 540.75 317.0 331.25 596.2503460341792 634.1431155230691 1.0 0.0
-507.0 539.25 316.0 332.25 597.4156630406632 633.3884135702972 1.0 0.0
-510.0 541.25 314.5 329.75 599.175035682414 633.7881879602944 1.0 0.0
-511.5 550.25 312.5 333.0 599.4069419425307 643.1676343917998 1.0 0.0
-511.0 549.25 310.0 331.5 597.6800747268758 641.5359233755921 1.0 0.0
-511.0 549.25 307.0 331.5 596.1292051867342 641.5355244942054 1.0 0.0
-492.5 550.0 268.5 331.0 560.9381280757829 641.920143710877 0.0 0.0
-490.5 549.0 263.0 330.0 556.5603688507017 640.5482470845475 1.0 0.0
-492.0 544.5 260.5 324.75 556.708816860254 633.9899268996886 1.0 0.0
-492.5 545.0 260.5 324.0 557.1503387776049 634.0355394482629 1.0 0.0
-493.5 547.0 261.5 323.75 558.5020143204499 635.6285181178675 1.0 0.0
-494.5 549.0 263.5 327.5 560.3237188989763 639.2633363366531 1.0 0.0
-498.0 550.0 266.0 330.0 564.5893930108256 641.4047313606272 1.0 0.0
-499.5 551.75 268.5 336.0 567.0912624966109 646.007265872501 1.0 0.0
-501.5 552.25 270.0 337.5 569.5632098371523 647.2146746587104 1.0 0.0
-502.0 554.5 271.5 340.0 570.7159204271695 650.4389453150848 1.0 0.0
-502.0 555.5 310.0 342.75 590.0134220094851 652.7319083442032 0.0 0.0
-504.5 555.75 309.5 345.25 591.8704939757297 654.2596055616607 1.0 0.0
-504.0 554.5 309.0 345.0 591.1827128731015 653.0660577057333 1.0 0.0
-504.5 554.0 307.5 345.0 590.8269628241419 652.6416935348232 1.0 0.0
-504.5 553.5 307.5 344.0 590.8269628241419 651.6887875636396 1.0 0.0
-508.5 553.0 304.0 342.5 592.4426132728357 650.4730970609007 1.0 0.0
-512.0 552.25 305.5 342.75 596.2167098233444 649.967447984723 1.0 0.0
-515.5 551.75 305.0 340.25 598.9703124337675 648.2273654229571 1.0 0.0
-517.5 552.75 304.5 337.5 600.4387443403382 647.6413633495592 1.0 0.0
-518.5 552.25 305.0 336.0 601.5541835385079 646.4334078870736 1.0 0.0
-520.0 551.5 305.5 335.0 603.1005837735671 645.2733698651555 1.0 0.0
-521.5 552.25 305.5 333.25 604.3943249237207 645.0083276942554 1.0 0.0
-520.5 551.75 307.0 333.75 604.2925082076088 644.839658916607 1.0 0.0
-519.5 549.5 307.0 334.25 603.4312305474419 643.1750334087433 1.0 0.0
-519.0 547.5 307.5 335.25 603.2555967061387 641.9881734068219 1.0 0.0
-507.0 547.25 295.0 335.25 586.6042368191328 641.775004888961 1.0 0.0
-500.0 545.75 278.5 333.25 572.3320428157417 639.4518645834125 1.0 0.0
-499.5 543.25 277.0 333.25 571.1649859717647 637.3195094034263 1.0 0.0
-498.0 541.0 274.0 333.0 568.4013178151552 635.2716495268578 1.0 0.0
-496.5 539.0 273.0 333.0 566.6050723713734 633.5693088070254 1.0 0.0
-496.5 536.75 272.0 333.25 566.1240520323536 631.7883305824367 1.0 0.0
-496.5 535.0 271.5 334.0 565.8845021833204 630.6995398382178 1.0 0.0
-496.5 534.0 272.0 334.25 566.123933172356 629.9834183579746 1.0 0.0
-496.0 533.25 272.5 334.0 565.926062276174 629.2151627192286 1.0 0.0
-495.5 532.5 273.0 334.0 565.7289545356504 628.5795494605277 1.0 0.0
-494.0 532.0 273.5 335.0 564.6578090736393 628.6883735077072 1.0 0.0
-507.0 526.0 306.0 316.5 592.1925870799566 613.8805428555324 1.0 0.0
-499.5 528.5 305.0 317.5 585.2565676692574 616.5376579746006 1.0 0.0
-490.5 528.5 303.5 319.75 576.8038494885939 617.70102345949 1.0 0.0
-482.0 529.0 302.5 321.75 569.0610067087299 619.1641839020776 1.0 0.0
-476.0 528.75 299.5 321.5 562.3844325725953 618.8205724691472 1.0 0.0
-472.5 530.25 297.5 321.5 558.3571249904005 620.1027344440921 1.0 0.0
-471.0 532.0 297.0 322.5 556.8214964198334 622.1175759859973 1.0 0.0
-463.5 485.25 294.5 312.5 549.147499605092 577.4295742126174 1.0 0.0
-431.5 289.5 261.5 312.25 504.5541153357109 426.1125916270281 1.0 0.0
-380.41666666666663 234.5 269.9166666666667 294.0 476.33963655312635 376.06689075861664 1.0 0.0
-311.6388888888889 230.25 279.80555555555554 292.25 437.4591519572948 372.05552504127576 1.0 0.0
-242.86111111111111 228.0 289.69444444444446 292.0 398.5786673614633 370.47134727200455 1.0 0.0
-174.08333333333337 227.75 299.5833333333333 292.5 359.6981827656318 370.7105671319879 1.0 0.0
-85.52777777777777 233.25 310.55555555555554 266.5 348.7101470785568 354.80546360143546 0.0 0.0
62.3611111111111 232.0 324.77777777777777 196.5 421.3994581177517 304.0333097021582 0.0 0.0
210.25 229.5 339.0 195.5 494.08876915694646 301.4822698343681 0.0 0.0
358.13888888888886 253.25 353.22222222222223 151.5 566.7780801961413 299.31833464535345 0.0 0.0
506.02777777777777 348.20000000000005 367.44444444444446 150.60000000000002 639.4673912353362 379.7016773134262 0.0 0.0
537.5 441.79999999999995 339.5 207.39999999999998 635.861453787172 488.31522990239534 0.0 0.0
554.0 509.25 366.0 271.5 664.0137018671475 577.4587355541948 0.0 0.0
535.0 528.75 373.0 310.0 652.1945014981068 612.9551576743607 0.0 0.0
519.0 526.0 372.0 321.0 638.5498211708665 616.2126949834868 0.0 0.0
522.0 524.5 374.0 319.0 642.1764695090483 613.8912700586944 0.0 0.0
535.0 525.0 376.0 315.5 653.9128140728596 612.5086962845498 0.0 0.0
534.0 525.5 376.5 314.5 653.3836483211961 612.4230061098904 0.0 0.0
533.5 529.5 374.5 314.5 651.8228172781141 615.8575569633877 0.0 0.0
533.5 532.75 370.5 313.5 649.5325868207011 618.1476772091776 0.0 0.0
534.0 534.5 364.5 313.0 646.5420077888602 619.4023328984159 0.0 0.0
533.0 536.5 359.0 313.0 642.6274799764115 621.1292167793603 0.0 0.0
531.5 537.5 358.0 312.5 640.8254032269522 621.7416560302192 0.0 0.0
528.0 535.5 362.0 310.75 640.1790582062561 619.1340576836715 0.0 0.0
524.0 534.0 369.0 309.5 640.8880443391911 617.2087390520063 0.0 0.0
518.0 532.5 385.5 308.0 645.7129041472434 615.1600897026156 0.0 0.0
513.5 531.25 403.5 305.5 653.06593714211 612.8290151791666 0.0 0.0
508.5 531.0 423.5 302.5 661.7590164670485 611.1221399486155 0.0 0.0
507.0 531.0 442.0 300.0 672.6166382445249 609.8874532162324 0.0 0.0
508.5 530.75 452.0 297.5 680.3500949688622 608.4425816030509 0.0 0.0
507.0 530.0 442.0 294.5 672.6203668967262 606.3255301341945 0.0 0.0
520.9166666666667 531.25 380.875 290.5 645.3400558667868 605.4890106187503 0.0 0.0
508.58333333333337 522.75 362.375 307.0 624.5895975988165 606.4707943835028 0.0 0.0
496.25 522.5 343.875 324.0 603.8391393308459 614.802686850552 0.0 0.0
488.5 525.75 344.0 327.25 597.5619438494574 619.2785154042006 0.0 0.0
499.0 525.25 353.5 330.25 611.5253706288256 620.4472169931347 0.0 0.0
504.5 524.0 370.0 331.5 625.6388696542767 620.0560357230501 0.0 0.0
502.0 521.75 386.5 335.0 633.552975238164 620.038811149947 0.0 0.0
499.0 522.75 397.0 337.0 637.6601709399881 621.9621140422515 0.0 0.0
491.0 522.0 404.0 338.5 635.850708008697 622.1474780811059 0.0 0.0
489.0 521.5 405.5 339.0 635.2670127281513 621.9995383754385 0.0 0.0
486.5 523.0 399.0 339.0 629.1944592250093 623.2575886334548 0.0 0.0
483.5 524.25 394.5 341.5 624.0217146353058 625.6705177687575 0.0 0.0
494.5 543.5 392.5 342.5 631.3380212447275 642.5145663019317 0.0 0.0
497.0 530.75 387.0 340.5 629.9039751025527 630.5837222156744 0.0 0.0
487.5 531.75 380.0 338.5 618.1071149172562 630.3501159302488 0.0 0.0
469.5 533.25 372.0 336.75 599.0113819210464 630.6791415648208 0.0 0.0
457.0 532.25 365.5 336.25 585.1856124098019 629.5666452436174 0.0 0.0
449.5 560.5 367.5 333.25 580.6220939320834 652.1100246113492 0.0 0.0
441.0 559.0 359.0 326.5 568.653502985591 647.6585283054553 0.0 0.0
342.75 578.75 303.07142857142856 318.25 463.8425274139745 660.4806887998778 0.0 0.0
223.75 580.25 234.5 318.5 337.1886497268079 661.9157368862354 0.0 0.0
104.75 580.75 165.92857142857144 316.5 210.5347720396413 661.3950315240686 0.0 0.0
-66.5 580.5 175.0 314.5 196.97751583666258 660.2206245529155 0.0 0.0
-7.0 525.5 179.5 332.0 181.16979092813696 621.5902417835888 0.0 0.0
-26.5 523.75 189.5 333.75 191.77081806359453 621.0517276842561 0.0 0.0
-22.5 522.5 193.5 337.25 194.8054735824291 621.888141107582 0.0 0.0
-40.0 520.25 192.0 338.5 196.12869832922644 620.6789275376739 0.0 0.0
-101.60714285714286 520.25 196.03571428571428 339.5 238.49260754640997 621.2248636093543 0.0 0.0
-185.75 516.0 200.75 347.0 294.73308257719367 621.824068486459 0.0 0.0
-269.8928571428571 516.5 205.46428571428572 346.5 350.97355760797734 621.96119643211 0.0 0.0
-331.5 517.25 208.5 345.0 391.61797826681664 621.7511441024895 0.0 0.0
-336.5 517.25 207.0 342.25 395.0924078884809 620.2285410502213 0.0 0.0
-350.79166666666663 516.5 202.5 338.5 405.2619085594681 617.5398459965788 0.0 0.0
-419.95833333333337 515.75 220.5 334.25 474.91662029189115 614.591653715272 0.0 0.0
-489.125 515.75 238.5 329.25 544.5713320243141 611.8886745517486 0.0 0.0
-557.5 516.25 237.5 325.75 606.3042991775701 610.4330777498792 1.0 0.0
-601.0 520.75 287.5 322.75 666.2554984568674 612.667945367597 1.0 0.0
-590.5 537.5 294.5 319.0 659.864036977883 625.0347938607575 1.0 0.0
-575.0 536.25 293.0 321.75 645.3526682616188 625.3698023618715 1.0 0.0
-547.5 536.25 283.5 324.0 616.5528638222106 626.530424649641 1.0 0.0
-518.0 534.75 277.0 323.75 587.4255895825366 625.118137566004 1.0 0.0
-507.5 538.25 283.0 323.25 581.0824529234253 627.8563964159007 1.0 0.0
-505.5 539.5 276.5 324.75 576.22946720144 629.7005751999959 1.0 0.0
-506.0 505.0 273.0 327.75 574.9485420376037 602.3845594140377 1.0 0.0
-505.5 335.75 272.0 327.25 574.0333667402455 468.99389373869474 1.0 0.0
-500.0 286.15999999999997 270.0 238.2 568.2440045977003 372.44021982159586 1.0 0.0
-494.5 272.79999999999995 269.0 223.0 562.9309460315715 352.90059887616644 1.0 0.0
-492.0 259.44 277.5 207.8 564.8632501290269 333.36097793073714 1.0 0.0
-491.0 246.08 294.0 192.60000000000002 572.428071680728 313.8213569853077 1.0 0.0
-489.5 232.72 304.5 177.4 576.4841322724876 294.28173603987835 1.0 0.0
-490.0 219.36 307.0 162.2 578.2296737506742 274.742115094449 1.0 0.0
-491.5 206.0 309.5 147.0 580.8292332396331 255.2024941490196 1.0 0.0
-491.0 192.64000000000001 310.0 131.8 580.6729064545724 235.6628732035902 1.0 0.0
-492.5 179.28 309.5 116.60000000000001 581.6755968750967 216.12325225816085 1.0 0.0
-494.5 165.92000000000002 310.0 101.4 583.6353741849443 196.58363131273148 1.0 0.0
-491.0 152.56 311.5 86.2 581.4750639537348 177.04401036730212 1.0 0.0
-485.0 139.20000000000002 312.0 71.00000000000001 576.6879572177661 157.50438942187276 1.0 0.0
-482.0 125.84 305.0 55.80000000000001 570.4573464478171 137.96476847644337 1.0 0.0
-483.0 180.25 294.5 32.75 565.7026005297365 183.35786039778492 1.0 0.0
-481.5 170.75 293.5 70.0 563.9017902967132 184.71311334898118 1.0 0.0
-479.5 177.75 288.0 129.5 559.3428588281901 220.02744084663465 1.0 0.0
-476.0 197.75 286.5 143.5 555.5702624179559 244.33317576063033 1.0 0.0
-473.0 197.5 285.0 141.75 552.2272103175094 243.10388623455202 1.0 0.0
-471.5 200.25 284.0 145.5 550.4263271736259 247.528410131096 1.0 0.0
-468.5 201.25 283.0 146.0 547.3401593159413 248.6332175863928 1.0 0.0
-466.5 201.0 281.5 142.75 544.8527323965624 246.5341656926558 1.0 0.0
-466.0 199.5 280.5 142.0 543.9087431925033 244.88100362789754 1.0 0.0
-466.5 199.0 278.5 141.0 543.3092766244899 243.88934814551973 1.0 0.0
-470.0 197.5 278.0 142.0 546.0624370934863 243.24969641378175 1.0 0.0
-468.5 196.0 275.5 141.5 543.5026513636966 241.74022349585528 1.0 0.0
-469.0 194.5 272.0 142.5 542.1671805762359 241.11584205448264 1.0 0.0
-468.5 194.5 269.0 143.0 540.234871058287 241.41103105516402 1.0 0.0
-469.5 244.95833333333334 266.5 171.625 539.8634650733343 299.22889527795905 1.0 0.0
-471.5 314.79166666666663 263.5 204.125 540.1342082543223 375.51251182694216 1.0 0.0
-474.5 384.625 260.5 236.625 541.3044964705173 451.79612837592526 1.0 0.0
-477.5 438.75 260.0 285.25 543.6968890573887 523.6839608496393 1.0 0.0
-482.0 463.0 261.0 335.5 548.1290998968498 571.8111301755878 1.0 0.0
-484.0 496.25 262.0 341.25 550.363567703839 602.3189257093997 1.0 0.0
-491.0 518.25 283.5 331.75 567.018434189645 615.3813907785367 1.0 0.0
-489.0 536.5 291.5 326.5 569.2918906992842 628.0570932419214 1.0 0.0
-481.5 519.75 290.5 331.25 562.345593665844 616.333641377239 1.0 0.0
-475.0 516.5 290.5 330.0 556.7901310188606 612.9220882758627 1.0 0.0
-478.0 514.0 293.0 330.0 560.6540991225705 610.8158478625124 1.0 0.0
-483.5 497.5 298.0 328.0 567.9580589038724 595.9818462709047 1.0 0.0
-488.0 268.25 301.5 324.5 573.625646044735 422.3929029119707 1.0 0.0
-485.0 266.95833333333337 299.5 272.9583333333333 570.0221719157519 381.8025042763663 1.0 0.0
-485.0 242.23611111111111 300.0 247.56944444444446 570.2850876521211 346.36580152038067 1.0 0.0
-486.0 217.5138888888889 299.0 222.18055555555554 570.6110797373572 310.9290987643951 1.0 0.0
-351.0 192.79166666666669 309.5 196.79166666666669 468.3714260095197 275.4923960084095 0.0 0.0
-209.21428571428572 168.06944444444446 231.5 171.40277777777777 319.4712722430839 240.05569325242388 0.0 0.0
-133.5 143.34722222222223 193.5 146.01388888888889 249.48315031718144 204.6189904964383 0.0 0.0
-57.785714285714306 118.62500000000001 155.5 120.625 179.495028391279 169.1822877404527 0.0 0.0
-12.0 93.90277777777779 136.5 95.23611111111111 137.4022391089251 133.7455849844671 0.0 0.0
-20.0 69.18055555555556 160.5 69.84722222222221 161.7855305409655 98.30888222848148 0.0 0.0
-12.0 -8.5 170.0 73.0 170.4239536188636 81.61680419151953 0.0 0.0
-5.5 66.0 181.0 107.75 181.08415264756582 126.36585591795793 0.0 0.0
-5.5 60.75 186.5 98.5 186.5818322466066 115.74838288013026 0.0 0.0
-9.0 66.75 193.5 103.25 193.71176485024284 122.94767386348158 0.0 0.0
-1.0 30.75 200.0 58.5 200.0024999843752 68.49152492307316 0.0 0.0
-1.5 12.25 208.5 28.0 208.50599508661963 30.567294932911906 0.0 0.0
-1.5 8.5 218.5 24.5 218.5057286060055 25.955545760041563 0.0 0.0
1.0 6.75 226.0 19.25 226.00277036702357 20.40555641619566 0.0 0.0
-37.5 6.0 215.0 20.25 218.2468588992329 21.124140840149053 0.0 0.0
-39.0 6.25 206.5 20.75 210.1513530291407 21.67307141772406 0.0 0.0
-41.0 -8.5 194.0 5.75 198.28675950968235 18.582707793162292 0.0 0.0
69.0 -20.0 174.0 -9.25 187.37155669822545 22.09271689216024 0.0 0.0
118.0 -20.25 141.5 -10.0 184.24525983011927 22.58483461545599 0.0 0.0
119.5 -21.0 143.0 -11.0 186.3582496253971 23.707674799865163 0.0 0.0
148.5 -21.25 166.5 -12.25 223.15826096821826 24.530421662095073 0.0 0.0
143.5 -21.25 174.0 -12.5 225.53991791233807 24.654179525295824 0.0 0.0
126.5 -21.0 175.5 -12.25 216.3458178227693 24.3162794557881 0.0 0.0
122.0 -21.75 181.5 -12.75 218.69843445328428 25.213925455281107 0.0 0.0
119.5 -20.5 190.0 16.5 224.47298735314666 26.91317606587613 0.0 0.0
120.0 -16.75 198.0 20.0 231.5323820895054 26.092630687217294 0.0 0.0
131.5 -16.5 203.5 23.0 242.64161913216844 28.307860443664936 0.0 0.0
126.0 -16.375 194.25 23.75 231.56894720311166 28.85101846724161 0.0 0.0
123.5 -16.0 191.25 24.5 227.7447768991186 29.261749776799064 0.0 0.0
193.5 -14.5 163.0 24.5 258.95699426140334 28.47253348174569 0.0 0.0
251.71428571428572 -14.0 130.07142857142858 25.0 284.22940231555964 28.654139267311322 0.0 0.0
244.0 -13.0 109.5 23.5 268.84958641952585 26.859661887073816 0.0 0.0
236.28571428571428 4.5 88.92857142857142 15.0 253.469770523492 15.913838232170106 0.0 0.0
230.75 8.0 61.5 13.5 239.08947807276326 15.71110255092798 0.0 0.0
268.25 7.5 17.0 14.5 268.788235429653 16.330868674891907 0.0 0.0
124.75 7.5 79.5 16.5 148.0117286543354 18.12456896039186 0.0 0.0
121.5 6.0 81.75 17.5 146.57195331182356 18.5 0.0 0.0
131.0 5.0 84.0 17.5 155.66716333906058 18.202353773151735 0.0 0.0
135.0 3.5 83.75 19.5 158.86978797210577 19.81772444717162 0.0 0.0
132.5 2.5 93.5 20.5 162.24661059603935 20.651965176651487 0.0 0.0
128.0 -96.5 103.0 108.5 164.3020715991035 145.36520933875192 0.0 0.0
131.0 -308.5 97.75 203.5 163.62771867400437 370.2211921965811 0.0 0.0
127.25 -541.0 96.25 278.5 159.58037004283747 609.658516310245 0.0 0.0
124.75 -633.5 101.75 300.5 160.98534767708006 701.165552821501 0.0 1.0
126.25 -633.5 103.75 302.0 163.4189557173397 701.8045209685497 0.0 1.0
127.75 -653.5 108.75 299.0 167.79821939049532 718.6677685658649 0.0 1.0
130.25 -627.0 112.0 308.5 171.78735253498178 698.792450811904 0.0 1.0
126.25 -625.0 115.75 332.5 171.30389268743198 707.9449987940056 0.0 1.0
119.0 -623.5 119.5 339.5 168.71800433731033 709.9392568890241 0.0 1.0
112.25 -624.0 124.75 338.0 167.83946640764196 709.664070263545 0.0 1.0
114.0 -622.5 129.0 342.5 172.17533612801162 710.5017184399004 0.0 1.0
133.75 -622.0 173.0 337.5 220.16856836721746 707.6658975444135 0.0 1.0
167.25 -621.5 186.125 336.5 250.37146723456513 706.7492483193739 0.0 1.0
136.0 -627.5 173.5 326.0 220.45218570006227 707.1640139716419 0.0 1.0
146.5 -645.5 180.0 331.5 233.0322597407728 725.6928764346592 0.0 1.0
190.0 -609.25 199.5 334.25 275.50200748045205 695.0717017647622 0.0 1.0
208.5 -620.25 202.0 328.5 290.30571925705465 701.870633913247 0.0 1.0
238.0 -618.5 205.5 339.25 314.4565152870474 705.4619256179371 0.0 1.0
261.0 -652.5 211.5 336.5 336.30950989891585 734.1967355080521 0.0 1.0
239.3 -643.0 227.9 332.5 335.01281410948206 723.9277589404362 0.0 1.0
380.5 -667.5 233.5 335.75 455.7642714823896 747.1850945301117 0.0 1.0
521.7 -595.25 239.1 361.0 576.5157288552971 698.2457671475711 0.0 1.0
567.5 -617.25 369.0 367.75 677.0946921649834 718.5096486095977 0.0 1.0
555.0 -630.5 378.0 366.5 671.4997036172163 729.3016426210144 0.0 1.0
547.0 -628.75 369.5 367.75 660.1056072239558 728.4000941935433 0.0 1.0
538.0 -641.0 364.0 364.0 649.5702760026124 737.1410991119678 0.0 1.0
523.0 -627.25 365.0 363.0 637.772698806906 724.8425647281224 0.0 1.0
523.0 -645.0 362.0 359.0 636.0605443018173 738.1775254841779 0.0 1.0
530.0 -629.0 360.5 366.0 640.9839585133333 727.7344128179075 0.0 1.0
531.5 -639.75 360.5 361.0 642.2250403813935 734.5755225649112 0.0 1.0
524.5 -635.0 358.0 364.0 635.0309673190264 731.9500028770103 0.0 1.0
515.0 -637.5 353.0 363.5 624.3684270359701 733.8591907382547 0.0 1.0
518.5 -636.0 352.0 367.5 626.6947164660276 734.5423319469699 0.0 1.0
529.5 -639.25 348.5 361.5 633.8947211135912 734.3863350562247 0.0 1.0
536.0 -637.0 344.0 365.5 636.8941512407362 734.418163357358 0.0 1.0
533.5 -632.25 342.5 371.0 633.9783694769544 733.0628066600509 0.0 1.0
531.5 -630.0 338.5 368.0 630.1388973939497 729.6057262750994 0.0 1.0
536.0 -636.5 341.5 366.0 635.5466046053812 734.2593596648524 0.0 1.0
543.0 -613.25 342.0 374.75 641.7427809070558 718.7057939524759 0.0 1.0
537.5 -602.25 342.0 379.25 637.088610526961 711.8826120037476 0.0 1.0
527.0 -613.0 337.5 374.25 625.8088869052468 718.2145278602178 0.0 1.0
517.0 -600.75 330.5 380.75 613.6117033811956 711.2678748230373 0.0 1.0
515.5 -611.0 323.5 374.0 608.5988101135348 716.3840213395708 0.0 1.0
518.0 -615.25 320.5 371.5 609.1352270570248 718.7159213723259 0.0 1.0
514.0 -624.5 322.5 366.5 606.8011993567707 724.1092504347753 0.0 1.0
500.5 -626.5 325.0 359.75 596.7646026844138 722.452623667453 0.0 1.0
491.0 -628.5 328.0 361.0 590.4818089525829 724.7990866076204 0.0 1.0
494.0 -628.25 334.5 359.75 596.596324899904 723.9614969858867 0.0 1.0
501.0 -624.25 340.0 360.25 605.4777587269713 720.7433942560103 0.0 1.0
505.5 -623.75 349.0 360.75 614.2752283256411 720.5592793540966 0.0 1.0
505.0 -626.25 354.5 360.75 617.0052005236519 722.7246565927691 0.0 1.0
503.5 -621.25 358.0 364.25 617.8019946601513 720.1668111659752 0.0 1.0
503.0 -619.25 364.0 363.25 620.8913505311134 717.9284379749155 0.0 1.0
504.5 -619.25 366.5 363.25 623.5727605949312 717.9284379749155 0.0 1.0
506.5 -618.25 372.5 366.75 628.7305768533051 718.8496634444407 0.0 1.0
505.0 -614.0 380.5 364.0 632.302342405176 713.7874766375328 0.0 1.0
496.0 -538.75 386.5 365.75 628.8070053681018 652.6996228412327 0.0 1.0
492.0 -312.1666666666667 394.5 360.83333333333337 630.6301196683273 582.2987804503201 0.0 0.0
491.0 -113.05555555555554 402.5 352.6111111111111 634.8916052984467 572.515100262885 0.0 0.0
492.0 86.05555555555557 404.0 344.3888888888889 636.6161022131794 562.7314200754498 0.0 0.0
497.5 285.1666666666667 405.0 336.16666666666663 641.5070924340101 552.9477398880147 0.0 0.0
507.5 448.75 411.5 335.25 653.3671243386764 560.167674472816 0.0 0.0
514.0 476.0 416.0 350.25 661.2507876892278 590.974698586507 0.0 0.0
517.0 503.0 417.0 342.5 664.214741869315 608.5469163915386 0.0 0.0
509.5 508.0 415.5 344.5 657.447024990234 613.798445074576 0.0 0.0
491.5 509.25 406.5 351.5 637.8211369918756 618.7842761221162 0.0 0.0
477.5 507.75 398.0 359.5 621.619701769989 622.1352963344261 0.0 0.0
473.5 503.5 383.5 361.0 609.3231909146205 619.5437586679424 0.0 0.0
467.0 497.0 385.0 362.75 605.4287044825126 615.317465749079 0.0 0.0
476.47058823529414 505.75 395.6764705882353 353.75 620.6494806753706 617.2734920120884 0.0 0.0
491.7647058823529 509.25 385.9117647058824 338.0 627.738880936324 611.2119480427162 0.0 0.0
507.05882352941177 507.0 376.1470588235294 332.5 634.8282811972773 606.304605631791 0.0 0.0
522.3529411764705 502.75 366.38235294117646 327.0 641.9176814582307 599.738871040281 0.0 0.0
537.6470588235295 497.5 356.61764705882354 326.25 649.0070817191842 594.9368881498788 0.0 0.0
552.9411764705883 491.75 346.8529411764706 323.5 656.0964819801376 588.6185645314883 0.0 0.0
568.2352941176471 485.0 337.0882352941176 318.25 663.1858822410909 580.0931975740676 0.0 0.0
583.5294117647059 478.75 327.3235294117647 313.75 670.2752825020443 572.3994816764089 0.0 0.0
543.5 473.75 295.0 311.75 618.4044342242223 567.1218894898815 0.0 0.0
522.0 401.5 361.0 335.0 634.670404266562 524.191052015678 0.0 0.0
523.5 79.25 366.5 335.0 639.044519648691 352.04483743236204 0.0 0.0
515.0 -243.25 362.5 361.0 629.791158949067 443.8273353433911 0.0 0.0
508.0 -531.0 357.0 312.5 620.9010289855828 616.7756123099455 0.0 0.0
512.0 -644.5 349.5 340.5 619.9151013014734 730.754680332783 0.0 0.0
520.0 -540.25 350.5 338.25 627.0982195333659 637.4077944016974 0.0 1.0
515.5 -543.75 359.0 340.75 628.1898391583935 641.6966911101454 0.0 1.0
506.0 -553.0 360.5 327.0 621.2859888480159 642.4762766139684 0.0 1.0
496.0 -567.25 360.0 323.75 612.8778384358864 653.139701035394 0.0 1.0
489.5 -579.25 363.0 321.0 609.4125475009264 662.2600440271561 0.0 1.0
494.0 -590.25 363.5 318.25 613.3276220402515 670.5876844509003 0.0 1.0
504.0 -595.25 362.5 314.5 620.8241223902224 673.2267636791202 0.0 1.0
509.0 -604.5 362.5 308.0 624.8898575986836 678.444299950221 0.0 1.0
510.5 -601.0 367.5 303.5 629.0202832882636 673.286000798757 0.0 1.0
504.0 -602.75 381.0 312.75 631.8050619849989 679.0590412998515 0.0 1.0
495.0 -601.25 387.0 318.25 628.3267403301238 680.3348830971537 0.0 1.0
490.5 -600.75 396.0 321.25 630.4118829637031 681.2550452487176 0.0 1.0
488.5 -593.75 406.5 325.75 635.5132234379 677.2397725693183 0.0 1.0
494.0 -592.5 411.5 331.25 642.9372181367493 678.810378552537 0.0 1.0
495.5 -582.0 420.5 338.75 649.8776182236907 673.4782142741285 0.0 1.0
489.0 -577.25 430.0 353.25 651.1689504670637 676.7631617480093 0.0 1.0
483.5 -594.5 441.5 351.5 654.747732392919 690.640403674027 0.0 1.0
478.0 -589.25 451.5 355.75 657.522813601231 688.318010148324 0.0 1.0
458.0 -573.75 457.0 358.5 647.0031863108575 676.5507545781975 0.0 1.0
376.77631578947364 -585.5 434.8157894736842 352.75 639.4879300780474 683.6018254557086 0.0 1.0
271.14473684210526 -619.75 407.2368421052632 369.25 632.7679328197878 721.4540387550359 0.0 1.0
165.51315789473685 -604.25 379.65789473684214 375.25 626.0479355615282 711.2884852572136 0.0 1.0
59.88157894736841 -539.0 352.07894736842104 392.0 619.3279383032686 666.4742001472927 0.0 1.0
-45.75 -532.75 324.5 382.25 612.6079410450089 655.6976555266806 0.0 1.0
-151.38157894736844 -572.75 296.92105263157896 386.0 605.8879437867492 690.6854173858488 0.0 1.0
-257.0131578947369 -582.0 269.3421052631579 386.5 599.1679465284897 698.9382078287358 0.0 1.0
-362.6447368421053 -500.16666666666663 241.76315789473685 348.41666666666663 592.4479492702301 647.9740216704278 0.0 0.0
-468.2763157894737 -330.3888888888889 214.1842105263158 289.6388888888889 585.7279520119705 525.0812943585006 0.0 0.0
-583.5 -160.61111111111111 203.5 230.8611111111111 617.9727685039963 402.18856704657355 0.0 0.0
-600.0 9.166666666666629 238.5 172.08333333333331 645.6807474010427 279.2958397346465 1.0 0.0
-566.0 163.0 246.5 139.0 617.3605243039929 214.40421009651118 1.0 0.0
-537.5 197.5 243.0 189.25 589.8794814861249 273.5882595978477 1.0 0.0
-537.0 202.5 259.5 203.5 596.4139301005458 287.08622400270883 1.0 0.0
-520.0 203.5 270.0 202.25 585.9425911241872 286.9099927547918 1.0 0.0
-517.5 213.5 275.0 170.5 586.0304047363957 274.98449605985763 1.0 0.0
-508.0 216.5 271.0 151.25 575.7647566387845 264.100391550376 1.0 0.0
-496.5 219.0 276.5 151.25 568.2996586081977 266.153477114226 1.0 0.0
-498.5 219.5 296.5 153.25 580.0465335520944 267.7066733600834 1.0 0.0
-500.0 218.5 303.5 153.5 584.9036486602788 267.03027835363366 1.0 0.0
-499.5 219.5 303.0 155.0 584.2167833946573 268.7111284017347 1.0 0.0
-497.5 214.7 304.0 146.45 583.0285392134776 260.4296681254086 1.0 0.0
-495.5 199.5 306.0 122.25 582.3718519257704 236.32659192794648 1.0 0.0
-499.0 184.3 319.5 98.05 592.5605550351193 212.22351573048434 1.0 0.0
-504.0 169.10000000000002 325.5 73.85 599.9995034444232 188.1204395330222 1.0 0.0
-469.0 153.9 304.5 49.650000000000006 559.2015142548439 164.01736333556008 1.0 0.0
-435.0 173.0 279.5 51.0 517.0544681674153 180.65301189340178 0.0 0.0
-434.0 203.5 280.0 106.5 516.4847314042648 229.89026013430845 0.0 0.0
-447.5 160.0 280.5 92.5 528.1888876676292 184.99783394344053 0.0 0.0
-438.5 177.5 278.5 114.5 519.4657622420984 211.23331195687456 0.0 0.0
-437.0 199.25 277.5 137.5 517.6632592718938 242.0887650530236 0.0 0.0
-438.0 194.25 276.5 134.0 517.9736727831362 235.99037171922646 0.0 0.0
-451.5 195.75 277.0 135.0 529.7269767002481 237.79534624850209 0.0 0.0
-466.0 194.75 278.0 134.5 542.6232578870905 236.6839658427031 1.0 0.0
-468.5 194.75 278.0 136.0 544.7719802011873 237.53644537020728 1.0 0.0
-473.5 192.0 300.5 136.25 560.9183948282148 235.43194984944066 1.0 0.0
-492.5 167.25 327.5 143.25 591.4495076092948 220.21276346224596 1.0 0.0
-496.0 163.25 331.0 142.25 596.3027754421406 216.53181134662884 1.0 0.0
-496.5 162.25 333.0 142.25 597.8305174263173 215.7790320932933 1.0 0.0
-498.0 160.75 334.5 143.0 599.9118840042612 215.1518603203475 1.0 0.0
-513.0 159.75 330.0 144.0 609.9782133190847 215.07290107296444 1.0 0.0
-511.5 88.25 325.0 164.25 606.0175522846389 192.03762911548063 1.0 0.0
-510.5 -74.46875 324.0 206.53125 604.6373473298722 274.10404756194595 1.0 0.0
-510.5 -231.09375 324.0 245.90625 604.6372879669265 396.7117226639198 1.0 0.0
-508.5 -387.71875 330.0 285.28125 606.194894402782 519.3193977658937 1.0 0.0
-507.0 -544.34375 335.5 324.65625 607.9550362770779 641.9270728678673 1.0 0.0
-505.5 -583.25 340.0 331.75 609.2047456560073 670.9982667485255 1.0 1.0
-504.5 -594.75 343.0 336.75 610.0567596543784 683.4714371081634 1.0 1.0
-501.5 -599.25 343.5 330.0 607.8606582380537 684.1116299264429 1.0 1.0
-495.5 -624.75 337.5 356.5 599.5219589204505 719.312787442578 1.0 1.0
-487.5 -623.0 326.0 350.0 586.4575199870485 714.5850243164316 1.0 1.0
-476.5 -621.0 307.0 352.75 566.8387699850391 714.213616579706 1.0 1.0
-470.5 -624.25 279.5 342.0 547.2587716105011 711.8050804922495 1.0 1.0
-470.0 -618.5 236.5 348.25 527.4388116908224 709.8035113059127 0.0 1.0
-470.0 -621.5 195.0 346.5 508.846771350993 711.570587595651 1.0 1.0
-489.0 -624.25 186.5 335.5 523.5596039473838 708.6972887322474 1.0 1.0
-510.0 -624.0 183.5 334.5 542.0248977320583 708.0032345610928 1.0 1.0
-527.5 -656.25 184.0 346.75 558.6805750338411 742.2608543093286 1.0 1.0
-531.0 -620.75 196.0 331.5 566.0240562275272 703.7217244341415 1.0 1.0
-469.75 -664.5 129.75 297.0 488.9039509034436 728.4956894450679 0.0 1.0
-450.75 -632.5 54.75 306.25 455.7412349228418 702.7513874917257 0.0 1.0
-453.5 -635.75 60.5 314.25 457.5564124826907 709.2344067821714 0.0 1.0
-459.0 -637.75 79.0 315.25 465.7572940569585 711.4138888163434 0.0 1.0
-462.0 -615.5 81.0 299.5 469.0469982510539 684.5509879982084 0.0 1.0
-469.5 -474.6375 65.0 311.125 473.9781162687298 573.6565820855765 0.0 0.0
-476.0 -411.1875 60.5 293.625 479.8305567151051 535.4545841252371 0.0 0.0
-469.5 -347.7375 52.5 276.125 472.4822955316637 497.25258616489793 0.0 0.0
-493.5 -284.28749999999997 120.5 258.625 510.2959529505823 459.0505882045586 0.0 0.0
-511.0 -220.83749999999998 262.5 241.125 574.4861235432163 420.8485902442194 1.0 0.0
-511.5 -157.3875 272.0 223.625 579.3274138466958 382.64659228388007 1.0 0.0
-506.5 -93.93749999999997 275.5 206.125 576.5784360538515 344.44459432354074 1.0 0.0
-501.5 -30.487499999999983 274.5 188.625 571.7105566517182 306.2425963632015 1.0 0.0
-495.0 32.962500000000034 275.5 171.125 566.5026478314113 268.0405984028622 1.0 0.0
-492.5 96.41250000000002 277.5 153.625 565.2993529149824 229.83860044252296 1.0 0.0
-492.0 148.25 283.0 133.75 567.5852358897296 199.82213809690592 1.0 0.0
-490.5 152.0 289.5 136.0 569.5617302703905 203.96136991927327 1.0 0.0
-491.5 153.0 294.0 139.25 572.7202751067521 206.88481043277824 1.0 0.0
-493.5 187.0 298.5 149.0 576.7534715674519 239.11053723108387 1.0 0.0
-498.0 189.0 308.5 157.75 585.8132430017262 246.186313626053 1.0 0.0
-501.0 187.25 315.0 159.0 591.7999098322919 245.64974691876353 1.0 0.0
-505.5 187.75 319.0 160.25 597.7415074690791 246.8405339976939 1.0 0.0
-506.5 188.0 323.5 160.5 600.9947400478684 247.19295175009194 1.0 0.0
-506.0 186.75 346.0 161.75 612.9879669987752 247.06089815462286 1.0 0.0
-509.5 187.5 352.5 162.25 619.5534682333721 247.9542933285805 1.0 0.0
-510.5 187.75 356.0 160.75 622.3726888483529 247.16551285528908 1.0 0.0
-510.5 187.0 357.5 158.25 623.2312339382797 244.97372258949633 1.0 0.0
-510.0 287.75 363.5 231.75 626.2844800887214 369.4713634873684 1.0 0.0
-512.5 445.0 370.0 285.5 632.1060164008011 529.7327879083231 1.0 0.0
-476.0 530.0 293.0 322.25 560.400311451937 620.4522494906548 0.0 0.0
-485.5 535.75 201.0 321.0 525.4647188717956 624.5557367409638 0.0 0.0
-492.0 537.0 210.5 317.25 535.1433387991167 623.7133418827865 0.0 0.0
-500.0 540.0 213.5 314.5 543.6788315556643 624.9085672690974 0.0 0.0
-500.0 540.5 201.5 314.75 539.130129010957 625.4664120121804 0.0 0.0
-498.7857142857143 571.0 191.42857142857144 318.5 534.2627810323524 653.9277976157769 0.0 0.0
-504.5 539.25 192.0 318.25 539.806565821295 626.1728054417188 0.0 0.0
-510.2142857142857 539.5 192.57142857142856 319.5 545.3503506102375 627.0099718632547 0.0 0.0
-499.5 545.5 183.0 327.0 531.9841715748751 636.010451746499 0.0 0.0
-464.0 555.0 141.0 326.0 484.9665595119241 643.6636337587502 0.0 0.0
-496.5 546.5 159.0 322.5 521.3399510198728 634.5724005827255 0.0 0.0
-501.5 536.5 167.5 323.0 528.7375538368177 626.2282719451921 0.0 0.0
-503.5 508.5 177.0 322.0 533.7105346334031 602.0824010090746 0.0 0.0
-517.0 317.75 196.5 220.625 553.0861944830551 386.85966119417503 0.0 0.0
-524.5 254.546875 200.5 181.21875 561.522705049051 312.5962720929987 0.0 0.0
-523.5 240.609375 206.5 172.84375 562.7561938015418 296.55825701185637 0.0 0.0
-521.5 226.671875 202.5 164.46875 559.4360707392136 280.5202419307141 0.0 0.0
-519.5 212.734375 195.0 156.09375 554.8922179091492 264.4822268495718 0.0 0.0
-519.5 198.796875 182.5 147.71875 550.6245455356325 248.44421176842957 0.0 0.0
-519.0 184.859375 171.0 139.34375 546.4452448069446 232.4061966872873 0.0 0.0
-520.5 170.921875 158.5 130.96875 544.0980874667232 216.36818160614501 0.0 0.0
-519.5 156.984375 150.0 122.59375 540.722175523842 200.33016652500277 0.0 0.0
-495.0 143.046875 107.5 114.21875 506.845566072868 184.29215144386046 0.0 0.0
-485.5 129.109375 86.5 105.84375 493.1458570674964 168.2541363627182 0.0 0.0
-485.0 115.171875 87.0 97.46875 492.74247879479884 152.2161212815759 0.0 0.0
-485.0 101.234375 83.0 89.09375 492.0511488987255 136.17810620043366 0.0 0.0
-483.5 87.296875 94.5 80.71875 492.68961160002743 120.14009111929138 0.0 0.0
-511.5 73.359375 197.5 72.34375 548.4011363857603 104.10207603814911 0.0 0.0
-525.5 59.421875 224.5 63.96875 571.44635480122 88.06406095700683 0.0 0.0
-525.5 45.484375 229.0 55.59375 573.2299519077385 72.02604587586455 0.0 0.0
-531.0 34.5 231.5 56.0 579.2695831821312 65.89092746559037 0.0 0.0
-529.5 50.0 226.0 86.0 575.7141420712895 99.6081038705448 0.0 0.0
-525.8214285714286 44.0 208.5 86.5 565.8526611384343 97.0486569651506 0.0 0.0
-525.1071428571429 -35.0 190.5 93.5 559.3029536155098 147.91702698028507 0.0 0.0
-524.3928571428571 77.3125 172.5 54.0625 552.7532460925854 95.84884262611732 0.0 0.0
-523.6785714285714 75.0625 154.5 58.8125 546.2035385696609 98.63174487316564 0.0 0.0
-509.0 72.8125 120.0 63.5625 522.9547197944125 101.41464712021397 0.0 0.0
-515.5 70.5625 108.5 68.3125 526.8163271451797 104.1975493672623 0.0 0.0
-519.0 68.3125 130.0 73.0625 535.1215508147345 106.98045161431062 0.0 0.0
-522.0 66.0625 150.0 77.8125 543.1379011411086 109.76335386135896 0.0 0.0
-516.5 63.8125 152.0 82.5625 538.4133059119415 112.5462561084073 0.0 0.0
-516.5 61.5625 171.0 87.3125 544.0743100660522 115.32915835545563 0.0 0.0
-513.5 59.3125 171.5 92.0625 541.3823963410798 118.11206060250396 0.0 0.0
-488.5 57.0625 155.0 96.8125 512.5101733800311 120.89496284955229 0.0 0.0
-473.0 54.8125 125.5 101.5625 489.44561520705827 123.67786509660061 0.0 0.0
-476.5 52.5625 109.0 106.3125 488.80800160319444 126.46076734364894 0.0 0.0
-477.0 50.3125 103.5 111.0625 488.0996312229707 129.24366959069727 0.0 0.0
-479.0 48.0625 102.5 115.8125 489.8441190281121 132.0265718377456 0.0 0.0
-480.0 45.8125 105.25 120.5625 491.4038475221703 134.80947408479392 0.0 0.0
-481.25 43.5625 103.75 125.3125 492.31259467459415 137.59237633184225 0.0 0.0
-487.25 41.3125 105.5 130.0625 498.5420351728741 140.37527857889057 0.0 0.0
-479.7857142857143 39.0625 91.53571428571428 134.8125 489.74966142803544 143.1581808259389 0.0 0.0
-478.92857142857144 36.8125 51.67857142857143 139.5625 486.2916834157188 145.94108307298723 0.0 0.0
-478.07142857142856 34.5625 11.821428571428577 144.3125 482.8337054034022 148.72398532003555 0.0 0.0
-477.2142857142857 39.0 -28.035714285714278 173.0 479.37572739108566 177.47855959042488 0.0 0.0
-479.0 54.5 20.25 214.0 479.55278964052036 220.83138983657028 0.0 0.0
-467.75 57.5 20.75 219.5 468.2954183635879 226.90683576969147 0.0 0.0
-468.0 58.0 33.25 219.5 469.20619339321945 227.03410246920183 0.0 0.0
-475.5 144.5 49.0 159.0 478.0577121389937 215.6817702097194 0.0 0.0
-490.5 155.5 64.0 150.5 494.66064087236043 216.4046757115587 0.0 0.0
-513.5 155.0 120.25 149.0 528.7500462156713 215.0023260215985 0.0 0.0
-542.25 153.5 256.5 148.0 599.9547627036237 213.2281645710388 0.0 0.0
-538.25 153.5 261.75 148.0 598.521216351028 213.22846798529685 1.0 0.0
-538.75 153.5 256.25 147.0 596.5871325049379 212.53529173724286 1.0 0.0
-539.75 151.5 254.75 146.5 596.848325236494 210.7474792257312 1.0 0.0
-541.0 151.5 254.0 145.0 597.6616650051417 209.70784553356373 1.0 0.0
-540.75 150.0 252.25 143.5 596.691956077869 207.586728862902 1.0 0.0
-538.75 150.0 253.5 142.0 595.4106304596706 206.5529427439546 1.0 0.0
-537.25 151.0 254.5 139.5 594.4829280630094 205.5766261462455 1.0 0.0
-532.0 151.0 260.75 138.5 592.4870094809373 204.89814542840548 1.0 0.0
-499.1842105263158 149.5 262.9473684210526 139.0 590.8758718975955 204.13537175119848 1.0 0.0
-383.92105263157896 72.5 256.7368421052631 177.0 592.1964707175079 199.41020669729113 1.0 0.0
-268.65789473684214 -145.75 250.5263157894737 252.25 593.5170695374202 301.69900963540636 1.0 0.0
-153.3947368421053 -387.0 244.31578947368422 301.0 594.8376683573325 490.62564303514273 1.0 0.0
-38.13157894736847 -583.25 238.10526315789474 331.0 596.1582671772449 670.9757867449491 1.0 0.0
77.13157894736838 -628.75 231.89473684210526 332.75 597.4788659971573 711.5787602044073 1.0 0.0
192.39473684210526 -645.25 225.68421052631578 343.75 598.7994648170696 731.1041307301205 0.0 1.0
307.657894736842 -626.0 219.47368421052633 340.0 600.120063636982 712.3752823990054 0.0 1.0
422.9210526315789 -627.75 213.26315789473685 332.75 601.4406624568943 710.4886467158781 0.0 1.0
538.1842105263157 -619.25 207.05263157894737 344.25 602.7612612768066 708.5704230213605 0.0 1.0
695.5 -603.5 356.5 343.5 781.5918901676937 694.7046440644933 0.0 1.0
640.5 -587.0 363.0 341.5 736.2827520102321 679.1514010533186 0.0 1.0
588.5 -568.0 333.0 346.5 676.1816368194691 665.3467349488933 0.0 1.0
598.0 -567.0 354.5 344.0 695.2151812123076 663.1930844506326 0.0 1.0
564.5 -582.0 359.5 347.75 669.2720198561124 678.0173071321555 0.0 1.0
580.5 -563.5 362.0 344.25 684.1230108677241 660.3345070666064 0.0 1.0
576.0 -560.0 363.5 345.25 681.1081044885606 657.8736872076199 0.0 1.0
577.0 -565.25 365.5 341.25 683.0222751940141 660.2720137892692 0.0 1.0
574.0 -564.25 356.5 343.75 675.7011030133967 660.7141495013083 0.0 1.0
566.5 -563.0 339.0 340.0 660.1867985318087 657.7008805400985 0.0 1.0
608.5 -562.0 353.0 342.5 703.4785654569173 658.1415635752818 0.0 1.0
588.5 -568.5 346.0 347.5 682.6773852437419 666.3002776132107 0.0 1.0
570.0 -569.0 339.5 349.75 663.4462061784072 667.9217704093428 0.0 1.0
573.5 -573.75 347.5 350.25 670.5664551790504 672.2084323731265 0.0 1.0
567.5 -575.0 341.5 356.25 662.3348801144703 676.4179739741494 0.0 1.0
551.0 -575.75 335.0 360.0 644.8557802900223 679.0371162895834 0.0 1.0
542.0 -573.75 332.5 362.25 635.8618241053778 678.5382311058723 0.0 1.0
533.0 -583.75 334.5 364.25 629.2707185976617 688.1218561714876 0.0 1.0
533.0 -564.25 347.0 350.25 636.0016308303132 664.1211005356083 0.0 1.0
527.0 -563.0 353.0 350.5 634.3014344243306 663.1935887494387 0.0 1.0
528.5 -565.0 353.0 351.25 635.5485359138789 665.2849683902737 0.0 1.0
545.0 -564.0 354.0 339.5 649.8781417287901 658.2986718261122 0.0 1.0
545.0 -572.0 354.5 335.25 650.1501914662689 663.0060189606539 0.0 1.0
545.0 -580.0 365.5 334.5 656.2137456003509 669.5498515375821 0.0 1.0
539.5 -584.5 371.5 328.5 655.0362710909922 670.486808230373 0.0 1.0
535.5 -581.0 375.0 326.0 653.7475468541026 666.2109296907784 0.0 1.0
554.5 -581.75 389.5 328.5 677.6301398308551 668.0958635778474 0.0 1.0
581.0 -575.75 408.5 332.25 710.236286618758 664.7448567058043 0.0 1.0
572.0 -567.75 408.0 336.25 702.6009038928952 659.8560095446389 0.0 1.0
553.5 -562.5 407.0 340.0 687.0308030100583 657.2812096556672 0.0 1.0
536.0 -562.5 399.0 348.0 668.2070451757609 661.4522728331219 0.0 1.0
545.5 -565.5 399.5 353.25 676.144980216431 666.7652611490475 0.0 1.0
550.0 -565.5 402.5 354.25 681.5499129162092 667.2955547475091 0.0 1.0
531.5 -568.5 394.0 361.5 661.6112857480554 673.7060192082354 0.0 1.0
528.0 -630.25 391.0 367.5 657.0128037427163 729.6227611245112 0.0 1.0
539.5 -633.75 393.5 365.0 667.75936406038 731.7259715121992 0.0 1.0
544.0 -573.0 394.0 363.0 671.6934069869415 678.3053476674547 0.0 1.0
509.5 -580.5 367.0 360.5 627.9167258466695 683.3306508004483 0.0 1.0
502.0 -675.5 369.0 368.75 623.0294128043608 770.5763327476287 0.0 1.0
506.5 -587.75 370.0 345.25 627.2515592444399 681.7438408383998 0.0 1.0
520.0 -676.5 373.5 356.5 640.2360994897697 765.1595612599037 0.0 1.0
549.5 -621.75 388.0 346.25 672.6950447803015 711.7062946115786 0.0 1.0
508.0 -647.0 367.0 349.75 626.7013555798252 735.4828355029642 0.0 1.0
517.0 -619.25 374.5 345.0 638.3880312886313 708.8692347241874 0.0 1.0
550.0 -645.25 382.5 345.25 669.9324085985236 731.9650360943072 0.0 1.0
545.0 -595.25 386.0 341.75 667.8517490212282 686.3837000830564 0.0 1.0
515.5 -593.0 379.5 341.5 640.1260273640472 684.3034779978836 0.0 1.0
515.5 -587.5 383.5 343.5 642.5074690231274 680.5505662437506 0.0 1.0
531.5 -586.25 390.0 345.0 659.2362342167069 680.2313729288637 0.0 1.0
531.0 -587.0 376.0 346.75 650.6483269188923 681.7662635373894 0.0 1.0
520.5 -592.75 368.5 371.25 637.7418280037241 699.9266393926066 0.0 1.0
509.0 -599.5 357.5 391.5 622.0034615991724 716.0117865265563 0.0 1.0
508.5 -592.0 353.0 387.5 619.0169478244047 707.5495735000303 0.0 1.0
517.0 -584.0 349.5 389.0 624.0514037380658 701.6964741841883 0.0 1.0
519.0 -624.0 344.5 391.5 622.9301230095625 736.6801392251393 0.0 1.0
500.0 -628.0 341.5 387.5 605.493446421807 738.0705322198556 0.0 1.0
481.5 -679.0 339.5 384.5 589.1547682973834 781.3571590336376 0.0 0.0
487.5 -619.25 344.5 380.0 596.9394163027519 726.7561940747312 0.0 0.0
494.5 -587.0 342.5 378.5 601.5300791716886 698.4496479801235 0.0 1.0
505.5 -604.0 348.5 380.5 614.008083279374 713.8830589948593 0.0 1.0
508.5 -669.9642857142858 351.0 380.17857142857144 617.8785700227118 771.9325752381244 0.0 0.0
509.0 -737.25 347.0 375.75 616.0276699856886 829.7143381176506 0.0 0.0
520.0 -804.5357142857143 352.0 371.32142857142856 627.9453795016985 887.4961009971769 0.0 0.0
529.5 -745.75 352.0 358.5 635.8258853534841 828.3670519135724 0.0 0.0
517.5 -611.5 332.5 337.5 615.1123934331041 698.5933414122778 0.0 1.0
507.0 -568.0 317.5 344.0 598.2101516704722 664.0688222387889 0.0 1.0
500.5 -566.75 319.5 335.25 593.7902780764124 658.4870946240728 0.0 1.0
496.5 -564.75 334.0 338.0 598.3911587817805 658.1710060354239 0.0 1.0
498.5 -630.25 345.0 346.0 606.2403970675766 719.6727562427664 0.0 1.0
512.5 -584.75 370.5 344.5 632.4599232777477 678.8426304657298 0.0 0.0
544.5 -632.75 409.5 345.5 681.305456209386 721.7162425284268 0.0 1.0
610.0 -587.75 459.5 342.0 763.7020266421971 680.1230659138641 0.0 1.0
594.5 -647.0 457.5 342.5 750.1576501272989 732.2742737301343 0.0 1.0
533.5 -568.5 431.5 340.75 686.159810249312 662.7995370606166 0.0 1.0
516.5 -593.5 435.0 338.0 675.2757612578991 683.0610813154484 0.0 1.0
487.5 -642.75 421.0 339.25 644.1257336357294 726.925237625692 0.0 1.0
487.5 -631.5 422.5 339.5 645.1126401374568 717.3956919738303 0.0 0.0
483.5 -583.5 415.0 337.0 637.1831906493829 673.8268693758484 0.0 1.0
490.0 -586.75 419.0 334.5 644.7295925708268 675.4010391512279 0.0 1.0
501.0 -661.5 412.5 337.0 648.9776356686862 743.0450059062944 0.0 1.0
505.0 -593.75 412.0 333.5 651.7444161337055 681.0094855920076 0.0 1.0
506.5 -605.75 421.5 333.5 658.9419670667107 691.4893343916963 0.0 1.0
509.0 -612.75 423.0 332.25 661.8232882130878 697.0494542500817 0.0 1.0
514.0 -697.5 432.0 335.75 671.4318937468353 774.9858685403545 0.0 1.0
517.5 -606.0 437.0 344.0 677.3298393271095 696.9947187000121 0.0 1.0
521.5 -590.0 450.5 338.75 689.1392033251693 680.3406724916572 0.0 1.0
519.0 -588.25 449.0 346.5 686.2667899698824 682.7156242013768 0.0 1.0
516.5 -592.0 448.0 344.5 683.7256229044276 684.9420836969907 0.0 1.0
502.0 -587.5 430.5 347.25 661.3285743256718 682.4549760591703 0.0 1.0
501.5 -588.5 428.5 372.75 659.6330678476613 696.6255127054437 0.0 1.0
500.0 -575.0 425.5 372.75 656.5441819681051 685.3696314002798 0.0 1.0
501.0 -576.5 425.5 381.75 657.3071517734317 691.4409002390535 0.0 1.0
487.5 -574.0 414.0 380.25 639.581991243911 688.5247252563571 0.0 1.0
407.9090909090909 -574.0 400.9318181818182 384.5 594.349171723761 690.8812827830088 0.0 1.0
312.4545454545455 -572.5 398.8409090909091 386.25 552.0942884702928 690.6132834678226 0.0 1.0
217.0 -570.0 396.75 390.25 509.83940521682473 690.7930719857293 0.0 1.0
121.54545454545456 -600.0 394.6590909090909 393.0 467.58452196335656 717.2516332897001 0.0 1.0
26.090909090909093 -571.25 392.5681818181818 390.5 425.3296387098885 691.9666088966742 0.0 1.0
-43.0 -639.0 306.0 394.75 309.1594023683503 751.1158491223157 0.0 0.0
-179.5 -640.5 202.75 393.75 322.1568070829263 751.8684944330698 0.0 1.0
-364.83333333333337 -716.25 178.41666666666669 391.5 452.12544523761045 816.2657824384225 0.0 0.0
-550.1666666666667 -641.25 154.08333333333334 383.25 582.0940833922946 747.0490660293536 0.0 0.0
-633.0 -627.0 246.5 383.75 679.4294942218589 735.1552506470623 0.0 1.0
-584.5 -579.0 253.0 382.0 636.9377259452958 693.6645722290291 1.0 1.0
-503.0 -601.0 236.5 381.0 555.9160813814216 711.7108312849134 1.0 1.0
-540.5 -598.5 272.0 357.5 605.0840572473277 697.1432272975799 1.0 1.0
-541.0 -703.75 277.5 363.5 608.0193087847531 793.0723974572699 1.0 1.0
-549.0 -672.0 278.5 356.75 615.5999546373964 760.8286620641657 1.0 1.0
-548.5 -656.0 279.0 357.0 615.3854702203055 746.8510079545645 1.0 1.0
-558.5 -645.5 278.0 355.75 623.8641339336557 737.040615985877 1.0 1.0
-559.5 -625.5 274.5 356.5 623.2099919022652 720.0283127976998 1.0 1.0
-561.5 -630.75 264.5 354.5 620.6790844136237 723.5602685799911 1.0 1.0
-560.0 -617.25 249.5 350.0 613.0693095286315 709.5776296289374 1.0 1.0
-561.5 -622.25 234.0 351.5 608.3077714076576 714.6658853051923 1.0 1.0
-567.5 -633.0 224.5 353.5 610.292711371631 725.019380006081 1.0 1.0
-569.5 -628.0 232.0 348.0 614.9462134646756 717.978520170541 1.0 1.0
-591.5 -610.5 247.5 340.0 641.1933967097732 698.7924282077531 1.0 1.0
-601.5 -608.25 255.0 340.0 653.3251583981285 696.8272105664366 1.0 1.0
-593.5 -607.5 252.5 342.75 644.9891910518227 697.5197917685678 1.0 1.0
-588.0 -646.0 254.0 346.0 640.5238485596553 733.0211859966471 1.0 1.0
-573.0 -629.5 245.5 353.25 623.3842929861959 721.9871079803967 1.0 1.0
-553.0 -613.5 219.5 368.75 594.9705614980683 715.7929019261818 1.0 1.0
-545.0 -778.75 199.0 380.875 580.1948501959008 867.7342304380577 1.0 0.0
-540.5 -599.0 188.0 360.0 572.262432945075 698.8574520865816 1.0 1.0
-537.0 -598.0 183.5 360.0 567.4924119401078 698.0003373453159 1.0 1.0
-533.0 -596.5 191.0 360.5 566.2100064400372 696.9743413263127 1.0 1.0
-529.0 -597.75 208.0 362.25 568.4446854703842 698.9493850807125 1.0 1.0
-522.5 -598.75 220.0 362.25 566.9347451934775 699.8047266148631 1.0 1.0
-514.0 -598.25 230.0 364.0 563.116435601199 700.2876494336597 1.0 1.0
-507.0 -597.5 233.5 366.25 558.1858617451811 700.8177048864554 1.0 1.0
-497.0 -597.75 244.5 369.75 553.8857745831762 702.870730763987 1.0 1.0
-486.0 -694.5 256.0 355.25 549.3025117727959 781.0667537821543 1.0 1.0
-473.0 -712.0 269.5 352.75 544.3899013185817 794.6098675430567 1.0 1.0
-459.5 -672.75 284.0 350.75 540.1819022328327 758.7045543673304 1.0 1.0
-450.5 -653.25 293.0 349.25 537.4004562884004 740.7519331335303 1.0 1.0
-444.0 -643.0 296.5 348.0 533.8993897847888 731.1317000494109 1.0 1.0
-445.0 -611.0 294.0 339.0 533.3553364244268 698.7544926266633 1.0 1.0
-456.0 -607.5 287.0 340.0 538.8046504985696 696.1731861173064 1.0 1.0
-466.5 -610.5 282.5 339.0 545.3808656312665 698.3074055278632 1.0 1.0
-479.0 -613.0 281.0 340.0 555.3416104925186 700.9775046896847 1.0 1.0
-490.0 -610.0 284.0 341.0 566.3538418010271 698.8429458460392 1.0 1.0
-498.5 -608.5 289.0 341.0 576.2145908937997 697.5343043240272 1.0 1.0
-503.0 -605.75 291.5 342.75 581.3616024926473 695.9976642330647 1.0 1.0
-503.5 -604.75 293.0 343.75 582.5472626689725 695.6196042368845 1.0 1.0
-509.0 -605.5 290.5 343.75 586.0748667412174 696.2717571223274 1.0 1.0
-509.5 -609.25 283.5 344.25 583.0645059243748 699.7831992334948 1.0 1.0
-512.5 -608.0 284.0 346.5 585.928666378999 699.8046121328034 1.0 1.0
-512.0 -607.75 284.5 346.5 585.7339735016244 699.5873430025483 1.0 1.0
-511.0 -613.5 284.0 358.5 584.617019079642 710.6471858523785 1.0 1.0
-511.0 -593.5 289.5 373.75 587.3084794211642 701.7495534584152 1.0 1.0
-504.0 -606.0 297.0 360.5 585.0001586001197 705.1305814985933 1.0 1.0
-494.54999999999995 -603.5 320.15 362.25 590.2731312922609 703.8762156345757 1.0 1.0
-481.95000000000005 -600.75 350.35 363.75 596.9653001017485 702.2981133735884 1.0 1.0
-472.0 -594.5 372.0 342.75 600.9727335553279 686.4837769015139 1.0 1.0
-473.0 -500.375 396.5 243.5 617.2045432117206 532.4487210142455 1.0 0.0
-475.5 -398.4423076923077 411.5 117.73076923076923 628.8353556711103 450.00037075725106 1.0 0.0
-491.0 -302.3653846153846 415.0 110.03846153846155 642.9209288811097 401.4160809569439 1.0 0.0
-521.5 -206.28846153846155 418.5 102.34615384615384 668.6843179892702 352.83179115663665 1.0 0.0
-535.0 -110.21153846153845 397.0 94.65384615384616 666.2425925849827 304.24750135632945 1.0 0.0
-549.5 -14.134615384615358 381.5 86.96153846153847 668.9544525418037 255.66321155602225 1.0 0.0
-557.0 81.94230769230768 376.5 79.26923076923077 672.3117688055189 207.07892175571504 1.0 0.0
-551.5 150.25 354.5 88.0 655.6124724106522 174.7190378754076 1.0 0.0
-554.0 144.5 354.0 131.5 657.4575656922635 195.72844800249402 1.0 0.0
-547.0 147.0 349.0 157.0 648.8528755877519 215.08092832790737 1.0 0.0
-542.5 148.5 323.5 162.5 631.6323310358473 220.13394804091087 1.0 0.0
-534.0 147.5 292.5 165.5 608.8615666353348 221.6945948996791 1.0 0.0
-531.5 147.0 258.5 167.5 591.7408811740595 222.8594222659779 1.0 0.0
-530.0 137.0 225.5 159.0 575.97764713572 209.8832906178257 1.0 0.0
-531.5 27.0 197.0 41.5 566.8439118570337 49.696561097028635 1.0 0.0
-532.5 18.75 173.0 10.0 559.8986267725271 23.275015543244802 1.0 0.0
-533.0 13.5 156.5 10.5 555.50276454538 17.127526071351266 1.0 0.0
-534.5 10.75 163.5 6.25 559.0041013664237 12.441723295539148 1.0 0.0
-531.0 15.25 176.5 11.25 559.5926176982837 18.953817990092006 1.0 0.0
-529.0 14.5 188.0 9.25 561.4388849156796 17.217174460098825 1.0 0.0
-524.5 6.5 190.5 10.25 558.0407643364866 14.594731106589705 1.0 0.0
-512.0 -3.75 195.5 16.5 548.0764244450394 16.928482201719795 1.0 0.0
-480.5 -4.5 208.5 18.0 523.8055831730351 18.554371882126212 1.0 0.0
-425.85714285714283 -4.0 229.21428571428572 15.5 491.5130979702747 16.009532633331688 1.0 0.0
-351.0 -4.75 249.5 12.5 443.70277890759075 13.423089804804608 1.0 0.0
-276.1428571428571 -5.25 269.7857142857143 12.5 395.89245984490674 13.559706150791962 1.0 0.0
-152.0 -5.75 313.5 14.25 356.09972736389716 15.366437079258382 0.0 0.0
102.58333333333333 -5.75 196.22222222222223 16.25 233.47276157470088 17.249715374623825 0.0 0.0
192.91666666666666 -5.5 169.11111111111111 20.0 294.58433973736646 20.746300043395465 0.0 0.0
283.25 -5.25 142.0 22.5 355.6959179000321 23.109874153879304 0.0 0.0
373.5833333333333 -19.25 114.88888888888889 37.0 416.8074960626977 41.71014753932575 0.0 0.0
463.91666666666663 -23.25 87.77777777777777 43.0 477.91907422536326 48.88497281960798 0.0 0.0
592.5 -24.5 347.0 44.5 687.234189623249 50.798641347760324 0.0 0.0
646.0 -62.57142857142857 370.5 65.21428571428572 744.716080583898 93.76802461360973 0.0 0.0
536.0 -208.85714285714283 385.5 140.07142857142856 660.2480415550907 255.7392080066627 0.0 0.0
533.5 -355.1428571428571 412.0 214.92857142857144 674.0677533922462 417.7103913997157 0.0 0.0
526.5 -501.42857142857144 418.5 289.7857142857143 672.5656138516182 579.6815747927687 0.0 0.0
527.0 -541.75 430.0 327.5 680.3599305355744 633.1349995608921 0.0 1.0
529.5 -528.75 442.0 327.0 689.7499389050627 621.7459545839556 0.0 1.0
550.0 -537.25 434.0 324.75 700.6117261019988 627.7746629792067 0.0 1.0
569.5 -539.75 439.5 335.25 719.3859309164338 635.3918672420477 0.0 1.0
610.0 -639.75 450.0 332.75 758.119335137505 721.7807714864964 0.0 1.0
611.0 -648.5 469.0 332.5 770.2494453578668 728.8470114390385 0.0 1.0
651.0 -619.75 498.5 332.25 819.9506486217081 703.1956298190925 0.0 1.0
522.0 -689.0 407.0 334.5 661.9287548700656 765.933534865876 0.0 0.0
513.5 -581.5 411.5 329.0 658.0385408314845 668.1321568895136 0.0 0.0
508.0 -581.0 413.5 325.0 655.0164998247918 665.7223072852933 0.0 1.0
522.0 -582.25 427.0 323.5 674.4063567984142 666.1018027493246 0.0 1.0
518.5 -581.75 433.5 322.5 675.8463229051754 665.1689593452786 0.0 1.0
517.0 -582.5 440.0 321.75 678.889558889171 665.4543745750275 0.0 1.0
518.0 -581.5 450.5 319.25 686.4943057689961 663.3735639648467 0.0 1.0
521.0 -584.25 461.5 316.0 696.0165791652519 664.2324119362422 0.0 1.0
523.0 -587.75 470.0 317.5 703.1601159642256 668.0327117750983 0.0 1.0
518.0 -592.25 477.5 316.25 704.5076102680962 671.3979110361759 0.0 1.0
512.0 -592.5 493.0 318.0 710.7741610414897 672.4448552580612 0.0 1.0
499.0 -596.5 492.5 317.0 701.1881183586415 675.5013922313728 0.0 1.0
486.5 -578.25 491.5 319.25 691.6159735930069 660.5859008508678 0.0 1.0
494.5 -370.0 494.5 211.0 699.3286065934956 426.51493744945753 0.0 0.0
484.5 -230.45454545454544 501.0 128.02272727272728 696.9581552320169 283.33495623362916 0.0 0.0
483.0 -165.72727272727272 483.5 119.38636363636363 683.4956399952654 248.144627223976 0.0 0.0
487.5 -100.99999999999999 475.5 110.75 681.0010810979444 212.95429821432282 0.0 0.0
496.0 -36.27272727272725 483.5 102.11363636363637 692.6689138678341 177.76396920466965 0.0 0.0
499.0 28.454545454545496 481.5 93.47727272727272 693.4362396883923 142.57364019501648 0.0 0.0
501.0 57.5 472.0 89.5 688.3284145287637 107.85991527140553 0.0 0.0
502.5 47.5 470.5 127.0 688.3904401496648 135.782825779682 0.0 0.0
504.0 63.25 467.0 169.5 687.1025845908437 180.91683389944137 0.0 0.0
508.0 68.75 468.375 172.625 690.9697795161387 185.81160654822645 0.0 0.0
510.5 120.5 467.0 168.5 691.8829525919809 212.04521622292035 0.0 0.0
513.0 187.0 472.5 162.0 697.4436737325352 247.41722885478742 0.0 0.0
514.5 186.5 476.0 161.5 700.9199240661173 246.7073164703471 0.0 0.0
514.75 186.5 478.5 160.0 702.8036172201007 245.72800594873652 0.0 0.0
513.5 186.0 470.25 159.5 696.2901433949904 245.0229581080108 0.0 0.0
500.25 71.5 447.5 100.0 671.2189717113986 123.6623745209269 0.0 0.0
492.5 36.5 426.25 80.5 651.3458002660321 88.38952069748746 0.0 0.0
490.5 37.0 416.0 79.5 643.153964259096 87.69112823184535 0.0 0.0
485.5 36.5 405.0 78.0 632.2508679298389 86.11884283602237 0.0 0.0
483.5 29.5 396.5 67.0 625.2964566940348 73.21804394009658 0.0 0.0
482.25 19.0 401.25 56.5 627.3586021914969 59.60934564628526 0.0 0.0
479.25 17.0 394.75 53.5 620.8936211475881 56.13801808259922 0.0 0.0
477.25 15.0 394.0 51.5 618.8731186958677 53.64018597547364 0.0 0.0
476.25 15.0 391.0 49.5 616.1949424823597 51.72503238981244 0.0 0.0
475.0 13.5 390.75 47.0 615.0708971745927 48.90733746868502 0.0 0.0
473.25 12.0 389.75 43.5 613.0843244998962 45.12617694678489 0.0 0.0
474.0 11.5 386.25 43.0 611.4492945806758 44.515444720173875 0.0 0.0
472.0 10.5 384.5 42.0 608.78966080692 43.29277893285152 0.0 0.0
468.25 12.0 371.5 41.5 597.7704300891849 43.20278593290381 0.0 0.0
462.25 12.0 356.0 42.0 583.4586410155123 43.68065933568311 0.0 0.0
459.75 13.0 344.0 42.0 574.2323159535156 43.965895873961216 0.0 0.0
458.25 14.0 328.5 41.0 563.8479264642767 43.32435804486894 0.0 0.0
455.25 14.5 322.25 40.0 557.7666771655864 42.549629463710914 0.0 0.0
452.0 14.0 316.75 39.0 551.937973318923 41.437797038794585 0.0 0.0
455.25 13.5 322.25 38.0 557.7689711693693 40.32713752220498 0.0 0.0
467.0 13.5 340.0 37.875 577.6637668572075 40.209090268833634 0.0 0.0
469.5 14.0 344.0 39.0 582.0375538103426 41.43937095966295 0.0 0.0
472.5 45.25 348.0 22.25 586.8230440266568 58.375154341569434 0.0 0.0
477.5 150.17857142857142 357.5 38.035714285714285 596.5110999630379 156.05125570699397 0.0 0.0
476.5 247.75 368.5 78.75 602.3680724848741 260.9670666542887 0.0 0.0
478.0 345.32142857142856 388.5 119.46428571428572 615.9679067984616 365.8828776015835 0.0 0.0
482.0 452.0 404.0 205.5 628.9203390323778 497.88931725327564 0.0 0.0
484.5 507.5 416.0 277.5 638.589267743041 578.4290964099613 0.0 0.0
487.5 506.75 423.5 282.0 645.7620633614974 579.9345000976809 0.0 0.0
488.5 502.5 423.0 285.0 646.1899046508227 577.6958512806714 0.0 0.0
486.5 505.5 421.5 292.5 643.6959686062978 584.026687134022 0.0 0.0
481.5 504.5 418.5 302.5 637.9533701126254 588.2474060722164 0.0 0.0
471.5 508.5 417.0 308.0 629.4453308913672 594.5083092310427 0.0 0.0
446.5 509.0 419.5 305.0 612.6521438240586 593.3858237306845 0.0 0.0
411.5 508.75 425.5 307.0 591.9312779549886 594.2016317577534 0.0 0.0
333.4868421052631 508.0 402.4605263157895 309.0 590.1732604564604 594.5975457768345 0.0 0.0
230.80263157894734 507.5 372.4078947368421 310.0 589.2353688237032 594.6900453177268 0.0 0.0
128.11842105263156 506.25 342.35526315789474 310.5 588.297477190946 593.8851931700665 0.0 0.0
25.43421052631578 504.5 312.3026315789474 312.0 587.3595855581887 593.1815229447661 0.0 0.0
-77.25000000000003 481.75 282.25 325.25 586.4216939254314 581.7802928527492 0.0 0.0
-179.93421052631584 465.25 252.19736842105263 320.5 585.4838022926742 565.1692314006082 0.0 0.0
-282.6184210526316 514.5 222.14473684210526 309.5 584.5459106599169 600.4282901907123 0.0 0.0
-385.3026315789474 479.0 192.0921052631579 186.0 583.6080190271597 514.3477830480485 1.0 0.0
-487.98684210526324 483.5 162.0394736842105 170.0 582.6701273944025 512.5276933979843 1.0 0.0
-555.5 480.75 145.5 172.5 574.297777723491 510.7613550572372 1.0 0.0
-550.5 485.0 141.5 171.5 568.6018012695897 514.4331461270859 1.0 0.0
-558.5 484.0 150.0 172.75 578.2970431119816 513.9053661275763 1.0 0.0
-567.0 482.0 139.5 172.5 583.9106983697939 511.9377415293503 1.0 0.0
-570.0 476.0 175.0 171.0 596.273884277765 505.78380478898987 1.0 0.0
-569.0 436.5 231.0 124.75 614.2069327574254 454.8582290498701 1.0 0.0
-555.5 409.0 272.0 99.75 618.5450706797834 421.0202542666588 1.0 0.0
-540.0 404.75 311.0 105.0 623.1935229479227 418.1769457994859 1.0 0.0
-518.5 398.75 368.0 105.75 635.8194384572436 412.5353478286754 0.0 0.0
-506.5 397.0 358.0 103.5 620.2545549934575 410.2705913874942 1.0 0.0
-500.0 397.0 343.5 105.5 606.6239120233051 410.77885350919973 1.0 0.0
-496.0 397.25 322.5 107.0 591.6273766981817 411.4081249680248 1.0 0.0
-494.5 332.65625 298.5 126.46875 577.6118348347425 421.0912400913648 1.0 0.0
-496.0 99.28125 296.0 178.34375 577.6090237754787 476.8948721673423 1.0 0.0
-498.0 -134.09375 306.0 230.21875 584.501814297997 532.6985042433198 1.0 0.0
-499.5 -367.46875 329.0 282.09375 598.1292520620916 588.5021363192973 1.0 0.0
-500.5 -677.5 353.5 322.75 612.7650442690109 752.6292846818662 1.0 0.0
-501.5 -778.0 375.5 358.41666666666663 626.5064550430673 856.7519988982647 1.0 0.0
-501.5 -684.0 367.0 346.08333333333337 621.4541299601444 766.7510380057133 1.0 0.0
-500.5 -668.5 343.5 344.75 607.0360946460869 752.1602136444649 1.0 1.0
-500.0 -667.0 339.5 318.75 604.3676628761068 739.3368017618387 1.0 1.0
-501.5 -669.5 340.5 304.0 606.1707361822696 735.2904315817552 1.0 1.0
-507.5 -663.5 352.5 302.0 617.9100463970897 728.9972129412306 1.0 1.0
-517.5 -669.5 360.0 307.5 630.4016700526058 736.7876286634664 1.0 1.0
-525.0 -671.75 363.5 306.5 638.5591076859946 738.370248997288 1.0 1.0
-520.0 -671.5 397.5 304.5 654.5497520173053 737.3158845852852 1.0 1.0
-513.0 -667.0 395.5 308.0 647.7571489649794 734.6810852243525 1.0 1.0
-502.5 -669.0 388.0 312.5 634.8625328310052 738.388798523197 1.0 1.0
-488.5 -664.0 372.0 316.0 614.0165317390795 735.3605279625649 1.0 1.0
-476.0 -664.5 354.5 308.75 593.5034996732657 732.7459285764685 1.0 1.0
-471.0 -669.0 335.5 310.0 578.2748629933224 737.3381398615933 1.0 1.0
-473.0 -672.0 317.5 313.0 569.6799703577933 741.3232950486448 1.0 1.0
-480.5 -669.0 308.5 318.25 571.0100699637442 740.8428322656198 1.0 1.0
-488.5 -671.5 313.5 321.25 580.4435175552009 744.3887720283903 1.0 1.0
-496.5 -671.0 339.5 323.25 601.4835192160508 744.8087267078436 1.0 1.0
-504.0 -662.0 381.0 329.25 631.8068515893335 739.372386934528 1.0 1.0
-512.5 -654.25 414.0 337.75 658.8349410010803 736.2869315466721 1.0 1.0
-515.0 -673.0 445.0 334.0 680.630347710274 751.3539506443594 1.0 1.0
-511.5 -675.75 449.5 329.5 680.9430816471365 751.804357631952 1.0 1.0
-511.0 -703.0 435.0 329.0 671.0787355207509 776.188419832949 1.0 1.0
-509.5 -667.0 400.0 335.5 647.7855025401429 746.6274107528407 1.0 1.0
-511.5 -656.0 354.5 339.5 622.3370032113382 738.6558548690623 1.0 1.0
-522.5 -652.75 332.25 344.25 619.711007538536 737.9683237487861 1.0 1.0
-537.0 -648.75 311.5 342.75 620.8069384257982 733.7264146099387 1.0 1.0
-556.0 -638.25 319.0 346.75 641.0131569580815 726.363722094639 1.0 1.0
-562.5 -634.75 348.0 351.25 661.4668438867959 725.4571497067484 1.0 1.0
-558.0 -630.5 392.5 352.0 682.2226656024962 722.1044139528458 1.0 1.0
-539.5 -631.5 440.0 351.25 696.1863962292041 722.6149125415589 1.0 1.0
-503.5 -637.5 469.5 349.5 688.4404211789165 727.0218848105837 1.0 1.0
-456.0 -653.0 460.0 345.75 647.7168939584387 738.8872542791494 1.0 1.0
-410.0 -655.25 410.5 345.25 580.1993940688235 740.64191806841 1.0 1.0
-375.5 -651.5 343.5 347.5 508.9271234163749 738.3825035079606 1.0 1.0
-366.5 -649.0 298.0 347.5 472.4269690940653 736.1774960590624 1.0 1.0
-400.5 -647.0 307.5 347.25 505.05613259362224 734.2966449341382 1.0 1.0
-468.45000000000005 -647.25 291.85 345.0 554.6867352083475 733.462039639143 1.0 1.0
-551.05 -663.0 283.65 349.0 622.2290367831571 749.2580173980921 1.0 1.0
-609.9642857142858 -658.5 266.07142857142856 348.5 666.4278129639265 745.0411197134182 0.0 1.0
-597.8214285714287 -655.0 220.35714285714286 348.5 640.5960129625756 741.9421002650733 0.0 1.0
-585.6785714285713 -656.5 174.64285714285714 347.0 614.7642129612248 742.564007067604 0.0 1.0
-573.5357142857142 -695.0 128.92857142857144 351.25 588.9324129598739 778.8325171176534 0.0 1.0
-580.5 -643.5 213.0 347.75 620.6460231977651 731.452196211678 0.0 1.0
-525.0 -640.75 321.0 349.5 615.4925821218644 729.8706218241086 0.0 1.0
-509.5 -639.0 359.0 349.0 623.306630670183 728.0948134962237 1.0 1.0
-510.0 -638.25 401.5 349.0 649.1100794097937 727.4366480223669 1.0 1.0
-518.5 -637.0 393.5 349.75 650.920251831616 726.7008280749831 1.0 1.0
-518.5 -636.5 367.5 349.75 635.5331543287562 726.262564758985 1.0 1.0
-513.5 -642.1875 352.5 349.421875 622.8525294515666 731.0970131422444 1.0 1.0
-511.0 -642.9375 356.0 351.109375 622.7823251550974 732.5687138461881 1.0 0.0
-515.5 -643.6875 377.5 352.796875 638.9420852768599 734.0404145501318 1.0 0.0
-524.5 -644.4375 393.5 354.484375 655.7007697107988 735.5121152540753 1.0 0.0
-528.5 -645.1875 390.5 356.171875 657.1209241797874 736.983815958019 1.0 0.0
-521.0 -645.9375 369.0 357.859375 638.4374005761097 738.4555166619627 1.0 0.0
-497.5 -646.6875 336.5 359.546875 600.619148299219 739.9272173659065 1.0 0.0
-478.5 -647.4375 310.0 361.234375 570.1738665493472 741.39891806985 1.0 0.0
-459.75 -642.0 313.75 371.0 556.9500787763345 741.5607613430118 1.0 1.0
-458.0 -637.75 335.5 378.75 567.7377049574859 741.7391000161106 0.0 1.0
-520.0 -636.5 380.0 378.0 644.0661996489556 740.2813726751785 1.0 1.0
-528.0 -635.25 381.0 378.25 651.1106464352908 739.3346018737902 1.0 1.0
-521.5 -636.0 365.0 377.5 636.6173065550604 739.5960045862877 1.0 1.0
-513.5 -634.75 341.5 378.0 616.708553795529 738.7771338580112 1.0 1.0
-507.5 -644.25 324.0 376.75 602.1065876414167 746.3405901225399 1.0 1.0
-502.5 -637.0 331.0 377.0 601.7202547883824 740.2013239653115 1.0 1.0
-499.5 -636.5 330.0 377.0 598.6664196621938 739.771920049038 1.0 1.0
-497.0 -635.5 331.5 378.0 597.4539734194318 739.4216086469495 1.0 1.0
-488.5 -634.75 336.0 377.25 592.8989021797161 738.3936906550689 1.0 1.0
-490.5 -637.5 339.0 378.25 596.254888041216 741.2735849727742 1.0 1.0
-504.0 -629.75 343.5 378.75 609.9450918346672 734.8719226563999 1.0 1.0
-523.0 -630.25 333.5 378.25 620.2833447152195 735.0430209545025 1.0 1.0
-520.25 -632.25 319.25 378.0 610.4804264988052 736.6303079685586 1.0 1.0
-519.0 -630.25 308.5 377.5 603.7686102917937 734.657486995027 1.0 1.0
-522.0 -631.0 316.0 377.0 610.1978784752912 735.0442610926004 1.0 1.0
-532.5 -632.5 317.5 377.0 619.9706167752215 736.3322959099377 1.0 1.0
-543.5 -634.5 311.0 376.0 626.1895453667638 737.5408530371933 1.0 1.0
-546.0 -639.0 300.5 374.5 623.2319751356697 740.6592299176918 1.0 1.0
-541.5 -646.75 289.5 374.25 614.03854599123 747.2279038438273 1.0 1.0
-544.0 -641.6428571428571 287.5 367.9642857142857 615.2988486480594 739.6883552992138 1.0 1.0
-548.0 -644.2142857142858 295.5 361.82142857142856 622.5947728599435 738.9519555978791 1.0 0.0
-550.5 -646.7857142857142 306.5 355.67857142857144 630.0749855567549 738.2155558965446 1.0 0.0
-545.0 -649.3571428571429 312.0 349.5357142857143 627.992485432657 737.47915619521 1.0 0.0
-538.5 -651.25 317.0 344.25 624.8870602396771 736.6376895958647 1.0 1.0
-530.5 -655.25 331.5 341.25 625.5583259599325 738.7949791201966 1.0 1.0
-517.5 -654.5 340.5 339.5 619.4731467869026 737.3138496299166 1.0 1.0
-493.0 -653.0 353.0 332.5 606.3481288094289 732.7824155951732 1.0 1.0
-455.72727272727275 -656.25 353.4318181818182 332.0 580.7110527136674 735.4509332623508 1.0 1.0
-407.3636363636364 -656.0 355.3409090909091 332.5 548.3886020280709 735.4565014281889 1.0 1.0
-359.0 -554.0 357.25 321.5 516.0661513424743 640.8307093862038 1.0 0.0
-310.6363636363636 -388.70833333333337 359.1590909090909 195.10416666666669 483.7437006568778 444.7564428323818 1.0 0.0
-262.27272727272725 -333.54166666666663 361.0681818181818 195.52083333333331 451.42124997128127 434.78808337220744 1.0 0.0
-200.66666666666669 -278.375 352.72222222222223 195.9375 419.8978828281953 424.81972391203306 1.0 0.0
-99.33333333333334 -223.20833333333334 313.6111111111111 196.35416666666669 390.77176631264086 414.8513644518587 0.0 0.0
1.9999999999999858 -168.04166666666669 274.5 196.77083333333331 361.64564979708643 404.8830049916843 0.0 0.0
103.33333333333331 -112.87500000000003 235.38888888888886 197.1875 332.519533281532 394.9146455315099 0.0 0.0
204.66666666666666 -57.70833333333334 196.27777777777777 197.60416666666669 303.3934167659776 384.9462860713356 0.0 0.0
175.0 -2.5416666666666856 155.5 198.02083333333331 234.10539873780522 374.97792661116125 0.0 0.0
150.0 52.62499999999997 144.0 198.4375 207.93388322214957 365.00956715098687 0.0 0.0
171.5 107.79166666666663 137.0 198.85416666666669 219.50677733823971 355.0412076908125 0.0 0.0
162.5 162.95833333333331 140.0 199.27083333333331 215.462548094167 345.0728482306381 0.0 0.0
40.5 218.12499999999994 135.5 199.6875 141.47148828877704 335.1044887704637 0.0 0.0
21.0 252.75 132.0 177.75 133.74550436332083 309.3272103724412 0.0 0.0
22.5 226.5 134.0 152.5 135.87588768907756 273.07389907269123 0.0 0.0
46.25 187.25 125.25 139.25 135.8621368417766 233.35429329711155 0.0 0.0
67.0 191.0 119.5 147.5 137.05470192167672 241.32396922620688 0.0 0.0
126.5 190.5 100.5 148.5 169.58877718212426 241.54224372862438 0.0 0.0
213.5 191.0 75.5 150.0 226.49628226705823 242.86023834696647 0.0 0.0
239.5 190.5 69.5 151.0 249.39178939200866 243.08691861143 0.0 0.0
257.0 157.5 69.0 131.5 266.15222166773594 205.2531939667034 0.0 0.0
274.0 29.5 72.0 60.5 283.3651112453165 67.4711453193136 0.0 0.0
335.0 17.0 70.0 38.5 342.23529917295207 42.08648339467087 0.0 0.0
365.8571428571429 16.5 78.35714285714286 30.5 374.16602568135113 34.67789800342287 0.0 0.0
407.0 14.25 89.5 27.0 416.74032769254995 30.530688085660962 0.0 0.0
448.14285714285717 12.0 100.64285714285714 18.75 459.3146297037487 22.3562453599297 0.0 0.0
476.5 12.25 112.5 15.5 489.6165304876452 19.770799399175278 0.0 0.0
683.5 11.0 288.5 9.0 741.9433926743704 14.536188250648236 0.0 0.0
929.0 7.3125 469.0 -2.6875 1041.179725003456 12.06505498327429 0.0 0.0
649.5 -1.4375 339.0 4.5625 732.6967252436543 18.27768283311417 0.0 0.0
633.0 -10.1875 384.0 11.8125 740.446812115498 24.490310682954053 0.0 0.0
572.0 -18.9375 369.0 19.0625 680.6945284919591 30.702938532793933 0.0 0.0
529.5 -9.25 356.0 27.25 638.0493323002561 33.084126510836285 0.0 0.0
565.5 -10.0 400.0 8.5 692.6739211420503 13.287225368543353 0.0 0.0
558.5 -15.5 405.0 19.0 689.9115964028135 24.527798487149838 0.0 0.0
534.0 -9.5 401.5 26.0 668.1072641485355 27.685204769381723 0.0 0.0
505.5 -9.0 399.0 29.0 643.9967904695762 30.36590093321857 0.0 0.0
517.0 -8.5 412.0 32.5 661.0893924807483 33.60426158814195 0.0 0.0
537.5 -8.0 418.0 36.75 680.9040299822648 37.61920829881766 0.0 0.0
536.5 -4.5 414.5 41.75 677.9721250108219 42.0192491441598 0.0 0.0
514.0 -3.0 417.5 43.25 662.1970774714504 43.354007750025986 0.0 0.0
483.5 -3.0 401.0 44.5 628.152112811785 44.60100895719737 0.0 0.0
480.0 -3.0 394.0 44.5 621.0004552662758 44.60105970247156 0.0 0.0
489.5 -3.0 389.5 45.75 625.5562300241523 45.84825806508083 0.0 0.0
492.5 -4.5 398.5 47.5 633.5321226790951 47.71480985416882 0.0 0.0
485.0 -6.25 404.0 48.5 631.2224679399092 48.901394423461184 0.0 0.0
487.0 -7.75 408.0 50.75 635.3321220919211 51.33851319912263 0.0 0.0
511.5 -9.0 423.5 52.0 664.066956502352 52.773168103960984 0.0 0.0
503.0 -4.0 425.5 81.0 658.8321394975196 81.12778820210173 0.0 0.0
507.5 -3.25 432.5 84.5 666.7927059075577 84.5628459057626 0.0 0.0
523.0 -3.75 440.0 84.5 683.4683900369903 84.58353786140194 0.0 0.0
532.5 -4.0 448.5 84.75 696.2101002135091 84.8443435882312 0.0 0.0
531.5 -3.75 456.0 85.0 700.3061287673586 85.08304695172495 0.0 0.0
528.0 -3.75 461.0 87.0 700.934316255963 87.08102682299594 0.0 0.0
513.0 -3.75 465.5 92.0 692.7194223475711 92.0797851575218 0.0 0.0
507.5 -4.25 476.0 93.25 695.7964411720757 93.34730340018766 0.0 0.0
488.5 -3.75 486.0 96.25 689.2153694691629 96.32342835814725 0.0 0.0
333.0 -3.5 545.5 100.0 639.7488014656421 100.06123736804014 0.0 0.0
298.0 -3.5 551.0 103.5 626.4228738581742 103.55916321392206 0.0 0.0
298.0 -18.5 563.0 101.0 637.0099113251681 103.81324416582606 0.0 0.0
293.5 -36.0 570.0 99.75 641.1257689268132 106.04767339246233 0.0 0.0
279.5 -37.75 552.5 100.5 619.1790670535519 107.35626331119022 0.0 0.0
269.0 -38.25 546.0 100.75 608.6714675199928 107.76662758990898 0.0 0.0
263.0 -38.5 543.5 101.0 603.7922591831841 108.08908363012428 0.0 0.0
260.5 -39.0 540.5 101.0 600.0044028831987 108.26919026943204 0.0 0.0
253.5 -39.5 529.0 100.5 586.6089165703404 107.98394997513 0.0 0.0
102.0 -39.5 508.0 100.5 519.4375647776362 107.98394997513 0.0 0.0
19.0 -39.5 481.5 101.5 481.877504527024 108.91525550896384 0.0 0.0
21.5 -40.25 477.5 102.0 477.983788452353 109.65453287073039 0.0 0.0
24.0 -40.25 473.5 102.5 474.130364071675 110.11954864890748 0.0 0.0
53.6 -40.5 418.3 104.0 421.7255758392839 111.60757142774858 0.0 0.0
58.0 -38.75 429.5 105.75 433.41326607964027 112.62604291749439 0.0 0.0
62.4 -38.75 440.7 106.75 445.1009563199967 113.56596141486858 0.0 0.0
7.5 -38.0 577.0 107.0 577.0697312884552 113.54832451776801 0.0 0.0
0.0 -37.5 570.5 106.0 570.5019719646501 112.43776056112112 0.0 0.0
-4.5 -37.75 570.5 105.25 570.5177473274197 111.81620485647878 0.0 0.0
-9.5 -38.25 567.5 104.5 567.5797084628716 111.28058058703883 0.0 0.0
-23.5 -38.0 533.5 104.0 534.1601326783899 110.72528540684692 0.0 0.0
-38.5 -37.5 401.5 103.0 403.34518232465985 109.614229278084 0.0 0.0
-41.0 -37.5 394.0 101.5 396.12850707038956 108.20582239417618 0.0 0.0
-39.5 -38.5 389.0 101.0 391.0014601529673 108.08923035163382 0.0 0.0
-37.0 -38.75 387.5 100.25 389.26384091803243 107.47897253111196 0.0 0.0
-34.0 -39.0 386.0 100.0 387.4994146204605 107.33592129385204 0.0 0.0
-31.5 -38.25 383.5 101.25 384.79456724456895 108.23700396680208 0.0 0.0
-31.5 -39.0 382.0 100.0 383.29688012236795 107.33629743380124 0.0 0.0
-30.5 -38.5 380.5 101.25 381.7204474481292 108.32276028251002 0.0 0.0
-82.0 -38.5 302.0 101.25 313.2110847276376 108.32276028251002 0.0 0.0
-89.0 -39.5 271.5 101.25 285.71550885477336 108.68220073134981 0.0 0.0
-89.5 -39.0 262.0 100.75 276.86507990017276 108.03566033855583 0.0 0.0
-83.5 -38.5 249.5 101.0 263.15330175735505 108.08923035163382 0.0 0.0
-75.16666666666667 -38.5 236.91666666666669 101.75 248.57092093771348 108.79054623547624 0.0 0.0
-73.38888888888889 -38.0 226.1388888888889 102.25 237.77796415322572 109.08349148045397 0.0 0.0
-71.61111111111111 -38.5 215.3611111111111 103.5 226.98500736873797 110.42871003502668 0.0 0.0
-69.83333333333333 -38.0 204.58333333333331 104.5 216.1920505842502 111.19564201640776 0.0 0.0
-70.5 -37.5 208.0 105.25 219.63034757241005 111.73101422791504 0.0 0.0
-76.0 -38.0 213.0 106.0 226.15350595706298 112.6064897351207 0.0 0.0
-82.5 -38.375 217.5 105.75 232.6209362890624 112.49758333163582 0.0 0.0
-87.75 -38.0 218.0 105.0 235.04467762099168 111.66467659918244 0.0 0.0
-95.5 -37.5 224.25 105.0 243.81111700318775 111.4955156048888 0.0 0.0
-223.0 -36.5 197.5 106.0 298.21677993455074 112.10820665767515 0.0 0.0
-262.0 -36.5 213.5 105.5 338.00596156712237 111.63568750921155 0.0 0.0
-276.5 -36.0 226.75 106.0 357.59519630173145 111.94741688242821 0.0 0.0
-266.75 -36.0 222.0 106.0 347.05147505244815 111.94741688242821 0.0 0.0
-261.5 -36.5 218.25 107.5 340.61525437393436 113.52752970094964 0.0 0.0
-238.0 -15.5 208.25 106.5 316.25113268829296 109.20578568967701 0.0 0.0
-170.0 4.0 182.0 101.5 249.05520427526545 101.58021725592897 0.0 0.0
-164.5 5.0 177.25 100.5 241.8225162730418 100.62554040971155 0.0 0.0
-156.25 3.5 181.75 102.0 239.78266257837242 102.06003135410062 0.0 0.0
-148.25 3.5 192.5 100.5 242.98187578643282 100.56092831139982 0.0 0.0
-141.75 4.5 203.25 99.0 247.9189567528632 99.10222255568749 0.0 0.0
-130.25 5.5 219.75 99.0 255.61820044145995 99.1526600752597 0.0 0.0
-113.25 20.0 241.25 95.5 266.7644134208241 98.4551512291141 0.0 0.0
-93.25 35.0 257.25 92.5 273.9184778688496 98.90130783157451 0.0 0.0
-73.5 36.0 270.5 95.5 280.4955432131588 102.06110373403496 0.0 0.0
-54.75 37.0 279.5 95.5 285.0602512503501 102.41810080270258 0.0 0.0
34.29545454545455 37.5 233.88636363636363 96.5 246.59400395933244 103.53018883398214 0.0 0.0
123.47727272727273 37.5 251.4318181818182 97.5 313.71597438810375 104.46306628248 0.0 0.0
212.65909090909093 38.0 268.97727272727275 98.0 380.837944816875 105.11050054606987 0.0 0.0
301.8409090909091 38.5 286.52272727272725 97.5 447.95991524564624 104.8260463816126 0.0 0.0
391.0227272727273 44.0 304.06818181818187 99.0 515.0818856744175 108.33743581975716 0.0 0.0
480.2045454545455 44.5 321.6136363636364 99.0 582.2038561031889 108.54166030590275 0.0 0.0
699.625 45.5 431.125 97.5 821.79687672165 107.59414482210452 0.0 0.0
767.0 46.25 474.0 98.25 901.6631443591755 108.5917504280061 0.0 0.0
746.5 46.5 474.5 98.0 884.5489416492342 108.47255847715314 0.0 0.0
714.5 47.0 451.5 98.5 845.2080574070465 109.13960617970392 0.0 0.0
690.5 47.5 431.0 98.5 813.9738532525656 109.35492672943457 0.0 0.0
687.0 47.75 448.0 98.75 820.167036007805 109.68882582739403 0.0 0.0
678.5 23.25 446.5 92.0 812.2432286177852 97.13020114894222 0.0 0.0
670.6428571428571 -4.75 443.92857142857144 84.125 804.2663331999662 85.03036895338622 0.0 0.0
675.5 -11.75 444.5 81.625 808.6378820458556 83.73558958978172 0.0 0.0
680.3571428571429 -18.75 445.07142857142856 79.125 813.009430891745 82.44081022617723 0.0 0.0
664.0 -25.75 441.5 76.625 797.4197358456697 81.14603086257276 0.0 0.0
652.0 -44.25 414.5 79.5 773.2580282000695 90.98874759963141 0.0 0.0
656.5 -39.0 440.5 82.5 790.5971073660824 91.25637880282986 0.0 0.0
662.0 -38.75 438.0 89.5 793.7866278655629 97.52856513985142 0.0 0.0
670.5 -39.0 440.5 91.25 802.2591187686367 99.23502270523318 0.0 0.0
661.5 -35.0 431.0 94.0 789.52263720565 100.3678755879258 0.0 0.0
642.5 -32.5 414.5 97.25 764.6023960506425 102.5369142259321 0.0 0.0
636.0 -33.5 401.5 98.0 752.1302140177169 103.56761076707332 0.0 0.0
639.5 -34.0 393.5 100.25 750.8802796782375 105.85942149162352 0.0 0.0
635.5 -34.0 384.0 100.75 742.5101068889221 106.33305032051501 0.0 0.0
624.5 -34.5 375.5 100.25 728.7002560005519 106.02037124171895 0.0 0.0
607.5 -35.0 377.5 100.75 715.2407218964917 106.65699608871341 0.0 0.0
605.0 -35.0 381.0 100.25 714.974243687878 106.18481215303842 0.0 0.0
613.5 -34.5 385.5 101.0 724.5720936581787 106.72992140228007 0.0 0.0
610.5 -34.0 391.0 100.5 724.9870775312999 106.09653305309486 0.0 0.0
598.0 -33.5 395.0 100.5 716.6817847800284 105.9363016156407 0.0 0.0
585.0 -32.5 397.5 100.25 707.2706063378761 105.3865192707472 0.0 0.0
586.5 -32.5 400.0 100.25 709.9178787695447 105.3865192707472 0.0 0.0
592.0 -32.0 404.5 100.75 717.0015049458141 105.71056329524905 0.0 0.0
590.0 -32.25 404.5 100.75 715.3471021600609 105.7858743244971 0.0 0.0
583.0 -30.75 404.5 100.5 709.5843325783524 105.09933229947741 0.0 0.0
576.5 -30.0 404.0 99.25 703.9661050333482 103.6857153365287 0.0 0.0
577.0 -30.25 404.5 99.75 704.6625091364219 104.23604360074492 0.0 0.0
579.0 -30.0 406.5 100.5 707.4484185181091 104.88207663848004 0.0 0.0
581.0 -30.25 408.0 99.75 709.9472229540867 104.23604360074492 0.0 0.0
580.0 -30.5 411.5 100.5 711.1486597706244 105.02628758565149 0.0 0.0
577.5 -30.5 413.0 100.25 709.9825796600592 104.78701157593804 0.0 0.0
577.0 -30.0 416.0 100.25 711.326248726986 104.64333914472742 0.0 0.0
577.0 -30.0 419.0 78.0 713.0849082086236 83.7810000860367 0.0 0.0
577.5 -28.0 420.5 23.0 714.3714104547607 36.47716324387358 0.0 0.0
578.5 -28.0 421.0 14.5 715.474151954302 31.53893141698451 0.0 0.0
580.0 -28.5 423.5 13.0 718.1589391437745 31.32491021535417 0.0 0.0
580.5 -28.0 423.5 12.25 718.5628621349281 30.566313668465966 0.0 0.0
582.0 -27.25 426.0 11.75 721.2489168102785 29.677145263483037 0.0 0.0
581.0 -26.0 426.0 11.0 720.4422859674332 28.231188426986208 0.0 0.0
581.5 -27.5 428.0 11.0 722.0292584099345 29.618988693604578 0.0 0.0
582.5 -28.0 431.5 12.0 724.9127533710522 30.463092423455635 0.0 0.0
582.5 -27.25 433.5 11.75 726.1050199523482 29.675403037382107 0.0 0.0
581.0 -27.0 434.0 10.75 725.2016889996544 29.06139603335911 0.0 0.0
580.0 -27.75 434.0 11.0 724.4004417447576 29.850812176111212 0.0 0.0
578.0 -28.25 432.0 10.0 721.6009977820153 29.96780705785746 0.0 0.0
578.0 -28.25 433.0 9.5 722.2001107726306 29.807179480391696 0.0 0.0
559.0 -27.75 413.0 8.0 695.0198468922097 28.88022327018072 0.0 0.0
558.0 -27.25 413.5 7.5 694.5116351652802 28.266329172601036 0.0 0.0
557.0 -28.0 420.0 6.5 697.6024364781861 28.748690752938167 0.0 0.0
556.5 -28.75 432.0 4.75 704.4971611014483 29.142085964704666 0.0 0.0
556.0 -29.75 448.0 4.25 714.0311577799419 30.053369261798334 0.0 0.0
558.9722222222222 -30.25 442.55555555555554 4.25 713.3120907749667 30.547835959889554 0.0 0.0
562.2685185185185 -31.5 435.96296296296293 4.5 712.2524988325124 31.81980515339464 0.0 0.0
565.5648148148148 -31.0 429.3703703703704 5.0 711.192906890058 31.405869794009057 0.0 0.0
568.8611111111111 -30.75 422.77777777777777 6.25 710.1333149476036 31.38011953335962 0.0 0.0
572.1574074074074 -31.25 416.1851851851852 5.5 709.0737230051493 31.734831837664004 0.0 0.0
575.4537037037037 -32.5 409.5925925925926 5.0 708.014131062695 32.88271798825701 0.0 0.0
578.75 -33.5 403.0 5.25 706.9545391202406 33.90978475120791 0.0 0.0
582.0462962962963 -33.25 396.4074074074074 5.75 705.8949471777862 33.74475502801638 0.0 0.0
585.3425925925926 -32.75 389.8148148148148 5.5 704.8353552353319 33.211692878705804 0.0 0.0
588.6388888888889 -32.75 383.22222222222223 5.25 703.7757632928776 33.168780005777485 0.0 0.0
591.9351851851852 -33.25 376.6296296296296 5.75 702.7161713504232 33.74413303356174 0.0 0.0
595.2314814814815 -33.5 370.03703703703707 5.5 701.6565794079688 33.95207562968159 0.0 0.0
598.5277777777778 -33.5 363.44444444444446 5.0 700.5969874655145 33.8710791088799 0.0 0.0
598.5 -33.25 362.0 4.75 699.4745474872874 33.588242037820834 0.0 0.0
601.0 -32.75 347.0 3.75 694.0051971477244 32.96515783607806 0.0 0.0
612.5 -33.0 351.5 3.5 706.2582765462985 33.18964438887508 0.0 0.0
627.0 -33.0 354.5 4.0 720.3225302676547 33.24159473787029 0.0 0.0
640.5 -34.0 357.0 4.0 733.3410916325433 34.2345353946496 0.0 0.0
647.0 -34.25 361.5 4.0 741.1882562818959 34.482797755435946 0.0 0.0
646.5 -33.25 367.5 3.5 743.6919599558081 33.43632668899128 0.0 0.0
632.0 -33.75 387.5 2.5 741.3602700968646 33.84641642476854 0.0 0.0
609.0 -34.25 408.0 2.0 733.06717048887 34.30834756155387 0.0 0.0
581.0 -32.25 433.0 0.5 724.6250186923917 32.25724485542232 0.0 0.0
558.0 -29.192307692307693 457.5 -1.3846153846153846 721.5931085290388 29.53179733178604 0.0 0.0
542.0 -28.115384615384613 481.5 -3.230769230769231 724.9916413357125 28.907527107500762 0.0 0.0
532.5 -27.03846153846154 501.5 -5.076923076923077 731.4770320137459 28.283256883215486 0.0 0.0
529.0 -25.96153846153846 518.5 -6.923076923076923 740.7328870219346 27.65898665893021 0.0 0.0
532.0 -24.884615384615387 530.5 -8.76923076923077 751.3037799107321 27.034716434644928 0.0 0.0
535.0 -23.807692307692307 535.0 -10.615384615384617 756.6055775633696 26.410446210359652 0.0 0.0
539.0 -17.25 533.5 5.5 758.3860269476993 25.828512641696637 0.0 0.0
541.0 -4.5 525.5 13.5 754.223118503566 26.91963324214055 0.0 0.0
543.5 -11.5 509.5 -8.0 744.9757741969122 14.993957870630588 0.0 0.0
544.0 -14.75 493.5 4.0 734.4961661781772 15.619062933813474 0.0 0.0
540.5 -17.0 465.5 -4.5 713.3884306979619 17.592147171621164 0.0 0.0
535.0 -18.25 449.0 -18.25 698.4462631237103 27.32289196224211 0.0 0.0
536.0 -20.0 445.5 -28.0 696.9696878522661 34.43307027783788 0.0 0.0
536.0 -24.5 448.5 -12.0 698.8908018816464 27.284641142199423 0.0 0.0
537.5 -22.5 451.0 -12.5 701.6461738580876 26.100813409171494 0.0 0.0
552.0 -16.5 480.5 -3.25 731.8365579920876 16.81881881234071 0.0 0.0
549.0 -14.5 483.5 0.25 731.5554598224412 14.504309064273453 0.0 0.0
542.0 -14.0 480.5 0.5 724.3236487908628 14.008937107326602 0.0 0.0
534.5 -12.0 480.5 2.75 718.72873783422 12.316206553993336 0.0 0.0
525.0 -9.5 474.0 3.75 707.319685665271 10.215996214851222 0.0 0.0
516.0 -8.5 465.0 3.5 694.6086034869728 9.192388155425116 0.0 0.0
510.0 -9.0 459.0 3.5 686.1356728828695 9.72056669151496 0.0 0.0
495.0 -12.0 448.5 -0.5 667.967386320395 12.050271372617754 0.0 0.0
476.5 -14.0 442.0 -5.5 649.9379384905153 15.060249026414205 0.0 0.0
417.52272727272725 -11.5 442.0909090909091 -4.0 623.0802167922934 12.184952157699888 0.0 0.0
336.8863636363636 -11.75 443.54545454545456 -5.25 586.7103805906625 12.882748450113604 0.0 0.0
256.25 -12.0 445.0 -7.0 550.3405443890316 13.892443989449804 0.0 0.0
175.61363636363635 -10.25 446.45454545454544 -6.5 513.9707081874008 12.137253668763707 0.0 0.0
94.97727272727272 -9.0 447.9090909090909 -3.5 477.60087198576986 9.678288268306803 0.0 0.0
-3.5 -9.25 403.0 -3.0 404.8637577009649 9.724631201545389 0.0 0.0
-58.328125 -9.75 372.1875 -2.5 378.59370274580704 10.087806071860555 0.0 0.0
-80.765625 -10.5 392.4375 -2.25 404.17994565037213 10.741147867838713 0.0 0.0
-103.203125 -11.5 412.6875 -2.25 429.7661885549372 11.720609912934286 0.0 0.0
-125.640625 -12.5 432.9375 -2.0 455.35243145950227 12.658988901172163 0.0 0.0
-148.078125 -13.5 453.1875 -2.0 480.93867436406737 13.64734406395618 0.0 0.0
-170.515625 -13.5 473.4375 -2.0 506.5249172686324 13.64734406395618 0.0 0.0
-192.953125 -14.5 493.6875 -1.75 532.1111601731975 14.609877783176808 0.0 0.0
-215.390625 -15.5 513.9375 -1.5 557.6974030777626 15.572411502397436 0.0 0.0
-277.0 -15.75 585.75 -2.0 648.9364538527778 15.88523857404789 0.0 0.0
-349.0 -15.0 612.5 -2.25 705.0097368728702 15.1681351822163 0.0 0.0
-350.0 -15.0 603.5 -2.0 697.6797112079817 15.132745950421556 0.0 0.0
-337.0 -15.0 590.0 -0.75 679.4632044335374 15.020813699088272 0.0 0.0
-345.5 -14.75 595.0 -0.5 688.0374823303148 14.791715780114123 0.0 0.0
-352.0 -13.75 595.5 0.75 691.7547381528063 13.772462466862248 0.0 0.0
-350.0 -14.0 583.0 2.0 679.9942941916543 14.142135623730953 0.0 0.0
-339.0 -13.75 554.0 2.75 649.494471722503 14.023675640511167 0.0 0.0
-331.0 -13.0 531.75 3.0 626.3976527537712 13.355142601746575 0.0 0.0
-323.5 -12.5 510.0 3.0 603.9514737169924 12.864151884864565 0.0 0.0
-321.0 -14.0 505.0 2.5 598.3898824794746 14.22173459365407 0.0 0.0
-219.5 -14.75 495.5 2.25 543.2364029114849 14.923342459991858 0.0 0.0
-183.5 -14.75 496.5 1.75 529.326577590583 14.855062843767405 0.0 0.0
-194.5 -14.5 510.0 1.0 545.8360905772099 14.54299893283008 0.0 0.0
-210.5 -15.5 524.5 0.0 565.1668997745448 15.508062419270823 0.0 0.0
-229.0 -15.5 531.5 -0.5 578.7398616960432 15.508062419270823 0.0 0.0
-245.0 -16.0 535.5 -2.0 588.8858110937529 16.130365385338038 0.0 0.0
-256.0 -17.25 541.5 -2.75 598.9752309685438 17.47017301564788 0.0 0.0
-287.0 -16.75 525.0 -2.25 599.4512516423251 16.902781018451165 0.0 0.0
-457.625 -16.5 404.875 -2.5 616.6644798300524 16.688319268278637 0.0 0.0
-582.0 -17.0 319.0 -3.0 663.6909648114654 17.272398661548344 1.0 0.0
-559.0 -16.75 311.5 -3.75 639.9341996919311 17.18265393905957 1.0 0.0
-510.0 -16.75 305.0 -3.5 594.2438482351022 17.12030167399086 1.0 0.0
-524.0 -16.5 302.5 -4.0 605.0473233399739 16.977926846349646 1.0 0.0
-421.25 -16.0 297.25 -4.5 614.3454850532457 16.624375121574396 1.0 0.0
-286.25 -15.5 291.58333333333337 -4.5 629.1417444478178 16.147154034242227 1.0 0.0
-151.25 -15.5 285.91666666666663 -4.0 643.9380038423899 16.00781059358212 1.0 0.0
-16.25 -15.5 280.25 -3.5 658.734263236962 15.897731998714534 1.0 0.0
118.75 -16.0 274.58333333333337 -2.5 673.530522631534 16.204211771220802 1.0 0.0
253.75 -16.5 268.91666666666663 -1.5 688.326782026106 16.5755226967056 1.0 0.0
388.75 -16.0 263.25 -1.5 703.1230414206782 16.076497352801866 0.0 0.0
523.75 -16.5 257.58333333333337 -2.0 717.9193008152502 16.62077013859466 0.0 0.0
658.75 -16.0 251.91666666666666 -2.5 732.7155602098223 16.204211771220802 0.0 0.0
718.0 -15.25 317.0 -2.5 785.1052456384366 15.462779074433069 0.0 0.0
648.5 -14.5 359.5 -4.0 741.5408987582289 15.08156364404843 0.0 0.0
596.0 -14.0 363.0 -2.5 697.877318528909 14.229978343503653 0.0 0.0
562.0 -86.09375 365.0 42.71875 670.137806857726 98.37696150460832 0.0 0.0
545.5 -182.21875 362.0 102.34375 654.6896649733662 210.69006267911146 0.0 0.0
535.5 -278.34375 363.5 161.96875 647.220025754526 323.00316385361464 0.0 0.0
524.5 -374.46875 368.0 221.59375 640.724198199083 435.31626502811775 0.0 0.0
518.5 -540.25 371.5 289.75 637.8543523614508 613.0477870081518 0.0 0.0
515.5 -539.25 372.0 326.0 635.7105590911938 630.147044787871 0.0 1.0
517.5 -534.5 370.5 324.5 636.4564183958221 625.2930025697908 0.0 1.0
520.0 -568.5 371.0 326.5 638.7809361043956 655.5879991892648 0.0 1.0
525.0 -569.0 384.0 318.75 650.4485828551682 652.199316717984 0.0 1.0
528.0 -569.75 393.0 321.75 658.2044474573881 654.3229087874988 0.0 1.0
532.5 -568.5 401.5 321.5 666.9025277171636 653.1117547887022 0.0 1.0
535.5 -568.25 411.0 321.25 675.0433194172176 652.7711904311925 0.0 1.0
535.5 -551.0 417.5 331.0 679.0189478672069 642.7800840300699 0.0 1.0
538.5 -557.5 421.0 330.5 683.537420455242 648.1238202740547 0.0 1.0
542.0 -548.0 423.0 334.0 687.5267267532223 641.7650464833832 0.0 1.0
546.0 -546.5 426.5 333.0 692.8336057545689 639.9619197397896 0.0 1.0
547.5 -546.5 431.5 331.75 697.1011638325458 639.3124475980535 0.0 1.0
524.0 -551.5666666666666 429.0 330.3 677.2126733306811 642.9282358644435 0.0 1.0
526.0 -551.8333333333333 433.5 335.5 681.61445731185 645.9271041476372 0.0 0.0
527.0 -552.0999999999999 438.0 340.7 685.2542656200033 648.9259724308308 0.0 0.0
530.5 -552.3666666666666 446.5 345.9 693.3920274050937 651.9248407140245 0.0 0.0
533.5 -552.6333333333334 459.0 351.1 703.7778433578619 654.9237089972181 0.0 0.0
535.0 -552.9000000000001 476.5 356.3 716.4337618386978 657.9225772804118 0.0 0.0
532.0 -553.1666666666667 481.5 361.5 717.5419254335648 660.9214455636054 0.0 0.0
529.5 -553.4333333333334 488.0 366.7 720.0794615050938 663.9203138467991 0.0 0.0
552.0 -540.5 491.5 372.75 739.1319882290195 656.5693613811767 0.0 1.0
558.5 -540.6 494.0 361.725 745.6270611056159 650.4588838146631 0.0 1.0
561.5 -533.0 498.5 358.625 750.857506422517 642.4285221353138 0.0 0.0
569.5 -525.4 501.5 355.525 758.839620189179 634.3981604559644 0.0 0.0
580.5 -517.8 501.0 352.42499999999995 766.8001952976201 626.367798776615 0.0 0.0
586.0 -510.20000000000005 501.5 349.32500000000005 771.3000051128392 618.3374370972658 0.0 0.0
590.5 -522.5 496.5 341.75 771.4997559680778 624.5016826409977 0.0 1.0
592.0 -539.5 488.5 333.0 767.5266756766125 633.994819403521 0.0 1.0
585.5 -544.5 475.5 330.0 754.2648628980533 636.7408409696193 0.0 1.0
577.0 -536.5 455.0 332.5 734.8171744486967 631.1804635040135 0.0 1.0
566.0 -537.5 434.5 330.5 713.5450843847693 630.9805860721865 0.0 1.0
564.0 -539.0 418.0 330.25 702.0124302953543 632.1282028267626 0.0 1.0
564.0 -544.75 402.0 329.25 692.6045760537985 636.5252048515094 0.0 1.0
554.5 -545.75 383.0 329.0 673.9195018214424 637.2486453053064 0.0 1.0
530.5 -548.75 365.5 329.0 644.2227701022161 639.8205675029559 0.0 1.0
552.0 -545.5 354.5 335.0 656.0292882177343 640.154372938563 0.0 1.0
551.0 -543.0 349.5 336.5 652.4967150072671 638.8132433715905 0.0 1.0
552.0 -540.75 359.0 337.0 658.4738499192373 637.1821065140728 0.0 1.0
551.0 -540.75 373.0 338.75 665.389290183409 638.0925726440305 0.0 1.0
554.0 -541.75 386.5 338.75 675.5150153122236 638.9405266660337 0.0 1.0
552.5 -539.0 379.0 338.25 670.0011194797689 636.3442978593495 0.0 1.0
551.5 -538.0 362.5 337.25 659.9685729472345 634.9665972424211 0.0 1.0
552.0 -532.0 337.5 340.75 647.0010185667898 631.7755355160251 0.0 1.0
552.5 -531.5 324.5 341.25 640.7469749281624 631.6200256137176 0.0 1.0
553.0 -521.5 333.0 346.5 645.5215170990423 626.2118439799201 0.0 1.0
552.5 -528.5 350.5 342.0 654.3074100813528 629.5055023450457 0.0 1.0
551.5 -527.0 372.5 341.0 665.5266773968524 627.7021761562136 0.0 1.0
547.5 -529.25 390.5 337.75 672.5145012111045 627.8382536491096 0.0 1.0
545.5 -529.75 403.5 336.75 678.5192091825604 627.7225747957896 0.0 1.0
545.5 -530.25 395.5 335.75 673.7886578559276 627.611017610358 0.0 1.0
541.0 -530.75 368.0 333.75 654.3317787379137 626.964776451787 0.0 1.0
534.5 -545.5 346.5 333.75 636.9873009952573 639.5278868667128 0.0 1.0
531.5 -540.25 345.0 344.0 633.6546552325098 640.473325385191 0.0 1.0
524.0 -539.5 345.5 344.5 627.6515149724048 640.111592696285 0.0 1.0
520.0 -541.0 346.5 344.5 624.8705402476633 641.3745109621526 0.0 1.0
520.5 -537.75 363.5 345.75 634.8724289161322 639.3119996743299 0.0 1.0
523.5 -558.0 387.5 343.5 651.3146392983249 655.32462092936 0.0 1.0
523.5 -453.36538461538464 406.0 299.78846153846155 662.4870527408455 554.8220175136182 0.0 0.0
528.0 -352.8269230769231 409.0 272.9423076923077 667.8814453072291 501.1226260980545 0.0 0.0
528.0 -252.28846153846155 412.0 246.09615384615387 669.7224011571813 447.42323468249083 0.0 0.0
531.0 -151.75000000000003 417.0 219.25 675.166651373831 393.72384326692713 0.0 0.0
527.5 -51.21153846153848 417.0 192.40384615384613 672.4175814576722 340.02445185136344 0.0 0.0
529.5 49.326923076923066 414.0 165.55769230769232 672.1366277574332 286.32506043579974 0.0 0.0
539.5 149.86538461538458 413.5 138.71153846153845 679.7371973679824 232.62566902023605 0.0 0.0
544.5 178.5 415.5 151.25 684.9237183803756 233.9913144535251 0.0 0.0
535.5 199.0 414.5 152.0 677.17845235493 250.41034780778494 0.0 0.0
514.0 202.75 406.0 158.25 655.0053434896543 257.19927660253063 0.0 0.0
434.5833333333333 263.75 389.375 200.25 640.8501069353077 331.21474665320324 0.0 0.0
328.69444444444446 380.5 367.20833333333337 245.75 621.976458196179 453.1918233487353 0.0 0.0
222.80555555555557 512.0 345.04166666666663 300.0 603.1028094570504 593.4284070970489 0.0 0.0
116.91666666666669 510.0 322.875 303.0 584.2291607179218 593.2219156834208 0.0 0.0
11.027777777777771 512.5 300.7083333333333 303.0 565.355511978793 595.3728670030312 0.0 0.0
-94.86111111111109 510.0 278.54166666666663 300.5 546.4818632396643 591.9462090650943 0.0 0.0
-200.74999999999994 510.0 256.375 299.5 527.6082145005357 591.4430634612495 0.0 0.0
-306.63888888888886 524.0 234.20833333333331 329.0 508.734565761407 618.7220953928822 0.0 0.0
-412.52777777777777 515.0 212.04166666666666 331.5 489.86091702227833 612.4681624378528 0.0 0.0
-560.125 511.5 254.125 331.5 615.0911452398927 609.5284884219659 0.0 0.0
-711.25 508.5 301.25 330.5 772.4637324849692 606.4674739681298 0.0 0.0
-594.0 506.0 262.5 329.5 649.4372712095931 603.8264025724015 0.0 0.0
-566.0 504.0 254.0 327.0 620.3921034874452 600.7938331351118 1.0 0.0
-570.0 497.5 269.75 325.0 630.6137863617143 594.2484926914224 1.0 0.0
-584.5 494.5 278.75 317.5 647.5660688129653 587.6817206888569 1.0 0.0
-585.5 365.0 277.75 340.5 648.0419523097685 501.33145158633255 1.0 0.0
-586.0 3.2916666666666643 274.75 202.75 647.2168280620574 233.4760370359873 1.0 0.0
-562.0 -179.54166666666669 255.75 223.75 617.5064324538073 353.42932671242426 1.0 0.0
-568.25 -362.375 240.0 244.75 616.8649502389483 473.38261638886127 1.0 0.0
-569.25 -490.5 236.5 303.0 616.4234392566134 577.9897127588417 1.0 0.0
-572.75 -477.75 237.0 356.0 619.8489074785375 595.8347760949507 1.0 0.0
-572.5 -502.0 240.5 357.0 620.9700056012737 616.0142041865024 1.0 1.0
-564.75 -581.0 244.0 348.5 615.2080375961928 677.7402768573977 1.0 1.0
-559.25 -564.5 245.0 341.0 610.5627230156184 659.5009540638489 1.0 1.0
-551.5 -564.0 257.5 341.0 608.6554576936703 659.0728843792897 1.0 1.0
-546.75 -646.5 261.0 341.5 605.8556683435274 731.2128875899098 1.0 0.0
-545.25 -565.25 262.25 349.0 605.0393920860886 664.3106308172585 1.0 0.0
-544.5 -571.25 268.5 350.0 607.1020905337467 669.9478599870718 1.0 0.0
-545.0 -637.0 275.5 331.75 610.6764293064775 718.2225711915236 1.0 0.0
-548.0 -635.0 279.0 327.75 614.9356134663559 714.5944955454343 1.0 1.0
-549.0 -607.0 282.0 321.5 617.1915855010393 686.8852110725018 1.0 1.0
-550.0 -605.25 287.0 323.75 620.3784772780484 686.3978108198938 1.0 1.0
-554.0 -606.75 294.0 323.25 627.1778495255996 687.4858053627584 1.0 1.0
-559.5 -604.0 300.5 326.75 635.0912992803899 686.7179645420226 1.0 1.0
-566.0 -596.5 304.0 336.75 642.4733781060941 685.0660614425785 1.0 1.0
-567.5 -655.75 312.0 342.375 647.6332444793261 740.0006650956341 1.0 0.0
-563.5 -709.0 325.0 358.75 650.5060491631411 796.9753548288039 1.0 0.0
-562.0 -583.5 327.5 361.75 650.4615918657173 686.546937149412 1.0 1.0
-560.0 -589.0 329.5 360.25 649.7463208534607 690.4358849911209 1.0 1.0
-558.0 -587.0 330.5 359.25 648.533340464513 688.207603790306 1.0 1.0
-559.5 -586.0 335.5 361.5 652.381204148691 688.5431692218888 1.0 1.0
-557.5 -583.75 340.5 358.5 653.2585109120259 685.0464082135773 1.0 1.0
-557.0 -604.25 344.0 355.75 654.6643976386812 701.3008790496995 1.0 1.0
-557.0 -582.5 349.5 351.5 657.571079888876 680.3489845674146 1.0 1.0
-558.5 -716.5 352.5 344.0 660.439648280134 795.3929800894552 1.0 0.0
-559.5 -611.5 356.5 334.25 663.4249601953957 696.8927751518445 1.0 1.0
-561.5 -604.0 363.0 338.75 668.6200990185775 692.5088219034817 1.0 1.0
-565.0 -630.75 365.5 341.75 672.9156159910729 717.4904082377363 1.0 1.0
-568.5 -600.75 366.5 344.25 676.3981924773256 692.3934095420527 1.0 1.0
-568.5 -592.5 364.0 344.25 675.0469815575668 685.2480053195302 1.0 1.0
-568.5 -590.25 355.5 346.25 670.5022139325067 684.3133223553755 1.0 1.0
-565.5 -590.75 346.0 345.5 662.9534579788985 684.3652645376573 1.0 1.0
-565.5 -583.5 338.5 360.25 659.0702249373555 685.8675001080401 1.0 1.0
-566.5 -577.5 337.5 375.75 659.4165304264206 688.9827783079456 1.0 1.0
-568.5 -641.0 339.0 383.0 661.9017961084201 747.3327007781246 1.0 1.0
-568.5 -603.0 341.5 379.0 663.1851174445941 712.3718602547588 1.0 0.0
-559.0 -598.0 348.0 378.5 658.5241834744352 707.7910229246222 1.0 1.0
-409.5 -645.0 436.0 382.0 598.5666970078997 750.2270872983283 0.0 1.0
-385.0 -603.5 449.5 377.0 591.8410486215769 711.6921741566641 0.0 1.0
-387.0 -582.5 455.0 376.25 597.3224799547029 693.4484187053857 0.0 1.0
-391.5 -583.5 459.5 371.75 603.6658870370543 691.8672669425007 0.0 1.0
-398.0 -625.75 464.0 371.75 611.3109373162056 728.1194190187924 0.0 1.0
-405.5 -618.25 468.5 370.25 619.6148613347702 720.6376299710491 0.0 1.0
-413.0 -631.5 474.0 374.5 628.685221623814 734.6128514455095 0.0 1.0
-416.0 -638.0 475.5 372.75 631.7882227365992 738.9095832044468 0.0 1.0
-415.5 -595.0 473.0 374.5 629.5786438311129 703.110192775508 0.0 1.0
-506.0 -701.6 416.0 210.35 658.3564802202799 733.1683548911051 0.0 0.0
-586.5 -662.0 354.5 241.75 685.3125071228944 706.8189627827257 1.0 0.0
-582.5 -622.4 343.5 273.15 676.239584592691 680.4695706743464 1.0 0.0
-574.5 -578.0 329.0 354.0 662.0357902050732 677.9038001984405 1.0 1.0
-576.0 -581.0 319.0 354.0 658.4358475035037 680.3506946297873 1.0 1.0
-573.5 -588.5 314.0 349.75 653.8335473641143 684.5942826238811 1.0 1.0
-568.0 -591.0 307.5 350.0 645.8950972534507 686.8937504071546 1.0 1.0
-563.0 -635.5 301.5 353.75 638.6479859828887 727.342561304643 1.0 1.0
-561.0 -620.5 295.0 352.75 633.8345021549635 713.7596858621869 1.0 1.0
-559.0 -599.5 290.5 348.25 629.9772243182615 693.3100394414182 1.0 1.0
-557.0 -592.0 287.0 345.0 626.5927334249002 685.1927198825922 1.0 1.0
-513.0 -594.25 286.5 343.0 587.9612718989897 686.139259750083 1.0 1.0
-362.0 -596.0 262.0 342.0 446.87184687392624 687.1535490703661 0.0 1.0
-341.0 -589.5 256.0 343.75 426.4002343895856 682.413796952487 0.0 1.0
-341.5 -614.25 254.0 346.0 425.6035842865913 704.9959160337885 0.0 1.0
-345.0 -599.0 252.0 351.25 427.2355502228553 694.4901465675548 0.0 1.0
-344.5 -586.0 248.5 356.5 424.77424328169013 685.9218045907357 0.0 1.0
-396.125 -585.5 115.33333333333334 357.5 412.9878721851478 686.0155963605825 0.0 1.0
-338.625 -622.0 80.66666666666667 360.0 349.66095786692335 718.7013373336995 0.0 1.0
-281.125 -615.0 46.00000000000001 365.5 286.3340435486989 715.6122875773162 0.0 1.0
-223.5 -588.0 46.0 369.5 229.94657489187227 694.4596998735929 0.0 1.0
-286.5 -587.0 178.5 370.5 337.84723137604465 694.1467609090893 0.0 1.0
-281.0 -615.0 210.5 361.0 351.15659226675865 713.1245168912163 0.0 1.0
-280.25 -587.5 187.5 366.0 338.12173628264804 692.211570118852 0.0 1.0
-282.0 -613.0 158.5 366.75 323.4907262967518 714.5847191760743 0.0 1.0
-284.5 -579.0 132.0 373.25 313.63075423178765 688.8812486977072 0.0 1.0
-292.5 -586.0 121.0 379.5 316.539607926376 698.1553988616158 0.0 1.0
-427.5 -590.5 181.5 385.5 464.6556700595127 705.1960237217022 0.0 1.0
-579.5 -595.0 220.0 384.0 619.876494512665 708.1551626483914 0.0 1.0
-582.5 -588.0 251.0 371.5 634.284123171655 695.5275743962794 1.0 1.0
-575.5 -586.0 265.0 374.0 633.6197993339559 695.1781435227158 1.0 1.0
-574.45 -586.5 254.6 375.5 628.8295697672578 696.4068594931567 1.0 1.0
-575.05 -584.5 231.39999999999998 377.5 620.3556462334122 695.8070325223061 1.0 1.0
-575.0 -581.5 211.0 378.5 612.4973399132359 693.8338636835213 1.0 1.0
-571.0 -585.0 192.0 375.5 602.4189519618469 695.1517794670599 1.0 1.0
-568.0 -583.0 191.5 368.75 599.413337048805 689.8315908097995 1.0 1.0
-571.0 -582.0 199.5 367.75 604.8490967896819 688.4506455765736 1.0 1.0
-573.5 -582.75 209.5 365.5 610.5933687381081 687.8873423070911 1.0 1.0
-575.0 -586.25 221.0 362.0 616.0212407336126 689.0094536601157 1.0 1.0
-577.5 -582.5 224.5 361.75 619.6039008903815 685.6889415060792 1.0 1.0
-579.5 -585.0 220.5 362.75 620.0326604300776 688.3406053992439 1.0 1.0
-578.5 -615.5 211.0 365.5 615.7785722156951 715.8467798339824 1.0 1.0
-575.5 -615.5 206.5 364.0 611.4266249180937 715.0783110144016 1.0 1.0
-573.0 -609.25 210.0 358.5 610.270334842231 706.9001723784818 1.0 1.0
-567.5 -609.25 214.0 354.0 606.5085861495822 704.6293657457231 1.0 1.0
-560.0 -601.0 216.5 350.0 600.394137188392 695.4870559071417 1.0 1.0
-551.0 -588.0 215.5 343.5 591.6444891084352 680.9835860294177 1.0 1.0
-540.0 -587.75 215.5 340.75 581.4633689833815 679.3826180722932 1.0 1.0
-530.0 -593.0 202.5 339.0 567.3678260176549 683.0631495129112 1.0 1.0
-524.5 -634.25 180.5 351.75 554.6895528131029 725.7096132868076 1.0 1.0
-527.5 -652.75 177.5 354.5 556.5631141209413 742.8100536327307 1.0 1.0
-537.0 -624.0 190.5 353.75 569.7888747420486 717.3125467910091 1.0 1.0
-553.5 -610.25 207.0 354.25 590.9410128562557 705.6192767530025 1.0 1.0
-565.0 -605.25 219.5 356.5 606.1422637284943 702.4386973461737 1.0 1.0
-572.0 -571.25 224.0 366.5 614.3036480978374 678.7111882801361 1.0 1.0
-573.0 -598.0 211.25 368.0 610.8942866643032 702.1607485141722 1.0 1.0
-572.0 -626.5 193.0 370.5 603.6845368459453 727.8577968632783 1.0 1.0
-570.0 -600.5 174.5 369.5 596.1175660165022 705.1465594059772 1.0 1.0
-568.5 -582.0 170.5 368.0 593.517215993756 688.5841062672681 1.0 1.0
-571.0 -600.0 185.0 367.25 600.222379623576 703.568675488764 1.0 1.0
-574.5 -579.0 203.5 367.75 609.4888976174173 685.916318322996 1.0 1.0
-576.0 -574.0 219.5 366.5 616.4149486005551 681.0276989899326 1.0 1.0
-578.0 -579.75 234.0 353.25 623.5863015923067 678.8938066898263 1.0 1.0
-578.5 -583.0 231.0 355.75 622.9152330136226 682.9696930960616 1.0 1.0
-583.0 -650.75 228.5 354.0 626.1805784597389 741.3217378765762 1.0 1.0
-579.0 -608.0 231.5 347.75 623.5789468020714 700.424400620969 1.0 1.0
-569.5 -604.75 238.5 346.75 617.4241146112824 697.1069742592774 1.0 1.0
-564.5 -626.0 244.0 347.75 614.9766575694161 716.1750455440095 1.0 1.0
-559.5 -580.25 250.5 351.25 613.0181467112545 678.282895172222 1.0 1.0
-556.0 -617.5 258.0 346.0 612.9437529605334 707.8577836093687 1.0 1.0
-561.0 -646.5 257.0 348.75 617.0666483854513 734.5952132931267 1.0 1.0
-563.5 -681.75 263.5 350.75 622.0653668003248 766.7612670502 1.0 1.0
-565.5 -642.5 267.0 348.5 625.3652649027538 730.9472913631867 1.0 1.0
-564.0 -610.75 271.5 346.0 625.9484302159631 701.9485017915006 1.0 1.0
-557.5 -617.0 276.5 343.75 622.3011334114973 706.4452854623504 1.0 1.0
-536.5 -585.0 281.0 342.5 605.6347465110988 677.8873512961727 1.0 1.0
-439.3970588235294 -588.0 297.3529411764706 341.75 616.8488076881731 680.1013688629288 1.0 1.0
-309.9264705882353 -591.0 319.8235294117647 337.0 632.1102066050868 680.3308469724509 1.0 1.0
-180.4558823529412 -570.15 342.2941176470588 320.425 647.3716055220004 655.5916643134456 1.0 1.0
-50.98529411764707 -596.75 364.7647058823529 286.125 662.6330044389141 667.9062148076716 1.0 0.0
78.48529411764707 -623.35 387.2352941176471 251.825 677.8944033558278 680.2207653018977 1.0 0.0
207.95588235294116 -649.95 409.70588235294116 217.52500000000003 693.1558022727414 692.5353157961238 1.0 0.0
337.42647058823525 -676.55 432.17647058823525 183.22500000000002 708.4172011896551 704.8498662903498 0.0 0.0
466.8970588235294 -674.8333333333333 454.6470588235294 199.25 723.6786001065688 705.7492556712494 0.0 0.0
612.5 -588.1666666666667 487.0 320.125 782.7211045133367 672.40316171217 0.0 0.0
700.0 -593.0 485.5 341.25 851.9199107034517 684.1789091465988 0.0 1.0
612.5 -579.25 460.5 350.0 766.3997175659189 676.7830628171473 0.0 1.0
564.0 -573.25 447.5 356.25 719.9902960979036 674.9313991207191 0.0 1.0
566.0 -554.0 449.25 357.75 722.6436895793959 659.5298802636776 0.0 1.0
579.0 -534.5 454.0 358.0 735.77084736654 643.3160100167588 0.0 1.0
574.0 -528.0 461.5 357.5 736.5176548004993 637.6468824312465 0.0 1.0
562.5 -522.0 461.0 359.75 727.2804533543479 633.9592275459677 0.0 1.0
582.5 -520.0 467.0 359.0 746.5890814314254 631.888120540038 0.0 1.0
585.5 -528.0 464.0 358.0 747.0665399534539 637.9315317922558 0.0 1.0
582.0 -533.25 456.0 357.0 739.3678639156922 641.7335334261337 0.0 1.0
558.5 -538.75 435.5 358.25 708.2251214063316 646.9888951718616 0.0 1.0
524.0 -461.5 425.5 328.8181818181818 675.001489940262 566.674224852804 0.0 0.0
512.0 -377.5 419.5 268.09090909090907 661.9123730524071 463.0808466819677 0.0 0.0
530.0 -293.5 415.0 207.36363636363637 673.1460230948271 359.48746851113157 0.0 0.0
546.5 -209.5 403.0 146.63636363636363 679.0520395330909 255.89409034029543 0.0 0.0
558.5 -125.5 393.0 85.90909090909092 682.9137939740272 152.3007121694593 0.0 0.0
555.5 -41.5 381.5 25.181818181818187 673.9549084197947 48.70733399862313 0.0 0.0
548.5 -21.0 369.5 2.25 661.3495422299629 23.17450719079733 0.0 0.0
516.0 -22.0 370.5 0.0 635.2371635190033 22.976841000939487 0.0 0.0
508.5 -19.5 372.0 -17.25 630.0810237248761 26.058918193020432 0.0 0.0
502.0 -14.0 380.5 35.5 629.9104648979489 38.16385749256429 0.0 0.0
496.5 -12.0 385.5 34.75 628.5990245706187 36.76373547886698 0.0 0.0
501.5 -11.25 392.5 35.0 636.8611976200762 36.76568248011631 0.0 0.0
500.5 -10.75 415.5 34.75 650.4982922796103 36.37478928280622 0.0 0.0
514.5 -10.0 409.0 34.75 657.2671259617321 36.16257372567635 0.0 0.0
522.0 -9.75 392.0 34.75 652.800130378264 36.092312058284186 0.0 0.0
513.5 -9.75 404.0 34.75 653.3769815025009 36.092312058284186 0.0 0.0
496.5 -8.25 408.5 34.25 642.9498679457988 35.23008720101285 0.0 0.0
479.5 -6.75 415.5 34.75 634.4765739518741 35.40005797911671 0.0 0.0
489.0 -6.25 411.0 34.25 638.7823819242021 34.81616618317403 0.0 0.0
506.5 -5.5 404.0 34.0 647.8943099502671 34.44551677907165 0.0 0.0
491.5 -4.0 401.5 35.0 634.6616328455432 35.241837599913985 0.0 0.0
482.5 -3.0 381.0 36.0 614.7942377683794 36.12487926352088 0.0 0.0
493.0 -2.5 363.0 37.0 612.2267169888745 37.08771850691949 0.0 0.0
492.5 -1.5 387.0 37.0 626.3594087533681 37.03376283697065 0.0 0.0
476.5 -0.75 418.5 37.0 634.1905810725193 37.00844463540013 0.0 0.0
468.0 -0.5 431.0 37.75 636.2354717117087 37.75331125825904 0.0 0.0
478.5 -0.5 446.5 37.75 654.4719236772852 37.75331125825904 0.0 0.0
492.5 -0.75 465.5 37.5 677.6781281165711 37.5082669208266 0.0 0.0
489.70000000000005 -2.0 466.0 37.5 676.0092653656523 37.55330490408935 0.0 0.0
485.29999999999995 -2.5 468.0 36.75 674.2154899290053 36.838547390878894 0.0 0.0
481.5 -3.0 469.5 36.5 672.5121722660213 36.62308015445998 0.0 0.0
462.5 -3.5 486.5 36.75 671.2603807180024 36.91933414315838 0.0 0.0
462.5 -2.5 498.0 42.0 679.641923616157 42.113112613014714 0.0 0.0
486.0 -0.25 482.0 59.25 684.4875020545592 59.25105040162448 0.0 0.0
506.5 -1.75 472.0 59.75 692.3339871991855 59.776114319513226 0.0 0.0
498.5 -3.0 475.0 60.0 688.5690175560806 60.07495318350236 0.0 0.0
492.5 -3.0 481.0 60.25 688.4165604160551 60.32464384126463 0.0 0.0
486.0 -3.5 472.0 60.5 677.4807513041221 60.603210856818144 0.0 0.0
478.5 -4.5 462.0 60.75 665.2380113952033 60.91833110350341 0.0 0.0
436.5 -5.0 484.5 59.75 652.1302273034571 59.95887267304778 0.0 0.0
437.25 -4.5 507.25 60.0 669.8249884439185 60.17090083355852 0.0 0.0
435.5 -3.75 523.0 60.5 680.5819636038702 60.61690759723531 0.0 0.0
421.0 -3.5 534.5 61.75 680.3926710687883 61.84911236347945 0.0 0.0
398.0 -3.0 530.5 61.0 663.200015062509 61.07576767281089 0.0 0.0
323.61538461538464 -2.75 511.96153846153845 62.0 638.4710785635748 62.06129806957114 0.0 0.0
223.76923076923077 -2.75 486.5769230769231 62.0 604.5658098149836 62.06146048300777 0.0 0.0
123.92307692307693 -1.0 461.19230769230774 62.0 570.6605410663924 62.01007930155162 0.0 0.0
24.076923076923094 -0.5 435.8076923076923 61.5 536.7552723178012 61.502032621081355 0.0 0.0
-75.76923076923072 0.5 410.4230769230769 62.0 502.8500035692101 62.00201609625287 0.0 0.0
-175.61538461538458 0.5 385.03846153846155 61.5 468.944734820619 61.502032621081355 0.0 0.0
-294.0 0.5 352.0 61.0 460.58327239972283 61.00204914590984 0.0 0.0
-328.875 -0.5 219.5 61.0 398.70689011001707 61.00204914590984 0.0 0.0
-629.375 0.25 201.375 59.0 662.8525367197991 59.005351673129155 0.0 0.0
-700.5 0.25 166.5 56.5 720.1960513164204 56.50550167666478 0.0 0.0
-632.0 -0.75 204.5 55.5 664.2744070623019 55.50566112813646 0.0 0.0
-565.5 -1.0 221.0 55.5 607.2144998790454 55.50900900883103 0.0 0.0
-545.0 -0.5 216.0 55.25 586.3679381172792 55.25454507895013 1.0 0.0
-518.5 -0.0 234.5 54.75 569.0931931420312 54.75 1.0 0.0
-525.0 -0.5 238.0 52.75 576.4281724772366 52.75485391144745 1.0 0.0
-527.0 -1.75 236.0 48.5 577.4376392826059 48.53916869157634 1.0 0.0
-530.5 -2.75 233.0 43.75 579.4135727534178 43.8378180515562 1.0 0.0
-533.0 -3.75 234.5 42.75 582.3051176144685 42.91957287709718 1.0 0.0
-534.0 -4.0 237.5 44.5 584.433451057126 44.68327802387915 1.0 0.0
-535.0 -2.5 238.0 47.75 585.5538663315897 47.82724410101546 1.0 0.0
-538.0 -1.0 232.5 50.5 586.0910607445583 50.51267879898445 1.0 0.0
-538.5 -0.5 234.0 52.5 587.1449607226721 52.50238111434315 1.0 0.0
-536.5 -0.25 240.5 53.5 587.9393745687918 53.501157382601214 1.0 0.0
-533.5 -0.5 254.0 52.75 590.8948605918038 52.75485391144745 1.0 0.0
-530.0 -1.0 270.0 51.75 594.8110611680613 51.76960031034969 1.0 0.0
-528.0 -3.25 272.0 51.0 593.9549035356365 51.10440843822636 1.0 0.0
-527.5 -3.75 273.0 50.25 593.9583911236145 50.390259225467524 1.0 0.0
-458.0 -4.0 288.0 49.0 542.2065399816593 49.16301104605176 1.0 0.0
-229.25 -4.5 156.0 47.0 279.50943101097914 47.218084083375395 0.0 0.0
-204.25 -5.5 86.0 45.5 227.50442079259506 45.83390011867892 0.0 0.0
-202.0 -6.25 96.5 45.0 229.5116527172002 45.432306651689764 0.0 0.0
-81.0 -6.25 191.5 46.0 208.5416209262895 46.42371980069447 0.0 0.0
-91.5 -6.0 219.0 48.0 237.51530067374614 48.37358624867998 0.0 0.0
-95.5 -6.75 224.5 50.0 243.96972176022499 50.458101754629624 0.0 0.0
-93.5 -8.5 229.5 51.25 247.8154703667428 51.96025511525792 0.0 0.0
-104.5 -10.25 261.5 51.75 281.61090405844186 52.76116089276647 0.0 0.0
-115.5 -13.0 299.5 52.0 321.0096350671347 53.6312400246902 0.0 0.0
-114.5 -47.0 312.0 74.0 332.34675971774715 87.67819670545204 0.0 0.0
-113.5 -62.0 322.0 86.5 341.4326391312834 106.45833630694533 0.0 0.0
-189.5 -94.25 363.0 79.25 411.8985831899606 124.9356123693913 0.0 0.0
-235.0 -195.72500000000002 375.0 111.875 442.5512575501609 225.5697475061295 0.0 0.0
-228.5 -296.025 384.5 162.375 447.2729448989113 337.78528102947087 0.0 0.0
-222.5 -396.325 386.0 212.875 445.55152996673087 450.0008145528123 0.0 0.0
-214.5 -496.625 372.5 263.375 429.85947576065587 562.2163480761537 0.0 0.0
-200.07142857142856 -596.925 346.7142857142857 313.875 400.35406873212776 674.431881599495 0.0 0.0
-181.5 -674.25 323.0 349.0 370.58952368584266 759.9849908449518 0.0 1.0
-162.92857142857142 -584.0 299.28571428571433 339.125 340.8249786395577 675.324187385304 0.0 1.0
-188.25 -585.5 313.5 338.625 366.0879793582109 676.3712131345881 0.0 1.0
-193.25 -585.5 420.75 340.5 463.1256015459448 677.311228313838 0.0 1.0
-186.5 -582.5 431.0 342.5 469.62734686908755 675.7312230270686 0.0 1.0
-182.75 -587.0 436.0 343.0 472.76316839946765 679.8673332624226 0.0 1.0
-139.0 -589.5 444.0 343.5 467.2278179909007 682.2775730095562 0.0 1.0
-82.25 -589.0 445.25 345.5 452.79353657804694 682.856590246734 0.0 1.0
-80.0 -586.0 439.75 342.5 446.9681333753275 678.7542850908324 0.0 1.0
-82.0 -640.0 433.75 343.0 441.4393978702482 726.4330891103607 0.0 1.0
-89.0 -580.5 427.5 345.0 436.6671598126064 675.2855632427315 0.0 1.0
-94.75 -548.0 425.0 321.0 435.4356333466807 635.1472911630156 0.0 1.0
-125.75 -635.5 443.75 306.5 461.6128575450273 706.3247028328021 0.0 1.0
-168.75 -553.5 479.75 297.5 508.56390928800727 628.3917555321354 0.0 1.0
-173.5 -556.0 480.0 295.5 510.3980182584653 629.6498615508613 0.0 1.0
-181.5 -651.5 483.0 303.0 515.9827318199875 719.2563075432379 0.0 1.0
-206.0 -567.5 494.75 230.0 536.1327743222639 613.8712449720297 0.0 1.0
-331.5 -546.0 531.5 181.0 626.5118740543519 575.2734493550213 0.0 0.0
-352.0 -541.0 536.5 176.0 641.6701364279329 568.9086883732084 0.0 0.0
-354.0 -538.5 533.0 168.5 639.8494507282851 564.2470449238707 0.0 0.0
-355.25 -538.0 529.25 165.0 637.4250377307192 562.7367556075998 0.0 0.0
-355.75 -534.5 526.0 169.0 635.0088178691389 560.5951911683202 0.0 0.0
-340.25 -533.0 509.75 166.5 612.9027447371958 558.4006178363344 0.0 0.0
-320.25 -538.3636363636364 511.25 164.70454545454544 603.2716164808755 562.998181045666 0.0 0.0
-320.25 -579.8181818181818 513.25 179.52272727272725 604.9675051189561 606.9872820428966 0.0 0.0
-322.75 -621.2727272727273 514.25 194.3409090909091 607.1442686528885 650.9763830401273 0.0 0.0
-324.75 -662.7272727272727 514.375 209.1590909090909 608.3127774145946 694.965484037358 0.0 0.0
-336.0 -704.1818181818181 510.5 223.97727272727275 611.245151265984 738.9545850345887 0.0 0.0
-422.0 -745.6363636363636 399.5 238.79545454545456 581.1125884761545 782.9436860318193 0.0 0.0
-419.0 -550.0 386.5 339.75 570.0383751883371 646.5176803274728 0.0 0.0
-413.5 -588.5 386.0 346.75 565.6677313478992 683.2385065276933 0.0 1.0
-413.5 -605.0 385.5 359.75 565.3256334582182 704.3272551751802 0.0 1.0
-413.4 -675.0 367.6 357.25 553.2047040548032 764.1551400047273 0.0 1.0
-371.0 -557.0 326.0 360.25 493.89676324658274 663.3490837345671 0.0 0.0
-328.6 -579.5 284.4 364.0 434.5888224383623 684.4057549613033 0.0 1.0
-319.0 -568.5 265.5 385.5 415.07906780996746 686.8789436317556 0.0 1.0
-311.0 -563.5 281.0 385.25 419.1632014973803 682.6296965640034 0.0 1.0
-309.5 -560.0 281.0 386.0 418.03313487019335 680.1448072591447 0.0 1.0
-306.5 -562.5 280.5 386.0 415.4810417864884 682.2051305070183 0.0 1.0
-303.5 -566.5 283.5 384.5 415.31493794586527 684.6623831101425 0.0 1.0
-259.5 -564.5 266.0 384.5 371.84543438679043 683.0093173510691 0.0 1.0
-219.0 -561.25 239.5 360.25 324.5323573968364 666.9952075450866 0.0 0.0
-215.0 -649.5 239.5 348.5 321.8474852342211 738.2496479804076 0.0 0.0
-213.5 -670.75 237.5 345.875 319.3572499055407 754.835439480525 0.0 0.0
-210.0 -738.5 237.0 346.25 316.65293856028256 815.8918999516316 0.0 1.0
-47.5 -663.5 196.0 340.0 205.5766227087501 745.5433141288564 0.0 1.0
-46.5 -576.5 135.0 345.5 142.7861599609252 673.5611733032404 0.0 1.0
-41.5 -570.9166666666667 109.5 360.83333333333337 117.1003842863037 675.4267355585025 0.0 0.0
2.5 -550.5833333333333 136.5 358.16666666666663 142.05387577964106 656.9623596583035 0.0 0.0
45.5 -530.25 182.5 355.5 188.0864163090998 638.4979837581045 0.0 0.0
51.0 -523.75 186.0 345.125 192.86584072577702 627.5666590740468 0.0 0.0
40.5 -552.0 170.0 326.0 175.14656116975323 641.0906467606594 0.0 1.0
-3.0 -555.5 143.0 335.75 143.11953089982288 649.0827831393186 0.0 1.0
8.5 -557.0 129.0 336.5 129.28333677990344 650.7545753852153 0.0 1.0
34.0 -562.75 114.0 341.0 118.9631437849109 658.0035344435851 0.0 1.0
57.0 -561.5 108.0 340.0 122.12199698587003 656.417796634892 0.0 1.0
77.0 -576.75 101.0 345.5 127.00481627326936 672.3247746841271 0.0 1.0
75.5 -574.0 64.0 340.0 100.4259787605878 667.1403038846449 0.0 1.0
154.21428571428572 -570.0 54.17857142857143 341.5 167.4389049449622 664.4900458256482 0.0 1.0
234.5 -572.0 49.75 385.75 243.76827406677026 689.9420417003703 0.0 1.0
314.78571428571433 -665.75 45.32142857142857 406.5 320.09764318857833 780.0616367051066 0.0 0.0
376.5 -572.5 51.0 383.25 380.03847622077194 688.9389346370428 0.0 0.0
314.0 -571.75 61.0 384.0 320.4856578056754 688.7341698913367 0.0 1.0
232.0 -570.5 77.5 384.5 244.61375389719035 687.9757103913149 0.0 1.0
259.5 -569.25 77.5 386.75 271.0455771244954 688.2013727065364 0.0 1.0
251.5 -567.25 101.5 386.75 271.356807094464 686.5479803481251 0.0 1.0
222.0 -563.0 109.5 385.25 247.8739493448454 682.1925614906322 0.0 1.0
85.5 -563.5 124.5 382.25 152.1927725853632 680.9263080033745 0.0 1.0
74.0 -562.0 123.0 377.5 143.5645419123431 677.015694057383 0.0 1.0
76.0 -563.0 123.0 386.5 144.5857061321193 682.8991506803915 0.0 1.0
80.5 -604.25 121.5 385.75 145.7512268796105 717.3460375913739 0.0 1.0
190.5 -584.5 107.0 386.0 220.37550643488913 700.6250294158187 0.0 1.0
274.5 -597.25 90.5 382.75 289.03805973101146 709.3743731883368 0.0 1.0
280.5 -627.0 84.0 386.0 292.8079224087479 736.491295417148 0.0 1.0
277.5 -567.0 83.0 391.0 289.6537433542695 688.7459321568493 0.0 1.0
270.0 -591.0 87.5 383.0 283.84012935245914 704.251738476481 0.0 1.0
208.0 -593.5 104.5 383.5 236.43546517642415 706.6223621821204 0.0 1.0
49.0 -597.0 130.0 382.0 139.94741930432804 708.755191769138 0.0 1.0
27.0 -582.0 132.5 379.0 135.23207364650625 694.562168249196 0.0 1.0
18.0 -562.0 137.0 377.0 138.17949218552923 676.7377227498155 0.0 1.0
8.5 -568.25 137.0 376.0 137.26412889340224 681.3895055708556 0.0 1.0
13.5 -561.0 134.5 374.25 135.17911512619 674.3767992238845 0.0 1.0
35.0 -559.5 135.5 374.0 139.94863727703586 672.991956880214 0.0 1.0
52.5 -558.0 138.5 375.0 148.11724609743553 672.301329599486 0.0 1.0
139.0 -559.75 156.0 375.75 212.51010643973746 674.1722668164414 0.0 1.0
207.5 -561.25 159.0 375.25 261.4152286092135 675.1401671181261 0.0 1.0
207.5 -561.75 152.0 374.75 257.2172979422904 675.2782155282966 0.0 1.0
211.5 -575.75 159.0 376.5 264.61608991730554 687.9686852554573 0.0 1.0
133.0 -589.0 185.0 377.0 234.45848870459523 699.3211157795669 0.0 1.0
-112.0 -580.5 197.5 374.25 230.2474954743835 690.6970355029557 0.0 1.0
-135.5 -557.09375 173.0 493.3928571428571 219.86686318119382 670.1217796058916 0.0 0.0
-88.5 -539.21875 177.95 454.96428571428567 207.08684666799027 654.7972492744199 0.0 0.0
-36.5 -521.34375 182.55 416.5357142857143 195.04682018144183 639.4727189429482 0.0 0.0
4.0 -503.46875 186.0 378.1071428571429 186.04904987654697 624.1481886114766 0.0 0.0
35.0 -511.5 181.5 372.25 185.11883092365358 632.6192441555538 0.0 1.0
77.0 -509.5 221.5 389.75 234.51192815596 641.5080990388846 0.0 1.0
360.0 -519.0 350.5 384.5 508.57265408929544 645.9122753567924 0.0 1.0
627.5 -523.5 414.5 381.5 752.0644787736699 647.7613479365211 0.0 1.0
617.0 -516.5 403.5 387.25 737.233804549674 645.5594943088015 0.0 1.0
577.5 -515.5 401.0 378.5 703.0735772349658 639.5486139826938 0.0 1.0
561.5 -559.0 403.5 401.0 691.4440256047819 687.9690041935912 0.0 1.0
568.5 -640.5 410.5 424.0 701.2176296128209 768.749098311625 0.0 1.0
573.5 -542.0 421.5 422.0 711.7391314997888 686.9237839816117 0.0 1.0
559.5 -611.0 428.5 430.0 704.7362421018349 747.1447270416921 0.0 0.0
553.0 -535.75 424.0 432.25 696.8392928071723 688.3887779491104 0.0 0.0
567.5 -534.0 421.0 430.0 706.6097499647597 685.6100284478403 0.0 1.0
575.5 -536.0 424.5 428.5 715.1227783336071 686.2277099021087 0.0 1.0
563.5 -535.5 420.5 428.5 703.102505095615 685.8400851452752 0.0 1.0
553.5 -540.0 413.5 424.75 690.9012230413259 687.0322918201941 0.0 1.0
564.0 -543.0 414.0 423.0 699.6370569741978 688.3159519777324 0.0 1.0
574.5 -546.5 417.5 422.0 710.1806145692055 690.4684087928445 0.0 1.0
565.0 -549.0 419.0 420.5 703.4108318415581 691.5366682959473 0.0 1.0
548.0 -554.5 415.5 421.75 687.7094889982806 696.6662993586635 0.0 1.0
547.5 -551.75 414.0 386.75 686.405426154912 674.4262233462146 0.0 1.0
556.0 -567.5 415.5 330.5 694.101295447297 656.8810001424798 0.0 1.0
549.0 -563.75 415.0 335.25 688.2049773924407 655.9014082666604 0.0 1.0
530.5 -562.5 404.5 326.5 667.1210802189612 650.3933363498463 0.0 1.0
529.0 -672.5 398.0 358.0 662.0007626805473 763.0221159606783 0.0 1.0
545.0 -570.0 395.5 350.75 673.3847382450535 669.279420725506 0.0 1.0
553.5 -582.0 391.0 354.25 677.6749465816508 681.4142813459534 0.0 1.0
546.0 -629.75 390.0 365.25 670.9813808992974 728.8348585863239 0.0 1.0
539.0 -565.5 392.5 359.5 666.766272444042 670.097398611935 0.0 1.0
537.5 -589.25 381.0 355.25 658.8379287767966 688.1545851589707 0.0 1.0
534.5 -585.75 383.0 351.0 657.5560914003504 682.8664565840651 0.0 1.0
523.0 -553.75 384.0 337.5 648.8343315141658 648.5186690068047 0.0 1.0
511.5 -563.75 383.0 167.25 639.0006969883253 588.0450570766518 0.0 0.0
513.5 -550.5 383.0 162.25 640.6022637915954 573.9126703764214 0.0 0.0
520.5 -553.25 384.0 155.75 646.8203057509252 574.7588351273491 0.0 0.0
525.0 -552.25 389.5 152.75 653.7088501321823 572.9876398102996 0.0 0.0
520.5 -514.0 396.0 133.25 654.0155515388344 531.0738948763566 0.0 0.0
524.0 -484.75 416.5 75.75 669.364110927064 490.66934984254 0.0 0.0
519.0 -481.5 429.0 62.75 673.3513669445688 485.57473560347887 0.0 0.0
437.01250000000005 -492.5 407.15 56.0 668.9372280130242 495.6737376905261 0.0 0.0
326.36249999999995 -494.5 377.35 54.0 661.5992730901153 497.4411694175084 0.0 0.0
215.71249999999998 -496.5 347.55 52.5 654.2613181672062 499.26811807155957 0.0 0.0
105.06249999999997 -493.5 317.75 43.5 646.9233632442973 495.4138101122385 0.0 0.0
-5.587500000000006 -492.75 287.95 41.25 639.5854083213884 494.47431716370744 0.0 0.0
-116.23750000000007 -498.25 258.15 19.25 632.2474533984794 498.641236182518 0.0 0.0
-226.88750000000005 -495.0 228.35 9.5 624.9094984755704 495.33821218151326 0.0 0.0
-337.5375 -491.5 198.55 19.0 617.5715435526615 491.8671075525922 0.0 0.0
-448.18750000000006 -488.0 168.75 21.5 610.2335886297525 488.4736656016089 0.0 0.0
-558.8375 -488.5 138.95 20.0 602.8956337068436 488.90924686839514 0.0 0.0
-698.0 -441.5 261.0 72.0 745.2146595511134 447.77891839402434 0.0 0.0
-629.5 -427.1 260.5 110.10000000000001 681.27161630387 448.5096808337374 0.0 0.0
-580.5 -463.9 251.0 196.89999999999998 632.4621640302423 510.4873493061125 1.0 0.0
-560.0 -522.5 251.5 281.0 613.8856970035338 593.2718351438702 1.0 0.0
-556.5 -561.0 260.5 341.25 614.4550158297927 656.6373224126711 1.0 0.0
-564.0 -558.0 264.0 352.0 622.7296200804918 659.7861323923823 1.0 1.0
-567.5 -540.5 263.5 364.5 625.6913597498738 651.9467995729327 1.0 1.0
-567.5 -536.5 261.5 368.0 624.8513914894143 650.5848899702235 1.0 1.0
-578.0 -543.75 260.0 361.25 633.7874602211838 652.8210737697968 1.0 1.0
-582.5 -559.25 259.5 346.25 637.6884359934472 657.7657064989015 1.0 1.0
-580.0 -556.0 259.5 345.0 635.4058744468358 654.3402279927631 1.0 1.0
-576.5 -553.75 257.5 345.25 631.3942946049565 652.5618597279234 1.0 1.0
-572.0 -551.75 255.0 346.75 626.2659369175612 651.6638313525414 1.0 1.0
-568.5 -556.25 254.5 358.75 622.8677595310094 661.9505922490432 1.0 1.0
-568.0 -573.5 258.5 362.0 624.0566388628142 678.2125087111898 1.0 1.0
-569.5 -573.75 259.0 363.5 625.6288493623215 679.219049554476 1.0 1.0
-569.0 -559.5 258.0 366.0 624.7599880223808 668.5777972241181 1.0 1.0
-565.5 -562.5 255.0 362.75 620.3347886423911 669.3234954860625 1.0 1.0
-561.5 -560.75 253.5 360.75 616.0718645812011 666.7692746240715 1.0 1.0
-558.0 -555.75 255.0 360.0 613.5055061867072 662.1631280472113 1.0 1.0
-543.5 -553.5 240.0 357.25 594.1316463350306 658.7793079475714 1.0 1.0
-544.0 -551.75 242.0 355.5 595.3990605471656 656.3599457651787 1.0 1.0
-544.5 -561.5 242.5 351.75 596.0591951949527 662.6225755942463 1.0 1.0
-543.5 -533.75 243.5 353.0 595.5549913735463 639.9422255069417 1.0 1.0
-544.0 -544.2083333333333 277.0 330.41666666666663 610.4631016915391 637.7690696648342 1.0 1.0
-544.0 -605.0416666666667 278.5 310.08333333333337 611.1451939465403 683.1677952459622 1.0 0.0
-544.5 -665.875 279.0 289.75 611.8180301267084 728.5665208270902 1.0 0.0
-542.5 -730.5 278.5 296.25 609.8102547967932 788.3932311533093 1.0 0.0
-540.5 -552.75 275.5 355.5 606.6634582344841 657.2353371991787 1.0 1.0
-553.5 -548.25 273.5 357.75 617.3967919283268 654.6473594204335 1.0 1.0
-559.5 -554.25 272.0 357.0 622.1130898863139 659.2806821244989 1.0 1.0
-562.0 -554.0 271.5 361.5 624.1445767566656 661.590712983364 1.0 1.0
-563.0 -541.0 271.5 368.75 625.0449983801167 654.738939735972 1.0 1.0
-564.0 -547.75 271.0 367.75 625.7291746434714 659.7523430311044 1.0 1.0
-564.5 -570.5 270.0 373.5 625.7479152625784 682.0948239742345 1.0 1.0
-565.0 -575.25 270.5 372.0 626.4146363374025 685.0699374795977 1.0 1.0
-562.5 -571.75 271.0 381.5 624.3776524700531 687.3460857894559 1.0 1.0
-559.5 -572.25 271.0 380.0 621.6761616790529 686.9503558320841 1.0 1.0
-526.5 -574.5 257.5 370.0 586.1226386977241 683.3592044464717 1.0 1.0
-513.0 -573.5 258.5 358.5 574.4488222424793 676.3354886052583 1.0 1.0
-498.0 -561.75 272.0 357.75 567.4399152713606 666.0086718248398 1.0 1.0
-489.5 -564.75 285.5 347.25 566.6749509198373 662.993845892029 1.0 1.0
-443.0 -561.75 298.5 348.5 534.7490146052438 661.1633447001971 1.0 1.0
-260.0 -536.0 395.5 351.75 476.49484970150536 641.1391386273165 0.0 1.0
-142.8 -534.75 424.29999999999995 344.5 458.44897871922666 636.1115418600898 0.0 1.0
-57.20000000000002 -539.75 436.70000000000005 352.0 451.36666479559824 644.3893351837788 0.0 1.0
3.5 -537.5 440.0 362.5 440.02746467643846 648.315140121563 0.0 1.0
29.5 -536.0 430.0 361.5 431.0150378339471 646.5135889302665 0.0 1.0
228.0 -619.75 480.5 449.25 534.0170199490024 765.579069525777 0.0 1.0
358.0 -539.5 487.25 377.0 607.8318436009729 658.1715086211002 0.0 1.0
418.5 -536.0 472.0 361.0 630.8260821845543 646.2336377442605 0.0 1.0
482.5 -532.25 517.5 356.75 707.8977590899564 640.7501450995553 0.0 1.0
538.0 -530.0 551.0 356.25 770.1261492397473 638.6032160930529 0.0 1.0
492.0 -539.25 515.5 348.0 712.6210480238202 641.9047636728726 0.0 1.0
479.0 -556.75 475.5 330.0 674.9490829549294 647.20234348257 0.0 1.0
614.0 -545.5 567.5 332.5 836.1485792289465 638.8537041858481 0.0 1.0
572.5 -458.5 531.5 302.25 781.1853140159699 549.5208174127857 0.0 0.0
518.5 -344.65625 507.5 246.40625 725.6103229240568 423.6882282232864 0.0 0.0
437.5 -247.53125 481.0 176.28125 650.5664978477282 303.90674296247016 0.0 0.0
247.0 -150.40625 515.5 106.15625 579.2695569221006 184.125257701654 0.0 0.0
59.5 -53.28125 490.5 36.03125 494.0993893300905 64.34377244083778 0.0 0.0
14.499999999999998 -43.0 484.5 35.5 486.6046502695339 55.77519638662723 0.0 0.0
-28.5 -55.25 480.5 34.25 481.34447944061407 65.01577534206511 0.0 0.0
-46.0 -55.25 478.0 35.75 480.2092229102508 65.81193646208466 0.0 0.0
-86.5 -54.75 464.0 36.25 472.41835052698764 65.66300298714387 0.0 0.0
-154.17857142857142 -24.5 433.0 32.0 470.8074667467206 40.30980759367009 0.0 0.0
-219.75 -22.0 405.0 33.5 477.23888200706807 40.07830572520417 0.0 0.0
-285.32142857142856 -22.25 377.0 33.25 483.67029726741555 40.021338137129135 0.0 0.0
-330.5 -24.0 356.5 31.5 486.1411469391485 39.62592808832946 0.0 0.0
-330.0 -25.25 351.0 30.0 481.7876654941909 39.21512364505624 0.0 0.0
-346.0 -19.0 351.5 71.0 493.33977240543277 73.56531708028544 0.0 0.0
-548.0 -19.25 264.5 79.5 609.9683372382538 81.7988764390904 0.0 0.0
-627.0 -20.0 222.0 82.5 665.1653007142984 84.88996121243127 1.0 0.0
-602.0 -21.0 229.0 84.0 644.1023590271134 86.58530306203191 1.0 0.0
-598.0 -28.75 252.0 95.75 648.9326137336611 100.07469510132515 1.0 0.0
-596.0 -138.60714285714286 265.0 135.67857142857142 652.2620380710044 209.8606422657924 1.0 0.0
-593.5 -274.75 269.0 175.25 651.6258242211261 340.1972230766154 1.0 0.0
-595.0 -410.8928571428571 298.0 214.82142857142856 665.4543186436488 470.5338038874384 1.0 0.0
-583.0 -526.0 298.0 266.5 654.7490469693147 590.1089385967755 1.0 0.0
-570.0 -562.75 296.5 337.0 642.5053581217376 655.9586338962006 1.0 1.0
-562.0 -561.75 294.0 338.0 634.2567771022441 655.5970356585599 1.0 1.0
-555.5 -562.75 287.0 341.25 625.2593939175899 658.135068874254 1.0 1.0
-548.0 -561.0 283.0 351.5 616.7600830144571 662.0232161408987 1.0 1.0
-547.5 -563.0 286.0 349.75 617.6993171485582 662.7931043885454 1.0 1.0
-548.5 -561.5 292.5 348.5 621.6176922784026 660.8594570018165 1.0 1.0
-548.5 -562.75 294.0 353.25 622.324874964837 664.4440567638005 1.0 1.0
-543.0 -577.75 295.0 342.25 617.95954560149 671.5146576025355 1.0 1.0
-536.0 -585.5 298.0 341.0 613.2699723853626 677.5627314655353 1.0 1.0
-522.0 -586.25 303.5 337.75 603.8180603459953 676.5828853094364 1.0 1.0
-426.7105263157895 -586.25 313.4078947368421 337.75 619.9573232734899 676.5834568765956 1.0 1.0
-299.6578947368421 -589.5 326.61842105263156 334.75 641.4763405101494 677.9283731821954 1.0 1.0
-172.60526315789474 -592.25 339.82894736842104 345.0 662.9953577468088 685.4878736786097 1.0 1.0
-45.55263157894737 -587.75 353.0394736842105 355.25 684.5143749834683 686.7718477940989 1.0 1.0
81.5 -585.25 366.25 355.5 706.0333922201279 684.7611476605472 1.0 1.0
208.55263157894734 -585.0 379.4605263157895 354.5 727.5524094567875 684.0288872457883 1.0 1.0
335.60526315789474 -583.0 392.67105263157896 354.5 749.0714266934469 682.3190236245799 0.0 1.0
462.65789473684214 -578.0 405.88157894736844 355.5 770.5904439301064 678.5751616438669 0.0 1.0
589.7105263157895 -583.25 419.0921052631579 355.0 792.1094611667659 682.7997712897536 0.0 1.0
724.0 -576.75 447.0 355.5 850.888841387196 677.5113694169196 0.0 1.0
678.0 -573.5 418.0 355.0 796.6020582482963 674.4833013231884 0.0 1.0
618.5 -570.5 415.5 355.5 745.1621950841395 672.2002649281999 0.0 1.0
585.5 -564.25 406.0 353.75 712.4960580404406 665.9726683914778 0.0 1.0
552.0 -552.0 395.5 355.0 679.0640242016381 656.2994749981233 0.0 1.0
528.5 -543.75 386.5 357.25 654.7476659957886 650.6091060206168 0.0 1.0
528.0 -541.5 387.0 354.75 654.6397949170821 647.3560460705944 0.0 1.0
530.5 -538.75 392.0 351.0 659.6214149230984 643.0028887026853 0.0 1.0
518.5 -531.25 393.0 352.75 650.6094907964978 637.6983063306303 0.0 1.0
497.5 -531.5 394.5 347.0 634.9306996995585 634.7546480739131 0.0 1.0
490.5 -540.5 397.5 336.5 631.3467756665098 636.6936366332163 0.0 1.0
500.5 -544.75 400.5 338.25 641.0153293091735 641.2242071911512 0.0 1.0
503.125 -536.25 398.375 336.625 641.7491260663003 633.1537376902054 0.0 1.0
497.75 -538.5 395.25 336.5 635.5924454111639 634.9942903439086 0.0 1.0
491.25 -542.0 394.0 337.5 629.7354184892719 638.4959074532039 0.0 1.0
513.75 -544.5 408.75 334.5 656.5274916818655 639.039821933384 0.0 1.0
500.0 -544.5 403.5 332.0 642.5053598204579 637.7337809056041 0.0 1.0
500.5 -549.0 406.0 325.5 644.4659094211324 638.2413257576761 0.0 1.0
498.0 -548.0 408.75 325.0 644.2703165201149 637.1256273698541 0.0 1.0
496.75 -546.0 415.0 323.5 647.2921447860142 634.6407130222323 0.0 1.0
501.0 -547.0 419.0 323.0 653.1184014382952 635.247102891869 0.0 1.0
508.0 -548.5 424.75 322.5 662.1772559796356 636.2849249749119 0.0 1.0
506.5 -539.0 426.5 326.5 662.15195735423 630.1773706161457 0.0 1.0
502.5 -536.5 425.25 358.5 658.288879725269 645.7060758425473 0.0 1.0
503.25 -525.0 426.75 385.0 659.8305035182343 651.0395649910265 0.0 1.0
508.5 -534.5 428.5 383.0 664.970797076676 657.5556365700345 0.0 1.0
487.0 -543.5 413.75 379.0 639.0501405425613 662.6018526206017 0.0 1.0
469.0 -543.5 403.5 379.0 618.6870041518728 662.5959038463415 0.0 1.0
472.75 -543.5 404.0 380.0 621.8589782893232 663.1695568171742 0.0 1.0
480.5 -547.5 406.5 380.0 629.3828091409064 666.4509921139588 0.0 1.0
466.5 -546.5 409.0 381.0 620.5027268135673 666.2006195048132 0.0 1.0
311.5 -546.0 441.25 382.0 540.3144478349415 666.3641821432745 0.0 1.0
278.0 -542.5 443.75 385.0 523.6891470253222 665.2302338392748 0.0 1.0
258.75 -545.0 441.5 385.0 511.8400603631968 667.2705598181295 0.0 1.0
232.0 -547.0 439.25 387.0 496.9449813556267 670.0586227629201 0.0 1.0
191.675 -547.5 434.475 386.5 487.21115619313116 670.1782527235082 0.0 1.0
92.375 -551.5 422.375 389.0 483.50462926693524 674.8879429254623 0.0 1.0
-6.924999999999997 -549.5 410.275 387.0 479.7981023407393 672.1006357788392 0.0 1.0
-106.225 -551.25 398.17499999999995 386.875 476.09157541454334 673.460579824004 0.0 1.0
-205.52499999999998 -548.5 386.07500000000005 386.25 472.3850484883474 670.8511902562698 0.0 1.0
-269.0 -552.5 379.0 387.75 464.87050139951975 674.98699953211 0.0 1.0
-254.5 -555.5 377.5 388.25 455.3206297301483 677.7308644343141 0.0 1.0
-131.0 -558.0 341.0 387.0 374.4701582799881 679.0684515449199 0.0 1.0
-158.25 -560.5 301.875 387.5 384.9592000157529 681.4077933572773 0.0 1.0
-325.91666666666663 -554.5 289.70833333333337 387.0 481.31341327997325 676.1946948476034 0.0 1.0
-493.5833333333333 -560.0 277.54166666666663 387.0 577.6676265441936 680.7146758755393 0.0 1.0
-511.0 -558.5 279.0 387.25 582.204432849188 679.6213902157424 1.0 1.0
-500.0 -558.0 277.5 386.5 571.8469845358159 678.7830426178291 1.0 1.0
-505.5 -558.25 281.0 383.25 578.3554460706443 677.143753253117 1.0 1.0
-513.5 -556.75 286.0 385.25 587.7764299152283 677.0444696676491 1.0 1.0
-517.5 -557.0 284.0 385.75 590.306960712558 677.5339068008952 1.0 1.0
-526.5 -561.5 287.0 385.0 599.6492978063466 680.8161166942815 1.0 1.0
-543.5 -564.25 287.0 386.75 614.6323573846969 684.0719381651008 1.0 1.0
-554.5 -562.25 278.5 389.5 620.5099123054963 683.9851280242891 1.0 1.0
-553.0 -565.75 272.5 385.5 616.4953247966082 684.6050033355139 1.0 1.0
-545.5 -488.0 277.0 364.5 611.8041197455824 609.35151267174 1.0 1.0
-536.5 -308.60714285714283 283.5 312.07142857142856 606.8137146017139 485.2800358677579 1.0 0.0
-524.5 -144.75 296.5 269.5 602.5445666830716 396.53237276147155 1.0 0.0
-503.5 19.10714285714286 308.5 226.92857142857144 590.5095414751945 307.7847096551852 1.0 0.0
-487.0 173.5 322.0 239.5 583.8420463320358 295.74121915571004 1.0 0.0
-480.0 240.5 332.5 272.5 583.918786837686 363.4701784039503 1.0 0.0
-452.5 246.0 336.5 280.75 564.1499907573414 373.2797601623618 1.0 0.0
-261.5 249.0 315.5 285.0 411.0507575140896 378.4531613372425 0.0 0.0
-173.0 250.5 280.5 289.5 329.561056747741 382.83360083299715 0.0 0.0
-177.0 250.25 276.0 289.75 327.88143566231906 382.85784002064315 0.0 0.0
-181.0 251.25 272.0 289.75 326.7204172220879 383.5122235729379 0.0 0.0
-186.5 251.5 271.5 291.0 329.3852908868724 384.62092069563187 0.0 0.0
-197.5 248.5 271.0 248.0 335.33544771280185 351.9563043436611 0.0 0.0
-175.5 245.75 215.5 212.5 277.9230433715499 324.884077846913 0.0 0.0
-193.5 242.25 214.5 210.75 288.8814635797873 321.09305411125746 0.0 0.0
-210.5 242.25 218.5 211.25 303.401549106131 321.4212587576821 0.0 0.0
-224.5 241.5 219.0 212.0 313.6267685053612 321.3508848502345 0.0 0.0
-230.5 219.75 218.0 195.75 317.26053962004164 294.305132400205 0.0 0.0
-228.0 187.25 216.0 165.75 314.0702237966477 250.07716534320792 0.0 0.0
-347.5 184.5 263.5 165.5 436.8775195064854 247.85177021760404 0.0 0.0
-512.0 184.75 272.0 165.25 579.8275872641259 247.87143767120742 0.0 0.0
-520.0 185.25 267.5 163.75 584.7709899403392 247.24835596501734 1.0 0.0
-511.5 185.75 264.5 162.75 575.8407297135486 246.96387636656814 1.0 0.0
-510.0 186.0 262.0 161.25 573.362060308968 246.1663739027608 1.0 0.0
-508.0 190.0 258.5 156.25 569.9879835748812 246.02304095243187 1.0 0.0
-507.0 194.0 255.0 153.75 567.5156830200203 247.53935054633473 1.0 0.0
-505.5 195.0 254.0 153.75 565.7266961031162 248.32257456883352 1.0 0.0
-508.0 195.75 262.5 153.0 571.8131653629787 248.45245899323027 1.0 0.0
-508.0 196.25 266.0 151.25 573.4284577910678 247.77170917292185 1.0 0.0
-507.5 196.0 269.5 149.5 574.6187388244439 246.5093957577709 1.0 0.0
-508.5 196.5 270.5 147.75 575.9710885619045 245.85183015184106 1.0 0.0
-510.0 198.0 269.5 147.25 576.8288302157835 246.75402407970535 1.0 0.0
-511.5 199.5 264.5 148.0 575.8413748749697 248.4043865439366 1.0 0.0
-512.5 198.0 260.0 149.0 574.6803458944978 247.8006448995732 1.0 0.0
-513.0 197.5 256.5 148.5 573.5518285212491 247.100364815026 1.0 0.0
-514.0 196.75 254.0 148.75 573.3351986164992 246.65207810401478 1.0 0.0
-514.0 211.75 251.0 156.0 572.0115399737382 263.0318102616883 1.0 0.0
-514.0 348.8 251.0 6.149999999999999 572.0115399737382 351.79584430281756 1.0 0.0
-514.5 444.0 253.5 82.75 573.5612885891755 457.93963718162036 1.0 0.0
-522.5 539.2 278.5 159.35 592.0882894102938 564.0834300604231 1.0 0.0
-523.0 560.0 286.0 258.5 596.0915973656238 617.9019773938132 1.0 0.0
-524.0 554.75 290.0 300.5 598.8956503431963 630.9109563641443 1.0 0.0
-523.5 574.5 292.5 302.25 599.6736612525183 649.1881671763279 1.0 0.0
-523.5 533.0 294.0 294.0 600.4067371374175 608.9547152581881 1.0 0.0
-523.5 544.5 296.5 306.75 601.6349064996696 625.2969963484447 1.0 0.0
-524.5 517.0 294.5 314.0 601.5236404958589 604.8846764821913 1.0 0.0
-523.5 517.75 295.5 313.5 601.1428196288114 605.2663292033203 1.0 0.0
-524.0 518.5 294.5 314.0 601.0876059374552 606.1672389251219 1.0 0.0
-524.5 494.5 293.0 304.5 600.7905208972592 580.738062940024 1.0 0.0
-525.0 493.5 292.5 303.0 600.9836180960168 579.0956077765815 1.0 0.0
-525.5 493.0 293.0 303.0 601.6637349882408 578.6926108367627 1.0 0.0
-518.0 491.5 287.0 308.5 592.2154555779125 580.2969676434348 1.0 0.0
-509.5 493.25 274.0 312.75 578.5041276167036 584.0672837894248 1.0 0.0
-508.0 501.5 277.5 325.75 578.8526950310682 598.0103773097106 1.0 0.0
-506.5 501.25 281.5 322.75 579.4692045293523 596.1709121420328 1.0 0.0
-505.5 499.5 283.0 317.25 579.32654867527 591.733412966222 1.0 0.0
-504.0 501.0 282.5 319.0 577.7739291948503 593.937856919995 1.0 0.0
-502.5 501.75 281.5 324.25 575.9762931618184 597.4041439013507 1.0 0.0
-502.0 502.5 286.5 325.5 578.0023488259856 598.7125154084019 1.0 0.0
-503.0 502.75 294.5 326.5 582.8716100662502 599.4663399094932 1.0 0.0
-503.5 504.75 299.5 327.5 585.843632171084 601.6883018854975 1.0 0.0
-503.5 509.75 302.0 327.0 587.1254688261204 605.6206425398914 1.0 0.0
-503.5 512.5 301.0 326.5 586.6117703947267 607.6668302428678 1.0 0.0
-502.5 512.25 298.5 325.75 584.4753687565606 607.0529170516487 1.0 0.0
-502.0 512.75 289.0 324.25 579.2470990498979 606.6718585579381 1.0 0.0
-500.5 513.0 282.0 324.0 574.480013710158 606.7495364645943 1.0 0.0
-502.0 513.5 275.5 322.5 572.6294108167523 606.3736267316942 1.0 0.0
-504.0 513.5 272.5 321.5 572.9506466086068 605.8419968182336 1.0 0.0
-505.5 513.0 271.0 321.5 573.56020242965 605.418392105605 1.0 0.0
-520.5 513.5 285.5 323.0 593.7144730770002 606.6395854922386 1.0 0.0
-526.0 506.75 299.0 315.75 605.0431298235021 597.0720251120264 1.0 0.0
-522.5 491.0 298.5 305.0 601.7545180553279 578.0293539804015 1.0 0.0
-521.0 486.33333333333337 297.5 299.0 599.9563608915025 570.9085576454238 1.0 0.0
-516.0 481.66666666666663 300.5 293.0 597.1233122228607 563.7877613104461 1.0 0.0
-499.5 505.75 300.5 298.75 582.9240945440496 587.4110514582753 1.0 0.0
-402.2205882352941 497.5 297.27941176470586 284.0 589.571298043784 572.8545290431509 1.0 0.0
-272.5147058823529 507.5 292.9852941176471 283.5 598.43423604343 581.3221335510249 1.0 0.0
-142.80882352941174 519.0 288.69117647058823 283.5 607.297174043076 591.3826532351914 1.0 0.0
-13.102941176470551 531.5 284.3970588235294 286.75 616.160112042722 603.9210656131988 1.0 0.0
116.60294117647067 538.0 280.1029411764706 288.25 625.023050042368 610.3540866253388 1.0 0.0
246.30882352941182 538.0 275.80882352941177 288.0 633.885988042014 610.236656769354 0.0 0.0
376.014705882353 535.25 271.5147058823529 286.75 642.74892604166 607.2226014325724 0.0 0.0
505.7205882352942 534.0 267.22058823529414 286.0 651.6118640413059 605.7667208682783 0.0 0.0
624.5 590.75 322.0 271.5 703.8681093135247 650.1524183196489 0.0 0.0
617.5 579.75 359.0 274.0 714.2886437900684 641.3641707128959 0.0 0.0
597.0 557.0 380.5 280.0 708.1844742427069 623.4172371036025 0.0 0.0
528.0 535.5 360.0 286.5 639.0672352652834 607.3808584142118 0.0 0.0
516.5 526.75 350.5 293.25 624.1975022714234 602.8813203843237 0.0 0.0
515.0 529.25 351.5 298.0 623.5201115034613 607.379269933554 0.0 0.0
515.0 531.5 356.5 297.0 626.3524718653616 608.8530299249312 0.0 0.0
519.5 529.5 363.5 298.25 634.0471152720532 607.7198038130862 0.0 0.0
520.5 529.5 370.5 297.75 638.9004202189486 607.4748882583659 0.0 0.0
517.0 530.25 377.0 295.75 639.859570373759 607.1533973167213 0.0 0.0
516.0 530.5 381.5 294.5 641.7166088471788 606.7623578423031 0.0 0.0
518.5 527.75 383.0 294.5 644.617202883949 604.3594355521343 0.0 0.0
521.0 526.75 385.5 293.75 648.1137335007988 603.12821152119 0.0 0.0
523.5 530.25 385.5 299.75 650.12498798308 609.1103395641182 0.0 0.0
526.0 530.5 383.0 302.25 650.6650443968847 610.561820910433 0.0 0.0
529.0 529.5 380.5 303.25 651.6296877828695 610.1895788847983 0.0 0.0
530.0 529.25 377.5 304.75 650.6967419620295 610.7194458623577 0.0 0.0
532.0 530.0 375.0 305.5 650.8860860830503 611.7437679714315 0.0 0.0
530.0 527.0 370.0 306.5 646.3750747494342 609.6498431894306 0.0 0.0
524.5 527.0 367.0 307.5 640.1493493444493 610.1519782012139 0.0 0.0
523.5 527.0 363.5 306.25 637.326809779493 609.5228537323192 0.0 0.0
523.5 526.75 359.0 306.0 634.771200140875 609.181596166125 0.0 0.0
522.5 525.75 357.5 304.75 633.101419638514 607.6890454402819 0.0 0.0
521.0 523.75 356.5 299.25 631.2978585661799 603.2221021517203 0.0 0.0
520.0 527.0 356.5 300.0 630.4728255410596 606.4070126310646 0.0 0.0
516.0 482.5 357.0 302.75 627.4621278238264 570.0232155758806 0.0 0.0
501.5 288.09375 352.5 220.15625 612.9938969237323 415.4838426438624 0.0 0.0
475.5 74.46875 335.5 232.78125 581.9455155702204 458.9693375666859 0.0 0.0
442.15 -139.15625 332.5 245.40625 553.9045051120435 502.4548324895095 0.0 0.0
398.35 -352.78125 328.5 258.03125 517.0612157021815 545.9403274123331 0.0 0.0
365.5 -522.75 326.5 290.75 490.0949460879664 598.3695446532817 0.0 1.0
310.75 -537.5 340.25 322.5 463.4086662855234 626.8337159239472 0.0 1.0
173.0 -535.25 361.0 341.0 407.93662513403217 634.6929088027866 0.0 1.0
-70.34375 -546.25 170.625 336.25 201.18258699378276 641.4860548503138 0.0 1.0
-221.71875 -549.75 189.125 339.25 329.3066979299696 645.999908680277 0.0 1.0
-373.09375 -548.5 207.625 340.75 457.4308088661563 645.7414925440133 0.0 1.0
-524.46875 -555.0 226.125 338.5 585.5549198023432 650.0839477239949 0.0 1.0
-628.5 -561.75 242.5 334.75 673.6850836371166 653.9272830902382 1.0 1.0
-586.0 -542.75 226.5 344.0 628.2875214170354 642.6894265886542 1.0 1.0
-594.0 -542.5 236.5 344.5 639.365075866288 642.6601686069555 1.0 1.0
-526.5 -540.0 254.0 346.25 584.5668813739462 641.5176854081751 1.0 1.0
-550.0 -529.25 253.5 338.5 605.6096252106706 628.2421989334352 1.0 1.0
-521.0 -393.25 248.0 253.0 577.0220508457016 467.7356685239913 1.0 0.0
-524.0 -307.63157894736844 260.5 201.35526315789474 585.1901107688769 391.158576535753 1.0 0.0
-534.5 -252.47368421052633 270.5 187.82894736842104 599.049706597081 368.59020342101167 1.0 0.0
-562.5 -197.31578947368422 278.0 174.30263157894737 627.4477767835773 346.0218303062703 1.0 0.0
-587.5 -142.1578947368421 288.0 160.7763157894737 654.2955795005996 323.45345719152897 1.0 0.0
-593.5 -87.00000000000001 298.0 147.25 664.1131676876579 300.8850840767876 1.0 0.0
-582.5 -31.84210526315792 299.0 133.7236842105263 654.7577686206366 278.3167109620463 1.0 0.0
-554.0 23.31578947368419 299.5 120.19736842105263 629.778771262052 255.74833784730495 1.0 0.0
-522.5 78.4736842105263 292.0 106.67105263157895 598.5578723419737 233.1799647325636 1.0 0.0
-519.5 133.63157894736838 295.0 93.14473684210526 597.4168755258363 210.61159161782226 1.0 0.0
-509.5 172.0 296.0 95.25 589.2423759226328 196.98911114517557 1.0 0.0
-501.0 152.5 294.5 141.75 581.147252830501 208.21447225936527 1.0 0.0
-487.5 168.5 295.0 149.0 569.8084057435334 227.50359237695454 1.0 0.0
-475.0 199.5 296.0 121.75 559.6793953436218 233.76633615800188 1.0 0.0
-467.5 205.5 301.5 130.75 556.2902064092475 243.570574227743 1.0 0.0
-471.5 208.75 305.0 131.5 561.5489738215181 246.71622664169902 1.0 0.0
-480.0 207.75 307.0 129.5 569.7798629201777 244.80825201651248 1.0 0.0
-487.0 208.0 306.5 127.0 575.4253464563998 243.7106676695766 1.0 0.0
-503.5 208.25 308.5 126.5 590.5030901572843 243.66042155762443 1.0 0.0
-512.5 208.0 313.5 127.0 600.7816798814486 243.70693033068514 1.0 0.0
-501.0 191.5 298.5 109.5 583.2818325667273 220.70398149435312 1.0 0.0
-487.0 174.75 280.0 95.5 561.7553726654194 199.1434773821265 1.0 0.0
-482.0 171.0 284.0 87.75 559.4462122723507 192.2007075231602 1.0 0.0
-474.0 172.25 285.5 90.25 553.3413127234026 194.46188738820683 1.0 0.0
-464.5 172.5 285.0 91.0 544.964197449922 195.03140772706328 1.0 0.0
-459.5 173.0 287.5 91.75 542.0306436560988 195.8245889616673 1.0 0.0
-461.5 171.5 288.5 88.5 544.265204283648 192.98882085738086 1.0 0.0
-466.5 172.75 286.0 91.75 547.1923708411961 195.60326100973657 1.0 0.0
-468.0 173.0 286.5 93.5 548.7323115606732 196.650561870069 1.0 0.0
-471.5 144.25 284.5 117.0 550.6856050446809 185.74489551570917 1.0 0.0
-480.0 144.0 283.5 118.25 557.4700278046505 186.33056083955591 1.0 0.0
-485.0 144.5 286.5 118.25 563.3079678810439 186.7172994994688 1.0 0.0
-485.5 144.0 298.5 118.0 569.9233348965993 186.17223324977584 1.0 0.0
-470.5 143.75 304.5 117.75 560.4380630056603 185.82047458878066 1.0 0.0
-425.1666666666667 144.75 321.66666666666663 117.75 542.4485301667911 186.59529688147765 1.0 0.0
-364.05555555555554 146.0 343.2222222222222 117.0 517.1783718395059 187.09649319276463 1.0 0.0
-302.94444444444446 146.0 364.7777777777778 117.0 491.90821351222064 187.09649319276463 1.0 0.0
-241.83333333333331 145.75 386.33333333333337 116.5 466.63805518493535 186.590594912656 1.0 0.0
-138.5 145.25 394.0 117.0 420.8016289092498 186.51162723715902 0.0 0.0
26.8125 146.5 372.0 117.5 429.7606727628705 187.7994998265901 0.0 0.0
170.5625 146.25 354.0 118.0 477.55114127466027 187.91776697236918 0.0 0.0
314.3125 146.0 336.0 118.5 525.34160978645 188.0382958731965 0.0 0.0
458.0625 145.5 318.0 119.0 573.1320782982398 187.96635390964968 0.0 0.0
546.5 145.0 332.0 119.5 639.4466677749942 187.8973094021053 0.0 0.0
519.5 145.0 319.0 119.0 609.6417117714282 187.57931655702345 0.0 0.0
534.5 144.5 338.5 118.0 632.6710665384339 186.5592399666979 0.0 0.0
539.0 143.5 356.0 118.25 645.9846487725686 185.94508201289653 0.0 0.0
530.5 135.3125 384.5 110.90625 655.1968990431216 174.97208929181556 0.0 0.0
520.0 125.0625 396.0 100.78125 653.6326430976244 160.6439410033173 0.0 0.0
522.5 114.8125 392.0 90.65625 653.2064467293317 146.31579271481903 0.0 0.0
516.0 104.5625 381.5 80.53125 641.7172805177161 131.98764442632074 0.0 0.0
512.5 124.0 360.5 108.0 626.5920200868161 164.5528428211702 0.0 0.0
516.5 94.0 351.0 96.5 624.4785192619659 134.77926820273905 0.0 0.0
523.0 126.5 357.0 127.0 633.2292407889295 179.25223611028406 0.0 0.0
527.5 126.5 367.0 126.5 642.6084158858004 178.89801564019652 0.0 0.0
524.5 130.25 376.0 129.5 645.3514789430136 183.673876319385 0.0 0.0
517.5 129.0 390.0 128.5 648.0523099066313 182.08033941610836 0.0 0.0
515.5 129.5 410.0 128.0 658.6795128895351 182.0830854308 0.0 0.0
520.5 129.75 412.5 127.0 664.1360203725623 181.5601638044009 0.0 0.0
515.5 129.75 410.5 126.0 658.976932078928 180.86208235504898 0.0 0.0
498.5 129.0 405.0 126.0 642.2855578141596 180.32504556969008 0.0 0.0
487.0 129.25 398.5 125.25 629.262631265196 179.98402629726036 0.0 0.0
486.0 130.0 393.5 124.25 625.3308292239071 179.82795990273195 0.0 0.0
492.0 130.0 387.0 124.5 625.9658161244064 180.0010566655367 0.0 0.0
489.5 130.5 382.5 124.5 621.2222797734028 180.3621364828763 0.0 0.0
484.5 130.5 380.5 124.0 616.05489019651 180.01768974068756 0.0 0.0
488.0 131.0 381.5 124.0 619.4246468897168 180.38015411901608 0.0 0.0
500.5 131.5 384.5 123.75 631.1424852972494 180.57294324552805 0.0 0.0
506.5 132.0 382.5 123.5 634.7050378776469 180.76573237204 0.0 0.0
486.5 131.75 369.0 123.5 610.6118599325748 180.58333735995564 0.0 0.0
481.0 131.25 366.0 124.0 604.4155912004726 180.56258989632948 0.0 0.0
480.5 130.5 363.5 125.0 602.5095988384867 180.7076374467598 0.0 0.0
487.5 131.0 363.5 126.0 608.1024081346986 181.76113664990487 0.0 0.0
490.0 131.0 363.0 127.75 609.8106328914128 182.9783990937987 0.0 0.0
486.0 131.5 364.0 128.0 607.2001317522913 183.51123025364944 0.0 0.0
478.0 130.0 366.0 127.75 602.0302065474873 182.2638041290004 0.0 0.0
487.0 130.0 375.5 128.0 614.9547139323224 182.43937880385738 0.0 0.0
507.5 130.0 388.0 128.75 638.8277397787439 182.96610082732394 0.0 0.0
514.0 130.25 390.0 129.0 645.2108225663401 183.31964828868183 0.0 0.0
509.0 130.25 391.5 129.0 642.1474963547735 183.31964828868183 0.0 0.0
501.0 130.0 395.0 130.0 637.9861379750168 183.8477631085024 0.0 0.0
501.5 130.0 397.0 130.5 639.6180500892701 184.201993801956 0.0 0.0
508.5 130.5 397.5 130.5 645.4290473601421 184.5562244954096 0.0 0.0
515.25 131.0 399.5 130.0 651.9838057351305 184.5562244954096 0.0 0.0
511.25 131.0 399.75 130.0 648.9849458377694 184.5562244954096 0.0 0.0
508.5 131.0 400.25 129.5 647.1285417474413 184.20471340319187 0.0 0.0
507.5 130.5 397.75 129.0 644.7996702692533 183.4972751841291 0.0 0.0
512.0 129.5 395.25 128.0 646.8146850795331 182.0834246827809 0.0 0.0
480.75 130.0 397.0 128.0 623.4839476772321 182.43903091169932 0.0 0.0
479.0 130.0 396.75 128.0 621.9749862679921 182.43903091169932 0.0 0.0
476.0 130.5 396.75 127.5 619.667141101508 182.44623292097017 0.0 0.0
475.5 129.0 397.5 127.5 619.7632612538436 181.375990693366 0.0 0.0
476.5 128.0 398.5 128.0 621.1723500291205 181.01933598375612 0.0 0.0
476.0 127.5 400.0 127.0 621.7527613647133 179.9590231135966 0.0 0.0
475.25 128.0 407.25 127.0 625.8886746606202 180.31361568112376 0.0 0.0
477.25 129.0 426.0 127.0 639.7649081402938 181.02486017119307 0.0 0.0
481.5 128.0 454.75 127.0 662.3761937287179 180.31361568112376 0.0 0.0
487.5 128.0 482.75 126.0 686.0981298369787 179.61069010501575 0.0 0.0
492.25 126.5 497.0 126.0 699.5139852072548 178.54481230212207 0.0 0.0
475.5 127.0 468.5 126.0 667.6153047556711 178.89941307897016 0.0 0.0
464.875 127.0 420.625 126.0 627.5734503696407 178.89941307897016 0.0 0.0
470.04166666666663 127.0 396.125 126.5 615.5564404218455 179.25226499933424 0.0 0.0
475.20833333333337 127.5 371.625 127.5 603.5394304740505 180.31257582454026 0.0 0.0
489.0 127.5 348.25 128.0 600.3597727635022 180.66612853548392 0.0 0.0
499.5 127.0 353.5 128.0 611.9412410691548 180.31361568112376 0.0 0.0
500.25 127.0 371.25 128.0 622.9579751318454 180.31396501895694 0.0 0.0
494.0 126.0 385.25 128.0 626.4876598591409 179.61069010501575 0.0 0.0
492.75 126.0 400.5 127.0 634.9859942135076 178.89941307897016 0.0 0.0
489.5 126.0 408.0 127.0 637.2398762910857 178.89941307897016 0.0 0.0
489.0 126.0 409.5 127.0 637.8187344813368 178.89941307897016 0.0 0.0
489.0 126.25 403.5 127.25 633.9821754054472 179.25296371872105 0.0 0.0
488.5 126.75 391.0 127.0 625.7103182609203 179.42921603045275 0.0 0.0
487.5 126.75 384.5 126.75 620.8837686101315 179.25191770243353 0.0 0.0
487.0 126.0 388.0 127.0 622.6661649136198 178.8997651999997 0.0 0.0
484.0 125.5 389.5 126.0 621.2623092820894 177.8377069127917 0.0 0.0
482.0 125.25 386.0 126.0 617.5111335028705 177.66145878213553 0.0 0.0
480.0 125.25 380.5 126.0 612.5200928177393 177.66145878213553 0.0 0.0
479.0 126.75 388.0 126.75 616.4322946392554 179.2519177241378 0.0 0.0
477.0 128.5 381.0 129.25 610.4858379017044 182.2576276806023 0.0 0.0
474.5 129.5 380.5 130.5 608.2196220356234 183.85048270973826 0.0 0.0
475.0 129.0 382.0 132.5 609.5482738768785 184.92531372144697 0.0 0.0
476.0 131.75 383.5 133.0 611.2678205197099 187.20869115805226 0.0 0.0
482.0 131.75 402.0 134.0 627.6603990270988 187.9204466766521 0.0 0.0
490.5 132.0 413.0 133.5 641.2170603165384 187.74017574312364 0.0 0.0
492.0 132.0 414.0 133.5 643.008634184031 187.74017574312364 0.0 0.0
495.0 133.0 415.0 133.0 645.9489942639199 188.09040379562165 0.0 0.0
496.5 131.75 416.0 133.75 647.740881834704 187.7434984607193 0.0 0.0
497.0 132.75 416.0 134.25 648.1242164894011 188.80082096234364 0.0 0.0
498.5 132.5 414.0 134.0 647.9956774191364 188.44727752749526 0.0 0.0
500.0 133.0 410.5 134.0 646.9236817430631 188.7988347421668 0.0 0.0
501.5 133.0 409.0 134.0 647.1346459586289 188.7988347421668 0.0 0.0
486.0 132.75 370.5 133.25 611.1202486648342 188.09106836731604 0.0 0.0
488.5 132.5 376.0 133.0 616.4482192297512 187.73751497672276 0.0 0.0
488.5 132.75 381.5 132.75 619.8181948854583 187.73685040502838 0.0 0.0
488.0 132.75 385.5 133.0 621.8956906105718 187.91379355657602 0.0 0.0
486.5 132.25 380.5 133.25 617.6265112216071 187.73851495691218 0.0 0.0
485.5 131.5 375.5 132.5 613.7678648886495 186.67786678501676 0.0 0.0
483.5 130.75 371.0 132.5 609.4369062067391 186.15005819362347 0.0 0.0
483.0 131.0 374.5 133.5 611.1785745590237 187.03843819703042 0.0 0.0
483.0 131.5 378.5 133.5 613.6377188537224 187.38863359339595 0.0 0.0
483.0 131.5 377.5 133.25 613.021410719071 187.21069236803842 0.0 0.0
482.5 131.25 373.0 134.0 609.8649440654873 187.57023857193258 0.0 0.0
483.5 130.25 373.0 133.75 610.6564158231629 186.69292964125216 0.0 0.0
483.0 131.75 378.0 133.5 613.3295647863968 187.564240094845 0.0 0.0
482.5 133.0 383.0 133.5 616.0318632359806 188.44428884951648 0.0 0.0
483.0 133.0 386.0 133.25 618.2921255864928 188.26734632256907 0.0 0.0
483.5 132.75 385.0 134.25 618.0592609127381 188.80082096234364 0.0 0.0
483.5 133.5 382.5 134.5 616.5054689864564 189.50593658247223 0.0 0.0
484.0 132.5 383.0 134.5 617.207820191443 188.80280718252047 0.0 0.0
485.5 125.5 387.5 132.25 621.1819329130949 182.38632543328305 0.0 0.0
484.5 90.25 392.5 128.16666666666669 623.535484154671 167.13442938897072 0.0 0.0
486.0 53.916666666666664 399.5 124.38888888888889 629.1233980706805 155.34681485458773 0.0 0.0
487.0 17.58333333333333 401.5 120.61111111111111 631.1666965522714 143.55920032020472 0.0 0.0
488.5 -18.750000000000007 398.0 116.83333333333333 630.108244874256 131.77158578582174 0.0 0.0
489.0 46.5 396.5 111.0 629.5500377253583 149.47822060496475 0.0 0.0
488.5 146.75 399.5 128.5 631.056732943181 195.05852045950382 0.0 0.0
488.0 145.25 403.5 136.5 633.2115317496306 199.332916168854 0.0 0.0
487.5 143.5 402.5 139.0 632.1903793385023 199.78585208523583 0.0 0.0
486.5 268.0 403.5 223.5 632.0558900236771 349.00697974691457 0.0 0.0
487.0 420.75 404.5 271.25 633.0791848146127 502.4618345506255 0.0 0.0
486.5 512.75 402.5 287.5 631.4179664952949 587.8513300436249 0.0 0.0
487.0 512.75 398.0 288.5 628.9460627824658 588.3440426245982 0.0 0.0
487.5 516.75 392.0 286.5 625.5564381570049 590.8579131481799 0.0 0.0
489.5 517.0 388.5 288.0 624.9343913323935 591.8075948913347 0.0 0.0
490.0 516.25 389.5 304.0 625.9478760690881 599.1217862383469 0.0 0.0
490.0 521.75 394.0 308.5 628.7575049253885 606.131875576435 0.0 0.0
489.0 522.25 399.0 310.0 631.1275664109696 607.3264141966135 0.0 0.0
498.5 521.5 417.0 309.5 649.9163543195705 606.4266151198742 0.0 0.0
502.0 521.5 429.0 311.0 660.337178689381 607.1930783651947 0.0 0.0
505.5 520.75 444.5 312.0 673.134832001014 607.063692663763 0.0 0.0
509.0 525.75 463.5 300.5 688.4135756157813 605.5690433288408 0.0 0.0
517.0 524.75 489.0 298.0 711.6252329625721 603.4624049008662 0.0 0.0
522.0403225806451 524.5 480.5322580645161 297.0 710.7150352328488 602.7514293757459 0.0 0.0
527.4274193548388 524.0 469.241935483871 295.0 708.5327635960257 601.3328444660058 0.0 0.0
532.8145161290322 524.5 457.9516129032258 293.75 706.3504919592026 601.1573172917092 0.0 0.0
538.2016129032259 524.75 446.6612903225806 291.25 704.1682203223795 600.1578214349579 0.0 0.0
543.5887096774193 525.25 435.3709677419355 289.5 701.9859486855564 599.7494015644547 0.0 0.0
548.9758064516129 526.75 424.0806451612903 286.5 699.8036770487333 599.6243342465239 0.0 0.0
554.3629032258065 528.5 412.7903225806452 284.5 697.6214054119102 600.2103797836222 0.0 0.0
559.75 529.5 401.5 282.0 695.4391337750872 599.9120308501929 0.0 0.0
565.1370967741935 530.0 390.2096774193548 281.25 693.2568621382641 600.0013022347337 0.0 0.0
570.5241935483871 529.75 378.9193548387097 280.5 691.074590501441 599.4294160534124 0.0 0.0
575.9112903225806 530.75 367.6290322580645 280.5 688.8923188646179 600.313618504123 0.0 0.0
581.2983870967741 532.75 356.33870967741933 280.5 686.7100472277948 602.0829367044148 0.0 0.0
586.6854838709678 533.25 345.0483870967742 279.25 684.5277755909717 601.9437059697487 0.0 0.0
592.0725806451612 438.75 333.758064516129 298.75 682.3455039541486 532.2170705175477 0.0 0.0
597.4596774193549 433.5 322.46774193548384 305.0 680.1632323173255 532.2273841572028 0.0 0.0
591.5 496.75 321.5 296.25 673.3228585291763 578.381062716828 0.0 0.0
538.5 498.25 318.0 296.25 625.4044665961351 579.6701500215299 0.0 0.0
500.5 499.25 323.5 297.0 595.9577859710843 580.9127118913475 0.0 0.0
483.0 436.5 326.0 303.5 582.7582713771225 533.860714709609 0.0 0.0
478.0 498.5 332.0 303.5 582.0057874868401 583.6670407717793 0.0 0.0
480.5 488.5 344.5 338.5 591.239881574031 594.3197961590557 0.0 0.0
495.5 486.75 363.0 339.0 614.3006905584231 593.1667379473183 0.0 0.0
508.5 489.75 382.0 339.25 636.000196543887 595.7732337153714 0.0 0.0
508.0 489.75 380.0 339.75 634.40206265025 596.0579912710591 0.0 0.0
512.5 489.5 387.0 341.0 642.2034632338308 596.567241783766 0.0 0.0
512.5 493.0 389.5 341.0 643.7143493428879 599.4416765671635 0.0 0.0
513.0 497.0 401.0 341.0 651.1306273494183 602.7356967014837 0.0 0.0
513.5 500.0 408.5 342.0 656.1675685056161 605.7760982956731 0.0 0.0
503.5 502.75 410.0 343.0 649.3218423533104 608.6105003712516 0.0 0.0
498.5 508.0 408.0 343.25 644.1787445533209 613.0942568625827 0.0 0.0
496.0 508.0 406.0 344.75 640.9775956053994 613.9357705207183 0.0 0.0
493.5 511.5 405.5 344.5 638.7273289602207 616.6949586181813 0.0 0.0
493.0 502.0 405.0 347.25 638.0235589023256 610.4761159995799 0.0 0.0
495.5 525.5 405.5 341.25 640.273816974253 626.5908050120015 0.0 0.0
500.5 540.25 409.5 338.25 646.6766650799582 637.4207012824465 0.0 0.0
505.0 538.5 414.5 338.0 653.3263114159768 635.7890693178986 0.0 0.0
504.5 543.5 413.5 337.0 652.3064918613588 639.5008863209425 0.0 0.0
504.5 550.75 411.5 335.0 651.0399334131395 644.6430216926103 0.0 0.0
507.0 558.0 412.0 330.0 653.2944223555132 648.2785470214399 0.0 0.0
506.0 556.75 412.0 326.0 652.5181989799212 645.1732953400461 0.0 0.0
522.5 554.75 412.0 323.0 665.5044023382618 641.9327755609784 0.0 0.0
561.5 517.8333333333333 413.5 302.75 697.3271209696991 599.9773080419843 0.0 0.0
555.5 515.1666666666667 406.5 283.75 688.3476677622921 588.5848170736401 0.0 0.0
553.0 512.5 399.0 264.75 681.9164799226699 577.1923261052959 0.0 0.0
552.0 513.0 392.0 267.0 677.0288648280948 578.4806123850354 0.0 0.0
535.5 519.75 382.5 304.5 658.1311321735726 602.3872549986412 0.0 0.0
506.0 525.75 367.0 314.5 625.0799948806552 612.6822618082988 0.0 0.0
507.0 519.25 363.5 320.75 623.8440631453389 610.330212031346 0.0 0.0
507.5 501.25 365.0 323.0 625.1259619698794 596.3116829468129 0.0 0.0
506.5 501.0 368.0 319.5 626.072211190732 594.2068046355535 0.0 0.0
506.5 500.5 375.5 320.75 630.5108658648287 594.4595728875515 0.0 0.0
506.5 500.75 385.5 320.5 636.5164045017227 594.5341290983981 0.0 0.0
509.0 503.0 401.0 321.0 647.9876180152273 596.6996964984944 0.0 0.0
521.0 513.5 452.0 325.0 689.7434060887608 607.7067273630585 0.0 0.0
521.0 516.0 462.5 328.0 696.6686802203757 611.4250012000348 0.0 0.0
523.0 523.5 472.5 334.5 704.8299440290544 621.2427645281742 0.0 0.0
524.5 525.5 480.5 334.0 711.3230630311377 622.6610043620037 0.0 0.0
525.0 527.0 483.0 336.0 713.3824651580258 625.0001421972581 0.0 0.0
524.5 525.5 476.5 336.5 708.6296099035233 624.0054134749598 0.0 0.0
532.5 522.75 460.0 336.0 703.7367593748877 621.4206658721725 0.0 0.0
568.5 523.25 429.0 334.5 712.2036691682562 621.032185709897 0.0 0.0
564.5 523.25 419.5 334.0 703.3069529196781 620.7638515366153 0.0 0.0
564.0 523.0 408.5 332.25 696.3992459869398 619.6120284173955 0.0 0.0
562.5 521.75 397.5 332.0 688.7838348952866 618.4231760022615 0.0 0.0
540.45 522.75 277.25 331.25 607.557632748508 618.8660567036695 0.0 0.0
520.25 524.0 248.25 328.5 576.8598836010808 618.4573456902622 0.0 0.0
500.05 507.0 219.25 332.75 546.1621344536537 606.5288758086801 0.0 0.0
462.0 518.5 347.0 325.75 578.5999189784677 612.3368622015715 0.0 0.0
509.0 512.0 429.0 325.25 665.6771951890295 606.6217920132915 0.0 0.0
507.0 505.0 436.5 324.5 669.0161917057935 600.2756729785006 0.0 0.0
510.5 505.75 440.0 320.25 673.9520938858634 598.6198496320723 0.0 0.0
512.5 507.0 437.0 317.25 673.5171528966794 598.078327102662 0.0 0.0
514.5 507.0 434.5 314.75 673.4248261475761 596.7559721793432 0.0 0.0
514.0 507.0 430.0 312.75 670.1472402702066 595.7029208884423 0.0 0.0
513.5 507.75 423.0 311.75 665.2903536247177 595.8176884118897 0.0 0.0
515.0 505.0 416.5 314.0 662.3427017599395 594.6686024183562 0.0 0.0
514.5 499.0 408.5 308.75 656.9493941763037 586.796630822842 0.0 0.0
547.5 499.0 396.0 309.0 676.1578572895007 586.925948730508 0.0 0.0
569.0 497.25 390.5 307.5 690.1152933051812 584.648498170355 0.0 0.0
565.5 498.0 393.0 306.0 688.6504327891489 584.5004071192812 0.0 0.0
563.5 497.0 396.0 305.5 688.7294461542936 583.3861769387909 0.0 0.0
562.0 497.5 399.5 311.0 689.5247755363011 586.7261230115319 0.0 0.0
560.5 495.0 404.5 318.0 691.2175617618831 588.3445352348294 0.0 0.0
540.0 494.75 412.5 319.25 679.732271895794 588.8108732416345 0.0 0.0
506.5 494.0 410.0 320.75 651.6465958882011 588.9964302008825 0.0 0.0
505.0 492.0 409.5 322.75 650.1656321080877 588.4212751568141 0.0 0.0
505.5 491.5 406.5 326.25 648.6697927297062 589.9251672541926 0.0 0.0
506.0 492.0 405.5 322.5 648.4336943785339 588.277765384169 0.0 0.0
508.5 492.5 417.0 323.0 657.6183147609554 588.9696511705845 0.0 0.0
508.5 493.75 415.5 318.5 656.667724195426 587.5681354463273 0.0 0.0
507.5 494.75 413.0 312.5 654.3128074552722 585.1808243034902 0.0 0.0
507.5 495.5 413.5 309.0 654.6286353748401 583.953739605018 0.0 0.0
507.0 496.5 416.0 303.5 655.824023203362 581.9159200095221 0.0 0.0
505.5 496.25 420.5 300.75 657.5337616856308 580.271925508596 0.0 0.0
505.5 495.25 425.5 298.25 660.7424962304555 578.1225258067776 0.0 0.0
506.0 492.75 430.5 297.25 664.3541186932737 575.465452278774 0.0 0.0
506.5 495.25 434.5 296.25 667.3324838618943 577.0963268752495 0.0 0.0
506.5 490.75 436.5 298.25 668.636298745439 574.272409723605 0.0 0.0
565.0 490.0 421.5 301.0 704.9192286937647 575.0662409743848 0.0 0.0
558.5 489.5 419.5 301.5 698.5005297778798 574.9022253901915 0.0 0.0
559.0 483.5 414.5 304.0 695.9104908739603 571.1443502952886 0.0 0.0
559.0 488.25 410.5 311.5 693.535444238538 579.162250251261 0.0 0.0
558.5 488.5 407.0 320.0 691.0654189624479 583.9798155191874 0.0 0.0
558.5 489.0 405.5 321.0 690.1830092783714 584.9461689949253 0.0 0.0
557.5 489.5 405.0 321.0 689.0800652751882 585.3643521951343 0.0 0.0
543.5 490.25 408.5 321.0 679.9641151844693 585.9915208906533 0.0 0.0
493.0 491.25 392.0 316.5 629.8515749194081 584.379389464971 0.0 0.0
495.0 491.25 393.5 317.0 632.350575234972 584.6502127546215 0.0 0.0
495.5 496.25 395.5 312.25 633.9878526365563 586.3433049604171 0.0 0.0
497.0 501.5 396.5 308.25 635.7840850229559 588.6601063084895 0.0 0.0
497.5 501.25 397.0 304.25 636.4866455786798 586.3615046420764 0.0 0.0
504.0 499.75 409.0 302.25 649.1111092844811 584.0429656085892 0.0 0.0
509.5 499.5 421.0 302.5 660.9322193420528 583.9576183251658 0.0 0.0
509.5 500.0 419.5 300.75 659.9776511367638 583.4821104763054 0.0 0.0
508.5 498.5 417.0 300.0 657.6179365884982 581.8096904295139 0.0 0.0
507.5 497.5 413.5 299.0 654.6285206130268 580.437119764062 0.0 0.0
506.5 496.5 414.5 299.0 654.4864398900867 579.5802360329413 0.0 0.0
506.0 496.75 417.0 299.0 655.6866629724902 579.7944283292659 0.0 0.0
505.0 495.5 419.0 300.5 656.1908988288827 579.5006226851757 0.0 0.0
504.5 495.0 423.0 303.75 658.3687392330926 580.7662792643702 0.0 0.0
498.0 495.0 416.0 307.5 648.9008448912799 582.7366227988684 0.0 0.0
490.5 494.0 400.5 310.0 633.2382253129642 583.2125788536389 0.0 0.0
490.5 492.75 399.0 313.0 632.2905981014255 583.7581032058499 0.0 0.0
491.0 493.0 396.5 314.0 631.1047852773737 584.5040833442943 0.0 0.0
491.0 491.75 392.5 314.25 628.5995565779137 583.5849315775321 0.0 0.0
490.5 489.75 389.0 312.5 626.0282768952563 580.9573090031199 0.0 0.0
499.0 487.25 398.5 309.75 638.5951359656407 577.3713111222219 0.0 0.0
502.0 484.5 403.5 307.75 644.0623074263273 573.977649217074 0.0 0.0
503.0 482.0 405.0 305.75 645.7816968604793 570.795153331756 0.0 0.0
502.0 481.0 406.0 303.5 645.631473830079 568.7477166904557 0.0 0.0
501.5 480.75 407.5 302.25 646.1876662394602 567.8693786209321 0.0 0.0
502.5 481.5 413.0 301.0 650.4433817653444 567.8414999080721 0.0 0.0
502.5 481.25 417.0 300.0 652.9899250285569 567.099268197896 0.0 0.0
503.5 481.0 420.0 299.0 655.6770526874967 566.3585436805911 0.0 0.0
504.5 480.0 420.0 298.5 656.4452739268622 565.2454602033173 0.0 0.0
505.0 480.0 421.5 297.25 657.7897820349106 564.5865470224985 0.0 0.0
533.5 479.75 410.5 296.5 673.6690649252669 563.9790153670838 0.0 0.0
573.0 480.5 399.0 296.5 698.2340114395142 564.6171269099087 0.0 0.0
569.5 487.25 399.0 294.5 695.3641132529058 569.3641537879289 0.0 0.0
569.5 489.0 401.0 297.5 696.5136394931545 572.4419778184663 0.0 0.0
569.5 425.0 401.5 319.5 696.8016812571852 531.935697654658 0.0 0.0
564.5 341.5 404.0 334.75 694.1744712548775 479.75250256082023 0.0 0.0
562.5 289.0 405.0 261.75 693.1314810337213 390.57490031539726 0.0 0.0
562.0 188.75 405.5 270.25 693.0182794067421 329.6394711794503 0.0 0.0
560.5 122.75 405.5 303.75 691.80241824744 328.3119305494257 0.0 0.0
549.5 123.40789473684211 372.0 308.82894736842104 663.881253384461 334.2371371624887 0.0 0.0
532.75 101.03947368421052 333.125 294.14473684210526 628.3526450388325 318.8706337628111 0.0 0.0
519.75 78.67105263157896 319.95833333333337 279.4605263157895 610.3729697201661 303.5041303631335 0.0 0.0
506.75 56.30263157894737 306.79166666666663 264.77631578947364 592.3932944014996 288.1376269634559 0.0 0.0
455.0 33.93421052631579 433.5 250.09210526315792 631.4393763208712 272.7711235637783 0.0 0.0
512.0 11.565789473684212 420.0 235.4078947368421 662.2270834070366 257.4046201641007 0.0 0.0
508.5 -10.80263157894737 419.0 220.7236842105263 658.890329896187 242.03811676442308 0.0 0.0
503.5 -33.171052631578945 422.5 206.03947368421052 657.2812538801261 226.6716133647455 0.0 0.0
502.5 -55.53947368421052 423.0 191.35526315789474 656.8373875491965 211.3051099650679 0.0 0.0
498.5 -77.90789473684211 425.5 176.67105263157896 655.4026284441256 195.93860656539027 0.0 0.0
498.5 11.75 434.0 191.5 660.9526399144816 191.88962598966899 0.0 0.0
506.0 15.5 439.0 207.5 669.9124232333102 208.07862182181026 0.0 0.0
511.5 13.75 439.0 207.0 674.0573833446401 207.4563200421797 0.0 0.0
499.5 55.75 436.5 130.0 663.3495370082046 142.18047779158354 0.0 0.0
499.0 58.5 429.5 96.5 658.3854162960465 112.8493316456146 0.0 0.0
511.0 60.5 419.0 94.5 660.9654444861304 112.20952297846779 0.0 0.0
561.5 58.5 402.5 95.0 690.861677710751 111.56728786697039 0.0 0.0
559.0 -8.25 408.0 52.5 692.0585235368466 53.235009430422856 0.0 0.0
560.5 -4.125 412.125 53.75 695.7077321635379 53.911591143411 0.0 0.0
560.25 -3.0 414.75 52.5 697.0650831404716 52.58565216618483 0.0 0.0
559.0 -1.0 416.25 50.0 696.9543110110773 50.00999999970011 0.0 0.0
559.25 -1.5 415.5 48.5 696.7074276244488 48.52319033204639 0.0 0.0
559.75 -3.0 414.0 46.0 696.2160451797465 46.100786321959376 0.0 0.0
561.5 -7.340909090909091 413.5 60.13636363636364 697.32668097528 60.58782577346754 0.0 0.0
562.25 -8.704545454545453 411.5 64.68181818181819 696.7487888659816 65.28391642713049 0.0 0.0
564.75 -10.068181818181817 405.25 69.22727272727272 695.104693607916 69.98000708079343 0.0 0.0
564.0 -11.431818181818182 405.0 73.77272727272728 694.3495308974473 74.67609773445636 0.0 0.0
562.5 -12.795454545454545 401.75 78.31818181818181 691.2376599919826 79.3721883881193 0.0 0.0
562.0 -14.159090909090908 399.5 82.86363636363637 689.5255401107831 84.06827904178226 0.0 0.0
563.0 -3.5 398.0 69.0 689.4733393557074 69.39374087381307 0.0 0.0
564.75 -12.5 398.0 56.5 690.902766357757 58.55672185542754 0.0 0.0
564.75 -18.5 398.0 20.5 690.902766357757 28.049000672350743 0.0 0.0
563.25 3.0 397.75 25.0 689.5329915235923 25.279962803782194 0.0 0.0
547.65625 3.5 357.875 19.5 654.4471126991812 19.813394838468007 0.0 0.0
534.28125 -12.5 329.375 2.5 628.5230223901223 17.283388108534258 0.0 0.0
520.90625 -22.0 300.875 -2.0 602.5989320810634 22.109311525557523 0.0 0.0
507.53125 -28.5 272.375 -12.0 576.6748417720045 30.96133305102753 0.0 0.0
500.0 -31.0 318.75 -16.0 595.5892691833399 34.88628092622404 0.0 0.0
501.5 -32.0 407.25 -17.5 646.193946306999 36.48314560567091 0.0 0.0
521.5 -33.0 406.25 -16.0 661.0919749270606 36.677001288507405 0.0 0.0
519.25 -34.5 411.25 -15.5 662.3812992182477 37.83295057713717 0.0 0.0
514.5 -35.5 415.25 -14.5 661.1677750592572 38.34756510983965 0.0 0.0
514.75 -35.0 416.0 -14.0 661.8337107151408 37.69661109422365 0.0 0.0
507.875 -35.0 417.625 -14.0 657.5320431824409 37.70175641599717 0.0 0.0
506.0 -34.0 417.5 -15.0 656.0048770701237 37.179107745354095 0.0 0.0
504.5 -33.25 417.5 -15.5 654.8484557514051 36.68546929942589 0.0 0.0
504.5 -32.5 417.5 -15.5 654.8484557514051 36.007587171695164 0.0 0.0
504.0 -32.25 418.5 -16.25 655.1017129106643 36.11423171407465 0.0 0.0
530.0 -33.0 390.0 -19.5 659.2832902104333 38.361954283752276 0.0 0.0
553.5 -12.25 302.0 -29.25 630.5296103209675 31.71962472303435 0.0 0.0
556.5 -14.5 306.0 -31.75 635.0818985313186 34.90699454787081 0.0 0.0
558.0 -20.0 313.0 -36.75 639.7915208608911 41.84295560988922 0.0 0.0
559.5 -22.75 320.5 -39.0 644.7950746039769 45.152179196383806 0.0 0.0
562.0 -24.5 329.5 -41.0 651.4709786683002 47.76312161212071 0.0 0.0
566.0 -28.25 342.5 -44.25 661.560604172237 52.50975188941001 0.0 0.0
582.0 -33.0 353.5 -48.0 681.0840181671401 58.2494635168428 0.0 0.0
579.5 -32.25 339.5 -44.75 671.6523924775838 55.161098525349146 0.0 0.0
561.0 -32.5 310.25 -44.5 641.3074736616692 55.10444628158421 0.0 0.0
563.6666666666667 -22.0 296.58333333333337 -21.0 637.2359482809459 30.422027050735196 0.0 0.0
566.3333333333333 -11.5 282.91666666666663 -8.0 633.1644229002225 14.014939931910536 0.0 0.0
583.0 -11.0 330.0 -8.0 669.950416600513 13.601918773319516 0.0 0.0
536.0 -9.5 349.0 -8.5 639.6156943269293 12.747548783981962 0.0 0.0
540.2857142857142 -9.0 333.1071428571429 -8.5 635.1662299608349 12.384182032076634 0.0 0.0
546.0 10.25 317.25 2.5 632.1436915777343 11.479453522116678 0.0 0.0
551.7142857142858 8.25 301.3928571428571 -4.0 629.1211531946337 9.250252100314746 0.0 0.0
547.0 11.5 292.5 -0.5 620.3327494484607 13.104264849393585 0.0 0.0
551.5 53.166666666666664 267.5 24.833333333333332 612.9506995567858 58.886354041115396 0.0 0.0
548.5 195.83333333333331 249.0 102.16666666666666 602.3730857211733 221.05602489420042 0.0 0.0
550.0 338.5 227.5 179.5 595.214915209935 383.2256957472854 0.0 0.0
506.5 448.75 118.5 260.5 520.3702287934024 519.7939933928016 0.0 0.0
475.0 474.5 88.0 324.0 483.0828254113983 575.0301775796206 0.0 0.0
555.5 527.0 146.0 308.0 574.375335877928 610.4067347909855 0.0 0.0
554.5 510.25 155.5 311.5 575.8955309783657 597.9808936553359 0.0 0.0
561.5 492.75 210.5 315.5 601.1528382420925 585.1021595838383 0.0 0.0
565.5357142857142 491.0 289.0357142857143 313.5 637.282278151182 582.548987126398 0.0 0.0
566.25 490.75 331.75 313.5 659.3860643244033 582.3382441619228 0.0 0.0
566.9642857142858 491.25 374.46428571428567 312.75 681.4898504976245 582.3565324368749 0.0 0.0
566.0 506.0 415.5 310.25 702.1841317690198 593.6241030439087 0.0 0.0
560.0 497.0 438.5 338.0 711.2559356093357 601.0432742285532 0.0 0.0
553.0 497.25 424.0 338.5 696.841447345439 601.5312396639158 0.0 0.0
546.5 496.25 407.5 338.5 681.7033894447761 600.7048629286253 0.0 0.0
545.0 495.5 393.5 338.5 672.2108406832142 600.0854105875263 0.0 0.0
541.0 496.0 382.5 338.0 662.5611921327429 600.2170296454638 0.0 0.0
533.0 496.0 380.0 336.75 654.5931918413728 599.513701146669 0.0 0.0
532.0 495.5 384.5 335.25 656.4039910800254 598.2584712001267 0.0 0.0
527.5 496.0 399.0 334.5 661.4127432443101 598.2527293344793 0.0 0.0
527.5 497.0 421.5 334.0 675.2178243505407 598.8037519436791 0.0 0.0
525.0 534.75 432.0 322.25 679.8894811473763 624.4212534570172 0.0 0.0
525.0 535.75 442.0 321.0 686.2865263265306 624.6076041572062 0.0 0.0
561.0 548.0 409.5 321.25 695.5394829469197 635.2246656099751 0.0 0.0
533.5 547.75 365.5 327.75 646.6976262872283 638.3188988766025 0.0 0.0
503.5 549.0 354.0 331.5 615.4907535893004 641.3216300759357 0.0 0.0
569.0 548.0 356.5 331.25 671.4566018051552 640.3363243441984 0.0 0.0
566.0 548.0 349.0 333.0 664.9528174482231 641.2434659167757 0.0 0.0
452.75 539.5 358.375 336.5 578.3146842982106 635.8421165702284 0.0 0.0
461.75 543.75 317.875 334.5 563.5098484759175 638.4039228968065 0.0 0.0
470.75 535.75 277.375 342.25 548.7050126536243 635.8244504252434 0.0 0.0
500.5 539.75 317.5 371.25 594.6059453066077 655.1027756226247 0.0 0.0
521.0 538.5 416.0 373.5 666.7071126141477 655.3506694892437 0.0 0.0
522.0 538.5 417.0 373.0 668.1124123085272 655.0659653374963 0.0 0.0
524.5 613.75 415.5 386.5 669.1344301271415 725.810186056684 0.0 0.0
527.5 538.75 403.5 368.0 664.1305071658808 652.443959429611 0.0 0.0
532.5 608.5 395.0 376.5 663.0110014489642 716.0154762978276 0.0 0.0
531.5 549.75 380.5 327.75 653.661504397506 640.5497267328528 0.0 0.0
532.5 525.75 377.5 304.25 652.7351419434076 607.4459456385179 0.0 0.0
532.0 520.5 380.0 305.0 653.7770923537332 603.2787543933499 0.0 0.0
533.5 517.5 389.0 304.5 660.2613090571737 600.4385896992297 0.0 0.0
547.5 516.75 387.5 305.25 670.9155614492233 600.1736364972589 0.0 0.0
589.5 515.75 366.5 306.75 694.1428325352144 600.0793885710125 0.0 0.0
591.5 512.5 373.0 307.0 699.2862607030576 597.4156291743732 0.0 0.0
591.5 511.5 371.0 309.5 698.2214906460557 597.8488370798216 0.0 0.0
591.5 511.5 366.5 312.5 695.8408582427451 599.4073975152444 0.0 0.0
593.0 511.0 361.0 315.0 694.2406409870518 600.2886583535233 0.0 0.0
533.5 510.75 392.0 316.25 662.0346588848893 600.7327867576842 0.0 0.0
536.0 509.75 384.0 317.75 659.3572627946097 600.674730104099 0.0 0.0
536.5 509.5 382.0 318.5 658.6017385339944 600.8598006190796 0.0 0.0
534.0 510.0 384.0 317.5 657.732468409459 600.7557649965494 0.0 0.0
530.0 510.5 386.5 316.0 655.9590398526409 600.3885664678207 0.0 0.0
527.5 511.0 389.0 315.0 655.4215528468137 600.2886583535233 0.0 0.0
528.0 511.75 397.0 314.0 660.6006727143504 600.4032508669674 0.0 0.0
530.0 442.75 408.0 322.5 668.8544167822718 547.7662245526841 0.0 0.0
529.0 438.25 415.0 315.5 672.3586061346398 540.0034772096233 0.0 0.0
525.0 437.5 413.0 314.0 667.982641276574 538.5190218104025 0.0 0.0
520.5 438.5 410.5 313.0 662.8957128860565 538.750161423618 0.0 0.0
518.0 438.5 411.0 312.0 661.2451537950614 538.1693635026693 0.0 0.0
517.5 437.5 410.0 311.5 660.2330136608207 537.0647857580889 0.0 0.0
515.0 436.5 405.5 312.0 655.4813063874049 536.5414583600793 0.0 0.0
513.5 436.75 399.5 312.5 650.6017643202326 537.0353833464493 0.0 0.0
517.0 434.5 401.5 313.25 654.5924442531833 535.6465590258554 0.0 0.0
521.5 438.0 402.0 316.75 658.4577607808291 540.5317696147267 0.0 0.0
523.0 454.0 403.5 318.75 660.5613143380408 554.7238716782595 0.0 0.0
524.0 470.75 410.0 303.25 665.3390826744101 559.9706614718409 0.0 0.0
523.5 477.5 418.0 298.0 669.9076475159397 562.8591181554482 0.0 0.0
523.0 475.5 427.0 304.0 675.1726445822916 564.3728616036334 0.0 0.0
523.0 480.0 435.5 301.0 680.5800864941316 566.5767433116164 0.0 0.0
524.5 482.5 446.5 299.0 688.8123860716619 567.6330470702653 0.0 0.0
525.5 480.5 454.0 298.5 694.4542802444843 565.6700183101268 0.0 0.0
517.0 480.0 429.5 298.5 672.1306911515122 565.2453007323458 0.0 0.0
521.5 480.75 437.0 300.0 680.3906207978681 566.6776281706776 0.0 0.0
524.5 481.75 439.5 302.25 684.2968288923641 568.7163122101203 0.0 0.0
526.5 481.25 436.0 301.25 683.5972237083149 567.76183115696 0.0 0.0
527.0 481.25 431.0 301.75 680.8011525781992 568.0269886402207 0.0 0.0
523.0 481.5 431.5 301.5 678.0433984932324 568.1064820108859 0.0 0.0
526.0 482.25 435.0 302.25 682.5697733979026 569.139816962004 0.0 0.0
526.0 483.0 424.0 301.5 675.6123190841811 569.3780116050197 0.0 0.0
524.0 483.5 409.0 301.5 664.7233218765567 569.8021586480697 0.0 0.0
521.5 483.25 395.0 300.75 654.2073733837917 569.1936223145256 0.0 0.0
518.0 482.0 381.0 301.0 643.0279931698153 568.2649030161901 0.0 0.0
513.5 482.75 369.5 294.75 632.6235057283282 565.6197649551113 0.0 0.0
509.0 483.5 368.5 296.5 628.3903779405559 567.1723723877953 0.0 0.0
505.5 483.5 381.0 297.5 633.0063108364195 567.6957812068009 0.0 0.0
503.5 486.75 401.0 300.0 643.6789171010432 571.774124298641 0.0 0.0
505.0 489.25 422.5 300.0 658.4329906293967 573.9070445204768 0.0 0.0
506.5 444.5 443.5 274.5 673.2287182827253 522.4278306075068 0.0 0.0
506.5 410.7857142857143 462.0 242.71428571428572 685.5562757946465 477.41669227134685 0.0 0.0
505.0 420.5 470.5 235.0 690.2140267636559 482.1291228060893 0.0 0.0
481.0 430.21428571428567 471.5 227.28571428571428 673.5572152099916 486.84155334083164 0.0 0.0
482.5 448.25 467.5 243.75 671.8355108543578 510.44111906322814 0.0 0.0
483.0 494.75 454.5 304.75 663.2212956891419 581.2177315415616 0.0 0.0
487.0 533.25 442.0 310.75 657.6739278079206 617.1880793949172 0.0 0.0
492.0 534.0 429.0 310.0 652.7686089620014 617.4595145125722 0.0 0.0
494.0 535.9166666666667 416.0 307.58333333333337 645.8275168523674 617.9115577067164 0.0 0.0
494.0 535.5833333333333 406.0 305.91666666666663 639.4311137354778 616.7941524373218 0.0 0.0
494.0 536.5 398.5 306.75 634.701245496814 618.0031226473502 0.0 0.0
508.0 540.0 396.5 306.25 644.4196943884348 620.8014559762645 0.0 0.0
508.5 505.33333333333337 402.5 288.33333333333337 648.5203571981259 581.854621057282 0.0 0.0
508.0 504.66666666666663 411.0 279.66666666666663 653.4410564912489 577.1650460404408 0.0 0.0
509.5 504.0 421.0 271.0 660.9332389922449 572.4754710235995 0.0 0.0
512.5 503.33333333333337 428.0 262.33333333333337 667.712849848559 567.7858960067583 0.0 0.0
513.0 502.66666666666663 429.0 253.66666666666669 668.7376167077788 563.0963209899171 0.0 0.0
514.5 520.5 427.5 279.5 668.9293716296309 590.8707783663285 0.0 0.0
516.5 533.5 425.0 298.0 668.8776800963159 611.0887660261961 0.0 0.0
518.0 530.0 418.0 302.5 665.6186230928395 610.2519940351644 0.0 0.0
518.5 529.75 407.0 303.75 659.1604127656075 610.6549541518557 0.0 0.0
519.0 531.5 398.5 307.0 654.3419650894151 613.7970036948236 0.0 0.0
518.0 532.0 394.0 307.75 650.8149955050901 614.6024373261171 0.0 0.0
516.0 531.0 392.0 311.0 648.0123455614098 615.3715837982145 0.0 0.0
514.5 529.75 393.0 311.5 647.4251261454663 614.5464413352558 0.0 0.0
498.0 526.0 374.0 291.5 622.8005219086855 601.3720219128925 0.0 0.0
499.0 524.0 377.5 291.0 625.7055289843317 599.3808991128956 0.0 0.0
500.0 522.5 379.0 291.0 627.4081606099812 598.0697624972772 0.0 0.0
501.0 521.25 379.0 291.25 628.2055069844107 597.0998896782637 0.0 0.0
509.5 519.25 385.0 290.75 638.6051970490255 595.1102761554384 0.0 0.0
519.0 518.5 393.5 289.5 651.3088744981139 593.8455186325817 0.0 0.0
522.0 518.0 390.5 289.5 651.9004986748666 593.4090574819902 0.0 0.0
525.0 517.5 385.0 288.5 651.0377581771182 592.4850209077019 0.0 0.0
527.0 518.25 375.5 288.5 647.0930503541265 593.140325366659 0.0 0.0
520.0 519.0 354.5 288.5 629.34516090236 593.7956298256161 0.0 0.0
512.0 521.5 329.0 294.0 608.5926573696164 598.6697742310248 0.0 0.0
518.5 521.25 310.5 309.75 604.3613852747917 606.3404571375311 0.0 0.0
539.0 520.5 297.0 311.25 615.41144611 606.4634889616498 0.0 0.0
572.5 523.5 290.5 313.0 641.9877779600158 609.9357397667545 0.0 0.0
601.0 526.5 283.0 314.0 664.3806221712227 613.024008020067 0.0 0.0
593.875 526.0 246.75 313.5 644.096484606099 612.3393611377588 0.0 0.0
581.0416666666667 525.25 212.41666666666666 314.75 619.999077116031 612.3358903527351 0.0 0.0
568.2083333333333 526.0 178.08333333333331 315.0 595.901669625963 613.107657756776 0.0 0.0
547.5 526.75 326.5 314.75 637.7108054736923 613.6232428550978 0.0 0.0
546.0 526.5 346.5 323.0 646.6847717675125 617.6823063986894 0.0 0.0
527.5 525.5 347.5 322.0 631.6745003089744 616.3079027383017 0.0 0.0
519.5 524.25 344.0 321.0 623.0700201675209 614.7189379763441 0.0 0.0
518.5 524.0 342.5 321.5 621.4087389776198 614.7668257152462 0.0 0.0
525.5 524.5 348.0 322.25 630.2823288688169 615.5855244309596 0.0 0.0
527.5 524.75 360.0 322.75 638.6411257922948 616.0606444249624 0.0 0.0
519.0 498.0 368.5 333.0 636.5164962512755 599.1064526788316 0.0 0.0
514.0 496.0 371.0 336.5 633.90658085219 599.3734637221206 0.0 0.0
512.0 494.25 375.5 335.0 634.936542153777 597.0832183079415 0.0 0.0
516.0 492.25 375.0 335.0 637.8723724976486 595.4284697376208 0.0 0.0
516.5 487.25 375.5 333.5 638.5710514979777 590.4534790935961 0.0 0.0
512.5 486.0 379.0 333.5 637.4145040709382 589.4219626040414 0.0 0.0
508.5 486.0 380.0 332.25 634.8029746778213 588.7156402655864 0.0 0.0
507.5 485.5 380.0 331.5 634.0005835086461 587.8796791483536 0.0 0.0
509.0 484.75 384.5 330.75 637.903793686791 586.8377296309851 0.0 0.0
508.5 485.5 390.0 331.25 640.8372200427507 587.7387643733721 0.0 0.0
508.0 483.5 398.0 329.75 645.3480823706527 585.2412505730118 0.0 0.0
511.5 477.0 413.5 325.5 657.7344126033295 577.4766916750481 0.0 0.0
509.0 475.5 419.5 326.0 659.591777221007 576.5216441630673 0.0 0.0
508.0 482.0 424.0 329.5 661.6949050360482 583.8615671729809 0.0 0.0
508.5 483.25 423.5 330.5 661.7587533326475 585.4579333790292 0.0 0.0
507.5 484.0 421.0 331.5 659.3933723101825 586.6415004071907 0.0 0.0
508.0 484.5 417.5 332.0 657.5490439992566 587.3365873620722 0.0 0.0
504.0 486.25 413.0 333.0 651.6022522398675 589.3455150338075 0.0 0.0
415.64473684210526 486.5 398.2105263157895 333.0 652.546395881458 589.5518808723568 0.0 0.0
297.17105263157896 483.5 379.1578947368421 330.5 653.7121502381788 585.6641544008422 0.0 0.0
178.69736842105263 484.5 360.10526315789474 332.5 654.8779045948996 587.6193495793003 0.0 0.0
60.22368421052633 484.0 341.0526315789474 332.5 656.0436589516204 587.2072293125193 0.0 0.0
-58.25 484.0 322.0 333.0 657.2094133083411 587.4908369366289 0.0 0.0
-176.7236842105263 482.5 302.9473684210526 334.0 658.3751676650619 586.8246850158969 0.0 0.0
-295.1973684210526 481.25 283.89473684210526 335.25 659.5409220217826 586.5106137294986 0.0 0.0
-413.67105263157896 481.0 264.8421052631579 336.25 660.7066763785035 586.8774186175435 0.0 0.0
-532.1447368421052 490.75 245.78947368421052 333.75 661.8724307352243 593.4852530823277 0.0 0.0
-651.0 490.0 221.5 334.25 687.9169365083847 593.1474310051906 0.0 0.0
-633.0 491.5 245.0 333.0 678.7672308162024 593.6852704274164 1.0 0.0
-572.5 493.25 254.5 332.0 626.5681549984928 594.5751745853286 1.0 0.0
-540.0 494.25 256.0 332.0 597.6306470009745 595.4052148914014 1.0 0.0
-530.0 494.5 254.5 331.5 587.9372851553138 595.3339399026398 1.0 0.0
-554.0 494.75 266.5 331.5 614.7678734212809 595.5416289943475 1.0 0.0
-562.0 496.0 275.0 331.5 625.6879542308207 596.5804639778275 1.0 0.0
-556.0 496.0 274.0 331.0 619.8484056928601 596.3029204771726 1.0 0.0
-552.5 505.25 275.0 332.0 617.1561364401125 604.576134597975 1.0 0.0
-544.5 519.5 271.5 327.0 608.4359555484154 613.863254246363 1.0 0.0
-537.5 521.5 269.5 322.5 601.2792213399969 613.1642477101042 1.0 0.0
-531.5 524.75 267.5 321.5 595.0199174053462 615.4062313282286 1.0 0.0
-531.0 526.5 270.0 320.25 595.7024861528907 616.2487619745361 1.0 0.0
-530.0 529.0 272.0 319.25 595.7214115155454 617.8686879828376 1.0 0.0
-528.5 505.29166666666663 272.0 304.91666666666663 594.3876710060979 590.3860381407248 1.0 0.0
-525.5 490.45833333333337 271.0 274.58333333333337 591.262587587645 562.8307787912606 1.0 0.0
-524.0 475.625 271.0 244.25 589.9296568235911 535.2755194417965 1.0 0.0
-524.0 474.5 271.5 242.0 590.1595123354363 532.8251809745507 1.0 0.0
-520.0 533.5 270.5 319.25 586.1486586182724 621.7257870879957 1.0 0.0
-423.015625 537.25 261.921875 324.25 582.2674214338364 627.5154380685184 1.0 0.0
-293.703125 531.0 250.484375 328.5 577.092438521255 624.3988895029206 1.0 0.0
-164.390625 525.25 239.046875 330.0 571.9174556086737 620.3125396276816 1.0 0.0
-35.078125 527.0 227.609375 331.0 566.7424726960924 622.3266627761303 1.0 0.0
94.234375 525.5 216.171875 330.5 561.567489783511 620.7904505026959 1.0 0.0
223.546875 523.5 204.734375 326.5 556.3925068709295 616.9726249604937 0.0 0.0
352.859375 524.5 193.296875 327.0 551.2175239583482 618.0852934876212 0.0 0.0
482.171875 528.75 181.859375 330.0 546.0425410457669 623.2795733895734 0.0 0.0
642.5 532.5 348.0 335.5 730.7330551367704 629.3841169521679 0.0 0.0
740.5 531.0 380.0 326.75 832.6274963099858 623.4794365767693 0.0 0.0
615.5 531.0 372.0 328.0 719.1873678018471 624.1354019762058 0.0 0.0
568.0 530.75 356.5 328.25 670.610666430882 624.0542792250521 0.0 0.0
544.0 530.5 347.0 328.5 645.2534666322106 623.9731564738984 0.0 0.0
538.0 530.5 354.0 327.5 644.0549251606137 623.4472712266852 0.0 0.0
543.5 530.5 358.5 327.5 651.0872259497523 623.4472712266852 0.0 0.0
542.0 527.75 353.0 326.75 646.81760649493 620.7143312661406 0.0 0.0
537.0 525.25 355.0 326.75 643.7344173250851 618.5897215152401 0.0 0.0
532.0 528.0 363.0 326.75 644.0449936365105 620.9265566804472 0.0 0.0
527.0 529.0 369.0 325.75 643.3472194502558 621.2521936954254 0.0 0.0
522.5 529.25 377.5 325.75 644.6110899551368 621.4649976454398 0.0 0.0
520.625 530.375 380.875 324.875 645.0707308445091 621.965980168603 0.0 0.0
520.5 531.5 380.5 324.5 644.7515593390435 622.7298772341022 0.0 0.0
520.25 528.0 374.0 318.0 640.7373256752508 616.3816230862526 0.0 0.0
520.75 528.0 369.5 314.5 638.522420691379 614.5686405392648 0.0 0.0
517.75 525.5 370.25 312.5 636.5180765585327 611.3971952361317 0.0 0.0
516.0 524.0 375.5 311.0 638.1777674760222 609.3415012320877 0.0 0.0
513.0 524.0 383.0 309.5 640.2105742108346 608.5772873342962 0.0 0.0
509.75 522.0 392.75 308.5 643.5099547930429 606.3466951468811 0.0 0.0
510.0 522.0 399.25 308.0 647.6889836609299 606.0924021962328 0.0 0.0
510.5 523.0 401.5 308.5 649.4712327472356 607.2077486330359 0.0 0.0
513.0 521.5 400.5 306.0 650.8226348622139 604.6485952509431 0.0 0.0
517.0 522.0 399.0 307.0 653.0629988882945 605.5848412898064 0.0 0.0
522.75 523.0 397.75 306.5 656.8667891566217 606.1940695849803 0.0 0.0
528.0 523.5 395.75 307.5 659.8503025370203 607.131369639224 0.0 0.0
531.5 522.5 395.5 307.0 662.5053221377088 606.0159087128827 0.0 0.0
534.5 522.5 394.0 300.0 664.0240361324047 602.503900784026 0.0 0.0
536.75 520.9166666666667 392.25 297.75 664.8023380886352 600.0119216477539 0.0 0.0
535.25 518.8055555555557 392.0 298.08333333333337 663.4431089971038 598.3490230910286 0.0 0.0
522.75 516.6944444444443 375.75 298.41666666666663 643.8035680237839 596.6861245343032 0.0 0.0
509.0 514.5833333333333 355.5 298.75 620.8553228949015 595.0232259775779 0.0 0.0
509.5 513.0 354.0 298.0 620.408267680396 593.273754431369 0.0 0.0
508.5 512.0 352.25 298.0 618.5890030816522 592.4086427458668 0.0 0.0
508.25 508.5 350.25 298.0 617.2465887245476 589.5671498344941 0.0 0.0
507.25 427.0 348.25 253.5 615.2891562723601 497.2747964319225 0.0 0.0
506.0 386.5833333333333 347.0 203.83333333333334 613.5512040282969 437.1390050677704 0.0 0.0
505.5 400.69444444444446 347.0 218.27777777777777 613.1388505061476 456.4703329180201 0.0 0.0
496.5 414.80555555555554 358.5 232.72222222222223 612.5744292971253 475.80166076826976 0.0 0.0
489.0 428.9166666666667 374.5 247.16666666666666 615.931280601061 495.13298861851945 0.0 0.0
491.0 450.5 377.0 278.0 619.0395787023638 529.4911188342596 0.0 0.0
491.0 498.5 377.5 309.25 619.3442096282164 586.9167816435552 0.0 0.0
491.5 588.5 378.0 319.25 620.0454879176166 669.5172124228511 0.0 0.0
491.0 549.75 377.5 315.5 619.3442164062863 633.8521605738199 0.0 0.0
490.5 543.0 377.5 315.0 618.9479727702098 627.7533367440499 0.0 0.0
490.5 541.0 375.5 311.5 617.7305167592242 624.27393335824 0.0 0.0
491.0 535.75 374.5 313.0 617.5202425831885 620.4813280060744 0.0 0.0
490.0 527.0 374.5 311.5 616.7254998660034 612.1780986947315 0.0 0.0
497.0 497.5 375.0 322.0 622.6162231056663 592.6136640043037 0.0 0.0
513.0 501.0 380.5 320.75 638.7090579903006 594.8951471338266 0.0 0.0
515.5 521.75 383.0 318.0 642.2066731842326 611.0218739500997 0.0 0.0
516.5 519.25 386.0 322.0 644.8010077464289 610.988830953816 0.0 0.0
516.5 517.5 388.0 324.0 646.0001934984231 610.5647144218342 0.0 0.0
517.0 520.75 390.5 328.25 647.9041136386257 615.5718836074238 0.0 0.0
516.5 522.0 391.5 328.25 648.1084014267983 616.6296354288344 0.0 0.0
515.5 523.5 393.0 325.0 648.2201338222662 616.1910606363504 0.0 0.0
514.5 526.75 393.5 321.75 647.7287240813085 617.2427857361758 0.0 0.0
514.5 528.5 392.0 322.5 646.8185603397602 619.1273553698337 0.0 0.0
512.5 528.25 388.5 323.75 643.1085376772575 619.5660834883784 0.0 0.0
511.5 528.75 385.0 324.75 640.201015629163 620.5152352811107 0.0 0.0
509.0 529.75 379.5 333.0 634.9028396585529 625.7188507640634 0.0 0.0
499.5 530.0 362.0 333.25 616.8998831822496 626.0635808697322 0.0 0.0
492.75 530.25 346.625 333.75 602.4953801928009 626.5418698538219 0.0 0.0
487.08333333333337 529.75 336.125 333.5 591.8564065209903 625.985614324316 0.0 0.0
481.41666666666663 529.25 325.625 333.0 581.2174328491795 625.2955942795954 0.0 0.0
487.0 530.0 364.5 324.5 608.3217465083094 621.450498964332 0.0 0.0
481.5 530.5 390.5 323.0 619.9600693065221 621.0952020423279 0.0 0.0
477.5 530.5 407.0 323.25 627.4214699514797 621.2252876998181 0.0 0.0
475.5 530.75 413.0 323.25 629.8172334400647 621.4388489882324 0.0 0.0
475.5 530.25 414.0 323.0 630.4734313364894 620.8818041572308 0.0 0.0
478.5 529.5 408.0 323.0 628.834219479661 620.2412836953051 0.0 0.0
484.0 529.5 392.0 320.5 622.8412456716061 618.9502931691721 0.0 0.0
484.5 523.875 368.5 316.1875 608.7156477435072 612.1245362387803 0.0 0.0
498.0 509.375 351.0 288.9375 609.3567489544293 586.4836390218569 0.0 0.0
539.0 494.875 331.5 261.6875 632.7822938327679 560.8427418049334 0.0 0.0
540.0 480.375 318.0 234.4375 626.676950270233 535.2018445880101 0.0 0.0
537.5 484.0 308.5 246.5 619.7412784434647 543.6178888077536 0.0 0.0
538.0 519.25 311.0 313.5 621.42311387262 606.5595480554387 0.0 0.0
537.0 592.0 323.0 312.25 626.6614787818871 669.3892708698122 0.0 0.0
537.5 546.0 342.0 319.25 637.0844970755716 632.4857694097843 0.0 0.0
499.0 576.5 374.0 321.75 623.6148428278746 660.3882695856629 0.0 0.0
489.0 552.0 391.5 314.25 626.4134891521919 635.1990860758824 0.0 0.0
487.0 533.0 408.5 323.75 635.6425070336697 623.6320488387494 0.0 0.0
486.0 527.5 422.0 323.5 643.645865363866 618.7970108819941 0.0 0.0
485.5 528.0 432.0 322.75 649.8725948432472 618.8308395670249 0.0 0.0
484.5 524.75 440.5 324.0 654.814272743296 616.723659165754 0.0 0.0
485.0 523.5 449.0 327.0 660.9282371193681 617.2367860067966 0.0 0.0
485.5 524.5 448.5 328.0 660.9573800322241 618.6150104309363 0.0 0.0
486.5 526.25 441.0 328.0 656.6318951775861 620.0993629085123 0.0 0.0
487.5 526.75 435.0 323.75 653.3624588529096 618.2876609939588 0.0 0.0
486.0 526.0 425.0 328.0 645.6192337093266 619.8871070656328 0.0 0.0
487.5 525.5 413.5 325.25 639.2512298794654 618.0141364265344 0.0 0.0
486.0 526.75 400.0 323.0 629.4411402505457 617.9065484281391 0.0 0.0
486.5 530.0 391.0 322.0 624.1501437070459 620.153669373873 0.0 0.0
487.0 532.5 378.5 321.25 616.791217394833 621.899206739607 0.0 0.0
488.0 535.25 365.5 320.0 609.700262553218 623.6127590392699 0.0 0.0
490.0 539.25 352.5 318.75 603.6192922695562 626.4139882704521 0.0 0.0
492.5 540.5 341.5 314.0 599.3151665252035 625.0899896026257 0.0 0.0
490.5 540.5 323.0 314.5 587.3031414321188 625.3403334609968 0.0 0.0
487.5 540.75 303.5 315.5 574.2561462658755 626.0597538623149 0.0 0.0
490.5 541.75 296.0 315.25 572.8935180699016 626.7979205145307 0.0 0.0
493.0 541.25 290.5 315.25 572.2251660142297 626.3658284622775 0.0 0.0
492.0 541.0 291.5 316.0 571.8770222821172 626.5277835791346 0.0 0.0
487.5 541.75 258.0 316.5 552.451497892861 627.4276100868901 0.0 0.0
482.79999999999995 543.25 237.55 317.5 538.5968915836959 629.2272291078921 0.0 0.0
479.20000000000005 543.75 258.95 318.0 545.2050179736236 629.9111670930516 0.0 0.0
480.5 544.75 315.5 317.5 575.6950312507631 630.5231700949143 0.0 0.0
488.5 545.5 377.5 317.5 617.3687188250141 631.1708855289226 0.0 0.0
489.5 545.75 392.5 312.5 627.43005673874 628.9011130585933 0.0 0.0
487.5 511.5625 404.0 314.0 633.144811072535 600.762793997972 0.0 0.0
487.5 509.8125 413.0 290.0 638.925073854517 588.7148001833693 0.0 0.0
488.5 508.0625 422.0 266.0 645.5357734420936 576.6668063687669 0.0 0.0
489.0 506.3125 429.0 242.0 650.5094657897293 564.6188125541642 0.0 0.0
489.5 504.5625 436.5 218.0 655.8528785996166 552.5708187395617 0.0 0.0
491.5 502.8125 445.0 194.0 663.0214079369891 540.5228249249592 0.0 0.0
494.5 519.5 449.0 213.25 667.9314401677871 562.246576653846 0.0 0.0
497.5 564.0 452.0 281.5 672.1698759879358 630.3766754122764 0.0 0.0
494.5 550.5 447.0 298.75 666.5882195610241 626.3400520330707 0.0 0.0
492.0 548.0 449.0 301.25 666.0818701195813 625.3445242831465 0.0 0.0
485.5 552.5 449.0 300.75 661.2951806057256 629.0554171346581 0.0 0.0
481.5 547.25 446.5 302.5 656.6617670764813 625.2912854173271 0.0 0.0
478.5 543.75 444.0 299.0 652.763033626383 620.5362141699876 0.0 0.0
478.5 545.0 440.5 300.25 650.3873598710866 622.2345145497098 0.0 0.0
478.5 538.75 436.5 300.75 647.6849550386696 617.0107038728058 0.0 0.0
478.0 536.5 432.0 298.5 644.2887590960229 613.9499471202091 0.0 0.0
476.5 581.75 426.5 331.5 639.4956367781781 669.601183485965 0.0 0.0
475.5 527.5 421.5 294.0 635.423224000318 603.8977454928032 0.0 0.0
469.0 526.5 399.5 291.25 616.1550776484917 601.6952442609733 0.0 0.0
468.0 515.75 383.0 293.25 604.7422175803547 593.293468839603 0.0 0.0
464.5 510.25 373.5 298.5 596.0390087905321 591.170116909858 0.0 0.0
460.0 511.5 362.5 305.0 585.6674860572662 595.5310655205151 0.0 0.0
453.5 510.5 347.5 305.0 571.3304647924876 594.6730084231338 0.0 0.0
451.5 507.5 353.0 309.25 573.170546568062 594.3139170930601 0.0 0.0
451.0 505.0 366.5 315.0 581.1397427192998 595.1894442307218 0.0 0.0
447.5 503.625 379.5 315.625 586.7509633316922 594.3553315574425 0.0 0.0
449.0 500.75 405.5 316.0 605.005354827216 592.1204103056926 0.0 0.0
449.0 505.0 439.5 307.5 628.3052349381538 591.2999214024791 0.0 0.0
451.0 519.5 476.0 295.0 655.7305948136739 597.4216979263196 0.0 0.0
456.0 517.5 506.0 294.5 681.1549055745538 595.4298353647913 0.0 0.0
461.5 577.75 522.5 291.75 697.1288549749383 647.3695382927996 0.0 0.0
465.5 539.25 522.5 287.25 699.7871904776099 611.0484063677322 0.0 0.0
473.0 521.0 503.5 291.5 690.8411192473048 597.0039472695291 0.0 0.0
477.0 520.5 477.0 290.5 674.5857988490345 596.0794331481443 0.0 0.0
481.5 514.25 454.0 289.75 661.7877411844842 590.2611978250461 0.0 0.0
483.5 495.75 425.5 289.0 644.0712513809628 573.8372209685872 0.0 0.0
487.0 496.5 403.5 287.75 632.4408695119048 573.8574381198039 0.0 0.0
490.5 498.75 387.5 287.0 625.0973155676797 575.4307760690231 0.0 0.0
493.5 501.25 382.0 286.25 624.0724367658111 577.2266744277354 0.0 0.0
494.0 500.0 387.0 285.5 627.5389668553576 575.7693214030348 0.0 0.0
490.5 499.75 406.0 285.0 636.742160611743 575.3045924274232 0.0 0.0
486.0 500.25 429.5 284.75 648.5898923567902 575.6150048080135 0.0 0.0
478.5 502.25 404.125 285.0 626.9851535237572 577.477445020196 0.0 0.0
472.5 503.75 370.95833333333337 285.0 601.6175771255213 578.7824095931171 0.0 0.0
466.5 504.25 337.7916666666667 284.25 576.2500007272854 578.8490657951643 0.0 0.0
482.5 506.0 404.5 285.5 630.0977014465739 580.9889034745249 0.0 0.0
478.0 506.25 429.0 286.0 642.2816033745255 581.4509094257885 0.0 0.0
475.5 511.0 412.5 295.0 629.4900982796081 590.0644133890921 0.0 0.0
478.0 518.75 396.0 306.75 620.7255015308722 602.6586773090183 0.0 0.0
478.0 519.75 384.5 306.0 613.4528521302163 603.1386302399561 0.0 0.0
472.5 523.25 380.0 309.0 606.3466417817451 607.6771993915561 0.0 0.0
471.5 523.25 385.5 309.25 609.0341943088574 607.8043540053249 0.0 0.0
470.0 525.25 394.0 311.25 613.3002386986492 610.544178668693 0.0 0.0
467.0 527.75 411.0 312.0 622.1406211537837 613.0776526513503 0.0 0.0
468.0 528.5 433.0 310.0 637.5838420141573 612.7101569289298 0.0 0.0
471.0 527.25 435.0 307.0 641.1443792796771 610.1160367705241 0.0 0.0
473.5 528.0 434.5 310.0 642.64492528923 612.2781288676401 0.0 0.0
468.5 526.25 432.0 309.0 637.2854886129538 610.2623030498792 0.0 0.0
459.0 509.5 423.5 313.5 624.526546062885 598.3452491617176 0.0 0.0
459.0 472.625 413.5 307.375 617.7890022945317 563.8071130703337 0.0 0.0
459.0 442.125 403.0 291.875 610.8113986271247 529.8089497099539 0.0 0.0
457.5 411.625 398.0 276.375 606.3912864676013 495.81078634957424 0.0 0.0
455.5 478.5 399.5 298.25 605.8721525354767 563.8458351522794 0.0 0.0
453.0 525.75 405.0 305.5 607.6462786852233 608.078874982019 0.0 0.0
451.0 518.5 412.5 303.5 611.1934113882643 600.7950450880442 0.0 0.0
450.5 513.0 422.0 303.5 617.2800963668864 596.0548306864636 0.0 0.0
451.5 513.5 425.5 308.5 620.4052162942883 599.0451520156503 0.0 0.0
479.0 512.25 435.5 306.75 647.4488169962962 597.0725520434796 0.0 0.0
490.0 511.75 428.5 306.75 650.9322673356501 596.6436577202417 0.0 0.0
490.5 516.5 419.5 307.5 645.4236415812744 601.1082377613977 0.0 0.0
491.0 514.25 409.0 300.75 639.0336325533244 595.7385208601204 0.0 0.0
491.5 511.25 399.5 297.75 633.3819152307865 591.6349664598433 0.0 0.0
492.0 512.25 396.5 295.75 631.8830983655125 591.4972881285528 0.0 0.0
491.0 511.5 399.5 293.25 632.9942691496084 589.5997061662426 0.0 0.0
491.0 510.0 404.0 291.25 635.843651438176 587.3045092966765 0.0 0.0
492.0 507.25 409.5 289.25 640.1205474282968 583.9248592830915 0.0 0.0
491.0 506.5 416.5 288.5 643.8582106225435 582.9025336956138 0.0 0.0
492.0 507.5 419.0 291.5 646.2392319452254 585.2605171400025 0.0 0.0
493.0 505.5 419.0 288.5 647.0007727970656 582.0332366594591 0.0 0.0
494.5 505.25 415.5 288.25 645.8873740831291 581.6922754475888 0.0 0.0
496.5 504.5 409.0 288.0 643.268676691809 580.916762302407 0.0 0.0
485.0 504.0 357.0 287.5 602.2244257977331 580.2346508094807 0.0 0.0
488.5 504.75 351.0 287.25 601.5257683590953 580.7625450784517 0.0 0.0
489.5 504.0 346.0 289.0 599.4382787243404 580.9796751118591 0.0 0.0
489.5 501.25 344.0 292.25 598.286093771199 580.2318556218063 0.0 0.0
489.5 485.0 344.5 300.25 598.5738610981651 570.4177570344154 0.0 0.0
489.5 505.75 349.0 290.0 601.1748913585797 582.9950271520956 0.0 0.0
488.5 505.0 357.5 290.5 605.3421769719039 582.5939547495285 0.0 0.0
499.5 505.5 385.0 290.5 630.6680065637014 583.0271759822756 0.0 0.0
503.5 505.0 400.0 289.0 643.0493008064889 581.8471119428978 0.0 0.0
505.5 506.25 405.5 287.75 648.0435942126117 582.3138936115133 0.0 0.0
505.5 506.5 408.0 286.5 649.6108450449392 581.9145646912364 0.0 0.0
505.0 506.25 407.5 285.5 648.9077361227866 581.2059017411552 0.0 0.0
505.0 506.5 406.5 283.25 648.2803419078045 580.3213421117725 0.0 0.0
503.5 507.0 398.5 283.0 642.1175852717192 580.6361995681798 0.0 0.0
502.5 507.0 390.0 284.0 636.0871591846085 581.1242504853133 0.0 0.0
501.5 506.75 382.0 284.0 630.418022290019 580.906296388028 0.0 0.0
489.0 507.25 357.5 286.0 605.7468854178271 582.3217131242852 0.0 0.0
485.5 507.5 350.5 285.0 598.799215096346 582.0491817707504 0.0 0.0
484.0 507.5 348.5 285.0 596.4128184403819 582.0491817707504 0.0 0.0
481.0 508.0 346.5 284.5 592.8096957805857 582.2407464593414 0.0 0.0
480.0 506.75 348.5 284.25 593.1714223518883 581.0281468980559 0.0 0.0
490.0 506.25 378.5 283.0 619.2789298323968 579.9813568871614 0.0 0.0
495.0 506.25 407.0 283.5 640.8385918776692 580.225238524515 0.0 0.0
494.0 505.5 414.0 283.5 644.5405310363283 579.5710136110786 0.0 0.0
491.5 506.0 420.0 284.5 646.5077339057901 580.496554684005 0.0 0.0
492.0 505.5 423.5 285.5 649.1658108680709 580.5519446701669 0.0 0.0
491.5 507.25 423.0 285.75 648.4606772966268 582.1989643125341 0.0 0.0
492.5 506.25 422.0 286.5 648.5678453330846 581.6971928564046 0.0 0.0
492.5 505.75 417.5 287.75 645.649011046573 581.8794775620902 0.0 0.0
494.0 505.75 410.5 287.5 642.2986695916403 581.7553848175644 0.0 0.0
495.5 475.9375 403.5 280.75 639.0091159904246 552.8074990342241 0.0 0.0
495.5 467.6875 397.5 257.75 635.2374769400503 534.8986479926864 0.0 0.0
496.5 459.4375 395.0 234.75 634.4582334559148 516.9897969511485 0.0 0.0
498.0 451.1875 394.0 211.75 635.0118109137813 499.08094590961065 0.0 0.0
499.0 451.5 396.5 214.25 637.3486094752227 499.98219307761485 0.0 0.0
499.5 500.5 401.0 283.0 640.547621892135 575.0267891325586 0.0 0.0
499.5 514.0 407.5 282.75 644.6371032666666 586.6379240576803 0.0 0.0
498.0 510.0 413.0 282.25 646.9722931662035 582.8937384683104 0.0 0.0
497.5 507.75 418.5 283.5 650.1143004103899 581.5345316716202 0.0 0.0
496.5 507.5 421.0 282.25 650.9634049362495 580.707966292298 0.0 0.0
497.0 507.5 422.0 281.5 651.9916446799084 580.3434328050935 0.0 0.0
496.5 507.0 420.0 280.5 650.3170380668186 579.4215292764823 0.0 0.0
499.0 521.5 416.5 283.5 649.9798042803967 593.5783620441505 0.0 0.0
500.5 518.25 412.0 281.25 648.262867470181 589.6553240651763 0.0 0.0
503.0 516.0 407.0 280.0 647.0383329710389 587.0741009446763 0.0 0.0
508.0 509.5 403.5 265.0 648.7502317220547 574.3879895841737 0.0 0.0
514.0 491.5 399.0 191.0 650.6897540286257 527.3385786366164 0.0 0.0
519.5 495.75 396.5 187.5 653.5231509715782 530.0250342281597 0.0 0.0
511.5 495.5 325.5 190.0 608.3080649666836 530.6811926861837 0.0 0.0
510.85714285714283 495.25 283.92857142857144 192.0 585.1729073538386 531.1662720093665 0.0 0.0
516.0 495.25 310.5 192.5 603.248610581134 531.3465181114856 0.0 0.0
521.1428571428571 496.0 337.07142857142856 192.5 621.3243138084295 532.0467387758106 0.0 0.0
523.5 495.5 374.0 191.0 643.5406069453247 531.0378988358552 0.0 0.0
525.0 501.75 394.5 234.75 656.7027407194706 555.0940622322844 0.0 0.0
523.5 493.75 393.5 295.25 654.9007426484518 575.3408169716423 0.0 0.0
524.0 472.5 390.5 309.0 653.5035523514111 564.5684631299166 0.0 0.0
512.5 469.5 391.0 309.5 644.6219239123081 562.3350196008246 0.0 0.0
513.0 523.0 390.0 342.0 644.4138202051877 624.9006686168644 0.0 0.0
515.0 470.25 388.0 309.0 644.8019000450583 562.686485840871 0.0 0.0
512.0 470.0 382.5 308.75 639.1013236419508 562.3402939140719 0.0 0.0
510.0 506.0 377.0 301.25 634.2157729409843 588.8940366418778 0.0 0.0
509.5 514.75 373.0 306.0 631.4456784697301 598.8391961437706 0.0 0.0
508.5 516.0 371.0 311.0 629.4547243448094 602.4757312543702 0.0 0.0
507.5 513.25 373.5 309.0 630.1257810945367 599.0890623688156 0.0 0.0
508.5 513.0 374.5 310.25 631.5280941410774 599.5198981370646 0.0 0.0
512.3333333333333 515.75 304.29166666666663 310.25 595.9688089630828 601.8751700193711 0.0 0.0
517.6666666666667 502.79166666666663 293.45833333333337 299.41666666666663 595.3273222907007 585.2529416970619 0.0 0.0
523.0 483.95833333333337 282.625 277.08333333333337 594.6858356183186 557.8686267456017 0.0 0.0
529.5 465.125 291.0 254.75 604.3401550198411 530.4843117941414 0.0 0.0
533.0 476.5 345.5 253.5 635.1956461645391 539.7382919909919 0.0 0.0
527.0 503.5 344.5 300.0 629.6104548425811 586.0994913656607 0.0 0.0
527.5 514.25 341.5 314.5 628.3941475407614 602.8109413555403 0.0 0.0
526.0 524.25 336.0 312.0 624.1570895606103 610.0682155257451 0.0 0.0
527.0 524.25 338.25 309.0 626.2124824432235 608.5384775136681 0.0 0.0
528.0 575.5 339.5 313.5 627.7298204297094 655.4609564312416 0.0 0.0
528.75 568.5 341.25 312.0 629.3101021806524 648.600136945362 0.0 0.0
532.5 520.5 347.0 312.0 635.584447559553 606.851282808288 0.0 0.0
531.5 524.0 351.5 311.5 637.2191766972054 609.5970806182245 0.0 0.0
531.25 507.0 355.75 284.42857142857144 639.3643286634702 582.2366254102612 0.0 0.0
531.0 487.0 357.75 249.0 640.2709387288357 548.3889050909839 0.0 0.0
531.5 467.0 359.5 213.57142857142856 641.663852807683 514.5411847717066 0.0 0.0
532.75 471.5 358.0 227.0 641.8632870021665 524.0280506385973 0.0 0.0
534.25 506.0 353.25 300.5 640.4784805797215 588.5340397371524 0.0 0.0
536.0 520.0 347.5 303.5 638.7940713291216 602.0996112863138 0.0 0.0
538.5 516.375 342.25 304.5 638.066477488705 599.4694015535517 0.0 0.0
540.25 512.0 337.5 301.5 637.009180150287 594.1778598838553 0.0 0.0
542.0 512.0 332.25 299.0 635.7358102604398 592.9141383123904 0.0 0.0
542.25 507.5 329.25 295.5 634.3825495528206 587.2623036959022 0.0 0.0
539.25 504.5 323.5 292.0 628.8478790469813 582.9103166578102 0.0 0.0
530.75 504.5 311.0 294.0 615.1620441964326 583.9152305686366 0.0 0.0
529.75 510.0 318.0 293.5 617.8758235550736 588.4269120356328 0.0 0.0
527.25 511.0 327.25 303.5 620.562610501956 594.3345108349816 0.0 0.0
524.25 482.0 334.25 311.0 621.7457082967703 573.8568540995109 0.0 0.0
531.25 339.5 358.5 276.5 640.9669881608763 437.9058103833531 0.0 0.0
538.0 228.70652173913044 371.0 150.7173913043478 653.518098004008 273.93950528839116 0.0 0.0
538.5 245.5326086956522 368.25 157.58695652173913 652.3736484053563 291.91276128705715 0.0 0.0
538.75 262.35869565217394 364.0 164.45652173913044 650.192888542701 309.88601728572314 0.0 0.0
538.25 279.1847826086956 356.75 171.32608695652175 645.7429975216038 327.8592732843891 0.0 0.0
538.0 296.0108695652174 354.75 178.19565217391306 644.4312885208035 345.83252928305507 0.0 0.0
538.25 312.8369565217391 354.75 185.06521739130437 644.6399306661017 363.805785281721 0.0 0.0
538.5 329.6630434782609 354.0 191.93478260869566 644.4363816545432 381.779041280387 0.0 0.0
539.5 346.4891304347826 355.0 198.80434782608694 645.8213762333978 399.752297279053 0.0 0.0
539.0 363.3152173913043 357.5 205.67391304347825 646.7822276469878 417.725553277719 0.0 0.0
538.5 380.14130434782606 361.5 212.54347826086956 648.5866729557847 435.69880927638496 0.0 0.0
591.0 396.9673913043478 315.5 219.41304347826087 669.9538712542898 453.67206527505095 0.0 0.0
590.5 413.79347826086956 310.5 226.2826086956522 667.158526888475 471.6453212737169 0.0 0.0
591.5 438.125 310.5 280.75 668.043826412186 520.4594832134809 0.0 0.0
592.0 459.5 308.5 305.25 667.5599224039742 551.7224678239284 0.0 0.0
588.0 494.25 301.0 311.5 660.5703725603689 584.345242113651 0.0 0.0
516.0416666666666 472.25 189.04166666666669 302.5 551.2481541346557 560.835775916119 0.0 0.0
492.20833333333337 473.75 149.20833333333331 298.5 521.6580355748438 559.960306472156 0.0 0.0
468.375 506.5 109.375 298.5 492.067917015032 588.095787341121 0.0 0.0
444.5416666666667 525.75 69.54166666666666 292.75 462.47779845522007 601.7605342907551 0.0 0.0
420.70833333333337 527.25 29.70833333333333 292.25 432.88767989540827 602.8307292469422 0.0 0.0
396.875 528.5 -10.125000000000014 293.75 403.29756133559636 604.6513282173419 0.0 0.0
313.0 527.0 -105.0 293.25 340.47663369585683 603.0958390705268 0.0 0.0
368.5 527.25 -390.5 292.0 537.6674224100259 602.7079512051318 0.0 0.0
291.5 526.75 -396.25 291.75 563.1440685008123 602.1494530590779 0.0 0.0
354.0887096774194 546.25 -355.25 292.25 565.8792478807635 619.5729176560815 0.0 0.0
367.5403225806451 521.25 -314.25 290.75 568.6144272607148 596.8576910388706 0.0 0.0
380.991935483871 520.25 -273.25 288.5 571.349606640666 594.8887496256971 0.0 0.0
394.44354838709677 519.0 -232.25 287.25 574.0847860206172 593.1894932384921 0.0 0.0
407.89516129032256 519.0 -191.25 285.75 576.8199654005684 592.4650784500625 0.0 0.0
421.3467741935484 518.5 -150.25 285.5 579.5551447805196 591.905982261544 0.0 0.0
434.79838709677415 518.5 -109.25 286.0 582.2903241604708 592.1471523194214 0.0 0.0
448.25 485.5 -68.25 293.5 585.0255035404222 567.3212436233621 0.0 0.0
461.7016129032258 486.0 -27.25 295.0 587.7606829203734 568.5276310418162 0.0 0.0
475.1532258064516 486.5 13.75 295.5 590.4958623003246 569.212335270259 0.0 0.0
488.60483870967744 487.0 54.75 296.5 593.2310416802758 570.1589935348213 0.0 0.0
502.0564516129032 488.75 95.75 293.5 595.966221060227 570.105220162029 0.0 0.0
515.508064516129 498.75 136.75 297.0 598.7014004401783 580.4895979700694 0.0 0.0
528.9596774193549 508.25 177.75 296.25 601.4365798201295 588.2883450750037 0.0 0.0
542.4112903225806 495.25 218.75 301.75 604.1717592000807 579.9435314612213 0.0 0.0
573.0 520.5 305.5 317.0 650.5754189077572 609.9181353911888 0.0 0.0
584.5 563.25 371.0 336.0 692.3021356084225 655.8556082734317 0.0 0.0
578.5 563.0 358.5 322.25 680.5876823266658 648.7879282180838 0.0 0.0
574.0 529.0 347.5 306.0 670.9971432384677 611.127650013817 0.0 0.0
568.5 518.75 345.5 307.25 665.2537364855764 602.9143963585354 0.0 0.0
545.5 518.5 368.0 309.0 658.0313909131623 603.5921736389832 0.0 0.0
546.5 511.75 369.0 309.25 659.414982201235 597.9338402453564 0.0 0.0
543.5 502.75 374.0 309.75 659.7487549522681 590.513592004163 0.0 0.0
542.5 498.5 382.5 310.0 663.7866976763742 587.0283212929339 0.0 0.0
546.5 499.5 396.5 311.5 675.1847895206171 588.6701206987804 0.0 0.0
551.0 500.5 406.0 310.5 684.4250493044422 588.991239767012 0.0 0.0
552.5 501.5 415.0 310.0 691.0006434915175 589.5780270668166 0.0 0.0
552.5 501.5 418.5 310.5 693.1107208898936 589.8412334877751 0.0 0.0
553.5 501.25 414.0 309.75 691.2058664858782 589.2339362269403 0.0 0.0
554.0 501.25 407.0 307.5 687.4382690284841 588.0542743571739 0.0 0.0
553.0 500.25 405.0 308.5 685.4458649177845 587.7264072000446 0.0 0.0
551.0 499.5 404.0 308.5 683.2440782005567 587.0882123079666 0.0 0.0
551.5 497.5 409.5 308.5 686.9083960805413 585.3875378180221 0.0 0.0
552.0 498.75 415.0 310.25 690.601504124799 587.3731490219923 0.0 0.0
550.5 505.25 415.5 302.5 689.7036588817746 588.9335120213914 0.0 0.0
548.0 503.75 409.5 296.5 684.1016474985943 584.5308835056661 0.0 0.0
548.5 499.25 402.0 295.25 680.0418373551599 580.0201665773077 0.0 0.0
546.0 499.0 386.0 293.5 668.667832391081 578.9155810651498 0.0 0.0
533.0 498.5 361.0 294.75 643.7654151130916 579.1200506783675 0.0 0.0
504.5 498.75 321.5 294.25 598.2403483451207 579.0810774704075 0.0 0.0
471.0 499.5 305.5 291.75 561.4012148467627 578.4655345258502 0.0 0.0
462.0 502.0 300.0 290.0 550.8575275785419 579.7448253801645 0.0 0.0
504.0 503.0 314.0 289.0 593.8114178760795 580.112111617889 0.0 0.0
505.0 503.5 310.5 290.0 592.8211220544111 581.0447494799505 0.0 0.0
489.0 500.5 321.5 292.0 585.5218102303354 579.4581366426601 0.0 0.0
534.0 501.5 345.5 294.0 636.0237929773522 581.3246746950774 0.0 0.0
541.5 501.25 345.0 294.5 642.0648435892081 581.3622997547197 0.0 0.0
548.0 499.25 346.0 297.0 648.089509514161 580.9140274002239 0.0 0.0
552.5 498.75 347.0 298.5 652.4302644727634 581.2520132326171 0.0 0.0
556.0 498.5 345.5 299.0 654.6038878589097 581.2945175588441 0.0 0.0
559.5 498.25 345.5 298.5 657.579325263846 580.8232288686311 0.0 0.0
551.0 479.0 328.5 295.5 641.505235117887 562.8158876796408 0.0 0.0
548.0 479.5 317.0 290.0 633.0821694572332 560.419126915462 0.0 0.0
546.0 479.5 313.5 295.5 629.6020297838195 563.2418690739107 0.0 0.0
544.5 477.5 310.5 296.0 626.8098286935183 561.8027717740644 0.0 0.0
543.5 477.75 309.0 295.75 625.2011545307168 561.8835806435204 0.0 0.0
542.5 478.25 307.5 295.5 623.588778359463 562.1773116804472 0.0 0.0
541.0 478.25 309.0 295.75 623.0296452863215 562.3088505585822 0.0 0.0
543.5 478.5 320.5 296.5 630.961592514171 562.916091556649 0.0 0.0
546.0 478.75 325.0 297.0 635.4063145705236 563.3920303561913 0.0 0.0
547.0 479.5 327.5 296.0 637.5464171581054 563.5037940644513 0.0 0.0
547.5 479.25 330.0 294.75 639.262413551153 562.635510446688 0.0 0.0
548.0 479.5 331.0 295.5 640.2076952354832 563.241128480852 0.0 0.0
543.5 479.25 328.0 295.75 634.8041263341156 563.1598289923302 0.0 0.0
542.0 479.75 327.0 295.25 633.0031823306202 563.3228485552254 0.0 0.0
540.0 478.75 325.0 295.75 630.2579068067995 562.7341676052674 0.0 0.0
537.5 478.25 323.0 295.25 627.0847464666416 562.0461563794097 0.0 0.0
534.5 478.75 322.0 295.75 623.9986510970566 562.7341676052674 0.0 0.0
535.5 478.5 349.5 297.0 639.4640687280835 563.1798363864077 0.0 0.0
533.0 463.58333333333337 360.0 287.25 643.1867315798178 545.455319071773 0.0 0.0
531.0 447.91666666666663 368.0 264.25 646.0534033653875 520.3592883443953 0.0 0.0
528.0 432.25 372.0 241.25 645.8854387582987 495.26325761701753 0.0 0.0
526.5 441.0 372.5 260.5 644.9484475522055 512.6250860904611 0.0 0.0
525.0 443.5 369.0 312.0 641.7056703311339 542.5647550539197 0.0 0.0
523.5 440.0 361.5 324.0 636.1875358107909 546.4308156227837 0.0 0.0
520.0 458.5 350.5 319.75 627.098533256909 558.9833222463117 0.0 0.0
506.5 461.5 308.5 313.75 593.0552821186498 558.0885322415689 0.0 0.0
497.5 465.75 297.5 321.25 579.6658520216625 565.7960777353119 0.0 0.0
487.0 466.25 286.5 319.75 565.0232296109604 565.3580303440438 0.0 0.0
481.0 468.0 282.0 319.0 557.5706518867585 566.3789184867983 0.0 0.0
478.0 470.25 287.0 318.5 557.5419266745776 567.9589663519757 0.0 0.0
488.5 470.0 323.0 316.25 585.6868546572948 566.4946341905998 0.0 0.0
498.5 470.25 353.5 314.0 611.1178964370029 565.4482761758873 0.0 0.0
508.0 505.75 371.5 298.25 629.3464476881929 587.1504217235424 0.0 0.0
516.0 493.5 382.0 290.5 642.012751283492 572.6757531916077 0.0 0.0
522.5 452.25 382.5 214.5 647.5435605194398 502.3981426884511 0.0 0.0
496.8125 450.1590909090909 276.4375 162.8409090909091 569.8543833862365 478.84932313478157 0.0 0.0
470.0625 452.3712121212121 200.1875 159.96212121212122 514.0374533280092 480.13065561515884 0.0 0.0
469.375 454.5833333333333 177.375 157.08333333333334 503.4914740752458 481.4119880955361 0.0 0.0
512.5 456.79545454545456 298.5 154.20454545454547 593.5421586809455 482.6933205759134 0.0 0.0
523.0 459.00757575757575 301.5 151.32575757575756 603.6816793767333 483.97465305629055 0.0 0.0
512.0 461.219696969697 307.0 148.4469696969697 596.9878012375932 485.2559855366678 0.0 0.0
496.0 463.4318181818182 316.5 145.5681818181818 588.6380230847112 486.5373180170451 0.0 0.0
501.5 465.6439393939394 335.0 142.68939393939394 603.1027018414104 487.81865049742237 0.0 0.0
514.0 467.8560606060606 354.5 139.81060606060606 624.3936366533185 489.09998297779964 0.0 0.0
519.0 470.0681818181818 385.0 136.9318181818182 646.2120639088012 490.3813154581769 0.0 0.0
516.0 472.280303030303 388.0 134.0530303030303 645.6004956627589 491.6626479385542 0.0 0.0
515.0 474.49242424242425 384.5 131.1742424242424 642.7015248153687 492.94398041893146 0.0 0.0
514.0 476.70454545454544 379.0 128.29545454545453 638.6216781464412 494.22531289930873 0.0 0.0
513.0 478.9166666666667 374.5 125.41666666666666 635.1534478743902 495.506645379686 0.0 0.0
508.5 481.1287878787879 350.5 122.53787878787878 617.7211397327178 496.7879778600633 0.0 0.0
506.0 483.34090909090907 333.0 119.6590909090909 605.7433618223117 498.06931034044055 0.0 0.0
506.5 490.5 334.0 198.5 606.7114056869034 534.1799796882754 0.0 0.0
507.5 515.0 335.5 303.5 608.3721508827898 597.7805311510101 0.0 0.0
509.0 522.25 337.0 311.75 610.4506532063014 608.2220140342212 0.0 0.0
510.5 520.75 339.5 313.25 613.0831781949605 607.7056296322114 0.0 0.0
519.5 521.5 367.0 314.0 636.0577149678751 608.7349826059533 0.0 0.0
518.0 523.0 364.0 314.5 633.1035323236013 610.2780104182027 0.0 0.0
516.5 523.5 358.5 314.5 628.7245150208859 610.7066122946692 0.0 0.0
514.0 361.625 348.5 286.0 621.0058373316631 462.9326085541849 0.0 0.0
511.5 179.25 340.0 201.5 614.1924970149066 270.4724639604647 0.0 0.0
510.0 115.0 340.5 205.5 613.2212080481236 235.492738822293 0.0 0.0
508.0 109.5 348.0 206.0 615.7661893933443 233.3031612676279 0.0 0.0
497.0 108.5 346.0 207.0 605.5787921933465 233.71286997816722 0.0 0.0
495.5 106.75 352.0 207.0 607.8030325058244 232.90505840533808 0.0 0.0
495.5 135.25 350.5 193.75 606.9358833552061 238.29673632684108 0.0 0.0
498.0 197.75 345.5 164.5 606.1140569232824 257.22810721854967 0.0 0.0
508.0 197.75 347.5 162.75 615.4961772995275 256.11091658366695 0.0 0.0
515.0 198.5 352.5 162.0 624.0845848366052 256.2152514461883 0.0 0.0
520.0 196.5 357.5 159.0 631.0359183428159 252.7725759966263 0.0 0.0
521.5 196.5 367.5 156.75 637.9800267774242 251.3635198214011 0.0 0.0
520.0 216.0 373.0 170.0 639.9446578163689 274.8751382829874 0.0 0.0
518.5 276.2857142857143 373.5 215.96428571428572 639.0201703602988 350.67769999706894 0.0 0.0
515.5 330.0 373.0 257.25 636.2971937494381 418.42356075699183 0.0 0.0
516.0 383.71428571428567 371.5 298.53571428571433 635.8209260475783 486.16942151691467 0.0 0.0
510.5 462.75 351.0 325.75 619.5521185223415 566.4769292552864 0.0 0.0
507.5 496.0 339.0 320.25 610.3107190398453 590.4038187658851 0.0 0.0
506.5 508.75 339.5 322.25 609.7576772703517 602.2259182190596 0.0 0.0
503.0 505.5 340.0 322.75 607.1323466832763 599.7488013180593 0.0 0.0
492.5 503.25 343.5 324.5 600.4570494095552 598.8002270242457 0.0 0.0
398.63157894736844 501.0 341.35526315789474 324.25 613.519382380656 596.7738820676373 0.0 0.0
273.4736842105263 506.75 337.82894736842104 318.75 630.5544501883669 598.6639658020862 0.0 0.0
148.3157894736842 510.0 334.3026315789474 315.75 647.5895179960778 599.8319349845235 0.0 0.0
23.15789473684208 511.75 330.77631578947364 315.5 664.6245858037887 601.1893400093776 0.0 0.0
-102.0 512.0 327.25 316.0 681.6596536114996 601.6644155684799 0.0 0.0
-227.15789473684214 512.0 323.72368421052636 316.5 698.6947214192106 601.9275069540131 0.0 0.0
-352.3157894736843 512.25 320.1973684210526 317.75 715.7297892269216 602.7977534023579 0.0 0.0
-477.47368421052636 513.25 316.67105263157896 317.25 732.7648570346325 603.384821987737 0.0 0.0
-602.6315789473684 514.0 313.14473684210526 318.0 749.7999248423434 604.4173599197713 0.0 0.0
-693.5 513.5 284.5 319.75 749.9385231295892 604.9154633794466 1.0 0.0
-650.5 513.75 275.0 319.75 706.2456860650296 605.1278510569944 1.0 0.0
-586.0 514.25 274.0 318.5 646.9160308524157 604.8930669351843 0.0 0.0
-553.5 514.25 282.5 316.75 621.4425522477901 603.9749578517212 1.0 0.0
-533.0 516.5 288.5 313.5 606.0772367691036 604.1984290265013 1.0 0.0
-522.5 518.0 291.5 311.5 598.3136824723272 604.4486192278346 1.0 0.0
-519.5 534.5 287.5 296.5 593.74804648117 611.2720512040252 1.0 0.0
-512.5 523.0 279.5 292.5 583.7607635878883 599.2372324089413 1.0 0.0
-509.0 518.5 276.0 291.0 579.0148245257121 594.5782865783683 1.0 0.0
-505.5 516.75 273.0 291.0 574.5078339260442 593.0633918104952 1.0 0.0
-502.0 516.75 270.5 294.0 570.2405687555736 594.5308016430793 1.0 0.0
-500.0 512.75 269.0 309.0 567.7688425909846 598.6886033985882 1.0 0.0
-495.5 509.5 279.5 314.75 568.9430036546689 598.8805037204072 1.0 0.0
-495.5 489.5 289.0 323.0 573.6215804876789 586.6134755416961 1.0 0.0
-496.5 486.75 291.5 328.0 575.74690620098 586.9506595296607 1.0 0.0
-499.5 497.0 298.0 327.0 581.6392782472656 594.9639346762456 1.0 0.0
-501.0 505.75 305.0 324.5 586.537320139591 600.9023393598113 1.0 0.0
-499.5 494.75 308.0 329.5 586.8255930199284 594.437129631179 1.0 0.0
-497.0 487.5 306.5 333.0 583.9103326792533 590.3782492151456 1.0 0.0
-495.5 483.0 302.5 336.5 580.5399301711175 588.661374738531 1.0 0.0
-493.5 490.25 298.5 335.25 576.753572190902 593.964436162526 1.0 0.0
-482.5 484.5 292.0 337.5 563.982411666421 590.531517004911 1.0 0.0
-463.0 483.5 287.5 339.0 545.0009626746399 590.5045944292485 1.0 0.0
-455.5 501.75 288.0 332.5 538.9105079664789 601.9213666015328 1.0 0.0
-451.0 502.75 290.0 331.25 536.1914700192847 602.0683069414175 1.0 0.0
-466.0 481.0 294.5 337.5 551.259434927879 588.0908384909101 1.0 0.0
-466.0 361.75 298.0 397.75 553.1365236621521 538.292774933883 1.0 0.0
-468.0 262.5 298.5 417.5 555.0912208834013 493.1710882535367 1.0 0.0
-472.5 109.75 295.5 295.75 557.2960272916368 315.4721959983797 1.0 0.0
-473.5 118.63157894736841 302.0 339.72368421052636 561.6104284226072 360.4881782021285 1.0 0.0
-463.5 105.47368421052633 300.5 319.3552631578947 552.3896156257483 337.7510059784015 1.0 0.0
-465.0 92.31578947368422 290.5 298.9868421052631 548.2865405185357 315.0138337546746 1.0 0.0
-468.5 79.15789473684211 293.0 278.61842105263156 552.5770803341848 292.27666153094765 1.0 0.0
-470.5 66.0 292.5 258.25 554.0097280303347 269.53948930722066 1.0 0.0
-472.5 52.8421052631579 292.0 237.8815789473684 555.4463448190945 246.80231708349373 1.0 0.0
-481.0 39.684210526315795 294.0 217.51315789473685 563.7370379130562 224.0651448597668 1.0 0.0
-488.5 26.526315789473692 314.0 197.14473684210526 580.8205704377457 201.32797263603985 1.0 0.0
-490.0 13.368421052631582 331.5 176.7763157894737 591.6014946703912 178.5908004123129 1.0 0.0
-489.5 11.75 331.0 190.0 590.9072079807784 190.47567190283638 1.0 0.0
-489.0 31.25 331.0 251.25 590.4931595254689 253.1859972157007 1.0 0.0
-488.5 32.0 329.5 252.0 589.2389158906598 254.02797935620197 1.0 0.0
-488.0 30.5 328.0 252.5 587.986540836419 254.33541553475865 1.0 0.0
-487.5 38.25 326.5 247.5 586.735607054529 250.57730582779806 1.0 0.0
-486.5 163.25 325.5 187.75 585.3483344932288 249.01258047735 1.0 0.0
-485.0 174.25 325.0 181.75 583.8240156275165 251.78611944375572 1.0 0.0
-484.0 173.5 325.0 178.75 582.9931388961623 249.10655245647644 1.0 0.0
-475.5 173.25 295.5 176.0 559.840132677325 246.9652652871749 1.0 0.0
-474.5 173.5 295.0 174.0 558.7267601697198 245.72011444028612 1.0 0.0
-473.0 173.75 294.0 172.75 556.9250166532918 245.01352005424155 1.0 0.0
-474.0 173.75 293.0 170.75 557.2477244238269 243.60853970835808 1.0 0.0
-475.0 172.5 292.0 153.5 557.5745225232907 230.91886700485105 1.0 0.0
-477.0 172.75 290.5 149.0 558.4973747815989 228.1306837546088 1.0 0.0
-479.0 173.0 290.5 149.75 560.2064351647524 228.8101794700107 1.0 0.0
-480.5 174.25 290.5 152.75 561.4895623484504 231.7236868571042 1.0 0.0
-480.0 175.0 291.0 154.5 561.3207639131124 233.44241154166065 1.0 0.0
-479.0 175.25 291.5 154.25 560.7257061738694 233.4644074612431 1.0 0.0
-478.0 162.75 292.5 149.25 560.3929424966021 220.90752626735878 1.0 0.0
-477.0 126.5 292.0 129.0 559.2791627199556 180.67756431334183 1.0 0.0
-474.0 125.75 292.0 127.0 556.7225520849681 178.7235164006305 1.0 0.0
-472.5 125.0 291.0 124.75 554.9209403149245 176.60080496871694 1.0 0.0
-472.5 124.75 290.0 123.75 554.3972195916554 175.71745787491972 1.0 0.0
-473.0 124.75 289.0 123.0 554.3015262846905 175.19088178942542 1.0 0.0
-474.5 124.25 290.0 122.0 556.1027944427635 174.1323949133342 1.0 0.0
-476.5 125.0 290.0 122.0 557.8102881549081 174.6682572013299 1.0 0.0
-479.5 119.25 290.5 119.25 560.6340759562813 168.7470364863329 1.0 0.0
-481.5 112.25 289.5 116.25 561.8296264853853 161.79481503991275 1.0 0.0
-485.0 105.25 289.0 113.25 564.5760050759566 154.84259359349258 1.0 0.0
-486.5 98.25 287.0 110.25 564.8462180098226 147.8903721470724 1.0 0.0
-485.0 91.25 287.75 107.25 563.9376959049007 140.93815070065227 1.0 0.0
-480.25 81.5 300.25 104.5 566.3843158027446 132.563228772147 1.0 0.0
-479.75 75.5 302.5 113.5 567.1571840208999 136.34579567333117 1.0 0.0
-479.5 76.5 304.5 118.5 568.0151517531755 141.0682570869751 1.0 0.0
-479.0 -53.0 306.75 175.0 568.8042817738758 187.58720541217468 1.0 0.0
-478.5 -271.0 309.5 250.5 569.8719911827246 369.3266104187121 1.0 0.0
-490.0 -498.5 321.0 285.0 585.782382980708 574.4207895150578 1.0 0.0
-493.75 -605.625 323.5 326.25 590.2894381465696 687.9103985980305 1.0 0.0
-494.5 -683.0 320.75 322.0 589.4196103784585 755.1733510436472 1.0 1.0
-493.75 -678.5 314.5 309.0 585.4159926407174 745.7670931321064 1.0 1.0
-490.75 -763.0 302.5 293.5 576.521058005098 818.2313601480244 1.0 1.0
-486.0 -619.0 286.25 328.5 564.0622939315892 700.8224711846825 1.0 1.0
-480.75 -635.5 275.25 328.0 553.9717811648641 715.153342010196 1.0 1.0
-477.75 -632.5 275.5 328.5 551.5070776014998 712.7192381570678 1.0 1.0
-477.0 -604.0 285.5 329.5 555.9368270591544 688.0308442671676 1.0 1.0
-470.75 -607.0 294.75 340.5 555.4610565227531 696.0254121718593 1.0 1.0
-468.75 -617.5 312.25 370.5 563.2912477152321 720.1397345062547 1.0 1.0
-464.5 -619.5 333.75 364.5 572.040024594826 718.7770935723066 1.0 1.0
-459.75 -615.0 347.5 358.0 576.3096668111624 711.6102377227508 1.0 1.0
-453.75 -610.5 348.5 354.0 572.1389229832024 705.7103674076463 1.0 1.0
-452.75 -607.5 342.25 351.5 567.5577493086901 701.8608359491328 1.0 1.0
-454.75 -603.0 331.75 347.0 562.902115928492 695.7174342808053 1.0 1.0
-455.25 -598.5 321.25 347.0 557.1863264987932 691.8368258709613 1.0 1.0
-454.75 -598.0 318.5 338.5 555.1973440838424 687.1582345677099 1.0 1.0
-454.5 -597.0 321.0 340.5 556.4320993783156 687.2816314592149 1.0 1.0
-454.125 -602.5 322.625 332.0 557.0624212408634 687.9574165299481 1.0 1.0
-454.5 -609.25 325.5 318.875 559.0354776267825 687.6662285833557 1.0 1.0
-453.5 -602.25 329.0 320.5 560.2710012338024 682.2216010593909 1.0 1.0
-452.5 -604.5 329.5 318.0 559.7558962377766 683.0410489829774 1.0 1.0
-450.5 -603.0 330.5 318.25 558.731588929987 681.830088107019 1.0 1.0
-449.0 -604.25 329.0 310.0 556.6356211702247 679.1351788133715 1.0 1.0
-449.5 -387.78125 326.5 308.0625 555.5656168457691 531.7881081209794 1.0 0.0
-448.5 -186.90625 325.5 296.3125 554.168535630604 510.2106832240303 1.0 0.0
-449.5 13.96875 322.0 284.5625 552.9328500887127 488.6332583270812 1.0 0.0
-450.5 214.84375 319.5 272.8125 552.2957393136537 467.055833430132 1.0 0.0
-453.0 397.375 318.0 283.625 553.4736511595493 488.22856573526246 1.0 0.0
-455.0 482.5 314.0 328.5 552.8304294602788 583.7384681310128 1.0 0.0
-457.5 476.75 310.5 318.5 552.9164302493016 573.3536134199579 1.0 0.0
-459.5 472.625 308.0 328.375 553.1766648168125 575.5285052827222 1.0 0.0
-461.5 484.0 308.0 324.5 554.8390964609348 583.0073324884561 1.0 0.0
-463.0 504.75 305.0 317.75 554.4312401010607 596.439628580174 1.0 0.0
-469.0 516.5 303.5 312.25 558.6382366368495 603.6773999732748 1.0 0.0
-472.0 530.25 302.0 304.25 560.3464797628483 611.3371814858574 1.0 0.0
-471.0 533.75 297.0 303.75 556.8214964198334 614.1282807899709 1.0 0.0
-472.0 539.75 293.0 304.0 555.5481273857395 619.4727102880877 1.0 0.0
-473.5 546.0 292.0 302.25 556.2970709253774 624.0782823440543 1.0 0.0
-475.0 552.5 295.5 301.25 559.4152574279948 629.2916558827404 1.0 0.0
-479.0 553.25 298.0 303.0 564.1329800020708 630.7888528826937 1.0 0.0
-484.0 553.5 317.5 304.5 578.8750744478208 631.7297697034613 1.0 0.0
-482.0 551.5 324.0 304.0 580.7753438292641 629.736836337039 1.0 0.0
-482.0 534.0 324.5 309.75 581.0545774955735 617.4553775641195 1.0 0.0
-481.0 498.25 324.0 309.75 579.945687112164 586.6841088251872 1.0 0.0
-482.0 496.5 322.0 309.25 579.6619704620962 584.9342181813741 1.0 0.0
-481.5 495.0 318.0 314.25 577.0322781266226 586.35067899914 1.0 0.0
-472.5 493.0 299.0 319.0 559.1577114547727 587.2068734233353 1.0 0.0
-471.5 493.0 297.0 319.0 557.2449783830622 587.205245208181 1.0 0.0
-468.5 493.25 295.5 318.25 553.906602584842 587.0096554685266 1.0 0.0
-464.5 499.25 294.0 309.75 549.7238593208003 587.595899758097 1.0 0.0
-455.0 495.0 296.5 316.0 543.0815298569265 587.2656979596203 1.0 0.0
-403.1363636363636 497.0 306.6590909090909 317.0 520.0840363644489 589.4898550265596 1.0 0.0
-335.3181818181818 498.75 320.20454545454544 316.0 490.5377938277408 590.4301174771293 0.0 0.0
-267.5 496.25 333.75 303.0 460.9915512910327 581.4537322384988 1.0 0.0
-199.6818181818182 508.25 347.2954545454545 302.25 431.4453087543245 591.38482236496 1.0 0.0
-131.8636363636364 521.5 360.8409090909091 301.25 401.89906621761634 602.2573032868961 1.0 0.0
13.5 503.25 271.5 314.0 291.41771035583145 593.7121927576709 0.0 0.0
223.6875 475.25 179.3125 314.25 298.8407245512044 569.7505869227396 0.0 0.0
377.9375 479.5 189.0625 319.25 426.5003087573733 576.0562623671759 0.0 0.0
740.875 479.0 331.0 325.25 808.5411246101207 579.0124844006864 0.0 0.0
658.5 468.70833333333337 325.0 315.70833333333337 734.359342009478 565.1935167545207 0.0 0.0
609.5 465.54166666666663 297.5 300.54166666666663 678.2566467238538 554.3672668154148 0.0 0.0
587.5 462.375 301.0 285.375 660.1246968857248 543.541016876309 0.0 0.0
575.5 464.25 301.5 287.25 649.701063576993 546.0056970058549 0.0 0.0
593.0 493.75 318.0 308.0 672.9618136876354 582.2120551227426 0.0 0.0
606.0 529.5 321.0 306.0 685.7675638227199 611.5616490208258 0.0 0.0
609.0 530.5 319.0 308.5 687.490262633358 613.6795280748875 0.0 0.0
604.0 534.5 316.5 307.25 681.9023540065765 616.5210780391672 0.0 0.0
592.0 538.25 317.5 307.5 671.7697808586568 619.8951221257034 0.0 0.0
579.0 537.5 327.5 308.25 665.2113052882862 619.6166038657284 0.0 0.0
557.5 539.0 329.0 310.0 647.3499380886037 621.7915070125443 0.0 0.0
541.0 539.25 333.5 313.0 635.5427970706836 623.5059395935108 0.0 0.0
534.0 537.25 336.0 314.25 630.9160630716407 622.4072155566092 0.0 0.0
533.5 532.25 337.0 311.0 631.0240259317236 616.4503758703981 0.0 0.0
535.0 530.5 339.0 311.5 633.360876594063 615.2105572230028 0.0 0.0
536.5 528.75 341.5 311.25 635.9673733769681 613.5673748182137 0.0 0.0
535.0 528.0 343.0 316.0 635.5111935922364 615.3376880424373 0.0 0.0
532.5 527.25 346.0 316.5 635.0373420395532 614.9510785872772 0.0 0.0
531.0 527.0 347.5 316.5 634.6002088217529 614.7367322683751 0.0 0.0
527.5 527.5 348.5 317.25 632.2254186283519 615.5517530972099 0.0 0.0
506.0 526.75 327.0 318.25 602.5254067856521 615.4256598699291 0.0 0.0
498.5 526.0 311.5 318.0 587.8219796805645 614.6543977138209 0.0 0.0
497.0 526.0 311.0 317.0 586.2849736661133 614.1379902322667 0.0 0.0
495.0 525.75 315.0 316.75 586.7282164682384 613.7947429033513 0.0 0.0
492.0 524.5 321.5 317.25 587.7298059549078 612.98271958731 0.0 0.0
500.0 523.75 338.5 316.0 603.8223719516835 611.6944922752758 0.0 0.0
506.0 522.5 355.5 316.75 618.3984765095273 611.0129771156644 0.0 0.0
510.5 531.0 359.0 313.25 624.0923527269158 616.5117864345638 0.0 0.0
513.5 530.75 358.5 314.5 626.262325228015 616.9330187176033 0.0 0.0
515.0 531.5 354.0 315.5 624.9383165295698 618.0878296315439 0.0 0.0
513.5 519.5 347.0 320.5 619.7516886214999 610.410391768273 0.0 0.0
507.0 532.75 336.5 316.5 608.5074113165483 619.67316288855 0.0 0.0
505.5 532.25 335.0 317.5 606.4284159812161 619.7550555688555 0.0 0.0
505.0 533.75 332.5 316.25 604.6331700697667 620.4120577347331 0.0 0.0
504.0 535.75 330.5 314.25 602.6991544025511 621.1132933398052 0.0 0.0
504.5 536.5 330.5 313.5 603.1173358545136 621.381174188164 0.0 0.0
503.0 538.0 330.5 312.0 601.8632115235727 621.9229752001792 0.0 0.0
502.5 539.5 331.0 311.0 601.7203051664924 622.7208713869576 0.0 0.0
502.0 541.25 331.0 310.5 601.302752363566 623.9886441079568 0.0 0.0
501.5 535.5 333.0 315.5 601.9894737436515 621.5871146887712 0.0 0.0
502.0 531.5 335.5 320.25 603.7915617164585 620.5262651434386 0.0 0.0
503.5 533.25 337.0 320.0 605.8723688583198 621.8967591553453 0.0 0.0
511.0 534.0 339.5 320.5 613.4992009255051 622.797265402785 0.0 0.0
519.0 534.0 347.0 318.0 624.3156871574164 621.5148736845521 0.0 0.0
522.0 534.25 354.0 311.25 630.7138953103681 618.3038356099006 0.0 0.0
512.5 534.0 350.0 317.0 620.6944521131788 621.0035985998034 0.0 0.0
507.5 533.0 321.25 317.0 600.9370258583616 620.1435562266088 0.0 0.0
506.83333333333337 532.5 303.58333333333337 316.5 591.2015328709599 619.4582310374122 0.0 0.0
506.16666666666663 529.5 285.91666666666663 316.5 581.4660398835581 616.8814823253254 0.0 0.0
486.5 529.0 379.5 316.5 617.1732729897265 616.4538752676498 0.0 0.0
505.0 514.0714285714286 386.5 306.57142857142856 635.9344325418834 598.5481537966496 0.0 0.0
501.0 512.3571428571429 373.5 302.8571428571429 624.9061180176293 595.1870156755141 0.0 0.0
484.5 510.6428571428571 355.0 299.1428571428571 600.6392565290682 591.8258775543786 0.0 0.0
480.5 508.92857142857144 342.0 295.42857142857144 589.7836350845088 588.4647394332432 0.0 0.0
488.5 512.5 330.0 304.0 589.5192575697727 595.8799025898392 0.0 0.0
497.0 572.0 326.0 308.5 594.3778259659423 649.97525935918 0.0 0.0
497.0 508.5 326.5 317.5 594.6541417543942 599.4864020910229 0.0 0.0
496.0 506.0 332.0 312.5 596.8588491343638 594.720603184869 0.0 0.0
487.0 504.0 336.0 302.0 591.6636746109402 587.5554780091021 0.0 0.0
483.5 501.5 332.0 301.5 586.5161168205773 585.1533986913175 0.0 0.0
484.0 500.0 335.0 301.5 588.6366447487677 583.8684069745713 0.0 0.0
487.0 494.25 341.0 297.0 594.516751448522 576.7347908235481 0.0 0.0
485.0 500.0 338.5 312.5 591.4458681842495 589.6238207535378 0.0 0.0
491.0 500.75 345.5 312.5 600.3791554093223 590.2603875867633 0.0 0.0
498.0 497.5 357.5 328.5 613.0343458856158 596.1795708275667 0.0 0.0
505.5 518.5 359.0 362.0 620.0096085804123 632.397805268595 0.0 0.0
511.5 533.75 356.5 360.25 623.4793005349985 643.9682099967192 0.0 0.0
509.5 541.5 348.5 361.25 617.2864003037812 650.9407172180183 0.0 0.0
500.5 548.5 338.0 358.5 603.9406662116888 655.2681670860931 0.0 0.0
499.5 545.75 333.5 358.75 600.6017815504374 653.1039311442887 0.0 0.0
506.5 533.25 331.0 367.25 605.0646659655479 647.5617067527958 0.0 0.0
508.5 516.125 328.0 375.75 605.1162802277664 638.4253207221814 0.0 0.0
499.0 505.5 325.5 378.5 595.778254720957 631.5306204112671 0.0 0.0
494.0 502.25 325.5 377.0 591.5969466399487 628.0024897301814 0.0 0.0
494.5 496.25 328.5 379.0 593.6686958057905 624.425490174671 0.0 0.0
497.0 491.75 335.5 383.0 599.6422230452903 623.3035880695022 0.0 0.0
499.5 496.75 344.5 384.0 606.7803842800316 627.8673603265165 0.0 0.0
500.5 502.75 356.0 385.75 614.1989907822337 633.6881150302522 0.0 0.0
501.5 500.75 369.5 384.75 622.9227548925522 631.4930263761172 0.0 0.0
501.0 499.0 380.0 382.5 628.8091994055665 628.7356004336518 0.0 0.0
497.5 521.0 388.0 341.25 630.9123595628481 623.2790470831208 0.0 0.0
494.5 536.25 393.5 301.75 631.9592550157012 615.3299553394106 0.0 0.0
491.5 523.75 398.5 304.0 632.7515352810891 605.5824937279142 0.0 0.0
490.5 521.5 398.5 303.25 631.9773593665936 603.2602213153019 0.0 0.0
491.5 518.5 402.5 303.0 635.2784032563532 600.5426750573284 0.0 0.0
494.0 517.5 400.5 303.0 635.9534138567335 599.6792892871989 0.0 0.0
495.0 515.0 387.0 302.5 628.3274595649267 597.270222222902 0.0 0.0
496.0 512.0 375.0 311.0 621.8064362662492 599.0995300776073 0.0 0.0
494.5 515.0 363.5 320.5 613.7293492425442 606.5919120410558 0.0 0.0
493.0 517.25 352.0 321.75 605.7665933228391 609.1561509130219 0.0 0.0
491.0 518.75 341.0 321.75 597.7976246189006 610.4318617697463 0.0 0.0
493.0 522.75 334.0 321.5 595.4871954962592 613.7018001315207 0.0 0.0
493.0 529.5 338.5 321.0 598.0229259000002 619.2021618074566 0.0 0.0
493.0 530.75 345.0 320.5 601.727658855556 620.0128238770844 0.0 0.0
489.5 530.5 347.0 320.75 600.0167692683684 619.9281073387956 0.0 0.0
488.0 530.25 356.0 321.25 604.0535180466304 619.9732359231855 0.0 0.0
487.0 529.25 358.0 321.5 604.4282328055658 619.2483181458091 0.0 0.0
487.5 527.5 353.0 322.0 601.8848195402242 618.0131471093475 0.0 0.0
493.5 526.75 362.5 320.75 612.4195112783191 616.722176532309 0.0 0.0
500.5 527.0 380.5 320.25 628.7138727023671 616.6758533819794 0.0 0.0
500.5 526.75 381.0 319.0 629.0162898408566 615.8137537203468 0.0 0.0
499.0 526.75 384.5 319.0 629.9534957950468 615.8137537203468 0.0 0.0
500.0 527.0 389.0 318.5 633.4991363338387 615.7689770651334 0.0 0.0
500.0 526.75 389.0 317.75 633.4990134167534 615.1671579450347 0.0 0.0
500.0 526.0 387.5 316.5 632.5790464439998 613.8799629180429 0.0 0.0
500.0 522.0 386.5 312.5 631.9673582837568 608.3922616473126 0.0 0.0
500.5 488.5357142857143 386.0 278.82142857142856 632.0571572255155 562.5733827934799 0.0 0.0
500.0 484.67857142857144 387.0 288.1071428571429 632.2728904399162 564.0894683316606 0.0 0.0
499.5 480.82142857142856 388.0 297.3928571428571 632.4906370219596 565.6055538698411 0.0 0.0
498.0 476.9642857142857 388.5 306.67857142857144 631.6141269919838 567.1216394080217 0.0 0.0
497.0 498.0 387.0 319.5 629.9031671614297 591.8334073136934 0.0 0.0
479.5 524.75 348.0 316.5 592.7615284087046 612.8169957791333 0.0 0.0
475.5 515.5 301.0 317.5 563.4139580139815 605.4329637417045 0.0 0.0
481.5 530.0 277.0 315.5 556.1522166502446 616.7984113427254 0.0 0.0
487.5 531.5 285.5 317.0 565.3809712018417 618.8547891064592 0.0 0.0
481.5 532.875 338.5 313.5 588.5861677625537 618.2549414872467 0.0 0.0
473.0 531.25 345.5 310.0 585.7467456162262 615.0826603550855 0.0 0.0
475.0 531.5 344.0 304.5 586.4820235866483 612.5468294512095 0.0 0.0
477.0 536.25 345.5 303.75 588.9815362131482 616.302255204952 0.0 0.0
477.0 540.25 343.0 290.5 587.5185103466954 613.5296352745777 0.0 0.0
478.0 543.75 339.5 281.0 586.2974808482969 612.0663125965995 0.0 0.0
493.0 544.5 352.5 282.5 606.0576801832422 613.4229778226377 0.0 0.0
493.5 546.5 358.0 284.75 609.6773869011361 616.2359614440468 0.0 0.0
495.0 537.25 365.5 284.0 615.3173260930265 607.7097409357079 0.0 0.0
495.0 523.25 370.0 289.75 618.0008090609591 598.1212563968174 0.0 0.0
494.5 522.75 372.0 288.5 618.8011704932067 597.076064745455 0.0 0.0
493.5 523.25 376.0 288.5 620.4206934062997 597.5140803964064 0.0 0.0
493.5 521.25 378.0 290.75 621.6319992080604 596.8560415388591 0.0 0.0
494.0 521.5 378.0 283.5 622.0289382335841 593.609969481123 0.0 0.0
493.5 414.04166666666663 379.0 180.79166666666669 622.2405826908625 451.7981221780045 0.0 0.0
494.0 432.20833333333337 381.0 191.95833333333331 623.8566796597818 472.9368602990726 0.0 0.0
492.5 450.375 380.0 203.125 622.058471386102 494.0755984201406 0.0 0.0
492.0 476.5 377.0 241.5 619.8331690984442 534.6223174123702 0.0 0.0
483.5 527.0 346.5 299.5 594.8421158088934 606.1650376563066 0.0 0.0
483.0 534.5 338.5 312.5 589.8061122097668 619.1515753628073 0.0 0.0
482.0 536.75 335.5 310.0 587.2686083959079 619.8417802984409 0.0 0.0
482.5 537.0 336.5 308.5 588.2504413990241 619.3080782844377 0.0 0.0
483.0 537.25 339.0 309.0 590.0932129757128 619.7729955717423 0.0 0.0
484.0 537.0 342.0 310.0 592.6382397850723 620.0556462766624 0.0 0.0
484.0 539.0 344.0 310.5 593.7947171335367 622.0379811554918 0.0 0.0
484.5 538.5 345.0 310.0 594.781822088619 621.3562958547338 0.0 0.0
485.0 513.5 346.0 280.0 595.7693896794154 584.878045328628 0.0 0.0
485.5 519.0 346.0 285.25 596.1765885699293 592.2234319400052 0.0 0.0
492.5 522.0 351.5 285.75 605.0690740474517 595.0945737929935 0.0 0.0
493.0 523.75 350.5 284.0 604.8961348341127 595.7941740087833 0.0 0.0
494.5 525.25 350.0 283.25 605.8302272274387 596.7566143845396 0.0 0.0
496.0 527.25 352.5 282.75 608.5000114243799 598.2810707031949 0.0 0.0
490.5 529.0 354.0 282.0 604.9021554118901 599.4709814143047 0.0 0.0
485.0 531.0 352.0 283.25 599.2738637275199 601.8249540222722 0.0 0.0
485.0 538.0 354.0 302.75 600.4507999042239 617.3348932184929 0.0 0.0
484.5 537.25 353.5 308.0 599.7521044991443 619.2830959390478 0.0 0.0
484.0 537.25 350.5 315.5 597.5838133651623 623.0412234812511 0.0 0.0
483.5 537.25 347.0 320.25 595.131299085885 625.4579829306057 0.0 0.0
493.5 538.5 360.5 323.25 611.1578027150304 628.072112840198 0.0 0.0
493.0 537.75 366.5 325.0 614.3055021729823 628.3312435865807 0.0 0.0
494.0 537.0 369.0 325.5 616.6012978147617 627.9494340792969 0.0 0.0
495.5 536.25 373.5 326.0 620.5018208388938 627.5670265986028 0.0 0.0
496.5 531.0 376.0 322.0 622.8067592428156 621.0041959868806 0.0 0.0
495.5 527.5 376.0 319.75 622.0099206224072 616.8469574421754 0.0 0.0
495.0 500.6388888888889 376.0 300.44444444444446 621.6117425936345 583.8721730353225 0.0 0.0
494.5 431.19444444444446 377.0 258.22222222222223 621.8193065513485 502.60270598897864 0.0 0.0
494.5 361.75 378.0 216.0 622.4262267902984 421.33323894263475 0.0 0.0
494.5 292.30555555555554 377.5 173.77777777777777 622.1225763464946 340.06377189629086 0.0 0.0
493.5 222.86111111111111 377.0 131.55555555555554 621.0243554000117 258.794304849947 0.0 0.0
493.5 185.75 375.5 201.75 620.1150363702724 275.7281588540079 0.0 0.0
487.5 176.5 364.0 239.5 608.4385740841184 297.5107762953849 0.0 0.0
483.5 174.75 345.0 239.0 593.9679390552616 296.07267642866736 0.0 0.0
482.5 213.5 342.5 155.0 591.7031909976362 264.07706400368806 0.0 0.0
482.5 213.75 341.5 137.75 591.1247753224357 254.29216459326142 0.0 0.0
479.0 210.0 342.5 140.25 588.852485772116 252.5274355821661 0.0 0.0
392.20833333333337 211.0 334.25 142.5 590.8599863931299 254.61330830690366 0.0 0.0
276.4861111111111 211.0 323.25 143.5 593.5366538878151 255.17298054457092 0.0 0.0
160.76388888888889 210.5 312.25 145.0 596.2133213825002 255.6085553807426 0.0 0.0
45.04166666666663 209.75 301.25 146.5 598.8899888771855 255.84630736560322 0.0 0.0
-70.68055555555554 210.0 290.25 147.0 601.5666563718706 256.3386137503288 0.0 0.0
-186.40277777777783 209.5 279.25 146.0 604.2433238665559 255.35811028716205 0.0 0.0
-302.12500000000006 208.0 268.25 145.5 606.919991361241 253.83918558642074 0.0 0.0
-417.8472222222223 206.25 257.25 146.0 609.5966588559263 252.69619665323535 0.0 0.0
-533.5694444444445 205.0 246.25 146.75 612.2733263506115 252.1122841588458 0.0 0.0
-606.5 204.75 274.0 146.75 665.5765314290732 251.90977500887107 1.0 0.0
-593.0 204.5 285.0 146.5 657.9513351696232 251.56080607556032 1.0 0.0
-552.5 203.85 280.0 141.8 619.4019945786961 248.64029809228578 1.0 0.0
-533.0 204.31666666666666 277.0 135.53333333333333 600.6859094684254 245.83018708602458 1.0 0.0
-528.0 204.78333333333333 273.25 129.26666666666668 594.5194455141141 243.02007607976338 1.0 0.0
-503.0 205.25 256.0 123.0 564.4597083257979 240.2099650735022 1.0 0.0
-463.25 205.71666666666667 235.5 116.73333333333333 519.8103238971116 237.39985406724097 1.0 0.0
-473.75 206.18333333333334 241.25 110.46666666666667 531.6953257600568 234.58974306097977 1.0 0.0
-498.75 206.65 244.5 104.19999999999999 555.4734581440885 231.77963205471858 1.0 0.0
-471.5 210.0 267.25 108.5 541.9736187637618 236.46584187911475 0.0 0.0
-473.5 208.0 255.0 138.0 537.9210392258215 249.8219967874785 1.0 0.0
-487.0 201.5 270.25 137.0 556.9868863671204 243.68883626927425 1.0 0.0
-502.75 204.0 272.75 143.5 571.9704048432768 249.43224636033852 1.0 0.0
-485.5 202.0 268.5 143.0 554.7996143630678 247.49343425634547 1.0 0.0
-482.75 203.0 267.75 141.5 552.0307154641969 247.4498297670261 1.0 0.0
-493.75 200.5 269.25 140.0 562.3931942399518 244.5409504007049 1.0 0.0
-487.25 198.0 268.0 139.5 556.091134328406 242.20721073257522 1.0 0.0
-478.25 196.0 266.25 138.5 547.3683631753074 239.9964134691009 1.0 0.0
-489.25 196.0 268.75 140.5 558.2178827742515 241.1570790145765 1.0 0.0
-504.5 195.0 271.0 140.0 572.6797401925513 240.0522547962868 1.0 0.0
-506.5 192.5 270.25 138.5 574.0886607618327 237.14657914462944 1.0 0.0
-511.5 193.5 270.25 135.5 578.5054797026385 236.22570193725022 1.0 0.0
-517.75 207.5 270.25 142.65625 584.0383249890654 251.81466576594272 1.0 0.0
-524.0 265.5 269.75 179.28125 589.3565235973654 320.38275148273715 1.0 0.0
-523.5 323.5 270.5 215.90625 589.2559313936245 388.9508371995315 1.0 0.0
-451.25 381.5 228.75 252.53125 505.9191177468276 457.5189229163259 0.0 0.0
-448.25 430.0 228.75 297.5 503.24411262356 523.0102004514832 1.0 0.0
-470.25 515.0 235.5 302.5 525.9296220063692 597.2698348958886 1.0 0.0
-484.25 518.0 240.25 302.5 540.572322230214 599.8617901669513 1.0 0.0
-473.875 522.0 237.0 305.0 529.8382740749123 604.5736138044863 1.0 0.0
-487.0 520.375 240.5 302.75 543.1475827073459 602.0364048331525 1.0 0.0
-493.5 516.5 242.5 303.0 549.8624261968038 598.817396327621 1.0 0.0
-499.5 513.0 243.5 301.0 555.6910544568292 594.7856846725266 1.0 0.0
-484.5 511.25 258.0 298.0 549.0932938464329 591.7610220531554 1.0 0.0
-469.0 511.0 268.0 299.0 540.1716999109362 592.0496135878343 1.0 0.0
-467.5 511.5 269.5 302.5 539.6170515812096 594.254601095743 1.0 0.0
-467.5 517.75 269.5 307.75 539.6170515812096 602.3095318089656 1.0 0.0
-468.0 519.25 259.0 307.25 534.974428524915 603.3470940715621 1.0 0.0
-517.0 518.5 283.0 311.0 589.3898122324952 604.6185660857597 0.0 0.0
-528.5 520.75 287.0 313.75 601.3994097103854 607.9635599353676 1.0 0.0
-530.0 521.25 287.0 317.0 602.7180573750754 610.0758599208444 1.0 0.0
-530.0 522.0 287.0 317.75 602.7181707183513 611.104865296225 1.0 0.0
-529.0 522.0 286.5 318.75 601.6006205936694 611.6296619222828 1.0 0.0
-528.0 526.5 285.5 317.25 600.2453193835988 614.698778052237 1.0 0.0
-528.0 527.5 285.0 312.75 600.0074999531256 613.2450450474018 1.0 0.0
-528.5 525.5 285.5 308.25 600.6850596717283 609.2369893507878 1.0 0.0
-528.5 526.75 285.0 309.0 600.4475756582494 610.6935225635863 1.0 0.0
-530.5 528.75 284.5 308.0 601.9722218182835 611.9162871261925 1.0 0.0
-529.5 529.75 284.5 305.0 601.0911258144554 611.2786616546866 1.0 0.0
-514.0 532.25 255.5 300.5 574.0065041778257 611.235383278352 1.0 0.0
-516.0 541.5 252.5 308.75 574.4669688488852 623.4273286848083 1.0 0.0
-513.5 556.75 251.5 311.75 571.7818640005994 638.0909777477693 1.0 0.0
-513.0 550.75 250.5 314.5 570.8933788370645 634.2211462175791 1.0 0.0
-505.5 548.5 250.0 314.5 563.9421057910135 632.2678210807076 1.0 0.0
-496.5 548.0 247.5 314.0 554.7695861753925 631.5859029702528 1.0 0.0
-491.5 548.0 246.0 313.5 549.6266962404815 631.3415144087286 1.0 0.0
-478.0 543.25 243.0 316.5 536.2218151651666 628.7232350119176 1.0 0.0
-461.5 540.5 269.0 316.5 534.1767020106445 626.3486937525736 1.0 0.0
-463.0 540.75 273.5 318.0 537.7464551254615 627.3234469092445 1.0 0.0
-462.5 537.25 274.0 319.25 537.5707216164012 624.9481978224703 1.0 0.0
-463.0 536.75 275.0 323.75 538.5109381151373 626.8290294942806 1.0 0.0
-500.0 536.5 288.0 325.0 577.0130018787115 627.2619911215395 0.0 0.0
-512.0 537.0 292.5 324.5 589.6658379597116 627.4308193968604 1.0 0.0
-522.5 537.75 294.5 325.25 599.7805346346067 628.4606136062544 1.0 0.0
-522.5 538.5 293.5 325.5 599.2901551312152 629.231674345785 1.0 0.0
-521.0 540.25 294.0 321.25 598.2282677884025 628.5601934159768 1.0 0.0
-520.5 546.25 293.5 315.0 597.5470692757182 630.5664739715721 1.0 0.0
-519.5 544.75 292.5 314.5 596.1849545233425 629.0175863032537 1.0 0.0
-517.5 541.75 290.0 324.0 593.2168659099301 631.2440724201068 1.0 0.0
-479.5 542.75 263.5 323.5 547.140252470341 631.8472570957465 1.0 0.0
-494.5 542.25 247.5 322.0 552.9825512252271 630.6498308427431 1.0 0.0
-449.5 540.0 248.0 323.5 513.3760966747084 629.4860764368069 0.0 0.0
-455.5 537.5 267.5 324.5 528.2391164142988 627.8588083479849 0.0 0.0
-461.5 521.75 277.0 322.0 538.2485623270493 613.1129532765632 0.0 0.0
-468.41666666666663 527.75 237.54166666666669 322.0 525.6846947456158 618.226817088808 0.0 0.0
-500.08333333333337 531.25 221.70833333333331 323.5 548.4907825094429 621.9960175989293 0.0 0.0
-531.75 534.5 205.875 324.0 571.2968702732699 625.0330528680684 0.0 0.0
-578.375 535.0 199.625 323.0 611.8665428762941 624.943411143197 0.0 0.0
-561.5 538.5 222.0 322.0 604.9169481065996 627.4283352265397 0.0 0.0
-530.5 540.5 230.0 321.0 579.0350127012093 628.6344845663034 0.0 0.0
-535.5 542.75 265.0 321.25 597.4987277194118 630.6974253088601 1.0 0.0
-558.0 543.25 277.0 320.75 622.9759829200423 630.873396352867 1.0 0.0
-549.0 543.0 310.5 320.5 630.7333046231023 630.5310741013104 1.0 0.0
-548.5 543.0 320.5 321.0 635.27912403146 630.785224937934 1.0 0.0
-539.0 543.5 321.0 320.5 627.3523613952632 630.9619392420234 1.0 0.0
-525.0 544.0 322.0 319.5 615.8919536589108 630.885438001138 1.0 0.0
-511.0 544.5 326.5 319.0 606.4123260562446 631.0636369507704 1.0 0.0
-508.5 545.0 329.0 319.0 605.6514905789097 631.4950514453775 1.0 0.0
-507.0 545.25 330.0 318.0 604.937767392747 631.2064467060081 1.0 0.0
-508.5 545.5 329.5 318.5 605.9244823780227 631.6745098875796 1.0 0.0
-509.5 545.0 328.5 319.5 606.2199051575507 631.7481445539676 1.0 0.0
-508.5 546.0 330.0 321.0 606.1950394986818 633.3698528150032 1.0 0.0
-509.0 544.75 333.5 322.0 608.525615657557 632.8009961539492 1.0 0.0
-541.0 544.0 330.0 323.0 633.9230142311937 632.6649982415654 1.0 0.0
-513.5 545.75 307.5 323.75 598.5307826301157 634.5529782483158 1.0 0.0
-530.5 546.75 301.0 324.25 610.0937127926491 635.6679497525683 1.0 0.0
-500.0 547.0 302.5 324.0 584.3854181850193 635.7554561307359 1.0 0.0
-496.5 546.5 302.5 324.5 581.3937412129608 635.5808127214664 1.0 0.0
-506.5 547.75 305.0 324.5 591.2421246832806 636.656086575136 1.0 0.0
-550.5 544.75 304.0 319.5 628.87662555049 631.5321887376681 0.0 0.0
-533.40625 546.5 278.03125 322.0 602.0008221163271 634.3084224866968 0.0 0.0
-509.28125 547.5 249.40625 323.5 567.8996668835225 635.9315757075558 0.0 0.0
-485.15625 547.75 220.78125 323.75 533.7985116507181 636.2740936982802 0.0 0.0
-461.03125 546.5 192.15625 325.25 499.6973564179136 635.9640146054733 0.0 0.0
-536.0 546.75 295.0 327.0 611.8926615172531 637.0750183190673 0.0 0.0
-533.0 546.5 308.0 328.0 615.596946593178 637.3745493869201 1.0 0.0
-524.0 541.5 311.0 326.0 609.3436533770779 632.0587919695081 1.0 0.0
-516.0 542.5 307.0 326.5 600.4208474621909 633.1735637627743 1.0 0.0
-519.5 542.5 319.5 327.0 609.8940886091207 633.4313827281607 1.0 0.0
-519.0 541.5 325.0 325.5 612.3646703874138 631.8010202749631 1.0 0.0
-516.5 540.0 328.0 324.0 611.8488104593104 629.7430148134818 1.0 0.0
-510.0 540.0 329.5 322.5 607.182233810272 628.9726587623529 1.0 0.0
-503.0 537.25 331.5 321.5 602.4128735858069 626.099413328768 1.0 0.0
-498.5 535.0 332.0 321.25 598.9378583725893 624.0423194299443 1.0 0.0
-499.0 530.25 333.0 318.75 599.9083263299485 618.6815733417006 1.0 0.0
-497.5 342.5 332.0 371.75 598.1059538438624 514.7215770542632 1.0 0.0
-472.0 99.64285714285715 322.5 357.3928571428571 571.65578942762 457.6330975089353 1.0 0.0
-475.0 -79.5 326.5 305.25 576.3917431114437 453.94376386607 1.0 0.0
-476.5 -258.6428571428571 327.0 253.10714285714283 577.9113860838282 450.25443022320474 1.0 0.0
-479.0 -443.75 325.5 256.0 579.1298032178581 512.4192465183779 1.0 0.0
-480.0 -732.25 323.0 313.5 578.5577567715577 796.6464315446391 1.0 0.0
-480.0 -707.5 320.0 339.0 576.8882707449658 787.2730202175378 1.0 0.0
-480.0 -651.0 320.0 317.5 576.8948712167161 724.447771617876 1.0 1.0
-484.5 -639.25 318.5 324.0 579.8132762604316 716.67117460826 1.0 1.0
-481.0 -703.0 322.0 324.5 578.8307179132773 774.5182923442811 1.0 1.0
-483.0 -750.75 322.5 334.0 580.771320821262 822.8463114766023 1.0 1.0
-484.5 -638.75 319.0 331.75 580.0875484724038 719.7638134209807 1.0 1.0
-484.5 -694.75 315.5 323.75 578.1707952978572 766.4811704899014 1.0 1.0
-485.0 -626.5 316.0 337.0 578.8620716597186 711.5050305203181 1.0 1.0
-474.5 -614.75 315.0 349.5 569.5403323808232 707.1573415881236 1.0 1.0
-444.25 -646.5 323.0 353.0 549.841422367839 736.7394254277351 1.0 1.0
-413.0 -618.75 331.5 354.75 529.5859231512862 713.2314987383069 1.0 1.0
-408.0 -614.0 331.0 353.75 525.383563809062 708.6152516828872 1.0 1.0
-423.0 -610.5 326.5 355.25 534.3514958868775 706.3382719144297 1.0 1.0
-439.0 -607.0 318.5 356.5 542.3683957634437 703.9482391275357 1.0 1.0
-458.5 -606.0 307.0 357.5 551.8118247129657 703.5924061558744 1.0 1.0
-485.5 -603.0 297.0 356.25 569.162739226653 700.3735494928726 1.0 1.0
-502.5 -549.5 293.5 338.75 581.935886748578 645.855173303197 1.0 1.0
-510.5 -338.75 290.5 325.75 587.3675122408703 469.9859209810659 1.0 0.0
-511.0 -17.819444444444443 289.0 194.76388888888889 587.0659373757633 203.34573360099586 1.0 0.0
-507.0 32.90277777777777 291.0 205.81944444444446 584.5767699797863 239.0989360630992 1.0 0.0
-504.5 83.625 295.5 216.875 584.6733218485219 274.8521385252026 1.0 0.0
-501.5 134.34722222222223 301.0 227.93055555555554 584.8959875130349 310.6053409873059 1.0 0.0
-498.5 185.06944444444446 306.0 238.98611111111111 584.9259084873457 346.3585434494093 1.0 0.0
-495.0 235.79166666666669 313.0 250.04166666666666 585.6574448156906 382.1117459115127 1.0 0.0
-490.0 286.5138888888889 318.5 261.0972222222222 584.4164157626936 417.864948373616 1.0 0.0
-492.0 337.2361111111111 332.5 272.1527777777778 593.8241440293525 453.6181508357194 1.0 0.0
-494.5 387.9583333333333 335.0 283.20833333333337 597.2899870606311 489.3713532978228 1.0 0.0
-494.5 400.75 335.0 287.25 597.2899212275393 493.1937709145781 1.0 0.0
-494.0 477.5 334.0 307.0 596.3154185746091 567.8938540542676 1.0 0.0
-494.5 474.25 334.5 324.75 597.0104266542596 574.8000745957935 1.0 0.0
-497.0 511.75 336.0 322.0 599.9214001165659 604.6768081512691 1.0 0.0
-494.5 523.75 327.5 318.0 593.1167342213882 612.7305520277768 1.0 0.0
-503.0 520.25 334.0 316.5 603.7921827913972 608.960549695224 1.0 0.0
-514.5 519.5 342.5 319.5 618.0748957592639 609.8856764938471 1.0 0.0
-522.0 517.25 347.5 318.0 627.0890930653075 607.1833738919499 1.0 0.0
-537.5 513.25 366.0 310.75 650.2791654003905 599.9926575167683 1.0 0.0
-534.0 514.0 364.5 310.25 646.5418938794681 600.3757693867051 1.0 0.0
-521.0 512.1 356.0 315.15 631.0131657849174 601.3563061471549 1.0 0.0
-513.5 508.9 351.0 321.35 621.9997623213721 601.9206816042714 1.0 0.0
-506.5 512.0 349.5 324.0 615.380476455273 605.9219815985543 1.0 0.0
-504.5 518.0 347.0 325.0 612.3154067334921 611.5153639960811 1.0 0.0
-504.5 522.5 347.5 332.5 612.5982210591933 619.3292451385588 1.0 0.0
-504.0 528.25 345.5 337.75 611.0535329052027 626.9953563831436 1.0 0.0
-504.0 530.25 341.5 337.75 608.8010612578521 628.6817264003023 1.0 0.0
-504.0 531.25 336.0 336.75 605.7336302115768 628.989268897953 1.0 0.0
-491.0 534.25 293.0 335.0 571.7804873251588 630.594983092816 0.0 0.0
-490.5 535.5 291.5 332.5 570.5810062994572 630.332758928608 1.0 0.0
-491.0 564.0 296.5 328.5 573.5793319149496 652.891189979963 1.0 0.0
-492.5 551.5 300.5 323.5 576.9375809499951 639.3782310259205 1.0 0.0
-494.5 546.0 302.0 322.5 579.4258171616775 634.1311494169561 1.0 0.0
-499.0 542.5 303.0 322.0 583.7894421110418 630.8653852509335 1.0 0.0
-500.5 541.25 302.0 321.25 584.554802159156 629.4076758488255 1.0 0.0
-500.0 538.75 298.5 319.75 582.3249227792385 626.4922155891446 1.0 0.0
-499.0 529.5 294.0 321.5 579.1692326082248 619.4924605822498 1.0 0.0
-496.0 513.9285714285714 286.5 293.8571428571429 572.7987757110518 593.7323448687359 1.0 0.0
-493.0 502.5 277.5 253.0 565.7344251937373 565.2871292356535 1.0 0.0
-491.0 491.07142857142856 272.0 212.14285714285717 561.3065116315684 536.8419136025711 1.0 0.0
-491.5 498.0 271.5 224.5 561.5024146181563 547.2529214895443 1.0 0.0
-465.5 522.75 235.0 305.5 521.8400084783807 605.4815733316075 1.0 0.0
-452.375 541.0 204.125 332.75 496.3029653541154 635.1970194980736 0.0 0.0
-457.54166666666663 546.0 204.29166666666669 339.5 501.08667726862825 642.9449253569229 0.0 0.0
-462.70833333333337 545.0 204.45833333333331 340.5 505.87038918314107 642.6238634009599 0.0 0.0
-514.5 534.0 262.0 337.0 577.4141256058294 631.4572775708589 0.0 0.0
-496.0 523.25 297.5 343.5 578.3789910181538 625.9258108773213 1.0 0.0
-496.5 530.5 295.0 340.0 577.5274979198225 630.1578849911872 1.0 0.0
-494.0 525.25 291.5 331.5 573.5926326831805 621.1187991009119 1.0 0.0
-496.0 530.5 293.5 329.75 576.3318793584025 624.6323233254893 1.0 0.0
-495.0 533.5 297.0 327.5 577.2642949087594 626.0020004402386 1.0 0.0
-494.0 535.0 302.0 327.5 578.9991601814218 627.2814180394871 1.0 0.0
-493.5 534.75 306.5 326.0 580.934316777714 626.2855982569672 1.0 0.0
-491.0 535.0 309.0 325.5 580.1409256212554 626.2390258840062 1.0 0.0
-486.5 535.0 308.5 326.0 576.0684270526297 626.4993792317846 1.0 0.0
-483.5 533.25 306.0 328.0 572.1960101725169 626.0510143728527 1.0 0.0
-483.0 533.0 298.0 329.5 567.5344649349388 626.6258640533381 1.0 0.0
-481.0 532.75 288.5 331.25 560.8867848591378 627.3354096887409 1.0 0.0
-479.0 531.75 276.0 332.75 552.8270531978894 627.2811916426054 1.0 0.0
-477.5 529.0 267.0 335.0 547.0790075049957 626.1543325801255 1.0 0.0
-477.0 526.75 260.5 337.0 543.4976635921815 625.3291274623707 1.0 0.0
-483.0 525.25 276.0 340.25 556.4424930679581 625.8276120488727 1.0 0.0
-491.0 525.75 302.0 341.75 576.441694254771 627.0615387924422 1.0 0.0
-494.5 526.25 310.0 342.25 583.6353955881356 627.7535404218654 1.0 0.0
-497.0 527.75 323.0 338.25 592.7377341990186 626.8496815687079 1.0 0.0
-500.0 530.25 332.0 336.5 600.1889596045933 628.0119173792663 1.0 0.0
-506.0 534.5 338.0 341.25 608.5063837429107 634.1473398437746 1.0 0.0
-507.5 539.25 339.5 335.5 610.5872632004139 635.1051548835396 1.0 0.0
-506.5 541.75 337.0 327.5 608.3707929278928 633.051703976545 1.0 0.0
-507.0 541.5 328.5 323.75 604.1202281003343 630.9017188402615 1.0 0.0
-507.5 541.75 321.0 322.75 600.4975221550592 630.6034748255123 1.0 0.0
-506.5 541.0 314.5 320.5 596.198524347052 628.8139928315902 1.0 0.0
-506.0 539.5 311.0 324.5 593.9337911403348 629.5729919951959 1.0 0.0
-505.5 484.25 312.0 344.0 594.0324282906415 595.1546313969577 1.0 0.0
-507.0 281.5 318.0 398.25 598.4757133057494 488.9293367719225 1.0 0.0
-510.5 182.5 330.5 416.5 608.1453956870165 454.76156659422634 1.0 0.0
-500.0 191.0 318.0 415.25 592.5610646939306 457.09425430703914 1.0 0.0
-498.0 198.75 317.5 413.5 590.6017505476714 458.80284512821277 1.0 0.0
-497.5 202.0 316.5 443.25 589.6426884139241 487.1304879772988 1.0 0.0
-496.5 214.75 313.5 510.25 587.1921991465556 553.6024889329838 1.0 0.0
-496.0 212.0 309.0 513.5 584.3776006155435 555.5451461092078 1.0 0.0
-495.5 209.5 302.5 516.0 580.5398587785814 556.9083898532565 1.0 0.0
-495.0 206.5 294.0 517.5 575.7266580651326 557.1794343943304 1.0 0.0
-494.5 183.0 285.5 543.5 570.9997263571499 573.8351072852663 1.0 0.0
-495.0 169.5 279.5 588.0 568.458661645682 611.9454244847444 1.0 0.0
-499.5 166.75 296.0 588.5 580.7285768718234 611.6689869501226 1.0 0.0
-504.0 166.0 314.5 587.5 594.0765689227362 610.5017355983757 1.0 0.0
-504.0 166.25 320.5 586.5 597.2740355962849 609.607515825089 1.0 0.0
-504.0 168.5 328.0 586.0 601.332001160345 609.7444478559896 1.0 0.0
-503.5 147.5 335.0 534.25 604.7627164058767 554.2379169534391 1.0 0.0
-503.5 137.2 341.5 478.75 608.3869420277304 498.06363147597574 1.0 0.0
-503.5 142.8 343.5 477.75 609.5118297444336 498.6771310166895 1.0 0.0
-503.5 160.75 345.5 520.75 610.6410565954438 544.9964955128095 1.0 0.0
-503.5 176.0 345.0 569.25 610.3584357780874 595.8368882843212 1.0 0.0
-503.5 177.5 342.0 563.25 608.6677427561773 590.5563632255366 1.0 0.0
-504.5 178.25 335.5 564.25 605.8722582889567 591.7357109343264 1.0 0.0
-505.0 176.5 330.5 563.0 603.5357694717277 590.0197442932974 1.0 0.0
-505.0 173.0 328.0 562.5 602.1702417091034 588.5031046741996 1.0 0.0
-505.0 171.5 327.5 562.0 601.8981857303978 587.5852948318297 1.0 0.0
-504.5 168.75 328.0 561.5 601.7512527494629 586.3104311952656 1.0 0.0
-490.5 166.75 303.5 558.75 576.8047674920431 583.1014109716432 1.0 0.0
-490.5 165.25 308.0 557.0 579.1841854697027 580.9982102341371 1.0 0.0
-490.5 163.75 311.5 554.75 581.0529235792554 578.4132450421548 1.0 0.0
-490.5 162.25 312.5 552.75 581.5897848326797 576.0709679485306 1.0 0.0
-491.0 161.25 312.0 551.75 581.7432235019646 574.8314863931139 1.0 0.0
-491.0 133.5 311.5 541.5 581.4750639537348 558.2070339143538 1.0 0.0
-491.0 -29.5 310.0 507.75 580.6728855388376 510.94030161352964 1.0 0.0
-492.0 -231.75 307.5 470.75 580.1899945494738 526.7054613229913 1.0 0.0
-492.5 -327.5 306.0 450.75 579.8209375573117 557.1649005048298 1.0 0.0
-493.0 -333.75 304.5 453.0 579.4561510281388 562.6854074700716 1.0 0.0
-494.0 -338.25 304.0 448.75 580.0449821613054 561.9546830232877 1.0 0.0
-494.5 -368.0 304.5 438.5 580.73274986052 573.0709470781717 1.0 0.0
-494.5 -685.75 307.0 368.25 582.0474859866403 783.8506517553135 1.0 0.0
-516.0 -718.75 346.0 372.5 621.2670036570246 809.5582765008401 0.0 1.0
-516.0 -728.75 347.0 375.0 621.8241804597849 819.6524888927594 1.0 1.0
-514.0 -680.5 345.5 378.75 619.3272559802289 778.814196817859 1.0 1.0
-515.5 -764.75 345.0 386.75 620.2945017395577 857.5702245226614 1.0 1.0
-515.25 -682.5 343.75 373.5 619.3921531556584 778.1378808320392 1.0 1.0
-514.25 -707.25 342.0 375.5 617.5901103948917 800.8690241533751 1.0 1.0
-515.5 -619.5 340.0 376.0 617.5305923240855 724.724569841339 1.0 1.0
-516.25 -645.0 336.0 386.0 615.9634827914839 751.6788053054397 1.0 1.0
-516.25 -635.5 332.25 372.5 613.926632950959 736.6253267091852 1.0 1.0
-516.0 -633.5 328.0 367.0 611.4282062441888 732.1284031644841 1.0 1.0
-516.75 -639.5 324.0 362.5 609.9244688218073 735.097100128907 1.0 1.0
-515.75 -617.5 323.0 361.5 608.5450379053782 715.5651285351929 1.0 1.0
-517.5 -593.5 326.0 369.5 611.6240522263033 699.1229956860234 1.0 1.0
-517.5 -602.5 331.0 361.5 614.3106744970289 702.6329736097186 1.0 1.0
-516.5 -754.5 337.0 383.5 616.7226706833503 847.0430681917848 1.0 0.0
-500.0 -656.5 318.0 352.0 592.557945548754 745.0782914321303 1.0 0.0
-499.0 -615.5 320.5 351.5 593.0615127880246 708.7965179160407 1.0 1.0
-499.0 -659.5 320.75 354.5 593.1960946657593 748.754880926497 1.0 1.0
-497.5 -643.5 319.75 352.0 591.3940503458277 733.4840154858407 1.0 1.0
-496.5 -609.5 315.75 345.5 588.3976314225138 700.6156992340022 1.0 1.0
-495.5 -601.5 309.0 372.0 583.9575781215697 707.3383177940239 1.0 1.0
-494.75 -604.5 300.0 387.0 578.6145093589978 717.7769490708741 1.0 1.0
-494.5 -591.5 288.5 393.0 572.525168723337 710.157432476343 1.0 1.0
-481.5 -591.0 264.75 390.5 549.5082915625037 708.3590064464208 1.0 1.0
-453.5 -584.0 242.0 398.0 514.0389105779486 706.7319668910993 0.0 1.0
-432.16666666666663 -593.0 228.0 380.5 488.6355172573911 704.5987343116881 0.0 1.0
-410.83333333333337 -587.5 214.0 383.5 463.23212393683355 701.6279979447072 0.0 1.0
-482.5 -396.5 274.25 401.5 554.9970129119862 565.8545447299028 0.0 0.0
-495.25 -195.41666666666669 293.25 375.66666666666663 575.564031522296 526.8484775401587 1.0 0.0
-493.0 -10.638888888888914 302.5 345.8888888888889 578.4150059127435 536.5441131576297 1.0 0.0
-492.0 174.13888888888886 305.75 316.1111111111111 579.2642733869081 546.2397487751007 1.0 0.0
-491.0 358.91666666666663 311.0 286.33333333333337 581.2102906665696 555.9353843925717 1.0 0.0
-497.0 509.25 317.0 276.75 589.4900140719478 579.6183412598557 1.0 0.0
-496.0 541.75 316.0 309.25 588.1092386461582 625.974189019473 1.0 0.0
-494.5 479.5 313.5 330.0 585.502073716707 582.0836861783373 1.0 0.0
-492.5 479.75 317.0 330.25 585.7073093269107 582.4305777163154 1.0 0.0
-497.0 481.5 324.0 332.25 593.2840527910237 585.0062551938372 1.0 0.0
-496.0 505.0 316.5 318.5 588.3777933102182 597.4824274353217 1.0 0.0
-496.0 530.25 311.5 309.0 585.7033628781467 613.7162244206661 1.0 0.0
-494.0 529.0 310.5 310.0 583.4777202258883 613.1407466147576 1.0 0.0
-495.5 526.5 313.0 313.0 586.0795801264098 612.5134362721278 1.0 0.0
-497.5 527.75 327.5 315.5 595.6194401469329 614.8666319565694 1.0 0.0
-500.0 516.25 346.0 335.0 608.043124676639 615.5012501028054 1.0 0.0
-502.5 508.25 369.5 337.25 623.7284257238949 609.9637244032908 1.0 0.0
-497.5 504.75 388.5 343.75 631.2198566701903 610.6878428453844 1.0 0.0
-494.5 502.0 397.5 345.5 634.4576424001842 609.4052293116969 1.0 0.0
-490.5 500.5 398.5 347.5 631.9751572668115 609.3108802904032 1.0 0.0
-485.5 498.15 394.0 349.75 625.2639515923895 608.6731446028514 1.0 0.0
-483.0 496.35 379.0 350.75 613.9550460630444 607.7774238656152 1.0 0.0
-477.5 494.25 362.0 351.5 599.2346507370999 606.4944364447118 1.0 0.0
-406.5625 532.5 283.84375 324.0 496.07269457092684 623.3235585021429 0.0 0.0
-402.8125 530.5 263.21875 308.0 482.05518832994665 613.4289879806886 0.0 0.0
-399.0625 528.0 242.59375 316.5 468.03768208896633 615.6504513362705 0.0 0.0
-395.3125 535.5 221.96875 316.5 454.02017584798614 622.0624268368738 0.0 0.0
-409.0 543.25 221.25 328.0 465.12820968144166 634.5901447315603 0.0 0.0
-475.0 532.0 280.25 322.0 551.6128637382046 621.8611129434232 0.0 0.0
-483.0 526.0 298.0 327.75 567.5344649349388 619.7609225430862 1.0 0.0
-473.5 526.5 302.5 320.5 561.8985520644908 616.3786372971607 1.0 0.0
-467.0 522.0 304.5 319.25 557.5044080909654 611.886404389073 1.0 0.0
-450.0 515.5 291.0 322.5 535.892944955656 608.069287242994 1.0 0.0
-448.0 521.5 273.0 322.0 524.627526810505 612.8998910816399 1.0 0.0
-440.5 526.5 262.5 320.5 512.7868921937959 616.3886345601371 1.0 0.0
-401.0 429.0 265.0 330.5 481.260258678219 542.7732657941078 1.0 0.0
-209.0 286.1428571428571 219.0 192.64285714285714 304.2781597447429 345.2841465929438 0.0 0.0
-83.0 254.71428571428572 206.5 189.21428571428572 222.56313429394152 318.56704738514145 0.0 0.0
-63.0 223.28571428571428 216.5 185.78571428571428 225.4804668505427 291.8499481773391 0.0 0.0
25.82692307692308 191.85714285714286 231.71153846153845 182.35714285714286 293.8250929705147 265.1328489695368 0.0 0.0
145.59615384615387 172.25 245.3269230769231 207.0 378.1775775619326 269.2936664577793 0.0 0.0
265.36538461538464 172.5 258.94230769230774 204.5 462.5300621533505 267.53862474402445 0.0 0.0
385.1346153846154 174.25 272.55769230769226 204.5 546.8825467447684 268.6722902033189 0.0 0.0
504.90384615384613 174.5 286.1730769230769 203.0 631.2350313361864 267.695893465184 0.0 0.0
624.6730769230769 206.0 299.78846153846155 148.0 715.5875159276043 253.66247410218182 0.0 0.0
700.5 200.0 315.5 148.0 768.3465283318067 248.8054692740506 0.0 0.0
630.5 200.25 325.0 147.5 709.3492296790087 248.71410116855884 0.0 0.0
597.5 200.25 323.0 145.5 679.2202435434893 247.5315629195413 0.0 0.0
548.0 201.0 325.0 145.5 637.1631172803748 248.13564844453873 0.0 0.0
577.5 203.25 363.0 145.25 682.1151322472263 249.81620962757893 0.0 0.0
510.5 245.0 346.5 182.5 616.9875448939107 305.5245079276974 0.0 0.0
498.0 431.25 344.0 276.25 605.2617395546764 512.8629458443826 0.0 0.0
489.5 553.25 345.0 298.75 598.8616976989167 628.7891496127643 0.0 0.0
486.0 526.25 339.5 309.75 592.8380234517143 610.646144726667 0.0 0.0
487.0 521.5 335.5 305.75 591.379681888832 604.5207398987741 0.0 0.0
489.5 522.5 328.5 311.0 589.5103900695899 608.0523121358391 0.0 0.0
497.5 523.0 321.5 310.0 592.3532713228251 607.9712164239356 0.0 0.0
511.0 522.25 322.5 309.75 604.2586265049906 607.1986109014963 0.0 0.0
514.5 522.0 326.5 308.25 609.354185836692 606.2209440046036 0.0 0.0
518.0 522.5 327.5 306.0 612.8462973143994 605.5099090848968 0.0 0.0
520.5 522.5 329.5 304.0 616.028178169124 604.5022722029802 0.0 0.0
580.0 522.0 375.5 303.0 690.9425006174026 603.566949894499 0.0 0.0
573.5 521.5 377.5 301.75 686.6260443052605 602.5084921296059 0.0 0.0
541.0 519.0 376.0 315.25 658.8308950932856 607.2497332439095 0.0 0.0
539.5 518.0 377.0 321.5 658.171140357886 609.6607876278662 0.0 0.0
535.5 520.5 373.0 318.25 652.6030684690788 610.0880030232734 0.0 0.0
510.0 521.25 360.5 314.5 624.5485533846495 608.7810109759405 0.0 0.0
426.1136363636364 521.25 347.6363636363636 312.0 568.4371961858039 607.4914593737242 0.0 0.0
336.9318181818182 521.0 347.8181818181818 312.5 522.1365163332297 607.5337983564135 0.0 0.0
247.74999999999997 521.5 348.0 318.0 475.8358364806554 610.809209284193 0.0 0.0
158.5681818181818 521.0 348.1818181818182 319.0 429.53515662808104 610.9026332679844 0.0 0.0
69.3863636363636 520.75 348.3636363636364 320.0 383.2344767755068 611.2124422736156 0.0 0.0
-20.15 518.25 342.325 325.5 356.26164645073317 611.9925361797182 0.0 0.0
-110.74999999999999 517.25 317.625 329.0 387.2723647093619 613.0159564605585 0.0 0.0
-201.35 302.25 292.925 275.0 418.28308296799065 409.4831068127786 0.0 0.0
-291.94999999999993 126.3 268.225 213.64999999999998 449.2938012266194 263.90137601002414 0.0 0.0
-382.54999999999995 48.70000000000001 243.525 229.85000000000002 480.30451948524814 251.49281552359332 0.0 0.0
-491.0 -1.5 251.0 279.0 551.4566242550071 279.1266196773704 0.0 0.0
-521.0 29.0 278.5 334.5 590.7948095473148 335.8967794201722 1.0 0.0
-476.5 17.0 277.5 335.0 551.4236875566819 335.43441120558055 1.0 0.0
-496.0 16.0 282.5 335.5 570.8084715861663 335.88475231558954 1.0 0.0
-489.0 15.5 272.5 336.5 559.8011336526044 336.85807808348613 1.0 0.0
-481.5 16.75 257.5 337.75 546.0297610936606 338.16518697810477 1.0 0.0
-477.5 16.25 248.5 338.5 538.2922563804007 338.8898836025669 1.0 0.0
-480.0 18.5 251.0 342.25 541.6650751910138 342.7509743029042 1.0 0.0
-486.5 -100.5 262.5 347.75 552.8007454731287 368.4752137362485 1.0 0.0
-494.0 -365.75 275.5 348.0 565.6330965086305 506.769222532139 1.0 0.0
-499.0 -559.0 292.0 354.0 578.163695728892 661.9200559983602 1.0 0.0
-502.0 -600.5 301.5 363.0 585.5837883225008 701.693303545261 1.0 1.0
-501.0 -602.5 301.0 372.25 584.4674359569328 708.225681732943 1.0 1.0
-492.5 -678.25 303.5 382.75 578.5715074608711 779.1766511688288 1.0 1.0
-481.5 -643.5 307.5 379.0 571.3138281027909 746.9683099544333 1.0 0.0
-474.0 -626.0 302.5 379.0 562.3008743153505 731.8263204038917 1.0 1.0
-469.0 -680.75 307.5 388.25 560.8183752339077 784.3395740988225 1.0 1.0
-465.0 -604.75 317.5 382.75 563.0554328906542 715.6967380137987 1.0 1.0
-463.0 -618.75 329.0 382.25 567.9876759226383 727.3643461890892 1.0 1.0
-464.0 -701.5 341.0 390.75 575.8283323763205 803.4546915837673 1.0 1.0
-466.5 -621.25 346.0 386.0 580.8084928437534 731.6904576073103 1.0 1.0
-469.5 -594.0 344.5 382.5 582.3320251315661 706.592892657056 1.0 1.0
-473.5 -632.75 335.5 386.0 580.3138168922108 741.9076507538405 1.0 1.0
-480.5 -488.75 319.0 371.75 576.7534135035312 617.3720070798765 1.0 1.0
-487.0 -177.25 281.5 305.0 562.7528999891912 352.7807825200099 1.0 0.0
-487.0 -93.77272727272728 262.5 229.5568181818182 553.2407171987734 280.64763043728084 1.0 0.0
-489.0 -40.13636363636364 267.5 236.9659090909091 557.3847060334354 306.8163750919106 1.0 0.0
-493.0 13.5 280.0 244.375 566.9653923344558 332.98511974654036 1.0 0.0
-496.5 67.13636363636363 297.5 251.7840909090909 578.8156129919214 359.15386440117015 1.0 0.0
-497.0 120.77272727272727 316.5 259.19318181818187 589.2250815486325 385.3226090557999 1.0 0.0
-502.0 174.4090909090909 328.0 266.60227272727275 599.657152724568 411.4913537104296 1.0 0.0
-504.0 228.04545454545453 330.5 274.0113636363636 602.6992822491072 437.6600983650594 1.0 0.0
-501.5 281.68181818181813 327.5 281.4204545454545 598.9691984860301 463.8288430196892 1.0 0.0
-495.0 335.31818181818176 336.0 288.8295454545455 598.2681226185437 489.997587674319 1.0 0.0
-491.0 388.95454545454544 322.5 296.2386363636364 587.4413377928306 516.1663323289487 1.0 0.0
-485.5 442.59090909090907 313.5 303.64772727272725 577.9222161392092 542.3350769835785 1.0 0.0
-481.0 583.25 307.0 300.75 570.6224875043347 656.4353806571241 1.0 0.0
-478.0 502.75 307.0 302.0 568.0959625372375 586.4861253892202 1.0 0.0
-477.5 506.5 312.0 302.5 570.3948194014388 589.9565823302098 1.0 0.0
-480.0 511.75 325.5 306.5 579.9594727316735 596.5174713716135 1.0 0.0
-482.0 536.25 337.0 310.25 588.1267096843775 619.5594393474107 1.0 0.0
-483.5 526.0 352.5 335.25 598.3549003428121 623.8986077628965 1.0 0.0
-482.5 557.0 363.0 340.5 603.800802949243 652.8736383058488 1.0 0.0
-481.0 556.0 367.0 333.25 605.0218360606243 648.2652947968785 1.0 0.0
-474.5 588.75 330.0 322.0 577.970817279386 671.0854284970287 0.0 0.0
-477.0 556.25 321.0 326.0 574.9535186973117 644.9439789545418 1.0 0.0
-479.5 518.5 304.5 334.5 568.0159358675132 617.2626705426133 1.0 0.0
-479.5 524.5 289.0 337.5 559.8601312401113 623.8566558391698 1.0 0.0
-481.0 542.5 278.0 318.25 555.5604369179682 628.9618174825907 1.0 0.0
-481.5 536.5 277.0 321.0 555.4920682019706 625.2016815609818 1.0 0.0
-482.5 534.25 282.5 326.0 559.1176654534017 625.8621763301807 1.0 0.0
-483.5 517.25 290.5 342.25 564.0591136480176 620.5782996269203 1.0 0.0
-483.0 508.5 294.5 349.5 565.7045383376135 617.10845175531 1.0 0.0
-483.0 511.75 306.0 340.75 571.7741805873277 614.8161195990238 1.0 0.0
-482.5 510.25 308.5 344.0 572.6942268396456 615.3789387638046 1.0 0.0
-481.5 504.6071428571429 312.0 341.5357142857143 573.7590244359046 609.3599831948741 1.0 0.0
-488.0 503.03571428571433 327.5 331.67857142857144 587.7099536517037 602.668986584539 1.0 0.0
-486.0 501.46428571428567 319.5 321.82142857142856 581.6152254608771 595.9779899742041 1.0 0.0
-485.5 499.8928571428571 316.0 311.9642857142857 579.2808041010853 589.286993363869 1.0 0.0
-486.0 502.25 314.0 316.5 578.612196228922 593.6602555442344 1.0 0.0
-486.5 498.5 313.5 315.5 578.761240368405 589.9516419570041 1.0 0.0
-487.5 510.5 313.0 320.5 579.3317270787092 602.7693071493169 1.0 0.0
-488.5 505.25 315.0 325.0 581.2550443460746 600.7533578541239 1.0 0.0
-488.5 499.25 313.5 325.75 580.4439751499528 596.1245016242633 1.0 0.0
-489.5 501.25 313.0 327.5 581.0158581720855 598.7582530774355 1.0 0.0
-488.5 511.5 310.0 331.0 578.5606521586608 609.2565970868918 1.0 0.0
-488.5 510.75 302.5 323.5 574.5768097284581 604.5863351717742 1.0 0.0
-486.0 487.0 297.0 332.75 569.5656836375997 589.831675748992 1.0 0.0
-484.0 489.5 294.5 333.0 566.5569009652593 592.0299275870402 1.0 0.0
-485.0 492.5 291.0 333.5 565.6023923009066 594.7930732136135 1.0 0.0
-484.0 493.25 291.5 340.5 565.0029017803596 599.3711153617055 1.0 0.0
-484.5 493.25 291.0 346.5 565.1737045165295 602.7943113766253 1.0 0.0
-487.5 489.75 308.5 349.75 577.0723681054592 601.8140397838713 1.0 0.0
-492.5 496.0 328.0 347.75 591.72708467745 605.7687282789307 1.0 0.0
-492.0 479.5 327.0 352.5 590.7567016103048 595.1274179326297 1.0 0.0
-490.5 476.25 325.5 353.375 588.6770537109378 593.0387092087558 1.0 0.0
-489.5 477.0 324.5 354.5 587.2908138222494 594.3272267547015 1.0 0.0
-489.0 443.42857142857144 323.0 296.17857142857144 586.046073274107 533.5954193192158 1.0 0.0
-483.5 439.1428571428571 307.0 268.8928571428571 572.789841090538 516.1806378202966 1.0 0.0
-478.5 434.8571428571429 292.0 241.60714285714286 560.5590353955308 498.7658563213773 1.0 0.0
-478.5 430.57142857142856 294.0 214.32142857142856 561.6033462448554 481.35107482245803 1.0 0.0
-479.5 431.25 296.0 309.25 563.5037098537496 531.1090186319577 1.0 0.0
-479.5 477.5 299.0 340.5 565.0853298458973 586.4711723902051 1.0 0.0
-480.0 495.0 298.5 334.5 565.245720217156 597.4242348616868 1.0 0.0
-479.5 497.5 298.0 339.75 564.5566844879263 602.4498142122225 1.0 0.0
-479.5 502.75 296.5 351.0 563.7663523127289 613.155173619686 1.0 0.0
-478.0 488.5 292.5 350.0 560.3930032658708 600.9440636346715 1.0 0.0
-478.5 520.75 288.0 334.0 558.4856757339439 619.5272883678981 1.0 0.0
-479.0 574.5 283.5 317.75 556.6087045672211 656.5202171700107 1.0 0.0
-480.0 599.75 282.0 319.25 556.7081820846538 679.4267726159176 1.0 0.0
-482.0 580.25 283.0 327.5 558.9391737926409 666.2971288126646 1.0 0.0
-484.0 574.25 287.0 329.0 562.6948279105907 661.8192451346076 1.0 0.0
-484.0 570.5 292.0 331.25 565.261163788447 659.6975631348378 1.0 0.0
-484.5 569.0 296.5 331.75 568.0252475755085 658.6586768634513 1.0 0.0
-485.5 564.5 310.5 336.5 576.357160756622 657.1879836212474 1.0 0.0
-492.0 426.5 342.5 301.25 599.4750305001513 522.9220142678407 1.0 0.0
-488.0 197.75 336.0 243.25 592.486859260394 313.50132970519644 1.0 0.0
-486.0 176.25 329.5 225.5 587.1681371401246 286.2069433973176 1.0 0.0
-485.5 170.5 324.0 223.0 583.6833637679947 280.7124699860366 1.0 0.0
-485.5 169.25 323.0 220.75 583.128910879648 278.1657626909511 1.0 0.0
-487.0 179.5 326.5 194.25 586.3203517665293 265.5598703586894 1.0 0.0
-490.5 188.5 332.5 145.5 592.5762999725207 238.12336359795654 1.0 0.0
-428.0 191.5 264.0 146.75 503.7607771403207 241.2640094217375 1.0 0.0
-383.5 194.25 165.85000000000002 147.0 420.5074574346911 243.6022667340206 0.0 0.0
-399.5 196.0 127.64999999999999 149.0 422.0696882721959 246.20538491844013 0.0 0.0
-449.0 186.25 198.5 137.25 496.8776920075094 231.41226337790243 0.0 0.0
-454.5 180.75 287.5 101.25 537.7998353371192 207.81051261348966 1.0 0.0
-472.0 177.30769230769232 287.5 21.78846153846154 552.6684389114629 179.07377188251183 1.0 0.0
-472.5 176.53846153846155 280.0 28.942307692307693 549.2324189266326 180.87603229670896 1.0 0.0
-472.5 175.76923076923077 274.0 36.09615384615385 546.1979952361597 182.67829271090613 1.0 0.0
-473.5 175.0 275.0 43.25 547.5648663438681 184.4805531251033 1.0 0.0
-475.0 174.23076923076923 276.0 50.40384615384615 549.3643480413127 186.28281353930043 1.0 0.0
-478.5 173.46153846153845 281.5 57.55769230769231 555.1623572355188 188.0850739534976 1.0 0.0
-478.5 172.69230769230768 284.5 64.71153846153847 556.6888990820707 189.88733436769476 1.0 0.0
-479.0 171.9230769230769 289.0 71.86538461538461 559.4300928958062 191.6895947818919 1.0 0.0
-478.5 171.15384615384613 291.0 79.01923076923077 560.0387776772011 193.4918551960891 1.0 0.0
-482.0 170.38461538461536 306.0 86.17307692307693 571.0260136347122 195.29411561028624 1.0 0.0
-485.5 169.61538461538464 319.0 93.32692307692308 580.9229076349966 197.0963760244834 1.0 0.0
-483.5 168.84615384615387 308.0 100.48076923076923 573.2681067048231 198.89863643868057 1.0 0.0
-484.5 168.0769230769231 313.0 107.63461538461539 576.8280447480054 200.70089685287772 1.0 0.0
-485.0 173.5 319.0 143.25 580.5051029117201 225.84866987748902 1.0 0.0
-490.5 168.25 326.0 177.25 588.9541171912382 244.53447678064975 1.0 0.0
-495.0 172.25 329.5 207.0 594.6387558846127 269.37429876046417 1.0 0.0
-495.0 182.5 332.0 257.5 596.0276996058775 315.6177907305603 1.0 0.0
-494.5 183.25 332.5 260.75 595.8913491568744 318.7023035105291 1.0 0.0
-493.5 185.75 332.5 263.25 595.0617615004345 322.18594307987104 1.0 0.0
-492.0 186.75 331.0 265.5 592.9798292490516 324.6043628058808 1.0 0.0
-490.5 186.25 329.0 267.75 590.6193782801238 326.1621273166162 1.0 0.0
-487.5 184.25 325.0 270.0 585.9022299641484 326.8768435245337 1.0 0.0
-483.5 185.5 321.0 267.25 580.3562901509257 325.3214944986778 1.0 0.0
-480.5 187.5 319.0 265.25 576.7507464412155 324.82998651372475 1.0 0.0
-480.0 187.75 319.0 265.75 576.3341044914833 325.38318591510915 1.0 0.0
-471.5 187.75 295.0 263.5 556.1903432332991 323.5472798561234 1.0 0.0
-475.0 193.21875 293.0 240.84375 558.0985576042998 311.4113135562857 1.0 0.0
-477.0 198.84375 295.0 209.96875 560.8511388951617 293.71994188968995 1.0 0.0
-477.5 204.46875 296.0 179.09375 561.8026788828975 276.0285702230942 1.0 0.0
-476.5 210.09375 294.0 148.21875 559.9002143239454 258.3371985564985 1.0 0.0
-475.0 195.5 292.0 202.0 557.574210307471 281.13823894154035 1.0 0.0
-472.5 186.25 288.5 257.75 553.6140352267092 318.01357241205807 1.0 0.0
-469.0 184.5 285.5 261.0 549.0640377895445 319.6269962000059 1.0 0.0
-466.0 184.25 283.5 260.5 545.4615637543442 319.0743129943727 1.0 0.0
-465.0 183.5 285.5 260.5 545.651279153572 318.64177835018 1.0 0.0
-467.5 185.0 295.5 262.0 553.0613771406609 320.732235398875 1.0 0.0
-470.0 305.0 308.0 293.0 561.9288212956203 423.8473557305944 1.0 0.0
-464.0 373.0 317.5 336.0 562.2297837415105 505.65510452958836 1.0 0.0
-452.0 459.75 326.5 322.0 557.5896902425745 561.29825278725 1.0 0.0
-441.0 473.5 334.0 324.0 553.2061098722609 573.7416464525892 1.0 0.0
-432.0 473.25 351.5 318.75 557.2674452673587 570.7301494072206 1.0 0.0
-423.5 501.75 368.0 310.75 561.050285126241 590.188059717208 1.0 0.0
-424.0 513.5 371.0 323.0 563.4165845870698 606.6706398181043 1.0 0.0
-433.5 519.5 355.5 335.5 560.6485199242401 618.418969834483 1.0 0.0
-444.0 506.75 338.0 341.5 558.0253349809456 611.1440476083765 1.0 0.0
-448.375 497.5 321.625 346.125 551.8454157126304 606.0600607230872 1.0 0.0
-453.75 504.0 297.0 343.0 542.4038846083174 609.6785309170347 1.0 0.0
-460.5 497.0 270.5 348.5 534.0849629745042 607.0101584035256 1.0 0.0
-468.5 502.5 270.0 348.5 540.7476039676899 611.5315489278206 1.0 0.0
-473.25 499.0 281.25 353.5 550.5320583970104 611.5254830838309 1.0 0.0
-469.5 511.0 286.25 350.0 549.8814730826557 619.3796845816496 1.0 0.0
-471.75 514.5 289.0 349.0 553.2361939345118 621.7004272298054 1.0 0.0
-472.5 515.5 293.25 347.5 556.1361931494193 621.6894153504917 1.0 0.0
-485.5 514.5 290.5 344.5 565.7867646538514 619.192215990702 1.0 0.0
-505.25 514.5 285.0 340.0 580.1895254665342 616.6960367682382 1.0 0.0
-453.5 513.5 295.5 336.5 542.3378356820294 613.9340186209873 1.0 0.0
-332.18548387096774 521.5 281.6290322580645 338.0 453.54191686349304 621.4712305134899 0.0 0.0
-264.9274193548387 505.41666666666663 278.14516129032256 313.54166666666663 471.6817448895793 595.2098499863332 0.0 0.0
-197.66935483870967 463.08333333333337 274.66129032258067 259.70833333333337 489.82157291566557 532.4944623322557 0.0 0.0
-130.4112903225806 420.75 271.1774193548387 205.875 507.96140094175183 469.7790746781783 0.0 0.0
-63.15322580645159 423.5 267.69354838709677 206.0 526.1012289678381 471.43195700096396 0.0 0.0
4.104838709677438 479.5 264.2096774193548 325.5 544.2410569939243 579.9881316515757 0.0 0.0
71.36290322580652 538.5 260.7258064516129 324.0 562.3808850200105 630.5919781558056 0.0 0.0
138.62096774193554 598.5 257.241935483871 301.5 580.520713046097 670.1531986321618 0.0 0.0
205.87903225806457 592.5 253.75806451612902 310.0 598.6605410721832 668.6976031088573 0.0 0.0
273.1370967741936 589.0 250.2741935483871 311.0 616.8003690982694 666.0651818035042 0.0 0.0
340.3951612903226 585.0 246.79032258064518 308.0 634.9401971243556 661.1281754434157 0.0 0.0
407.65322580645164 579.5 243.30645161290323 307.5 653.080025150442 656.0308929391549 0.0 0.0
474.9112903225808 575.0 239.82258064516128 311.0 671.2198531765282 653.7174154231027 0.0 0.0
542.1693548387098 569.5 236.33870967741936 313.5 689.3596812026144 650.0880456004193 0.0 0.0
609.4274193548388 525.0 232.85483870967744 315.0 707.4995092287006 612.5715830659791 0.0 0.0
676.6854838709678 546.375 229.3709677419355 325.125 725.639337254787 635.9272583523589 0.0 0.0
623.0 575.0 251.0 330.75 671.7966466410744 663.3413424027108 0.0 0.0
635.5 576.25 301.0 334.5 703.1803130591456 666.2999966613118 0.0 0.0
673.5 574.75 335.5 335.5 752.439558871161 665.506979079119 0.0 0.0
557.5 576.0 309.0 336.0 637.4073417923066 666.8376261865862 0.0 0.0
544.0 581.25 304.5 336.0 623.4285760997266 671.3773738770144 0.0 0.0
538.0 569.5 304.5 336.0 618.1945426961715 661.2319750161962 0.0 0.0
631.5 562.75 360.5 334.5 727.3889730235669 654.6587111890282 0.0 0.0
674.0 556.0 369.0 334.5 768.4039643331314 648.8653616753566 0.0 0.0
693.0 551.25 374.0 333.25 787.4802454828571 644.1523068699194 0.0 0.0
624.0 545.75 359.0 333.0 719.9100673014732 639.3217479716672 0.0 0.0
574.5 540.75 360.0 332.5 678.0659228758672 634.7970078552819 0.0 0.0
559.5 533.0 365.0 333.0 668.0312334070388 628.4751848092432 0.0 0.0
595.0 526.5 373.5 334.0 702.5149547899583 623.5055473346134 0.0 0.0
582.5 523.75 369.5 335.25 689.8170571105511 621.8575977732736 0.0 0.0
579.0 524.25 367.5 336.0 685.7822699611391 622.682969654737 0.0 0.0
581.0 527.0 365.0 335.75 686.1384880442235 624.8658195350881 0.0 0.0
579.5 530.75 363.0 335.75 683.8068121286694 628.0317140356761 0.0 0.0
576.0 536.5 357.5 336.0 677.9259466584617 633.0310044822825 0.0 0.0
575.5 540.75 356.0 337.5 676.7100758486727 637.4300470764828 0.0 0.0
575.5 544.0 352.0 338.0 674.6148155142037 640.4532323581864 0.0 0.0
575.0 544.5 351.5 338.0 673.9274063540952 640.8782816166677 0.0 0.0
571.5 538.5 355.0 341.0 672.78798904824 637.3938075932232 0.0 0.0
541.5 530.0 327.5 346.0 632.8342711394225 632.9472517664432 0.0 0.0
536.5 541.75 324.0 344.25 626.7446460110691 641.8747919975926 0.0 0.0
532.5 542.0 323.5 345.0 623.0645198726806 642.4865860591153 0.0 0.0
525.5 528.5 326.5 348.5 618.6760753037863 633.1512776941129 0.0 0.0
505.0 431.0 330.0 373.0 603.2621232467195 570.277294575289 0.0 0.0
409.7894736842105 421.17499999999995 322.89473684210526 353.01250000000005 611.386717718015 551.1626127642553 0.0 0.0
284.8421052631579 392.07500000000005 315.42105263157896 344.36249999999995 624.9877928817227 525.3572273611566 0.0 0.0
159.89473684210526 362.975 307.9473684210526 335.7125 638.5888680454303 499.5518419580578 0.0 0.0
34.94736842105263 333.875 300.47368421052636 327.0625 652.1899432091379 473.7464565549592 0.0 0.0
-90.0 304.775 293.0 318.4125 665.7910183728457 447.94107115186046 0.0 0.0
-214.94736842105266 275.67499999999995 285.52631578947364 309.76250000000005 679.3920935365534 422.13568574876183 0.0 0.0
-339.89473684210526 246.575 278.0526315789474 301.11249999999995 692.993168700261 396.3303003456631 0.0 0.0
-464.84210526315786 217.475 270.57894736842104 292.4625 706.5942438639686 370.52491494256446 0.0 0.0
-589.7894736842105 188.37499999999997 263.1052631578947 283.8125 720.1953190276763 344.7195295394657 0.0 0.0
-650.0 159.275 278.0 275.1625 707.679631547371 318.9141441363671 0.0 0.0
-581.0 190.0 283.0 284.0 646.2660659761582 345.6934696078224 0.0 0.0
-563.5 217.25 287.5 334.25 632.6124908111508 398.6715485384607 1.0 0.0
-492.0 217.0 261.0 352.0 556.9448294693639 413.5147770545255 0.0 0.0
-529.5 219.5 293.0 354.75 605.1636426794427 417.1667523316271 0.0 0.0
-528.0 221.5 297.5 359.5 606.0454672726547 422.25888835028536 1.0 0.0
-517.0 222.75 295.0 361.5 595.242810261612 424.6172570043876 1.0 0.0
-508.0 211.5 304.0 372.5 592.0732827884658 428.5367086013328 1.0 0.0
-516.0 201.0 321.0 386.5 607.6983974137991 435.6417438489786 1.0 0.0
-516.0 201.25 320.5 390.5 607.4343013049963 439.3083342558324 1.0 0.0
-515.0 200.5 318.5 390.5 605.530701810382 438.9657585801777 1.0 0.0
-513.0 199.0 317.5 389.5 603.3036352053507 437.39146930771267 1.0 0.0
-513.5 198.0 316.5 389.0 603.2035392898648 436.491922672099 1.0 0.0
-513.0 198.0 317.0 388.0 603.0407788184455 435.6009622892673 1.0 0.0
-513.0 265.375 319.0 342.75 604.0949603744535 454.692762061849 1.0 0.0
-513.0 355.875 321.0 282.41666666666663 605.1528732477439 480.45152472556185 1.0 0.0
-512.5 446.375 324.0 222.08333333333331 606.3268507991379 506.21028738927464 1.0 0.0
-511.0 451.25 324.5 282.5 605.3275379134207 532.4621426730872 1.0 0.0
-510.0 525.5 324.5 330.25 604.4834766500062 620.6932622229374 1.0 0.0
-505.0 519.75 318.0 328.5 596.7875373256468 614.8609407245583 1.0 0.0
-498.0 515.25 292.5 330.0 577.5476880481294 611.8710554962981 1.0 0.0
-497.0 518.5 288.0 325.0 574.415761364246 611.9377398083789 1.0 0.0
-495.5 517.5 286.5 328.5 572.365704772744 612.9625564344109 1.0 0.0
-496.5 511.5 288.0 331.5 573.9827959094245 609.5321469965776 1.0 0.0
-496.5 512.0 290.5 334.5 575.2414156181696 611.5939244483916 1.0 0.0
-498.5 504.75 294.0 338.0 578.738659054038 607.4780455549981 1.0 0.0
-504.5 499.0 330.0 343.0 602.8461659094028 605.5279800687674 0.0 0.0
-507.0 502.25 333.5 349.75 606.8535656348416 612.0305602299044 1.0 0.0
-507.0 503.75 335.0 353.0 607.6791916792939 615.1207351168216 1.0 0.0
-505.5 504.0 334.5 355.5 606.1523520269061 616.7639357795913 1.0 0.0
-505.5 505.0 334.0 356.5 605.8764939936246 618.1564663173895 1.0 0.0
-506.0 506.0 332.5 356.0 605.4690161119718 618.6862443113473 1.0 0.0
-508.0 506.0 330.0 353.0 605.775597222168 616.9665230449642 1.0 0.0
-509.5 498.0 327.5 336.75 605.6786054447091 601.1707429493387 1.0 0.0
-511.0 493.0 325.0 331.0 605.5958124082654 593.810132325561 1.0 0.0
-511.0 514.0 324.5 348.25 605.3273907564402 620.865885700057 1.0 0.0
-510.5 513.75 323.0 349.5 604.1021672945069 621.3611022945431 1.0 0.0
-510.0 513.75 324.0 350.75 604.2151934534583 622.0649917104345 1.0 0.0
-514.0 514.0 329.0 352.0 610.2763122904082 622.9768616775059 1.0 0.0
-513.0 514.5 328.5 350.5 609.1644619748246 622.5445586971368 1.0 0.0
-512.0 515.75 331.0 349.75 609.6761616090159 623.1559642668108 1.0 0.0
-512.5 514.5 336.5 348.25 613.0974805052458 621.2795797123777 1.0 0.0
-496.0 488.0 312.5 354.0 586.2450667491973 603.2161803525532 1.0 0.0
-490.5 489.0 311.0 351.5 580.7850496356124 602.2347513451148 1.0 0.0
-488.0 497.0 316.5 348.25 581.6495938277616 606.8667928255882 1.0 0.0
-486.0 501.75 322.0 349.25 582.9922812525051 611.3335605309705 1.0 0.0
-485.0 507.5 326.0 351.25 584.3808689544859 617.2014592536351 1.0 0.0
-484.5 512.25 326.5 354.5 584.2454983489796 622.9543482057886 1.0 0.0
-479.5 512.5 317.5 357.5 575.0890329261397 624.8711975539304 1.0 0.0
-485.5 518.5 315.5 360.25 579.0090064788121 631.365540657389 1.0 0.0
-489.5 523.0 302.5 362.75 575.4272413365657 636.4883146803303 1.0 0.0
-488.5 511.25 290.5 351.25 568.3513339024307 620.2897128182749 1.0 0.0
-489.5 495.625 283.5 327.625 565.670122249516 594.3049093156296 1.0 0.0
-489.5 489.79166666666663 280.0 310.45833333333337 563.9241423869021 580.1381822393394 1.0 0.0
-489.5 483.95833333333337 278.5 293.29166666666663 563.1808669196223 565.9714551630493 1.0 0.0
-489.5 478.25 278.0 329.25 562.9337785478592 581.1250822729148 1.0 0.0
-488.5 536.0 280.5 354.75 563.3050098182347 642.7780393960554 1.0 0.0
-488.5 522.5 283.5 368.0 564.8054957713478 639.0940845437875 1.0 0.0
-489.5 520.0 288.5 370.5 568.1995136016645 638.4913665255103 1.0 0.0
-500.0 517.0 316.5 372.5 591.7545335926791 637.2169289720068 1.0 0.0
-502.0 515.5 316.0 372.0 593.1780331834309 635.7077438629874 1.0 0.0
-500.5 524.0 309.5 367.0 588.4645861516075 639.7382277150554 1.0 0.0
-498.5 524.0 301.5 366.0 582.5843286598086 639.1656061652259 1.0 0.0
-496.5 525.5 296.0 363.25 578.0382772792819 638.8283218283599 1.0 0.0
-497.5 526.5 293.0 356.75 577.3692492677454 635.984121414328 1.0 0.0
-498.0 529.75 293.0 351.5 577.8004587059195 635.7594539038989 1.0 0.0
-488.0 530.75 279.0 348.25 562.1257075055953 634.8040532087342 1.0 0.0
-489.0 530.5 289.5 345.5 568.2718680888495 633.0883187394563 1.0 0.0
-492.0 527.75 300.5 343.5 576.5105032331642 629.6926273413712 1.0 0.0
-495.0 525.25 308.5 344.0 583.2643273511511 627.8752462728357 1.0 0.0
-496.0 523.25 312.0 346.75 585.9710193127739 627.7156537709601 1.0 0.0
-496.5 522.5 311.5 347.5 586.1274707968105 627.5051181718223 1.0 0.0
-503.5 530.5 339.0 351.5 607.0263272820239 636.3932318457012 1.0 0.0
-498.5 539.25 326.5 353.25 595.9065991832294 644.6519725749204 1.0 0.0
-496.5 538.75 320.5 353.0 590.959240346553 644.0967641417371 1.0 0.0
-495.5 532.5 317.5 353.0 588.5047518810106 638.8924854912565 1.0 0.0
-494.0 527.0 308.5 353.0 582.4162812278896 634.3012051167514 1.0 0.0
-491.0 526.5 300.5 352.5 575.6573910546949 633.6075283643653 1.0 0.0
-489.5 526.25 299.5 351.5 573.8669699413911 632.8438447052781 1.0 0.0
-488.5 526.0 283.0 351.0 564.6242355008512 632.3584212894799 1.0 0.0
-489.0 526.5 271.5 351.0 559.3171419961539 632.7746287338439 1.0 0.0
-491.5 526.25 274.5 350.5 562.959053551005 632.2889621885467 1.0 0.0
-491.0 528.0 281.0 350.5 565.7233123571882 633.7462634753879 1.0 0.0
-490.5 520.75 288.5 351.25 569.0540960731719 628.151378826285 1.0 0.0
-491.5 511.21875 292.5 345.46875 571.95241735892 617.0497530288933 1.0 0.0
-493.0 508.84375 298.0 338.09375 576.066836400083 611.0005178754811 1.0 0.0
-501.0 506.46875 323.0 330.71875 596.1803345495294 604.9512827220692 1.0 0.0
-502.5 504.09375 328.5 323.34375 600.3486487034013 598.902047568657 1.0 0.0
-502.0 500.0 329.0 330.0 600.2041492441721 599.0897947554444 1.0 0.0
-501.5 499.75 328.0 339.75 599.2382039713519 604.3228189113086 1.0 0.0
-501.5 507.25 326.0 335.75 598.145676236149 608.3023140587761 1.0 0.0
-500.0 516.5 324.0 332.5 595.7987714558312 614.2795997700034 1.0 0.0
-499.5 521.75 322.0 334.25 594.2930861970362 619.6353097647532 1.0 0.0
-491.5 521.5 308.5 336.75 580.3142269507082 620.7766303800804 1.0 0.0
-483.5 521.0 294.5 339.75 566.1294021687975 621.9896352448192 1.0 0.0
-483.5 522.5 292.0 342.0 564.8331764826765 624.476233995792 1.0 0.0
-485.5 520.25 288.5 345.75 564.7500024265901 624.6632741760588 1.0 0.0
-485.5 517.75 284.5 348.25 562.7170692275115 623.9745255155403 1.0 0.0
-487.0 519.25 283.5 349.25 563.5080146758189 625.7811598478806 1.0 0.0
-487.0 520.25 282.0 349.5 562.7549975105971 626.746199337586 1.0 0.0
-489.5 516.75 297.5 349.5 572.9237515199202 623.8448536743172 1.0 0.0
-493.0 513.0 314.0 348.0 584.5040746960279 619.8975864705712 1.0 0.0
-495.0 511.0 316.5 347.25 587.5348925808577 617.8216312282099 1.0 0.0
-496.0 515.75 319.5 345.0 589.9968220253394 620.5022818822547 1.0 0.0
-495.5 519.5 323.0 350.5 591.4805575841018 626.682150839694 1.0 0.0
-495.5 520.5 326.5 350.5 593.3991239273714 627.5113690988185 1.0 0.0
-498.5 520.75 330.5 351.5 598.1074956353436 628.2779000895216 1.0 0.0
-500.5 520.5 333.0 351.75 601.1566097188272 628.2104387904828 1.0 0.0
-501.5 520.25 334.5 351.5 602.8205180451356 627.8633068498835 1.0 0.0
-502.5 520.25 334.0 351.5 603.3761103185875 627.8633068498835 1.0 0.0
-502.0 520.0 333.0 351.25 602.4061533614044 627.5161892623598 1.0 0.0
-499.0 518.75 331.5 350.25 599.0770147014623 625.9209358812993 1.0 0.0
-486.5 517.75 330.0 349.5 587.8775191278061 624.6721796787187 1.0 0.0
-306.5 518.0 288.0 348.75 421.15127486054405 624.4602210422697 0.0 0.0
-184.5 518.5 248.5 349.0 309.5067967618562 625.014599829476 0.0 0.0
-182.5 518.75 247.0 349.0 307.10789802212616 625.2223914851617 0.0 0.0
-182.5 496.25 244.5 353.5 305.100803014348 609.4859038504194 0.0 0.0
-183.0 477.75 241.5 355.25 303.00575113306127 595.3570679179285 0.0 0.0
-176.2 474.0 182.1 351.5 253.48282467373343 590.1135965480223 0.0 0.0
-171.0 475.25 164.5 355.25 237.55199667403042 593.3507630206522 0.0 0.0
-165.8 477.0 146.9 355.5 221.6211686743274 594.9027319049775 0.0 0.0
-153.0 469.0 184.0 348.5 239.63017294957484 584.305793769388 0.0 0.0
-153.5 468.5 208.0 348.0 258.5119993719843 583.6062456828233 0.0 0.0
-149.5 469.0 211.5 343.0 259.02633442126466 581.058308620336 0.0 0.0
-148.5 475.75 215.5 352.0 261.71087194015536 591.8125417819608 0.0 0.0
-147.5 476.0 214.0 351.5 259.9100013873971 591.716496120194 0.0 0.0
-148.5 501.25 214.5 346.5 260.8882308579694 609.3633477922117 0.0 0.0
-147.5 505.0 216.0 348.5 261.5573878656205 613.5781560587546 0.0 0.0
-149.0 507.25 217.0 350.0 263.2299375071156 616.281252885809 0.0 0.0
-149.5 507.0 219.5 350.0 265.587701166402 616.0754823883191 0.0 0.0
-10.0 507.0 184.0 350.0 186.12903169727412 616.0754823883191 0.0 0.0
17.0 508.5 179.0 349.75 179.80967108232917 617.1689816777564 0.0 0.0
19.5 508.5 178.0 349.0 179.06547929781752 616.7440852741145 0.0 0.0
19.5 506.5 177.5 348.5 178.56860591589373 614.812638392191 0.0 0.0
18.0 505.0 178.0 348.75 178.9265141685929 613.7194838179689 0.0 0.0
24.5 507.5 181.5 350.25 183.33365901163438 616.6290163032224 0.0 0.0
145.5 507.75 177.5 349.75 229.5137855757904 616.5510894447757 0.0 0.0
137.5 506.75 187.0 349.75 232.11045079901072 615.7278180628888 0.0 0.0
131.5 507.0 191.0 350.0 231.89059920574616 616.0755023007484 0.0 0.0
135.0 506.5 191.0 350.5 233.8931379925457 615.9485213489725 0.0 0.0
149.0 506.5 186.5 350.0 238.71165905675744 615.6644653104349 0.0 0.0
171.0 506.75 177.0 350.5 246.11876633673754 616.1540657372036 0.0 0.0
200.0 506.5 165.0 350.25 259.3246553190355 615.8062639999196 0.0 0.0
236.0 506.25 155.5 349.75 282.6325876167018 615.3162837460725 0.0 0.0
250.0 507.0 153.0 349.25 293.10334985235113 615.649742050301 0.0 0.0
254.5 506.25 162.5 349.25 301.9545570369136 615.0325389868166 0.0 0.0
235.5 505.5 180.0 349.25 296.43441259097926 614.4150509270453 0.0 0.0
200.5 505.5 185.0 348.5 272.89859639969245 613.9891444135394 0.0 0.0
162.5 504.75 168.5 346.25 234.09842391725502 612.0969392442564 0.0 0.0
231.5 465.75 154.0 346.5 279.9614296197773 580.755551040595 0.0 0.0
309.04999999999995 287.0 137.05 328.5 339.5385787164792 436.2873959618572 0.0 0.0
346.45000000000005 176.9318181818182 122.44999999999999 295.5 368.8000087266902 416.7423993891569 0.0 0.0
375.5 82.8409090909091 111.5 295.5 391.7047115212848 458.4573009809401 0.0 0.0
444.08333333333337 -11.25 52.5 295.5 448.80511225341263 500.1722025727232 0.0 0.0
534.4166666666666 -105.3409090909091 120.5 295.5 552.0562944066983 541.8871041645064 0.0 0.0
624.75 -199.43181818181822 188.5 295.5 655.307476559984 583.6020057562896 0.0 0.0
677.5 -293.52272727272725 256.0 295.5 724.5497384859666 625.3169073480726 0.0 0.0
631.5 -387.6136363636364 307.0 295.5 702.623295288777 667.0318089398559 0.0 0.0
596.0 -481.7045454545455 337.0 295.5 684.6908529755144 708.7467105316391 0.0 0.0
578.0 -575.7954545454545 353.5 295.5 677.5461107294766 750.4616121234221 0.0 0.0
548.0 -669.8863636363637 346.5 295.5 648.3571598610209 792.1765137152054 0.0 0.0
538.5 -763.9772727272727 348.5 300.0 641.4356270613944 833.8914153069884 0.0 0.0
539.0 -742.0 356.0 313.0 645.9543327511628 805.3178636400305 0.0 1.0
540.5 -723.0 357.5 324.75 648.0327923801387 792.597499211345 0.0 1.0
540.5 -701.75 357.5 315.5 648.0330271983569 769.4116262986556 0.0 1.0
544.5 -705.75 355.5 319.0 650.2775985997462 774.4960068720549 0.0 1.0
578.5 -681.0 355.5 319.5 679.0060323864728 752.225726596251 0.0 1.0
580.5 -676.0 356.5 319.5 681.2299256932198 747.7033091428239 0.0 1.0
590.0 -685.0 363.0 314.5 692.7261853237137 753.8568991042553 0.0 1.0
592.0 -642.5 371.0 328.0 698.6455092595726 721.3813672071549 0.0 1.0
587.5 -639.25 373.0 324.0 695.9164336367003 716.670683231586 0.0 1.0
576.5 -630.5 376.0 327.5 688.2861555335412 710.4833182202549 0.0 1.0
573.0 -618.75 379.0 342.25 687.0255368220924 707.2911141786826 0.0 1.0
633.5 -703.75 413.0 360.0 756.3635967407075 791.8923530230584 0.0 1.0
571.0 -793.25 385.0 324.5 688.669745405314 857.0565218528127 0.0 1.0
575.5 -759.5 380.5 356.0 689.9134003626832 838.7949805498033 0.0 1.0
579.0 -727.0 373.5 360.0 689.0161997093917 811.2517789419221 0.0 1.0
632.0 -730.5 398.0 359.5 747.0336911898236 814.207672166493 0.0 1.0
572.5 -735.5 370.0 358.5 681.6570162376893 818.2192082035332 0.0 1.0
560.5 -702.5 345.5 359.0 658.4312140398713 789.0665344855281 0.0 1.0
553.5 -722.0 333.5 344.0 646.2089025760316 800.9473983872213 0.0 1.0
552.0 -597.5 332.5 331.25 644.4075897007182 683.1787780362985 0.0 1.0
548.5 -609.75 334.0 333.5 642.1956874441471 694.9964900509368 0.0 1.0
544.5 -608.25 346.0 334.75 645.1343007632574 694.2807359426416 0.0 1.0
545.0 -605.75 363.0 336.75 654.8448679497935 693.0625856883464 0.0 1.0
547.5 -599.75 381.5 341.75 667.3092359051527 690.291908457793 0.0 1.0
519.5 -592.25 364.0 343.5 634.3320356360389 684.6556021213615 0.0 1.0
514.5 -588.75 357.5 346.0 626.511385131475 682.8930176618112 0.0 1.0
515.875 -587.125 357.375 347.25 627.5699952022164 682.1293328103268 0.0 1.0
517.0 -585.0 355.75 349.0 627.5747274007749 681.1945440764202 0.0 1.0
518.0 -587.0 352.75 351.0 626.7033809007495 683.9371316137178 0.0 1.0
516.5 -589.5 349.5 350.5 623.6365813823973 685.8285972703025 0.0 1.0
508.0 -589.0 368.25 350.0 627.4329285602842 685.1431855897576 0.0 1.0
505.75 -587.5 365.75 349.5 624.1445776195583 683.5982006997971 0.0 1.0
505.75 -588.0 367.0 347.5 624.8779487099282 683.008283049299 0.0 1.0
509.0 -605.0 366.75 348.5 627.3649357335113 698.240069315088 0.0 1.0
513.25 -634.5 369.0 350.5 632.1286312424702 724.930995199141 0.0 1.0
514.25 -654.5 369.25 352.5 633.0869097183593 743.5564107541024 0.0 1.0
513.75 -591.5 370.25 350.0 633.26552181228 687.29342350993 0.0 1.0
514.0 -592.5 370.75 346.5 633.7598942903253 686.4079713746181 0.0 1.0
515.0 -618.5 370.25 344.5 634.2796555375049 708.0744349272237 0.0 1.0
513.75 -617.0 367.0 342.5 631.3710056667071 705.6878450098997 0.0 1.0
501.5 -724.5 302.75 343.5 586.8444252435936 802.9654424037856 0.0 1.0
528.1875 -615.5 281.0625 343.5 598.328831416335 704.8637902263076 0.0 1.0
542.4375 -614.5 293.8125 341.5 616.9061508056828 703.0168497329419 0.0 1.0
546.5 -613.0 340.75 339.0 644.0361727578941 700.49272555162 0.0 1.0
558.25 -619.5 361.0 338.0 664.8120728176184 705.7084685983364 0.0 1.0
551.0 -617.5 355.5 337.0 655.7299949151441 703.4737432005279 0.0 1.0
535.0 -616.5 350.25 331.5 639.4558731515992 699.974969949433 0.0 1.0
497.38157894736844 -618.0 344.13157894736844 322.5 626.9166861321381 697.0869744874021 0.0 1.0
388.9078947368421 -613.5 340.6578947368421 313.0 623.4076104521572 688.7322358681388 0.0 1.0
280.43421052631584 -602.5 337.1842105263158 307.0 619.8985347721763 676.2065143134898 0.0 1.0
171.96052631578948 -608.5 333.7105263157895 300.5 616.3894590921954 678.6593092073567 0.0 1.0
63.48684210526315 -543.5 330.2368421052631 297.0 612.8803834122144 620.1988218312009 0.0 1.0
-44.98684210526312 -475.125 326.7631578947369 268.25 609.3713077322336 545.7979686796335 0.0 0.0
-153.46052631578948 -380.77272727272725 323.2894736842105 245.04545454545456 605.8622320522527 501.57102768424807 0.0 0.0
-261.9342105263158 -257.1363636363636 319.81578947368416 227.77272727272725 602.3531563722718 451.3624557363752 0.0 0.0
-370.4078947368421 -133.49999999999997 316.3421052631579 210.5 598.8440806922908 401.1538837885024 0.0 0.0
-478.88157894736844 -9.863636363636346 312.86842105263156 193.22727272727275 595.3350050123099 350.94531184062953 0.0 0.0
-613.0 113.77272727272731 315.5 175.95454545454544 689.4267824549293 300.73673989275676 0.0 0.0
-581.5 202.75 325.0 212.25 666.1911456371272 295.8441800666643 1.0 0.0
-539.5 191.75 309.5 300.0 621.9765420215869 356.04519202330556 1.0 0.0
-520.0 196.25 326.0 312.0 613.7463118242812 368.6054717630914 1.0 0.0
-505.0 199.0 331.0 323.0 603.8103459371346 379.381645016242 1.0 0.0
-486.5 204.0 315.5 360.75 579.8509621424652 414.6366044554039 1.0 0.0
-489.0 197.5 318.0 469.5 583.3053011094441 509.4210263163959 1.0 0.0
-486.0 189.0 316.0 499.0 579.6999223736364 533.596756145768 1.0 0.0
-470.5 186.75 310.5 501.75 563.7202498932586 535.3781847165219 1.0 0.0
-454.5 185.0 305.5 499.0 547.6323586245882 532.1898183619561 1.0 0.0
-458.5 168.25 321.0 544.5 559.7016466614432 569.916608443832 1.0 0.0
-454.5 166.5 310.5 552.5 550.4369339050917 577.0464048329818 1.0 0.0
-463.5 165.25 312.0 547.0 558.7274182962612 571.4163484263679 1.0 0.0
-488.5 164.75 311.0 544.0 579.0984826602278 568.4001320407378 1.0 0.0
-519.5 163.25 307.5 544.25 603.6867608933444 568.2072659638633 1.0 0.0
-537.5 163.0 306.0 544.75 618.5005204252959 568.6137812314737 1.0 0.0
-538.5 163.5 303.5 547.0 618.1379320751112 570.912808173149 1.0 0.0
-514.0 164.75 282.0 552.5 586.2763868845027 576.5408303565537 1.0 0.0
-475.20000000000005 163.75 283.75 554.0 554.5117270255488 577.6938705078114 1.0 0.0
-424.79999999999995 163.75 286.75 556.5 513.6484745512798 580.0916910452784 1.0 0.0
-382.0 164.0 286.0 557.0 477.200538811195 580.6419033655379 1.0 0.0
-227.0 164.0 351.0 558.5 420.99932223224323 582.0810333467396 0.0 0.0
-152.0 162.5 411.0 559.5 438.2098791262854 582.6205716862328 0.0 0.0
-176.5 163.5 418.0 560.0 453.7789845360089 583.3803514995511 0.0 0.0
-205.0 163.0 421.0 562.75 468.29787879713024 585.8811171579915 0.0 0.0
-213.5 162.75 420.5 564.5 471.62611863229364 587.4929411788652 0.0 0.0
-134.89285714285717 161.25 419.2857142857143 566.5 468.89892734071736 589.0025083819373 0.0 0.0
-22.75 162.5 419.0 567.5 463.1317470453603 590.307223128588 0.0 0.0
89.39285714285714 162.5 418.7142857142857 568.0 457.3645667500033 590.7883048860574 0.0 0.0
174.0 163.25 418.0 569.0 452.76972888574755 591.9557109772013 0.0 0.0
201.0 164.5 412.5 570.0 458.8670580338682 593.2623787161967 0.0 0.0
365.3125 164.5 339.5 570.0 501.26476681275585 593.2623787161967 0.0 0.0
494.5625 164.0 341.5 569.0 605.5450463033515 592.1631792205415 0.0 0.0
605.5 163.25 356.5 568.5 702.6685126847508 591.4751245509526 0.0 0.0
587.0 162.75 368.5 568.0 693.1409676781345 590.8566833488828 0.0 0.0
579.0 162.75 400.0 568.5 703.8469820418105 591.3373174881901 0.0 0.0
546.0 162.0 379.5 569.0 664.9341638745884 591.6122040661434 0.0 0.0
539.5 161.75 370.5 569.5 654.469836374519 592.0248767587801 0.0 0.0
540.5 160.75 374.0 570.25 657.2794794984466 592.4746818398114 0.0 0.0
541.5 160.0 382.0 571.0 662.6814736487108 592.9932699452772 0.0 0.0
549.0 160.5 390.5 571.75 673.7172271817028 593.8505567489133 0.0 0.0
546.5 161.75 391.5 572.5 672.2607776455409 594.9117986173342 0.0 0.0
543.0 162.75 384.5 571.75 665.3492195531105 594.4625475289313 0.0 0.0
538.0 163.25 377.0 571.0 656.9456153865001 593.8785273460842 0.0 0.0
529.0 163.25 364.0 569.75 642.1349267165867 592.676742076809 0.0 0.0
523.5 164.0 346.0 570.5 627.5099521031534 593.6046005067457 0.0 0.0
519.5 155.0 328.5 568.5 614.648710891488 589.3060850433096 0.0 0.0
519.5 112.25 320.0 534.75 610.1477843649295 546.4046368596014 0.0 0.0
520.0 110.25 318.5 528.75 609.7886929092733 540.1219422296097 0.0 0.0
521.0 110.0 325.5 529.0 614.3223659095806 540.3156484870673 0.0 0.0
525.0 109.75 342.5 529.75 626.8441948331892 540.9992261261765 0.0 0.0
538.0 91.66666666666666 359.0 511.875 646.7833989297487 520.4452607779957 0.0 0.0
553.0 112.33333333333334 369.0 489.375 664.8103246023122 503.5086001480006 0.0 0.0
568.0 133.0 373.0 466.875 679.5242267009331 486.57193951800554 0.0 0.0
578.5 147.5 373.5 471.0 688.596051511637 493.60876141902855 0.0 0.0
577.5 148.0 376.5 515.0 689.3902949330683 535.8469473758594 0.0 0.0
561.0 147.25 382.0 514.5 678.7083766572414 535.1574999383255 0.0 0.0
531.5 148.25 390.0 513.75 659.2375379877839 534.7125108820953 0.0 0.0
500.5 132.25 400.5 483.25 641.0186791464566 501.0829661607286 0.0 0.0
469.5 101.5 410.0 375.0 623.3324461525282 388.53206344131877 0.0 0.0
435.5 104.5 400.0 364.5 591.3207681969698 379.1844965976777 0.0 0.0
436.0 105.25 409.5 364.75 598.1527553134349 379.6316909806684 0.0 0.0
451.0 106.0 414.0 364.5 612.2263938670569 379.60042216272166 0.0 0.0
474.0 106.25 407.5 364.75 625.1079389133604 379.91014867195236 0.0 0.0
506.0 168.0 415.0 208.0 654.423238620292 268.4479105181844 0.0 0.0
526.5 173.75 417.5 184.5 671.9565358893535 253.4399162475028 0.0 0.0
537.0 173.0 417.5 183.75 680.2039939471733 252.37491876530765 0.0 0.0
541.5 173.25 411.5 183.25 680.115205984726 252.1827216489596 0.0 0.0
544.0 172.0 406.0 182.0 678.8051501191057 250.4156544627352 0.0 0.0
548.0 173.5 402.5 181.0 679.9340090942212 250.72570727195364 0.0 0.0
550.0 174.0 394.0 181.0 676.5619195144884 251.0717029057636 0.0 0.0
551.5 175.0 386.0 180.75 673.163273995151 251.5876761124241 0.0 0.0
553.0 175.75 379.5 179.75 670.6936486780248 251.39262118084685 0.0 0.0
553.0 176.25 372.0 179.5 666.478425782929 251.56529280170747 0.0 0.0
550.0 176.5 367.0 178.75 661.2044530308995 251.20478687252051 0.0 0.0
542.5 176.25 361.5 178.25 651.9132043712696 250.6735925382278 0.0 0.0
537.0 177.0 358.0 177.75 645.3961961462122 250.84725261685617 0.0 0.0
542.5 177.5 360.0 176.75 651.0873634984997 250.49370240018322 0.0 0.0
557.5 177.0 363.5 175.75 665.5420815956786 249.4335444339108 0.0 0.0
570.5 177.25 361.5 174.25 675.393799603483 248.55708601668312 0.0 0.0
586.0 178.25 359.0 172.5 687.2286338006859 248.0586705020291 0.0 0.0
584.0 189.5 344.5 162.0 678.0392928148759 249.30838783273163 0.0 0.0
597.0 190.5 334.0 162.0 684.0836671866755 250.06849061807048 0.0 0.0
605.0 191.25 330.0 162.0 689.1617510365775 250.64077380178514 0.0 0.0
608.0 191.25 332.0 161.75 692.7595270731688 250.4790393088322 0.0 0.0
613.5 192.25 331.0 161.25 697.099467936632 250.92155338662315 0.0 0.0
612.0 192.0 301.0 160.5 682.3851360893718 250.24867065317397 0.0 0.0
599.375 192.0 266.5 160.25 655.9791687747258 250.08877232592232 0.0 0.0
586.5416666666667 192.0 255.83333333333331 159.25 639.9441583081411 249.4485909505082 0.0 0.0
573.7083333333333 182.75 245.16666666666669 165.75 623.9091478415564 246.86232406330964 0.0 0.0
506.5 173.5 359.5 171.5 621.1783186630854 243.9559386446659 0.0 0.0
446.0 174.0 368.0 171.5 578.2458182387038 244.31204061892635 0.0 0.0
414.5 174.5 370.0 171.5 555.6222297070036 244.6681425931868 0.0 0.0
392.5 173.5 364.0 172.0 535.3058792924658 244.30795338184308 0.0 0.0
396.5 173.5 361.0 172.5 536.2251989443332 244.65996811902025 0.0 0.0
432.5 173.25 367.0 172.5 567.2354826026581 244.48280842309168 0.0 0.0
488.5 173.0 388.0 172.75 623.8399251401286 244.48229750885426 0.0 0.0
536.5 173.25 405.0 172.0 672.2141261528948 244.13027981742465 0.0 0.0
575.0 169.5 416.5 167.0 709.998195692443 237.9491951561789 0.0 0.0
590.0 166.5 423.5 164.5 726.2591153018186 234.05691398760683 0.0 0.0
580.0 163.5 421.0 162.0 716.6875534145886 230.1667773518186 0.0 0.0
551.5 162.75 413.0 163.5 689.001807187969 230.69426128856475 0.0 0.0
513.0 161.75 399.0 163.0 649.9000292984935 229.6346968351791 0.0 0.0
474.0 160.5 387.0 162.5 611.9197881477388 228.4001389061995 0.0 0.0
452.0 160.5 382.0 163.0 591.800700816075 228.7558742415154 0.0 0.0
449.5 160.5 382.5 163.25 590.2176886460702 228.9341460314929 0.0 0.0
465.0 160.5 387.5 163.75 605.296465792753 229.2909573525216 0.0 0.0
489.0 160.5 391.5 164.5 626.4189719923284 229.82737418296932 0.0 0.0
520.0 162.0 397.0 166.0 654.2271169505993 231.94854612309473 0.0 0.0
541.5 162.0 402.0 166.5 674.4097202019304 232.30744694518995 0.0 0.0
552.0 161.5 406.5 167.0 685.5265141626196 232.31713238588324 0.0 0.0
552.5 161.5 411.0 168.0 688.6053579954785 233.037014227354 0.0 0.0
537.5 162.0 406.5 168.0 673.9143025720871 233.38408159992167 0.0 0.0
516.5 162.25 397.0 167.0 651.4456473547233 232.83920342481167 0.0 0.0
501.5 162.75 394.5 167.5 638.0695126887881 233.5467640585146 0.0 0.0
495.5 162.5 393.5 167.25 632.7423541661492 233.19271611673778 0.0 0.0
497.0 162.5 392.0 167.5 632.9873670769895 233.37202060229927 0.0 0.0
508.5 162.25 392.0 167.5 642.0564103881225 233.19808049132348 0.0 0.0
520.0 162.0 393.0 167.75 651.8053610563434 233.20397222283418 0.0 0.0
532.0 161.75 392.5 168.0 661.1209165339421 233.21096545640728 0.0 0.0
538.0 162.0 388.5 167.5 663.6085711349145 233.02521292926514 0.0 0.0
539.5 161.75 386.0 165.75 663.3673567488831 231.5950262054422 0.0 0.0
538.5 160.0 386.5 165.25 662.8458832948937 230.01708417676375 0.0 0.0
526.5 162.5 381.5 163.5 650.1949673593199 230.54507377100188 0.0 0.0
512.5 178.5 375.5 173.5 635.3397416555292 248.92669623980674 0.0 0.0
509.5 178.75 384.5 175.5 638.3028988772078 250.50368350411878 0.0 0.0
506.5 178.5 393.5 176.75 641.3927469981113 251.2027946856678 0.0 0.0
506.0 177.25 402.5 176.25 646.5618686560475 249.96324730047877 0.0 0.0
506.0 177.0 410.0 177.5 651.2572456410754 250.66985189216524 0.0 0.0
511.5 176.0 416.0 178.0 659.3101760843346 250.32080547474766 0.0 0.0
520.5 175.25 423.5 178.25 671.0238406911836 249.97124836469112 0.0 0.0
520.5 175.5 420.0 178.5 668.8204126334222 250.32478902417955 0.0 0.0
522.0 175.5 412.0 179.0 665.0049122006701 250.68181532018622 0.0 0.0
521.0 176.0 398.5 180.25 655.9310067720234 251.92527850749403 0.0 0.0
519.0 176.0 385.0 179.75 646.209142060644 251.56777555679514 0.0 0.0
518.0 178.0 372.0 179.5 637.7371400088052 252.79314873860224 0.0 0.0
518.5 173.8125 362.5 172.9375 632.6537740155892 245.20809344160512 0.0 0.0
507.5 167.5625 333.5 164.1875 607.2721261090707 234.6252643741973 0.0 0.0
511.0 161.3125 330.0 155.4375 608.2937806185461 224.0424353067895 0.0 0.0
513.5 155.0625 329.0 146.6875 609.8551807809795 213.45960623938169 0.0 0.0
515.0 176.5 329.5 166.75 611.3887782243887 242.83195378650004 0.0 0.0
515.5 176.5 332.0 186.0 613.1598134448635 256.42860686662806 0.0 0.0
515.5 177.0 340.0 187.5 617.5285274866503 257.84733935910367 0.0 0.0
513.0 178.0 350.0 190.75 621.026042125219 260.90151498982436 0.0 0.0
515.5 177.0 375.0 189.25 637.4802025880322 259.1227514014204 0.0 0.0
518.5 176.5 395.0 189.0 651.8189033529127 258.5986272198675 0.0 0.0
520.5 177.25 408.5 189.25 661.6589054514561 259.29378464620515 0.0 0.0
520.0 179.25 418.0 189.5 667.1761386620477 260.84640209510496 0.0 0.0
519.0 179.25 426.5 189.75 671.7614154043997 261.028254981849 0.0 0.0
517.5 179.5 432.5 190.0 674.4350578008273 261.3816789652456 0.0 0.0
518.0 179.25 438.5 190.5 678.6797845818012 261.5737721594751 0.0 0.0
518.0 180.5 438.0 190.0 678.3569456967728 262.06917025854074 0.0 0.0
518.0 180.5 433.0 190.0 675.1396808600148 262.06917025854074 0.0 0.0
516.5 181.75 420.5 189.75 666.0302235715835 262.7513081643193 0.0 0.0
516.5 181.75 406.0 188.0 656.970045514023 261.4901349058149 0.0 0.0
514.5 181.5 391.5 187.0 646.5161508463494 260.59810296645986 0.0 0.0
512.5 181.5 378.5 185.75 637.1174630840471 259.702412439373 0.0 0.0
510.5 182.0 366.5 184.5 628.4365520877983 259.1616290594275 0.0 0.0
503.5 182.5 337.0 183.0 605.9043645672265 258.4477703521545 0.0 0.0
504.0 182.5 322.5 183.25 598.3497533838272 258.6249091287493 0.0 0.0
504.5 181.5 318.0 183.5 596.3605119700462 258.0988289067582 0.0 0.0
508.5 174.75 319.5 172.25 600.5455949965163 245.3726906278191 0.0 0.0
508.5 171.0 321.5 172.0 601.6162510607674 242.53969349299686 0.0 0.0
506.5 167.5 324.5 173.0 601.536524212807 240.80153454119642 0.0 0.0
461.25 167.5 204.05 172.0 504.8925407116095 240.0841067488338 0.0 0.0
480.25 167.25 248.25 170.25 541.9743681573066 238.65900470630856 0.0 0.0
499.25 167.0 292.45 169.25 579.0561956030037 237.77004650700871 0.0 0.0
518.5 166.5 374.0 167.75 639.3250967074107 236.35269676246932 0.0 0.0
521.5 165.5 394.5 166.5 653.9056030656614 234.7605162713696 0.0 0.0
525.0 166.25 410.0 166.25 666.1269358835402 235.114068062995 0.0 0.0
525.0 167.0 421.5 166.0 673.2668728971535 235.46761985462035 0.0 0.0
525.0 165.5 432.0 166.0 679.8889649624259 234.40643203068768 0.0 0.0
525.5 164.25 441.5 166.75 686.3476423916259 234.0592873458981 0.0 0.0
527.0 164.0 452.5 167.5 694.6115841791498 234.41923478995352 0.0 0.0
528.5 163.5 461.0 168.5 701.3083430097677 234.7860728407884 0.0 0.0
528.0 163.5 461.0 168.25 700.9325124638422 234.60678348105262 0.0 0.0
525.0 162.5 457.5 167.75 696.3719015459494 233.5515847873943 0.0 0.0
520.5 162.25 453.0 167.5 690.0222049680963 233.19808049132348 0.0 0.0
519.5 162.0 449.5 167.25 686.975558680402 232.8445677993974 0.0 0.0
505.0 162.5 433.5 166.5 665.5487849307615 232.65639885054193 0.0 0.0
501.5 163.25 423.5 165.25 656.3952276316356 232.28888265397728 0.0 0.0
500.0 164.5 413.5 165.5 648.8341152929072 233.34630916301205 0.0 0.0
498.5 164.75 401.5 166.25 640.0827014678669 234.055019759611 0.0 0.0
499.0 245.0 385.0 216.5 630.2716843113711 327.03455267203213 0.0 0.0
493.0 389.5 358.5 277.0 609.5676514988224 478.2196583215798 0.0 0.0
490.0 509.0 345.5 337.75 599.5585183965516 610.8651831160832 0.0 0.0
487.5 501.25 332.5 345.0 590.0953985366806 608.6989012041514 0.0 0.0
485.0 530.0 322.0 342.0 582.1589298455763 630.7646329722527 0.0 0.0
484.5 506.75 321.0 337.0 581.1895300030853 608.6529574900228 0.0 0.0
492.0 514.5 346.5 340.25 601.7862846975042 616.8319727333028 0.0 0.0
496.5 514.0 379.5 346.5 624.929456670946 619.8858135875031 0.0 0.0
500.0 513.75 409.0 347.25 645.9742216202538 620.098174077329 0.0 0.0
505.5 513.25 436.0 348.25 667.5542705137731 620.2452773746913 0.0 0.0
508.0 512.0 452.5 349.0 680.3111736776194 619.632955869844 0.0 0.0
511.5 512.25 458.5 349.0 686.9183607396326 619.8395617528854 0.0 0.0
519.5 511.75 456.5 348.5 691.5725420651811 619.1450713724947 0.0 0.0
530.0 511.75 440.0 347.0 688.8522043250875 618.3021389042938 0.0 0.0
539.5 511.25 415.5 344.25 680.9639825287288 616.3506499953355 0.0 0.0
549.5 512.5 390.0 340.5 673.8338443902501 615.3050247436815 0.0 0.0
557.0 512.25 375.0 339.0 671.4715320596771 614.2646518474894 0.0 0.0
567.0 512.5 369.0 339.0 676.498352855313 614.4732898255086 0.0 0.0
572.0 512.75 373.0 339.25 682.8728168076426 614.8195907155484 0.0 0.0
576.0 514.5 391.5 341.0 696.4627135687358 617.2451381753241 0.0 0.0
590.0 516.0 426.0 343.75 727.7301537788202 620.0178897788264 0.0 0.0
607.5 497.5 469.5 310.75 767.7865457502141 586.8793070675458 0.0 0.0
608.75 478.375 516.25 283.625 798.8099746294788 556.2313432921907 0.0 0.0
610.5 477.54166666666663 560.5 292.45833333333337 828.7770923572645 560.1047274467787 0.0 0.0
591.0 476.70833333333337 569.0 301.29166666666663 820.3913717711359 563.9781116013669 0.0 0.0
595.0 465.0 539.0 340.75 803.1973285905447 576.505525247376 0.0 0.0
590.5 510.0 493.5 338.5 769.5698628849555 612.1227905077453 0.0 0.0
583.0 511.75 453.0 342.75 738.3250708890964 615.9266435617915 0.0 0.0
590.5 510.75 409.0 338.25 718.335723787123 612.5998938587032 0.0 0.0
609.0 510.5 372.0 334.75 713.6330787243786 610.4661376136482 0.0 0.0
621.5 511.5 341.5 338.5 709.1456637244175 613.3642844343294 0.0 0.0
600.5 513.75 307.5 343.25 674.7312257719873 617.8674644634509 0.0 0.0
573.5 516.0 286.0 346.5 640.8650759748316 621.5462981424789 0.0 0.0
568.0 515.25 284.0 350.25 635.0447228352447 623.0246730268765 0.0 0.0
555.5 513.75 297.5 353.25 630.1570854450317 623.4787187418649 0.0 0.0
538.5 511.0 336.5 355.0 635.0165859330468 622.2105752878201 0.0 0.0
528.5 503.75 373.0 343.0 646.896057077464 609.4598242070749 0.0 0.0
518.0 497.75 397.0 332.5 652.6444339647062 598.5913632193243 0.0 0.0
520.25 497.25 414.5 331.25 665.2153960130781 597.4814971667086 0.0 0.0
519.0 495.0 422.25 330.5 669.0790377787591 595.1934719875567 0.0 0.0
515.0 492.0 406.25 328.5 655.9796542585144 591.5879216953185 0.0 0.0
515.3 490.5 380.6 326.5 641.4327857026401 589.230446741175 0.0 0.0
514.5 489.0 329.0 324.5 613.0706379779512 586.8742825915026 0.0 0.0
513.7 488.5 277.4 322.5 584.7084902532622 585.3534608369157 0.0 0.0
517.0 488.5 259.75 320.5 578.6085591418639 584.2537975914234 0.0 0.0
524.5 487.0 263.75 326.0 587.0934103075151 586.0483591097191 0.0 0.0
529.0 486.0 285.25 329.5 601.0642219495289 587.1685746792706 0.0 0.0
524.75 485.0 325.0 331.5 617.4384354060176 587.4668075729896 0.0 0.0
514.5 485.0 366.5 333.5 631.8391271055455 588.5976979227833 0.0 0.0
500.25 484.5 395.5 336.0 637.7637306951033 589.6068739920967 0.0 0.0
490.75 485.0 419.5 336.0 645.6167155615817 590.0177963417714 0.0 0.0
479.5 484.5 409.25 336.5 630.4110901938643 589.8919392566744 0.0 0.0
484.75 485.5 394.5 336.5 625.0451366174011 590.7135515628535 0.0 0.0
504.0 487.5 378.25 335.0 630.1995922708846 591.5088996049546 0.0 0.0
528.0 486.5 373.5 326.0 646.7512669907685 585.6276997995545 0.0 0.0
544.75 486.5 388.25 322.5 668.9721899455592 583.6854235625594 0.0 0.0
542.75 487.5 398.0 320.5 673.0632882199312 583.4183571984122 0.0 0.0
531.25 489.0 398.0 319.5 663.8007667993417 584.124494611626 0.0 0.0
519.5 489.5 390.0 319.0 649.6094873398047 584.2704441487665 0.0 0.0
509.25 489.5 376.5 319.0 633.3473441629415 584.2699072549794 0.0 0.0
503.25 489.5 349.25 319.0 612.6650763554601 584.2698434798771 0.0 0.0
513.5 489.5 341.0 319.0 616.4206888022818 584.2699072549794 0.0 0.0
534.125 489.0 360.08333333333337 320.5 644.4557645150437 584.6719165480757 0.0 0.0
538.625 489.25 392.41666666666663 321.0 667.3056328920075 585.1552092949858 0.0 0.0
543.125 488.25 424.75 321.75 690.1555012689712 584.7321680980708 0.0 0.0
547.0 488.25 453.5 323.5 710.5498870956776 585.6968467355797 0.0 0.0
530.0 488.0 461.5 325.25 702.7683440333194 586.4568890896994 0.0 0.0
501.79999999999995 488.25 398.85 326.5 642.9186466002466 587.3587596193918 0.0 0.0
468.20000000000005 487.5 320.65 327.5 569.6380308110517 587.2929264384129 0.0 0.0
479.5 485.5 320.5 327.0 577.4547790865346 585.3540193922684 0.0 0.0
512.0 483.75 405.25 326.25 653.3787475462364 583.4836166920134 0.0 0.0
512.5 482.25 433.0 324.25 670.9309517726562 581.1229913741606 0.0 0.0
511.0 480.0 457.5 322.25 685.8777231333814 578.1393143209912 0.0 0.0
515.5 479.0 489.5 321.25 710.8815307104594 576.751771223571 0.0 0.0
522.0 478.75 504.0 321.25 725.6039276716849 576.5442266954147 0.0 0.0
528.0 478.5 490.5 321.5 720.7054652086196 576.4759318479827 0.0 0.0
528.5 478.25 447.0 322.25 692.2010094600989 576.6877015799631 0.0 0.0
531.0 478.75 406.5 323.25 668.7503899594558 577.6609474026811 0.0 0.0
545.5 479.75 389.5 323.5 670.2958986914823 578.6297019991464 0.0 0.0
554.0 480.0 393.5 323.25 679.528388324071 578.6973349680504 0.0 0.0
556.5 480.5 401.5 322.75 686.2176509075186 578.8331517618622 0.0 0.0
551.0 480.75 398.5 322.0 680.00527917411 578.6230541925772 0.0 0.0
538.5 481.5 394.5 320.5 667.551425995872 578.4137792272933 0.0 0.0
521.5 481.0 379.0 321.0 644.6778254175181 578.2750376236804 0.0 0.0
518.0 482.5 372.0 320.5 637.7406257124701 579.2464932997005 0.0 0.0
502.0 482.5 340.0 320.5 606.3043379000164 579.2464932997005 0.0 0.0
501.0 482.75 332.5 319.5 601.2964497257892 578.9022642359951 0.0 0.0
493.0 482.75 321.0 319.75 588.2942167666857 579.0403656459116 0.0 0.0
493.0 483.75 327.5 318.75 591.8806018307503 579.3235235427851 0.0 0.0
494.0 485.0 336.0 317.5 597.43822872566 579.6820249067587 0.0 0.0
495.0 487.5 352.5 320.75 607.6878103696049 583.556016994225 0.0 0.0
485.5 490.0 353.5 319.75 600.5601954092663 585.0988239766732 0.0 0.0
468.0 457.0 349.0 311.5 583.8022725948131 553.1661807280155 0.0 0.0
454.0 387.17857142857144 347.0 243.21428571428572 571.4237080972765 463.7559318243732 0.0 0.0
457.0 332.75 343.0 161.5 571.4000698323937 381.7426608535199 0.0 0.0
476.5 278.32142857142856 338.0 79.7857142857143 584.2057289037289 299.7293898826666 0.0 0.0
493.5 144.25 332.5 80.0 595.0619059772763 194.31485445505712 0.0 0.0
491.5 203.25 326.0 171.5 589.7889451029919 266.4584017680299 0.0 0.0
491.5 192.5 326.0 191.0 589.7893306629845 271.17957225921907 0.0 0.0
502.0 194.25 334.0 189.5 602.959513296506 271.37584442105776 0.0 0.0
510.5 194.25 339.5 189.25 613.0878565646041 271.198727833955 0.0 0.0
512.5 194.0 348.0 189.25 619.5028146670527 271.0209355522795 0.0 0.0
505.5 193.0 358.0 167.25 619.4306882784088 255.38587167360424 0.0 0.0
472.07142857142856 193.0 362.92857142857144 164.0 597.4636399223741 253.26883903323576 0.0 0.0
425.5 193.75 367.5 164.5 565.38619813672 254.16452801675484 0.0 0.0
378.92857142857144 194.25 372.07142857142856 165.0 533.308756351066 254.86876759383432 0.0 0.0
342.5 196.25 375.0 164.75 507.8699080301394 256.23637303945475 0.0 0.0
353.5 196.75 368.0 164.75 510.280560084352 256.6188789394539 0.0 0.0
266.0 196.75 413.5 164.75 493.46446805739794 256.6188789394539 0.0 0.0
180.79166666666669 165.75 320.46153846153845 156.25 386.23595022156013 227.79742188782325 0.0 0.0
65.95833333333334 165.0 362.3076923076923 157.0 434.56891324780435 227.75890496960136 0.0 0.0
-48.874999999999986 166.75 404.1538461538462 156.5 482.90187627404856 228.68723169607972 0.0 0.0
-163.70833333333331 167.5 446.0 156.25 531.2348393002928 229.06571915450127 0.0 0.0
-278.54166666666663 167.75 487.8461538461538 155.5 579.567802326537 228.7364015299978 0.0 0.0
-393.37499999999994 167.25 529.6923076923077 154.75 627.9007653527813 227.86019824958422 0.0 0.0
-423.5 167.5 571.5384615384615 153.0 676.2337283790255 226.86208766892216 0.0 0.0
-248.0 166.75 598.0 153.0 647.80537648566 226.30640969122626 0.0 0.0
-219.0 167.75 581.5 151.5 621.6937068999341 226.03672848294866 0.0 0.0
-170.5 168.0 589.0 150.0 613.2793931957083 225.2198925494816 0.0 0.0
-124.5 168.0 588.5 149.5 601.5254097292946 224.88750413916893 0.0 0.0
-6.0 167.75 582.5 149.0 586.5329537236412 224.3682019878339 0.0 0.0
211.75 167.5 518.0 148.25 573.063581792414 223.684214726734 0.0 0.0
364.75 167.25 446.0 147.75 611.7935580840948 223.16529641233416 0.0 0.0
517.75 165.0 374.0 151.0 650.5235343757756 223.66492796144863 0.0 0.0
517.5 164.0 350.0 153.5 624.7473738234878 224.63158534530817 0.0 0.0
497.5 162.5 352.0 156.0 609.4583476005466 225.2629350024191 0.0 0.0
487.5 162.25 340.0 158.5 594.3571777700924 226.82007401501534 0.0 0.0
490.0 162.25 331.5 160.0 591.6014889939358 227.8713229527827 0.0 0.0
495.0 162.75 342.0 160.5 601.6586575044944 228.57842208548783 0.0 0.0
505.5 163.5 357.0 159.5 618.8551448983392 228.41328353622475 0.0 0.0
508.0 163.0 352.0 160.0 618.0355976802631 228.405609997912 0.0 0.0
508.0 162.25 342.5 159.75 612.6759313533007 227.69524590455217 0.0 0.0
511.5 162.0 355.0 159.75 622.6358950260749 227.5172393183875 0.0 0.0
509.5 163.75 365.5 160.0 627.0411349681119 228.94177695854984 0.0 0.0
513.0 163.5 372.0 161.0 633.682253219193 229.46295997393565 0.0 0.0
515.0 171.25 375.5 160.5 637.3582039383032 234.75866196166234 0.0 0.0
513.0 179.75 376.5 165.5 636.3343095682924 244.3370644227785 0.0 0.0
457.22727272727275 180.25 370.6363636363636 168.75 597.395027755504 246.91525074804224 0.0 0.0
380.8636363636364 181.0 360.8181818181818 170.75 542.6802850701347 248.8304554706305 0.0 0.0
304.5 180.75 351.0 171.0 487.96554238476546 248.82040113088868 0.0 0.0
228.13636363636365 180.5 341.1818181818182 171.0 433.2507996993962 248.6387942377456 0.0 0.0
151.77272727272728 181.0 331.3636363636364 170.25 378.53605701402694 248.48763351013383 0.0 0.0
58.0 180.0 328.0 168.0 335.0977156440689 246.220573233117 0.0 0.0
-91.25 179.0 315.25 165.0 375.68992577760815 243.44609429355796 0.0 0.0
-241.58333333333334 179.0 292.91666666666663 164.0 433.0159184302353 242.76943991041588 0.0 0.0
-391.9166666666667 178.25 270.58333333333337 163.25 490.34191108286245 241.70979550009838 0.0 0.0
-594.0 179.25 264.5 163.25 650.2662922009956 242.4481909031222 0.0 0.0
-602.875 179.0 275.625 164.0 662.8933788599181 242.77046576055977 0.0 0.0
-543.5 180.25 276.0 165.75 609.5885928683739 244.87390579913193 0.0 0.0
-517.5 181.0 291.5 166.5 593.9598710325893 245.9337012566194 1.0 0.0
-519.0 182.0 286.5 166.5 592.9880935747576 246.67051644780844 1.0 0.0
-522.5 178.640625 277.0 166.875 591.3854486408011 244.45895869336655 1.0 0.0
-512.0 173.203125 273.0 162.375 580.2375514958218 237.41713609003958 1.0 0.0
-507.0 167.765625 275.0 157.875 576.7796569539184 230.3753134867126 1.0 0.0
-508.5 162.328125 281.5 153.375 581.2182820220964 223.33349088338562 1.0 0.0
-509.0 156.890625 281.5 148.875 581.6595526983622 216.29166828005864 1.0 0.0
-509.5 151.453125 287.0 144.375 584.7747356966147 209.24984567673164 1.0 0.0
-507.0 146.015625 288.5 139.875 583.336471387169 202.20802307340466 1.0 0.0
-503.5 140.578125 290.0 135.375 581.0441569068728 195.16620047007768 1.0 0.0
-499.5 154.0 293.0 112.0 579.0935278517031 192.2515247600467 1.0 0.0
-482.5 138.0 292.0 107.0 563.9776329282311 175.46571431555037 1.0 0.0
-467.5 163.25 283.5 134.5 546.7442099673772 211.55885668070698 1.0 0.0
-463.0 158.25 284.0 130.0 543.1621013535391 204.80543005592156 1.0 0.0
-458.5 154.3409090909091 282.5 113.29545454545455 538.5430055174552 191.8849483293752 1.0 0.0
-456.0 157.70454545454544 284.5 102.47727272727273 537.4720922987536 189.81964810863798 1.0 0.0
-457.5 161.0681818181818 286.5 91.6590909090909 539.8043920664287 187.7543478879008 1.0 0.0
-467.5 164.4318181818182 291.0 80.8409090909091 550.6705355219374 185.68904766716355 1.0 0.0
-477.5 167.79545454545456 297.5 70.02272727272727 562.5946850354995 183.62374744642636 1.0 0.0
-477.0 171.1590909090909 298.5 59.20454545454545 562.7002145082567 181.55844722568915 1.0 0.0
-474.5 175.25 296.5 140.25 559.5199462069911 224.62988257134052 1.0 0.0
-473.0 174.25 297.5 164.5 558.7802080112336 239.66721359740177 1.0 0.0
-475.0 173.5 298.0 172.5 560.7397530114974 244.66097818980535 1.0 0.0
-479.5 135.5 296.5 165.0 563.7667723964707 214.53576166154602 1.0 0.0
-482.5 84.25 295.0 148.5 565.5366677057543 170.73669477561737 1.0 0.0
-482.0 86.25 292.5 148.5 563.8094938688905 171.73270480448184 1.0 0.0
-479.0 87.5 270.0 148.5 549.857472711393 172.36162946863004 1.0 0.0
-474.0 87.75 269.0 148.0 545.0110090631198 172.0583644020048 1.0 0.0
-473.0 87.0 272.5 149.5 545.8802524363746 172.9731694817745 1.0 0.0
-475.5 86.75 275.5 150.25 549.5457214827534 173.49534106848722 1.0 0.0
-478.0 87.0 275.0 150.75 551.4607873638886 174.0533772020819 1.0 0.0
-477.0 87.0 295.5 151.0 561.1410963680592 174.26990560621763 1.0 0.0
-477.0 87.5 300.0 152.0 563.4971162304205 175.38653818120312 1.0 0.0
-476.0 94.5 299.5 148.0 562.3848552155332 175.80119159991898 1.0 0.0
-477.0 133.5 298.5 125.5 562.7001240876796 183.2280013441931 1.0 0.0
-477.0 133.5 298.5 124.5 562.7002145082567 182.54451678345913 1.0 0.0
-480.0 132.75 298.5 124.5 565.245547420718 181.99752608292744 1.0 0.0
-482.0 131.5 297.5 124.5 566.418854706136 181.08735966738612 1.0 0.0
-482.0 131.5 300.0 126.25 567.7359155501581 182.29680628314648 1.0 0.0
-477.5 132.25 305.0 128.0 566.5962605262804 184.04914791616235 1.0 0.0
-465.5 132.25 313.0 129.5 560.9450310301513 185.09549722633164 1.0 0.0
-441.0 132.5 322.5 130.0 546.3401067007899 185.62429092440934 1.0 0.0
-237.49999999999997 132.25 303.75 131.0 416.7097808300556 186.14871644710314 0.0 0.0
3.0 132.5 273.0 132.0 275.60438138240346 187.03141446883546 0.0 0.0
74.5 132.5 252.5 131.5 263.26129124539193 186.67786171234187 0.0 0.0
100.5 132.75 241.0 131.5 262.6246840852699 186.85514029425713 0.0 0.0
119.0 135.15 226.5 129.1 255.90212522585244 187.0978517585941 0.0 0.0
271.65 145.75 236.5 127.5 383.7880183657145 194.39277384650953 0.0 0.0
485.84999999999997 156.35 256.5 125.9 565.1634657699328 201.687695934425 0.0 0.0
637.5 166.95 300.5 124.30000000000001 705.4152605621589 208.98261802234043 0.0 0.0
614.5 177.55 322.5 122.69999999999999 694.0458611619566 216.27754011025587 0.0 0.0
657.0 192.5 360.5 120.0 749.444109431832 226.89429947020963 0.0 0.0
640.0 199.5 383.5 132.0 746.565229319009 239.21917758525535 0.0 0.0
550.0 201.0 365.5 148.0 660.3720290565368 249.64390806822354 0.0 0.0
524.5 201.25 372.5 157.25 643.3669746037559 255.40078108758632 0.0 0.0
468.08333333333337 201.25 381.41666666666663 156.0 610.8565923391942 254.6344674361499 0.0 0.0
393.52777777777777 199.0 380.6388888888889 157.25 560.7190974915345 253.63404454156773 0.0 0.0
318.9722222222222 125.75 379.8611111111111 129.25 510.5816026438748 180.43310630831408 0.0 0.0
244.41666666666666 116.25 379.08333333333337 124.25 460.4441077962151 170.16630204336388 0.0 0.0
153.0 117.75 372.5 124.75 403.85782079037216 171.55055991578786 0.0 0.0
-29.375000000000007 117.25 328.875 125.75 417.97053020264605 171.93530360350468 0.0 0.0
-225.20833333333334 116.5 278.70833333333337 127.0 462.0983639124754 172.34083741308305 0.0 0.0
-421.0416666666667 116.25 228.54166666666669 126.0 506.22619762230477 171.4353715553343 0.0 0.0
-530.5 116.0 256.0 125.0 589.0492361268031 170.53186117977117 0.0 0.0
-514.0 116.25 249.5 122.0 571.3548618243553 168.5180675247284 1.0 0.0
-458.5 116.5 234.0 121.25 514.7657357646302 168.1482753460383 1.0 0.0
-448.5 114.75 249.0 118.75 512.9868689494303 165.1340627345573 1.0 0.0
-497.5 113.75 277.0 117.75 569.4219968791424 163.72000939837045 1.0 0.0
-506.5 113.5 285.0 117.0 581.1774685928559 163.00690169437613 1.0 0.0
-506.5 115.5 286.5 115.5 581.9164321001111 163.34204908897658 1.0 0.0
-503.0 115.75 286.0 117.5 578.6235295273525 164.93961751059678 1.0 0.0
-499.5 117.0 278.5 119.25 571.8938356784931 167.0616447747683 1.0 0.0
-493.0 117.0 270.5 120.0 562.3338245205545 167.59809616014712 1.0 0.0
-479.5 116.75 261.0 120.5 545.940231099464 167.78213473927997 1.0 0.0
-466.5 117.5 263.0 121.5 535.5297867790719 169.02218789259592 1.0 0.0
-377.70833333333337 118.25 264.25 122.75 541.783066055598 170.44280552852328 1.0 0.0
-262.65277777777777 118.0 269.25 123.0 554.6614466681581 170.4494059831245 1.0 0.0
-147.5972222222222 118.25 274.25 122.5 567.5398272807181 170.2632971709112 1.0 0.0
-32.54166666666666 116.75 279.25 120.5 580.4182078932781 167.78214707324247 1.0 0.0
82.51388888888891 115.5 284.25 118.75 593.2965885058381 165.65578637736368 1.0 0.0
197.56944444444446 116.5 289.25 120.5 606.1749691183982 167.60855950327618 0.0 0.0
312.625 117.5 294.25 120.25 619.0533497309582 168.1267256724177 0.0 0.0
427.68055555555554 118.0 299.25 120.25 631.9317303435184 168.47579398787735 0.0 0.0
542.7361111111111 118.5 304.25 121.5 644.8101109560785 169.71926268121103 0.0 0.0
660.5 119.25 327.5 121.5 737.6897228687405 170.24348543804786 0.0 0.0
632.5 120.5 333.0 121.5 714.8052887961245 171.12277504966363 0.0 0.0
598.0 122.25 343.0 121.75 689.388850577546 172.5347761440443 0.0 0.0
568.0 123.0 350.5 121.75 667.4443997587983 173.06673299403195 0.0 0.0
550.0 121.75 355.5 121.5 654.8915193476425 172.00390601901677 0.0 0.0
548.0 120.5 356.0 122.25 653.4836871887693 171.65543888207242 0.0 0.0
548.0 120.75 355.5 123.0 653.2140189832164 172.36471311410227 0.0 0.0
543.0 120.0 362.0 123.25 652.6053112795087 172.0191643833203 0.0 0.0
542.5 119.25 358.5 123.75 650.2527016396141 171.85640821002988 0.0 0.0
542.5 117.925 355.5 122.425 648.6040209054793 170.01763239406773 0.0 0.0
540.5 111.625 355.5 112.125 646.9328176651123 158.36278293614427 0.0 0.0
537.0 105.325 357.5 101.825 645.1171921547557 146.7079334782208 0.0 0.0
528.0 99.025 364.5 91.52499999999999 641.5965905926631 135.05308402029732 0.0 0.0
527.0 92.725 377.0 81.225 647.9647664166357 123.39823456237384 0.0 0.0
524.5 103.5 380.0 101.75 647.6901452333802 145.4492046557648 0.0 0.0
523.0 121.5 384.5 104.5 649.1299859189301 160.41975907659798 0.0 0.0
520.5 121.0 380.0 112.0 644.4567155360148 164.94214308240518 0.0 0.0
508.0 124.25 355.5 118.25 620.0364004667442 171.52775365931814 0.0 0.0
510.5 124.25 351.0 120.25 619.5250196723293 172.91226017797524 0.0 0.0
512.0 121.75 348.5 119.75 619.3518649183961 170.79551497861655 0.0 0.0
512.5 120.25 345.5 121.5 618.0829232392689 170.94618059818907 0.0 0.0
512.0 121.25 342.5 121.0 615.9953955079628 171.29753046535689 0.0 0.0
511.5 123.0 338.5 122.0 613.3634109224854 173.24260448379857 0.0 0.0
511.5 122.5 338.0 121.5 613.0874733673817 172.53550359273885 0.0 0.0
510.0 123.25 339.0 122.25 612.3896444337913 173.5975891516102 0.0 0.0
510.0 124.75 341.5 121.75 613.7774280294045 174.32050051095842 0.0 0.0
510.0 167.75 344.5 106.5 615.4516487280653 198.70269595203973 0.0 0.0
510.0 171.75 347.0 106.5 616.8542541715624 202.08990538282507 0.0 0.0
508.5 171.0 348.0 105.75 616.178748416399 201.05937942043573 0.0 0.0
508.0 169.25 348.0 102.25 615.7663275557745 197.7394443056584 0.0 0.0
508.0 149.5 349.0 85.25 616.3319561411292 172.1009877915032 0.0 0.0
507.5 156.5 350.0 91.5 616.4870233832988 181.28577478666168 0.0 0.0
506.5 156.0 350.5 92.25 615.9485213489725 181.2357137747562 0.0 0.0
506.0 158.0 354.5 94.75 617.8238683542887 184.2324848357016 0.0 0.0
504.5 158.25 356.0 94.0 617.4595801380426 184.06270344817386 0.0 0.0
504.5 168.25 358.0 103.0 618.6147945376656 197.2749947044136 0.0 0.0
520.0 171.5 387.5 106.0 648.5033593147831 201.61428298950835 0.0 0.0
519.0 171.0 387.5 105.0 647.7016369583016 200.6638980982877 0.0 0.0
520.0 136.0 385.5 100.0 647.310135354455 168.84502869574155 0.0 0.0
520.5 132.5 384.0 99.0 646.8201149729973 165.40103332638046 0.0 0.0
520.0 132.0 383.0 100.25 645.8244049861805 165.75313613147188 0.0 0.0
518.5 131.0 381.5 97.5 643.7270472206633 163.30110226204843 0.0 0.0
518.0 128.40384615384616 380.5 94.15384615384616 642.731864777218 159.26413674927258 0.0 0.0
516.5 124.9423076923077 380.0 89.6923076923077 641.2272123029313 153.88151606557145 0.0 0.0
517.0 121.48076923076923 382.0 85.23076923076923 642.8165848154883 148.49889538187028 0.0 0.0
516.5 118.01923076923077 384.0 80.76923076923077 643.6056634306444 143.11627469816915 0.0 0.0
515.0 114.5576923076923 385.0 76.3076923076923 643.0009023112759 137.73365401446802 0.0 0.0
514.0 111.09615384615384 386.5 71.84615384615384 643.1004975896069 132.35103333076688 0.0 0.0
515.0 122.5 389.0 77.5 645.4038729207732 144.95694108716003 0.0 0.0
515.0 136.75 390.0 83.25 646.0070888806082 160.15900234981777 0.0 0.0
516.0 139.25 392.5 89.75 648.3149311869965 165.69573489007482 0.0 0.0
508.0 141.75 374.5 94.5 631.2013021767857 170.3637088081471 0.0 0.0
501.5 142.25 356.5 100.75 615.3007281942953 174.314739888798 0.0 0.0
502.0 141.25 356.5 99.75 615.7079258869419 172.92373690146212 0.0 0.0
502.0 142.75 356.0 102.5 615.4186919030835 175.7384529836743 0.0 0.0
503.0 143.5 354.5 102.5 615.3693338425945 176.34766797437385 0.0 0.0
502.625 143.5 354.75 103.5 615.2070238795933 176.93077742439272 0.0 0.0
503.75 143.5 354.5 103.5 615.9826442853728 176.93077742439272 0.0 0.0
504.0 142.5 352.5 103.5 615.0385499130307 176.12069725049352 0.0 0.0
504.25 142.5 352.0 102.0 614.9569765255562 175.24387380335568 0.0 0.0
504.5 141.5 351.25 102.0 614.7334311341597 174.43169011125016 0.0 0.0
504.5 140.0 349.75 98.5 613.8775874806645 171.17982084617805 0.0 0.0
504.75 137.5 348.25 94.5 613.2301374980317 166.8429394016863 0.0 0.0
505.0 124.0 347.5 79.5 613.0099917619614 147.30050824607704 0.0 0.0
505.0 102.0 347.5 59.5 613.0099917619614 118.10243161642717 0.0 0.0
508.5 86.0 350.5 34.0 617.5950171283555 92.85547938136028 0.0 0.0
513.25 113.5 362.25 61.0 628.2124199491295 130.27737187429932 0.0 0.0
513.75 141.5 363.75 98.5 629.4865714932585 172.41356617005596 0.0 0.0
514.0 97.0 366.0 58.0 630.9929998731695 114.38291498652127 0.0 0.0
511.5 123.0 363.0 108.5 627.2186467883635 165.10019629767407 0.0 0.0
507.75 105.475 357.75 104.525 621.1254143013313 150.73848902771795 0.0 0.0
506.5 108.775 356.0 89.225 619.0947019640856 144.88450293769898 0.0 0.0
506.0 112.075 355.5 73.925 618.3981442463632 139.03051684768002 0.0 0.0
505.5 115.375 354.0 58.625 617.1274179616395 133.17653075766106 0.0 0.0
504.5 118.675 353.5 43.324999999999996 616.021645460545 127.3225446676421 0.0 0.0
503.0 151.0 354.5 69.5 615.3695925550421 167.05578778281887 0.0 0.0
504.75 144.5 360.25 92.5 620.1268073230581 171.83635668552432 0.0 0.0
508.25 147.0 369.0 103.5 628.0765883907031 179.8698370038211 0.0 0.0
509.25 140.0 372.75 113.0 631.0930557385735 179.9152421828092 0.0 0.0
510.5 143.5 376.25 114.5 634.1725443557552 183.5824065644636 0.0 0.0
512.25 144.5 379.5 113.5 637.5113654874159 183.75111302555422 0.0 0.0
512.375 144.25 381.375 112.75 638.7292331049392 183.0873951832255 0.0 0.0
512.0 144.75 381.0 111.5 638.2045126759916 182.71527526822672 0.0 0.0
507.0 145.5 379.0 112.0 633.0010768013525 183.6144057529256 0.0 0.0
504.0 145.75 376.5 111.5 629.1011526525813 183.5091657780278 0.0 0.0
502.0 146.25 377.0 111.0 627.8001595101283 183.60306463598386 0.0 0.0
500.5 191.08333333333331 376.5 143.0 626.3006544782006 239.3566625482232 0.0 0.0
499.5 265.41666666666663 376.0 163.0 625.2010400043471 313.15216797538284 0.0 0.0
498.5 339.75 376.0 183.0 624.4023868099628 386.9476734025425 0.0 0.0
502.0 430.25 389.0 255.25 635.1177132521043 501.2726811333222 0.0 0.0
505.5 472.0 402.5 324.0 646.170814646618 572.5113073255982 0.0 0.0
505.5 484.0 404.5 332.0 647.4184099872583 586.9250006988211 0.0 0.0
504.5 488.5 403.0 336.75 645.7005885083271 593.323557696322 0.0 0.0
505.0 491.75 402.0 336.25 645.4681223509042 595.7207497423728 0.0 0.0
503.5 498.75 401.5 339.25 643.9833121066042 603.1940109854634 0.0 0.0
503.0 504.0 400.0 343.5 642.6578818857248 609.9249303856402 0.0 0.0
502.5 501.5 398.5 344.25 641.3334518973948 608.2849264115146 0.0 0.0
501.5 503.75 396.5 344.75 639.3079040358169 610.4233548981678 0.0 0.0
500.5 504.75 396.0 346.0 638.2133316553097 611.9547225734256 0.0 0.0
499.0 505.5 395.0 347.0 636.4165302692884 613.1389158030576 0.0 0.0
498.0 504.75 393.5 347.0 634.701701589022 612.5206792904687 0.0 0.0
497.0 499.0 391.5 342.5 632.6779625308513 605.2332620003128 0.0 0.0
497.5 493.25 389.5 327.75 631.835823061906 592.2129745391908 0.0 0.0
496.0 493.25 387.0 331.0 629.1145321819677 594.0225430670064 0.0 0.0
488.5 491.25 374.0 330.25 615.2488385208311 591.9395503094021 0.0 0.0
480.0 489.0 355.5 325.5 597.3108487211663 587.4276713039083 0.0 0.0
479.0 486.5 355.5 322.5 596.5075439590014 583.6852916911064 0.0 0.0
480.0 486.5 355.5 323.0 597.3109228501737 583.9633388570215 0.0 0.0
481.0 487.75 355.5 324.5 598.1147465160844 585.8335977572124 0.0 0.0
481.0 488.25 356.0 322.25 598.4122003445617 585.0099449896325 0.0 0.0
481.5 489.25 357.5 325.25 599.7070858686959 587.4975415811388 0.0 0.0
485.0 491.0 368.0 326.0 608.8304762888013 589.370586646776 0.0 0.0
493.5 494.5 397.5 327.5 633.6787169827418 593.115940020836 0.0 0.0
495.0 498.0 401.0 327.5 637.0447394021867 596.0372599007726 0.0 0.0
495.0 499.5 401.0 328.25 637.0447394021867 597.7025649515463 0.0 0.0
494.0 499.5 400.0 328.75 635.6382619068805 597.9773040087367 0.0 0.0
494.5 502.0 399.5 328.5 635.7126699466323 599.9314851951856 0.0 0.0
496.0 503.5 399.5 327.5 636.8804787873764 600.6402214930267 0.0 0.0
497.0 508.75 398.5 327.0 637.033162402084 604.7816492538939 0.0 0.0
472.5 511.75 395.0 328.25 615.8581443473599 607.9771741657104 0.0 0.0
472.0 513.0 395.0 329.5 615.4746136113171 609.7042914520872 0.0 0.0
472.0 512.0 394.5 329.25 615.1538425467243 608.7280128165623 0.0 0.0
471.5 513.5 394.5 329.75 614.7703660276406 610.2603630963403 0.0 0.0
470.0 512.5 393.5 325.0 612.9781806883504 606.8701487055364 0.0 0.0
469.0 513.0 393.0 321.0394736842105 611.8905130822017 605.175769582982 0.0 0.0
469.0 511.0 393.0 319.0921052631579 611.8905130822017 602.4497210475255 0.0 0.0
469.0 509.0 393.0 317.14473684210526 611.8905130822017 599.7236725120691 0.0 0.0
470.5 507.0 392.0 315.1973684210526 612.4004000651861 596.9976239766127 0.0 0.0
470.0 505.0 392.5 313.25 612.3367129284345 594.2715754411563 0.0 0.0
471.0 503.0 392.5 311.3026315789474 613.1045995586724 591.5455269057 0.0 0.0
472.5 501.0 392.5 309.35526315789474 614.257765172526 588.8194783702435 0.0 0.0
473.5 499.0 392.0 307.4078947368421 614.708667260702 586.0934298347871 0.0 0.0
474.5 497.0 391.0 305.4605263157895 614.8425417157257 583.3673812993306 0.0 0.0
475.5 501.5 391.0 317.25 615.6149326404012 593.4759283761778 0.0 0.0
474.0 511.5 382.0 335.5 608.7951264097861 611.7312517692183 0.0 0.0
472.95000000000005 517.25 355.29999999999995 351.75 592.0003590798735 625.5204673047206 0.0 0.0
469.54999999999995 516.25 327.70000000000005 350.75 573.0699129693508 624.1317130474919 0.0 0.0
476.0 516.25 310.5 346.5 568.3222624715297 621.7608133408971 0.0 0.0
489.0 518.25 349.5 344.0 601.1340048886175 622.0284321037382 0.0 0.0
498.0 516.0 362.0 345.0 615.6707705104416 620.7127022548643 0.0 0.0
493.5 508.5 364.5 331.0 613.5165753616665 606.7398668302776 0.0 0.0
492.0 507.25 365.5 331.0 612.9063957897649 605.6928849839853 0.0 0.0
493.0 506.75 366.5 330.5 614.3055021729823 605.0008102165666 0.0 0.0
492.5 509.25 367.0 350.0 614.2029387751251 618.1124800724019 0.0 0.0
494.0 518.0 368.0 399.0 616.0033772460281 653.8559576123273 0.0 0.0
495.0 522.0 368.0 400.5 616.8056103915146 657.9393969052165 0.0 0.0
495.5 522.5 366.0 402.0 616.0165080991092 659.2497693230271 0.0 0.0
495.5 523.25 364.5 403.0 615.1264811258011 660.4571169836515 0.0 0.0
493.5 518.0 360.5 428.0 611.1487238945842 671.943972385938 0.0 0.0
491.0 518.625 356.5 427.25 606.7728158050589 671.9488598942512 0.0 0.0
490.5 519.125 353.5 426.25 604.6094487032585 671.7011450557623 0.0 0.0
489.5 519.625 351.0 425.25 602.3382230054426 671.4534302172735 0.0 0.0
489.0 521.25 348.5 425.0 600.4775183135501 672.552395292993 0.0 0.0
489.0 522.75 348.5 425.5 600.4775183135501 674.0311837460597 0.0 0.0
490.5 509.0 348.5 360.75 601.6998139720681 623.9590472375246 0.0 0.0
491.0 509.5 349.5 347.75 602.6867044996661 616.8632897023097 0.0 0.0
491.0 508.25 351.5 346.5 603.8488348006424 615.1262734850559 0.0 0.0
492.0 507.75 354.0 345.5 606.1189361199773 614.1502182044036 0.0 0.0
492.0 505.75 356.0 346.0 607.2891931271092 612.7800333122632 0.0 0.0
492.0 505.75 357.5 346.0 608.1695898349407 612.7800333122632 0.0 0.0
494.0 505.75 359.5 345.0 610.9633786079162 612.2162696994508 0.0 0.0
493.5 506.25 360.0 344.5 610.8537058903711 612.3473950966581 0.0 0.0
493.0 505.75 361.5 345.25 611.3356279491651 612.3566193759958 0.0 0.0
493.0 505.75 362.5 344.75 611.9274875342666 612.0749510277584 0.0 0.0
493.5 512.5 362.5 353.0 612.3304562213423 622.3064224416298 0.0 0.0
495.0 515.75 363.5 355.5 614.1312970367168 626.4018232582337 0.0 0.0
495.0 516.75 363.0 358.0 613.835482845363 628.645078453578 0.0 0.0
495.0 517.5 364.0 358.5 614.4274470926996 629.5463295664322 0.0 0.0
502.0 517.75 379.5 359.75 629.3274931610675 630.464309913493 0.0 0.0
505.0 518.0 389.5 361.0 637.7579870138828 631.3834664667038 0.0 0.0
505.5 518.5 389.5 362.0 638.1539782842382 632.3658574778856 0.0 0.0
505.0 518.0 389.5 361.75 637.7579870138828 631.8131643296417 0.0 0.0
505.0 517.5 388.5 362.25 637.1478690631174 631.6892863159156 0.0 0.0
504.5 517.75 388.5 359.75 636.7515213959052 630.464253209179 0.0 0.0
504.0 517.25 386.5 358.5 635.136526600882 629.3407922428617 0.0 0.0
504.0 517.25 385.5 357.0 634.5283681601635 628.488077811315 0.0 0.0
498.5 517.75 374.0 356.5 623.2148352847294 628.615409134655 0.0 0.0
490.0 519.5 361.0 355.5 608.6223476388186 629.4922557109023 0.0 0.0
490.0 519.0 360.0 355.5 608.0296045424104 629.0797483926123 0.0 0.0
490.5 519.25 359.5 356.0 608.1370426437801 629.5687961943114 0.0 0.0
489.5 518.5 358.0 356.5 606.4439380519851 629.2333273502875 0.0 0.0
488.5 518.0 357.5 360.5 605.3417110978912 631.0985625683979 0.0 0.0
487.5 519.0 358.0 362.5 604.8307614531523 633.061805829415 0.0 0.0
487.5 519.0 358.5 363.0 605.1269187085194 633.3490080810545 0.0 0.0
494.0 516.5 373.0 364.0 619.0329705830775 631.8771521729698 0.0 0.0
501.0 516.25 387.0 365.5 633.0640515981119 632.5380094255497 0.0 0.0
502.5 498.0 388.0 369.5 634.8623866634406 620.1100459659884 0.0 0.0
502.5 500.5 388.0 366.5 634.8623866634406 620.3411569053787 0.0 0.0
502.5 500.0 389.0 365.5 635.4740356615681 619.3476125914804 0.0 0.0
503.0 500.0 388.5 367.0 635.5637996395719 620.2334145338873 0.0 0.0
504.5 499.5 389.0 367.5 637.0567086217678 620.1261968341605 0.0 0.0
504.5 499.75 388.0 367.0 636.4466536275379 620.0317460251891 0.0 0.0
504.5 500.0 387.0 366.5 635.8374399168391 619.9372952162178 0.0 0.0
504.0 482.5 385.0 362.5 634.2260270191323 603.5469918576064 0.0 0.0
496.5 464.0 357.0 357.0 611.5237117234294 585.4444098614947 0.0 0.0
496.0 464.0 356.5 355.5 610.8259450594717 584.5307947405338 0.0 0.0
495.0 464.0 356.5 354.5 610.0141391803963 583.9234697900221 0.0 0.0
494.0 465.0 356.5 354.5 609.2030978154618 584.7180944694632 0.0 0.0
494.0 466.0 357.0 354.0 609.4958279021175 585.2112084718054 0.0 0.0
494.5 463.0 357.0 351.5 609.9010867804922 581.3099851766424 0.0 0.0
494.0 462.15625 356.5 335.71875 609.2029628949616 571.8292602502663 0.0 0.0
493.5 465.03125 356.5 317.34375 608.7975854091408 563.9866515363709 0.0 0.0
492.0 467.90625 355.5 298.96875 606.9962225973163 556.1440428224755 0.0 0.0
492.5 470.78125 355.0 280.59375 607.1089276233714 548.3014341085802 0.0 0.0
492.5 472.5 354.0 319.25 606.5247315650039 570.2637141225335 0.0 0.0
492.0 471.25 353.0 336.5 605.5353705269847 579.0620304447721 0.0 0.0
491.5 475.0 352.5 339.0 604.8375815043241 583.5633347245065 0.0 0.0
491.5 476.5 352.0 342.25 604.5463174976753 586.675880419542 0.0 0.0
491.5 477.0 352.0 345.75 604.5463174976753 589.128257235164 0.0 0.0
491.5 478.75 351.0 347.0 603.9646098903478 591.2787529976317 0.0 0.0
493.0 478.5 352.0 348.75 605.766526323565 592.1054410469899 0.0 0.0
492.5 477.75 352.0 350.25 605.3596038719465 592.3854666557529 0.0 0.0
493.5 477.0 353.0 352.0 606.7546868380994 592.8179837505454 0.0 0.0
493.5 478.0 352.0 351.5 606.1734487751835 593.3269748090679 0.0 0.0
493.5 477.0 352.0 354.0 606.1734487751835 594.0077114064643 0.0 0.0
494.5 477.25 353.0 355.0 607.5683089167834 594.8046956696652 0.0 0.0
495.0 477.75 356.5 355.5 610.0141391803963 595.5042693159767 0.0 0.0
495.5 476.0 358.0 354.0 611.2972129232511 593.2048550899647 0.0 0.0
503.5 476.75 377.5 352.75 629.3002942370699 593.0625997883682 0.0 0.0
504.5 472.75 380.5 353.5 631.9024128406716 590.3015486429967 0.0 0.0
504.0 474.0 381.0 353.5 631.8045583881142 591.3023005611768 0.0 0.0
504.0 473.5 380.5 352.0 631.5031670546078 590.0053719961938 0.0 0.0
505.0 473.0 380.5 352.0 632.3016759967525 589.6041044633255 0.0 0.0
493.0 472.5 367.0 352.0 614.6044609611592 589.2031391861779 0.0 0.0
492.0 472.0 362.0 352.0 610.8262017774847 588.8021739090303 0.0 0.0
491.5 471.25 359.5 352.5 608.9438913946709 588.5005312817958 0.0 0.0
492.0 471.75 363.5 352.75 611.7159567337308 589.0507172130818 0.0 0.0
492.5 471.75 369.0 352.5 615.4008852065417 588.9009550791028 0.0 0.0
470.5 471.25 339.5 352.25 580.3773782823737 588.3507691478168 0.0 0.0
429.0 470.5 288.0 352.25 516.7230068802467 587.7504251697605 0.0 0.0
457.0 469.5 281.5 352.5 536.946269449579 587.1001534003349 0.0 0.0
496.0 469.0 398.0 352.75 636.0235057846819 586.850579294404 0.0 0.0
501.5 468.0 415.0 353.25 650.9433539103076 586.3527968003982 0.0 0.0
499.5 482.0 412.0 348.0 647.4908921914125 594.529655532456 0.0 0.0
498.0 491.5 408.5 346.0 644.1089965561725 601.0725951573243 0.0 0.0
497.5 497.25 404.5 346.0 641.1951840018588 605.7840094197315 0.0 0.0
498.5 495.0 401.5 348.0 640.0817538682749 605.0859565012767 0.0 0.0
498.5 495.25 400.5 348.75 639.4549647414553 605.7231087493001 0.0 0.0
499.5 500.5 400.0 350.75 639.922184581843 611.1676689647844 0.0 0.0
501.0 502.0 397.0 353.5 639.226214708116 613.9757731376703 0.0 0.0
501.0 503.0 394.5 354.0 637.676451637749 615.0814313489582 0.0 0.0
500.5 504.0 390.5 355.0 634.8154019864323 616.4747903181419 0.0 0.0
500.5 506.0 389.0 357.0 633.8937956369336 619.2616799096993 0.0 0.0
501.5 508.25 387.5 356.5 633.7654088542413 620.8142500860431 0.0 0.0
500.5 509.25 384.5 356.5 631.1422185213091 621.6331981608032 0.0 0.0
500.5 509.75 383.0 355.75 630.2295216823788 621.6134218016705 0.0 0.0
500.5 511.5 381.0 355.5 629.0160967733656 622.9072667137127 0.0 0.0
500.5 513.5 380.5 325.25 628.7134947112174 607.8405866779906 0.0 0.0
490.0 514.0 368.0 326.75 612.8089668998955 609.066248863481 0.0 0.0
454.25 513.75 312.5 324.75 552.9011885213879 607.7842223018545 0.0 0.0
420.58333333333337 512.5 254.5 324.5 493.82671834894234 606.5942396231501 0.0 0.0
386.9166666666667 512.5 196.5 324.0 434.7522481764969 606.3272431922617 0.0 0.0
454.5 512.75 303.5 321.75 546.825579436651 605.3394728664696 0.0 0.0
491.0 511.5 358.0 319.0 607.6709788895241 602.8216734413149 0.0 0.0
497.5 513.0 371.0 330.0 620.6027228532876 609.9932846049599 0.0 0.0
495.0 514.75 372.5 338.25 619.5008071019763 615.9405952282211 0.0 0.0
491.0 516.75 375.0 343.0 617.8237272046813 620.2254751020284 0.0 0.0
500.5 516.5 391.0 342.5 635.1284349860741 619.7406715715856 0.0 0.0
503.5 516.75 398.5 344.0 642.1173759593672 620.7799890614671 0.0 0.0
503.5 515.5 398.0 345.0 641.8070192822762 620.2945017395577 0.0 0.0
501.5 515.0 398.0 344.75 640.2392131071011 619.7399500269578 0.0 0.0
500.5 514.0 398.0 344.25 639.4562142946146 618.631110449952 0.0 0.0
500.5 515.75 396.5 343.0 638.5236878926263 619.3924947083377 0.0 0.0
500.5 518.0 396.5 342.5 638.5238081709033 620.9914057766273 0.0 0.0
553.5 518.0 389.0 343.0 676.5231109113422 621.2672692458993 0.0 0.0
559.5 518.25 393.5 344.5 684.0194933365424 622.3048542745566 0.0 0.0
559.5 517.75 391.0 344.75 682.5842550443749 622.0271257473244 0.0 0.0
557.0 517.5 389.0 345.0 679.38944301996 621.9575950175381 0.0 0.0
555.5 517.5 387.5 344.75 677.3008932520316 621.8189895689336 0.0 0.0
557.0 509.25 388.0 336.5 678.817710806404 610.3846078159015 0.0 0.0
527.0 509.5 375.5 333.5 647.1459382930188 608.9440177980425 0.0 0.0
495.5 507.5 362.5 329.25 613.9435339211763 604.9487250319112 0.0 0.0
495.5 504.5 362.0 325.5 613.6483113314987 600.3927704635244 0.0 0.0
496.0 502.5 360.5 321.0 613.1690223747446 596.2781053919275 0.0 0.0
496.0 504.25 360.0 322.0 612.8752615812975 598.2923248704049 0.0 0.0
496.0 504.0 359.5 321.75 612.5816272138759 597.9460750036467 0.0 0.0
500.5 506.0 377.5 322.75 626.9318467402445 600.1702880582193 0.0 0.0
501.0 507.5 387.5 321.5 633.3701461008643 600.7656921488913 0.0 0.0
501.0 507.75 388.0 324.5 633.6759079151273 602.6009593867352 0.0 0.0
501.0 502.25 389.0 335.25 634.2887008060718 603.8830067459833 0.0 0.0
501.5 508.0 389.0 333.75 634.6835825826913 607.8271752424329 0.0 0.0
500.5 508.5 389.0 332.5 633.8937213760679 607.5596062309459 0.0 0.0
500.5 508.0 390.0 332.0 634.5078801717123 606.8674277154065 0.0 0.0
501.5 506.5 392.0 333.0 636.5267080021073 606.1610759525887 0.0 0.0
502.5 507.0 393.5 334.0 638.2385917507653 607.1295021818545 0.0 0.0
502.5 506.0 392.5 335.5 637.6225372428424 607.1216766704683 0.0 0.0
503.0 504.5 392.5 335.5 638.0167275346422 605.8718291362716 0.0 0.0
503.5 501.5 392.5 337.5 638.410917826442 604.5019067336543 0.0 0.0
487.5 485.75 393.0 291.0 626.1897943054942 570.0811755676855 0.0 0.0
484.5 468.75 391.0 225.66666666666669 622.5924842125772 525.6442655616622 0.0 0.0
483.5 451.75 389.5 160.33333333333334 620.872492231856 481.2073555556388 0.0 0.0
483.0 477.5 389.0 267.5 620.1693317151373 548.1660094899571 0.0 0.0
482.5 487.5 388.0 339.5 619.1529279399201 594.4363418269857 0.0 0.0
482.5 489.5 388.0 346.0 619.1530239921406 599.4535578207144 0.0 0.0
496.0 487.25 364.5 353.5 615.5292438219325 601.9760100462956 0.0 0.0
496.5 486.5 366.5 349.0 617.1178979741229 598.7357253451734 0.0 0.0
496.0 487.0 366.5 348.75 616.7156962490901 598.9954618014997 0.0 0.0
496.5 489.0 367.0 350.25 617.4149739032898 601.4948909242512 0.0 0.0
497.0 488.75 367.0 351.0 617.8171250459152 601.7289704652794 0.0 0.0
496.5 489.5 365.5 350.0 616.5245331696055 601.7559721348846 0.0 0.0
499.5 490.75 370.0 350.75 621.6154025376838 603.2090339272345 0.0 0.0
507.0 491.25 392.0 352.25 640.8690634327219 604.488775493602 0.0 0.0
508.0 488.25 395.5 353.75 643.8046331409229 602.9324487764521 0.0 0.0
508.5 485.5 397.5 352.75 645.4289271484506 600.1199775502957 0.0 0.0
509.0 483.5 400.0 352.75 647.3646576698484 598.5021479486418 0.0 0.0
509.0 482.0 403.5 352.0 649.5332197223444 596.8485260470152 0.0 0.0
508.0 480.5 405.0 350.5 649.6837692293075 594.7525425122542 0.0 0.0
507.625 479.75 406.125 349.5 650.0931234392835 593.5573919620834 0.0 0.0
507.75 478.5 406.5 349.5 650.4250167203047 592.5475398428102 0.0 0.0
508.0 477.0 407.75 349.5 651.4016430060985 591.3369067885508 0.0 0.0
508.5 478.5 406.75 349.5 651.1666991698248 592.5475398428102 0.0 0.0
509.0 482.0 403.0 348.5 649.2277415737096 594.79647388956 0.0 0.0
559.75 483.0 376.75 351.5 674.7300428625347 597.363809733768 0.0 0.0
558.25 483.0 375.0 354.5 672.5087969188993 599.1320901938924 0.0 0.0
556.75 485.0 375.25 354.5 671.4048768099146 600.7456508827663 0.0 0.0
556.25 486.0 376.5 355.5 671.6898466129038 602.1432653981803 0.0 0.0
555.75 524.0 377.75 377.5 671.9771168831431 645.8241471743279 0.0 0.0
555.5 533.0 377.5 374.5 671.6298616206568 651.4187209998745 0.0 0.0
515.25 535.0 382.0 373.0 641.4603030883004 652.1917096736995 0.0 0.0
496.5 532.5 373.75 381.5 621.4527763455676 655.0561691911574 0.0 0.0
494.25 520.0 369.75 401.0 617.251189807183 657.0228650821051 0.0 0.0
493.5 502.0 366.0 418.0 614.4093872562742 653.2447424229645 0.0 0.0
499.5 503.5 378.75 420.0 626.8799235424021 655.677018492419 0.0 0.0
504.0 504.5 389.75 420.5 637.1193563112273 656.765178735901 0.0 0.0
503.75 505.5 391.25 422.0 637.8405968141956 658.4940035218572 0.0 0.0
504.25 498.0 391.75 429.0 638.5421888489586 657.3464500371531 0.0 0.0
504.75 490.0 392.75 435.5 639.5508714631151 655.5611034290686 0.0 0.0
504.75 486.0 394.75 435.5 640.7818829557882 652.5769650874279 0.0 0.0
505.5 484.0 397.0 433.5 642.7595728648021 649.7525197062454 0.0 0.0
505.5 484.0 398.75 436.0 643.8414797346768 651.4230576207754 0.0 0.0
505.5 482.5 399.0 436.0 643.9964316932757 650.3094552781669 0.0 0.0
505.25 481.5 398.25 435.5 643.3355475402482 649.2322398456777 0.0 0.0
505.0 480.5 395.5 435.5 641.4403443173101 648.4909405689489 0.0 0.0
505.0 480.5 394.0 435.875 640.5161980777691 648.7428545629205 0.0 0.0
505.5 501.75 391.0 378.5 639.0709991658653 628.7993343250832 0.0 0.0
500.5 501.5 376.5 357.75 626.3453545058337 616.0254215877937 0.0 0.0
496.5 500.5 357.5 357.0 611.8158099945853 614.776167705756 0.0 0.0
497.0 500.75 354.0 356.25 610.1843983583979 614.5442445060316 0.0 0.0
497.5 500.25 352.0 355.5 609.4343689028376 613.7021928732247 0.0 0.0
498.0 499.25 349.5 355.5 608.4030447770451 612.8878543508968 0.0 0.0
498.0 499.0 347.0 355.5 606.97034523937 612.6855111027191 0.0 0.0
497.5 481.875 344.5 328.625 605.1334695599242 584.3688181681657 0.0 0.0
497.5 459.375 342.5 267.125 603.9971026420574 535.2406466130278 0.0 0.0
497.5 436.875 341.0 205.625 603.1479255456388 486.1124750578899 0.0 0.0
497.5 433.5 339.5 242.25 602.3011460794389 500.9635913548989 0.0 0.0
498.0 486.25 341.5 320.0 603.842901755084 582.1191629575926 0.0 0.0
497.5 492.0 351.0 327.0 608.8595245604121 590.75688557468 0.0 0.0
496.5 518.0 361.0 328.0 613.8675863262656 613.1155793973726 0.0 0.0
495.5 520.75 367.0 329.5 616.6112320073491 616.2402149694971 0.0 0.0
495.5 510.75 370.0 331.5 618.4018855222434 608.9876849615692 0.0 0.0
496.5 494.75 371.0 336.25 619.8014937893314 598.2030045978487 0.0 0.0
499.0 487.5 370.0 344.0 621.2099667882213 596.6653371209223 0.0 0.0
505.5 487.25 373.0 347.75 628.2191800099654 598.6495615301021 0.0 0.0
507.0 478.5 371.0 355.0 628.2436527200375 595.8097070664503 0.0 0.0
512.5 464.25 379.0 361.5 637.4145734011868 588.3964399426634 0.0 0.0
521.5 491.75 391.5 345.5 652.1000766260541 600.9895031819708 0.0 0.0
526.0 491.0 396.0 345.5 658.4012119868271 600.3763280783663 0.0 0.0
537.0 489.0 393.5 344.5 665.7411283674759 598.1649142078625 0.0 0.0
538.5 488.25 388.0 342.5 663.7293032580034 596.4011930980797 0.0 0.0
518.5 488.0 355.0 342.0 628.6134978130389 595.909389085287 0.0 0.0
509.5 487.75 334.5 342.0 610.1355915372468 595.7046945426434 0.0 0.0
489.0 487.0 391.5 342.0 626.8199389893293 595.0908187585418 0.0 0.0
464.0 485.75 437.5 342.0 637.7692597641545 594.0683874136972 0.0 0.0
458.5 483.5 453.0 342.0 644.5492607589542 592.2299666264605 0.0 0.0
457.5 483.0 455.5 342.0 645.5915891571101 591.8217637093114 0.0 0.0
454.0 486.5 446.5 345.0 636.7766536232897 596.4119823592451 0.0 0.0
456.0 486.5 436.0 344.0 630.9026558863845 595.8351042095744 0.0 0.0
455.0 489.5 416.5 335.0 616.8484495370651 593.1580538523131 0.0 0.0
453.5 491.0 405.0 331.5 608.0232371229521 592.4300985966526 0.0 0.0
451.5 493.0 400.5 328.5 603.5337589686593 592.4225687799393 0.0 0.0
449.5 492.5 397.5 326.5 600.0471983858424 590.8967594002634 0.0 0.0
446.0 492.25 393.0 325.5 594.4459466048722 590.1361033501039 0.0 0.0
444.0 493.75 389.5 335.0 590.6345082534282 596.695638179893 0.0 0.0
440.5 490.5 381.0 359.0 582.4112213600496 607.8424672393578 0.0 0.0
434.5 491.25 368.5 363.75 569.7251339449899 611.2624031682155 0.0 0.0
432.5 490.5 349.5 363.5 556.0673968788321 610.5103230137161 0.0 0.0
426.5 491.5 334.0 364.5 541.7188113121833 611.9088984481268 0.0 0.0
416.0 491.25 322.0 364.25 526.0622574012478 611.5595181903093 0.0 0.0
340.0882352941177 491.5 324.47058823529414 364.5 532.4400286553337 611.9092982060743 0.0 0.0
236.2058823529412 491.0 327.7647058823529 364.5 538.8349745199223 611.5074906947239 0.0 0.0
132.32352941176472 491.5 331.05882352941177 363.5 545.2299203845109 611.3141492223804 0.0 0.0
28.44117647058826 492.5 334.3529411764706 363.0 551.6248662490993 611.8213284974522 0.0 0.0
-75.4411764705882 493.0 337.6470588235294 361.75 558.019812113688 611.4835264551548 0.0 0.0
-179.32352941176464 493.0 340.94117647058823 361.0 564.4147579782766 611.0402300504292 0.0 0.0
-283.20588235294116 492.75 344.2352941176471 360.5 570.8097038428652 610.5430650576909 0.0 0.0
-387.08823529411757 492.5 347.52941176470586 360.0 577.2046497074537 610.0469142566931 0.0 0.0
-494.5 491.25 336.0 359.0 598.5146568660916 608.4468983656964 0.0 0.0
-605.0 458.5 318.0 354.75 683.5391197764997 579.9810466204683 0.0 0.0
-592.5 268.75 333.5 227.75 679.9106577084988 354.945678614706 1.0 0.0
-543.0 201.67857142857144 326.5 126.39285714285714 633.9239234904546 238.36743702535634 1.0 0.0
-539.5 191.25 306.5 130.25 620.4901145667759 231.93427208088855 1.0 0.0
-527.0 180.82142857142856 299.5 134.10714285714286 606.1600228938869 225.50110713642073 1.0 0.0
-544.0 175.5 281.5 143.0 612.7441821970161 226.40383085908297 1.0 0.0
-553.0 179.0 271.0 173.0 615.8341654997662 248.93885257830675 1.0 0.0
-544.5 179.5 271.0 172.5 608.2195361270685 248.9507987487832 1.0 0.0
-535.5 177.75 275.0 171.25 601.9978161903913 246.82331728719527 1.0 0.0
-525.0 176.75 282.0 171.5 595.9560699095355 246.2779787313903 1.0 0.0
-518.0 185.25 296.0 162.0 596.6071023843328 246.37673960553565 1.0 0.0
-519.5 195.0 305.0 157.5 602.4169061870248 250.6618213891332 1.0 0.0
-522.5 193.25 316.0 158.0 610.6245302576474 249.62032213776126 1.0 0.0
-525.5 194.25 323.0 156.0 616.8300564588898 249.13723334488026 1.0 0.0
-527.5 195.0 324.0 155.75 619.05754982877 249.56577513671365 1.0 0.0
-528.5 194.75 323.0 154.75 619.3878574738723 248.74725800377126 1.0 0.0
-525.0 194.0 322.5 154.0 616.1422355935226 247.6936683913725 1.0 0.0
-522.0 194.75 319.5 152.75 612.0165891225861 247.5080770405304 1.0 0.0
-514.0 185.75 318.5 151.25 604.6804819040867 239.5767414761084 1.0 0.0
-511.0 174.25 316.5 150.75 601.0771363336528 230.41917100871916 1.0 0.0
-511.0 173.25 317.0 152.5 601.3401699537459 230.8085156451969 1.0 0.0
-508.0 173.75 314.0 152.25 597.2102386184221 231.0179310314515 1.0 0.0
-502.0 173.5 313.0 152.0 591.5855597316977 230.66510668415717 1.0 0.0
-496.5 173.5 313.0 152.0 586.9253113463176 230.66510668415717 1.0 0.0
-492.5 162.75 315.5 145.0 584.8902228135232 217.97381032475752 1.0 0.0
-488.5 108.6341463414634 321.0 69.02439024390245 584.5282930658186 128.7282346134151 1.0 0.0
-487.0 107.17073170731707 327.0 67.1219512195122 586.5987365209169 126.55317281953542 1.0 0.0
-485.5 105.70731707317074 329.0 65.21951219512195 586.4737175060552 124.37811102565573 1.0 0.0
-484.5 104.2439024390244 326.0 63.31707317073171 583.966378812027 122.20304923177605 1.0 0.0
-474.0 102.78048780487805 311.0 61.41463414634146 566.9335235151988 120.02798743789637 1.0 0.0
-463.0 101.3170731707317 295.0 59.51219512195122 548.9942725193354 117.8529256440167 1.0 0.0
-457.5 99.85365853658536 293.5 57.609756097560975 543.553905879301 115.677863850137 1.0 0.0
-447.5 98.39024390243902 302.5 55.707317073170735 540.1504420066691 113.50280205625731 1.0 0.0
-372.0 96.92682926829269 309.0 53.80487804878049 484.8619161395519 111.32774026237763 1.0 0.0
-235.92857142857142 95.46341463414635 290.0 51.90243902439025 397.5101512640328 109.15267846849795 0.0 0.0
-126.5 94.0 264.0 50.0 335.8567379260027 106.97761667461828 0.0 0.0
-17.071428571428584 92.53658536585365 238.0 48.09756097560976 274.20332458797265 104.8025548807386 0.0 0.0
62.0 91.07317073170731 217.0 46.19512195121951 225.69695129548438 102.6274930868589 0.0 0.0
88.5 89.60975609756098 189.5 44.29268292682927 209.1471844505635 100.45243129297921 0.0 0.0
275.0 88.14634146341464 244.5 42.390243902439025 368.55807564449 98.27736949909954 0.0 0.0
479.0 86.6829268292683 277.25 40.487804878048784 557.0305061047808 96.10230770521986 0.0 0.0
664.5 85.21951219512195 301.0 38.58536585365854 729.5628425333781 93.92724591134018 0.0 0.0
656.75 83.7560975609756 305.0 36.6829268292683 724.3191390857356 91.75218411746049 0.0 0.0
628.5 82.29268292682926 316.0 34.78048780487805 703.4843563060451 89.5771223235808 0.0 0.0
677.5 80.82926829268293 368.5 32.87804878048781 771.2319273017445 87.40206052970112 0.0 0.0
582.0 79.3658536585366 308.5 30.975609756097562 658.7080199835855 85.22699873582144 0.0 0.0
563.0 154.75 281.0 53.75 629.2506974968745 164.48785572273144 0.0 0.0
538.0 140.25 286.5 90.75 609.5301375206799 167.70649338174684 0.0 0.0
540.5 143.5 320.0 132.75 628.2402641802244 195.5853628475678 0.0 0.0
540.5 148.25 327.5 146.5 631.9816428177343 208.42955824636127 0.0 0.0
531.0 149.0 322.5 147.5 621.2650207856982 209.66103592991144 0.0 0.0
530.5 151.0 335.5 150.0 627.6871946341711 212.84296437439232 0.0 0.0
532.0 150.5 354.5 151.5 639.3046406550545 213.54770935914325 0.0 0.0
533.5 150.5 371.0 152.5 649.837490406756 214.25830987442976 0.0 0.0
542.5 151.0 388.5 153.5 667.2626751224846 215.32243256637037 0.0 0.0
532.0 150.0 366.5 154.25 646.0295203727951 215.1588862214112 0.0 0.0
524.0 148.25 346.0 153.75 627.9274938553176 213.58199557502854 0.0 0.0
518.5 145.5 329.5 153.75 614.3390863978027 211.6839261076528 0.0 0.0
515.5 144.0 334.0 154.0 614.2444671381727 210.83670605595344 0.0 0.0
513.0 144.5 347.5 154.5 619.6172726217287 211.54345499733523 0.0 0.0
511.0 142.6875 363.0 152.25 626.8288857870036 208.6655467467051 0.0 0.0
527.5 140.9375 387.5 149.25 654.542009079646 205.28371893573737 0.0 0.0
535.0 139.1875 386.5 146.25 660.0159505327838 201.90189112476963 0.0 0.0
536.5 137.4375 382.0 143.25 658.6017385339944 198.52006331380193 0.0 0.0
537.0 154.0 379.0 116.5 657.2926016140597 193.1313218159496 0.0 0.0
536.5 159.25 381.0 136.5 658.054675273225 209.74772913262717 0.0 0.0
529.0 155.5 404.0 137.5 665.6280239417318 207.61968649883454 0.0 0.0
526.0 42.75 407.5 69.5 665.3943472089722 85.03529242510146 0.0 0.0
522.5 3.0 399.0 41.5 657.4248941035577 41.77432174834303 0.0 0.0
521.0 -5.0 398.0 30.0 655.6256822277243 30.44608227507051 0.0 0.0
511.5 -7.0 401.0 24.5 649.9507690816247 25.48186765741658 0.0 0.0
500.5 -8.75 399.5 21.5 640.3909739366093 23.22272902049762 0.0 0.0
498.5 -7.5 416.0 15.5 649.2757894406514 17.224698338853184 0.0 0.0
510.5 -9.75 447.0 10.25 678.5443569869901 14.150968941118624 0.0 0.0
518.5 -10.5 460.5 5.5 693.4721809707293 12.020888508822997 0.0 0.0
524.0 -11.5 465.0 3.0 700.5723085058138 11.914725264086233 0.0 0.0
529.0 -30.25 469.5 -16.75 707.3091226768181 39.16954085374467 0.0 0.0
528.5 -53.75 462.5 -40.5 702.3084970706993 67.3003353187416 0.0 0.0
528.0 -54.75 458.5 -41.75 699.2904028132627 68.85308832562241 0.0 0.0
524.0 -54.25 461.5 -43.0 698.2554253481669 69.22489881243835 0.0 0.0
522.5 -53.5 469.0 -44.0 702.1164084131601 69.27012973312505 0.0 0.0
544.5 -53.5 470.5 -44.5 719.6219992247561 69.588103740169 0.0 0.0
533.0 -53.75 457.0 -46.25 702.0959046019539 70.90990633820968 0.0 0.0
527.0 -30.25 450.0 -2.5 692.9889683746603 31.067137612720888 0.0 0.0
530.0 -16.75 445.5 17.0 692.3774027824821 23.866134788333888 0.0 0.0
522.0 -15.5 440.5 14.5 683.0258114133635 21.237557503938717 0.0 0.0
509.5 -15.5 437.5 13.0 671.5649627405213 20.23355627141717 0.0 0.0
500.0 -15.75 440.5 12.5 666.3639260991829 20.10812412799342 0.0 0.0
494.5 -15.75 444.0 12.5 664.5797587755607 20.10812412799342 0.0 0.0
488.5 -15.5 442.5 12.5 659.1320933704985 19.91230775173988 0.0 0.0
486.0 -25.0 425.5 5.0 645.9648819415555 25.49811616782673 0.0 0.0
459.5 -25.0 380.5 7.5 597.0914460790257 26.206160458360937 0.0 0.0
517.75 -25.25 290.5 6.5 595.4316780230927 26.14056585159615 0.0 0.0
408.5 -28.25 339.0 3.25 534.5516716719546 28.439028393244723 0.0 0.0
364.5 -31.25 400.0 1.25 543.5211923970547 31.275762999308476 0.0 0.0
428.5 -31.0 377.0 2.0 570.9522452046704 31.06956170313172 0.0 0.0
456.0 -29.5 382.0 2.25 594.8621082683482 29.586435077239003 0.0 0.0
452.0 -25.0 383.0 7.75 592.49400869564 26.796729146963195 0.0 0.0
464.5 -20.25 387.5 14.5 604.9113026975027 24.915025787910054 0.0 0.0
474.0 -19.5 402.0 16.0 621.514418437995 25.24465253213694 0.0 0.0
487.0 -17.0 410.0 19.0 636.6301015336217 25.53206603770535 0.0 0.0
488.0 -17.0 419.5 23.5 643.5271877867808 29.014497327059765 0.0 0.0
487.5 -15.5 417.5 28.0 641.8430493508519 32.00482231517294 0.0 0.0
487.5 -15.75 415.0 27.5 640.2198020636104 31.691632387597636 0.0 0.0
487.5 -16.75 413.5 28.0 639.2483893997336 32.62992977812368 0.0 0.0
481.0 -17.5 407.0 27.5 630.0884456239296 32.59601202601324 0.0 0.0
472.5 -17.0 400.5 28.5 619.4003129369187 33.187865308265756 0.0 0.0
472.0 -17.25 401.0 27.5 619.3425104081155 32.46316917333383 0.0 0.0
473.0 -17.0 403.5 28.25 621.7248819195258 32.97088286020432 0.0 0.0
475.5 -16.75 409.0 27.25 627.2012385911878 31.98683063294716 0.0 0.0
480.5 -16.25 414.0 27.0 634.2533516293187 31.51292440298868 0.0 0.0
485.0 -16.25 421.5 26.0 642.5631156338961 30.660484502278333 0.0 0.0
487.0 -16.5 424.0 27.5 645.712894564173 32.07023542164915 0.0 0.0
488.5 -16.75 428.5 26.5 649.8035405320541 31.35055277021913 0.0 0.0
488.5 -19.5 432.5 32.5 652.4481460231468 37.913270299252176 0.0 0.0
478.0 -18.31818181818182 424.0 41.29545454545455 638.9592453912819 46.370017764284 0.0 0.0
473.5 -13.40909090909091 425.0 45.02272727272727 636.2603645148954 49.07348462913997 0.0 0.0
473.5 -8.5 415.5 48.75 629.9997606123048 51.77695149399594 0.0 0.0
500.0 -3.59090909090909 425.0 52.47727272727273 656.2206797656482 54.48041835885191 0.0 0.0
503.5 1.3181818181818183 422.0 56.20454545454545 656.9611103234722 57.183885223707875 0.0 0.0
504.5 4.75 420.0 59.75 656.4452394062714 59.93930495637326 0.0 0.0
471.0 -3.0 417.5 35.5 629.438454222792 36.248013949418656 0.0 0.0
455.0 -9.5 408.5 41.25 611.4714528255602 42.58082812091288 0.0 0.0
478.0 1.25 417.5 33.25 634.7487484446058 33.52076827063718 0.0 0.0
417.0 -4.5 447.5 18.0 615.9810137243345 18.55767450556772 0.0 0.0
350.1 -10.5 418.7 0.25 549.6176711992323 10.528926607218827 0.0 0.0
404.5 -11.5 351.5 -4.25 546.6615459477324 13.288018216270466 0.0 0.0
458.9 -13.75 284.3 -4.5 543.7054206962325 14.624190411655396 0.0 0.0
474.0 -13.5 350.5 -7.75 590.5845869304053 15.608729322967797 0.0 0.0
504.0 -3.5 352.5 13.5 615.3604734087274 13.951460900374682 0.0 0.0
501.0 -10.25 376.0 9.0 626.4023258055871 13.697292366434583 0.0 0.0
521.5 -12.25 392.0 9.75 652.4014923291134 18.389462489434653 0.0 0.0
527.5 -2.5 398.5 18.0 661.1064267793345 18.203639745422667 0.0 0.0
530.0 -2.75 396.0 19.25 661.6038206580715 19.44595155937558 0.0 0.0
530.5 -3.0 397.0 21.0 662.602304601997 21.213203435596427 0.0 0.0
530.0 -3.25 393.0 22.25 659.8098210848335 22.487099192322958 0.0 0.0
524.5 -0.0 392.5 23.5 655.119434630343 23.50531854708632 0.0 0.0
476.5 -0.25 389.0 24.25 615.1374861475426 24.25265927354316 0.0 0.0
488.5 0.5 393.0 24.0 626.9747863203548 24.010412149464315 0.0 0.0
499.5 -0.0 395.5 18.5 637.1189813031694 18.5 0.0 0.0
512.5 -2.75 397.0 12.5 648.3063152991197 12.826473218982951 0.0 0.0
464.5 -6.5 408.5 8.5 619.0373395028594 10.835927237427462 0.0 0.0
307.0 -8.25 468.0 3.0 559.8776698117043 8.782290095603447 0.0 0.0
286.5 -11.5 476.0 -0.75 555.5710047139328 11.546693311223912 0.0 0.0
288.5 -11.25 483.5 -1.25 563.0315266483751 11.322599018101227 0.0 0.0
288.5 -13.5 491.5 1.25 569.9162781175678 13.61476510887299 0.0 0.0
291.5 -14.5 494.0 2.5 573.592407550867 14.71393896956216 0.0 0.0
299.5 -5.0 490.5 13.0 574.7090568278875 13.943374877252687 0.0 0.0
314.0 -3.75 490.5 14.25 582.4080361000608 14.750023756982664 0.0 0.0
317.5 -2.75 501.5 15.25 593.5564116998135 15.498688504442969 0.0 0.0
307.5 -1.5 512.0 17.5 597.2449184082784 17.56437635952574 0.0 0.0
301.5 1.0 520.5 20.0 601.5179989472854 20.030606997112812 0.0 0.0
300.5 1.5 522.5 20.5 602.749170167675 20.554804791094465 0.0 0.0
297.0 1.5 521.5 20.0 600.24889069355 20.056206003351207 0.0 0.0
203.5 1.5 552.5 20.0 588.9129964904516 20.056206003351207 0.0 0.0
89.5 1.25 532.0 20.0 539.6417401220663 20.040991483690874 0.0 0.0
28.0 1.25 558.5 20.75 559.2022047377684 20.78893951160055 0.0 0.0
24.0 0.5 559.0 21.25 559.5186134635376 21.255882352603287 0.0 0.0
26.0 1.5 564.0 21.75 564.5998564287531 21.801669566726126 0.0 0.0
17.5 0.5 572.0 22.5 572.2787086243086 22.505557612660034 0.0 0.0
8.0 1.25 571.0 22.75 571.0562520420492 22.79707406840386 0.0 0.0
3.0 2.0 570.0 23.25 570.0087580489027 23.33587279568595 0.0 0.0
4.5 2.0 568.0 22.5 568.0232918466655 22.588757397802453 0.0 0.0
9.0 1.0 568.5 21.25 568.571455436658 21.27351964582976 0.0 0.0
16.5 1.0 567.5 21.75 567.7484429325212 21.772979397788063 0.0 0.0
33.0 2.5 425.5 22.5 426.7791582728653 22.642774521930463 0.0 0.0
39.5 1.75 395.0 23.5 396.97046427326495 23.56681103702624 0.0 0.0
53.5 1.75 402.0 24.5 405.5446148281576 24.5633508603955 0.0 0.0
63.0 1.25 413.5 22.5 418.27180283263306 22.600254047075893 0.0 0.0
96.5 -5.0 384.0 23.714285714285715 397.3110653414145 25.75624709607701 0.0 0.0
217.0 -11.0 355.125 26.0 433.7552426428359 30.757001777959175 0.0 0.0
344.3333333333333 -17.0 363.95833333333337 28.285714285714285 519.9989180261211 35.75775645984134 0.0 0.0
471.66666666666663 -23.0 372.79166666666663 30.57142857142857 606.2425934094065 40.7585111417235 0.0 0.0
553.25 -29.0 434.0 32.85714285714286 703.4558076520455 45.759265823605666 0.0 0.0
523.2555555555555 -35.0 452.7055555555555 35.14285714285714 691.919226216495 50.76002050548784 0.0 0.0
524.2777777777778 -41.0 451.52777777777777 37.42857142857143 691.9603168901526 55.760775187369994 0.0 0.0
525.3 -3.5 450.35 39.5 692.0014075638103 45.64713205069448 0.0 0.0
526.3222222222223 -13.0 449.1722222222222 8.0 692.042498237468 15.643263525751848 0.0 0.0
527.3444444444444 -17.5 447.9944444444444 23.0 692.0835889111256 29.667408179085445 0.0 0.0
528.3666666666667 -24.5 446.81666666666666 11.5 692.1246795847833 27.6854668213971 0.0 0.0
529.3888888888889 -26.5 445.6388888888889 -3.0 692.165770258441 28.13056637698238 0.0 0.0
530.411111111111 -28.0 444.4611111111111 -8.5 692.2068609320986 29.39815995889394 0.0 0.0
531.4333333333334 -24.0 443.2833333333333 7.5 692.2479516057563 27.346203968373633 0.0 0.0
532.4555555555555 -19.5 442.10555555555555 8.0 692.2890422794139 21.082314900979412 0.0 0.0
533.4777777777778 -32.5 440.9277777777778 11.0 692.3301329530716 34.40411419820099 0.0 0.0
534.5 -21.0 439.75 30.5 692.3712236267293 37.031478650449614 0.0 0.0
535.5222222222222 -19.5 438.5722222222222 30.0 692.4123143003869 35.78058132562969 0.0 0.0
536.5444444444445 -18.5 437.39444444444445 32.5 692.4534049740446 37.40274019514089 0.0 0.0
537.5666666666666 -17.5 436.2166666666667 33.0 692.4944956477023 37.35304539123952 0.0 0.0
538.588888888889 -17.5 435.0388888888889 33.5 692.5355863213599 37.795502377928514 0.0 0.0
539.6111111111111 -15.0 433.8611111111111 32.5 692.5766769950176 35.79462106435626 0.0 0.0
540.6333333333333 -16.5 432.68333333333334 34.0 692.6177676686752 37.792904394478754 0.0 0.0
541.6555555555556 -15.5 431.5055555555556 32.5 692.6588583423329 36.0097720157754 0.0 0.0
542.6777777777777 -19.0 430.3277777777778 28.5 692.6999490159906 34.79363519969034 0.0 0.0
543.7 -23.5 429.15 23.0 692.7410396896482 32.889967197053366 0.0 0.0
544.7222222222222 -25.5 427.97222222222223 22.0 692.7821303633059 33.68601046667948 0.0 0.0
545.7444444444445 -21.5 426.7944444444445 24.5 692.8232210369636 32.77706203648269 0.0 0.0
545.25 -20.25 415.25 28.0 685.386031202433 34.55700600835236 0.0 0.0
546.0 -19.75 386.0 27.75 668.6644649521979 34.062392054242125 0.0 0.0
545.5 -18.5 396.0 29.0 674.5735453974248 34.40532975408142 0.0 0.0
542.0 -16.5 368.0 31.0 655.2321062345712 35.1241710888478 0.0 0.0
541.0 -15.0 359.5 33.0 649.5556074914193 36.2497284813284 0.0 0.0
540.5 -15.0 371.5 33.5 655.8620054350888 36.70490430446591 0.0 0.0
540.5 -14.5 386.0 34.0 664.1831741291799 36.968641343364425 0.0 0.0
527.0 -15.0 402.0 35.0 662.8407014147172 38.079374978519816 0.0 0.0
520.5 -15.0 403.0 35.5 658.2809744341017 38.53894134508627 0.0 0.0
510.0 -16.0 406.0 36.5 651.8718334086832 39.85285435197835 0.0 0.0
519.0 -14.75 409.5 35.25 661.0986217077875 38.211817412057755 0.0 0.0
508.5 -14.25 403.5 34.75 649.1635226548162 37.55853593064608 0.0 0.0
500.0 -12.5 399.5 34.5 640.0487298009508 36.697697398654654 0.0 0.0
515.5 -10.0 398.5 34.5 651.569284300811 35.93288954450698 0.0 0.0
514.0 -8.25 404.5 34.25 654.0801982506207 35.23089497583984 0.0 0.0
514.5 -9.0 400.0 34.0 651.6984527165346 35.20089370721177 0.0 0.0
514.0 -10.5 395.5 35.25 648.5493685025838 36.78066875100623 0.0 0.0
515.5 -10.25 387.0 35.0 644.6001397081349 36.47015741607458 0.0 0.0
511.5 -11.0 376.0 35.5 634.8358348177551 37.16517186829626 0.0 0.0
519.0 -12.25 377.0 36.5 641.4754688643341 38.50154117729855 0.0 0.0
522.5 -14.0 378.0 36.25 644.8955378675756 38.86350709261508 0.0 0.0
520.0 -14.25 376.5 37.25 641.9908488444364 39.88394683963905 0.0 0.0
518.5 -15.0 377.5 38.0 641.3655089002484 40.85380896788346 0.0 0.0
511.0 -15.0 389.0 37.5 642.2201716603187 40.38873605350878 0.0 0.0
512.5 -27.0 394.0 22.5 646.4478046323236 35.151956302616 0.0 0.0
511.0 -22.5 392.5 29.75 644.3426163421802 38.665805134273 0.0 0.0
510.5 -16.5 390.0 37.75 642.4252874848561 41.20223500412848 0.0 0.0
510.5 -17.5 391.0 37.5 643.0329248437185 41.38484381183325 0.0 0.0
512.5 -17.5 390.5 38.0 644.3194441529147 41.83670687604018 0.0 0.0
523.0 -17.25 391.0 38.25 653.0007735183259 41.96382388647736 0.0 0.0
524.0 -17.5 388.5 37.5 652.3101298785766 41.38290363651676 0.0 0.0
523.0 -18.25 384.0 36.25 648.8335687986558 40.597283416046054 0.0 0.0
520.5 -19.0 379.5 35.0 644.1587537245769 39.82533001859622 0.0 0.0
517.0 -19.0 378.0 34.5 640.4474997999446 39.38591118661596 0.0 0.0
515.0 -19.25 376.0 32.5 637.6528546744876 37.78012596449442 0.0 0.0
513.5 -19.25 373.5 30.5 634.968238181863 36.07235520657385 0.0 0.0
514.0 -20.25 375.0 29.0 636.2556587822698 35.3737730687387 0.0 0.0
501.0 -20.25 362.5 27.75 618.390946623111 34.3537872979534 0.0 0.0
504.0 -20.25 367.5 26.25 623.7565726886132 33.15954576539433 0.0 0.0
502.5 -20.5 361.5 25.5 619.0222128486182 32.71849629796577 0.0 0.0
501.0 -19.5 359.5 24.5 616.6384905925452 31.322714277972036 0.0 0.0
498.5 -19.0 356.5 24.5 612.85767566789 31.00654974485993 0.0 0.0
496.5 -20.0 354.0 24.5 609.7786817970199 31.629101156814464 0.0 0.0
492.0 -20.0 347.5 24.0 602.3456924447139 31.248934441363858 0.0 0.0
483.0 -19.25 340.5 24.5 590.9563579510789 31.158484309778675 0.0 0.0
470.0 -18.25 329.5 25.0 573.9950630297094 30.952724115583628 0.0 0.0
453.0 -19.5 313.5 26.0 550.9004138956038 32.501384795636625 0.0 0.0
438.0 -18.75 295.0 26.5 528.0805557193368 32.46311984687268 0.0 0.0
425.0 -19.5 286.0 27.5 512.2708959348734 33.714483049277575 0.0 0.0
419.0 -20.5 281.5 28.0 504.82424436954807 34.702473717728225 0.0 0.0
344.0833333333333 -20.25 229.66666666666669 27.5 427.5575420281477 34.15665810783353 0.0 0.0
240.19444444444446 -20.25 168.55555555555554 26.0 325.6762633992587 32.99021063130013 0.0 0.0
136.30555555555557 -23.5 107.44444444444444 21.5 223.79498477036964 31.8693646452828 0.0 0.0
32.416666666666686 -27.25 46.333333333333314 16.0 121.91370614148059 31.6587108995343 0.0 0.0
-37.0 -32.25 16.0 10.5 43.991076972666356 33.94913912111048 0.0 0.0
-81.32142857142857 -28.5 47.892857142857146 13.5 96.68677363528892 32.96458031466953 0.0 0.0
-151.75 -18.25 69.75 23.5 168.96326278164895 29.76009856024519 0.0 0.0
-222.17857142857144 -17.75 91.60714285714286 24.0 241.23975192800899 29.850825437543875 0.0 0.0
-320.0 -20.5 114.0 19.5 339.83355392827076 28.78719963943483 0.0 0.0
-400.5 -20.0 127.0 20.5 420.16088057862356 29.193240767610234 0.0 0.0
-376.5 -22.0 144.0 20.02777777777778 403.22166867934175 29.78221178247669 0.0 0.0
-378.0 -26.0 169.5 26.138888888888886 414.40467216889317 36.964643159131214 0.0 0.0
-363.70000000000005 -30.0 166.14999999999998 32.25 400.03832815641806 44.147074535785734 0.0 0.0
-381.29999999999995 -34.0 162.35000000000002 38.36111111111111 414.60145199237064 51.329505912440254 0.0 0.0
-391.5 -38.0 158.5 44.47222222222222 422.3677776002774 58.511937289094774 0.0 0.0
-390.0 -23.5 157.5 55.5 420.60372329656116 60.91228970647954 0.0 0.0
-444.0 -32.5 217.0 40.0 494.55979134076506 52.92274932316916 0.0 0.0
-625.5 -26.0 315.5 49.75 700.5933997663033 56.16128507873429 0.0 0.0
-576.5 -26.75 344.0 51.0 671.3979046981933 57.591224188890884 0.0 0.0
-539.0 -27.5 340.5 40.0 637.5431747021289 48.87346896540014 1.0 0.0
-550.25 -31.5 340.5 38.5 647.1111208007485 49.91168066658486 1.0 0.0
-564.5 -30.75 341.5 41.0 659.7596288979653 51.25009757212004 1.0 0.0
-597.5 -38.75 335.5 35.0 685.2733637220377 52.23932818078723 1.0 0.0
-618.5 -36.75 305.0 36.75 689.617587556414 52.45136275058367 1.0 0.0
-610.0 -31.5 289.5 41.0 675.2117510193802 51.70500179968448 1.0 0.0
-585.5 -32.5 284.0 41.0 650.7437149203034 52.320201981773224 1.0 0.0
-563.0 -32.0 273.5 40.0 625.9176480486731 51.228803759150566 1.0 0.0
-546.0 -31.0 277.5 39.0 612.4793253542643 49.8196748283246 1.0 0.0
-536.5 -31.0 298.5 39.5 613.9613189937413 50.212999271922286 1.0 0.0
-533.5 -29.75 305.0 39.0 614.5308093320996 49.052033698407385 1.0 0.0
-538.5 -29.25 303.5 38.5 618.1379320751112 48.35104130355654 1.0 0.0
-545.5 -29.75 302.5 38.75 623.7610572609782 48.858809140931356 1.0 0.0
-550.5 -29.75 299.5 38.0 626.6981251786847 48.263004515928735 1.0 0.0
-550.5 -29.25 297.5 37.25 625.7452041941042 47.362941387454214 1.0 0.0
-549.0 -26.0 288.5 39.25 620.1904137901988 47.197786294657604 1.0 0.0
-550.0 -25.5 286.5 39.75 620.1471304720144 47.22637739975144 1.0 0.0
-539.0 -26.0 291.5 39.25 612.8104636077194 47.087717521459766 1.0 0.0
-532.0 -25.25 293.5 40.5 607.5911591339882 47.72690547814025 1.0 0.0
-533.0 -25.5 294.0 41.5 608.7078390166241 48.7101784614554 1.0 0.0
-529.0 -25.25 297.5 42.5 606.9163783256131 49.43539920723755 1.0 0.0
-521.5 -25.0 304.5 42.75 603.8902020451997 49.52649453263177 1.0 0.0
-514.0 -24.5 314.0 44.0 602.3226805337604 50.36119537898202 1.0 0.0
-509.5 -25.0 318.5 45.25 600.8599152397865 51.69780303721231 1.0 0.0
-505.0 -24.75 322.5 46.0 599.1921838540447 52.243351590033996 1.0 0.0
-502.5 -23.5 323.5 47.0 597.6276642661196 52.55187920662118 1.0 0.0
-499.0 -23.25 324.5 47.5 595.2323664494713 52.88537529732477 1.0 0.0
-493.5 -23.5 323.5 48.25 590.082059240628 53.66865457137823 1.0 0.0
-488.0 -22.5 310.0 48.0 578.2185483569892 53.01179114121688 1.0 0.0
-492.5 -22.75 278.0 48.0 565.5442603442438 53.11886233495097 1.0 0.0
-485.5 -23.75 275.5 47.75 558.2215119703665 53.33045713446969 1.0 0.0
-478.0 -23.75 276.0 48.0 551.9605660885785 53.556150475639214 1.0 0.0
-472.0 -24.0 281.0 45.75 549.3136351621199 51.664145313768614 1.0 0.0
-467.5 -24.25 287.5 45.0 548.8315844787144 51.1228412316367 1.0 0.0
-469.5 -24.5 296.0 43.5 555.0201687415166 49.925546669030254 1.0 0.0
-470.5 -24.75 308.0 41.5 562.3509243547587 48.32990180968075 1.0 0.0
-448.0 -25.0 231.5 40.0 505.328226826107 47.16990566028302 0.0 0.0
-456.5 -25.0 216.0 40.0 505.02706584218026 47.16990566028302 0.0 0.0
-459.5 -25.25 227.5 40.5 512.737454075843 47.72646272492646 0.0 0.0
-457.25 -26.0 231.0 42.0 512.3218787298692 49.40552049847507 0.0 0.0
-452.875 -26.0 235.20833333333331 45.0 510.31275559044224 51.97118949427217 0.0 0.0
-448.375 -25.5 232.04166666666669 47.0 504.8610638288337 53.474082331904675 0.0 0.0
-443.875 -26.0 228.875 48.25 499.40937206722515 54.810271975630855 0.0 0.0
-440.0 -25.75 214.0 50.25 489.6625991104546 56.4636103526293 0.0 0.0
-428.5 -25.75 178.5 51.0 464.2272128522245 57.13594924967265 0.0 0.0
-358.5 -25.75 228.5 51.75 425.1737591697424 57.80257058285753 0.0 0.0
-246.5 -25.75 194.0 52.25 313.8345248103888 58.2531881535064 0.0 0.0
-222.0 -26.0 134.0 53.0 267.2977301089742 59.03559527319147 0.0 0.0
-203.0 -27.5 118.0 53.0 240.50067943301354 59.71631209230624 0.0 0.0
7.5 -51.25 186.5 65.25 186.72914327326689 83.58934876298193 0.0 0.0
82.25 -110.64285714285714 168.25 89.92857142857143 201.7209477285706 144.3609491484141 0.0 0.0
153.5 -181.21428571428572 166.5 99.64285714285714 226.60220139542767 211.03669662388222 0.0 0.0
146.5 -251.78571428571428 168.0 109.35714285714286 223.07988840529487 277.71244409935036 0.0 0.0
147.0 -322.3571428571429 149.03571428571428 119.07142857142857 213.48429448359167 344.38819157481845 0.0 0.0
163.0 -635.25 105.17857142857143 310.0 209.06024309780778 706.8555134111323 0.0 0.0
179.0 -686.25 61.32142857142858 341.25 204.6361917120239 766.4368194728191 0.0 1.0
195.0 -683.25 17.464285714285722 363.0 200.21214032624002 773.7187115864015 0.0 1.0
216.5 -684.5 66.5 353.5 227.89871133855453 770.391597524857 0.0 1.0
235.5 -634.5 138.5 352.5 273.4253689840332 725.9302128439556 0.0 1.0
226.5 -621.75 143.0 347.0 267.91614102962194 712.1548163468528 0.0 1.0
229.5 -624.5 153.0 342.25 275.8415447454913 712.1400893700278 0.0 1.0
234.5 -592.25 155.5 351.0 281.38904235570885 688.6942860564719 0.0 1.0
237.5 -580.5 153.5 353.0 282.8149459562787 679.4042584536326 0.0 1.0
244.5 -579.5 149.0 352.0 286.3240294976368 678.029816911104 0.0 1.0
253.5 -577.5 148.5 351.0 293.79720822927976 675.8013262492293 0.0 1.0
286.0 -575.25 152.0 349.5 323.9185149619731 673.0994389857246 0.0 1.0
301.0 -575.75 161.0 348.25 341.3536059516623 672.8836000801452 0.0 1.0
308.0 -577.5 178.0 346.0 355.7483600805918 673.2183790244381 0.0 1.0
311.5 -578.0 192.5 345.0 366.20958982553077 673.1337650655412 0.0 1.0
370.2857142857143 -577.75 216.28571428571428 345.5 428.8885607439073 673.1763950403806 0.0 1.0
450.0 -579.0 256.0 344.0 517.7999051731608 673.4826488084858 0.0 1.0
529.7142857142857 -580.0 295.71428571428567 341.0 606.7112496024145 672.8171176603206 0.0 1.0
582.0 -580.5 314.0 343.0 661.3342915275847 674.2660245230727 0.0 1.0
582.5 -582.0 361.5 340.0 685.5670902956417 674.0369953473837 0.0 1.0
570.0 -617.5 366.5 342.75 677.6735874342971 706.4210913312804 0.0 1.0
567.5 -588.0 353.5 336.0 668.5946765903818 677.2311530232587 0.0 1.0
566.25 -590.75 334.5 329.75 657.87237327917 676.5649172607468 0.0 1.0
564.5 -608.0 315.5 318.25 646.684824300087 686.3863058663649 0.0 1.0
559.0 -616.75 306.0 319.0 637.3069647534938 694.3700164475472 0.0 1.0
552.5 -606.75 297.0 318.25 627.2706520333707 685.1739351045887 0.0 1.0
554.5 -616.75 304.0 311.0 632.372115502682 690.7980947662925 0.0 1.0
551.0 -600.0 332.0 323.5 643.3345116808143 681.6541214816137 0.0 1.0
555.0 -612.0 367.5 337.75 665.6518407837582 699.0137072075136 0.0 1.0
560.0 -610.25 386.5 345.5 680.4470626871844 701.26697997259 0.0 1.0
561.0 -608.5 401.0 347.5 689.5904481668144 700.734795821674 0.0 1.0
566.5 -604.25 408.0 349.5 698.1314117481209 698.0489103566987 0.0 1.0
575.5 -595.5 399.5 352.0 700.571610398192 691.7565675258659 0.0 1.0
589.0 -584.75 385.5 353.25 703.9408974666483 683.1705934471873 0.0 1.0
600.0 -558.5 378.5 354.25 709.4119650552298 661.3881211921523 0.0 1.0
600.0 -563.0 378.5 350.75 709.4126758433297 663.3243785582702 0.0 1.0
587.5 -556.25 387.5 347.75 703.7850909628969 656.0460951329757 0.0 1.0
583.0 -550.0 397.5 346.75 705.6230092238619 650.181504497471 0.0 1.0
569.0 -588.75 412.5 327.5 702.8161387606056 674.1221851168882 0.0 1.0
546.5 -660.5 416.5 330.0 687.1214736590632 738.5890719850233 0.0 0.0
535.5 -665.0 420.0 329.0 680.5600562215318 742.0736921415305 0.0 0.0
533.5 -694.25 428.5 328.5 684.2766661783262 768.8463313665263 0.0 0.0
530.0 -638.75 428.5 324.0 681.5514662739081 716.5756140646768 0.0 0.0
526.0 -423.7678571428571 431.5 300.80357142857144 680.3447361136875 520.4963558497876 0.0 0.0
526.5 -360.8392857142857 451.0 264.0178571428571 693.2581444841719 451.1649731973514 0.0 0.0
522.0 -297.9107142857143 462.5 227.23214285714286 697.417198081856 381.83359054491507 0.0 0.0
519.0 -234.98214285714286 470.5 190.44642857142856 700.5224827239037 312.50220789247885 0.0 0.0
514.5 -172.05357142857142 482.5 153.66071428571428 705.3488964139542 243.1708252400426 0.0 0.0
504.0 -109.12499999999997 498.0 116.87500000000001 708.5337843060688 173.83944258760633 0.0 0.0
478.0 -46.196428571428584 481.5 80.08928571428571 678.5668593711475 104.50805993517008 0.0 0.0
391.18181818181813 1.5 441.5113636363636 51.0 669.2519539942525 51.024955254965214 0.0 0.0
280.0909090909091 2.0 414.1931818181818 55.0 678.5685773995571 55.11894274092013 0.0 0.0
169.0 5.5 386.875 58.25 687.8852008048616 58.511402674701586 0.0 0.0
57.90909090909091 -14.5 359.5568181818182 29.25 697.201824210166 32.646960241855865 0.0 0.0
-53.181818181818215 -14.0 332.2386363636364 26.0 706.5184476154707 29.530133356035748 0.0 0.0
-164.27272727272725 -13.0 304.92045454545456 21.5 715.8350710207751 25.126973520219703 0.0 0.0
-275.3636363636364 -15.5 277.60227272727275 19.0 725.1516944260796 24.520503619443993 0.0 0.0
-386.4545454545455 -15.5 250.28409090909093 17.0 734.4683178313842 23.014402113696505 0.0 0.0
-497.54545454545456 -16.25 222.96590909090912 14.25 743.7849412366886 21.641310473772734 0.0 0.0
-608.6363636363637 -17.75 195.64772727272728 10.25 753.1015646419933 20.511579522821002 0.0 0.0
-719.7272727272727 -19.75 168.32954545454547 5.75 762.4181880472977 20.766503825799653 0.0 0.0
-806.0 -19.25 307.5 7.25 869.5456732655291 20.579162268190597 0.0 0.0
-679.5 -19.25 171.5 7.75 700.8829756144703 20.75196856208674 0.0 0.0
-665.5 -18.75 203.0 8.25 695.8030842541957 20.491634072876188 1.0 0.0
-630.0 -17.0 224.5 9.0 668.811061458417 19.24045995144933 0.0 0.0
-614.5 -17.0 254.5 11.0 665.1454699837755 20.252808477230943 1.0 0.0
-596.0 -18.0 288.5 12.25 662.1854933000553 21.781806337234173 1.0 0.0
-582.5 -17.0 299.5 13.5 654.9873142482519 21.711825052288965 1.0 0.0
-575.5 -16.5 314.5 16.5 655.8309991122106 23.43110012114684 1.0 0.0
-559.5 -15.5 322.0 19.75 645.5422747999605 25.12062814425476 1.0 0.0
-516.0 -14.5 309.5 22.0 601.7039893740043 26.35772672891833 1.0 0.0
-495.5 -14.0 311.5 22.5 585.2798507373112 26.5 1.0 0.0
-476.5 -14.25 304.5 22.25 565.501521706797 26.424312126255398 1.0 0.0
-451.0 -14.0 303.5 21.5 543.613461273704 25.656799859075328 1.0 0.0
-425.0 -13.5 307.0 19.75 524.2847387975719 23.92346973764508 1.0 0.0
-394.5 -13.0 314.5 18.25 504.5238350290283 22.408285991004348 1.0 0.0
-224.0 -12.75 278.0 17.25 364.9121854009982 21.460279269205564 0.0 0.0
39.5 -12.25 266.0 16.5 272.9720171540386 20.551223653793805 0.0 0.0
88.0 -12.75 264.0 15.5 278.3452945216196 20.071118037941893 0.0 0.0
51.5 -13.0 255.5 14.5 260.6963872478947 19.474342094150447 0.0 0.0
32.0 -14.0 247.5 14.0 249.65799745226963 19.802147354761548 0.0 0.0
30.0 -14.0 238.0 14.0 239.969898909427 19.802147354761548 0.0 0.0
65.75 -15.5 302.25 13.5 311.67273215520527 20.557428743034443 0.0 0.0
122.75 -15.5 393.25 13.0 413.73287513695396 20.230022802612478 0.0 0.0
168.0 -15.0 463.0 13.0 492.5407393615395 19.8530301301886 0.0 0.0
158.5 -15.5 464.0 13.5 490.3295915187491 20.557428743034443 0.0 0.0
132.0 -17.025 455.0 16.35 473.8381999002972 23.637293083984275 0.0 0.0
81.5 -19.725 487.5 20.15 496.2249511131124 28.24643576848256 0.0 0.0
25.5 -22.425 507.5 23.95 508.1590180214233 32.855578452980836 0.0 0.0
21.0 -25.125 489.5 27.75 489.95095165366035 37.46472113747912 0.0 0.0
13.5 -27.825 478.5 31.549999999999997 478.69067684219135 42.0738638219774 0.0 0.0
13.5 -0.0 470.0 60.0 470.19499905917314 60.960919213026145 0.0 0.0
27.0 -7.25 463.5 35.0 464.2861496961365 35.92650522758825 0.0 0.0
66.0 -10.25 380.5 34.5 386.18894832559255 36.13307650707385 0.0 0.0
59.5 -7.75 376.0 36.0 380.6871935983228 36.82641385681547 0.0 0.0
53.5 -8.75 378.0 40.5 381.767593033199 41.48937649351669 0.0 0.0
53.5 -9.0 383.0 35.25 386.71888396518324 36.38696907326457 0.0 0.0
29.0 -13.0 387.0 33.25 389.23643730438755 35.724199329255526 0.0 0.0
-58.5 -11.5 354.5 36.5 359.2971695107932 38.268786236304905 0.0 0.0
-61.0 -12.5 344.0 37.0 349.367050478848 39.0547770999128 0.0 0.0
-63.0 -12.5 337.0 36.75 342.83865055727716 38.81776630903893 0.0 0.0
-60.5 -14.0 332.5 38.25 337.95931707825423 40.73339748215342 0.0 0.0
-52.5 -13.5 326.0 40.5 330.2003275586179 42.69074841227312 0.0 0.0
-46.125 -14.375 315.375 40.75 318.74213907726056 43.21253649248693 0.0 0.0
23.0 -14.5 219.25 41.5 221.57718424226164 43.962743361984565 0.0 0.0
48.5 -15.5 185.25 42.5 191.56359434234156 45.23825814507008 0.0 0.0
57.5 -16.5 184.75 42.5 193.52241321180142 45.59056920021947 0.0 0.0
68.25 -17.0 190.25 42.5 202.18230277965958 45.776254988672534 0.0 0.0
76.5 -17.0 195.0 43.5 209.5020683186827 46.706176037906594 0.0 0.0
76.25 -16.0 198.5 43.0 212.65632892113854 45.881222701441274 0.0 0.0
69.75 -15.5 200.75 42.5 212.53870217536002 45.23825814507008 0.0 0.0
59.5 -15.5 201.25 42.5 209.89518388190208 45.23825814507008 0.0 0.0
88.5 -16.5 191.0 42.5 212.70807271647513 45.59056920021947 0.0 0.0
107.25 -15.5 181.5 41.5 210.9194672170956 44.30011286667337 0.0 0.0
89.0 -15.0 181.0 42.5 201.8103561508895 45.07185719185274 0.0 0.0
67.75 -14.0 180.5 42.5 192.93037896476824 44.74760255025647 0.0 0.0
54.5 -13.0 181.0 42.0 189.08066387324146 43.965895873961216 0.0 0.0
-65.25 -12.0 184.5 41.5 207.47678485939926 43.20033903113538 0.0 0.0
-192.0 -12.5 178.75 40.5 262.4259707769537 42.38513890504548 0.0 0.0
-206.52777777777777 -12.0 175.27777777777777 40.5 271.61827028237707 42.243103887543626 0.0 0.0
-252.6388888888889 -12.0 182.38888888888889 40.5 314.0434597900498 42.24038352098617 0.0 0.0
-298.75 -10.5 189.5 39.5 356.4686492977225 40.87175063537161 0.0 0.0
-344.86111111111114 -10.5 196.61111111111111 39.5 398.8938388053952 40.87175063537161 0.0 0.0
-390.97222222222223 -10.0 203.72222222222223 39.5 441.3190283130679 40.7506930874261 0.0 0.0
-352.5 -11.0 108.0 39.5 375.8339445109725 41.00304866714181 0.0 0.0
-403.45000000000005 -10.5 44.8 39.0 406.3027272476194 40.39027743676971 0.0 0.0
-510.05 -10.5 73.19999999999999 38.5 515.5697878743996 39.90613987846983 0.0 0.0
-594.25 -10.5 148.75 38.5 614.7549981193351 39.90613987846983 0.0 0.0
-586.75 -10.5 230.25 38.0 631.0073569966584 39.423977475642914 0.0 0.0
-590.0 -11.0 262.0 37.5 645.5601467224899 39.084972503880834 1.0 0.0
-561.0 -11.25 264.0 36.5 620.0569158921694 38.194513990778084 1.0 0.0
-533.5 -10.5 265.0 35.5 595.6965984120995 37.025478020113546 1.0 0.0
-520.5 -10.5 271.5 34.5 587.0547848911382 36.06398147451349 1.0 0.0
-508.5 -10.75 269.0 36.0 575.268377948823 37.571530224718714 1.0 0.0
-496.0 -11.25 267.5 36.0 563.5362337843377 37.717627705415616 1.0 0.0
-484.5 -11.0 267.0 36.0 553.1991401342389 37.64306044943742 1.0 0.0
-476.0 -10.75 269.0 37.25 546.7513473550194 38.77139154423954 1.0 0.0
-417.5 -11.75 262.5 37.75 493.596820048457 39.53671750262646 1.0 0.0
-243.0 -11.75 193.0 37.5 310.32646125634574 39.29965786988204 0.0 0.0
-220.5 -12.0 184.5 38.5 287.5075702519283 40.32812891083054 0.0 0.0
-219.0 -12.5 184.0 39.0 286.0383384591266 40.95424275945045 0.0 0.0
-220.5 -12.75 186.0 39.25 288.47389036275496 41.26924729315697 0.0 0.0
-217.0 -13.0 192.0 40.75 289.7856727052542 42.77345290501043 0.0 0.0
-133.0 -13.0 205.0 41.0 244.37875889007563 43.01162633521314 0.0 0.0
-136.0 -12.75 207.5 42.0 248.09822497611393 43.8932765515861 0.0 0.0
-136.5 -13.25 209.0 42.0 249.62637030684533 44.04110969175972 0.0 0.0
-137.0 -12.0 208.5 43.0 249.48292419752374 44.64302857109943 0.0 0.0
-135.5 -12.25 208.0 43.5 248.24480638818318 45.19207396387853 0.0 0.0
-134.0 -12.0 206.5 44.0 246.16771988956663 45.6095680120271 0.0 0.0
-128.5 -11.5 206.0 44.0 242.79566272195 45.47801666739657 0.0 0.0
-100.5 -10.25 203.0 43.5 227.00117370245266 44.6914875110112 0.0 0.0
58.5 -10.0 157.5 42.5 173.04711661479178 43.66077319956702 0.0 0.0
105.5 -10.0 154.5 42.5 187.0859412046326 43.66077319956702 0.0 0.0
114.5 -9.5 165.0 42.0 200.83641553954635 43.06376473983744 0.0 0.0
121.0 -8.5 171.0 42.25 209.48388798402988 43.09992516108325 0.0 0.0
127.5 -8.0 174.0 42.75 215.71528961056023 43.492121294797755 0.0 0.0
127.5 -9.25 171.0 42.25 213.30375787140838 43.2511431828312 0.0 0.0
126.0 -9.5 163.0 42.5 206.02209652584915 43.54882317583335 0.0 0.0
118.5 -9.5 150.5 42.5 191.63758859399678 43.54882317583335 0.0 0.0
104.5 6.75 140.0 10.75 175.26330834359158 13.223442101699263 0.0 0.0
180.0 6.0 114.5 3.0 219.17435784303234 7.376625719176156 0.0 0.0
190.5 1.5 33.0 -3.25 193.34718378311737 3.9525624189766635 0.0 0.0
197.0 2.75 33.5 -2.5 199.82806866449323 3.7203293719430324 0.0 0.0
205.0 2.5 42.5 -3.0 209.35922301091543 3.9183482697270255 0.0 0.0
206.0 2.5 44.5 -4.5 210.75168077209742 5.1478150704935 0.0 0.0
197.5 3.75 46.0 -4.25 202.78989601665933 5.7754696539631745 0.0 0.0
198.5 5.25 46.0 -2.75 203.7624377725847 5.928009501496435 0.0 0.0
199.0 5.75 35.5 -3.75 202.1584085357867 6.865152478065314 0.0 0.0
259.0 5.5 2.0 -3.25 260.7872999503992 6.40574087018311 0.0 0.0
309.5 5.0 -27.5 -4.0 310.7193771449415 6.415044915701853 0.0 0.0
315.0 4.75 -24.0 -4.0 315.93528983365877 6.233619419272889 0.0 0.0
317.0 4.25 -19.5 -3.75 317.5993851067485 5.678865687494035 0.0 0.0
313.0 4.25 -17.5 -2.5 313.48888026338034 4.931040384497288 0.0 0.0
282.5 5.0 30.5 -4.5 287.05404840980043 6.763773638952289 0.0 0.0
96.0 6.0 141.0 -4.0 173.61108159075505 7.216452007802298 0.0 0.0
61.0 6.75 152.5 -4.0 164.28541788708839 7.847213254767711 0.0 0.0
64.5 6.75 157.0 -3.5 169.73854926484847 7.610584139968363 0.0 0.0
66.0 6.25 160.0 -3.0 173.08272783868108 6.9335572320687735 0.0 0.0
69.5 6.0 162.5 -2.0 176.74056564485335 6.324555320336759 0.0 0.0
67.0 7.25 159.5 -0.75 173.00090139901243 7.293858000525965 0.0 0.0
67.53571428571428 7.5 134.14285714285714 -0.75 152.47914232456517 7.541510582198616 0.0 0.0
72.25 7.0 109.0 -0.25 134.65624622424127 7.009601202601324 0.0 0.0
76.96428571428572 6.5 83.85714285714286 -0.25 116.83335012391737 6.509601202601324 0.0 0.0
7.5 7.0 109.0 0.0 134.94854732386233 7.0 0.0 0.0
130.5 8.75 65.0 -1.0 146.53796172156632 8.80700326122463 0.0 0.0
119.0 9.5 90.0 -0.75 149.2012380812472 9.533938667693905 0.0 0.0
78.5 9.75 -97.0 -0.25 131.51409056023283 9.756246098625198 0.0 0.0
-7.5 9.75 -145.0 -1.0 153.18101937905806 9.801181104196145 0.0 0.0
65.0 10.25 -151.5 -1.0 164.89622149000112 10.298693587992691 0.0 0.0
100.5 10.75 -155.5 -0.5 185.16358962395375 10.77268050859363 0.0 0.0
113.5 10.75 -158.0 -0.25 194.5415505860467 10.75594901040716 0.0 0.0
126.0 9.75 -162.5 -0.75 205.62650091176246 9.783641579475868 0.0 0.0
139.0 9.0 -167.5 -1.0 217.66429590993724 9.055385138137416 0.0 0.0
149.0 9.25 -172.5 -1.0 227.94390585636012 9.303935862704407 0.0 0.0
189.5 9.75 -162.5 -1.0 257.2704418768389 9.801181104196145 0.0 0.0
293.5 10.0 -185.5 -1.0 347.21647285061556 10.04987562112089 0.0 0.0
296.5 10.0 -191.0 0.25 352.71525919118585 10.006246098625198 0.0 0.0
300.5 10.0 -187.0 1.25 353.939143399592 10.10526561221798 0.0 0.0
308.5 9.25 -175.5 2.75 354.9284151430773 9.655137166349693 0.0 0.0
302.5 9.25 -180.5 3.25 352.28615476221864 9.805530673081716 0.0 0.0
328.0 8.5 -170.0 3.5 369.9284907564712 9.215552445252149 0.0 0.0
439.5 7.5 -164.5 3.5 469.276604639943 8.280022507931534 0.0 0.0
246.5 7.0 -129.0 3.0 278.22873189294893 7.615773105863909 0.0 0.0
363.0 6.5 -162.0 3.5 397.50861690558145 7.413437828395944 0.0 0.0
401.5 6.25 -188.5 4.0 443.54851523296907 7.421635656082426 0.0 0.0
407.5 6.75 -203.5 5.0 455.4897861712576 8.401467500235494 0.0 0.0
405.0 7.0 -208.5 4.5 455.51886468863773 8.332291507670588 0.0 0.0
206.0 6.75 -159.5 4.0 260.53880250915626 7.847213254767711 0.0 0.0
196.5 6.75 -163.0 4.0 255.30734886893345 7.847213254767711 0.0 0.0
236.0 3.5 -153.5 0.75 284.54237503724687 8.129571132170799 0.0 0.0
320.5 4.5 -176.5 3.25 365.89010538381115 6.247605120920693 0.0 0.0
317.0 -4.5 -176.0 -10.0 362.5814946608991 10.965951887695338 0.0 0.0
307.5 -7.25 -172.0 -11.5 352.33629499362024 13.617702627997204 0.0 0.0
297.5 -9.0 -167.0 -12.0 341.21598672599185 15.005334517433354 0.0 0.0
230.0 -9.5 -148.5 -11.75 274.55489621280844 15.117380160928107 0.0 0.0
128.0 -11.75 -148.5 -14.25 196.06904869785706 18.47292221895376 0.0 0.0
138.0 -12.0 -143.5 -14.0 199.0889821261681 18.43908891458577 0.0 0.0
155.0 -12.0 -141.5 -14.0 209.87912202643042 18.43908891458577 0.0 0.0
178.0 -6.0 -124.5 -7.0 217.2221749535901 9.302775637731994 0.0 0.0
331.5 -9.886363636363637 -85.5 -5.863636363636363 344.13170461045456 17.92621103840022 0.0 0.0
408.0 -11.068181818181818 -49.5 2.3181818181818183 411.00885092408043 21.82782575626718 0.0 0.0
429.0 -12.25 -22.5 10.5 429.5896305613078 25.72944047413414 0.0 0.0
437.5 -13.431818181818182 -11.5 18.68181818181818 437.6514653587325 29.6310551920011 0.0 0.0
479.625 -14.613636363636363 60.125 26.863636363636363 494.6396077867905 33.53266990986806 0.0 0.0
538.4583333333333 -9.25 156.29166666666669 41.0 573.2720237148571 42.77531589140129 0.0 0.0
597.2916666666667 -29.25 252.45833333333334 24.5 651.9044396429238 42.64550108964832 0.0 0.0
568.5 -27.0 365.0 51.25 675.5965014661525 59.677611221108435 0.0 0.0
569.5 -30.5 359.0 6.0 673.2096643100417 32.6508350148611 0.0 0.0
567.5 -37.5 358.0 5.75 670.9845908569123 38.33416814925181 0.0 0.0
571.5 -31.75 378.0 23.0 685.2492359165099 39.217056012613725 0.0 0.0
590.5 -34.0 411.0 11.0 719.4522474522494 36.13683141089298 0.0 0.0
592.5 -30.25 414.5 7.0 723.0961981238092 31.049816517866237 0.0 0.0
595.0 -30.75 411.0 5.5 723.150758172285 31.244236974595417 0.0 0.0
597.0 -30.0 411.5 6.5 725.0803900832541 30.69998034152772 0.0 0.0
598.0 -30.0 411.0 6.0 725.6204794557684 30.59411708155671 0.0 0.0
593.0 -30.0 410.0 6.5 720.9362080713322 30.704087294023246 0.0 0.0
590.5 -29.75 408.5 7.0 718.0270115893818 30.562489736544897 0.0 0.0
593.0 -30.25 402.5 6.5 716.6974729010583 30.942241805561075 0.0 0.0
594.5 -29.25 397.0 4.75 714.8702148389355 29.633444371999058 0.0 0.0
592.0 -28.75 392.5 4.0 710.2958890638013 29.031759715232038 0.0 0.0
591.5 -28.5 386.0 2.75 706.3060597219877 28.64089051659673 0.0 0.0
591.5 -27.5 379.0 1.5 702.5051083341073 27.544924933724495 0.0 0.0
591.0 -26.25 373.5 -0.25 699.1304804170896 26.25245074485685 0.0 0.0
590.0 -25.75 372.5 -1.75 697.7509790382861 25.8104445848501 0.0 0.0
589.0 -25.5 374.0 -2.0 697.7085194872961 25.578341014389753 0.0 0.0
589.0 -25.0 379.5 -0.75 700.6760150936664 25.01249575324679 0.0 0.0
589.0 -25.0 381.5 0.25 701.7599691494535 25.01249575324679 0.0 0.0
592.0 -25.0 382.5 1.5 704.8207104855162 25.049932207181257 0.0 0.0
596.5 -26.75 392.0 0.5 713.7771510603002 26.759611831257686 0.0 0.0
598.0 -29.75 397.0 -3.0 717.7835143846876 29.916605392394082 0.0 0.0
596.0 -31.5 399.0 -6.5 717.2288146961203 32.16599275800614 0.0 0.0
591.0 -34.0 398.0 -9.5 712.5203875514276 35.30290609968837 0.0 0.0
587.0 -37.5 396.5 -12.5 708.365680063687 39.52847075210474 0.0 0.0
584.0 -40.0 397.5 -13.5 706.4438642908142 42.21936094523018 0.0 0.0
582.5 -36.0 404.0 -7.5 708.8881567649671 37.06096038669449 0.0 0.0
582.5 -31.25 404.0 -1.0 708.8881567649671 31.26600511324925 0.0 0.0
581.5 -32.0 404.0 -2.5 708.0666766718477 32.18553955443995 0.0 0.0
581.5 -33.5 404.5 -5.0 708.3519715575667 33.8710791088799 0.0 0.0
582.5 -33.75 407.0 -5.0 710.602233646486 34.11837983187953 0.0 0.0
583.5 -34.5 409.5 -5.5 712.8551850795895 34.93812118200428 0.0 0.0
585.0 -38.0 413.0 -9.0 716.0964025129585 39.05831536994509 0.0 0.0
585.5 -40.75 415.5 -12.25 717.9488240932484 42.55257881581656 0.0 0.0
585.0 -33.0 415.5 -3.5 717.5411138046377 33.185128921780446 0.0 0.0
583.5 -35.0 412.0 3.931818181818181 714.2942903121959 38.319056713544825 0.0 0.0
583.5 -37.0 410.5 13.84090909090909 713.4300946834245 44.50134621667317 0.0 0.0
584.5 -39.0 413.0 23.75 715.6880139080488 50.6836357198015 0.0 0.0
584.5 -41.0 413.5 33.65909090909091 715.9766057630654 56.86592522292983 0.0 0.0
585.5 -43.0 414.5 43.56818181818181 717.370545812971 63.04821472605816 0.0 0.0
583.0 -34.75 415.0 28.0 715.6214082879299 46.59001471068417 0.0 0.0
580.5 -22.5 414.5 8.0 713.2955799813624 24.7408879905186 0.0 0.0
578.0 -27.5 414.0 5.5 710.971509061935 28.3753248334248 0.0 0.0
578.5 -27.0 413.0 10.5 710.7965506716318 28.97355978600122 0.0 0.0
575.0 -21.25 404.5 18.75 703.0304461654538 28.341656862189133 0.0 0.0
559.0 -21.5 367.0 20.0 668.7084450682571 29.36637605121294 0.0 0.0
555.5 -22.5 366.0 18.5 665.2339813930133 29.163010597683602 0.0 0.0
555.0 -20.25 367.0 17.25 665.3675675895241 26.74732842061665 0.0 0.0
554.5 -15.75 370.0 18.5 666.6110762799681 24.304473115308184 0.0 0.0
556.5 -9.25 383.0 18.5 675.5754751712027 20.683628791873055 0.0 0.0
568.5 -9.0 419.0 15.0 706.2287034443832 17.4928556845359 0.0 0.0
561.5 -10.5 425.0 14.5 704.2068233125833 17.9161250960424 0.0 0.0
562.5 -10.75 428.5 14.5 707.1202097397168 18.050537618869136 0.0 0.0
563.5 -9.75 428.5 13.0 707.9164548358394 16.251230827480672 0.0 0.0
558.0 -9.5 424.0 12.0 700.8200683966097 15.30694493520431 0.0 0.0
551.0 -9.25 410.0 10.5 686.8124185011346 14.002892313842809 0.0 0.0
555.0 -11.5 398.5 7.5 683.2480587802656 14.094647136510845 0.0 0.0
557.5 -11.75 394.0 8.5 682.6729939923389 14.512643484183094 0.0 0.0
559.0 -14.25 389.0 7.5 681.0303124381321 16.11287884235086 0.0 0.0
557.5 -14.75 383.5 7.0 676.6681062649154 16.32709377267573 0.0 0.0
559.5 -17.25 378.0 6.25 675.2218623494339 18.347955539957205 0.0 0.0
580.0 -17.5 376.0 7.5 691.2145300007367 19.03943276465977 0.0 0.0
578.5 -18.25 374.5 7.75 689.1389714036027 19.82748044637404 0.0 0.0
578.0 -18.5 372.0 9.5 687.3632058642801 20.797761175540998 0.0 0.0
580.0 -18.5 384.0 11.0 695.6016492665706 21.524760754914567 0.0 0.0
581.5 -18.0 387.5 12.0 698.7859114205667 21.633307652783937 0.0 0.0
581.0 -18.25 389.5 12.0 699.4797804873022 21.84219236199194 0.0 0.0
573.5 -18.75 388.5 12.5 692.7838688195336 22.541521581717127 0.0 0.0
566.0 -19.0 387.0 12.0 685.6585567005354 22.47220505424423 0.0 0.0
570.0 -18.5 383.0 12.0 686.7284515478556 22.052756353514084 0.0 0.0
575.5 -17.75 376.0 12.0 687.446342495753 21.42620141335344 0.0 0.0
573.5 -17.5 376.0 12.5 685.7779155127587 21.50966226525729 0.0 0.0
580.5 -17.25 379.5 13.0 693.5613651110484 21.600581957812167 0.0 0.0
588.5 -17.0 389.5 13.0 705.7239390805084 21.40093455903269 0.0 0.0
590.0 -17.25 386.5 13.0 705.3244071195738 21.600581957812167 0.0 0.0
588.5 -16.5 386.5 13.0 704.0700175415193 21.005951537600005 0.0 0.0
582.5 -16.75 384.0 13.0 697.6838322357146 21.20344304831635 0.0 0.0
584.5 -33.0 382.5 35.5 698.559588445542 48.66426582497278 0.0 0.0
589.0 -144.66666666666666 420.5 97.75 723.7368953872451 182.1881201772875 0.0 0.0
570.0 -327.3333333333333 404.5 96.75 698.9776608875846 353.7332786086339 0.0 0.0
584.0 -510.0 403.0 95.75 709.5540067536874 525.2784370399803 0.0 0.0
593.5 -633.5 400.5 186.5 715.9963690623786 666.7053156574509 0.0 0.0
605.0 -563.25 405.5 295.25 728.3242256812947 636.4449552147631 0.0 0.0
591.5 -529.0 395.5 306.25 711.5423960658381 611.2538608830333 0.0 1.0
579.5 -525.5 405.0 312.5 706.9983415511789 611.4053936182871 0.0 1.0
599.0 -525.75 421.0 311.75 732.1565034257014 611.230710745037 0.0 1.0
590.5 -525.0 416.5 314.0 722.6086988900927 611.7404303917349 0.0 1.0
587.5 -524.75 422.5 318.5 723.6467303683498 613.8444667739292 0.0 1.0
587.0 -545.25 428.5 324.25 726.7608526247213 634.379438883407 0.0 1.0
582.0 -545.5 433.5 327.25 725.7039951369666 636.1311298270325 0.0 1.0
488.09375 -546.75 426.875 331.0 743.1741389718038 639.1376009653701 0.0 1.0
361.5520833333333 -533.75 417.375 337.25 765.0001235902603 631.3704317972577 0.0 1.0
235.01041666666666 -537.5 407.875 334.0 786.8261082087167 632.8314592572922 0.0 1.0
108.46874999999997 -540.0 398.375 331.0 808.6520928271732 633.3727180736473 0.0 1.0
-18.072916666666686 -544.75 388.875 331.25 830.4780774456298 637.5571786107508 0.0 1.0
-144.61458333333337 -548.25 379.375 331.75 852.3040620640862 640.8089851207994 0.0 1.0
-271.15625000000006 -546.25 369.875 333.25 874.1300466825427 639.8786071790407 0.0 1.0
-397.6979166666667 -550.0 360.375 333.5 895.9560313009991 643.2124977084275 0.0 1.0
-524.2395833333334 -551.25 350.875 333.0 917.7820159194557 644.0241697620838 0.0 1.0
-650.7812500000001 -551.25 341.375 333.0 939.6080005379122 644.0235753011824 0.0 1.0
-777.3229166666667 -555.25 331.875 329.5 961.4339851563686 645.6592644152611 0.0 1.0
-903.8645833333334 -561.0 322.375 328.0 983.2599697748251 649.8501260378902 0.0 1.0
-665.5 -561.0 264.0 327.5 715.954110902027 649.5979557971851 0.0 1.0
-611.5 -562.0 266.5 327.5 667.0492487990068 650.4630043521199 1.0 1.0
-588.5 -585.75 274.0 308.75 649.2078353091756 662.1489659044614 1.0 1.0
-573.0 -581.75 283.0 308.25 639.0964483125817 658.3711365772474 1.0 1.0
-570.5 -581.25 284.0 308.75 637.2822631209046 658.16429881051 1.0 1.0
-558.0 -581.5 283.0 309.25 625.6620493851881 658.6190329124613 1.0 1.0
-560.5 -595.75 287.0 306.5 629.705730426519 669.9772630249645 1.0 1.0
-565.5 -594.25 293.0 308.75 636.9001421202215 669.6772955758628 1.0 1.0
-561.0 -620.5 294.0 301.25 633.3695603674051 689.7700132294783 1.0 1.0
-560.0 -614.25 297.5 304.75 634.1188430879705 685.7501015706575 1.0 1.0
-560.0 -615.5 299.0 304.0 634.8239580714231 686.5304752964951 1.0 1.0
-556.5 -606.25 302.0 307.75 633.1638924419312 679.8939704144127 1.0 1.0
-535.0 -604.25 284.0 306.75 605.7708228787708 677.6564274474556 1.0 1.0
-517.5 -594.0 266.0 305.0 581.8644854821857 667.7288962980738 1.0 1.0
-515.5 -589.75 263.5 301.5 578.9415128175101 662.3519141002221 1.0 1.0
-512.0 -701.75 262.0 299.25 575.1421031666974 763.0375665048562 1.0 0.0
-511.0 -740.0 260.0 294.5 573.3423515547527 796.8597426536472 1.0 0.0
-510.0 -506.0 263.5 281.5 574.0613653255296 579.6436142461139 1.0 0.0
-509.0 -260.3719512195122 276.0 145.21341463414635 579.0158114275541 300.58951670011413 1.0 0.0
-511.0 -241.859756097561 275.5 140.0670731707317 580.5353487429345 291.75148046853064 1.0 0.0
-509.0 -223.34756097560975 266.0 134.9207317073171 574.314412805616 282.91344423694716 1.0 0.0
-503.5 -204.83536585365852 254.0 129.77439024390245 563.9401114341943 274.07540800536367 1.0 0.0
-500.0 -186.3231707317073 242.5 124.6280487804878 555.7038010820106 265.2373717737803 1.0 0.0
-502.5 -167.8109756097561 203.5 119.48170731707316 542.1438685519852 256.3993355421968 1.0 0.0
-497.5 -149.2987804878049 200.625 114.33536585365854 536.430776558801 247.56129931061332 1.0 0.0
-494.0 -130.78658536585365 203.75 109.1890243902439 534.3716373303699 238.72326307902983 1.0 0.0
-491.5 -112.27439024390245 208.0 104.04268292682926 533.7013191942408 229.88522684744638 1.0 0.0
-492.25 -93.76219512195122 212.75 98.89634146341464 536.2644010106804 221.04719061586292 1.0 0.0
-494.75 -75.25 225.5 93.75 543.7495287475958 212.20915438427946 1.0 0.0
-493.25 -56.73780487804879 238.5 88.60365853658536 547.9119714096187 203.37111815269597 1.0 0.0
-489.75 -38.22560975609757 285.0 83.45731707317074 566.6952079132654 194.5330819211125 0.0 0.0
-445.15625 -19.713414634146346 288.5 78.3109756097561 556.8365587154631 185.69504568952905 1.0 0.0
-323.78125 -1.2012195121951095 300.5 73.16463414634146 565.6769901140926 176.8570094579456 1.0 0.0
-202.40625 17.3109756097561 312.5 68.01829268292683 574.5174215127221 168.0189732263621 1.0 0.0
-81.03125 35.82317073170731 324.5 62.87195121951219 583.3578529113515 159.18093699477865 1.0 0.0
40.34375 54.335365853658516 336.5 57.72560975609756 592.1982843099811 150.3429007631952 1.0 0.0
161.71875 72.84756097560972 348.5 52.579268292682926 601.0387157086107 141.50486453161173 0.0 0.0
283.09375 91.35975609756099 360.5 47.43292682926829 609.87914710724 132.66682830002827 0.0 0.0
404.46875 109.8719512195122 372.5 42.286585365853654 618.7195785058695 123.82879206844481 0.0 0.0
604.0 103.5 425.25 57.0 739.177368957261 118.48390315464138 0.0 0.0
788.0 93.5 458.75 49.5 911.8100782648663 105.80649485948058 0.0 0.0
721.25 87.5 431.75 63.0 840.7304136634536 108.0091184611837 0.0 0.0
703.5 111.5 424.75 89.0 821.7995410889732 142.7453116496613 0.0 0.0
689.0 152.5 411.75 113.0 802.663261349147 189.80342096984708 0.0 0.0
677.0 153.5 402.75 114.0 787.763233137597 191.2025395451714 0.0 0.0
670.25 154.0 395.5 115.0 778.2386894615269 192.2008337639648 0.0 0.0
651.0 154.0 393.0 117.5 760.4338666720313 193.70660804422755 0.0 0.0
622.25 154.5 392.5 118.0 735.7318087558124 194.40743298547 0.0 0.0
577.75 154.0 388.75 120.0 696.4111840986559 195.2331938989884 0.0 0.0
539.5 154.5 384.0 121.5 662.2837098685713 196.55191291459818 0.0 0.0
505.5 154.875 384.5 121.25 635.120815387915 196.69278855425546 0.0 0.0
476.5 155.25 382.5 121.5 611.0315311556888 197.14236636839104 0.0 0.0
475.0 152.25 382.0 123.5 609.5483178664331 196.04174498679686 0.0 0.0
497.0 151.75 380.0 122.75 625.6282535342566 195.18100927025682 0.0 0.0
538.5 148.25 381.5 124.25 659.9434628030301 193.43248424748936 0.0 0.0
571.5 148.5 384.5 123.75 688.805822965997 193.30372188235935 0.0 0.0
614.0 148.5 390.0 123.0 727.3898552973594 192.8256871578444 0.0 0.0
630.0 149.5 394.5 122.75 743.3251604292197 193.4368834888015 0.0 0.0
617.5 150.25 397.0 123.5 734.1097178658091 194.4925815128957 0.0 0.0
584.0 150.5 404.0 124.0 710.1690640664802 195.0032051018649 0.0 0.0
557.0 151.75 408.5 125.75 690.7436905912381 197.0818330345009 0.0 0.0
535.0 152.0 417.0 126.75 678.330943683125 197.91311064551417 0.0 0.0
512.0 153.25 423.0 128.0 664.1351785920496 199.67370428721162 0.0 0.0
476.5 153.25 427.0 128.25 639.8291657499617 199.83430391656324 0.0 0.0
450.0 153.75 438.5 128.75 628.3171053485846 200.53854744451058 0.0 0.0
389.29999999999995 155.0 497.70000000000005 129.0 644.4915630903783 201.65838019600912 0.0 0.0
307.70000000000005 154.25 575.3 128.5 664.6495128221181 200.76256779810183 0.0 0.0
247.5 154.25 632.5 129.5 679.2011327211504 201.40348028058264 0.0 0.0
232.0 154.75 639.5 130.25 680.2938340063613 202.26869732356556 0.0 0.0
239.0 155.25 632.5 131.0 676.154877952405 203.13446606331192 0.0 0.0
217.0 155.75 682.0 132.25 715.6906309777196 204.3239902969826 0.0 0.0
195.5 156.75 674.5 132.75 702.4719067124208 205.41076231376385 0.0 0.0
199.03125 158.0 635.421875 131.0 676.7520842778417 205.24904938170337 0.0 0.0
228.40625 158.5 585.984375 128.0 651.8842756518902 203.73416962734132 0.0 0.0
257.78125 158.75 536.546875 128.0 627.0164670259389 203.92788975715445 0.0 0.0
287.15625 167.25 487.109375 167.0 602.1486583999877 236.35057412779236 0.0 0.0
316.53125 168.5 437.671875 168.25 577.2808497740364 238.11886563015014 0.0 0.0
345.90625 169.0 388.234375 168.5 552.4130411480851 238.6498481015704 0.0 0.0
375.28125 169.25 338.796875 167.75 527.5452325221337 238.29734577304134 0.0 0.0
404.65625 82.0 289.359375 154.75 502.67742389618235 190.16414859938703 0.0 0.0
448.0 9.700000000000001 302.5 136.55 540.6373221902427 142.10847923326358 0.0 0.0
486.0 29.300000000000004 325.0 127.94999999999999 584.6617886600391 140.8032703614997 0.0 0.0
526.5 48.900000000000006 350.5 119.35 632.4974078757243 139.4980614897358 0.0 0.0
533.0 68.5 377.0 110.75 652.8538339251645 138.19285261797194 0.0 0.0
508.0 88.1 394.0 102.15 642.8893687727247 136.88764374620803 0.0 0.0
498.0 156.5 432.5 112.0 659.602061100238 192.68112369391656 0.0 0.0
476.5 160.75 438.0 152.25 647.2654479774069 221.4544860873637 0.0 0.0
458.0 166.0 439.0 169.0 634.4185001639237 236.92814321458252 0.0 0.0
374.0576923076923 169.0 414.28846153846155 173.75 597.7863060020184 242.38572415987636 0.0 0.0
266.1346153846154 169.5 382.6730769230769 174.0 552.7536938858348 242.91302333560708 0.0 0.0
158.21153846153845 169.5 351.05769230769226 175.25 507.7210817696514 243.80952477731452 0.0 0.0
50.28846153846155 170.0 319.4423076923077 177.0 462.6884696534679 245.41597381464817 0.0 0.0
-57.63461538461539 170.0 287.8269230769231 176.0 417.6558575372844 244.69675079512317 0.0 0.0
-165.55769230769232 170.5 256.21153846153845 175.5 372.62324542110105 244.684490722236 0.0 0.0
-261.375 170.25 232.70833333333331 176.25 351.08171267809337 245.05023206125094 0.0 0.0
-320.875 168.25 233.54166666666669 177.25 400.01341805461334 244.38931597442183 0.0 0.0
-380.375 167.5 234.375 179.5 448.9451234311333 245.51367673370743 0.0 0.0
-444.0 168.75 247.0 178.75 508.08125832578236 245.8213276008184 0.0 0.0
-558.5 169.5 262.0 177.75 616.9010588398417 245.6151703126395 0.0 0.0
-419.4078947368421 169.75 255.32894736842104 175.5 614.616046296092 244.16301579650695 1.0 0.0
-270.61842105263156 203.75 262.4342105263158 156.5 651.5601085512707 256.9186761962069 1.0 0.0
-121.82894736842107 204.75 269.5394736842105 153.0 688.5041708064493 255.6005192501789 1.0 0.0
26.96052631578948 205.0 276.64473684210526 151.5 725.4482330616279 254.90652857275438 1.0 0.0
175.74999999999994 206.0 283.75 150.25 762.3922953168067 254.9731537505766 1.0 0.0
324.5394736842105 204.73125 290.85526315789474 145.46875 799.3363575719852 251.33186585268578 0.0 0.0
473.32894736842104 201.65625 297.9605263157895 139.34375 836.2804198271639 246.0021173463517 0.0 0.0
622.1184210526316 198.58125 305.0657894736842 133.21875 873.2244820823425 240.6723688400176 0.0 0.0
770.907894736842 195.50625000000002 312.17105263157896 127.09375 910.1685443375212 235.3426203336835 0.0 0.0
850.5 192.43124999999998 371.0 120.96875 929.9541574975301 230.01287182734944 0.0 0.0
833.0 189.35625 414.5 114.84375 930.4814975701953 224.68312332101533 0.0 0.0
752.25 186.28125 388.75 108.71875 846.773320859161 219.35337481468125 0.0 0.0
668.5 183.20625 355.0 102.59375 756.9253664902164 214.02362630834716 0.0 0.0
580.0 180.13125000000002 331.5 96.46875 668.0865703750483 208.69387780201308 0.0 0.0
507.5 177.05624999999998 319.5 90.34375 599.7235424554519 203.364129295679 0.0 0.0
451.0 173.98125 308.5 84.21875 546.4470717699708 198.03438078934488 0.0 0.0
424.0 170.90625 305.0 78.09375 522.3384588304643 192.7046322830108 0.0 0.0
426.5 167.83125 309.0 71.96875 526.6730433092005 187.3748837766767 0.0 0.0
434.5 164.75625000000002 325.5 65.84375 542.9006790615174 182.04513527034263 0.0 0.0
356.75 161.68124999999998 318.0 59.71875 554.3338409210016 176.71538676400854 0.0 0.0
245.08333333333331 158.60625 300.66666666666663 53.59375 558.7786596687274 171.38563825767443 0.0 0.0
133.41666666666666 155.53125 283.33333333333337 47.46875 563.2234784164532 166.05588975134035 0.0 0.0
21.74999999999997 152.45625 266.0 41.34375 567.668297164179 160.72614124500626 0.0 0.0
-89.91666666666669 149.38125000000002 248.66666666666669 35.21875 572.1131159119047 155.39639273867218 0.0 0.0
-201.58333333333337 146.30624999999998 231.33333333333334 29.09375 576.5579346596305 150.0666442323381 0.0 0.0
-313.25000000000006 147.0 214.0 27.0 581.0027534073563 149.47132320823314 0.0 0.0
-424.9166666666667 208.25 196.66666666666669 102.5 585.4475721550821 232.1600088530296 0.0 0.0
-536.5833333333334 209.75 179.33333333333334 105.5 589.8923909028078 234.78846231486028 0.0 0.0
-783.5 209.25 221.5 110.5 814.5303666662771 236.6383025988757 0.0 0.0
-599.5 210.25 206.5 109.0 634.103589882404 236.82638779659612 0.0 0.0
-545.0 213.25 223.5 109.75 589.0550306848047 239.83585090497337 1.0 0.0
-516.0 213.75 242.5 108.5 570.2113449629253 239.71154538009085 1.0 0.0
-528.5 213.75 280.5 108.0 598.3545867475932 239.48502084838913 1.0 0.0
-544.5 212.75 297.5 107.5 620.473010780679 238.3669947159945 1.0 0.0
-540.0 248.75 289.5 101.0 612.707685778681 269.18143226658304 1.0 0.0
-518.5 305.0 270.0 70.75 584.5878657726882 313.09937101905615 1.0 0.0
-500.0 312.5 250.0 79.25 559.0191857596951 322.3924180611744 1.0 0.0
-494.0 312.25 240.5 79.75 549.4327103650756 322.273420451496 1.0 0.0
-499.5 311.5 249.0 80.0 558.1231507882289 321.6094222279452 1.0 0.0
-513.0 311.0 262.0 80.5 576.0325211934758 321.24951361830887 1.0 0.0
-535.0 311.5 272.0 81.25 600.176120353007 321.9226179233056 1.0 0.0
-554.5 312.0 290.0 82.25 625.7571118392076 322.6593601206971 1.0 0.0
-559.5 313.0 290.0 83.5 630.190687761269 323.94780993400093 1.0 0.0
-558.5 313.5 286.0 83.5 627.4697579570521 324.42952479774794 1.0 0.0
-533.0 329.5 270.0 61.5 597.4855970456758 335.19818397030224 1.0 0.0
-519.5 317.75 269.0 44.25 585.014258887724 320.84003594448905 1.0 0.0
-511.0 307.75 273.5 30.25 579.5888637340349 309.24297179439225 1.0 0.0
-496.5 300.5 276.0 21.25 568.0576534240266 301.2580060168475 1.0 0.0
-404.4166666666667 293.25 281.625 12.0 578.1473437584943 293.5096026196538 1.0 0.0
-282.30555555555554 291.0 287.79166666666663 9.0 591.5351299706688 291.13914240257174 1.0 0.0
-160.19444444444443 291.75 293.95833333333337 9.5 604.9229161828432 291.9050709279989 1.0 0.0
-38.083333333333314 293.5 300.125 10.0 618.3107023950178 293.6703088326806 1.0 0.0
84.02777777777777 297.91666666666663 306.29166666666663 -0.16666666666666652 631.6984886071923 298.73667852760354 1.0 0.0
206.1388888888889 303.1388888888889 312.45833333333337 -13.722222222222221 645.0862748193667 304.8255580755533 0.0 0.0
328.25000000000006 308.3611111111111 318.625 -27.277777777777775 658.4740610315413 310.91443762350303 0.0 0.0
450.36111111111114 313.58333333333337 324.79166666666663 -40.83333333333333 671.8618472437158 317.0033171714528 0.0 0.0
572.4722222222223 343.0 330.95833333333337 -6.5 685.2496334558903 346.0120450251166 0.0 0.0
650.5 241.25 403.0 88.25 765.2335220324164 256.8894621118593 0.0 0.0
597.5 244.75 409.5 101.75 724.4280881913396 265.06801174133875 0.0 0.0
555.0 242.75 414.0 105.5 692.4100889094032 264.68688877802435 0.0 0.0
540.0 239.25 399.0 116.0 671.4178710272978 265.88845323534974 0.0 0.0
534.0 238.0 399.5 106.5 666.9026371430602 260.7535831072916 0.0 0.0
529.5 173.25 403.5 124.75 665.7222292688289 213.55060737154756 0.0 0.0
525.5 167.0 405.5 126.0 663.7624170226482 209.20124118040854 0.0 0.0
531.5 166.75 405.0 124.75 668.2228296236475 208.25044407591906 0.0 0.0
531.5 166.75 406.0 124.75 668.8266435371722 208.2506379451773 0.0 0.0
531.0 166.75 405.0 126.75 667.822200215467 209.45464358806367 0.0 0.0
531.5 166.5 408.0 126.0 670.0455728654218 208.80193964616325 0.0 0.0
532.5 166.0 414.5 126.0 674.8101380878302 208.4036741148451 0.0 0.0
531.5 153.0 413.0 137.5 673.099805577611 205.7511109305214 0.0 0.0
529.5 146.5 410.5 145.0 669.9858148596622 206.124355669096 0.0 0.0
527.5 146.25 412.5 146.0 669.6372285521884 206.6527117428468 0.0 0.0
524.5 146.5 413.0 146.25 667.5854050957263 207.00626461511808 0.0 0.0
519.0 146.5 416.0 147.5 665.1549137496048 207.89089076670297 0.0 0.0
513.5 147.0 421.0 147.75 664.022010625237 208.42047306104655 0.0 0.0
511.0 147.75 421.5 148.0 662.407537273019 209.1275788299917 0.0 0.0
510.0 159.25 421.5 172.25 661.6364149040731 234.58846577056607 0.0 0.0
509.0 159.25 420.5 171.0 660.2285555078777 233.67146575163065 0.0 0.0
508.5 159.5 421.0 170.25 660.1619086315661 233.29239532109187 0.0 0.0
561.0 159.25 404.5 170.25 691.6225395397387 233.12174900863428 0.0 0.0
562.5 156.1875 405.0 164.59375 693.1315426043114 226.9477148917984 0.0 0.0
566.0 152.4375 407.0 156.71875 697.1405884038026 218.6999408544799 0.0 0.0
573.0 148.6875 412.5 148.84375 706.0353451873649 210.4521668171614 0.0 0.0
584.0 144.9375 415.5 140.96875 716.7269147373261 202.20439277984292 0.0 0.0
593.5 150.0 411.0 171.0 721.9164293952439 227.48906893576088 0.0 0.0
592.0 155.5 408.5 184.0 719.2730109145007 240.90744247562444 0.0 0.0
520.5 157.0 412.5 185.0 664.1362762181489 242.63965051079347 0.0 0.0
507.5 157.0 403.5 189.5 648.3596650953461 246.0880975503847 0.0 0.0
509.5 156.25 399.0 188.75 647.1418448265363 245.03213850531176 0.0 0.0
520.0 162.0 397.0 181.5 654.2250934953747 243.44007438084168 0.0 0.0
520.5 168.5 392.5 173.0 651.9037209952539 241.49818158021344 0.0 0.0
505.0 168.5 383.5 172.5 634.1125113388243 241.1400008293937 0.0 0.0
494.5 168.25 382.0 171.0 624.8637397254626 239.89391873654358 0.0 0.0
500.0 168.25 382.5 170.75 629.5286043735459 239.71571706251927 0.0 0.0
566.0 168.5 357.5 170.25 669.4504580172134 239.53568299346847 0.0 0.0
558.0 168.5 356.5 170.0 662.1605386194503 239.36035241071392 0.0 0.0
551.0 170.0 362.0 169.0 659.2764946582217 239.7102417594017 0.0 0.0
549.0 168.75 369.0 170.5 661.4856004785897 239.88975937483957 0.0 0.0
556.5 170.5 369.5 196.75 667.9994009452129 260.76177517048376 0.0 0.0
573.5 167.25 365.5 300.75 680.0680284988769 344.4215710678925 0.0 0.0
576.5 167.0 392.5 330.5 697.4301379071176 370.29643416052255 0.0 0.0
582.0 167.5 389.0 332.0 700.032638367473 371.86059313081796 0.0 0.0
580.5 167.75 390.5 334.25 699.6220351279842 373.98414205386223 0.0 0.0
569.5 164.5 392.5 378.5 691.6594103861225 413.063766764126 0.0 0.0
518.0 161.25 397.5 461.75 652.9408338327805 489.12333529643297 0.0 0.0
500.5 161.5 380.0 471.0 628.4132417139131 497.91894551297594 0.0 0.0
495.5 160.75 375.5 470.5 621.7077362506257 497.20349576694247 0.0 0.0
498.5 160.0 382.5 469.75 628.3383876744779 496.25106647109624 0.0 0.0
507.5 158.5 387.5 467.75 638.5252740087071 493.875310836133 0.0 0.0
515.0 158.0 388.0 469.5 644.8026429471256 495.3728393846396 0.0 0.0
528.0 156.75 391.5 481.5 657.312362137985 506.39595759148574 0.0 0.0
540.0 153.75 404.5 505.25 674.7011866618494 528.1256690544976 0.0 0.0
550.0 154.75 414.0 504.75 688.4011115756593 527.940100420675 0.0 0.0
552.5 156.5 419.0 503.75 693.411260186271 527.5001061721247 0.0 0.0
548.5 157.5 421.0 502.5 691.4440641103304 526.6047116795496 0.0 0.0
542.0 156.75 419.0 525.0 685.0729946939398 547.9153184131229 0.0 0.0
541.5 158.25 421.5 547.25 686.2104469667972 569.6725068236404 0.0 0.0
542.0 157.0 425.5 550.0 689.0676678408629 571.9697386869714 0.0 0.0
537.0 155.5 422.0 551.5 682.9736596368518 573.0043825214774 0.0 0.0
534.0 153.75 413.0 553.0 675.0740700100989 573.9763027658264 0.0 0.0
532.0 153.75 409.0 553.75 671.0476883202862 574.6986645592544 0.0 0.0
532.5 154.5 406.0 553.75 669.6209748805663 574.8993972982706 0.0 0.0
535.0 150.75 404.5 599.0 670.7050465476722 617.6803896799652 0.0 0.0
536.0 151.25 402.0 603.5 670.0000671641997 622.1646184896433 0.0 0.0
538.0 152.5 401.0 604.0 671.0029883849695 622.9544646135192 0.0 0.0
539.0 152.75 399.5 600.5 670.9108276387801 619.6235576616715 0.0 0.0
538.0 155.0 399.5 594.75 670.1077069065516 614.6161757412149 0.0 0.0
534.0 155.0 399.0 592.25 666.6016787236501 612.1969180798476 0.0 0.0
513.0 155.25 383.0 597.25 640.2017277319758 617.0982238964298 0.0 0.0
511.0 156.0 382.5 599.75 638.3003523220852 619.7065027767773 0.0 0.0
503.5 156.0 383.0 603.5 632.6146865466828 623.3363861274267 0.0 0.0
411.9342105263158 156.75 371.35526315789474 608.0 636.922004148668 627.8810237832831 0.0 0.0
290.5131578947368 156.25 355.82894736842104 611.25 643.1956963617182 630.9046110058755 0.0 0.0
169.09210526315792 155.25 340.3026315789474 614.75 649.4693885747685 634.0526918737069 0.0 0.0
47.67105263157896 154.25 324.77631578947364 618.0 655.7430807878187 636.9597969199647 0.0 0.0
-73.74999999999994 116.5 309.25 626.75 662.016773000869 637.937423239497 0.0 0.0
-195.1710526315789 84.0 293.72368421052636 624.25 668.2904652139192 629.8765094718135 0.0 0.0
-316.59210526315786 84.0 278.1973684210526 621.75 674.5641574269695 627.3987715890244 0.0 0.0
-438.0131578947368 82.75 262.67105263157896 619.5 680.8378496400197 625.0023288719364 0.0 0.0
-559.4342105263157 83.25 247.14473684210526 619.25 687.11154185307 624.8209111367266 0.0 0.0
-649.125 4.25 241.125 601.25 692.534173289731 601.5412233567226 0.0 0.0
-622.0 -13.0 254.0 599.5 671.8816485753126 599.640934324452 0.0 0.0
-564.5 -13.5 262.0 602.0 622.4584916189951 602.1515233388109 1.0 0.0
-531.0 -13.5 255.5 605.0 589.2742123555979 605.1508263870455 1.0 0.0
-514.5 -14.0 254.5 606.0 574.0043051354871 606.1616945997165 1.0 0.0
-537.0 -14.0 247.5 604.75 591.291254262364 604.9120294199301 1.0 0.0
-530.5 -6.5 252.5 594.0 587.5268491913234 594.0816098357554 1.0 0.0
-529.5 39.785714285714285 251.0 563.8214285714286 585.9792603232156 570.8579464102826 1.0 0.0
-527.0 91.5 248.5 536.25 582.6501952286637 552.6674010488364 1.0 0.0
-529.0 143.21428571428572 252.0 508.67857142857144 585.9630420342779 534.4768556873903 1.0 0.0
-539.0 180.75 277.5 523.5 606.244578048882 553.9732924611865 1.0 0.0
-542.0 196.75 274.5 562.5 607.5477347501183 595.9168395996608 1.0 0.0
-543.5 197.75 277.0 565.5 610.0188817296959 599.0789657960422 1.0 0.0
-538.0 199.25 276.5 567.75 604.8957676705897 601.6982931503185 1.0 0.0
-537.0 200.0 276.0 568.75 603.7758438639034 602.8901801970435 1.0 0.0
-537.0 199.75 275.0 570.0 603.3191561513333 603.9872212858158 1.0 0.0
-541.0 200.5 274.5 571.0 606.6559558887934 605.1786926189652 1.0 0.0
-529.5 174.25 267.0 580.0 593.0236113380361 606.008526916399 1.0 0.0
-499.95000000000005 156.0 255.5 586.5 561.5726413763591 606.892302240137 1.0 0.0
-470.54999999999995 155.75 251.5 586.0 533.669496544838 606.3450428440779 1.0 0.0
-448.5 156.75 248.5 587.25 512.7421379211972 607.8101114101149 1.0 0.0
-446.5 157.5 259.0 588.25 516.1814119086429 608.9699467366823 1.0 0.0
-345.0 157.75 284.0 589.5 448.3479818303695 610.2421240450369 0.0 0.0
-118.0 157.75 255.0 587.5 281.2192152469012 608.3103239488003 0.0 0.0
-97.5 156.0 238.5 564.5 257.7213521764792 585.6595591136539 0.0 0.0
-116.0 158.0 229.0 559.5 256.7392251149166 581.381345129234 0.0 0.0
-138.5 158.5 228.5 558.0 267.2010227317258 580.0745480840151 0.0 0.0
-151.5 158.75 222.0 555.25 268.7773172538806 577.498161182865 0.0 0.0
-152.0 159.25 208.5 551.25 258.0275218898661 573.7941771248338 0.0 0.0
-151.5 141.75 203.0 433.25 253.31032525541082 455.90971461029847 0.0 0.0
-159.5 156.75 205.5 442.25 260.13555661875216 469.33311626188697 0.0 0.0
-162.0 161.75 201.5 493.0 258.5491320487994 519.230855339614 0.0 0.0
-162.5 158.5 201.0 547.0 258.4714000651223 569.5011499882967 0.0 0.0
-162.5 158.0 206.5 550.5 262.7709946090515 572.725287079588 0.0 0.0
-166.5 158.75 211.5 552.25 269.1737732279008 574.6148700709584 0.0 0.0
-194.125 159.75 213.09375 551.75 291.80371835017604 574.4118627189308 0.0 0.0
-282.625 159.75 217.46875 550.0 367.02591778278065 572.7305276068405 0.0 0.0
-371.125 159.0 221.84375 548.25 442.2481172153853 570.8406757007789 0.0 0.0
-459.625 159.0 226.21875 546.5 517.47031664799 569.1603293358139 0.0 0.0
-509.25 161.0 201.5 546.0 548.0270425323388 569.2432871859587 0.0 0.0
-503.75 160.0 221.75 548.5 550.5590826879461 571.360000350042 1.0 0.0
-524.0 161.0 219.0 549.0 567.9240525055998 572.1208178367841 1.0 0.0
-505.5 161.0 207.0 551.5 546.2661475670686 574.5200170577175 1.0 0.0
-521.75 161.0 217.5 553.0 565.2697366107689 575.9600850186804 1.0 0.0
-520.5 160.5 214.5 555.0 562.9705522265035 577.7415079427823 1.0 0.0
-508.75 160.5 217.75 556.0 553.3996193639621 578.7022118499289 1.0 0.0
-511.25 161.0 226.25 557.0 559.0772104291564 579.8016902355495 1.0 0.0
-514.0 160.5 230.0 559.5 563.1151114759346 582.0657179391344 1.0 0.0
-510.5 160.0 260.25 560.5 573.0119922584202 582.8898969578627 1.0 0.0
-508.75 160.0 257.5 560.0 570.2042855101117 582.4089895701202 1.0 0.0
-507.0 159.5 258.75 558.5 569.2126325051697 580.8291487175898 1.0 0.0
-504.75 149.0 262.25 541.5 568.8182880641336 561.672262833494 1.0 0.0
-510.0 140.6875 268.75 511.25 576.4801168724262 530.4910074178244 1.0 0.0
-517.0 144.9375 277.25 490.25 586.6525442862055 511.62259888551137 1.0 0.0
-520.5 149.1875 280.5 469.25 591.2704330998636 492.7541903531983 1.0 0.0
-521.5 153.4375 281.0 448.25 592.3879166118282 473.8857818208852 1.0 0.0
-521.0 163.5 281.0 470.5 591.947667531269 498.09956176714854 1.0 0.0
-519.25 162.5 280.5 497.0 590.1704545857259 522.89126154927 1.0 0.0
-518.0 164.5 281.0 511.5 589.3089184745747 537.3011478058395 1.0 0.0
-505.0 164.0 263.25 510.0 569.5459887986833 535.7202588289001 1.0 0.0
-491.5 164.0 247.5 514.0 550.2985999891373 539.5294245914674 1.0 0.0
-491.0 164.5 246.25 514.5 549.2905537499109 540.1580572515534 1.0 0.0
-491.0 165.25 246.5 516.25 549.4026301356774 542.0534302107967 1.0 0.0
-492.5 165.5 248.0 516.75 551.4166306604818 542.6065522285926 1.0 0.0
-493.0 165.5 272.5 517.25 563.5570911243924 543.0818214028841 1.0 0.0
-499.5 168.0 290.5 529.0 577.8325987446194 555.0392877388028 1.0 0.0
-499.0 170.75 290.5 543.5 577.4007493526094 569.6909867268952 1.0 0.0
-498.5 170.5 291.5 545.25 577.472510168233 571.2862457535077 1.0 0.0
-500.0 170.25 293.0 546.5 579.5248328553964 572.4052980528365 1.0 0.0
-502.0 169.75 295.0 546.5 582.261995665953 572.2563844122337 1.0 0.0
-526.0 169.25 298.5 546.0 604.7960428486658 571.6308997069818 1.0 0.0
-528.5 168.5 300.0 545.0 607.7107131885093 570.4535667450981 1.0 0.0
-531.5 170.0 303.0 545.0 611.8016711918906 570.8987582173011 1.0 0.0
-534.0 170.75 306.5 545.0 615.7095500315063 571.122202715914 1.0 0.0
-536.5 171.5 310.5 544.5 619.8729708577396 570.8701493660087 1.0 0.0
-534.5 170.75 312.0 545.5 618.897634760333 571.5995986709191 1.0 0.0
-535.5 171.5 310.0 548.5 618.757046993588 574.6868106639072 1.0 0.0
-534.5 327.75 307.0 431.5 616.3921511956903 546.3570753056028 1.0 0.0
-534.0 493.0 302.5 304.5 613.7281854131668 579.6590121877729 1.0 0.0
-532.5 507.0 299.5 296.75 610.9472178199583 587.4606212068617 1.0 0.0
-530.5 518.25 298.5 291.75 608.714431839499 594.7292423261144 1.0 0.0
-530.5 514.75 298.5 294.25 608.7139639291419 592.9172815725944 1.0 0.0
-530.5 514.0 300.0 314.75 609.450777339729 602.8953814866446 1.0 0.0
-517.0 510.5 303.0 331.0 599.3218287366108 608.4173963979501 1.0 0.0
-493.5 517.25 307.5 335.0 581.4626741335032 616.2571469444491 1.0 0.0
-494.5 517.25 309.0 335.5 583.104990371153 616.5288565898195 1.0 0.0
-494.5 516.25 308.5 335.5 582.8406470357642 615.6901258412464 1.0 0.0
-494.0 499.75 306.5 334.5 581.3589682803561 601.4651010110545 1.0 0.0
-491.5 505.0 306.0 343.5 578.9718733805964 610.7794470848814 1.0 0.0
-502.5 517.5 264.0 341.0 567.6295917470516 619.7480966430282 1.0 0.0
-499.0 518.5 259.0 335.75 562.2117444147391 617.7137818879571 1.0 0.0
-498.5 524.0 256.0 340.5 560.3913345404658 624.9131075772194 1.0 0.0
-499.0 527.0 253.5 342.0 559.6996532975036 628.2465309564508 1.0 0.0
-499.0 527.0 253.0 346.0 559.4729662816604 630.4346081493748 1.0 0.0
-499.0 528.0 252.5 347.5 559.2470384365034 632.0921012325107 1.0 0.0
-493.5 528.25 272.5 345.75 564.1378716165154 631.3408309126738 1.0 0.0
-469.0 527.5 287.5 342.0 550.147477043241 628.6658577253786 1.0 0.0
-498.5 497.75 297.0 309.4375 580.269020530779 586.1984070269609 1.0 0.0
-500.0 494.75 295.0 297.1875 580.5385986769975 577.5825934948675 1.0 0.0
-503.5 491.75 299.5 284.9375 585.8479262285418 568.9667799627742 1.0 0.0
-526.5 488.75 307.5 272.6875 609.7201705806399 560.3509664306808 1.0 0.0
-524.5 485.75 303.5 260.4375 605.9811349863589 551.7351528985874 1.0 0.0
-523.5 482.75 301.0 248.1875 603.8652581495312 543.1193393664942 1.0 0.0
-522.5 483.75 301.0 261.25 602.9987045648252 550.0827324819277 1.0 0.0
-520.5 509.75 301.5 323.75 601.5169882816599 603.9384345717442 1.0 0.0
-520.5 495.0 299.5 328.0 600.5170170905853 593.815385195125 1.0 0.0
-519.5 500.5 300.0 333.75 599.9002000333055 601.5752793991239 1.0 0.0
-519.5 488.33333333333337 300.0 320.625 599.9002000333055 584.3530119463803 1.0 0.0
-520.0 475.66666666666663 299.5 293.125 600.0839243350724 559.2968588877084 1.0 0.0
-522.0 463.0 298.5 265.625 601.3204253051172 534.2407058290363 1.0 0.0
-521.5 469.375 294.0 269.75 598.673224743032 541.8332226309519 1.0 0.0
-499.66666666666663 524.25 258.5416666666667 349.25 562.6943067814302 629.9315417357952 1.0 0.0
-492.33333333333337 528.5 240.70833333333331 357.0 548.3578502259103 637.9090226989342 0.0 0.0
-485.0 535.25 222.875 349.5 534.0213936703904 639.2521251892215 0.0 0.0
-480.0 530.5 227.0 348.75 531.1992210155704 634.8675857387389 0.0 0.0
-492.0 528.5 257.0 347.0 555.1005679281648 632.2360974107762 1.0 0.0
-502.0 529.0 255.0 342.5 563.0554550448171 630.196935679452 1.0 0.0
-509.5 524.0 262.0 343.5 572.9174595031894 626.5621557396253 1.0 0.0
-483.5 525.0 244.5 345.5 541.8052278785066 628.4872201327775 1.0 0.0
-467.5 528.75 244.0 345.75 527.4114706070523 631.7594550349633 1.0 0.0
-469.5 504.0 252.0 332.5 532.8751224487457 603.9091611895656 1.0 0.0
-507.5 528.0 251.0 340.0 566.1777547731807 628.0000178380468 1.0 0.0
-506.0 522.0 249.0 338.25 563.9480983458723 622.010686836549 1.0 0.0
-504.5 510.75 249.0 336.0 562.6022129355696 611.3771545917355 1.0 0.0
-505.0 498.5 249.0 339.0 563.0506628117123 602.8460243333745 1.0 0.0
-506.0 499.0 248.5 339.5 563.7271522309018 603.5407367316253 1.0 0.0
-505.5 503.5 249.0 341.25 563.4991126878551 608.2468667993112 1.0 0.0
-504.0 508.75 249.5 342.75 562.3759408091039 613.4364232936052 1.0 0.0
-513.0 508.5 272.0 343.75 580.6986596382712 613.788806162986 1.0 0.0
-514.0 514.0 285.0 336.75 587.7518126409918 614.4897279502882 1.0 0.0
-512.5 511.0 286.0 341.75 586.9206132594712 614.747157310335 1.0 0.0
-512.0 504.25 287.5 339.25 587.2121224981051 607.7488567590873 1.0 0.0
-511.5 512.75 291.5 325.0 588.7312629714852 607.0765469214882 1.0 0.0
-511.5 513.75 290.0 325.0 587.9925824372515 607.9238589933034 1.0 0.0
-510.5 516.0 290.0 326.5 587.1203028340955 610.6212103952687 1.0 0.0
-508.5 519.0 289.5 329.0 585.1345998998863 614.4933649794677 1.0 0.0
-508.0 519.0 291.5 327.0 585.6939107343959 613.4253954916386 1.0 0.0
-509.5 519.5 292.0 323.5 587.2484351688488 611.9909920557639 1.0 0.0
-507.0 521.5 292.0 316.25 585.0768026195396 609.9139136155964 1.0 0.0
-471.5 522.75 303.0 312.25 560.4652599322541 608.9073994524624 1.0 0.0
-476.0 523.0 306.0 315.25 565.873199079844 610.668157840615 1.0 0.0
-476.5 524.5 304.0 324.5 565.2152244941744 616.7679846641238 1.0 0.0
-477.0 532.0 303.5 326.0 565.3683065431799 623.9444552436032 1.0 0.0
-478.0 522.25 303.5 326.5 566.2124489236089 615.9190511288137 1.0 0.0
-483.0 517.25 302.0 327.25 569.6434256638115 612.0814152490335 1.0 0.0
-485.5 514.5 302.0 333.5 571.764216916516 613.13348957286 1.0 0.0
-487.0 513.5 302.5 334.5 573.3021189585522 612.8397148485458 1.0 0.0
-488.0 489.5 302.5 341.5 574.1518260847947 596.9070813169947 1.0 0.0
-488.5 467.1875 300.0 323.5 573.2647133170246 568.7038998661944 1.0 0.0
-487.5 453.4375 300.0 297.5 572.4128154841662 543.0763963953866 1.0 0.0
-486.5 439.6875 298.0 271.5 570.5141819370659 517.4488929245788 1.0 0.0
-485.5 425.9375 296.5 245.5 568.8782822361916 491.821389453771 1.0 0.0
-482.0 451.25 293.0 299.25 564.0684331044497 541.4937089055072 1.0 0.0
-502.0 484.5 254.5 341.75 562.8274099024947 592.9079632728265 1.0 0.0
-500.0 497.25 253.5 348.25 560.5913856480963 607.0780259893095 1.0 0.0
-501.0 495.5 251.5 346.5 560.5829555025732 604.6364083938513 1.0 0.0
-501.5 498.75 252.5 348.5 561.4852446217599 608.4437796578172 1.0 0.0
-501.5 502.75 247.5 345.0 559.2481560094767 609.7506239158391 1.0 0.0
-502.0 511.25 248.0 341.5 559.9178511174653 614.8187256722106 1.0 0.0
-533.0 518.25 282.5 337.75 603.2373536409962 618.5964539565337 0.0 0.0
-534.0 525.25 283.0 333.75 604.3551895875023 622.3197899104209 1.0 0.0
-534.0 530.5 282.5 327.0 604.1210557495906 623.1931959042247 1.0 0.0
-533.0 529.75 283.0 322.0 603.4716231936677 619.9379714218898 1.0 0.0
-532.5 525.25 284.0 318.25 603.5001612565715 614.1424943301417 1.0 0.0
-532.5 520.0 284.5 315.0 603.7356163793236 607.9683008138986 1.0 0.0
-531.5 517.25 285.5 311.25 603.3263578015631 603.675568847741 1.0 0.0
-530.5 463.75 287.5 316.0 603.3959672090252 562.2081114096254 1.0 0.0
-530.5 253.25 287.0 345.75 603.1577322724131 431.1589931256342 1.0 0.0
-530.5 48.75 286.5 224.5 602.9199781065478 229.88666440789717 1.0 0.0
-530.5 -166.3 286.0 85.6 602.682544960446 245.59085901469635 1.0 0.0
-530.0 -406.70000000000005 286.5 70.4 602.4800826583398 442.3718684902742 1.0 0.0
-529.0 -548.25 286.0 152.25 601.3629619499836 577.7598676801664 1.0 0.0
-528.5 -560.5 284.0 276.25 599.9735756829436 625.324999490452 1.0 0.0
-529.0 -576.75 282.0 296.75 599.4705997795055 648.6329835567294 1.0 1.0
-528.0 -655.0 280.5 305.5 597.8831407557835 723.2231309958823 1.0 1.0
-509.0 -589.5 256.5 304.5 569.9793329071316 663.500625561968 1.0 1.0
-507.5 -585.75 253.5 313.75 567.2915916879131 664.5100549329873 1.0 1.0
-508.0 -638.75 253.0 337.5 567.5149340016228 722.5969127843412 1.0 1.0
-508.0 -599.5 253.0 324.75 567.5149340016228 681.8148227587235 1.0 1.0
-508.5 -602.5 253.0 339.0 567.9624112493443 691.3485570036999 1.0 1.0
-511.0 -600.75 255.0 344.5 571.0921131744992 692.5255399415577 1.0 1.0
-511.0 -598.5 257.0 351.5 571.9881499579071 694.0892009699645 1.0 1.0
-510.0 -593.75 257.5 355.0 571.3197441013219 691.783721844193 1.0 1.0
-510.0 -597.0 258.5 356.75 571.7713257068198 695.4707611545534 1.0 1.0
-505.5 -595.25 254.0 359.25 565.7263441878354 695.2581186586646 1.0 1.0
-501.0 -598.75 250.0 361.75 559.9116001663097 699.5465316649595 1.0 1.0
-500.0 -674.25 247.0 376.75 557.6818550506778 772.7646258052775 1.0 1.0
-497.5 -606.5 247.0 366.25 555.4415355711353 708.5072035419944 1.0 1.0
-497.0 -607.0 246.0 367.5 554.5495476546995 709.5812890624393 1.0 1.0
-497.0 -617.25 245.5 351.75 554.3277460131326 710.4404783067565 1.0 1.0
-498.5 -621.75 248.0 351.0 556.7824579152282 713.9943208807115 1.0 1.0
-499.5 -620.0 251.0 354.5 559.0181565939282 714.1920501863044 1.0 1.0
-500.5 -620.75 251.5 366.25 560.1361891538786 720.7494286283186 1.0 1.0
-501.0 -616.5 251.5 368.0 560.5829555025732 717.98734677265 1.0 1.0
-503.0 -605.25 251.5 360.25 562.3710963411971 704.3525930349635 1.0 1.0
-503.5 -595.75 252.0 362.5 563.0421386722132 697.3695676540676 1.0 1.0
-503.5 -598.0 250.5 360.5 562.372207705893 698.2586498341523 1.0 1.0
-503.0 -589.5 261.0 359.0 566.7752685450706 690.2111627128244 1.0 1.0
-507.0 -670.5 273.5 367.0 576.065485555062 764.7097037417611 1.0 1.0
-507.0 -667.0 269.0 361.0 573.9425432820258 758.4287697512107 1.0 1.0
-506.5 -653.0 266.5 354.0 572.333192451205 742.7819366966685 1.0 1.0
-509.0 -668.5 267.0 355.75 574.7814859143273 757.3082143309244 1.0 1.0
-527.5 -687.0 281.0 362.0 597.6765457436427 776.7057038680259 1.0 1.0
-533.0 -650.75 287.5 358.75 605.5949553951057 743.2066203703307 1.0 1.0
-534.0 -604.5 292.5 358.5 608.8614374387657 702.8106900945727 1.0 0.0
-534.0 -669.6666666666667 294.0 388.41666666666663 609.5835120412296 774.1742017507931 1.0 0.0
-532.5 -624.3333333333333 293.0 372.08333333333337 607.7871749222749 726.8169379721035 1.0 0.0
-532.0 -598.25 290.0 360.75 605.9075837122358 698.6037199161119 1.0 1.0
-531.5 -594.0 287.0 357.25 604.0375930723305 693.1562356491895 1.0 1.0
-478.5 -593.5 258.5 363.5 543.865969390908 695.9826665069431 1.0 1.0
-455.25 -574.25 241.75 357.75 515.5609472186622 676.5962469453804 0.0 1.0
-464.25 -608.5 237.41666666666669 363.75 521.568828609991 709.1556864721603 0.0 1.0
-473.25 -616.5 233.08333333333331 366.0 527.5767100013196 717.3295696808641 0.0 1.0
-496.0 -579.75 250.5 367.5 555.6711614839398 686.4219594298117 1.0 1.0
-511.0 -584.25 250.5 367.5 569.1033311338915 690.2209712189917 1.0 1.0
-506.5 -586.75 256.0 366.5 567.5248923917926 691.8111371412672 1.0 1.0
-512.5 -615.75 262.0 361.25 575.5923193761575 713.9599688969527 1.0 1.0
-511.5 -677.75 260.5 362.25 574.0144082160402 769.2360006875319 1.0 0.0
-511.0 -654.25 271.5 364.0 578.6479673745171 749.440742277526 1.0 0.0
-511.0 -610.75 282.0 361.5 583.6481745343003 709.8957831021557 1.0 0.0
-516.5 -670.75 291.0 362.5 592.8350484632608 762.5432936678928 1.0 0.0
-519.5 -573.5 302.0 357.5 600.9053500123955 675.8032132726469 1.0 0.0
-525.5 -574.75 324.0 355.5 617.3588617884179 675.8123779138189 1.0 1.0
-529.0 -569.5 332.0 355.0 624.5518486729366 671.0853372225392 1.0 1.0
-535.0 -600.75 324.5 359.5 625.7207777449227 700.1010465432373 1.0 1.0
-536.0 -577.0 314.5 362.0 621.4571369446536 681.2436037065555 1.0 1.0
-534.5 -554.75 303.5 364.25 614.6582196332198 663.6463110170557 1.0 1.0
-536.5 -554.0 289.5 365.5 609.6252610907279 663.7092473904713 1.0 1.0
-538.5 -558.75 283.5 365.75 608.5695209120828 667.8146050032927 1.0 1.0
-541.5 -561.0 275.5 365.0 607.5546820558465 669.289111102242 1.0 1.0
-548.0 -559.0 275.5 368.0 613.3575235824858 669.257120866799 1.0 1.0
-554.0 -566.5 275.5 368.0 618.7272844875656 675.5345422003531 1.0 1.0
-444.5 -567.75 306.5 364.75 543.447378399978 674.8204591272854 1.0 1.0
-311.0 -580.5 310.0 361.0 439.1457451950983 683.6467177445436 0.0 1.0
-303.0 -592.5 303.0 356.5 428.50729282644204 691.4829112010648 0.0 1.0
-301.0 -583.25 303.5 353.5 427.4520634693497 682.0233077730065 0.0 1.0
-296.5 -576.0 310.0 351.5 428.97022910354406 674.7815493258051 0.0 1.0
-292.5 -594.75 314.5 356.5 429.49932050133117 693.4310834314647 0.0 1.0
-338.0 -670.25 320.0 371.25 466.31100219312765 767.3610602544546 0.0 1.0
-499.5 -607.25 297.0 368.25 581.1457741325717 710.4127953418299 0.0 1.0
-505.0 -637.75 285.5 369.75 580.1169832099945 737.1840553821005 1.0 1.0
-502.5 -635.75 280.0 373.5 575.2445457386565 737.3475742227797 1.0 1.0
-502.0 -637.25 277.5 377.5 573.5952387054622 740.6759653758616 1.0 1.0
-516.5 -474.1 269.5 323.5 582.582780814383 618.044441042234 1.0 0.0
-515.5 -362.5 270.5 325.5 582.1602476763958 702.4768251507248 1.0 0.0
-520.5 -250.9 277.0 327.5 589.6197984955409 786.9092092592155 1.0 0.0
-526.0 -674.75 285.0 330.0 598.2484377438625 752.7412479068415 1.0 0.0
-525.5 -566.5 287.5 354.5 599.0045909673814 668.2763074334855 1.0 1.0
-523.5 -578.25 287.5 352.5 597.2508333437975 677.2369380594793 1.0 1.0
-519.0 -562.25 285.0 358.25 592.1030315747421 666.6844979319067 1.0 1.0
-516.0 -567.0 282.0 358.75 588.0306114480776 670.9631802460906 1.0 1.0
-513.0 -585.5 280.5 355.25 584.678757951749 684.849122366534 1.0 1.0
-510.5 -611.25 279.5 349.25 582.0057494075061 703.9901516758907 1.0 1.0
-508.0 -724.0 279.5 356.5 579.8139787897494 808.4687012233632 1.0 1.0
-505.5 -608.5 279.5 342.5 577.6248782730883 698.3570500208098 1.0 1.0
-504.0 -629.75 280.5 334.5 576.7983262139555 713.2541127277025 1.0 1.0
-503.0 -594.0 282.5 337.5 576.9014733452289 683.1877107982225 1.0 1.0
-501.5 -424.25 285.0 425.5 576.8251997180358 602.8858914975415 1.0 0.0
-501.5 -288.75 286.5 501.25 577.5677449442619 579.3241965797049 1.0 0.0
-502.0 -175.5 287.5 527.0 578.4983247568011 555.5272545512877 1.0 0.0
-504.0 -161.0 287.5 523.0 580.2347036996493 547.221760433858 1.0 0.0
-506.0 -163.25 287.5 523.75 581.9731220253284 548.6047514115724 1.0 0.0
-509.0 -80.5 288.0 525.5 584.8294318005659 533.4906987559009 1.0 0.0
-513.5 60.25 285.5 522.25 587.5310512052645 525.7162248696025 1.0 0.0
-516.5 65.25 295.5 519.5 595.0598228983099 523.5822440304652 1.0 0.0
