x_T x_A y_T y_A d_T d_A FaceA_T FaceT_A
554.25 -524.0 387.0 395.0 675.9900549280605 656.2063234698809 0.0 1.0
526.0 -511.5 357.0 367.5 635.7088245303462 629.83342378552 0.0 1.0
589.0 -511.0 436.25 367.0 732.9708906939632 629.1343258796169 0.0 1.0
496.0 -511.0 330.0 366.0 595.7530477731366 628.5515094246454 0.0 1.0
463.5 -510.5 329.5 365.5 568.7378912586079 627.8542718386694 0.0 1.0
568.0648148148148 -512.0 360.6296296296296 364.5 672.9417779502752 628.4937676001045 0.0 1.0
562.3240740740741 -512.0 351.14814814814815 363.25 663.3040700325689 627.7696131256182 0.0 1.0
556.5833333333333 -512.0 341.6666666666667 362.5 653.6663621148625 627.3359678235806 0.0 1.0
550.8425925925926 -513.0 332.1851851851852 363.25 644.0286541971562 628.5855217054102 0.0 1.0
545.1018518518518 -513.25 322.7037037037037 364.0 634.39094627945 629.2232256678928 0.0 1.0
539.3611111111111 -513.5 313.22222222222223 365.0 624.7532383617436 630.0058857547239 0.0 1.0
533.6203703703704 -514.0 303.74074074074076 366.0 615.1155304440373 630.9928793208036 0.0 1.0
527.8796296296296 -514.5 294.25925925925924 367.75 605.477822526331 632.4162821007355 0.0 1.0
522.1388888888889 -515.25 284.77777777777777 370.5 595.8401146086246 634.6295552742947 0.0 1.0
516.3981481481482 -529.5 275.2962962962963 397.0 586.2024066909182 661.8040035014149 0.0 1.0
510.6574074074074 -526.0 265.81481481481484 399.0 576.564698773212 660.2098151345525 0.0 1.0
504.91666666666663 -526.0 256.3333333333333 399.0 566.9269908555057 660.2098151345525 0.0 1.0
499.1759259259259 -525.0 246.85185185185185 399.5 557.2892829377993 659.7161573913613 0.0 1.0
493.4351851851852 -525.25 237.37037037037038 400.0 547.651575020093 660.2178318113638 0.0 1.0
450.5 -524.75 296.5 400.0 539.3179713869108 659.8201507733725 0.0 1.0
463.75 -526.0 310.5 400.0 558.1120543905795 660.8146487480434 0.0 1.0
469.5 -525.0 309.0 399.5 562.0642559190059 659.7160373979095 0.0 1.0
466.5 -525.0 307.5 399.5 558.735235018713 659.7160373979095 0.0 1.0
406.0 -516.5 295.5 384.0 502.1556887024588 643.6463122247103 0.0 1.0
482.875 -519.0 448.125 370.5 659.8535950440993 637.6774025319629 0.0 1.0
341.67073170731703 -520.0 395.75 368.5 523.2852869783367 637.3325159393229 0.0 1.0
348.3536585365854 -521.0 388.75 367.5 524.1310446563566 637.5713685541408 0.0 1.0
355.0365853658536 -520.5 381.75 366.5 524.9768023343765 636.586600550153 0.0 1.0
361.719512195122 -521.5 374.75 365.0 525.8225600123966 636.5435844373361 0.0 1.0
368.4024390243902 -522.5 367.75 366.5 526.6683176904166 638.22380887092 0.0 1.0
375.0853658536586 -532.0 360.75 388.5 527.5140753684366 658.7575102957217 0.0 1.0
381.7682926829268 -527.5 353.75 392.5 528.3598330464565 657.5047528345327 0.0 1.0
388.4512195121951 -526.75 346.75 393.25 529.2055907244765 657.3518785322028 0.0 1.0
395.1341463414634 -524.25 339.75 394.25 530.0513484024964 655.950552598935 0.0 1.0
401.8170731707317 -524.0 332.75 394.25 530.8971060805163 655.7507929148567 0.0 1.0
408.5 -522.25 325.75 394.5 531.7428637585363 654.5040235616502 0.0 1.0
415.1829268292683 -521.5 318.75 395.5 532.5886214365562 654.5098432101623 0.0 1.0
421.8658536585366 -528.0 311.75 402.25 533.4343791145761 663.7691357447947 0.0 1.0
428.5487804878049 -587.5 304.75 377.75 534.2801367925961 698.4636152023292 0.0 0.0
435.2317073170732 -584.75 297.75 375.25 535.125894470616 694.7990104004903 0.0 1.0
441.9146341463414 -583.25 290.75 374.0 535.9716521486359 692.8611554351107 0.0 1.0
448.5975609756098 -582.75 283.75 373.0 536.8174098266559 691.9008064568452 0.0 1.0
455.280487804878 -557.6428571428571 276.75 355.2142857142857 537.6631675046759 661.1686481230613 0.0 1.0
461.9634146341463 -544.2142857142858 269.75 348.07142857142856 538.508925182696 646.0086592926257 0.0 0.0
468.6463414634146 -530.7857142857142 262.75 340.92857142857144 539.3546828607159 630.8486704621901 0.0 0.0
475.3292682926829 -517.3571428571429 255.75 333.7857142857143 540.2004405387358 615.6886816317544 0.0 0.0
419.25 -536.0 321.25 333.0 528.3068857852624 631.0814190252568 0.0 1.0
479.5 -539.5 326.5 383.5 580.199112281646 661.9179477418588 0.0 1.0
516.0 -538.0 346.0 383.5 621.26798707085 660.6957713783537 0.0 1.0
502.0 -537.5 355.5 389.5 615.3606530553877 663.7895246924043 0.0 1.0
517.5833333333333 -540.0 318.33333333333337 390.5 607.6421324086853 666.4010056477946 0.0 1.0
511.9166666666667 -540.0 315.66666666666663 390.5 601.4193291632388 666.4010910524185 0.0 1.0
506.25 -555.0 313.0 388.5 595.1965259177923 677.575300402562 0.0 1.0
482.0 -576.0 306.5 387.0 571.2393482576032 693.9344349432445 0.0 1.0
482.0 -576.5 317.0 390.5 577.2228546080339 696.3064493247725 0.0 1.0
502.0 -576.5 319.0 391.5 594.8032996359249 696.867647131852 0.0 1.0
506.5 -577.0 318.5 393.0 598.318456440548 698.1247530173858 0.0 1.0
454.5 -581.5 354.0 399.0 576.1455937936433 705.2257936110325 0.0 1.0
457.0 -584.125 336.5 404.5 567.5327904576401 710.511243427952 0.0 1.0
460.75 -565.75 331.75 383.7142857142857 567.7885720907449 683.6144224611483 0.0 1.0
480.25 -552.75 325.5 380.57142857142856 580.1940255182672 671.1429177322809 0.0 0.0
490.75 -539.75 317.5 377.42857142857144 584.5025141408073 658.6714130034137 0.0 0.0
492.5 -526.75 305.5 374.2857142857143 579.5715733995335 646.1999082745464 0.0 0.0
416.59375 -530.5 249.375 380.75 485.73465464585627 652.9940661559563 0.0 1.0
442.96875 -544.0 246.875 387.75 507.8401206624061 668.0478545390558 0.0 1.0
469.34375 -545.5 244.375 379.5 529.9455866789558 664.5282971176227 0.0 1.0
495.71875 -543.5 241.875 365.5 552.0510526955056 655.0201247362519 0.0 1.0
507.0 -546.25 256.0 361.0 568.8318099425121 654.7643152375242 0.0 1.0
456.0 -548.5 327.75 359.5 562.6043843831484 655.814436501325 0.0 1.0
325.42499999999995 -542.5 337.1 361.25 528.1650940162747 651.7729152086175 0.0 1.0
185.32500000000002 -539.0 317.9 369.75 491.3559052113044 653.6505187912253 0.0 1.0
45.22500000000002 -536.75 298.7 378.75 454.5467164063341 656.9300591887061 0.0 1.0
-94.87499999999997 -571.5 279.5 363.5 417.7375276013639 677.3083682910421 0.0 1.0
-234.97499999999997 -580.5 260.3 377.0 380.92833879639363 692.1786513604453 0.0 1.0
-374.5 -579.5 253.0 378.5 452.35264781431147 692.1579117215092 0.0 1.0
-531.0 -580.0 298.5 379.0 609.17996541442 692.8508017599233 0.0 1.0
-495.0 -578.5 280.0 375.0 568.766917205786 689.4107991611388 1.0 1.0
-453.0 -584.0 280.5 379.0 532.8199109797067 696.201891758465 1.0 1.0
-447.0 -585.0 285.0 375.0 530.1264359749221 694.8740893140282 1.0 1.0
-462.5 -586.5 286.0 371.0 543.8111507901956 693.9908655352979 1.0 1.0
-454.5 -587.0 290.5 366.5 539.4078142193869 692.0198189925977 1.0 1.0
-455.0 -587.5 289.5 363.0 539.2914551005892 690.5977556111749 1.0 1.0
-455.5 -529.0 289.0 356.5 539.4453169691994 637.9150398581874 1.0 0.0
-455.5 -530.0 288.5 352.5 539.1777799798127 636.518913051169 1.0 1.0
-454.5 -529.5 288.5 351.0 538.3333838257288 635.2725792917556 1.0 1.0
-454.5 -528.0 288.5 351.5 538.3331420234897 634.2999473658119 1.0 1.0
-453.5 -527.0 288.5 352.5 537.4892352164225 634.0236122527617 1.0 1.0
-451.0 -517.0 289.0 358.0 535.6510737161902 628.851302858394 1.0 1.0
-485.0 -516.5 292.0 360.0 566.3369637329238 629.5811450946509 1.0 1.0
-523.0 -515.0 289.5 361.5 597.7799527706235 629.2118721730792 1.0 1.0
-536.5 -512.0 282.5 362.5 606.3380229405977 627.3368084049864 1.0 1.0
-543.0 -530.0 277.0 403.0 609.572342171022 665.8162208909578 1.0 0.0
-542.0 -530.0 274.0 400.0 607.3223619443829 664.0030120413611 1.0 1.0
-540.5 -529.5 271.0 399.5 604.6331532539779 663.3027284754128 1.0 1.0
-528.5 -529.0 266.0 398.0 591.6656572835273 662.0008758584358 1.0 1.0
-525.0 -529.0 266.5 397.5 588.7676096660589 661.7002720265423 1.0 1.0
-552.0 -528.5 293.0 396.0 625.0306972066508 660.4001893617561 1.0 1.0
-571.5 -527.5 310.5 395.0 650.4031343781357 659.0003112154704 1.0 1.0
-574.0 -529.0 313.5 394.5 654.0336323401798 659.9025766385156 1.0 1.0
-585.0 -536.5 285.5 394.5 651.6047320509824 665.9298011051916 1.0 1.0
-580.5 -547.5 254.5 391.5 633.8406517315296 673.0739815072664 1.0 1.0
-584.0 -548.0 255.0 388.5 637.244882311391 671.741269851387 1.0 1.0
-587.0 -536.5 256.5 379.5 640.5947888134059 657.1548523749939 1.0 1.0
-584.5 -529.5 259.0 374.0 639.31310795259 648.2641566439536 1.0 1.0
-584.0 -532.5 260.5 370.5 639.4659381222732 648.7121576347877 1.0 1.0
-584.0 -537.5 262.5 369.0 640.2832864978607 651.9733522705201 1.0 1.0
-584.0 -537.0 264.0 369.0 640.8999552276148 651.5604018886743 1.0 1.0
-582.5 -534.5 267.5 368.5 640.9855692603384 649.2168484756899 1.0 1.0
-583.0 -536.0 269.0 372.5 642.067317505474 652.727115278884 1.0 1.0
-597.5 -541.0 273.0 378.0 656.9330562808456 659.9752254184182 1.0 1.0
-569.0 -541.5 283.5 380.0 635.7147943212658 661.5302959738631 1.0 1.0
-574.0 -534.0 281.0 382.5 639.0913783645841 656.8586055787698 1.0 1.0
-565.0 -528.0 283.5 383.5 632.1376796603749 652.5766238534752 1.0 1.0
-561.5 -525.0 288.0 381.0 631.0517016314843 648.6803247795294 1.0 1.0
-541.5 -524.0 289.5 383.5 614.1184689659725 649.3445442912632 1.0 1.0
-515.5 -508.5 284.0 371.5 588.5587849571576 629.7678392937446 1.0 1.0
-504.5 -504.0 278.0 362.5 576.0251878868442 620.8239805007412 1.0 1.0
-508.0 -504.0 276.5 363.0 578.373864596348 621.1159312076933 1.0 1.0
-520.0 -503.5 275.5 364.0 588.4728581622974 621.2956911259516 1.0 1.0
-524.5 -504.0 277.0 363.0 593.1520917746845 621.1159312076933 1.0 1.0
-528.5 -505.0 275.5 361.5 595.9998159767975 621.0533390941554 1.0 1.0
-534.5 -506.0 278.0 362.0 602.4785655889378 622.1576692155978 1.0 1.0
-523.25 -506.5 257.2916666666667 364.0 583.4336873052739 623.72930827403 1.0 1.0
-522.25 -508.5 230.45833333333331 366.0 571.9665262423104 626.521362643183 0.0 1.0
-521.25 -517.5 203.625 378.5 560.4993651793468 641.1463661848736 0.0 1.0
-540.0 -517.5 206.5 382.0 578.3195105852478 643.219167389554 0.0 1.0
-545.0 -518.5 285.5 387.0 615.2523923908782 647.0017387920993 0.0 1.0
-577.5 -519.0 329.0 389.5 664.9993936492358 648.9001002265388 0.0 1.0
-576.5 -519.5 328.5 390.0 664.1087239695698 649.6000998629645 0.0 1.0
-611.0 -510.5 292.0 375.0 677.5541923794704 633.4318428374074 1.0 1.0
-595.5 -509.0 284.0 369.0 660.4653550396645 628.6827597425296 1.0 1.0
-583.5 -508.5 274.0 365.5 645.3175895376619 626.2289236672765 1.0 1.0
-559.5 -508.5 318.0 363.5 643.9045840687432 625.0637291129624 0.0 1.0
-563.0 -516.5 299.0 379.5 638.3600743903648 640.9753370397593 0.0 1.0
-602.0 -523.0 214.5 394.0 639.2085746944122 654.8015657536907 0.0 1.0
-643.0 -523.5 169.0 395.0 664.841919200048 655.8027523577497 0.0 1.0
-476.0 -522.5 269.0 396.0 546.752573495384 655.6083053165205 0.0 1.0
-477.0 -522.0 261.0 396.0 543.7371416215104 655.2100111256535 1.0 1.0
-396.0 -521.5 216.0 396.0 452.4346301640425 654.8116141303543 0.0 1.0
-443.33333333333337 -521.5 222.33333333333331 395.5 495.9856427542022 654.5093582218668 0.0 1.0
-478.66666666666663 -520.0 229.66666666666669 394.5 530.936679669336 652.7099978749027 0.0 1.0
-486.5 -518.0 233.5 392.0 539.634130290324 649.6062235725994 0.0 1.0
-509.0 -503.5 235.5 356.5 560.8412023722373 616.9315430656757 0.0 0.0
-598.4583333333333 -504.0 306.75 357.5 672.6596266192496 617.917807089474 0.0 1.0
-540.2916666666667 -503.5 259.75 359.0 600.0789959303233 618.379669572483 0.0 1.0
-482.125 -503.0 212.75 361.0 527.4983652413969 619.136495451528 0.0 1.0
-477.0 -503.0 223.0 363.0 527.1482470719652 620.3051565684428 0.0 1.0
-697.5 -511.0 335.5 375.5 773.9938660539361 634.1450036438322 0.0 1.0
-658.5 -518.5 332.5 389.0 737.7627695571234 648.2000771652697 0.0 1.0
-583.5 -517.0 309.5 384.5 660.502098106472 644.3052459820578 1.0 1.0
-703.5 -517.0 277.5 377.5 758.7370223501364 640.152520888577 1.0 1.0
-705.0 -515.5 282.0 366.5 761.8951700061094 632.5050719652324 0.0 1.0
-669.0 -512.5 292.5 352.5 730.7948511834512 622.0229095459426 0.0 1.0
-575.5 -510.5 271.0 338.0 638.0795378171958 612.253481976473 0.0 1.0
-541.5 -508.5 312.0 331.0 624.960569421567 606.7399983493334 1.0 1.0
-536.5 -508.0 310.0 338.0 619.6232071723997 610.1710359785245 1.0 1.0
-527.0 -467.35 309.0 263.4 610.9091630898686 536.4673990977832 1.0 0.0
-517.0 -480.75 310.5 273.0 603.0749818467411 552.860064409361 1.0 0.0
-518.0 -494.15 312.5 282.6 604.9636213573345 569.2527297209389 1.0 0.0
-517.0 -507.0 313.5 371.5 604.6249071286001 628.8201746730924 1.0 0.0
-517.0 -510.5 312.0 395.5 603.8485461944186 645.780148605785 1.0 1.0
-514.5 -516.5 312.0 382.0 601.7095917330782 642.4150338412178 1.0 1.0
-521.5 -520.0 289.0 376.5 596.6596795543624 641.994266006374 1.0 1.0
-486.0 -519.0 275.0 383.0 558.9214071460083 645.019881418501 1.0 1.0
-512.0 -516.5 291.5 393.0 589.5572771147777 649.0156077109461 1.0 1.0
-509.5 -517.0 266.0 404.0 574.7582113368999 656.1289166149625 1.0 1.0
-510.0 -516.0 265.0 410.5 574.739117468479 659.3685330772071 1.0 1.0
-510.5 -517.0 262.0 413.0 573.8068508835065 661.7083949898173 1.0 1.0
-511.5 -517.0 258.0 412.0 572.8915493912051 661.0847146924515 1.0 1.0
-532.0 -519.5 216.0 405.5 574.196588111625 659.0263204208607 1.0 1.0
-532.5 -521.5 218.5 394.5 575.5853572576817 653.9096031202341 1.0 1.0
-540.0 -522.5 226.0 391.0 585.3870810620972 652.6013028417304 1.0 1.0
-544.5 -511.0 218.0 372.0 586.5192250320907 632.0777182506708 1.0 1.0
-547.5 -507.5 206.0 365.5 584.9723624222052 625.4170711515399 1.0 1.0
-553.0 -507.5 204.5 366.5 589.6009265870546 626.0019968019271 1.0 1.0
-640.5 -507.5 288.0 366.0 703.3084888839273 625.7093974042583 1.0 1.0
-708.0 -509.5 256.5 369.5 753.0316461657083 629.3820833956249 0.0 1.0
-705.5 -520.5 255.5 396.0 750.340267344247 654.015856795952 0.0 1.0
-708.5 -519.0 310.5 397.0 775.1667423580059 653.4294853183852 0.0 1.0
-706.0 -518.5 309.5 397.0 772.6586775733449 653.0323498878138 0.0 1.0
-599.25 -518.5 307.75 397.5 675.8809894187161 653.3364370674576 0.0 1.0
-547.5 -517.5 274.5 397.0 612.467429407199 652.2386449759015 0.0 1.0
-616.0 -516.5 300.5 397.0 687.124303914931 651.4455080818349 1.0 1.0
-604.0 -516.5 249.5 398.0 653.5611129661731 652.0554040877201 1.0 1.0
-566.95 -514.5 260.20833333333337 401.0 651.0082880218818 652.3123527305451 1.0 1.0
-422.75 -512.5 289.04166666666663 405.0 639.3411514677612 653.2085454852233 0.0 1.0
-278.55 -512.5 317.875 410.5 627.6740149136403 656.6326979369821 0.0 1.0
-519.0 -512.5 340.0 416.0 620.4523857679685 660.0850324011294 0.0 1.0
-650.5 -514.5 378.0 423.5 756.669195493791 666.380146763092 0.0 1.0
-642.5 -519.5 263.5 434.0 694.4347086401035 676.9315716979347 1.0 1.0
-654.0 -525.0 274.5 443.0 709.2717025005471 686.9330378524901 1.0 1.0
-768.0 -570.5 308.5 435.5 827.6511462342963 718.6375057389487 0.0 1.0
-447.70833333333337 -595.0 333.54166666666663 423.0 559.0527042139709 730.0372686398234 0.0 1.0
-440.54166666666663 -592.5 287.70833333333337 431.0 528.7234265645752 732.6787115509101 0.0 1.0
-433.375 -591.5 241.875 432.5 498.3941489151796 732.7568304892973 0.0 1.0
-427.5 -589.0 232.5 425.0 487.1402865171742 726.3264487106649 0.0 1.0
-473.0 -575.5 299.5 380.0 559.8544633346405 690.19512043963 0.0 1.0
-530.5 -549.875 309.0 331.25 613.9333084834157 641.9417187705978 1.0 0.0
-584.5 -524.375 307.5 316.25 660.5964814675831 612.3587560728893 1.0 0.0
-572.5 -508.5 288.0 375.5 640.8590342066773 632.249895511582 1.0 0.0
-588.5 -492.0 288.5 403.5 655.4134320895627 636.3044939675184 1.0 0.0
-578.0 -542.5 262.625 417.0 635.8994877728704 684.2481905048652 0.0 0.0
-574.0 -537.0 230.79166666666669 417.5 620.0337744457499 680.2028694650226 0.0 1.0
-570.0 -537.5 198.95833333333334 416.0 604.1680611186295 679.6794965604031 0.0 1.0
-544.5 -533.0 189.5 407.0 576.5335021915616 670.6367284927805 0.0 1.0
-537.5 -528.5 230.5 400.0 585.199810605489 662.8065378393137 0.0 1.0
-556.5 -528.5 280.5 396.5 623.2021439793753 660.700196646887 1.0 1.0
-556.5 -527.5 288.0 394.0 626.6108678522647 658.401405279207 1.0 1.0
-603.5 -528.0 328.0 390.0 687.8305806612439 656.4176732471664 1.0 1.0
-567.5 -549.0 348.5 389.0 665.9649729548923 672.9134218443555 0.0 1.0
-570.0 -592.5 331.0 390.5 659.3167357810435 709.6241172180007 1.0 1.0
-578.5 -581.0 362.5 379.0 682.7026887774225 693.6873651775197 1.0 1.0
-579.0 -573.0 310.0 371.0 656.7655823271491 682.6199893872608 1.0 1.0
-580.0 -560.5 310.0 360.0 657.6476394170829 666.1533662224151 1.0 1.0
-561.5 -554.0 305.0 354.0 638.9894191857254 657.4435441292352 1.0 1.0
-569.0 -507.5 312.0 356.0 648.9262703565287 619.9169141031332 1.0 0.0
-573.5 -488.0 322.5 349.0 657.9609108520453 599.9565410079811 1.0 1.0
-578.5 -476.0 258.5 347.0 633.6299991589807 589.0555050845815 0.0 1.0
-600.0 -470.0 264.5 349.0 655.713544873898 585.4091562215451 1.0 1.0
-610.5 -465.0 267.0 352.0 666.3327172969143 583.2077475564063 1.0 1.0
-650.5 -540.0 273.5 414.5 705.7925918355935 680.7470155799459 1.0 0.0
-595.0 -541.5 269.0 417.0 652.9833444239152 683.455647621071 1.0 1.0
-653.0 -541.0 272.5 420.5 707.5779708674772 685.2016813707248 0.0 1.0
-635.5 -541.5 263.5 423.0 687.981208456679 687.1326291190079 1.0 1.0
-617.0 -542.5 263.5 423.5 670.9124580686387 688.2285230938921 1.0 1.0
-694.0 -542.5 274.0 424.0 746.4114775220335 688.5363098631764 1.0 1.0
-742.0 -601.5 309.0 406.5 806.552783856319 725.9783835931786 0.0 0.0
-783.0 -591.0 240.0 398.0 818.9560624899657 712.5201880245864 0.0 1.0
-714.0 -588.0 218.0 397.5 746.5387027259678 709.7537753228603 0.0 1.0
-620.0 -586.0 258.5 395.5 675.3285938320855 706.9768383759117 0.0 1.0
-512.0 -541.5 285.0 377.0 585.9778462147231 659.843471753018 0.0 1.0
-556.0 -517.5 360.0 368.0 662.4656657376552 635.0042645825931 0.0 1.0
-529.0 -518.0 248.0 367.5 584.2477260633618 635.122232330124 1.0 1.0
-530.5 -518.0 246.5 367.0 584.9722224408489 634.8331800156318 1.0 1.0
-531.0 -518.5 248.0 368.0 586.0590458586308 635.819419133155 1.0 1.0
-536.5 -510.0 249.5 368.5 591.6778982569199 629.2005810965959 1.0 1.0
-539.0 -526.5 254.0 383.0 595.8499849550709 651.0863121534758 1.0 1.0
-559.0 -540.0 277.5 411.5 624.1948933772235 678.9200307530814 1.0 1.0
-579.0 -540.0 296.0 413.0 650.2759085286168 679.8301583821028 1.0 1.0
-577.5 -541.5 292.0 417.5 647.1247554363881 683.7605575053302 1.0 1.0
-578.0 -541.5 291.5 422.0 647.3458857983137 686.517479748331 1.0 1.0
-580.0 -541.5 294.0 426.5 650.2584473588877 689.292753479971 1.0 1.0
-581.0 -541.0 294.5 428.5 651.3764664946377 690.1400918477799 1.0 1.0
-583.0 -538.5 295.5 425.5 653.6125007213761 686.3181127080088 1.0 1.0
-584.5 -596.5 297.5 392.5 655.8555481201635 714.0507957151502 1.0 0.0
-572.5 -590.0 279.5 371.5 637.2026270915935 697.2177466001166 1.0 1.0
-525.5 -591.5 322.0 358.5 616.3070121162255 691.6608148772825 1.0 1.0
-536.5 -581.5 322.0 281.5 625.7133048464541 648.1498439987577 1.0 0.0
-537.5 -628.2857142857142 320.5 230.85714285714286 625.8006871201086 669.8798969455802 1.0 0.0
-536.0 -636.0 321.5 214.0 625.0266523487145 671.8132573380257 1.0 0.0
-536.5 -643.7142857142858 321.5 197.14285714285717 625.4554340638508 673.7466177304711 1.0 0.0
-539.5 -637.5 322.0 194.5 628.2868100360946 666.6387800502514 1.0 0.0
-538.0 -550.5 321.0 277.0 626.4863800325688 616.8374119912753 1.0 0.0
-538.0 -545.0 321.5 316.5 626.7426232390217 630.2580726547483 1.0 0.0
-536.5 -560.5 321.5 339.0 625.4554868698231 655.1794350676394 1.0 1.0
-537.5 -552.0 321.0 359.5 626.0570535312762 658.7544220217549 1.0 1.0
-538.0 -508.5 322.5 373.5 627.2561279094848 630.9390300163088 1.0 0.0
-563.0 -510.5 282.0 376.5 629.677072876465 634.3208879135285 1.0 1.0
-562.0 -511.25 287.5 379.75 631.26876243332 636.8571205115936 1.0 1.0
-557.5 -512.25 285.5 379.5 626.3520997445814 637.5110794935756 1.0 1.0
-554.5 -515.75 285.0 374.75 623.4547647656599 637.5231344373178 1.0 1.0
-555.0 -517.25 283.5 371.25 623.215293244079 636.6910346242803 1.0 1.0
-554.0 -590.5 284.5 371.0 622.7820644936497 697.3780218079546 1.0 0.0
-552.75 -578.5 285.25 364.0 622.0132068732466 683.4927887284798 1.0 1.0
-592.75 -583.25 345.75 363.75 686.2392040006036 687.3830713783822 0.0 1.0
-666.25 -584.25 374.75 364.0 764.4137901091918 688.3661971358471 0.0 1.0
-692.5 -581.5 382.5 370.5 791.1178391876355 689.5196553164069 0.0 1.0
-705.25 -581.5 384.75 378.0 803.3752593242629 693.5692878217332 0.0 1.0
-713.0 -579.0 386.5 385.25 811.0189646365212 695.4639573511688 0.0 1.0
-632.25 -546.0 278.5 402.5 692.3865264740255 678.6745424319522 0.0 1.0
-577.75 -513.25 374.75 396.25 689.2727871037193 648.4196701008962 0.0 1.0
-556.75 -516.5 391.25 401.5 680.476107115004 654.1976016458214 1.0 1.0
-539.0 -521.5 376.0 399.25 657.188740042529 656.7869699639431 1.0 1.0
-535.25 -526.5 348.75 390.5 639.1824159794323 655.5248444339757 1.0 1.0
-539.5 -544.0 322.25 397.0 628.415165355942 673.4575253395135 1.0 1.0
-541.5 -557.75 323.75 410.5 630.9011921563373 692.5307153776732 1.0 1.0
-541.5 -556.25 325.0 402.5 631.5435980250722 686.6058135139212 1.0 1.0
-541.0 -551.0 325.5 387.5 631.3726582247234 673.6353427447289 1.0 1.0
-541.0 -548.5 326.5 376.75 631.8887823454567 665.4302235239654 1.0 1.0
-540.5 -551.25 326.25 374.0 631.331557642545 666.1503869568587 1.0 1.0
-538.0 -552.0 326.0 369.25 629.0628014835852 664.1190985720937 1.0 1.0
-535.5 -551.5 324.25 368.25 626.0178228584259 663.1450770200971 1.0 1.0
-533.5 -551.5 322.75 377.25 623.5301231829264 668.2008204623658 1.0 1.0
-537.25 -553.25 296.0 389.0 613.9725650964748 676.3221831983458 1.0 1.0
-570.5 -555.0 278.0 393.75 635.1493984662249 680.4881977491922 1.0 1.0
-576.875 -586.5 241.375 389.5 625.3373960912802 704.2315181632623 1.0 1.0
-578.0 -606.5 240.5 386.0 626.0387073536076 718.9146834436817 1.0 1.0
-578.0 -608.5 239.0 386.5 625.4639446149383 720.8706541398394 1.0 1.0
-575.0 -609.5 239.5 382.5 622.8846201344195 719.5809053616897 1.0 1.0
-574.0 -609.0 238.5 376.5 621.5773461340307 715.9842392612836 1.0 1.0
-572.5 -581.0 238.0 370.5 620.0005461535617 689.0930196888476 1.0 1.0
-567.5 -566.5 235.5 354.0 614.4239827228544 668.0108006560505 1.0 1.0
-619.0 -567.5 265.5 346.0 673.5363793200834 664.659499292683 0.0 1.0
-721.5 -567.5 275.5 341.0 772.7889378742077 662.070565484268 0.0 1.0
-851.75 -567.5 273.25 345.5 894.588162601494 664.3997080735726 0.0 1.0
-652.0 -536.0 261.0 355.0 702.4651339690928 642.9010065387092 0.0 1.0
-638.625 -531.0 264.375 360.0 691.3161236470787 641.5311592600785 0.0 1.0
-625.5 -528.0 265.5 365.5 679.514900498878 642.1646790483783 1.0 1.0
-621.0 -526.5 264.0 374.0 674.7866847939142 645.8164713209272 1.0 1.0
-618.5 -526.5 263.0 369.5 672.0948308969296 643.221290984327 1.0 1.0
-602.5 -540.0 255.0 390.0 654.2411866047489 666.1117550261222 1.0 1.0
-637.0 -539.5 259.0 373.0 687.6760032031982 655.8882672732171 1.0 1.0
-602.0 -539.0 251.0 360.0 652.2712843948648 648.1674166448048 1.0 1.0
-604.5 -540.0 235.5 351.0 648.7562580362338 644.0505215067426 1.0 1.0
-603.0 -541.0 238.0 350.0 648.269234192091 644.3454042669972 1.0 1.0
-604.0 -541.0 238.0 351.0 649.1998309770123 644.8892741703504 1.0 1.0
-606.0 -543.0 237.0 362.5 650.6958432297755 652.8851454205137 1.0 1.0
-608.0 -543.5 237.0 379.0 652.5589758972452 662.6004116053177 1.0 1.0
-601.5 -540.5 240.5 390.5 647.8307903124365 666.8086272649341 1.0 1.0
-616.5 -538.5 236.5 393.0 660.3067568476911 666.6568931016091 1.0 1.0
-617.0 -524.5 237.5 374.0 661.1322242652393 644.1866311346118 1.0 1.0
-583.0 -524.0 239.0 367.5 630.0887738845072 640.0254156048566 1.0 1.0
-580.0 -523.5 235.5 358.0 625.9876743559838 634.2053455615983 1.0 1.0
-785.875 -524.5 218.0 351.5 810.9566018620296 631.3894776751213 0.0 1.0
-649.55 -523.5 191.125 356.0 812.3949106429968 633.0783916704155 0.0 1.0
-376.94999999999993 -525.5 209.95833333333331 373.0 732.7219340026685 644.4224349014161 0.0 1.0
-380.5 -532.0 228.79166666666666 395.0 653.0489573623402 662.6079193968459 0.0 1.0
-750.5 -530.5 375.5 398.0 847.031186770781 663.2001281391938 0.0 1.0
-596.0 -529.0 227.5 393.5 637.9448131934503 659.3058820042509 0.0 1.0
-590.5 -524.0 226.0 388.5 632.2716383455961 652.3108633103761 0.0 1.0
-580.0 -526.0 304.5 374.5 655.0735855707096 645.7067690814947 0.0 1.0
-577.5 -523.0 299.5 371.5 650.543840218734 641.5163242107085 1.0 1.0
-576.0 -523.5 300.0 375.5 649.4428728933575 644.2456829502236 1.0 1.0
-575.0 -524.0 298.0 378.0 647.6333841478975 646.1115727430938 1.0 1.0
-571.0 -524.0 234.5 380.5 617.2773169977188 647.5774205605085 0.0 1.0
-569.5 -525.0 249.5 380.0 621.7588368292882 648.0953825266408 1.0 1.0
-573.0 -525.5 258.0 383.0 628.4054719545495 650.2637165433895 1.0 1.0
-572.0 -527.5 259.5 384.0 628.1116540870739 652.4662826537476 1.0 1.0
-572.0 -527.5 259.5 387.0 628.1116880554198 654.2363869428236 1.0 1.0
-688.5 -525.5 354.5 389.0 774.4051052831628 653.8128554869505 0.0 1.0
-689.0 -526.0 355.0 388.0 775.0781880267355 653.6208089595273 0.0 1.0
-687.5 -526.5 354.0 383.5 773.2867822534884 651.3636951343003 0.0 1.0
-685.5 -527.0 353.5 382.0 771.2798146693701 650.887253565819 0.0 1.0
-682.5 -527.0 209.0 383.5 714.0922496128271 651.7677884032012 0.0 1.0
-679.5 -527.0 183.0 388.0 703.7120591292753 654.4258262947048 0.0 1.0
-682.0 -526.5 182.5 391.0 706.0074143626871 655.8073268880121 0.0 1.0
-665.5 -514.0 176.5 372.5 688.5079671327746 634.7887928529206 0.0 1.0
-674.0 -513.0 182.0 364.5 698.1407828293225 629.3089353244322 0.0 1.0
-579.0 -514.0 221.5 365.0 623.1959942380863 630.4134882710482 0.0 1.0
-279.5 -515.5 158.0 366.5 321.11727699723446 632.5050719652324 0.0 1.0
-250.5 -520.0 145.0 375.0 289.43986727376205 641.1206640873093 0.0 1.0
-244.0 -528.0 142.0 397.5 282.31221502170587 660.902175876799 0.0 1.0
-245.5 -527.5 144.0 402.5 284.61679185453755 663.5229144542864 0.0 1.0
-214.0 -527.5 149.0 405.0 261.4733641026343 665.0424101399155 0.0 1.0
-246.0 -526.0 140.5 407.5 283.37016678919656 665.3816514382524 0.0 1.0
-231.0 -525.5 145.0 407.5 272.73884054774976 664.9860900800858 0.0 1.0
-228.5 -526.0 143.5 408.5 269.82309019059136 665.9942987329064 0.0 1.0
-195.5 -526.5 201.5 410.0 280.7534505576022 667.3097107041077 0.0 1.0
-90.5 -525.5 192.5 411.5 220.2142062842679 667.4447542680967 0.0 1.0
3.0 -523.5 215.5 408.0 215.92177526037653 663.7139820736038 0.0 1.0
37.5 -520.5 192.0 403.0 195.7046479826201 658.27760580294 0.0 1.0
63.5 -522.5 192.0 401.5 202.23215930273173 658.9449901167775 0.0 1.0
51.5 -523.5 171.5 399.5 179.28042388794233 658.522968468071 0.0 1.0
-23.0 -524.5 182.0 400.5 183.46033971928142 659.92473655859 0.0 1.0
-53.5 -522.5 172.5 402.5 186.87117513254594 659.5553653750671 0.0 1.0
-38.0 -509.0 227.0 380.0 230.41034891224666 635.2015509355333 0.0 1.0
-17.0 -508.5 223.0 383.5 223.6605148608263 636.9023939026596 0.0 1.0
-20.5 -509.5 225.5 386.0 226.81549356243002 639.2078024108146 0.0 1.0
-28.0 -500.625 226.0 336.5625 228.03273000046494 604.5544786087028 0.0 1.0
-175.60000000000002 -503.125 192.8 268.8125 312.7910615001503 573.4059443470353 0.0 0.0
-356.40000000000003 -526.5 147.2 265.5 422.5160921839437 590.5666427148126 0.0 0.0
-581.5 -520.0 224.5 389.0 627.6172058518156 649.401261753896 0.0 0.0
-657.5 -514.0 213.0 387.5 691.142823085778 643.7034985442522 0.0 1.0
-600.0 -511.0 257.0 386.5 655.892799196839 640.705346454286 0.0 1.0
-522.5 -513.5 276.5 390.0 591.3777104610608 644.8119720330617 1.0 1.0
-531.0 -529.0 297.5 413.5 608.6640615394731 671.4341894287288 1.0 1.0
-573.5 -530.5 350.5 412.5 672.7893522919812 672.0019302049498 1.0 1.0
-599.125 -528.0 274.625 413.0 662.2202299514723 670.3380901478272 0.0 1.0
-604.5 -516.5 246.5 411.5 652.847481705284 660.3820863712159 1.0 1.0
-613.5 -504.0 256.0 411.5 664.7702511004743 650.6522880957223 1.0 1.0
-636.0 -502.0 264.0 411.0 688.6163650450728 648.7874456806176 1.0 1.0
-610.5 -514.5 256.0 413.5 662.0072958759031 660.07018709419 1.0 1.0
-601.1071428571429 -517.0 275.8571428571429 399.5 662.4384023125382 653.4164372606178 0.0 1.0
-585.25 -516.0 297.0 385.0 657.8768123164605 643.8032961879312 0.0 1.0
-569.3928571428571 -521.0 318.1428571428571 383.5 653.3152223203826 646.9307443840889 0.0 1.0
-566.0 -525.5 341.0 381.5 660.78709962461 649.3798221380521 0.0 1.0
-636.0 -527.0 310.5 383.0 709.9363974601281 651.4737233491368 0.0 1.0
-481.5 -528.5 344.5 387.0 593.5390077884883 655.0467438677613 0.0 1.0
-542.0 -532.0 294.0 399.0 616.6036133550153 665.0004812032251 0.0 1.0
-590.75 -533.5 355.0 404.0 689.7521697488944 669.208856045647 0.0 1.0
-586.5 -531.5 356.5 409.0 686.7493066832376 670.6514318040134 0.0 1.0
-530.625 -531.0 301.875 408.5 610.4935470434796 669.950301927116 0.0 1.0
-527.5 -529.0 303.0 409.5 608.3302090955909 668.9777649518704 0.0 1.0
-525.0 -526.5 302.0 410.0 605.6641496382782 667.3098273110706 1.0 1.0
-526.5 -525.0 305.0 411.0 608.4630227055708 666.7429452222777 1.0 1.0
-528.0 -524.5 305.0 409.5 609.761739721778 665.4251688371389 1.0 1.0
-532.0 -503.5 308.0 378.5 614.7261593895626 629.9061808044601 1.0 0.0
-651.25 -507.0 423.0 373.0 777.2567202479394 629.4271114825358 0.0 1.0
-772.5 -508.5 539.5 368.5 942.2402761936578 627.9848625364801 0.0 1.0
-782.5 -508.5 544.0 367.5 953.0174453994181 627.398587321698 0.0 1.0
-721.5 -508.0 476.0 369.0 864.6061703382146 627.8735252045369 0.0 1.0
-799.5 -509.5 551.0 371.5 970.9795649233962 630.5573620042956 0.0 1.0
-802.0 -525.5 550.5 401.5 972.7560947813474 661.334524914679 0.0 1.0
-547.5 -522.5 275.0 411.5 612.7001381571995 665.0854488689154 0.0 1.0
-363.0 -523.0 256.5 417.5 444.4879933740109 669.2049387145913 0.0 1.0
-572.5 -524.0 379.0 422.0 688.4389415522841 672.8001919992339 0.0 1.0
-520.0 -524.5 516.5 429.5 733.987757133986 677.9163667808139 0.0 1.0
-407.0 -516.0 629.5 422.5 750.4153510098433 666.9356762988398 0.0 1.0
-242.5 -513.0 600.0 412.5 648.4425251195112 658.2761177263073 0.0 1.0
-102.0 -512.5 606.0 419.0 615.2446558254587 661.979795764191 0.0 1.0
40.125 -512.5 588.75 426.0 590.667770647566 666.4329234007894 0.0 1.0
119.5 -510.0 586.5 425.5 599.4262633368196 664.1915366810952 0.0 1.0
132.0 -507.0 683.5 410.0 696.4912319554735 652.0356887666562 0.0 1.0
90.0 -509.5 782.5 398.0 792.1762866490983 646.5269819454747 0.0 1.0
105.0 -515.0 673.5 388.0 691.3609182355308 644.8019000450583 0.0 1.0
234.0 -518.5 581.0 371.5 626.3521482464131 637.8524273142157 0.0 1.0
235.5 -521.0 562.5 360.0 609.819933929683 633.2783620505655 0.0 1.0
222.5 -521.0 562.5 361.0 605.2015999173407 633.8470486587775 0.0 1.0
201.0 -520.0 586.5 371.0 620.0133631449376 638.7809361043956 0.0 1.0
213.0 -519.5 616.5 383.0 652.2778784269301 645.4266826962955 0.0 1.0
253.0 -518.5 608.0 398.5 659.6520382975514 653.959874466372 0.0 1.0
155.0 -510.0 489.0 397.0 514.082094462437 646.3041329138514 0.0 1.0
60.75 -503.5 434.0 386.0 438.97370752467975 634.4357661929816 0.0 1.0
142.0 -506.5 494.0 376.5 514.0477777808277 631.1061633293438 0.0 1.0
137.0 -510.5 499.0 370.5 517.4739859853313 630.7797713895345 0.0 1.0
124.5 -511.5 482.5 370.0 498.3041402150909 631.2941073699326 0.0 1.0
129.5 -510.5 486.0 374.5 503.06451767734984 633.1355206180393 0.0 1.0
115.5 -529.0 480.5 401.5 494.1867194249168 664.1220800837211 0.0 1.0
133.5 -528.5 552.0 413.0 568.1059711436517 670.7333451881641 0.0 1.0
116.5 -526.5 538.0 414.0 550.4737880325276 669.7751435719207 0.0 1.0
109.0 -525.5 514.5 412.5 525.9195248796991 668.0617486430427 0.0 1.0
112.0 -525.0 525.5 409.0 537.3038606412331 665.5118331029133 0.0 1.0
109.5 -524.5 519.0 406.5 530.4255768878448 663.583194622511 0.0 1.0
116.0 -523.0 537.0 406.5 549.3860726847159 662.3981053716866 0.0 1.0
120.25 -522.5 559.0 406.5 571.787649046142 662.0035164084561 0.0 1.0
122.5 -509.0 579.0 394.0 591.8196330415617 643.680077927009 0.0 1.0
110.5 -499.54999999999995 584.5 350.45000000000005 594.8688125329888 611.7007074990289 0.0 0.0
114.5 -494.95000000000005 588.5 303.04999999999995 599.6019376196274 581.9167943570735 0.0 0.0
112.5 -489.5 585.0 291.0 595.8320356645178 569.8611881136436 0.0 0.0
117.5 -494.5 446.5 351.5 461.9724982424617 606.7069251168837 0.0 1.0
117.5 -525.0 472.0 389.0 486.4060556772373 653.4227683370264 0.0 1.0
94.0 -521.5 419.5 391.0 429.94633956849236 651.8006293048891 0.0 1.0
121.5 -523.5 398.0 392.5 416.42257031535223 654.300007641866 0.0 1.0
114.5 -519.0 380.5 395.0 397.5553718393769 652.2165196178387 0.0 1.0
-147.0 -516.5 365.0 401.5 397.1932831813055 654.1976720883661 0.0 1.0
-339.0 -505.5 338.5 414.0 493.22758467845154 653.3959366264837 0.0 1.0
-560.5 -504.5 269.5 419.5 621.9352825443176 656.1254817524516 0.0 1.0
-565.5 -501.5 273.5 424.5 628.1722253770353 657.0407167242398 1.0 1.0
-594.0 -493.0 256.0 407.0 646.8194508117302 639.2964741836106 1.0 1.0
-626.0 -495.0 265.0 409.0 680.0724734729274 642.1109682254867 1.0 1.0
-602.0 -494.5 267.5 410.5 658.7700682076704 642.6826555378925 1.0 1.0
-600.0 -496.0 257.0 410.5 652.7687067870677 643.8380512970198 1.0 1.0
-571.5 -514.5 272.0 430.0 634.0907775033743 670.5335472282101 1.0 1.0
-426.0 -519.5 196.0 439.5 468.9619173900704 680.470795446377 0.0 1.0
-693.5 -518.0 445.75 433.0 824.9259007463888 675.1393538876556 0.0 1.0
-643.5 -516.5 380.75 422.0 749.7102454384956 666.975561711607 0.0 1.0
-593.5 -515.5 315.75 405.5 674.4945901306023 655.873917427066 0.0 1.0
-543.5 -514.5 250.75 391.0 599.2789348227093 646.2134971497703 0.0 1.0
-583.0 -514.5 254.5 382.5 636.133965760441 641.105811087014 1.0 1.0
-597.0 -512.0 255.5 383.0 649.3808476911504 639.4008835027496 1.0 1.0
-611.5 -511.0 260.0 390.0 664.4791331604138 642.8230636358342 1.0 1.0
-618.5 -512.0 262.5 403.5 671.8992262110773 651.893581815385 1.0 1.0
-613.5 -507.5 249.5 421.0 662.3272397240383 659.3932224507978 1.0 1.0
-606.0 -505.0 234.5 426.0 649.7893932873021 660.68233369913 1.0 1.0
-627.0 -505.0 242.5 425.0 672.2637989259363 660.0379885638756 1.0 1.0
-639.5 -505.0 255.0 418.0 688.4658734064942 655.5524387873178 1.0 1.0
-626.5 -504.0 261.0 404.0 678.7341829690985 645.9365108372747 1.0 1.0
-636.5 -499.5 314.0 382.0 709.7489034486459 628.8311167562226 0.0 1.0
-622.0 -311.0 305.5 293.0 692.9749650238587 428.87110604484656 1.0 0.0
-694.0 -239.17857142857142 308.0 206.64285714285714 759.5179164711221 323.6013925326174 1.0 0.0
-687.75 -152.75 301.0 167.5 750.7674755095852 241.93229087866763 0.0 0.0
-634.0 -66.32142857142857 298.5 128.35714285714283 700.7934302522376 160.2631892247178 0.0 0.0
-671.0 -8.0 282.0 123.0 727.8527120538797 123.36238396387367 0.0 0.0
-600.5 -20.0 359.5 182.5 702.0751159589802 183.62471369389692 0.0 0.0
-287.75 -33.5 387.0 205.5 491.3523148039451 208.44400230132362 0.0 0.0
-94.0 -36.5 373.5 213.0 387.6847457092548 216.75561980567284 0.0 0.0
-38.5 -24.0 363.5 223.5 365.5439125989535 224.79032253966693 0.0 0.0
-48.5 -111.5 405.0 213.5 408.06954956300365 253.80702618011873 0.0 0.0
-35.0 -211.625 387.0 270.875 388.5812519170204 344.16497128108716 0.0 0.0
-25.0 -591.5 359.0 337.0 359.8697199676143 683.3000749864639 0.0 0.0
-23.5 -519.0 355.0 358.5 355.7769681847593 630.7802914282724 0.0 1.0
-28.5 -520.0 362.5 364.0 363.61877944544204 634.7444659757834 0.0 1.0
-43.0 -524.0 336.5 375.0 339.97038941037795 644.3629763131242 0.0 1.0
153.0 -524.5 365.5 384.0 397.2968607897003 650.0434469803524 0.0 1.0
190.0 -520.5 384.0 390.0 428.4343590329795 650.4037867266596 0.0 1.0
200.0 -506.5 379.5 398.5 428.99239671420935 644.4725613547915 0.0 1.0
178.0 -504.0 410.0 408.5 448.70307547036157 648.7590076445953 0.0 1.0
185.5 -501.5 415.5 419.0 455.3661508409218 653.5007651104931 0.0 1.0
175.0 -503.5 548.5 427.5 576.0100125013089 660.5080887771687 0.0 1.0
182.5 -513.5 617.0 461.0 643.4375064767855 690.0771213899426 0.0 1.0
118.5 -515.0 579.0 457.0 593.8402240574765 688.5304446011567 0.0 1.0
298.5 -515.0 624.0 446.0 692.2572293184551 681.2799741193808 0.0 1.0
254.5 -513.5 584.0 431.0 638.9871981322608 670.4080226333673 0.0 1.0
136.5 -516.0 650.5 412.0 664.6751955906188 660.3065821452979 0.0 1.0
192.875 -516.0 583.875 388.0 616.4088992502386 645.6016088310648 0.0 1.0
215.5 -510.0 662.0 368.5 697.2352367979772 629.2000773651143 0.0 1.0
136.5 -508.5 608.5 368.5 623.6734322140007 627.9844743303771 0.0 1.0
77.85 -509.0 489.15 376.0 497.727120381821 632.8168469161292 0.0 1.0
25.64999999999999 -485.0 397.35 374.0 401.18435458474664 612.4968717971062 0.0 1.0
21.0 -447.45000000000005 385.0 334.85 386.8759993099535 558.8742407233976 0.0 0.0
57.0 -418.04999999999995 452.5 310.65 456.11801061354066 520.8393388984305 0.0 0.0
55.5 -450.5 453.0 325.0 456.38751117077373 555.5233740852844 0.0 0.0
44.0 -502.0 466.5 430.5 468.6186968098777 661.3330087307565 0.0 0.0
53.5 -501.5 530.0 431.0 532.792543372135 661.2687798093634 0.0 1.0
55.5 -500.0 485.0 416.5 488.1651972127444 650.7477696028743 0.0 1.0
52.0 -491.5 478.5 400.5 481.3175062577829 634.0143293227147 0.0 1.0
49.5 -488.0 482.5 382.5 485.03562049385835 620.0440991258776 0.0 1.0
-1.4166666666666643 -483.0 447.58333333333337 358.5 473.2356529369655 601.5201175724023 0.0 1.0
-203.08333333333331 -486.0 435.91666666666663 354.5 553.5503381648809 601.5534866363305 0.0 1.0
-404.75 -491.0 424.25 363.0 633.8650233927963 610.6147684932886 0.0 1.0
-554.25 -495.5 432.75 375.0 686.2386858888863 621.4072110561758 0.0 1.0
-547.25 -491.0 444.25 382.5 654.7892801894998 622.4220945624685 0.0 1.0
-581.5 -487.0 382.0 393.5 696.285119057027 626.1115713858663 0.0 1.0
-471.5 -492.0 320.0 410.5 569.8366675663142 640.7677400240407 0.0 1.0
-528.0 -496.0 340.0 401.5 628.2092836799611 638.1367126791504 0.0 1.0
-568.3723404255319 -496.0 357.8989361702128 392.0 675.6916369099151 632.2025752216852 0.0 1.0
-546.2021276595744 -497.0 358.4308510638298 384.0 662.4961513682126 628.0644871348801 0.0 1.0
-524.031914893617 -489.5 358.9627659574468 372.5 649.3006658265102 615.1151947545411 0.0 1.0
-501.86170212765956 -479.0 359.49468085106383 368.0 636.1051802848077 604.0416121432636 0.0 1.0
-479.6914893617021 -472.25 360.0265957446809 370.75 622.9096947431052 600.3970532130074 0.0 1.0
-457.52127659574467 -481.5 360.5585106382979 375.25 609.7142092014027 610.4667425888658 0.0 1.0
-435.3510638297872 -491.5 361.0904255319149 381.25 596.5187236597003 622.0352041707592 0.0 1.0
-413.1808510638298 -494.5 361.6223404255319 402.25 583.3232381179978 637.4825729682848 0.0 1.0
-391.01063829787233 -499.5 362.1542553191489 413.0 570.1277525762953 648.1276097248185 0.0 1.0
-368.8404255319149 -499.5 362.686170212766 411.75 556.9322670345928 647.333095054822 0.0 1.0
-346.67021276595744 -499.5 363.218085106383 408.25 543.7367814928903 645.1113467680307 0.0 1.0
-324.5 -499.5 363.75 405.25 530.5412959511877 643.2175019178428 0.0 1.0
-302.32978723404256 -500.5 364.281914893617 402.5 517.3458104094854 642.2677528464251 0.0 1.0
-280.1595744680851 -500.5 364.813829787234 399.5 504.15032486778284 640.3910154793393 0.0 1.0
-257.98936170212767 -500.75 365.3457446808511 398.75 490.95483932608033 640.1189817052448 0.0 1.0
-235.8191489361702 -488.75 365.8776595744681 388.75 477.7593537843779 624.5023688194071 0.0 1.0
-213.64893617021275 -484.5 366.4095744680851 385.0 464.5638682426754 618.8418618677957 0.0 1.0
-191.4787234042553 -484.5 366.9414893617021 386.0 451.3683827009729 619.4649802236722 0.0 1.0
-169.30851063829786 -483.0 367.4734042553191 385.75 438.1728971592704 618.1364017682665 0.0 1.0
-147.13829787234042 -482.0 368.00531914893617 384.25 424.97741161756795 616.4190990812854 0.0 1.0
-124.96808510638297 -482.5 368.5372340425532 382.0 411.78192607586544 615.4106352672173 0.0 1.0
-102.79787234042553 -490.0 369.0691489361702 388.75 398.586440534163 625.4823951310611 0.0 1.0
-80.62765957446808 -493.0 369.6010638297872 386.75 385.3909549924605 626.5982526042195 0.0 1.0
-76.5 -494.5 373.5 387.0 381.42860990055743 627.9328227099384 0.0 1.0
23.0 -496.75 420.5 388.5 421.15911525608357 630.6289479743498 0.0 1.0
14.0 -499.25 448.5 392.75 448.7345448443305 635.2250975101045 0.0 1.0
16.0 -504.5 435.25 413.0 435.5464596249684 651.9987516765094 0.0 1.0
15.75 -505.5 428.75 423.5 429.04161142798694 659.4602249615456 0.0 1.0
-14.666666666666666 -505.5 485.25 429.5 486.4342570280435 663.3268326193368 0.0 1.0
24.666666666666668 -503.5 526.25 430.5 529.6455954319285 662.4523210650432 0.0 1.0
64.0 -502.75 567.25 429.5 572.8569338358134 661.2321011282305 0.0 1.0
65.5 -502.5 631.5 425.0 635.6609646184249 658.127077394632 0.0 1.0
96.0 -503.5 713.0 420.0 720.0838593600781 655.6769402686051 0.0 1.0
62.5 -505.0 620.5 412.5 626.4932737135854 652.0619059137571 0.0 1.0
-70.0 -507.5 685.0 404.5 685.5834437774488 648.9812423168204 0.0 1.0
-40.0 -508.5 704.75 400.0 705.6198552801898 646.9715990675325 0.0 1.0
-30.5 -508.5 689.5 400.0 690.1759775657999 646.9715990675325 0.0 1.0
56.0 -508.5 681.0 406.0 688.1503360207253 650.6982787744255 0.0 1.0
55.5 -506.0 682.5 413.5 684.7528751308753 653.4664108448578 0.0 1.0
40.5 -504.0 686.0 421.0 687.3035258706539 656.7019841651511 0.0 1.0
28.0 -504.0 673.0 428.5 673.5824491157293 661.5356595195123 0.0 1.0
45.0 -503.5 677.5 432.5 679.1719685032547 663.7537172321482 0.0 1.0
21.625 -502.5 599.5 430.5 599.9814351389296 661.6925245459513 0.0 1.0
11.125 -503.0 492.8333333333333 427.0 493.1032698502014 659.8015954016864 0.0 1.0
0.625 -506.0 386.16666666666663 420.0 386.22510456147324 657.5987743446806 0.0 1.0
-31.5 -506.0 517.5 412.5 518.5142683112302 652.8344742374768 0.0 1.0
-18.5 -505.0 501.5 407.5 501.9839686116376 648.9082027866325 0.0 1.0
-22.0 -480.5 516.5 381.0 517.0280351559779 613.2272464087479 0.0 1.0
-63.0 -452.0 573.0 307.8125 578.4546519844091 549.4503754136658 0.0 0.0
-39.0 -438.0 565.0 233.5625 566.3458478924391 497.7170468111059 0.0 0.0
-28.5 -460.5 564.0 338.5 564.7280079256216 571.8998482490526 0.0 0.0
-26.5 -487.5 533.5 399.0 534.1582084077438 629.975124921393 0.0 1.0
-25.5 -489.0 532.0 405.0 532.6113281192197 634.9377956741837 0.0 1.0
-15.5 -489.0 516.5 403.5 516.7586172127417 633.9829943316162 0.0 1.0
98.0 -489.0 460.5 397.5 472.52756752888615 630.1807238637962 0.0 1.0
151.0 -488.0 470.0 386.0 493.6706637411688 622.2071975457068 0.0 1.0
144.0 -488.0 468.5 377.0 490.13779408496725 616.6641150819056 0.0 1.0
149.0 -487.5 477.0 374.0 499.7397803710817 614.4366058636465 0.0 1.0
155.5 -488.5 452.5 375.0 478.4730922423956 615.8394767388786 0.0 1.0
155.5 -488.5 450.5 378.0 476.5827716898958 617.6701436616465 0.0 1.0
140.0 -489.5 517.5 380.0 536.114922924449 619.6856442066082 0.0 1.0
124.0 -490.5 443.0 380.5 460.0746721772069 620.7821679139954 0.0 1.0
103.5 -493.0 384.5 382.5 398.1892850188982 623.9837675452507 0.0 1.0
101.0 -493.0 395.5 381.5 408.50194059687254 623.3708831813469 0.0 1.0
84.0 -495.0 388.5 381.0 397.98054138406246 624.6487012713626 0.0 1.0
112.5 -495.5 362.5 378.5 379.7662842626475 623.5243843489 0.0 1.0
27.60000000000001 -496.0 336.45000000000005 377.5 369.84637675831516 623.3155300487867 0.0 1.0
-101.59999999999998 -497.5 307.04999999999995 376.5 356.9709265490029 623.905969646162 0.0 1.0
-278.0 -498.0 295.5 377.0 408.9454235089778 624.6062759851201 0.0 1.0
-538.0 -507.0 285.0 398.0 608.958798228376 644.559270791316 0.0 1.0
-570.0 -509.5 311.5 404.0 649.5693892039835 650.235608458654 1.0 1.0
-534.0 -508.5 299.5 405.5 612.2595236617835 650.386423597541 1.0 1.0
-527.0 -509.5 297.5 407.0 605.1740027365878 652.1037110766968 1.0 1.0
-533.1666666666666 -509.5 300.91666666666663 407.5 612.2244526950622 652.4158949627147 0.0 1.0
-543.3888888888889 -508.5 307.4722222222222 408.5 624.3498887901956 652.261067364901 0.0 1.0
-553.6111111111111 -497.5 314.0277777777778 385.5 636.4753248853291 629.3843456942379 0.0 1.0
-563.8333333333334 -494.5 320.58333333333337 379.0 648.6007609804625 623.0339818271527 0.0 1.0
-592.0 -493.0 328.0 375.0 676.8368226002106 619.4143672611356 1.0 1.0
-599.5 -491.5 326.0 370.0 682.4051231255119 615.20098341924 1.0 1.0
-582.5 -500.0 322.5 383.5 665.8174247509951 630.2116787658879 1.0 1.0
-603.5 -505.0 327.5 395.5 686.635973137948 641.440365672883 1.0 1.0
-607.0 -504.0 325.5 394.5 688.7668025106746 640.0361375090084 1.0 1.0
-610.5 -504.5 293.0 400.0 677.9790946090534 643.8324704455345 1.0 1.0
-606.0 -504.5 297.5 406.5 675.7460385050415 647.8908087015898 0.0 1.0
-612.5 -507.0 301.5 418.5 683.3001946962521 657.4126547986561 1.0 1.0
-627.0 -508.0 304.5 428.5 697.7254744550776 664.5877890101576 0.0 1.0
-731.0 -510.0 282.5 435.0 783.6887903102696 670.3170891451299 0.0 1.0
-756.0 -511.0 288.0 440.0 809.0113889112031 674.3300399444494 0.0 1.0
-721.5 -511.5 281.0 441.0 774.2889523340166 675.3615698275999 0.0 1.0
-730.5 -512.5 278.0 439.5 781.6102671240017 675.1422636992643 0.0 1.0
-700.0 -506.0 268.0 420.0 749.6309229480947 657.60751764532 0.0 1.0
-625.0 -498.0 251.0 383.5 673.5182708116618 628.5509194138813 0.0 1.0
-707.5 -496.5 276.5 375.0 759.6126512248405 622.2036717902107 0.0 1.0
-693.5 -498.0 270.5 366.0 744.3873601631367 618.0295208124601 0.0 1.0
-685.0 -501.0 267.5 361.5 735.3783833748402 617.805257015546 0.0 1.0
-647.0 -506.0 261.5 359.0 697.8478872290625 620.4168693918703 0.0 1.0
-641.0 -518.5 260.5 385.0 691.9118116508347 645.8075651077916 0.0 1.0
-679.0 -519.5 312.0 391.5 747.7784681664165 650.5018519929397 0.0 1.0
-705.0 -517.5 351.5 402.0 787.767383322578 655.2943935617011 0.0 1.0
-673.5 -514.0 222.0 412.5 709.1468602847594 659.0557250477866 0.0 1.0
-672.5 -511.0 223.0 423.5 708.509191730197 663.6824812541286 0.0 1.0
-686.5 -509.0 286.5 433.0 745.7764753097546 668.2598137336643 0.0 1.0
-707.0 -497.0 297.0 422.5 768.6636991276612 652.3266477130232 0.0 1.0
-737.5 -488.0 229.5 406.0 772.3843062842359 634.8076042645641 0.0 1.0
-699.0 -489.0 285.5 398.5 756.7029048744637 630.8125239726503 0.0 1.0
-690.5 -490.0 336.5 388.5 768.1292209841795 625.3282961777418 1.0 1.0
-677.5 -502.0 328.0 377.0 752.7220121921355 627.8082999446976 1.0 1.0
-674.5 -507.5 324.0 389.0 748.2824661521722 639.4353916461281 1.0 1.0
-673.0 -508.5 323.5 387.0 746.7136333984371 639.0163403438563 1.0 1.0
-659.5 -509.0 280.5 389.5 717.5424043257187 640.93006040293 1.0 1.0
-670.0 -508.5 241.0 394.0 712.0259865628155 643.2794153515654 0.0 1.0
-672.5 -507.5 248.0 398.5 716.7707303792263 645.2589546787225 0.0 1.0
-648.0 -508.0 369.5 405.0 745.9665216345993 649.6842397639682 0.0 1.0
-601.5 -508.0 353.5 411.0 697.7672519150833 653.4410081229046 0.0 1.0
-547.0 -508.0 338.0 412.0 643.0032510966303 654.0704478922771 1.0 1.0
-579.0 -507.0 348.5 411.0 675.8365562594648 652.6641514524715 1.0 1.0
-619.0 -506.5 361.5 408.0 716.8286137312089 650.3893064926575 1.0 1.0
-623.0 -506.5 359.5 403.0 719.2841092015351 647.2644359147195 1.0 1.0
-661.5 -509.5 279.0 397.0 722.2148786042902 645.9097503176077 1.0 1.0
-663.5 -503.0 208.0 384.0 695.352834229376 632.8333218747073 0.0 1.0
-635.0 -495.5 205.0 372.5 667.2706871183871 619.9003952249103 0.0 1.0
-664.0 -495.5 206.0 375.5 695.2226617608037 621.708123387612 0.0 1.0
-673.5 -497.0 208.5 383.0 705.0353829782562 627.4535839406768 0.0 1.0
-672.5 -496.5 211.0 385.0 704.8243449130082 628.281261757641 0.0 1.0
-777.5 -504.0 373.5 406.5 863.33822932763 647.5384987941042 0.0 1.0
-689.5 -506.5 376.0 417.0 785.357525396259 656.0726720394625 1.0 1.0
-689.0 -507.0 374.5 415.0 784.2010628754465 655.1900487644787 1.0 1.0
-690.0 -507.5 372.5 412.5 784.1277000591166 653.9977023849935 1.0 1.0
-679.0 -508.5 362.5 410.5 769.7059874742615 653.5154933128977 1.0 1.0
-657.0 -508.5 300.0 410.0 723.7992207901414 653.2016545487543 1.0 1.0
-654.0 -508.0 241.0 409.0 696.9918680397848 652.1847897643735 0.0 1.0
-562.5 -509.0 331.0 409.0 652.6623046635923 652.9640112594261 0.0 1.0
-551.5 -509.0 329.0 409.5 642.1801482912783 653.277430934291 1.0 1.0
-535.0 -509.0 327.0 410.0 627.0249705687357 653.590850609156 1.0 1.0
-523.0 -508.0 325.0 411.0 615.7548213371942 653.4408925067362 1.0 1.0
-529.0 -508.0 326.5 412.0 621.6574555969854 654.070332609575 1.0 1.0
-600.5 -508.0 278.5 411.0 662.4865490911554 653.4408925067362 0.0 1.0
-602.0 -509.5 241.5 410.0 648.6342037359215 653.9803131593488 0.0 1.0
-592.5 -499.5 235.5 393.5 637.5879629440105 635.9337751627841 0.0 1.0
-595.5 -491.5 237.0 374.5 640.9285375289096 617.9178748021455 0.0 1.0
-591.5 -491.5 232.5 374.0 635.5537033989856 617.6149690543454 0.0 1.0
-606.25 -492.0 226.25 372.5 647.2563149035865 617.1064260647601 0.0 1.0
-659.5 -492.0 217.5 372.5 694.4403447092427 617.1064810141397 0.0 1.0
-657.325 -492.5 215.35000000000002 373.5 691.7028441423902 618.1088830322233 0.0 1.0
-652.425 -492.0 213.14999999999998 368.0 686.3622734061064 614.4208923307547 0.0 1.0
-647.525 -472.5 210.95 289.5 681.0217026698224 554.2415271418458 0.0 0.0
-642.625 -487.0 208.75 347.5 675.6811319335385 598.3481696987152 0.0 0.0
-637.725 -502.5 206.55 397.0 670.3405611972546 640.4025884879745 0.0 0.0
-638.5 -497.5 208.0 404.0 671.5253338371772 640.88102695925 0.0 1.0
-636.0 -497.0 207.5 405.5 668.9934783321695 641.4361149491428 0.0 1.0
-636.0 -498.0 205.5 405.5 668.375847583673 642.2105576284561 0.0 1.0
-643.0 -503.5 208.0 408.5 675.8058078542305 648.3725633993174 0.0 1.0
-671.375 -511.5 285.0 410.5 716.7497147730878 655.852797321953 0.0 1.0
-632.5 -510.0 255.0 409.0 681.9690439362311 653.7439084629542 0.0 1.0
-774.5 -511.0 257.75 407.5 816.3126719918082 653.5880987424318 0.0 1.0
-710.5 -512.0 252.75 407.0 754.1709875448705 654.0589398551533 0.0 1.0
-633.375 -510.0 227.875 407.0 673.1208271774746 652.4944444207936 0.0 1.0
-688.5 -511.0 229.5 408.0 725.9170067827979 653.8998394249688 0.0 1.0
-697.5 -501.5 246.0 391.5 739.6113996852716 636.2491275624266 0.0 1.0
-661.5 -494.5 251.5 378.0 707.6968691015271 622.4261740991192 0.0 1.0
-673.5 -494.5 253.5 377.5 719.6286443135614 622.1226503268122 0.0 1.0
-651.5 -495.5 268.5 377.0 704.8012959107512 622.6149224527647 0.0 1.0
-629.25 -495.0 270.16666666666663 376.5 684.8833716316055 621.9143095122347 0.0 1.0
-706.25 -495.0 280.83333333333337 376.0 760.1158241155155 621.6116150780969 0.0 1.0
-676.0 -495.0 279.0 376.0 731.5052817344666 621.6116150780969 0.0 1.0
-619.5 -501.0 270.5 378.0 675.9813359500828 627.6025812566421 1.0 1.0
-615.5 -502.0 270.0 380.0 672.1172295106562 629.6062335991439 1.0 1.0
-612.5 -503.0 271.0 383.5 669.7740596112667 632.5198875122802 1.0 1.0
-607.0416666666667 -504.5 275.33333333333337 385.5 669.1770546269865 634.9255861910118 1.0 1.0
-585.2083333333333 -502.5 288.66666666666663 386.0 665.1682048862148 633.6424398263523 0.0 1.0
-563.375 -501.5 329.0 385.0 661.159355145443 632.2398674553828 0.0 1.0
-548.0 -499.5 344.0 384.0 647.3077998556134 630.0447149740199 0.0 1.0
-551.5 -497.5 316.0 382.0 635.6174132212227 627.2401920133102 1.0 1.0
-554.5 -495.5 313.0 381.0 636.7420960229649 625.0450050911234 1.0 1.0
-557.5 -495.0 311.0 380.5 638.3787595667313 624.3439299410684 1.0 1.0
-558.0 -495.0 309.5 381.0 638.0863969714446 624.6487012713626 1.0 1.0
-557.0 -501.5 308.5 387.5 636.7279621471744 633.7655806303583 1.0 1.0
-557.0 -510.5 309.5 402.0 637.2121214444704 649.7802287607869 1.0 1.0
-562.0 -510.0 313.5 403.0 643.5270222785136 650.0069282510916 1.0 1.0
-563.0 -511.0 317.5 404.5 646.3698003132891 651.7218760285676 1.0 1.0
-547.0 -510.5 315.5 406.0 631.466322458941 652.2624088509164 1.0 1.0
-612.0 -510.0 329.5 409.5 695.1818940581066 654.0568797911208 1.0 1.0
-714.5 -509.5 350.0 412.5 795.6244217146348 655.5506471765752 0.0 1.0
-720.5 -510.5 221.0 412.5 753.632395445583 656.3284196393 0.0 1.0
-724.5 -510.0 222.0 412.0 757.7494780323358 655.624892754996 0.0 1.0
-749.5 -510.5 222.0 412.5 781.726922818403 656.3280429785093 0.0 1.0
-719.0 -510.5 229.5 412.5 754.825033017602 656.3280429785093 0.0 1.0
-851.25 -507.5 244.375 410.0 885.8678554087309 652.4233673274871 0.0 1.0
-485.0 -497.5 277.75 385.0 571.3618141181307 629.0718111948554 0.0 1.0
549.0 -497.0 268.33333333333337 384.0 827.4000665261581 628.0644871348801 0.0 1.0
-451.0 -495.5 237.66666666666669 383.0 755.6940761671732 626.2661175570654 0.0 1.0
-697.625 -495.5 226.625 382.5 733.5128429288202 625.9604620101816 0.0 1.0
-696.375 -496.0 222.875 382.0 731.1837224108274 626.0511161239152 0.0 1.0
-696.2083333333333 -495.5 219.375 381.5 729.9692220084396 625.3499020548417 0.0 1.0
-696.0416666666667 -495.5 215.875 381.0 728.754721606052 625.0449983801167 0.0 1.0
-690.1875 -520.0 213.5 380.0 722.4549612396543 644.2325503753982 0.0 1.0
-682.4375 -558.0 211.5 383.0 714.4601142185863 676.7961411790011 0.0 1.0
-674.0 -559.5 210.5 384.0 706.1064113518125 678.5988652711264 0.0 1.0
-672.5 -559.0 208.5 381.0 704.0801740033053 676.4924828099479 0.0 1.0
-668.5 -558.5 210.0 380.5 700.7083915581431 675.7976768234706 0.0 1.0
-672.0 -557.5 209.5 380.0 703.9006517561711 674.6897435117863 0.0 1.0
-672.5 -556.5 211.0 378.5 704.8242793786651 673.0190034991758 0.0 1.0
-671.0 -555.5 212.5 377.0 703.8446368254215 671.3488288512909 0.0 1.0
-678.0 -491.0 213.5 383.5 710.8211049514235 623.0374068180154 0.0 0.0
-535.0 -489.0 333.5 379.5 630.4375624500099 618.986407708035 0.0 1.0
-571.5 -491.0 347.5 378.0 668.8591645287995 619.6499112148404 1.0 1.0
-592.5 -492.0 355.5 376.5 690.967991092044 619.5290620214903 1.0 1.0
-568.0 -492.5 345.5 362.0 664.8264875569129 611.3803363668326 1.0 1.0
-564.5 -486.5 344.0 338.0 661.0569700854455 592.8886948554007 1.0 0.0
-567.0 -480.5 343.5 314.0 662.9339581586114 574.3970533439685 1.0 0.0
-560.5 -481.0 341.0 314.5 656.080594864243 574.8337623881539 1.0 0.0
-545.5 -499.5 334.5 372.0 639.8911227745882 622.8441920481368 1.0 0.0
-540.0 -503.5 332.5 380.5 634.1579603909461 631.1064865801186 1.0 1.0
-538.0 -502.5 333.0 384.0 632.7187576196932 632.4274553813925 1.0 1.0
-535.5 -502.0 333.0 384.5 630.594362486694 632.3325134483343 1.0 1.0
-567.5 -501.5 299.0 384.5 643.1560929220636 631.9355543063116 1.0 1.0
-647.0 -508.0 251.5 390.5 694.1891500008462 640.7451003546432 0.0 1.0
-586.0 -511.5 245.5 393.5 635.3559970947681 645.3491397133196 0.0 1.0
-588.5 -509.0 246.5 399.0 638.0399111117927 646.7477246915525 0.0 1.0
-588.5 -503.0 246.0 402.0 637.8466016103514 643.9055593763263 0.0 1.0
-589.5 -480.0 246.0 388.5 638.769659349561 617.5217733479146 0.0 1.0
-587.0 -469.0 247.0 392.0 636.8500608463503 611.2487251252295 0.0 1.0
-584.0 -459.5 248.5 395.0 634.671778313687 605.9416249381504 0.0 1.0
-601.5 -448.0 249.5 392.0 651.1935745299944 595.2881952458201 0.0 1.0
-587.5 -440.5 248.0 389.5 637.7005304763984 588.0064415702977 0.0 1.0
-587.5 -442.0 244.5 385.5 636.3467729579647 586.4931818189586 0.0 1.0
-592.0 -444.0 238.5 384.0 638.2368290846275 587.0196556844512 0.0 1.0
-568.0 -457.0 231.5 389.0 613.3649570326056 600.1432686480808 0.0 1.0
-567.0 -467.5 222.5 391.5 609.0941388864716 609.7780836807411 0.0 1.0
-568.5 -477.5 216.0 400.5 608.1518445328609 623.2227983995863 0.0 1.0
-577.0 -484.0 237.5 405.5 623.9865528772987 631.4160795042097 0.0 1.0
-689.625 -486.0 269.625 405.5 740.5245432683403 632.9514847277376 0.0 1.0
-605.5 -485.0 253.5 398.0 656.4247345440037 627.3993643989083 0.0 1.0
-595.5 -485.5 254.5 393.0 647.6036635095675 624.6274097689598 1.0 1.0
-589.5 -487.0 262.0 391.0 645.1038796046084 624.5399522944547 1.0 1.0
-683.875 -493.0 234.5 395.0 740.9590224540177 631.7258048365545 1.0 1.0
-872.5 -507.0 326.5 416.5 931.6260821732799 656.1416364361917 0.0 1.0
-606.25 -504.5 333.5 417.5 694.8380841310016 654.8492544316962 0.0 1.0
-541.5 -502.0 337.5 415.0 638.0673811590389 651.3295529917684 1.0 1.0
-543.5 -499.5 338.5 414.5 640.2928817138575 649.0843550725899 1.0 1.0
-541.0 -498.0 342.0 413.5 640.035527007799 647.2917874391455 1.0 1.0
-541.0 -497.0 343.5 414.0 640.8388931890652 646.8424441776313 1.0 1.0
-557.0 -497.5 350.5 414.0 658.1048584969947 647.2265831994233 1.0 1.0
-570.0 -500.0 355.0 414.5 671.5098982103256 649.4692063523875 1.0 1.0
-569.0 -502.0 350.0 414.5 668.0277454011826 651.0101765717645 1.0 1.0
-570.5 -503.0 342.5 415.0 665.415201207798 652.0997996832698 1.0 1.0
-572.5 -504.5 338.0 417.0 664.8310421585604 654.529906517942 1.0 1.0
-617.0 -496.0 271.0 398.5 674.2524005372453 636.3184695741602 0.0 1.0
-632.0 -488.0 247.0 383.0 678.5574138969552 620.3491720748655 0.0 1.0
-628.0 -487.0 246.5 383.5 674.6454259228467 619.871962585823 0.0 1.0
-623.0 -487.5 246.5 383.0 669.9934771414609 619.9558452018982 0.0 1.0
-622.5 -488.0 248.5 384.0 670.2675419839607 620.966987850401 0.0 1.0
-563.5 -488.5 266.5 384.0 624.5147633037734 621.3601246614373 0.0 1.0
-529.5 -488.5 265.5 385.0 593.9848380284582 621.9786203818597 0.0 1.0
-444.27083333333337 -489.5 200.5625 386.0 535.7900251767958 623.3830316484647 0.0 1.0
-381.96527777777777 -491.5 205.3125 388.0 544.7816430492978 626.1919865490916 0.0 1.0
-319.6597222222222 -493.0 210.0625 389.375 553.7732609217998 628.2212895825393 0.0 1.0
-257.35416666666663 -495.5 214.8125 390.75 562.7648787943017 631.035522702179 0.0 1.0
-195.04861111111111 -498.0 219.5625 393.75 571.7564966668037 634.8570799587037 0.0 1.0
-132.74305555555554 -499.5 224.3125 396.5 580.7481145393057 637.7403907150965 0.0 1.0
-70.43749999999997 -512.0 229.0625 417.25 589.7397324118076 660.4905487533435 0.0 1.0
-8.131944444444429 -513.5 233.8125 421.0 598.7313502843097 664.0206318374355 0.0 1.0
54.17361111111114 -514.0 238.5625 422.75 607.7229681568116 665.5178300778432 0.0 1.0
116.47916666666669 -515.0 243.3125 423.25 616.7145860293135 666.6076981406459 0.0 1.0
178.78472222222223 -513.5 248.0625 422.5 625.7062039018155 664.9731772019198 0.0 1.0
241.09027777777783 -496.0 252.8125 392.25 634.6978217743174 632.357898516171 0.0 1.0
303.39583333333337 -494.25 257.5625 390.5 643.6894396468194 629.899684114688 0.0 1.0
365.7013888888889 -493.75 262.3125 389.75 652.6810575193214 629.0422296701477 0.0 1.0
428.00694444444446 -493.0 267.0625 389.75 661.6726753918233 628.4539113899034 0.0 1.0
490.3125 -492.5 271.8125 391.0 670.6642932643254 628.8385034236205 0.0 1.0
552.6180555555557 -503.0 276.5625 411.0 679.6559111368273 649.5635048057927 0.0 1.0
614.9236111111111 -507.0 281.3125 419.0 688.6475290093292 657.7362102524496 0.0 1.0
655.0 -508.0 289.5 422.75 716.1252137305257 660.8945667610858 0.0 1.0
530.75 -509.0 326.5 424.25 623.5135547372597 662.6229154135291 0.0 1.0
522.75 -509.5 325.5 424.0 615.8623689193487 662.8470788952758 0.0 1.0
515.25 -510.25 318.0 423.75 605.4898307158167 663.2639942458925 0.0 1.0
408.25 -510.25 376.5 421.25 555.3561278904526 661.6705270509656 0.0 1.0
466.0 -510.0 335.5 417.75 576.2185703773638 659.2546630417237 0.0 1.0
525.75 -509.75 361.75 414.5 644.8980290832392 657.0054673258288 0.0 1.0
414.75 -498.75 574.75 400.0 724.2325792256215 639.3419360350455 0.0 1.0
291.75 -477.625 683.5 327.5625 743.6224221577692 579.7933492407112 0.0 0.0
319.08333333333337 -478.125 661.4166666666667 279.8125 735.3182296610603 555.4087674029463 0.0 0.0
227.41666666666666 -476.5 617.0833333333333 294.0 658.7236893203977 561.5986655425974 0.0 0.0
232.75 -488.5 638.25 393.5 669.2954801508181 627.2833607963947 0.0 0.0
270.41666666666663 -498.5 681.25 405.0 708.9227147049329 642.2829599152635 0.0 1.0
308.0833333333333 -499.0 724.25 404.5 748.5499492590476 642.3563236546934 0.0 1.0
94.5 -497.0 767.25 400.5 788.1771838131624 638.291326747093 0.0 1.0
235.5 -497.0 777.7115384615385 405.0 810.3912434026485 641.1193376805904 0.0 1.0
185.0 -497.0 690.5576923076923 405.0 780.3657780982487 641.1194508329876 0.0 1.0
-22.449999999999996 -498.0 603.4038461538461 406.5 750.340312793849 642.843709260712 0.0 1.0
-153.04999999999998 -500.5 516.25 411.0 720.3148474894492 647.6274042801083 0.0 1.0
-283.65 -502.0 429.0961538461538 412.0 690.2893821850494 649.421358302422 0.0 1.0
-414.25 -503.5 341.9423076923076 414.5 660.2639168806496 652.1675398239321 0.0 1.0
-544.8499999999999 -505.5 254.78846153846155 416.0 630.2384515762499 654.6649906631635 0.0 1.0
-572.625 -506.5 239.375 416.0 620.6609775679939 655.4374493420406 0.0 1.0
-573.6944444444445 -506.5 253.75 416.0 627.6183734624437 655.4374493420406 0.0 1.0
-576.4722222222222 -475.0 276.75 390.5 640.6275532528562 614.9125179245113 0.0 1.0
-579.25 -493.0 299.75 372.0 653.6367330432688 617.6044410565589 0.0 1.0
-582.0277777777778 -494.0 322.75 371.0 666.6459128336812 617.8005261331975 0.0 1.0
-584.8055555555555 -493.5 345.75 370.0 679.6550926240939 616.8000081063553 0.0 1.0
-535.7209302325582 -487.0 366.1744186046511 368.0 652.828439620939 610.4109344769035 0.0 1.0
-502.6046511627907 -485.0 346.87209302325584 367.0 630.2796352514235 608.216985094659 0.0 1.0
-469.48837209302326 -492.0 327.56976744186045 367.5 607.7308308819083 614.1011724463649 0.0 1.0
-436.3720930232558 -498.5 308.2674418604651 375.0 585.1820265123931 623.8032150565241 0.0 1.0
-403.25581395348837 -502.5 288.9651162790698 388.0 562.6332221428778 634.8634968255185 0.0 1.0
-370.1395348837209 -501.5 269.66279069767444 391.0 540.0844177733625 635.9114761388707 0.0 1.0
-337.0232558139535 -500.5 250.36046511627907 392.5 517.5356134038473 636.047561114733 0.0 1.0
-303.906976744186 -504.0 231.0581395348837 396.5 494.98680903433194 641.2727997682148 0.0 1.0
-270.7906976744186 -513.0 211.75581395348837 415.0 472.4380046648167 659.8439376536561 0.0 1.0
-237.67441860465115 -513.0 192.45348837209303 414.0 449.8892002953014 659.215447056881 0.0 1.0
-204.5581395348837 -512.5 173.1511627906977 412.5 427.34039592578614 657.8848683470384 0.0 1.0
-171.44186046511624 -512.0 153.84883720930236 413.0 404.7915915562709 657.8092428660455 0.0 1.0
-138.32558139534882 -512.0 134.546511627907 413.0 382.24278718675555 657.8092428660455 0.0 1.0
-105.20930232558138 -513.0 115.24418604651164 413.5 359.69398281724034 658.9015480327846 0.0 1.0
-72.09302325581393 -514.5 95.94186046511629 414.0 337.145178447725 660.3834113604005 0.0 1.0
-38.97674418604646 -514.5 76.63953488372096 413.5 314.59637407820975 660.0700720378103 0.0 1.0
-5.860465116279045 -514.5 57.33720930232559 413.5 292.0475697086945 660.0700720378103 0.0 1.0
27.25581395348837 -514.0 38.03488372093025 413.0 269.49876533917916 659.3671951812446 0.0 1.0
60.37209302325584 -513.5 18.732558139534916 411.5 246.94996096966392 658.0384884157006 0.0 1.0
93.48837209302332 -513.0 -0.5697674418604493 410.5 224.40115660014862 657.0230209056605 0.0 1.0
126.60465116279073 -514.0 -19.872093023255786 410.0 201.85235223063336 657.4922052769904 0.0 1.0
159.72093023255815 -513.0 -39.17441860465115 408.5 179.3035478611181 655.775304506048 0.0 1.0
188.5 -513.0 -14.5 407.0 189.1467477119833 654.8419706696968 0.0 1.0
183.0 -513.0 29.0 407.5 185.9111465161185 655.1528497097172 0.0 1.0
154.5 -514.5 239.0 409.0 303.60434044649674 657.2604126219683 0.0 1.0
29.5 -542.5 386.5 399.0 387.6357154286117 673.9258393303782 0.0 1.0
34.5 -566.5 405.5 387.0 406.9672494055526 686.0694206856913 0.0 1.0
116.0 -566.0 389.5 387.5 406.49968675729826 685.939307133265 0.0 1.0
63.0 -566.0 385.5 387.5 391.211383986011 685.9390790854816 0.0 1.0
-100.5 -566.0 602.8333333333333 386.5 610.5883483849462 685.3745451561492 0.0 1.0
-30.875 -511.0 614.1666666666667 397.0 615.7761751238214 647.1178717959376 0.0 0.0
22.0 -507.0 792.0 390.0 792.3768690967779 639.6478497953251 0.0 1.0
38.5 -503.5 779.5 389.5 779.7209008139381 636.5712780060003 0.0 1.0
25.5 -502.5 690.5 390.0 691.2123287594278 636.0876137916537 0.0 1.0
18.25 -502.0 667.25 390.5 667.6501192079908 635.9986983064614 0.0 1.0
93.0 -502.0 754.375 391.0 756.3241907320796 636.305768032171 0.0 1.0
242.0 -509.5 723.875 410.0 731.1803297504684 653.9804789085972 0.0 1.0
66.5 -509.0 634.0 412.5 639.6798451429195 655.1620028664667 0.0 1.0
82.75 -509.0 515.1666666666667 412.0 560.8536877552713 654.8473104472523 0.0 1.0
184.41666666666669 -509.0 446.05555555555554 412.5 552.6089297335282 655.1620028664667 0.0 1.0
286.08333333333337 -509.5 376.94444444444446 411.0 544.3641717117848 654.6078226304255 0.0 1.0
387.75 -510.5 307.8333333333333 406.5 536.1194136900417 652.5737506213378 0.0 1.0
415.5 -501.0 266.5 387.5 494.868988265128 633.3725541441318 0.0 1.0
519.5 -499.75 314.0 344.0 608.8323070390591 609.3871802281999 0.0 0.0
507.5 -512.0833333333333 320.0 300.0 600.8627602135939 597.045991774152 0.0 0.0
505.0 -524.4166666666667 313.0 256.0 595.4400239048864 584.704803320104 0.0 0.0
545.5 -499.0 344.5 370.0 646.8831933884015 621.2094045592421 0.0 0.0
509.5 -510.5 320.0 393.0 602.5281105344068 644.2553073334775 0.0 1.0
533.5 -510.0 297.0 383.0 610.6004976003502 637.8007614904307 0.0 1.0
490.5 -512.0 298.5 372.0 574.5476048327656 632.8770542706767 0.0 1.0
484.5 -515.0 322.5 355.5 583.8012582242579 625.7852547290519 0.0 1.0
544.0 -515.0 307.0 338.5 624.6479737145539 616.2850395717877 0.0 1.0
546.0 -519.5 306.5 325.0 626.1455501718431 612.7848317313345 0.0 1.0
547.5 -519.0 307.5 322.5 627.9432219953947 611.0382346023563 0.0 1.0
529.0 -516.5 390.0 331.5 661.6972767022535 613.7505041362974 0.0 1.0
552.0 -495.0625 311.0 297.25 633.5811204351064 577.9157611818571 0.0 0.0
552.5 -505.3125 311.0 346.25 634.0168423156344 613.5076295178267 0.0 0.0
507.5 -504.0 366.5 323.5 630.033557120251 600.6007653849019 0.0 0.0
555.5 -503.0 320.5 323.5 641.3272177231656 598.1620299172422 0.0 0.0
544.0 -506.0 315.5 355.5 628.8773460782952 618.4004157962574 0.0 1.0
538.0 -503.5 311.5 357.5 621.6800842055789 617.5099867956455 0.0 1.0
486.625 -504.5 276.15625 360.0 607.6695684872036 619.7748886541285 0.0 1.0
241.125 -504.0 284.78125 364.5 587.6173390962485 621.9937700652636 0.0 1.0
-4.375 -501.0 293.40625 364.5 567.5651097052935 619.5654110255589 0.0 1.0
-249.875 -498.5 302.03125 364.5 547.5128803143384 617.5456153967998 0.0 1.0
-444.5 -498.0 309.5 365.5 541.6616396941596 617.7331543635974 0.0 1.0
-612.125 -498.0 315.0 367.5 689.7309896127756 618.918613389515 0.0 1.0
-610.5 -497.5 250.5 368.5 663.309180070218 619.1111278019872 1.0 1.0
-708.0 -500.5 342.5 375.0 786.4928698012566 625.4010437932211 0.0 1.0
-636.0 -505.5 264.5 382.0 692.9728800173891 633.6041820396518 0.0 1.0
-567.0 -507.5 319.5 382.5 650.8313481498712 635.5018415133867 1.0 1.0
-579.0 -507.5 323.0 381.5 663.0242726913906 634.900385887424 1.0 1.0
-582.5 -508.5 354.5 379.5 682.3114150143006 634.5017730471681 1.0 1.0
-593.0 -499.5 319.5 362.5 676.7748082742162 617.186558224834 0.0 1.0
-579.0 -498.5 341.0 349.0 672.5804894219114 608.525609789317 0.0 1.0
-581.5 -500.0 306.5 337.5 657.3315125694027 603.24656795341 1.0 1.0
-518.8 -502.5 287.0625 330.0 597.0580476630926 601.170795473945 0.0 1.0
-558.0 -502.5 301.3125 327.0 654.7855719395297 599.5291902818411 0.0 1.0
-597.2 -502.0 356.0 330.5 712.5130962159669 601.0284571540095 0.0 1.0
-604.0 -507.0 288.0 350.0 687.8712312565727 616.0767190960021 0.0 1.0
-704.5 -508.5 275.0 360.5 757.0013551915415 623.3258875171334 0.0 1.0
-693.5 -509.0 223.0 366.5 728.4748595686676 627.2204783132581 0.0 1.0
-567.0 -508.5 254.0 369.5 621.2963217599867 628.5719239760097 0.0 1.0
-566.5 -508.5 254.0 372.0 620.8374043313355 630.044641275521 1.0 1.0
-546.5 -508.5 310.5 373.5 628.654133966224 630.9315829702882 1.0 1.0
-624.0 -508.5 375.0 378.0 729.8774013361799 633.6062610851643 0.0 1.0
-500.625 -508.5 314.375 381.0 591.4865735783117 635.4001968156247 0.0 1.0
-467.25 -508.0 278.25 382.5 543.8250441935187 635.9012577019223 0.0 1.0
-476.5 -508.0 283.0 384.5 554.20341368346 637.1062775894808 1.0 1.0
-476.5 -501.5 280.0 378.0 552.6784196046219 628.0070697404985 1.0 1.0
-478.5 -496.0 284.0 367.5 556.436332325289 617.3116737742596 1.0 1.0
-698.4583333333333 -495.5 324.125 364.5 770.2625331379691 615.1265416301467 0.0 1.0
-608.2916666666667 -496.0 304.625 366.0 681.2476821287833 616.4186888795634 0.0 1.0
-518.125 -496.0 285.125 368.5 592.2328311195972 617.9066428666724 0.0 1.0
-449.0 -512.5 279.5 405.5 528.9540370194503 653.5190242035762 0.0 0.0
-449.5 -513.0 284.5 408.0 532.0130501929528 655.4639578191924 0.0 1.0
-456.0 -513.0 260.5 410.0 525.1631028979723 656.7108591724766 0.0 1.0
-452.5 -513.5 262.0 410.5 522.8769575806745 657.4136084125148 0.0 1.0
-454.0 -514.0 261.5 411.5 523.9259849642212 658.4287374896955 0.0 1.0
-454.0 -515.5 262.0 411.5 524.1756026926357 659.6003734829642 0.0 1.0
-456.0 -516.0 262.0 410.0 525.9087373299668 659.0570182067714 0.0 1.0
-454.0 -516.5 276.0 408.5 531.429991749087 658.5170110154054 0.0 1.0
-631.625 -516.0 310.25 407.0 704.7152826033162 657.1949133379374 0.0 1.0
-768.5 -515.0 295.0 405.5 825.8541651583978 655.4809356317521 1.0 1.0
-665.0 -514.5 299.5 404.0 732.1439489636102 654.1607218413529 0.0 1.0
-813.75 -514.5 282.375 403.5 861.3766060422658 653.8520474847502 0.0 1.0
-700.5 -514.0 304.0 404.5 766.8120042197193 654.0766445965388 0.0 1.0
-676.5 -513.5 439.5 404.5 807.8302330968872 653.6839100600935 0.0 1.0
-332.0 -513.5 268.0 405.5 428.3300512568359 654.3030643363976 0.0 1.0
-179.5 -514.5 195.5 407.0 266.7092724779202 656.0177207972358 0.0 1.0
-163.0 -514.0 216.5 405.5 271.00047923093666 654.6955399267663 0.0 1.0
-160.5 -513.0 216.0 403.5 269.1028408088197 652.672391020181 0.0 1.0
-160.5 -511.5 215.0 401.5 268.3009700626507 650.257375728678 0.0 1.0
-159.0 -511.5 208.5 400.5 262.20840947612646 649.64040436499 0.0 1.0
-158.0 -511.0 196.5 398.0 252.14331242370875 647.7075685792828 0.0 1.0
-132.5 -507.0 183.0 390.0 226.69161337680248 639.651430903398 0.0 1.0
-68.5 -497.5 161.5 357.5 175.42903845197583 612.6276722992645 0.0 1.0
-71.0 -497.5 174.0 355.0 187.9411854412768 611.17202979194 0.0 1.0
-65.5 -497.5 172.5 352.0 184.51849132397712 609.4343689028376 0.0 1.0
-88.0 -498.5 179.5 349.0 200.04838747190962 608.5254719401646 0.0 1.0
-217.25000000000003 -498.5 223.0 347.5 322.81315678297176 607.6665765402382 0.0 1.0
-377.58333333333337 -498.5 279.0 347.0 479.4262271571811 607.3806467117635 0.0 1.0
-537.9166666666667 -498.5 335.0 350.0 636.0392975313903 609.0996777649518 0.0 1.0
-584.5 -498.0 284.5 355.5 650.0687001607005 611.8696067038838 1.0 1.0
-630.5 -494.0 262.5 361.0 683.747274525315 611.8473688404681 1.0 1.0
-615.0 -483.0 252.5 259.66666666666663 666.5278230736917 550.3214180220559 0.0 0.0
-590.5 -481.0 298.5 356.33333333333337 661.6592511348679 600.3934791455292 1.0 0.0
-591.0 -494.5 302.0 357.0 663.7016538809528 609.9863446388733 1.0 1.0
-595.5 -499.5 305.0 363.5 669.0636772183661 617.764508436384 1.0 1.0
-582.0 -502.0 296.5 347.0 653.174133355928 610.2565237232625 1.0 1.0
-584.0 -503.0 297.5 331.5 655.4100254875445 602.4136495449088 1.0 1.0
-583.0 -503.0 331.5 333.0 671.2421347388117 603.2408962802513 1.0 1.0
-730.0 -508.5 304.0 356.5 790.9688514169206 621.0199053902131 0.0 1.0
-562.0 -505.0 293.5 374.0 634.0399905173617 628.4126455134096 0.0 1.0
-543.5 -504.0 287.0 391.5 614.6243371664241 638.1977634021887 1.0 1.0
-534.0 -506.5 278.5 408.5 602.261097843779 650.7087845009257 1.0 1.0
-548.5 -509.5 285.0 415.0 618.1254470395124 657.1266242438721 1.0 1.0
-549.0 -510.5 280.0 411.5 616.2801363213987 655.7001231797091 1.0 1.0
-550.5 -512.0 280.0 408.0 617.6166243280966 654.6825154954247 1.0 1.0
-555.5 -514.5 286.5 404.5 625.0300465905075 654.4713246765723 1.0 1.0
-553.5 -514.5 288.0 402.0 623.949496097491 652.9279216943262 1.0 1.0
-555.0 -506.5 284.0 391.0 623.4429651989367 639.8832115842525 1.0 1.0
-560.5 -498.0 281.0 370.5 626.9995603737502 620.7052996909595 1.0 1.0
-581.5 -496.0 292.5 369.5 650.9339945138682 618.5034383429877 1.0 1.0
-562.5 -495.0 288.0 370.0 631.9431067700303 618.0008090609591 1.0 1.0
-561.0 -494.5 282.0 369.5 627.8896828698237 617.3011100164027 1.0 1.0
-563.0 -494.5 283.5 367.0 630.350140122074 615.8083263695967 1.0 1.0
-564.0 -504.0 293.5 368.5 635.7973696485262 624.346820059654 1.0 1.0
-545.5 -507.0 294.5 367.0 619.943214778941 625.88983531935 1.0 1.0
-541.5 -509.0 288.0 366.5 613.3245710895712 627.2187300768164 1.0 1.0
-544.5 -509.5 285.0 373.0 614.5788217603656 631.4423273467619 1.0 1.0
-540.5 -506.5 295.0 382.0 615.798310182425 634.4023102003835 1.0 1.0
-525.5 -500.0 301.0 383.0 605.5999893837351 629.8328109776191 1.0 1.0
-526.0 -498.5 298.5 388.0 604.7960903470866 631.7011511109655 1.0 1.0
-530.0 -497.0 295.0 389.0 606.5690766940301 631.134023031482 1.0 1.0
-537.0 -496.0 298.5 387.5 614.386920167804 629.4223117153531 1.0 1.0
-534.0 -504.5 299.5 406.5 612.255431438399 647.8918615599996 1.0 1.0
-547.0 -504.0 307.0 394.0 627.2631845989462 639.729158739061 1.0 1.0
-626.0 -506.5 320.5 388.5 705.2717999614567 638.3382372281951 1.0 1.0
-559.0 -509.0 298.0 391.0 633.4870110923191 641.8426598474115 1.0 1.0
-556.0 -509.5 287.5 398.0 625.9535128944386 646.5248214419713 1.0 1.0
-590.5 -508.5 315.0 405.0 670.0827028727124 650.0751830848926 1.0 1.0
-559.0 -508.0 333.0 409.5 650.6698578501982 652.4985835490072 1.0 1.0
-558.5 -509.5 329.0 411.5 648.2820912396402 654.922213102723 1.0 1.0
-536.0 -509.5 357.0 411.5 644.0077176168323 654.9221285025103 0.0 1.0
-533.5 -509.0 334.5 407.0 629.9842187005103 651.7131270735614 0.0 1.0
-575.5 -506.5 332.5 396.0 664.6976771205884 642.9296075326847 0.0 1.0
-635.0 -505.5 306.0 383.5 706.1585414785629 634.5107785287933 0.0 1.0
-596.5 -505.5 293.5 376.0 666.540922635816 630.0059219782759 0.0 1.0
-563.5 -505.0 335.0 375.0 655.5594233179145 629.0094759643218 1.0 1.0
-568.5 -481.25 332.5 336.65 658.5996903520368 588.4104605384213 1.0 1.0
-577.0 -460.25 273.5 269.25 638.5387422570361 536.5768819072669 0.0 0.0
-554.0 -439.25 298.5 201.85 630.0639721215271 484.74330327611233 0.0 0.0
-534.5 -489.5 330.0 390.5 628.170954939892 626.2566268699587 1.0 0.0
-531.0 -500.5 330.5 408.5 625.4530591700629 646.0439463772783 1.0 1.0
-532.0 -497.5 333.0 400.5 627.6252115594336 638.6787877382053 1.0 1.0
-528.5 -499.5 333.5 390.5 624.9276527717172 634.0281545160092 1.0 1.0
-527.0 -505.5 335.5 379.5 624.7313999636682 632.1050150082597 1.0 1.0
-526.0 -514.5 337.0 381.5 624.6960678962987 640.5095673389719 1.0 1.0
-525.0 -520.0 338.0 387.5 624.3950486207372 648.5032079639475 1.0 1.0
-521.5 -517.0 338.5 390.5 621.727089732142 647.9038579791728 1.0 1.0
-527.5 -517.5 342.0 395.5 628.6661550642955 651.326722927902 1.0 1.0
-571.0 -518.0 296.5 401.0 643.4566457000741 655.0764507448375 1.0 1.0
-641.125 -518.0 300.5 406.5 701.6671573686262 658.4575952323582 0.0 1.0
-786.5 -539.5 296.5 401.0 834.6058798384545 672.5293804247332 0.0 1.0
-771.5 -571.0 284.0 387.0 822.125577309977 689.7938260595625 0.0 1.0
-703.625 -571.5 278.83333333333337 384.0 757.5665536397223 688.5266436069346 0.0 1.0
-640.125 -570.5 292.16666666666663 381.5 706.0657426108562 686.3036301451082 0.0 1.0
-576.625 -570.5 305.5 379.0 654.5649315819899 684.9174722565458 0.0 1.0
-547.0 -569.0 322.0 375.5 634.7483520558754 681.734002379227 0.0 1.0
-58.775 -565.0 316.3636363636364 371.5 655.0700750629626 676.1934278295912 0.0 1.0
84.12500000000001 -563.0 300.1818181818182 370.0 657.0870007450321 673.6980187869829 0.0 1.0
227.025 -563.0 284.0 369.5 659.1039264271016 673.4235447627052 0.0 1.0
369.92500000000007 -561.5 267.8181818181818 369.0 661.120852109171 671.895282407171 0.0 1.0
512.825 -559.0 251.63636363636363 370.0 663.1377777912405 670.3595592940658 0.0 1.0
578.5 -496.5 252.5 368.5 631.8495463920158 618.308417530804 0.0 0.0
608.5 -497.0 285.5 368.0 672.1477107785367 618.4118057347484 0.0 1.0
556.5 -497.5 294.0 367.5 630.2211830811839 618.5165007842553 0.0 1.0
521.0 -499.0 314.0 367.5 608.3086371933755 619.7235270667073 0.0 1.0
532.0 -499.5 323.5 368.0 622.6395891710908 620.4226472582684 0.0 1.0
515.5 -504.0 289.0 379.5 590.9833120871785 630.9192796337018 0.0 1.0
516.0 -509.5 305.5 392.5 599.6564392950256 643.1536310312443 0.0 1.0
518.5 -510.0 312.5 396.0 605.3925589842286 645.6908113541969 0.0 1.0
514.5 -511.0 312.0 400.5 601.70953396182 649.2467981193786 0.0 1.0
514.5 -511.0 303.0 401.0 597.121268973812 649.555351545323 0.0 1.0
474.0 -510.0 327.5 401.5 576.6923665283446 649.078118829243 0.0 1.0
528.5 -509.0 310.0 401.5 615.2170400650303 648.2926839869342 0.0 1.0
584.0 -509.0 303.4 400.5 660.0094377023935 647.6737218692758 0.0 1.0
508.0 -508.5 333.0 400.0 613.1158533267899 646.9716045014663 0.0 1.0
432.0 -508.25 362.6 399.25 566.2222689511863 646.3116494558477 0.0 1.0
553.5 -508.75 310.5 399.25 635.5520121842513 646.7048219951878 0.0 1.0
440.25 -510.0 266.25 399.0 517.2520861211336 647.5345932487895 0.0 1.0
590.4642857142858 -570.5 275.92857142857144 372.5 653.0552572016743 681.3437069129752 0.0 0.0
579.75 -569.25 240.5 372.75 629.6581510961109 680.4323112642226 0.0 1.0
569.0357142857142 -568.25 205.07142857142856 373.0 606.2610449905476 679.7330956486198 0.0 1.0
574.75 -568.0 201.0 373.25 609.1122669081869 679.6613908048137 0.0 1.0
602.5 -567.5 266.25 373.25 658.7109666784028 679.243562237034 0.0 1.0
608.75 -567.0 271.0 372.75 666.3516661305359 678.5511079790753 0.0 1.0
610.5 -565.75 273.5 372.75 668.9700140727659 677.5070072908046 0.0 1.0
598.0 -564.25 261.0 372.75 652.4776268280685 676.2548558138689 0.0 1.0
603.0 -564.0 263.0 372.5 657.8605910745096 675.908462737374 0.0 1.0
602.25 -564.0 265.0 371.5 657.9742804566632 675.3578680966115 0.0 1.0
598.25 -564.0 265.0 371.25 654.315744785576 675.2204129808956 0.0 1.0
597.0 -564.25 270.75 369.5 655.5306384951351 674.4691399941419 0.0 1.0
601.25 -564.5 277.25 368.5 662.0948475916259 674.1310520210554 0.0 1.0
554.75 -491.75 285.0 356.0 624.2902701182559 607.088497196937 0.0 0.0
549.25 -493.0 334.75 354.5 643.2965380326648 607.2227060912358 0.0 1.0
559.0 -493.0 355.25 354.25 662.4079550907593 607.0766868510032 0.0 1.0
575.0 -408.0 377.0 383.0 687.5946506922289 561.1846036119828 0.0 0.0
562.5 -333.0 366.5 414.25 671.3753187337984 531.5012918494815 0.0 0.0
534.5 -331.5 368.0 414.25 649.1144967125393 530.5615998747462 0.0 0.0
537.0 -330.5 378.0 414.0 656.7013772801179 529.7421483973878 0.0 0.0
532.5 -329.0 382.0 414.5 655.4809989491682 529.19905187472 0.0 0.0
513.25 -328.25 358.75 426.75 626.2045174660354 538.4072253165472 0.0 0.0
512.875 -335.5 355.625 461.5 624.107302145454 570.563393884117 0.0 0.0
510.5 -334.5 352.0 461.0 620.0936902318059 569.5714133479603 0.0 0.0
404.0 -334.0 363.5 460.0 543.9366991864922 568.4681169599576 0.0 0.0
511.0 -333.5 344.0 459.0 616.0023571775753 567.3653264180068 0.0 0.0
437.5 -333.5 321.0 460.5 542.6300189695149 568.5794456451542 0.0 0.0
471.0 -334.0 364.5 461.0 595.5766845190777 569.2776124177026 0.0 0.0
469.5 -335.0 315.0 458.0 565.3814510449758 567.4466031310719 0.0 0.0
529.4583333333333 -412.3 308.41666666666663 354.95 613.0911193266205 547.422785000831 0.0 0.0
529.2916666666667 -465.5 280.08333333333337 292.75 599.9803888891673 559.1469831062764 0.0 0.0
529.125 -518.7 251.75 230.55 586.869658451714 570.8711812117215 0.0 0.0
516.0 -509.5 251.5 362.5 574.5538144710772 625.3581628502516 0.0 1.0
464.0 -514.0 291.5 383.0 548.2178986117942 641.0250849383704 0.0 1.0
506.5 -512.5 304.0 388.5 590.8257092058534 643.1088482564586 0.0 1.0
469.5 -515.0 288.0 389.0 550.7956178142772 645.4038199599813 0.0 1.0
502.0 -515.0 291.5 397.0 580.8905452449463 650.2831803700124 0.0 1.0
451.0 -513.5 330.5 409.0 560.6214557758133 656.4783788096029 0.0 1.0
445.875 -515.5 342.25 412.5 563.9449857262891 660.22469842487 0.0 1.0
509.0 -515.5 287.5 414.0 584.5834573719877 661.1628755625227 0.0 1.0
469.5 -515.5 326.0 415.5 571.6144544618205 662.1030886500984 0.0 1.0
483.5 -516.0 297.0 417.0 567.8479557514061 663.4343609069508 0.0 1.0
500.5 -517.0 285.0 418.5 575.9562799005522 665.1551706438386 0.0 1.0
512.5 -518.5 300.5 420.5 594.1035926731245 667.5796962239672 0.0 1.0
514.75 -520.0 270.95000000000005 417.5 583.4731294993996 666.8629919256279 0.0 1.0
511.75 -521.5 225.55 413.5 561.0884893203772 665.5408728972486 0.0 1.0
486.5 -523.0 214.5 404.5 532.5528175578925 661.1749784302149 0.0 1.0
508.5 -500.34375 316.0 362.34375 599.2095306751185 618.4211700623439 0.0 0.0
530.5 -509.71875 321.0 333.71875 620.0574635338389 611.6728236004558 0.0 0.0
546.5 -519.09375 347.0 305.09375 647.754512626957 604.9244771385677 0.0 0.0
547.5 -528.46875 318.5 276.46875 633.4023707028864 598.1761306766795 0.0 0.0
559.0 -550.0 330.5 283.0 649.3930356526776 618.8078233124933 0.0 0.0
554.0 -506.0 327.5 369.5 643.566728127088 626.5599742045952 0.0 1.0
525.5 -510.5 323.0 373.5 616.9140485871064 632.5854891144545 0.0 1.0
547.5 -507.5 279.0 374.0 614.8593853674959 630.4232416530931 0.0 1.0
554.5 -504.5 253.85000000000002 363.5 609.8690537693428 621.8244950698265 0.0 1.0
574.5 -492.71875 257.65 266.65625 629.6538435882954 560.2482770418801 0.0 0.0
565.5 -495.59375 283.0 269.28125 633.1129498727382 564.0288338410683 0.0 0.0
516.5 -498.46875 322.5 271.90625 609.029483155844 567.8093906402567 0.0 0.0
532.5 -501.34375 323.5 274.53125 623.0638095097052 571.5899474394448 0.0 0.0
534.0 -504.0 323.0 302.5 624.0878036262811 588.2245178349085 0.0 0.0
507.0 -509.0 328.0 348.0 604.0329182826048 616.5948204952579 0.0 1.0
546.0 -510.0 339.5 359.0 642.9434636226915 623.6834796853991 0.0 1.0
539.5 -503.0 331.5 349.0 633.2081229546852 612.2378801868729 0.0 1.0
535.1071428571429 -496.6875 303.5 328.84375 626.2220928103939 595.9400598856198 0.0 0.0
363.5357142857143 -490.9375 289.5 311.96875 513.2242938757331 582.1009010476289 0.0 0.0
191.9642857142857 -485.1875 275.5 295.09375 400.2264949410725 568.2617422096379 0.0 0.0
20.39285714285711 -479.4375 261.5 278.21875 287.22869600641184 554.422583371647 0.0 0.0
-481.5 -494.0 332.0 335.5 584.9602188594574 597.2705591429437 0.0 0.0
-478.75 -512.0 336.35 354.5 585.1526453188769 622.7476944077468 0.0 1.0
-505.75 -521.0 346.15 362.5 612.9221959789671 634.7038626401954 0.0 1.0
-533.0 -526.5 355.0 356.5 640.4173359983395 635.8417031078783 0.0 1.0
-515.0 -527.0 305.0 351.5 599.1559114268737 633.467654413953 0.0 1.0
-488.0 -527.5 294.5 347.5 570.4345333980896 631.6743623102017 0.0 1.0
-477.0 -525.0 320.0 346.0 574.9821546974546 628.7615412096218 0.0 1.0
-505.0 -517.5 291.0 342.5 583.0563192630665 620.5751449558298 1.0 1.0
-555.5 -510.0 309.5 338.5 623.8675167308204 612.1131954166385 1.0 1.0
-652.25 -510.5 298.5 340.5 717.4220038198366 613.6376711314068 0.0 1.0
-595.25 -511.5 296.5 344.0 665.1291841175441 616.4158931618717 0.0 1.0
-518.0 -512.0 263.0 346.5 581.0697393637718 618.2283299201888 1.0 1.0
-533.0625 -512.5 268.25 348.0 596.8958234404836 619.4844101577826 0.0 1.0
-485.8125 -514.5 259.25 354.0 550.7305295868298 624.5225377813513 0.0 1.0
-467.0 -518.5 251.0 367.5 530.1793715182707 635.5301048047154 0.0 1.0
-460.5 -521.5 243.5 371.5 520.9169611318387 640.2925112790247 0.0 1.0
-456.0 -527.0 239.0 373.5 514.838375455889 645.9345295089473 0.0 1.0
-461.5 -534.5 240.5 372.5 520.4062966309718 651.4955989550476 0.0 1.0
-460.0 -535.0 240.0 365.5 518.8448708429139 647.9351658242645 0.0 1.0
-517.5 -531.0 247.5 357.0 573.6645133737798 639.8517824476783 0.0 1.0
-633.5 -524.0 260.5 353.5 685.1297100555416 632.0903955843073 0.0 1.0
-824.5 -515.0 282.5 352.0 871.6041063212717 623.8020519363495 0.0 1.0
-455.5 -503.0 240.5 355.0 515.0931862357372 615.657395198066 0.0 1.0
-457.875 -474.0 241.20454545454544 360.0 512.9931316442296 595.2115784243447 0.0 1.0
-481.375 -383.20000000000005 246.02272727272725 352.45 517.9033728961506 585.3854598537068 0.0 1.0
-504.875 -264.1333333333333 250.8409090909091 342.3833333333333 522.8136141480716 573.8766793786706 0.0 1.0
-528.375 -145.0666666666667 255.65909090909093 332.31666666666666 527.7238553999927 562.3678989036346 0.0 1.0
-551.875 -26.0 260.47727272727275 322.25 532.6340966519136 550.8591184285983 0.0 1.0
-565.9375 93.0666666666666 265.29545454545456 312.18333333333334 537.5443379038347 539.3503379535623 0.0 0.0
-551.6875 212.13333333333333 270.1136363636364 302.1166666666667 542.4545791557557 527.841557478526 0.0 0.0
-537.4375 331.2 274.9318181818182 292.04999999999995 547.3648204076767 516.33277700349 0.0 0.0
-523.1875 497.0 279.75 306.25 552.2750616595978 585.1667171154379 0.0 0.0
-508.9375 803.0 284.5681818181818 393.25 557.1853029115188 895.0288189883379 0.0 0.0
-494.6875 682.5 289.3863636363636 289.0 562.0955441634399 741.2529606257864 0.0 0.0
-483.5 701.0 292.0 307.0 564.8332559555179 765.3713781939794 1.0 0.0
-480.5 580.0 295.5 297.0 564.0926812249584 651.6229916891291 1.0 0.0
-474.5 550.0 292.5 292.5 557.4113916403753 622.9440064982972 1.0 0.0
-477.5 525.0 292.5 272.5 559.9671661341677 591.5079543045108 1.0 0.0
-478.0 515.0 290.5 270.0 559.3517967867765 581.4863261712685 1.0 0.0
-478.375 503.0 290.25 270.0 559.542613139937 570.8844649292536 1.0 0.0
-481.0 494.0 285.5 269.5 559.3573362679687 562.7312674443674 1.0 0.0
-461.5 487.0 283.5 269.5 541.8749530610196 556.5961809164464 1.0 0.0
-438.0 478.0 277.0 270.0 518.9410802981715 548.9845497715089 0.0 0.0
-501.0 468.5 284.0 269.0 575.8969032661685 540.2344714036165 1.0 0.0
-503.0 456.5 284.0 269.0 577.637460640361 529.8615993207447 1.0 0.0
-622.0833333333333 442.0 315.29166666666663 269.5 768.6035730250217 517.6824777266995 0.0 0.0
-226.41666666666666 424.0 324.45833333333337 268.0 698.9822419172538 501.6009341268129 0.0 0.0
169.25000000000006 327.046875 333.625 271.0 629.3609108094859 523.861488015417 0.0 0.0
522.5 193.109375 342.0 275.0 625.1854573251466 549.5975236192537 0.0 0.0
485.5 59.171875 323.0 279.0 583.3862463147127 575.3335592230904 0.0 0.0
472.0 -74.765625 342.5 283.0 583.1747734988714 601.0695948269272 0.0 0.0
507.5 -208.703125 327.5 287.0 604.0095408214082 626.8056304307639 0.0 0.0
478.5 -342.640625 323.0 291.0 577.4321980630086 652.5416660346007 0.0 0.0
478.5 -476.578125 322.5 295.0 577.214594135793 678.2777016384374 0.0 0.0
397.5 -610.515625 299.75 299.0 498.075363858019 704.0137372422741 0.0 0.0
383.0 -721.5 321.0 358.5 499.79538185735527 805.6916315009696 0.0 0.0
416.0 -634.0 341.0 366.0 538.1358975658461 732.2761466263947 0.0 0.0
434.0 -577.0 324.5 366.5 541.9015325157058 683.5803653058146 0.0 1.0
516.0 -557.0 329.5 366.0 612.2528015731355 666.5015393861943 0.0 1.0
477.0 -575.0 350.0 374.0 591.632594425759 685.930925304331 0.0 1.0
460.0 -566.0 333.5 368.5 568.177249375256 675.3881425230145 0.0 1.0
486.5 -563.5 323.5 369.0 584.3960303348144 673.5676749753859 0.0 1.0
492.0 -560.5 326.5 366.5 590.5994495692757 669.6897579607587 0.0 1.0
514.0 -556.0 326.0 366.5 608.6641305766966 665.9294232473976 0.0 1.0
514.5 -550.5 324.5 372.0 608.2849423969271 664.4063687560256 0.0 1.0
489.5 -545.5 319.0 379.0 584.3636387378647 664.2374938576921 0.0 1.0
513.0 -542.5 322.0 385.5 605.684026407384 665.5198465247984 0.0 1.0
512.0 -540.0 321.0 388.0 604.3054070371707 664.9391589623979 0.0 1.0
497.0 -541.0 290.5 392.0 575.8447092473857 668.0906854103564 0.0 1.0
43.71875 -542.0 291.09375 396.5 323.8627771494577 671.547774062994 0.0 1.0
-133.40625 -541.5 329.46875 399.0 439.57662686292144 672.6242175028387 0.0 1.0
-310.53125 -540.0 367.84375 399.0 555.2904765763852 671.4172237051112 0.0 1.0
-487.65625 -540.0 406.21875 399.0 671.004326289849 671.4171661682376 0.0 1.0
-618.5 -538.5 433.0 398.5 755.0042989715271 669.9139209910575 0.0 1.0
-512.625 -537.0 322.625 395.5 606.0182549379833 666.9261669303346 0.0 1.0
-601.0 -535.5 333.0 392.0 687.0893111528342 663.6447941293927 0.0 1.0
-554.0 -534.0 328.0 392.5 644.2511213715443 662.7310256137697 1.0 1.0
-662.5 -520.0 290.0 373.0 724.7679909630796 639.9854414459647 1.0 1.0
-668.5 -510.5 238.0 360.0 709.6042743849962 624.6681783412661 0.0 1.0
-670.5 -510.5 242.0 361.5 712.8364402205837 625.5337720699019 0.0 1.0
-671.5 -510.0 245.0 362.5 714.7988101586866 625.704602827884 0.0 1.0
-670.0 -509.0 242.5 363.0 712.5352419657463 625.1799740874623 0.0 1.0
-669.0 -508.0 243.5 361.0 711.9367311316041 623.2055568699282 0.0 1.0
-662.75 -508.0 242.5 355.5 705.7224532545508 620.035819784878 0.0 1.0
-655.75 -507.5 240.5 349.5 698.461653226304 616.2036867494724 0.0 1.0
-652.5 -507.0 241.0 341.0 695.5851133613439 611.0077589909808 0.0 1.0
-658.5 -506.5 246.5 334.0 703.1249653912312 606.7112683347814 0.0 1.0
-640.5 -506.0 232.0 331.0 681.2780285982957 604.6465736761045 0.0 1.0
-849.8125 -508.0 256.875 328.5 887.8421471057638 604.9597094022047 0.0 1.0
-717.0625 -509.0 230.375 329.0 753.2997219529361 606.0709529419802 0.0 1.0
-620.5 -510.5 214.5 332.5 656.5351035363216 609.2344166783726 0.0 1.0
-757.0 -515.5 237.0 347.0 793.5407334139943 621.4520466485623 0.0 1.0
-624.0 -522.0 219.0 375.5 661.3152378998991 643.0277886868915 0.0 1.0
-633.75 -520.5 251.5 376.5 673.3924334555865 642.3960337093395 0.0 1.0
-660.5 -520.5 246.5 378.0 704.9984121734461 643.2762519504811 0.0 1.0
-660.0 -520.0 250.0 378.0 705.7620406489472 642.8716823752621 0.0 1.0
-657.0 -521.5 248.5 378.0 702.4253520171887 644.0855921381878 0.0 1.0
-655.625 -520.5 248.5 377.0 701.1393559851538 642.6890772371971 0.0 1.0
-656.5 -521.0 246.5 376.0 701.2591010139413 642.508574741248 0.0 1.0
-664.5 -522.5 244.5 378.0 708.0544375247575 644.895559586603 0.0 1.0
-664.0 -525.0 245.0 380.0 707.7577375841287 648.093484038197 0.0 1.0
-658.0 -525.5 244.5 381.5 701.9574633339802 649.3786751314276 0.0 1.0
-656.0 -527.0 242.5 383.0 699.3875245566367 651.4737233491368 0.0 1.0
-656.0 -527.5 244.0 384.0 699.908565456946 652.4662826537476 1.0 1.0
-637.5 -515.0 249.0 359.0 684.5371318265145 627.8462225842563 1.0 1.0
-624.9 -505.5 270.0 346.0 680.7530859464175 612.5736039381261 1.0 1.0
-632.5 -503.0 266.0 345.0 686.207702654335 609.9458992402523 0.0 1.0
-640.1 -503.0 262.0 347.5 691.6623193622524 611.3634352821568 0.0 1.0
-678.5 -503.5 330.0 349.5 755.6456423907347 612.9131259811622 0.0 1.0
-708.0 -506.5 253.0 357.5 751.847370308026 619.9613736324966 0.0 1.0
-720.0 -514.0 255.0 378.0 763.8226486335991 638.0282813084164 0.0 1.0
-723.5 -513.5 257.5 380.5 767.9581574357098 639.1107396156617 0.0 1.0
-722.1833333333334 -510.5 259.95 381.5 767.54648403286 637.3009493167259 0.0 1.0
-716.9166666666667 -506.0 259.75 383.0 762.5355158994687 634.6062488349078 0.0 1.0
-711.6500000000001 -437.0 259.55 322.5 757.5245477660774 543.5420190081594 0.0 1.0
-706.3833333333334 -318.64285714285717 259.35 254.85714285714283 752.5135796326861 422.75076668324886 0.0 0.0
-701.1166666666666 -209.5 259.15 236.0 747.5026114992947 343.1473014315741 0.0 0.0
-695.8499999999999 -100.35714285714286 258.95 217.14285714285717 742.4916433659034 263.54383617989924 0.0 0.0
-690.5833333333333 -20.5 258.75 203.0 737.4806752325121 204.04217609008924 0.0 0.0
-685.3166666666666 -38.0 258.55 183.5 732.4697070991208 187.3953590702252 0.0 0.0
-685.0 -38.0 254.0 184.0 730.5762565530963 187.88549463595055 0.0 0.0
-682.5 -46.5 252.5 188.0 727.710450660151 193.78552186783236 0.0 0.0
-683.0 -152.5 253.0 148.5 728.353219849381 212.860742735114 0.0 0.0
-684.0 -151.0 252.0 144.0 728.9447250616402 208.6554762736221 0.0 0.0
-700.0 -153.5 231.0 151.0 737.1488868044758 215.32243256637037 0.0 0.0
-696.0 -160.5 224.5 159.5 731.3117578445879 226.2752751011452 0.0 0.0
-694.5 -167.0 223.0 166.5 729.4245379304186 235.82275945265738 0.0 0.0
-695.5 -170.0 221.0 172.0 729.7680149830245 241.83489781090225 0.0 0.0
-695.5 -173.0 217.5 175.0 728.7158072450983 246.07748646640675 0.0 0.0
-700.0 -176.0 228.0 176.0 736.2546293568337 248.9018380813051 0.0 0.0
-696.0 -176.5 235.5 173.5 734.7633273867596 247.4967214792041 0.0 0.0
-702.5 -148.5 227.0 184.5 738.2650971765349 238.91927939518013 0.0 0.0
-702.5 -54.0 226.0 212.5 737.958182288579 219.31316496532705 0.0 0.0
-703.0 -57.5 227.0 209.0 738.7409738161397 216.76671456364215 0.0 0.0
-702.0 -58.0 227.0 206.5 737.7894186920073 214.4909551330623 0.0 0.0
-696.0 -56.5 225.5 207.5 731.6189889553707 215.05464421862644 0.0 0.0
-695.0 -57.0 224.5 212.5 730.3597363521249 220.01610088362276 0.0 0.0
-693.5 -56.5 226.5 217.5 729.5509057613017 224.71874822488786 0.0 0.0
-690.5 -118.5 230.0 251.5 727.7986498539108 280.6029009065908 0.0 0.0
-686.0 -371.0 229.5 334.5 723.3715155874446 501.1842322578537 0.0 0.0
-694.0 -496.5 249.5 351.0 737.6614972068849 608.040547382796 0.0 0.0
-673.0 -498.0 338.0 352.0 721.5450147851265 609.8426143922965 0.0 1.0
-697.0 -499.5 307.5 351.5 744.9173612072248 610.7802387111096 0.0 1.0
-706.0 -503.0 265.5 352.0 754.2721452001828 613.9324067028878 0.0 1.0
-711.0 -502.5 266.5 352.0 759.3044536918151 613.5228194615095 0.0 1.0
-710.5 -504.0 267.5 363.0 759.1886299527825 621.1320777339845 0.0 1.0
-710.5 -507.0 267.5 373.0 759.1881091820499 629.4267232966837 0.0 1.0
-701.0 -507.0 269.5 371.0 751.0207183787206 628.2436527200375 0.0 1.0
-339.5 -509.5 336.0 370.0 484.14128150637174 629.674717612197 0.0 1.0
-204.1195652173913 -506.5 330.945652173913 366.5 401.78158157269297 625.1917018694917 0.0 1.0
-178.94565217391306 -410.8571428571429 332.20652173913044 355.0357142857143 406.4469396526256 551.7337804139022 0.0 0.0
-153.77173913043478 -268.2857142857143 333.46739130434787 311.17857142857144 411.1122977325582 449.3200761014631 0.0 0.0
-128.5978260869565 -125.7142857142857 334.72826086956525 267.32142857142856 415.7776558124908 346.9063717890241 0.0 0.0
-103.42391304347825 16.85714285714289 335.9891304347826 223.46428571428572 420.44301389242344 244.49266747658504 0.0 0.0
-78.25 52.0 337.25 239.0 425.1083719723561 244.59269109143725 0.0 0.0
-53.076086956521735 61.5 338.5108695652174 238.5 429.7737300522888 246.3122056179717 0.0 0.0
-27.90217391304347 60.5 339.77173913043475 235.0 434.4390881322214 242.67369767909986 0.0 0.0
-2.7282608695652186 55.5 341.03260869565213 239.0 439.104446212154 245.35971517928192 0.0 0.0
22.44565217391306 51.0 342.2934782608696 233.5 443.76980429208663 239.00534040715456 0.0 0.0
47.61956521739131 58.0 343.554347826087 247.0 448.43516237201925 253.72416742048526 0.0 0.0
72.79347826086956 53.5 344.8152173913044 246.0 453.10052045195187 251.7880367495763 0.0 0.0
97.96739130434781 49.0 346.07608695652175 247.5 457.76587853188454 252.30481328432802 0.0 0.0
123.14130434782612 23.0 347.3369565217391 287.0 462.4312366118172 289.29494210044595 0.0 0.0
148.31521739130437 11.0 348.5978260869565 368.0 467.09659469174983 368.1656820887391 0.0 0.0
173.48913043478262 -3.0 349.8586956521739 371.5 471.76195277168245 371.51244388718794 0.0 0.0
198.66304347826087 -1.0 351.11956521739125 371.5 476.42731085161506 371.50168236252796 0.0 0.0
223.83695652173913 1.5 352.38043478260875 372.5 481.0926689315477 372.50302012742634 0.0 0.0
249.0108695652174 5.0 353.6413043478261 375.5 485.7580270114803 375.53361147017654 0.0 0.0
274.1847826086957 68.5 354.9021739130435 398.5 490.4233850914129 404.3469329242294 0.0 0.0
299.35869565217394 75.5 356.1630434782609 400.0 495.0887431713456 407.06337483091636 0.0 0.0
324.5326086956522 76.0 357.42391304347825 399.5 499.75410125127826 406.66498276049134 0.0 0.0
349.70652173913044 74.5 358.6847826086956 399.0 504.4194593312109 405.89565615914717 0.0 0.0
361.0 -18.5 366.5 375.5 514.4350347377346 375.96964705791174 0.0 0.0
273.5 -31.0 361.5 371.0 453.3056539955319 372.2960657906974 0.0 0.0
298.0 -36.5 374.5 369.0 480.2054347568841 370.80082581137276 0.0 0.0
307.5 -37.5 375.0 367.0 485.89552022894264 368.91090060231875 0.0 0.0
272.5 -38.5 365.0 367.0 455.50319811299937 369.0138886275149 0.0 0.0
270.5 -195.5 350.5 379.0 442.742946240833 430.82940550694707 0.0 0.0
276.5 -422.25 352.5 375.0 448.0059165273482 565.2802766266725 0.0 0.0
309.5 -481.0 352.0 369.25 469.1817235495686 606.3890474888697 0.0 0.0
298.75 -486.0 345.29999999999995 371.5 458.28038284693037 611.7257083063262 0.0 1.0
253.75 -487.0 343.70000000000005 374.25 429.0174930027085 614.1922124462463 0.0 1.0
203.75 -485.5 357.5 372.5 412.0492510628193 611.9368083095526 0.0 1.0
204.25 -486.5 401.5 372.0 450.65840084374804 612.4265547432399 0.0 1.0
187.0 -516.5 414.0 381.0 454.27817313446366 641.8202630020339 0.0 1.0
192.0 -517.25 418.25 383.25 460.2773958654775 643.761163944464 0.0 1.0
191.5 -519.25 415.75 385.75 457.7372250164966 646.857290961817 0.0 1.0
207.75 -520.5 379.0 387.5 432.82443767375855 648.9042000556124 0.0 1.0
231.68548387096774 -520.25 344.69354838709677 388.25 419.28896483233694 649.1519447831504 0.0 1.0
249.26612903225805 -519.75 336.9516129032258 389.0 427.63631876434306 649.2005584639076 0.0 1.0
266.8467741935484 -519.75 329.2096774193548 389.0 435.9836726963492 649.2003737295081 0.0 1.0
284.4274193548387 -519.0 321.46774193548384 389.25 444.3310266283553 648.7500308285173 0.0 1.0
302.008064516129 -518.5 313.7258064516129 388.75 452.6783805603614 648.0500154178226 0.0 1.0
319.5887096774194 -517.0 305.98387096774195 385.0 461.0257344923675 644.6038789972663 0.0 1.0
337.16935483870964 -517.5 298.241935483871 385.0 469.37308842437363 645.0052243588217 0.0 1.0
354.75 -518.0 290.5 384.25 477.72044235637975 644.9589931273233 0.0 1.0
372.33064516129036 -517.5 282.758064516129 382.5 486.06779628838586 643.5157426220885 0.0 1.0
389.9112903225806 -502.75 275.01612903225805 354.5 494.415150220392 615.284944176213 0.0 1.0
407.491935483871 -491.375 267.2741935483871 318.75 502.7625041523981 586.0076822925801 0.0 0.0
425.07258064516134 -492.54166666666663 259.53225806451616 302.41666666666663 511.1098580844042 578.3701999042703 0.0 0.0
442.6532258064516 -493.70833333333337 251.79032258064515 286.08333333333337 519.4572120164103 570.7327175159605 0.0 0.0
460.23387096774195 -493.0 244.0483870967742 337.25 527.8045659484164 597.3341311415213 0.0 0.0
477.8145161290323 -516.0 236.30645161290323 354.25 536.1519198804225 625.8986061958377 0.0 1.0
494.0 -519.0 251.25 356.0 554.4874383624506 629.3674272820931 0.0 1.0
468.75 -521.25 326.25 357.75 571.7800974131638 632.2092051134625 0.0 1.0
435.66666666666663 -514.0 324.5 358.0 543.3672661939103 626.4086192639655 0.0 1.0
472.33333333333337 -492.5 324.5 351.0 573.1852399568372 604.7786898407511 0.0 1.0
462.0 -492.5 370.0 349.0 597.2980158438091 603.6217304601075 0.0 1.0
461.0 -494.5 381.5 347.5 598.4149258252943 604.3894296270638 0.0 1.0
526.125 -494.0 304.79166666666663 348.0 608.0422674505617 604.2682210046956 0.0 1.0
520.625 -495.0 305.95833333333337 346.0 603.8977285398414 603.9380497572179 0.0 1.0
515.125 -495.0 307.125 345.5 599.7531896291212 603.651664369587 0.0 1.0
513.0 -495.5 310.0 345.0 599.3909065201494 603.775827604915 0.0 1.0
521.5 -496.0 322.0 344.5 612.8998705970034 603.9009284274894 0.0 1.0
487.5 -496.5 342.0 341.5 596.2372176592705 602.6072168390922 0.0 1.0
470.5 -509.5 311.5 361.0 564.4361081202483 624.453935072645 0.0 1.0
424.0 -512.5 298.5 370.0 518.5348755424003 632.1046195053474 0.0 1.0
432.0 -513.5 315.0 373.0 534.6516312088079 634.6747954410076 0.0 1.0
469.5 -514.0 326.5 374.0 572.2245414329282 635.6666473408388 0.0 1.0
444.5 -513.5 310.0 374.5 542.0640322246181 635.5569708507736 0.0 1.0
478.0 -512.5 322.0 374.5 576.3407993179499 634.749291434002 0.0 1.0
471.0 -511.0 313.5 377.5 565.8033572190225 635.3192051537835 0.0 1.0
674.2 -510.5 226.5 379.5 711.3927770041716 636.106236465482 0.0 1.0
605.0 -509.5 222.5 379.5 645.1163615402761 635.3034707917154 0.0 1.0
535.8 -508.5 218.5 381.5 578.8399460763806 635.7001336811879 0.0 1.0
488.0 -508.5 288.5 382.0 567.2267435095584 636.0001965408501 0.0 1.0
489.0 -508.0 322.0 382.5 585.5060644466207 635.9011399089717 0.0 1.0
501.0 -507.5 325.5 381.0 597.5182945097001 634.600070910806 0.0 1.0
479.0 -507.5 372.0 381.5 608.3875458197202 634.9005116830057 0.0 1.0
447.0 -552.5 307.5 367.5 542.7234403203734 663.9450693401553 0.0 1.0
447.5 -569.0 306.5 354.5 542.5787523746387 670.396357085586 0.0 1.0
447.0 -567.5 313.5 354.5 546.316597059784 669.1236806450657 0.0 1.0
483.5 -567.5 318.0 355.0 578.7026261848237 669.3887136783828 0.0 1.0
447.5 -567.0 338.0 355.0 562.0884777429685 668.9648720224403 0.0 1.0
459.0 -567.0 355.5 356.5 582.2569318111249 669.7624394554862 0.0 1.0
486.0 -567.5 319.5 356.5 581.615272703119 670.1854221034654 0.0 1.0
486.0 -548.6 321.0 352.45 582.440966911344 652.089153471485 0.0 1.0
488.5 -579.0 323.0 382.25 585.628952465657 693.8729552205863 0.0 0.0
489.0 -609.4 323.5 412.05 586.3217973092933 735.6567569696875 0.0 0.0
494.5 -546.875 323.0 330.625 590.6494894915827 639.4246204638891 0.0 0.0
467.0 -523.5 287.0 331.0 548.1979425103711 619.4310318312862 0.0 1.0
517.0 -522.0 264.5 343.5 580.7359551233438 624.8997089739253 0.0 1.0
520.0 -507.5 265.0 352.0 583.6309240478827 617.625675222888 0.0 1.0
513.0 -504.0 285.5 355.5 587.4969313609836 616.7627850789374 0.0 1.0
503.5 -505.0 276.5 354.5 574.4254154584703 617.0052005236519 0.0 1.0
507.5 -506.0 277.0 353.0 578.1753908356716 616.9644088930314 0.0 1.0
504.0 -506.5 295.0 354.5 584.2845405609298 618.2334366557976 0.0 1.0
520.0 -507.5 273.0 354.0 587.3073351750188 618.7667169458939 0.0 1.0
552.0 -525.5 286.5 384.5 621.9227020815115 651.1742189388818 0.0 1.0
541.0 -526.0 285.5 381.5 611.7783818193868 649.7832425997431 0.0 1.0
555.0 -525.0 344.0 379.5 652.9685318017231 647.8003261901051 0.0 1.0
592.5 -525.5 370.5 378.0 698.8068353413412 647.3290577569308 0.0 1.0
597.5 -526.5 359.5 376.5 697.319148688601 647.2670742538455 0.0 1.0
576.0 -526.5 340.5 375.0 669.116766686523 646.3955938379484 0.0 1.0
590.5 -527.0 339.5 377.5 681.1399470669513 648.2556711841171 0.0 1.0
589.5 -518.5 329.0 368.5 675.0961538721751 636.1244445549953 0.0 1.0
590.5 -508.5 268.0 352.0 648.4707338809669 618.4467794499383 0.0 1.0
579.5 -509.5 276.5 352.5 642.1281354942716 619.5540140191047 0.0 1.0
564.5 -509.0 286.5 353.5 633.0508970335394 619.7122972367945 0.0 1.0
595.5 -508.5 276.0 355.0 656.3507402346204 620.1590521793582 0.0 1.0
580.0 -515.0 283.0 373.0 645.4622561961579 635.9364451972474 0.0 1.0
580.0 -520.5 343.5 390.0 674.8665215343451 650.4000769254947 0.0 1.0
547.0 -521.0 314.0 394.0 630.8123876788651 653.205362831721 0.0 1.0
535.0 -520.0 315.5 395.5 621.100181526077 653.3148238628296 0.0 1.0
529.0 -520.5 310.0 397.0 613.1406593156845 654.6214554992832 0.0 1.0
528.5 -520.0 306.0 399.5 610.6952006280164 655.7441629242649 0.0 1.0
524.0 -519.0 302.5 400.5 605.0474801374158 655.561901495402 0.0 1.0
521.5 -517.5 301.0 399.5 602.134421217718 653.7633426129678 0.0 1.0
524.0 -516.0 299.5 397.0 603.5603634210922 651.0492738960713 0.0 1.0
492.0 -516.5 277.0 396.0 564.7821382406148 650.8365836135829 0.0 1.0
452.5 -517.0 285.5 395.0 535.0497673828839 650.625973855239 0.0 1.0
444.0 -519.0 263.5 392.0 516.3038960344029 650.4038431524175 0.0 1.0
439.0 -520.5 280.5 393.0 520.9681559323234 652.2034504458871 0.0 1.0
529.5 -522.0 328.0 395.0 624.3145887169952 654.6059883624653 0.0 1.0
499.5 -521.5 331.5 395.5 599.6025195253422 654.5094279576278 0.0 1.0
500.5 -520.0 338.5 393.5 604.2611872518384 652.1061332085795 0.0 1.0
495.5 -520.0 328.0 391.0 594.2504760766631 650.6004918534876 0.0 1.0
522.5 -521.0 383.0 390.0 647.8596774101902 650.8002765826087 0.0 1.0
524.0 -513.5 377.0 373.0 645.5269567237851 634.7785064586874 0.0 1.0
550.5 -508.0 351.5 355.0 654.4892658604626 619.7492310758105 0.0 1.0
582.0 -505.5 313.0 352.0 660.827542877564 615.9824117922269 0.0 1.0
534.0 -504.5 377.5 351.5 654.0537933030655 614.8760163473557 0.0 1.0
462.5 -505.0 336.0 350.0 571.6871790589762 614.4306307468728 0.0 1.0
483.5 -504.5 370.5 350.0 609.1378388840797 614.0198846706658 0.0 1.0
482.0 -503.5 375.0 348.5 610.697898052987 612.3435873953479 0.0 1.0
481.0 -503.5 368.0 348.5 605.6316687907823 612.3434493811459 0.0 1.0
469.5 -504.0 351.5 347.5 586.5051668439755 612.1864503564253 0.0 1.0
481.5 -514.0 391.0 359.5 620.4680666339826 627.2697525931274 0.0 1.0
505.0 -519.5 308.5 372.5 591.7882115003467 639.247035012037 0.0 1.0
487.0 -520.5 299.0 376.0 571.4638231814376 642.1031181011872 0.0 1.0
489.5 -520.5 296.0 376.0 572.0381977582181 642.1029901814817 0.0 1.0
496.5 -521.0 311.0 376.5 585.864213881817 642.8012245116829 0.0 1.0
495.0 -522.0 316.5 378.0 587.544557576513 644.4910053730646 0.0 1.0
494.5 -522.0 318.0 382.5 587.9238274304561 647.1401800702951 0.0 1.0
536.05 -522.0 269.45 384.5 600.2969158532334 648.3243108720903 0.0 1.0
446.25 -523.0 249.25 387.0 512.2356965708265 650.6136807248915 0.0 1.0
356.45 -522.0 229.05 389.0 424.1744772884195 651.0035660018921 0.0 1.0
342.5 -522.0 451.0 392.0 566.4186020943116 652.800244985362 0.0 1.0
278.5 -523.0 429.5 392.5 512.1527930144631 653.9000381994456 0.0 1.0
317.5 -523.0 457.5 392.5 556.8774591728729 653.9000305857157 0.0 1.0
302.5 -523.0 448.5 391.5 541.0634969751752 653.3003981480449 0.0 1.0
297.5 -509.0 453.5 367.5 542.6837868979756 627.8237794803259 0.0 1.0
169.5 -509.0 444.5 361.0 475.8493095971256 624.0209662604641 0.0 1.0
181.0 -509.5 460.0 360.0 495.58278538969256 623.8511556107836 0.0 1.0
250.0 -509.0 446.0 358.5 511.51231713298705 622.577906771514 0.0 1.0
268.75 -509.0 551.25 357.5 615.4465580289059 622.0026125347064 0.0 1.0
295.0 -508.0 673.5 356.0 738.0980926581653 620.3226319111359 0.0 1.0
272.5 -506.0 517.5 352.5 585.340961164597 616.6790694108173 0.0 1.0
282.0 -502.0 472.0 345.0 549.8520705896422 609.1238734143288 0.0 1.0
297.0 -496.1666666666667 481.0 331.75 565.3058851565645 597.0128730248091 0.0 0.0
292.0 -495.05555555555554 490.0 321.41666666666663 570.4096863577004 590.5126090712914 0.0 0.0
244.5 -493.94444444444446 489.0 311.08333333333337 546.8672550063395 584.0123451177737 0.0 0.0
225.0 -492.8333333333333 490.0 300.75 539.1905228614633 577.512081164256 0.0 0.0
246.0 -496.5 455.0 308.0 518.590676335544 584.3662565554816 0.0 1.0
311.75 -505.0 423.75 348.5 529.9223459249212 613.5800674428215 0.0 1.0
326.125 -507.5 399.125 356.0 515.7229796318816 619.9202976343538 0.0 1.0
304.29166666666663 -515.5 393.29166666666663 373.0 497.6706560163657 636.2933867049969 0.0 1.0
282.45833333333337 -509.5 387.45833333333337 366.0 479.61833240084985 627.332657432426 0.0 1.0
242.0 -509.5 389.0 363.0 458.25697065576696 625.5878177700617 0.0 1.0
233.25 -508.0 406.75 362.5 468.9196084494504 624.0755162638573 0.0 1.0
233.0 -508.0 409.0 362.0 470.73393751910305 623.7853523487886 0.0 1.0
218.0 -508.0 402.5 360.5 457.7447432794832 622.9160587655408 0.0 1.0
217.0 -513.5 402.5 367.0 457.2693857475332 631.1693139102847 0.0 1.0
227.0 -518.0 431.5 371.5 487.6150668849034 637.4450956749138 0.0 1.0
287.85714285714283 -518.0 385.0357142857143 370.5 499.0415515056669 636.8633382117816 0.0 1.0
359.0 -516.5 323.75 367.5 510.2114991140254 633.9008557101993 0.0 1.0
430.1428571428571 -515.0 262.4642857142857 365.0 521.381446722384 631.2289712277324 0.0 1.0
490.5 -513.0 250.0 362.0 551.182833016772 627.8639716492867 0.0 1.0
487.0 -513.5 317.0 361.5 581.1040511965014 627.984607420012 0.0 1.0
455.0 -513.5 314.0 361.0 553.0833876156973 627.6967818939332 0.0 1.0
490.5 -514.0 319.0 361.5 585.1080461672549 628.3933879346599 0.0 1.0
493.0 -519.5 322.5 367.0 589.1139674485255 636.0589509966375 0.0 1.0
478.58333333333337 -527.5 314.66666666666663 380.0 572.8265404041954 650.1206092312705 0.0 1.0
416.91666666666663 -527.0 291.33333333333337 382.5 508.6921912035208 651.1798906600234 0.0 1.0
446.5 -527.5 302.0 386.5 539.2485294494526 653.9409463066679 0.0 1.0
501.625 -528.5 305.0 390.5 587.5522094419307 657.1169315373011 0.0 1.0
523.0 -528.0 312.0 392.0 609.0368324830563 657.6079083817583 0.0 1.0
474.0 -528.5 305.0 393.5 563.6503412523523 658.9042066190988 0.0 1.0
515.5 -529.0 301.5 396.0 597.1956136508923 660.8002723970383 0.0 1.0
526.5 -529.5 307.0 396.0 609.4682774402127 661.2006803335009 0.0 1.0
494.0 -530.0 300.0 397.0 578.0681138461971 662.2001886552789 0.0 1.0
495.0 -522.5 302.5 391.5 580.2056958700546 652.9028187659642 0.0 1.0
528.5 -509.5 302.5 384.0 608.982900122825 638.0017709015494 0.0 1.0
518.5 -509.0 295.0 382.5 596.7298427161811 636.7004081778239 0.0 1.0
549.0 -510.0 311.0 382.0 630.9691440441509 637.2001255492657 0.0 1.0
540.5 -500.0 341.5 382.0 640.1712696722182 629.2442201627991 0.0 1.0
581.5 -493.0 322.5 384.5 664.9434988590879 625.2113702814083 0.0 1.0
535.0 -491.5 341.0 384.0 634.4421588703894 623.7212919245262 0.0 1.0
563.5 -491.0 335.0 382.5 655.9181044976643 622.4044103314179 0.0 1.0
574.5 -488.5 282.5 382.0 640.2140863606965 620.1260012075011 0.0 1.0
527.5 -488.0 333.5 381.5 624.2771095046708 619.4242042668257 0.0 1.0
500.5 -488.0 284.5 381.5 575.7135350131789 619.4241277186416 0.0 1.0
576.0 -487.5 311.5 380.5 655.5709894291978 618.4145050045317 0.0 1.0
595.5 -487.5 288.0 380.5 661.4863945821216 618.4145050045317 0.0 1.0
600.5 -487.5 292.0 380.5 667.7308231553702 618.4145050045317 0.0 1.0
601.0 -500.5 291.0 368.5 667.7440137527682 621.7814671977449 0.0 1.0
531.0 -511.5 297.5 355.5 608.7731893361898 622.9065063714834 0.0 1.0
530.5 -509.0 292.0 354.5 605.5528563135975 620.2832139516618 0.0 1.0
538.0 -508.0 300.5 353.5 616.3513115418725 618.8911455175296 0.0 1.0
522.0 -508.0 301.0 354.0 602.5653770581421 619.1770088449329 0.0 1.0
523.5 -508.5 298.5 354.0 602.6232200611134 619.5871609386367 0.0 1.0
522.4375 -507.5 298.5 354.5 601.7017033198952 619.0530413610204 0.0 1.0
519.6875 -508.0 298.5 356.0 599.3147449905568 620.3225631386571 0.0 1.0
520.5 -518.5 298.875 366.0 600.2054440013108 634.6679943148158 0.0 1.0
425.5 -528.0 309.5 387.0 526.293662745542 654.6397197169038 0.0 1.0
429.0 -527.0 280.0 387.5 512.2908997666402 654.129383226285 0.0 1.0
476.5 -526.5 292.5 388.0 559.3179262775018 654.0231265024196 0.0 1.0
527.875 -526.5 299.0 388.0 606.7992402845903 654.0231265024196 0.0 1.0
484.5 -524.5 267.0 387.5 553.3853252149972 652.1170050489127 0.0 1.0
474.5 -523.5 281.0 388.5 552.1584816883292 651.9084205522646 0.0 1.0
524.0 -523.5 274.0 388.5 591.3143674197383 651.9084205522646 0.0 1.0
507.0 -524.5 259.0 388.0 569.332587456948 652.4141789872217 0.0 1.0
512.0 -524.0 267.0 386.0 577.437286934932 650.8242174810712 0.0 1.0
511.875 -523.0 265.75 386.5 576.7487194118727 650.3162692106049 0.0 1.0
508.5 -523.0 264.5 388.0 573.180991369023 651.2103784677474 0.0 1.0
532.0 -528.0 300.25 391.0 611.0119123679826 657.0130739644454 0.0 1.0
506.0 -511.29166666666663 348.0 357.04166666666663 615.9070366967499 623.7932711826818 0.0 1.0
483.5 -510.45833333333337 331.0 335.20833333333337 585.9490947338513 611.255048764996 0.0 0.0
480.5 -509.625 325.5 313.375 580.3711496640573 598.7168263473103 0.0 0.0
506.5 -510.0 340.5 312.0 610.9960783931024 597.9922024690063 0.0 1.0
564.5 -513.5 315.5 348.5 646.7442063867161 620.592056023923 0.0 1.0
561.5 -524.0 317.0 353.5 644.8090220242921 632.0970859648412 0.0 1.0
563.0 -517.0 345.0 372.0 660.3001507502893 636.9247623093856 0.0 1.0
563.5 -519.0 337.0 375.5 656.5846336276736 640.5954005528581 0.0 1.0
558.0 -509.5 330.0 365.0 648.2780017133723 626.7497530804006 0.0 1.0
547.5 -503.0 292.0 356.5 620.6764521553387 616.5235308697943 0.0 1.0
537.875 -501.5 267.9375 352.0 600.9310018640379 612.7041843228749 0.0 1.0
534.375 -501.5 263.1875 353.5 595.6957760614985 613.5671658555 0.0 1.0
530.875 -499.0 258.4375 350.5 590.4605502589591 609.7961051564503 0.0 1.0
527.375 -503.5 253.6875 356.5 585.2253244564197 616.9317324072799 0.0 1.0
526.5 -521.0 298.0 380.0 605.0476847057464 644.8577639686064 0.0 1.0
524.25 -519.0 297.625 380.0 602.8596635486783 643.2426935081336 0.0 1.0
517.0 -518.5 300.5 380.0 597.9893944738164 642.8392190934981 0.0 1.0
521.0 -518.0 302.875 381.0 602.639957415619 643.0279931698153 0.0 1.0
524.0 -521.0 306.0 384.0 606.805171598179 647.2225954048375 0.0 1.0
519.5 -522.5 303.5 386.0 601.6621377972064 649.6170110442126 0.0 1.0
493.0 -523.5 328.0 386.5 593.2223652624562 650.7185168694839 0.0 1.0
520.25 -524.5 305.625 387.0 603.3846927196148 651.8199606676362 0.0 1.0
529.5 -527.0 297.5 388.5 607.39623767187 654.7222779066815 0.0 1.0
531.0 -528.5 290.0 389.0 605.0338779283961 656.2265903237899 0.0 1.0
533.0 -529.0 289.0 389.0 606.308549172808 656.629271354849 0.0 1.0
535.5 -528.5 292.0 389.5 609.93941553519 656.5231618196283 0.0 1.0
463.0 -528.5 314.5 390.0 559.7886936895403 656.8198002496575 0.0 1.0
490.5 -529.0 339.5 389.5 596.5366487574604 656.9256046159261 0.0 1.0
515.0 -528.5 346.5 390.5 620.7154997075893 657.1168756675393 0.0 1.0
515.5 -507.0 347.0 366.0 621.4092226907105 625.3131786731725 0.0 1.0
471.0 -503.5 363.5 360.0 595.2887254083837 618.9611552581691 0.0 1.0
349.08333333333337 -504.0 257.33333333333337 359.5 436.51502130610146 619.0769338297139 0.0 1.0
271.41666666666663 -504.5 306.66666666666663 359.0 412.5253897146205 619.1941666085846 0.0 1.0
272.0 -503.5 446.5 358.0 522.8977830641452 617.7995224990061 0.0 1.0
265.0 -504.0 460.0 357.5 531.7101324972359 617.9176725098579 0.0 1.0
131.5 -504.0 457.0 358.0 476.1872939145878 618.2072194358277 0.0 1.0
260.5 -512.5 470.5 368.5 538.8945413849748 631.2365836012025 0.0 1.0
233.5 -526.0 480.0 392.5 533.7840560408498 656.3019582053446 0.0 1.0
291.0 -526.0 466.5 394.0 549.8283563602273 657.2001217285341 0.0 1.0
206.0 -526.0 511.5 394.0 551.675548359492 657.2001217285341 0.0 1.0
217.5 -526.5 512.0 394.0 556.2855728122613 657.6004408032575 0.0 1.0
180.5 -527.0 477.5 394.0 510.57264482301633 658.0007598779807 0.0 1.0
251.0 -527.0 533.5 394.0 589.6120312304133 658.0007598779807 0.0 1.0
233.5 -527.0 498.5 393.0 550.4767085271899 657.4024642484998 0.0 1.0
231.0 -527.0 490.5 393.0 542.1727129714352 657.4024642484998 0.0 1.0
229.5 -527.0 485.5 392.0 537.0111513253712 656.8051461430551 0.0 1.0
230.5 -527.0 484.5 391.0 536.5368570428022 656.2089310895151 0.0 1.0
204.0 -527.0 462.5 390.0 506.00738482191935 655.6134531871658 0.0 1.0
142.5 -528.0 439.5 389.5 462.0276577389151 656.1206062912519 0.0 1.0
142.5 -527.0 440.0 389.0 462.50024461331213 655.0192072206041 0.0 1.0
151.5 -499.0 455.5 347.0 480.0345065595129 607.7910891421985 0.0 0.0
148.0 -501.5 451.0 352.0 474.66346761733007 612.7040597907455 0.0 1.0
148.5 -503.5 447.0 352.5 471.02215844156444 614.6288166287493 0.0 1.0
160.5 -501.0 465.0 347.5 491.92908602742074 609.7189926515329 0.0 1.0
154.0 -499.125 474.0 345.25 498.4266848524856 606.8966405213915 0.0 1.0
155.0 -506.75 467.5 350.5 492.5282840448324 616.1541065606727 0.0 1.0
221.55 -522.75 422.29999999999995 376.75 497.0495605261002 644.3667094728734 0.0 1.0
298.95000000000005 -525.25 320.70000000000005 381.25 460.278356670384 649.029622662806 0.0 1.0
419.75 -525.75 272.25 382.5 500.4301812330718 650.1686966716484 0.0 1.0
495.75 -525.25 324.0 382.25 592.2777706231641 649.6172935110073 0.0 1.0
502.875 -524.75 317.0 382.0 594.4535324777773 649.0659320504876 0.0 1.0
470.75 -521.0 316.5 383.0 567.2549054512563 646.6314194776992 0.0 1.0
439.5 -517.0 337.5 383.5 554.1433832021711 643.7093592974761 0.0 1.0
487.0 -514.25 315.75 383.75 580.4829947884123 641.6523111491371 0.0 1.0
507.75 -513.25 319.25 384.25 599.7754839716399 641.1502843942017 0.0 1.0
442.25 -512.0 312.5 385.0 541.6202841721981 640.6005700121277 0.0 1.0
482.25 -498.75 320.5 385.75 579.2929763764748 630.5339262213166 0.0 1.0
462.25 -494.0 323.5 387.5 564.2144269268993 627.847314241289 0.0 1.0
480.5 -493.0 331.0 386.5 583.7277722715698 626.4433334308858 0.0 1.0
504.75 -491.5 327.0 386.5 601.4275798486055 625.2636208225306 0.0 1.0
507.0 -490.5 326.75 385.75 603.1707850941687 624.014076867747 0.0 1.0
509.25 -489.75 385.25 386.0 638.7555142067354 623.5792543439186 0.0 1.0
503.0 -489.5 374.0 386.0 626.8765659888016 623.3829080107988 0.0 1.0
497.5 -523.5 347.25 395.0 606.7064272463751 655.8027816301628 0.0 0.0
491.0 -524.0 333.75 395.0 593.7028007018259 656.202019644586 0.0 1.0
535.75 -524.0 350.5 395.0 640.4022794686667 656.202019644586 0.0 1.0
568.25 -523.5 341.0 395.0 662.7243931868368 655.8027523577497 0.0 1.0
560.5 -523.75 323.5 395.0 647.2443121828896 656.0023514898301 0.0 1.0
563.25 -524.0 326.5 394.0 651.0406152568319 655.6004881023198 0.0 1.0
561.75 -524.125 323.5 394.0 648.2403060888137 655.700413713928 0.0 1.0
543.75 -524.5 304.5 394.0 623.2048759213276 656.0001905487528 0.0 1.0
533.625 -524.5 296.75 393.0 610.587574842458 655.4000686603565 0.0 1.0
529.0 -524.5 294.0 393.0 605.2102218045982 655.4000686603565 0.0 1.0
557.0 -525.5 328.0 392.5 646.4181241649533 655.9025730715275 0.0 1.0
546.5 -508.0 313.5 359.0 630.0394526312007 622.2753557964891 0.0 1.0
491.5 -484.95000000000005 284.0 313.65 567.7109096981644 577.6501402373942 0.0 0.0
515.0 -481.54999999999995 305.0 299.85 598.5401069816248 567.3863626456678 0.0 0.0
513.5 -482.0 304.5 309.0 596.9945817511726 572.7338556983709 0.0 0.0
513.5 -494.0 305.0 347.5 597.2497383842039 603.980705839668 0.0 1.0
513.0 -511.5 307.0 348.0 597.8444613777065 618.6569003474408 0.0 1.0
511.5 -505.5 307.0 355.5 596.5578345810237 617.9890792047704 0.0 1.0
476.0 -500.0 295.0 354.5 560.0665745333204 612.9194482148531 0.0 1.0
456.0 -499.0 314.5 354.5 553.9442459694349 612.1040893070058 0.0 1.0
488.5 -506.0 304.0 365.0 575.8160299165188 623.9151792682529 0.0 1.0
643.5 -516.0 309.0 378.0 715.4052277538556 639.6410327445099 0.0 1.0
639.5 -517.5 252.0 383.0 687.3612516609243 643.8134524983859 0.0 1.0
639.5 -520.0 254.0 387.5 688.0971682005254 648.5031528531972 0.0 1.0
644.0 -522.5 246.0 389.0 689.39331344349 651.4044361989825 0.0 1.0
525.0 -523.0 264.0 387.5 587.6405372829813 650.9110922391783 0.0 1.0
508.5 -554.5 269.0 377.0 575.2776050167147 671.0079511331039 0.0 1.0
511.5 -578.0 273.0 363.0 579.8034983730822 682.5354302728404 0.0 1.0
646.0 -577.5 244.0 359.5 690.5574833208043 680.2547316998243 0.0 1.0
657.0 -577.0 281.0 358.5 714.5702334733853 679.302164261716 0.0 1.0
668.0 -576.5 291.0 357.5 728.6332654693083 678.3498871791905 0.0 1.0
606.5 -575.0 288.5 355.5 672.153789491349 676.0216417527424 0.0 1.0
667.0 -506.0 288.0 352.0 726.5213500884278 616.4062795097961 0.0 0.0
586.5 -509.5 314.0 351.5 667.8406213036845 618.985603653121 0.0 1.0
500.5 -509.5 308.0 350.0 587.678312869965 618.1344918381436 0.0 1.0
591.5 -509.5 282.5 349.0 656.0098879889011 617.5688220757262 0.0 1.0
528.0 -509.5 304.5 349.0 609.5238495202785 617.5688867162623 0.0 1.0
506.5 -521.0 292.5 368.0 584.8930301060659 637.9199705976347 0.0 1.0
494.0 -531.5 280.0 387.0 567.8456946558343 657.4657785771059 0.0 1.0
620.5 -531.0 270.5 387.5 676.8977521303159 657.3563241290317 0.0 1.0
624.5 -530.0 279.5 388.5 684.1936395748613 657.1394448669171 0.0 1.0
624.5 -530.0 284.0 388.5 686.0598485508109 657.1394448669171 0.0 1.0
596.125 -531.0 261.625 390.0 651.500093917613 658.8331825258487 0.0 1.0
561.625 -529.5 226.45833333333334 391.0 606.2468795830516 658.2183617787837 0.0 1.0
527.125 -528.5 191.29166666666669 392.0 560.9936652484901 658.0093758643975 0.0 1.0
579.0 -529.5 240.0 393.5 626.7956971631104 659.706382131253 0.0 1.0
574.0 -531.0 297.0 396.0 648.5096462881654 662.4024534857854 0.0 1.0
426.0 -532.0 273.0 396.5 506.63095820357466 663.5030143111635 0.0 1.0
508.0 -506.5 274.5 360.5 577.4477176035591 621.694233718998 0.0 0.0
639.5 -509.0 256.5 363.0 689.0229159207374 625.180106622422 0.0 1.0
616.875 -508.5 222.25 363.0 657.2173419327278 624.772958761821 0.0 1.0
584.0416666666667 -508.0 175.91666666666666 360.5 612.0867300805589 622.9190920091601 0.0 1.0
551.2083333333333 -507.5 129.58333333333331 357.5 566.9561182283903 620.7758589757111 0.0 1.0
519.5 -508.0 198.5 355.5 556.8831467861628 620.0356966524675 0.0 1.0
634.21875 -508.0 230.28125 355.5 674.9877956242251 620.0356844569512 0.0 1.0
625.09375 -508.0 207.40625 354.5 659.5657072797112 619.4630078760199 0.0 1.0
615.96875 -508.0 184.53125 354.5 644.1436189351973 619.4629382564108 0.0 1.0
606.84375 -508.5 161.65625 354.0 628.7215305906834 619.5872968277745 0.0 1.0
554.5 -508.5 165.0 354.0 579.4516457550745 619.5871609386367 0.0 1.0
545.0 -508.0 228.75 355.0 591.0746381089205 619.7491427989231 0.0 1.0
639.0 -507.5 260.5 355.0 690.0590922940062 619.3394320864222 0.0 1.0
590.0 -519.5 260.5 374.5 645.2820408374057 640.4186956515128 0.0 1.0
651.0 -523.0 261.5 382.0 701.5586159957822 647.6521155535229 0.0 1.0
604.5 -522.0 282.5 381.5 668.1943206559729 646.5495627106773 0.0 1.0
559.0 -521.0 290.0 380.0 629.7468165982879 644.8573485663321 0.0 1.0
536.5 -521.0 315.0 379.0 622.1393547732707 644.2687044133104 0.0 1.0
532.25 -523.0 314.25 379.5 618.0991935806104 646.1805088363468 0.0 1.0
526.5 -523.5 316.0 382.0 614.0560794143495 648.0557460589328 0.0 1.0
526.5 -524.0 320.5 384.5 616.3812235683482 649.9356987450772 0.0 1.0
534.0 -525.5 322.5 386.0 623.8294439686813 652.0323995017426 0.0 1.0
527.25 -527.0 326.0 387.5 619.9021412861142 654.129391917249 0.0 1.0
532.0 -529.0 333.0 388.5 627.6248970491476 656.3331852039786 0.0 1.0
540.0 -530.0 376.0 388.0 659.2177640689449 656.8440356984868 0.0 1.0
541.5 -532.0 302.35 387.5 620.6100028365652 658.1643031948786 0.0 1.0
511.5 -531.5 253.75 385.5 572.2438185210565 656.5839626430119 0.0 1.0
481.5 -549.5 205.15 365.5 523.8776342055476 660.3706268274445 0.0 1.0
510.0 -565.0 342.5 351.0 614.3389881755949 665.1514670526209 0.0 1.0
391.0 -565.5 400.5 350.0 561.8158680275037 665.049414517565 0.0 1.0
336.5 -565.0 424.5 349.5 541.7015908345763 664.3607830087504 0.0 1.0
291.5 -564.5 525.0 348.5 600.859837690132 663.4097527169765 0.0 1.0
298.5 -563.5 463.0 348.0 550.9297602709162 662.2964035026523 0.0 1.0
307.5 -502.5 476.0 349.5 566.6905794221707 612.1269419794911 0.0 0.0
330.0 -508.0 439.0 343.0 550.3418815677595 612.9543360769867 0.0 1.0
260.5 -507.0 446.0 342.0 516.5669518033554 611.5660865203452 0.0 1.0
224.5 -506.5 440.0 342.5 493.96729614487566 611.4316573052058 0.0 1.0
242.5 -500.0 426.0 337.0 490.2343915408836 602.9743914758607 0.0 1.0
250.0 -524.9166666666667 396.0 242.83333333333334 468.3119379690103 579.6152827279769 0.0 0.0
233.0 -690.5833333333333 388.5 406.1666666666667 453.18666819766855 802.0754594416284 0.0 0.0
166.5 -514.5 435.5 309.0 466.3413741805831 600.1677882092354 0.0 0.0
163.0 -534.0 389.5 369.0 422.3675056721644 649.0902943183053 0.0 0.0
142.0 -527.5 381.0 374.5 406.6034703303215 646.9762542279291 0.0 1.0
136.0 -516.0 376.5 380.0 400.3106430576521 640.8259942918073 0.0 1.0
134.5 -515.5 385.0 382.0 407.8181301765679 641.6107943151368 0.0 1.0
160.0 -517.0 432.0 383.0 462.9466094256368 643.4112277436554 0.0 1.0
207.0 -519.5 488.0 384.5 530.1188014262135 646.3130131038874 0.0 1.0
208.0 -528.5 476.5 396.5 520.2670320993317 660.7000075677312 0.0 1.0
229.5 -529.0 463.5 395.5 517.2076468702633 660.5008248570422 0.0 1.0
232.5 -529.5 457.0 395.0 512.7429194077921 660.6022550543407 0.0 1.0
235.5 -529.0 453.5 394.5 511.0015196630666 659.9024549128454 0.0 1.0
206.5 -528.5 444.0 394.0 489.7436754358843 659.202738161789 0.0 1.0
235.5 -528.5 443.0 393.5 501.7079846000919 658.9040142539731 0.0 1.0
307.5 -529.0 478.0 392.5 568.5198333760591 658.7088421777312 0.0 1.0
280.0 -529.0 463.0 391.0 541.0834939900718 657.8164554019361 0.0 1.0
267.0 -528.5 508.5 390.0 575.684371568222 656.8198002496575 0.0 1.0
482.5 -528.5 404.5 389.0 630.0736188357359 656.226523389599 0.0 1.0
495.5 -528.5 365.0 388.5 615.428711813069 655.9302554387929 0.0 1.0
496.5 -528.0 425.5 388.0 654.3024639446845 655.2313237800929 0.0 1.0
485.0 -528.5 338.0 387.5 592.008891017271 655.3384621705031 0.0 1.0
492.5 -528.5 349.0 387.0 604.7596371021305 655.0430617437207 0.0 1.0
474.0 -530.5 327.0 387.0 576.7100286996551 656.6577595423704 0.0 1.0
474.5 -531.5 368.0 387.5 600.4853284867252 657.760214667929 0.0 1.0
574.0 -530.5 416.5 386.0 709.4741333148813 656.0690817814541 0.0 1.0
554.5 -577.5 401.5 359.0 684.6193180648081 680.0025571424089 0.0 0.0
527.0 -576.0 358.0 359.5 637.098070658162 678.9819808641241 0.0 1.0
537.0 -574.5 349.5 359.5 640.7329873809995 677.7097461303032 0.0 1.0
532.5 -576.0 351.5 361.5 638.0921615278594 680.0428814754689 0.0 1.0
572.5 -576.0 339.0 360.0 666.1295158861416 679.2467738423998 0.0 1.0
577.0 -536.0 307.0 371.5 653.9634547686651 652.5210037468038 0.0 1.0
557.5 -511.5 339.0 380.0 652.5074608050409 637.2065991497577 0.0 1.0
571.5 -511.5 354.0 379.5 672.2577645835408 636.9085491654198 0.0 1.0
596.5 -512.0 328.0 378.0 681.1956968135694 636.4182286878123 0.0 1.0
531.0 -512.0 315.0 375.5 617.4856777436678 634.9364141392427 0.0 1.0
532.0 -513.5 324.5 375.5 623.1569848381038 636.1466299887904 0.0 1.0
503.5 -517.0 314.0 377.5 593.4982697570189 640.1525579797096 0.0 1.0
486.0 -520.5 292.5 380.5 567.6620707120094 644.748604004029 0.0 1.0
299.2857142857143 -522.5 240.71428571428572 384.5 439.73018361098576 648.7270297721584 0.0 1.0
60.42857142857143 -523.0 233.57142857142856 387.0 465.73545560443756 650.6135649706046 0.0 1.0
-178.42857142857142 -523.0 226.42857142857144 390.0 491.7407275978893 652.4026062652313 0.0 1.0
-417.2857142857143 -521.5 219.28571428571428 394.0 517.7459995913412 653.6040468050975 0.0 1.0
-451.0 -520.5 270.5 400.5 525.900425214793 656.7500719677009 0.0 1.0
-450.5 -519.0 276.5 405.0 528.5864115941587 658.3206624573938 0.0 1.0
-455.5 -519.0 283.5 411.0 536.5230354719039 662.0287002842098 0.0 1.0
-509.5 -519.0 305.0 414.5 594.0599771221105 664.2072388857425 0.0 1.0
-577.0 -520.5 384.5 414.0 693.375758950739 665.0686054836749 0.0 1.0
-514.5 -522.0 337.5 410.0 617.5803422945045 663.7653899399867 0.0 1.0
-566.125 -510.5 284.5 376.5 625.3889018090703 634.462235668421 0.0 1.0
-453.0 -499.0 339.0 341.5 565.8004597510264 604.6684176924498 0.0 1.0
-585.5 -499.0 336.5 331.5 675.3097579333712 599.0773993871212 0.0 1.0
-583.5 -500.0 303.0 325.0 658.3669515337311 596.3431694477276 1.0 1.0
-583.5 -500.5 339.5 321.5 675.0834182820938 594.8634297046676 1.0 1.0
-553.5 -502.0 342.0 319.5 650.635744231631 595.0497878329174 1.0 1.0
-590.0 -500.5 305.5 318.5 665.2468313316411 593.2475688455984 1.0 1.0
-587.0 -499.5 268.0 321.5 645.2853685597547 594.0242813282084 1.0 1.0
-592.5 -498.0 300.0 331.5 664.632200064154 598.2456093772958 1.0 1.0
-576.55 -498.5 258.0 345.0 679.7800410757573 606.242844943547 0.0 1.0
-204.74999999999997 -499.0 212.0 356.5 512.0735739372658 613.2644898262993 0.0 1.0
167.05 -475.5 166.0 342.5 344.3671067987742 586.0507306908123 0.0 1.0
475.5 -462.75 250.5 319.15 537.6216149707489 562.1751083493452 0.0 0.0
585.25 -467.75 273.375 315.35 648.3643249435308 564.1650932551552 0.0 0.0
480.0 -490.0 316.5 320.0 575.0076669413111 585.2475817194185 0.0 0.0
476.0 -511.5 312.0 366.0 569.8820407579401 628.9731363919456 0.0 1.0
496.5 -521.0 350.0 375.0 607.9829284113739 641.9251222547778 0.0 1.0
514.0 -520.0 293.0 369.0 592.4615207859583 637.6231552578163 0.0 1.0
453.0 -515.5 328.0 357.0 560.2198262413697 627.0480953593965 0.0 1.0
470.0 -519.0 327.5 362.5 574.4733757877264 633.0621886684341 0.0 1.0
468.0 -523.0 343.0 366.0 581.2239660890017 638.3459925367782 0.0 1.0
503.0 -523.5 318.5 369.0 595.3586850003669 640.480007905501 0.0 1.0
508.5 -521.0 326.5 373.0 604.2970988846542 640.757493349126 0.0 1.0
505.0 -520.5 321.0 383.0 598.4002451661943 646.2273119281381 0.0 1.0
471.5 -523.5 311.5 393.5 565.201742238663 654.9016609878134 0.0 1.0
465.0 -522.5 312.5 398.5 560.4273348251336 657.1222917960665 0.0 1.0
470.0 -521.0 360.5 401.0 592.412417476859 657.451258266344 0.0 1.0
469.5 -511.0 294.5 392.5 554.221095351549 644.3430712809418 0.0 1.0
230.0 -501.5 440.5 370.5 499.01685825076277 623.516901885625 0.0 1.0
75.0 -502.0 504.5 365.0 511.0455460686686 620.6693740455892 0.0 1.0
42.5 -501.0 471.0 359.0 472.9198957476599 616.3462182367251 0.0 1.0
49.0 -501.0 442.0 355.5 444.7077828650323 614.3137767282863 0.0 1.0
41.5 -508.5 464.0 365.5 465.8612530920335 626.2406734528303 0.0 1.0
1.0 -518.5 458.0 380.0 458.00129069563536 642.8395078409565 0.0 1.0
3.0 -520.0 420.5 383.5 420.5107014096074 646.1210505214674 0.0 1.0
43.5 -519.5 461.0 386.0 463.0504401987389 647.2065658860852 0.0 1.0
45.0 -519.0 446.0 388.0 448.2691398317995 648.0007716044789 0.0 1.0
46.5 -519.0 466.0 391.0 468.3142667747193 649.8015081546056 0.0 1.0
48.5 -518.0 468.5 392.5 471.003926510342 649.9080002713042 0.0 1.0
49.0 -518.0 469.5 393.5 472.05005316570555 650.5124199595697 0.0 1.0
51.0 -517.0 472.0 393.0 474.74730424202147 649.4135816257618 0.0 1.0
51.5 -517.0 471.5 391.5 474.30538590305946 648.5069390530837 0.0 1.0
52.5 -517.5 468.5 391.0 471.4323917594123 648.6041480378981 0.0 1.0
49.5 -518.5 467.5 390.0 470.1335920668014 648.8007472768338 0.0 1.0
37.15 -517.0 435.95 390.0 437.5300753806776 647.6025015393316 0.0 1.0
37.75 -499.5 439.75 364.5 441.36746740676256 618.3712033900655 0.0 1.0
38.35 -500.0 443.55 359.0 445.20485943284746 615.5331022780172 0.0 1.0
42.5 -501.0 474.5 359.5 476.4787530148903 616.6370488382935 0.0 1.0
41.0 -501.0 471.0 360.0 472.79229630653276 616.9286830744701 0.0 1.0
44.5 -501.5 475.5 361.0 477.578167976681 617.9184816786111 0.0 1.0
42.5 -505.5 459.0 375.5 460.96510162938273 629.787021206611 0.0 1.0
43.0 -508.5 478.5 391.0 480.42922682655325 641.4462899502223 0.0 1.0
41.0 -509.0 478.0 391.0 479.75540452832615 641.8426598474115 0.0 1.0
41.0 -509.0 480.5 390.0 482.24635027729295 641.2339666611556 0.0 1.0
39.0 -509.0 484.0 390.0 485.5699332964631 641.2339666611556 0.0 1.0
37.5 -482.5 487.0 395.0 488.44165465283567 623.5644290313884 0.0 1.0
45.0 -480.0 480.5 393.0 482.6052382575847 620.3619910987455 0.0 1.0
25.0 -479.0 496.0 393.0 496.63213373690957 619.5886937464985 0.0 1.0
26.5 -479.0 490.0 393.0 490.72355493411783 619.588573167711 0.0 1.0
21.5 -479.0 497.0 394.0 497.4658260947316 620.2233468678844 0.0 1.0
19.5 -479.5 496.0 394.5 496.38417426098545 620.9271293799297 0.0 1.0
23.0 -480.0 490.0 393.5 490.5536857722002 620.6788622145916 0.0 1.0
24.5 -480.5 485.5 393.5 486.16053293138697 621.0656165011874 0.0 1.0
-3.0 -480.0 491.6428571428571 393.0 491.8348035100504 620.3619910987455 0.0 1.0
11.0 -480.0 470.2142857142857 392.5 471.0040046992377 620.0454820592017 0.0 1.0
25.0 -480.0 448.78571428571433 392.0 450.1732058884252 619.728973019658 0.0 1.0
39.0 -480.5 427.3571428571429 392.5 429.3424070776125 620.4326312719301 0.0 1.0
30.5 -481.0 444.5 392.0 445.54750764511135 620.5038275466155 0.0 1.0
31.0 -486.0 439.5 391.5 440.59217526819276 624.0821817082368 0.0 1.0
33.0 -515.5 441.5 390.5 442.7315778211444 646.7074625641233 0.0 1.0
35.0 -516.5 442.0 391.0 443.3835811123366 647.8064911684661 0.0 1.0
35.0 -517.0 440.0 390.5 441.38986638512 647.9038052178523 0.0 1.0
33.5 -517.0 440.5 391.0 441.7722401803872 648.205214419014 0.0 1.0
48.0 -517.0 446.5 392.0 449.2737288010587 648.8089790220453 0.0 1.0
121.0 -504.0 458.0 373.0 473.71503539219384 627.0633675355493 0.0 1.0
109.0 -500.0 448.0 359.0 461.0698396101577 615.5331129340257 0.0 1.0
182.625 -500.5 366.75 359.5 450.3072684328772 616.2308820563929 0.0 1.0
282.7916666666667 -500.0 263.0833333333333 358.5 440.96436868408614 615.2416299503598 0.0 1.0
382.95833333333337 -499.5 159.41666666666666 358.0 431.6214689352951 614.5439365903792 0.0 1.0
539.5 -499.0 275.0 358.0 605.6205813269958 614.1376067299575 0.0 1.0
531.0 -499.0 290.0 358.0 605.0360372617998 614.1376067299575 0.0 1.0
536.0 -507.0 277.5 371.5 603.5749023207961 628.5627274777291 0.0 1.0
520.0 -516.0 274.5 392.0 588.0783094804749 648.0127242931933 0.0 1.0
498.0 -515.5 289.0 393.5 575.7821187728065 648.5233226338124 0.0 1.0
485.0 -514.5 277.5 393.5 558.7841679503472 647.7287240813085 0.0 1.0
480.5 -514.5 278.5 394.0 555.3764433502504 648.0327210765108 0.0 1.0
478.5 -514.5 278.0 394.5 553.3966553475898 648.3367180717131 0.0 1.0
508.5 -515.0 284.0 395.0 582.4331709081134 649.0377492873585 0.0 1.0
508.0 -516.0 285.0 393.5 582.4853561683874 648.9208349251857 0.0 1.0
513.0 -516.0 294.5 393.5 591.5308617769776 648.9208349251857 0.0 1.0
521.5 -505.0 300.0 374.5 601.6331060128 628.7364845025605 0.0 1.0
516.5 -498.0 291.5 361.0 593.0812416680762 615.0814286604191 0.0 1.0
509.5 -498.0 288.5 360.5 585.519539938239 614.7879715804465 0.0 1.0
602.5 -497.0 383.0 358.5 713.9511553910843 612.8060459884514 0.0 1.0
535.0 -496.0 374.5 357.0 654.0325880725566 611.1178980485363 0.0 1.0
516.0 -495.0 358.0 356.5 631.3438959984993 610.0141391803963 0.0 1.0
520.0 -495.5 355.5 356.0 629.9097394145579 610.1281300787981 0.0 1.0
489.0 -496.0 329.0 355.0 589.3844049977367 609.9516374270996 0.0 1.0
488.5 -496.0 307.0 355.25 577.5285001590687 610.0972084914545 0.0 1.0
526.5 -496.0 311.25 355.75 611.6449441875257 610.3884859412481 0.0 1.0
538.75 -496.25 313.25 355.0 623.2171683708318 610.1549669199762 0.0 1.0
542.5 -508.75 307.75 377.5 623.7202509394081 633.5202142273123 0.0 1.0
561.25 -511.75 284.25 385.5 629.3981623685131 640.702841428011 0.0 1.0
530.75 -510.75 283.75 388.75 601.8445747837903 641.8687837382131 0.0 1.0
506.0 -510.0 267.5 391.75 572.3576087809752 643.0933409577854 0.0 1.0
505.25 -509.5 260.25 393.25 568.341236444993 643.6117353815935 0.0 1.0
546.5 -509.0 291.0 393.0 619.2195643880846 643.0631047010306 0.0 1.0
552.75 -500.5 284.25 377.5 621.5555969418137 626.9378428561313 0.0 1.0
493.5 -496.0 298.5 363.0 578.2715778323404 614.6454832367378 0.0 1.0
378.5 -496.0 292.5 358.25 479.9349568937563 611.849727729894 0.0 1.0
432.75 -491.75 282.75 349.0 516.9373334759443 603.0204920917802 0.0 1.0
432.5 -510.4375 288.75 282.1875 520.0400912146262 585.5204935585186 0.0 0.0
448.5 -586.1875 302.75 426.9375 541.1245225002428 729.1002503727423 0.0 0.0
550.0 -606.5 290.625 370.75 622.0634764243767 721.4337853090792 0.0 0.0
537.5 -512.25 302.75 294.25 617.1070774544639 590.9250154749824 0.0 0.0
519.0 -499.0 322.0 339.75 610.8346412899205 603.6812886280995 0.0 1.0
509.0 -501.5 323.0 346.25 602.8368198584975 609.419603730723 0.0 1.0
508.5 -500.25 331.5 348.5 607.016765210736 609.6773286214915 0.0 1.0
501.25 -502.75 331.0 372.5 600.6773279110101 625.7303825324963 0.0 1.0
501.5 -505.75 332.5 383.75 601.7140032598502 634.8620471446626 0.0 1.0
501.5 -507.25 331.75 387.75 601.3017828034133 638.476955072678 0.0 1.0
499.25 -510.5 334.75 391.0 601.0891507328054 643.0331170639082 0.0 1.0
501.25 -512.0 335.5 394.5 603.1685430499026 646.3558509819004 0.0 1.0
501.75 -511.75 336.25 395.75 604.0023618284569 646.9204982237475 0.0 1.0
502.25 -512.5 337.0 397.5 604.835094669064 648.5851186211543 0.0 1.0
491.0 -513.0 333.5 397.5 593.552959382999 648.9805406031385 0.0 1.0
496.0 -513.5 348.0 395.0 606.0240644698138 647.8481689408407 0.0 1.0
505.5 -514.5 342.0 392.5 610.3234651057085 647.1221925722596 0.0 1.0
505.0 -505.0 340.5 374.0 609.0692309862712 628.440136859045 0.0 1.0
277.0 -494.0 271.5 357.0 407.6485962979847 609.4962320808927 0.0 1.0
-8.22727272727273 -494.5 221.8181818181818 357.0 262.7706605730864 609.9011512893301 0.0 1.0
-99.86363636363637 -494.0 232.9090909090909 358.0 317.25619220817697 610.0819617067857 0.0 1.0
-191.5 -493.0 244.0 361.0 371.74172384326755 611.0400968839933 0.0 1.0
-283.1363636363636 -491.0 255.0909090909091 364.5 426.22725547835813 611.5074906947239 0.0 1.0
-374.77272727272725 -488.0 266.1818181818182 365.5 480.7127871134487 609.7005329733264 0.0 1.0
-448.5 -483.0 276.0 367.5 526.621357156712 606.9146631412582 0.0 1.0
-452.0 -473.0 279.0 364.5 531.1778988034094 597.1510754017609 0.0 1.0
-457.0 -457.5 287.0 361.5 539.6465481811672 583.0853282324981 0.0 1.0
-497.625 -441.0 292.75 362.5 577.7963868459436 570.865351900078 0.0 1.0
-604.0 -393.0 274.5 365.5 664.1342757835821 536.9733081030863 0.0 1.0
-600.0 -161.71875 237.0 302.125 645.1116795997605 354.36658849068374 0.0 0.0
-383.275 -68.59375 235.75 310.625 678.7802116914024 362.0102585672498 0.0 0.0
-94.97499999999997 24.53125 234.75 319.125 724.5365543265934 369.653928643816 0.0 0.0
193.32500000000005 117.65625 233.75 327.625 770.2928969617844 377.2975987203821 0.0 0.0
481.62500000000006 272.5 232.75 290.5 816.0492395969754 408.7795595125608 0.0 0.0
769.9250000000001 426.04999999999995 231.75 250.0 861.8055822321662 496.13380586066626 0.0 0.0
713.5 517.45 292.0 254.0 770.939969165161 578.273856678468 0.0 0.0
662.0 582.0 275.5 255.0 717.052144276607 635.412504882599 0.0 0.0
646.0 554.5 280.5 248.0 704.2701461878123 607.4334036109096 0.0 0.0
648.5 480.0 283.5 216.5 707.760328986644 526.5677375655127 0.0 0.0
649.0 549.5 279.5 235.0 706.6509958065037 597.6436543240438 0.0 0.0
642.5 535.0 277.5 234.5 699.8666607179536 584.1376224146082 0.0 0.0
642.0 535.0 275.0 235.0 698.4195346000768 584.3392052605966 0.0 0.0
644.0 464.375 275.5 214.625 700.4543285091572 511.5792202684563 0.0 0.0
558.5 539.5 289.0 265.5 629.2452001263673 601.3604729045203 0.0 0.0
490.0 614.5 324.5 281.0 587.7186488063614 675.7043034860035 0.0 0.0
498.0 563.5 324.0 280.5 594.1214500418901 629.455114481211 0.0 0.0
499.0 558.5 325.0 284.5 595.5048413523037 626.7878229861494 0.0 0.0
501.5 553.5 327.5 289.0 598.9653290194012 624.4078185765044 0.0 0.0
555.0 532.5 346.0 291.5 654.1152187215749 607.0789263239005 0.0 0.0
449.45000000000005 526.0 351.85 310.5 677.6175623143729 610.811660776277 0.0 0.0
242.04999999999998 519.0 335.65 300.5 639.6940510881416 599.7176942258767 0.0 0.0
34.64999999999998 560.0 319.45 309.0 601.77053986191 639.7486882124714 0.0 0.0
-172.75 521.0 303.25 300.5 563.8470286356787 601.449374476808 0.0 0.0
-380.15000000000003 518.5 287.05 298.0 525.9235174094473 598.035328553817 0.0 0.0
-438.5 515.5 278.0 294.5 519.1977674012576 593.6924675826546 0.0 0.0
-549.0 511.5 306.5 289.5 628.7633134102871 587.7442986785886 0.0 0.0
-551.5 506.0 309.5 279.5 632.4101016016464 578.0632306027194 1.0 0.0
-565.5 502.5 269.0 276.0 627.575834244441 573.3081632071883 1.0 0.0
-529.875 502.0 264.0 275.0 596.9174073379404 572.3892562587357 0.0 0.0
-391.5 502.5 336.0 278.0 515.91588883109 574.2736716932094 0.0 0.0
-447.5 501.5 321.0 279.0 550.7290459544777 573.8847553477344 0.0 0.0
-450.5 500.5 267.0 280.0 523.6788714940187 573.4982885386282 0.0 0.0
-444.0 526.5 262.5 288.0 515.7936916473637 600.1410177097673 0.0 0.0
-445.0 499.5 264.5 282.5 517.6729751923897 573.8535331002972 0.0 0.0
-449.5 499.0 267.0 276.5 522.8186255308683 570.4852682344338 0.0 0.0
-451.5 498.5 268.5 266.0 525.3043733741029 565.0295962102145 0.0 0.0
-453.0 499.0 269.0 264.5 526.8491534521627 564.7667174733215 0.0 0.0
-456.5 499.5 271.0 262.0 530.8800234384962 564.0470333771207 0.0 0.0
-459.5 498.5 273.0 259.5 534.4804161269128 561.9986654788426 0.0 0.0
-460.0 497.5 272.0 259.5 534.4006277505291 561.1120178086851 0.0 0.0
-453.5 496.0 267.5 262.0 526.5155228939113 560.9456787767115 0.0 0.0
-451.0 492.0 266.5 289.5 523.8544729275603 570.8850609675742 0.0 0.0
-453.5 487.5 267.0 286.5 526.2619307353868 565.4568711601976 0.0 0.0
-453.5 487.0 265.5 288.5 525.5021712579954 566.0400294535709 0.0 0.0
-453.5 518.0 265.0 294.5 525.249702522524 595.9847975271512 0.0 0.0
-464.55 534.0 275.35 299.5 540.0626404965577 612.2574469981691 0.0 0.0
-508.75 500.5 312.75 311.5 597.2934688616322 589.5188716232925 0.0 0.0
-552.95 500.5 350.15 307.0 654.5242972267066 587.1535148493961 0.0 0.0
-552.5 500.0 326.0 306.0 642.0529765229395 586.2051455073735 0.0 0.0
-543.0 500.0 288.5 303.0 614.8837140424748 584.6443606031307 0.0 0.0
-540.0 518.5 343.0 307.5 639.7257224780008 602.8298581063659 0.0 0.0
-541.0 524.0 344.5 303.5 641.3745005844869 605.5483590957773 1.0 0.0
-539.5 489.5 346.5 292.5 641.1884205158312 570.233730956727 1.0 0.0
-543.125 487.0 286.875 290.0 614.3975340509282 566.8062030372548 0.0 0.0
-545.0 483.0 261.5 279.5 604.4900588649884 558.046066240001 1.0 0.0
-548.5 497.5 269.0 250.5 610.9118185743766 557.0069114803057 1.0 0.0
-550.3125 496.5 272.0 247.5 613.8635972930256 554.7689156382269 1.0 0.0
-551.5625 496.5 274.0 249.5 615.872246286634 555.6668836258931 1.0 0.0
-553.5 491.5 275.5 248.0 618.2739672311366 550.5236143890651 1.0 0.0
-559.0 488.5 275.5 250.0 623.2043676649198 548.7551822078767 1.0 0.0
-553.0 484.0 316.0 253.5 638.1656735684016 546.3682773505836 1.0 0.0
-605.5 475.0 397.5 259.5 727.7373338109454 541.2637150029859 1.0 0.0
-508.0 456.5 387.5 262.0 639.5000992041278 526.3429443921515 1.0 0.0
-396.65625 433.5 335.28125 261.0 582.104593870484 506.0071639809065 1.0 0.0
-123.28125 412.5 330.40625 263.0 614.5883012923724 489.2103412625811 0.0 0.0
150.09375 158.0 325.53125 349.0 647.0720087142608 387.4395702910045 0.0 0.0
423.46875 -79.33333333333334 320.65625 193.25 679.5557161361494 225.31412336209337 0.0 0.0
630.5 -246.66666666666669 320.5 214.25 707.2873537693597 359.7564281050152 0.0 0.0
585.0 -414.0 316.0 235.25 664.8921415341094 494.198732847937 0.0 0.0
577.25 -555.5 312.5 286.5 656.4097949337388 625.5000817246807 0.0 0.0
574.0 -638.0 311.5 353.0 653.0760345288879 729.1477200092962 0.0 0.0
553.875 -561.5 325.25 374.5 642.9550373128407 674.9326309824771 0.0 0.0
542.0 -537.0 334.0 374.5 637.665369792525 654.7237334605916 0.0 1.0
590.0 -522.0 307.0 380.5 665.1872715233815 645.9676948995761 0.0 1.0
600.875 -509.0 310.0 382.0 676.4056989423441 636.4020458122818 0.0 1.0
524.5 -505.0 322.0 384.0 615.6002662336311 634.4154871360035 0.0 1.0
535.0 -513.5 346.0 386.5 637.149650493335 642.7017206371316 0.0 1.0
548.0 -515.0 322.0 386.0 635.788539635784 643.600155433953 0.0 1.0
566.0 -518.0 314.0 381.0 647.2655352608214 643.0280614147579 0.0 1.0
577.0 -521.5 333.5 379.0 666.4786466021762 644.6730461289328 0.0 1.0
570.5 -528.5 318.0 379.5 653.142413988569 650.640196228712 0.0 1.0
618.0 -532.5 308.5 374.5 691.242732548385 651.0047381322237 0.0 1.0
607.0 -533.5 385.5 372.0 719.7542560630596 650.3894358105817 0.0 1.0
563.0 -534.0 431.0 371.0 709.1213285803581 650.2284334833998 0.0 1.0
574.0 -531.0 428.0 372.0 716.0124025256516 648.3403454508111 0.0 1.0
569.0 -504.5 411.0 361.0 701.9143572780984 620.3557878417012 0.0 1.0
565.0 -501.5 404.0 361.5 694.670252267275 618.2110011440839 0.0 1.0
574.0 -501.0 414.0 364.5 708.015015948871 619.5654416838149 0.0 1.0
572.5 -502.5 387.0 366.5 691.0320311063035 621.955515443096 0.0 1.0
569.0 -509.5 385.0 376.0 687.0123880975693 633.2254834850628 0.0 1.0
522.5 -518.0 370.0 388.0 640.4011836784314 647.2001930251024 0.0 1.0
531.0 -519.5 386.5 387.0 657.162177394807 647.8034038193995 0.0 1.0
549.5 -521.0 371.0 388.5 663.0517345684914 649.9024926864029 0.0 1.0
525.0 -524.0 331.0 390.5 620.633552820564 653.5033336297234 0.0 1.0
516.5 -528.0 327.0 391.5 611.3111013616657 657.3099259007915 0.0 1.0
514.0 -531.0 319.5 389.5 605.2090734246437 658.5372134832703 0.0 1.0
519.0 -533.0 321.5 385.0 610.5119786219941 657.5059586924564 0.0 1.0
517.5 -533.0 320.5 382.0 608.7089010233628 655.7538294489805 0.0 1.0
517.0 -531.0 318.0 382.0 606.9744323797152 654.1292573023488 0.0 1.0
518.0 -525.5 319.5 382.5 608.6085103725547 649.9672957465664 0.0 1.0
518.5 -520.0 321.0 386.5 609.8223185924078 647.9068186591511 0.0 1.0
518.0 -515.0 322.0 388.5 609.9251146139134 645.1036356525524 0.0 1.0
524.0 -514.5 316.5 390.5 612.1678626602663 645.9107203189594 0.0 1.0
400.0 -514.0 283.25 391.0 490.7517122895373 645.8173280937094 0.0 1.0
316.0 -491.54166666666663 269.0 323.08333333333337 415.62562050655515 588.4176699386135 0.0 0.0
266.0 -491.70833333333337 217.0 301.41666666666663 343.69498491300214 577.3997866894736 0.0 0.0
240.0 -491.875 270.0 279.75 361.24933275070333 566.3819034403334 0.0 0.0
229.0 -499.0 281.0 272.5 362.5018913291394 568.5753288200931 0.0 0.0
242.0 -514.5 253.5 333.0 350.49182586782183 612.8820243858293 0.0 0.0
273.0 -508.5 248.0 364.0 368.8421779961728 625.3551028580839 0.0 1.0
225.5 -508.0 215.0 370.5 311.60093037791586 628.7563228254946 0.0 1.0
157.5 -508.0 156.5 371.5 223.25449047571402 629.3460199984295 0.0 1.0
129.0 -509.5 161.5 378.5 206.71622889941136 634.7115937253402 0.0 1.0
141.0 -511.0 174.5 393.0 224.4056464332204 644.6471968266493 0.0 1.0
139.5 -514.5 179.0 392.0 226.96868395768618 646.8208061827158 0.0 1.0
147.0 -516.0 143.0 390.0 209.6866081683598 646.8044526748405 0.0 1.0
7.5 -517.5 136.5 387.0 136.70594457153206 646.2007507997494 0.0 1.0
4.5 -518.0 109.5 381.5 109.59756104226419 643.3244998317718 0.0 1.0
17.0 -520.0 110.0 375.0 111.34536454001119 641.1123146532127 0.0 1.0
28.0 -522.0 113.5 368.0 116.9134510272428 638.677280012459 0.0 1.0
-7.0 -522.5 141.5 360.0 143.81434261576393 634.512621148775 0.0 1.0
16.5 -523.5 140.5 354.5 141.47278564453643 632.2361109585564 0.0 1.0
30.0 -526.5 132.0 353.5 135.43585025196953 634.1644721056896 0.0 1.0
42.5 -520.5 87.5 343.0 97.27630095476246 623.3578558092487 0.0 1.0
111.0 -517.0 178.5 337.5 212.83204602562682 617.4101754128978 0.0 1.0
79.0 -519.5 161.0 339.0 179.83576481490857 620.3236456378756 0.0 1.0
90.5 -520.0 141.5 337.0 168.07401368880377 619.6531076855749 0.0 1.0
107.5 -521.0 146.5 332.5 181.95198567215505 618.0600056261053 0.0 1.0
114.0 -523.5 175.5 330.0 209.40326440440754 618.8315028403281 0.0 1.0
102.0 -525.5 175.0 330.0 202.65631871566012 620.5243180528669 0.0 1.0
-50.5 -525.0 167.0 329.0 176.85337392530124 619.5695884893671 0.0 1.0
-281.125 -523.5 154.5 329.0 359.16462915478485 618.2990581110448 0.0 1.0
-540.625 -527.5 110.5 339.0 562.7295748315385 627.0633940811074 0.0 1.0
-629.5 -535.5 376.5 354.5 733.6362391567945 642.2075209774486 0.0 1.0
-493.0 -533.5 268.5 355.0 561.6391969405568 640.8177769667757 0.0 1.0
-486.0 -530.5 228.0 358.0 536.825440101152 639.9955077967345 0.0 1.0
-492.5 -528.5 228.5 359.5 542.9261177286726 639.1811167423518 0.0 1.0
-512.5 -527.5 228.5 361.5 561.1360918949764 639.4829943008649 0.0 1.0
-508.25 -525.0 234.875 362.5 559.9846498969408 637.9903869034465 0.0 1.0
-490.0 -522.0 246.5 362.5 548.5102495763124 635.5236030235227 0.0 1.0
-502.0 -519.5 245.75 360.5 558.9284228040851 632.329487891868 0.0 1.0
-517.0 -516.0 256.5 358.5 577.1320753932773 628.3139490821029 0.0 1.0
-523.375 -494.5 258.25 341.5 583.6220416456392 600.9606150960253 0.0 1.0
-406.0 -487.5 254.0 337.0 482.8835289557423 592.6425988738913 0.0 1.0
-502.0 -481.0 249.5 336.0 560.5873786057473 586.7341817211607 0.0 1.0
-502.25 -476.0 256.75 334.0 564.0759904479501 581.4911865196239 0.0 1.0
-510.25 -472.0 257.0 331.5 571.3186630624759 576.7810827498283 0.0 1.0
-504.0 -469.0 264.5 332.0 569.2425963288408 574.6172762900482 0.0 1.0
-475.0 -479.5 274.0 340.5 548.3626648654108 588.0993531364735 0.0 1.0
-463.5 -483.5 266.5 345.5 534.6542275931645 594.2584214961083 0.0 1.0
-499.0 -485.0 286.5 348.5 575.3984810337806 597.2248493970069 0.0 1.0
-468.0 -485.0 273.5 349.5 542.0574288289947 597.8087176044148 0.0 1.0
-460.5 -484.0 274.0 350.0 535.8509870139271 597.2905490630168 0.0 1.0
-464.0 -480.5 272.0 349.0 537.8655836939076 593.869797463496 0.0 1.0
-465.5 -483.5 270.5 350.0 538.3880989431764 596.885530030326 0.0 1.0
-466.5 -488.0 273.0 352.0 540.51017660961 601.70438293428 0.0 1.0
-467.5 -492.0 273.5 353.5 541.6258521770253 605.8269844750221 0.0 1.0
-470.0 -492.0 274.0 354.5 544.0368217445998 606.4113596782429 0.0 1.0
-459.0 -494.5 271.5 357.5 533.2857761983164 610.1950324937199 0.0 1.0
-468.0 -492.5 273.0 359.0 541.8135506015421 609.4570559288076 0.0 1.0
-504.89285714285717 -493.0 276.0357142857143 358.0 575.8315439910343 609.2730543387783 0.0 1.0
-550.75 -492.5 282.75 358.0 619.6532849150849 608.8690058741404 0.0 1.0
-596.6071428571429 -491.5 289.4642857142857 364.0 663.4750258391354 611.6142053889257 0.0 1.0
-622.0 -496.0 292.0 387.0 687.1320389341809 629.1144569949097 0.0 1.0
-519.5 -494.5 269.5 387.5 585.4521764661638 628.2408035554258 0.0 1.0
-507.5 -494.5 265.5 387.0 572.7536087012663 627.9326437135348 1.0 1.0
-506.5 -496.0 263.5 385.0 570.9418124903692 627.8865281138746 1.0 1.0
-506.5 -498.0 261.0 386.5 569.7924600632331 630.3859183246745 1.0 1.0
-514.5 -500.0 263.0 387.0 577.8243065701994 632.2729212529623 1.0 1.0
-519.0 -503.0 262.0 390.0 581.3819742647686 636.4818584503485 1.0 1.0
-518.5 -501.5 261.5 393.0 580.7103830354858 637.143217144864 1.0 1.0
-515.5 -502.5 261.0 394.0 577.8072775588761 638.5470579215469 1.0 1.0
-522.0 -505.5 275.5 393.5 590.2537660987343 640.6032373020346 1.0 1.0
-582.625 -508.0 285.75 395.0 649.5184501093295 643.4974747425199 1.0 1.0
-740.5 -508.5 314.0 393.5 804.346349730462 642.9732448836692 0.0 1.0
-663.5 -499.5 301.5 374.5 728.7984343921336 624.3513298527641 1.0 1.0
-617.5 -492.0 293.5 352.5 683.7208042627997 605.2440291323209 1.0 1.0
-526.5 -491.0 278.0 352.0 595.5082291942213 604.139884463855 1.0 1.0
-570.0 -487.5 269.0 350.0 630.8159016333432 600.130265052994 1.0 1.0
-549.5 -480.5 238.0 350.0 598.8353627273334 594.4580192604528 1.0 1.0
-551.5 -475.0 237.5 351.5 600.4652932214051 590.9123552105597 1.0 1.0
-476.5 -457.5 258.0 382.0 543.7150453955722 596.1398324363511 1.0 1.0
-288.45 -437.5 270.35 353.0 503.88352919390627 562.1968059926107 0.0 1.0
-145.04999999999998 -423.1 277.48333333333335 326.5 540.4106414165715 534.5952770208885 0.0 0.0
-1.6499999999999773 -428.56666666666666 284.6166666666667 323.16666666666663 576.9377536392368 537.0813781167126 0.0 0.0
141.75000000000003 -434.0333333333333 291.75 319.83333333333337 613.4648658619021 539.5674792125367 0.0 0.0
285.15000000000003 -439.5 298.8833333333333 316.5 649.9919780845673 542.0535803083609 0.0 0.0
428.55000000000007 -444.9666666666667 306.01666666666665 313.16666666666663 686.5190903072327 544.5396814041851 0.0 0.0
571.95 -450.43333333333334 313.15 309.83333333333337 723.046202529898 547.0257825000092 0.0 0.0
647.5 -455.9 308.0 306.5 717.0344968615086 549.5118835958333 0.0 0.0
619.25 -461.0 297.5 304.5 687.0063277807619 552.4864414082763 0.0 0.0
618.5 -463.5 299.0 348.5 686.9817027992673 579.9245669834629 0.0 0.0
540.0 -470.0 284.0 365.5 610.5932916822129 595.3962719389874 0.0 1.0
527.0 -478.0 327.0 372.0 620.2212132456234 605.6962935333186 0.0 1.0
528.5 -482.0 329.0 373.5 622.5377499165197 609.7759329634682 0.0 1.0
620.5 -491.0 307.5 380.0 692.5216676774407 620.8797559871279 0.0 1.0
619.5 -515.0 306.5 408.5 691.1770249364976 657.3412567863471 0.0 1.0
626.0 -508.0 305.0 405.5 696.3525392498541 649.9955812795973 0.0 1.0
654.0 -510.5 337.5 411.5 738.0870057357774 655.7000119711944 0.0 1.0
621.5 -507.5 330.0 409.5 704.2215818161662 652.1093782162066 0.0 1.0
609.5 -503.0 344.5 405.5 700.1271531720582 646.0954639026592 0.0 1.0
609.0 -501.5 319.0 404.0 687.6357364048915 643.9862951878135 0.0 1.0
605.5 -500.0 332.0 403.0 690.5467182496268 642.1907816217856 0.0 1.0
604.0 -499.5 306.5 400.5 677.3381876737735 640.2347989830045 0.0 1.0
602.5 -502.0 307.5 400.5 676.4340063664981 642.1870881956792 0.0 1.0
606.5 -504.0 298.0 399.5 675.7569829011326 643.130839097887 0.0 1.0
589.5 -506.0 346.5 398.5 683.7928109248685 644.079456046645 0.0 1.0
548.5 -506.5 333.5 399.25 642.0387450815036 644.9363753119019 0.0 1.0
542.5 -506.5 332.5 398.75 636.4343678595511 644.6269084403175 0.0 1.0
508.25 -506.75 334.25 398.75 608.3119092379104 644.8234240834786 0.0 1.0
546.25 -506.5 360.75 398.5 654.6328996178844 644.4723388825115 0.0 1.0
571.5 -507.75 375.75 398.25 683.9642606831928 645.300803346496 0.0 1.0
551.5 -507.0 375.75 397.5 667.5224182523752 644.248199669916 0.0 1.0
516.75 -506.75 358.0 397.75 628.6750945540205 644.2055170601195 0.0 1.0
487.25 -506.0 349.75 397.5 599.834208169154 643.461148788332 0.0 1.0
465.0 -506.0 345.0 397.5 579.0092794807587 643.461148788332 0.0 1.0
494.25 -505.25 361.0 397.75 612.0775755422385 643.0261477939964 0.0 1.0
473.0 -505.75 360.0 398.5 594.4149714642148 643.8830399601759 0.0 1.0
524.0 -505.5 369.75 399.5 641.3271011475174 644.3062212694791 0.0 1.0
470.25 -505.5 350.75 400.25 586.6567964941615 644.7717184567559 0.0 1.0
469.5 -505.0 346.0 401.0 583.2207232355684 644.8458368667528 0.0 1.0
467.5 -504.5 350.75 402.5 584.458767818666 645.3888136466 0.0 1.0
470.75 -504.25 358.75 404.0 591.8854519793754 646.1301085739252 0.0 1.0
472.75 -504.25 362.75 404.75 595.8918405554489 646.5993725020314 0.0 1.0
470.0 -504.75 307.0 405.5 561.3848300748484 647.4589647358071 0.0 1.0
435.0 -505.25 323.0 406.25 542.5919898534269 648.3184005892606 0.0 1.0
458.0 -505.25 331.0 406.75 565.1438098974502 648.63173406896 0.0 1.0
448.75 -501.25 311.0 391.75 546.0301319230352 636.2452302574698 0.0 1.0
511.75 -493.75 304.25 368.25 595.369119990562 615.9522121030323 0.0 1.0
544.25 -493.25 310.0 367.5 626.370345015481 615.1033371278263 0.0 1.0
554.25 -492.0 306.0 367.0 633.1113379690082 613.8020853662848 0.0 1.0
584.0 -491.5 300.5 367.0 656.8973233833974 613.4014505132136 0.0 1.0
593.5 -498.5 305.5 381.0 667.5123290710029 627.4528882254926 0.0 1.0
582.25 -502.75 319.75 391.75 664.4413080057296 637.3583220553646 0.0 1.0
590.5 -502.0 327.5 392.5 675.2492755518379 637.2285696671172 0.0 1.0
594.75 -502.5 322.0 393.5 676.3242940534145 638.2385917507653 0.0 1.0
588.0 -503.0 299.0 393.5 659.7210868446193 638.6323277129025 0.0 1.0
584.0 -502.0 291.5 393.0 652.7554441491989 637.5367871754285 0.0 1.0
582.5 -505.0 347.0 399.5 679.4182870789825 643.9141276353614 0.0 1.0
596.5 -505.0 331.5 401.0 683.6539440966694 644.8457179822162 0.0 1.0
588.5 -504.0 290.5 402.0 656.3018907078593 644.6859700660469 0.0 1.0
590.5 -505.0 294.5 403.0 659.8641520704876 646.0914000869459 0.0 1.0
550.5 -506.0 376.5 405.5 666.9472995658023 648.4336897478415 0.0 1.0
527.0 -506.0 313.5 404.5 613.1977125322195 647.8093767712708 0.0 1.0
519.0 -490.5 310.0 370.5 604.5471012894968 614.7036609788149 0.0 0.0
519.5 -491.0 308.0 369.5 603.9886191903548 614.5008136691114 0.0 1.0
516.0 -491.0 307.5 370.0 600.6772313875517 614.8015940122472 0.0 1.0
482.0 -491.5 300.0 369.5 567.9530438207285 614.9007970061236 0.0 1.0
528.3214285714286 -491.0 281.3928571428571 368.5 600.5226722599458 613.9001628293008 0.0 1.0
538.75 -498.5 249.25 378.5 596.5106495280672 625.9137610133658 0.0 1.0
549.1785714285714 -502.5 217.10714285714283 385.0 592.4986267961885 633.0333787512084 0.0 1.0
551.0 -506.0 213.5 386.5 591.3004488934425 636.724750487917 0.0 1.0
546.5 -506.0 285.0 388.0 616.3534625340835 637.6362599476288 0.0 1.0
500.5 -507.0 306.5 390.5 587.9514040621311 639.952543775773 0.0 1.0
490.0 -506.5 309.5 390.5 579.7322404063326 639.5565598145554 0.0 1.0
486.5 -493.5 307.0 376.5 575.274681632266 620.7213473998172 0.0 1.0
551.5 -494.5 291.5 376.5 623.8032323155387 621.5164183340032 0.0 1.0
547.5 -496.0 289.0 373.0 619.0955616969795 620.6006442878895 0.0 1.0
546.5 -497.0 290.0 370.5 618.6863336505482 619.9027429333797 0.0 1.0
540.5 -497.0 308.5 368.0 622.5516223321587 618.4116839762894 0.0 1.0
532.5 -505.5 319.5 383.5 621.0049256639468 634.5350136618101 0.0 1.0
533.0 -506.0 317.5 394.0 620.4013994189262 641.304925620514 0.0 1.0
535.0 -504.5 313.5 396.0 620.0870861377306 641.3551314920223 0.0 1.0
532.0 -503.5 312.0 398.5 616.740195048726 642.1172761163834 0.0 1.0
531.5 -502.0 310.5 401.0 615.5506182366706 642.4991460047936 0.0 1.0
536.5 -498.5 313.0 402.0 621.1293887998529 640.395971579888 0.0 1.0
535.0 -487.0 313.0 382.0 619.839708027959 618.945570377959 0.0 1.0
548.0 -486.5 365.0 378.5 660.2989582148771 616.3967815662286 0.0 1.0
564.0 -487.0 331.0 375.0 654.3142982290208 614.6498935973151 0.0 1.0
571.0 -488.5 346.5 370.5 668.2168835323589 613.1098658462587 0.0 1.0
566.0 -476.5 347.0 352.5 664.3453970282903 592.7347739164886 0.0 1.0
573.0 -473.875 371.5 362.1875 682.910557890508 596.7116856145138 0.0 0.0
572.0 -482.375 328.5 392.4375 659.6844738761087 621.9691967314996 0.0 0.0
606.0 -474.5 374.5 357.0 712.383795368371 593.8547659210792 0.0 0.0
588.5 -492.5 305.0 395.5 662.8416606319541 631.6625847740095 0.0 1.0
559.5 -493.0 315.5 397.5 642.3362550985235 633.2904510096888 0.0 1.0
498.0 -493.0 284.0 398.0 573.2944570835325 633.603762386589 0.0 1.0
514.5 -495.0 294.5 394.0 592.8310476897195 632.6626495497715 0.0 1.0
516.5 -496.5 295.0 394.0 594.82266432857 633.8362143332718 0.0 1.0
512.0 -498.5 290.5 392.0 588.6719274316047 634.165912421467 0.0 1.0
519.5 -499.0 284.0 391.5 592.0613621397856 634.2501630747017 0.0 1.0
520.0 -500.5 307.5 396.0 604.2434777095467 638.2134468581029 0.0 1.0
508.5 -500.0 336.5 399.0 609.7793901834691 639.6885912440055 0.0 1.0
508.0 -487.0 333.5 406.5 607.6895187365349 634.4491245211673 0.0 1.0
508.5 -474.5 334.0 411.0 608.3822388945434 627.7510596056709 0.0 1.0
506.0 -473.5 332.5 411.5 605.4690161119718 627.3232818890114 0.0 1.0
524.0 -473.5 321.5 409.5 615.0732409345344 626.0131787750158 0.0 1.0
314.3181818181818 -472.5 209.9090909090909 406.5 411.47739967872656 623.296593658376 0.0 1.0
171.59090909090912 -471.5 225.54545454545453 403.5 432.89446224580536 620.5839991491885 0.0 1.0
28.863636363636374 -473.5 241.1818181818182 402.5 454.3115248128843 621.4567563394899 0.0 1.0
-113.86363636363632 -474.5 256.8181818181818 402.0 475.7285873799632 621.8958076224312 0.0 1.0
-256.59090909090907 -474.5 272.4545454545455 402.5 497.14564994704205 622.2190128885487 0.0 1.0
-399.3181818181818 -490.0 288.0909090909091 403.5 518.5627125141209 634.7618793470031 0.0 1.0
-523.0 -500.0 307.5 406.5 607.2009943386347 644.3929771367846 0.0 1.0
-608.0 -502.0 251.5 407.5 657.964297709798 646.5758650782301 1.0 1.0
-593.5 -502.0 284.5 408.0 659.0468455399996 646.8910263715211 1.0 1.0
-584.5 -501.5 257.5357142857143 406.5 638.7268706281964 645.5575109934048 1.0 1.0
-586.5 -502.0 261.67857142857144 405.0 642.2480632977522 645.0031007677405 0.0 1.0
-588.5 -502.0 265.82142857142856 404.5 645.769255967308 644.6893425661765 0.0 1.0
-590.5 -501.5 269.9642857142857 403.5 649.2904486368641 643.672665257738 0.0 1.0
-583.0 -501.5 276.0 403.0 645.0310070066399 643.3593474878561 1.0 1.0
-583.5 -501.5 290.0 403.5 651.6125318365664 643.672665257738 1.0 1.0
-581.0 -501.5 299.5 403.5 653.6597741264115 643.672665257738 1.0 1.0
-569.5 -501.5 296.0 404.5 641.8304975091112 644.30000776036 1.0 1.0
-542.0 -502.0 281.0 405.0 610.512144020778 645.0031007677405 1.0 1.0
-629.5 -502.5 304.0 406.5 699.235180823257 646.334665633834 1.0 1.0
-685.0 -503.0 315.0 407.0 754.1632334036078 647.0378702234555 0.0 1.0
-468.57142857142856 -502.0 310.5357142857143 406.5 579.2984784160744 645.9461285528425 0.0 1.0
-280.8571428571429 -502.5 254.67857142857144 405.5 459.96863886145474 645.7062025410628 0.0 1.0
-93.14285714285711 -495.5 198.82142857142856 395.0 340.638799306835 633.6833969612592 0.0 1.0
94.57142857142856 -487.0 142.96428571428572 375.5 221.30895975221523 614.954865661584 0.0 1.0
141.0 -486.5 230.0 373.0 271.44495135813224 613.0345891118982 0.0 1.0
104.5 -486.5 303.5 372.5 321.00121525674183 612.7303648424811 0.0 1.0
111.0 -487.0 319.5 372.5 338.23269756295326 613.1274337362503 0.0 1.0
115.5 -488.0 317.5 372.0 337.8570454073068 613.6189029995943 0.0 1.0
58.0 -486.5 349.5 365.5 357.08434396125983 608.5053244560178 0.0 1.0
97.5 -499.3 358.0 258.5 371.7979837258631 565.231645203532 0.0 0.0
119.5 -574.5 344.0 402.5 364.5861617376245 708.0968482478844 0.0 0.0
134.0 -649.7 334.0 546.5 359.91800688109424 850.9620512922368 0.0 0.0
150.5 -481.5 362.5 354.5 392.7720278658602 597.9410317413253 0.0 0.0
133.5 -496.0 340.5 394.5 365.8547482197879 633.7567748057704 0.0 1.0
123.0 -499.5 380.5 406.5 399.9237648421372 644.0101755124848 0.0 1.0
130.5 -496.5 347.5 409.5 371.21492779787457 643.5860435338758 0.0 1.0
136.0 -497.5 374.0 410.0 397.96296036822025 644.6753842961432 0.0 1.0
163.25 -500.5 451.4 412.0 480.0357819477331 648.263186381302 0.0 1.0
168.25 -504.0 447.0 412.0 477.67949491430727 650.9692014812796 0.0 1.0
173.25 -502.5 442.6 411.5 475.32320788088134 649.490954517459 0.0 1.0
190.5 -502.5 498.0 410.0 533.6266365945745 648.5417489142351 0.0 1.0
148.5 -502.0 550.5 409.0 576.2181489885415 647.5222003916159 0.0 1.0
160.0 -499.5 444.0 408.0 472.31787640288303 644.9529828189768 0.0 1.0
156.5 -500.0 463.0 408.5 488.7347543979335 645.6565649988099 0.0 1.0
113.5 -499.5 479.5 409.5 492.7504049532256 645.9028564730148 0.0 1.0
182.0 -499.5 503.0 410.0 537.2409180901138 646.2200858573785 0.0 1.0
160.0 -499.5 509.5 409.5 535.4349515985523 645.9028564730148 0.0 1.0
265.0 -500.5 501.5 410.5 567.6629451190089 647.3102038435668 0.0 1.0
313.0 -500.5 513.5 410.5 601.4402134089421 647.3102038435668 0.0 1.0
327.5 -500.0 528.0 410.0 621.3802414888721 646.6065264130884 0.0 1.0
333.5 -500.0 546.5 413.0 640.2276417412388 648.5129142892993 0.0 1.0
328.0 -499.0 542.5 413.5 633.9481671408057 648.0612611635015 0.0 1.0
331.0 -499.0 529.5 415.0 624.456098226949 649.019260114829 0.0 1.0
356.83333333333337 -500.0 445.54166666666663 415.5 574.863015325109 650.1079893986389 0.0 1.0
406.16666666666663 -500.5 379.70833333333337 415.0 569.1061923809958 650.1733244712657 0.0 1.0
455.5 -485.5 313.875 395.5 563.3493694368826 626.2332521018576 0.0 1.0
495.0 -486.0 281.0 386.0 569.3488021252301 620.6388750238909 0.0 1.0
469.5 -486.0 317.5 384.5 567.1188100329155 619.7065837959123 0.0 1.0
491.5 -485.0 308.5 385.5 580.2977868412343 619.5443890473063 0.0 1.0
494.5 -484.0 322.5 385.5 590.4845243373841 618.76186857304 0.0 1.0
532.875 -484.0 315.375 385.0 619.206993854594 618.4504830623063 0.0 1.0
537.5 -498.0 301.0 410.0 616.2025314640555 645.0616993862188 0.0 1.0
485.0 -497.5 279.0 410.0 560.0777207561896 644.6753842961432 0.0 1.0
514.0 -495.0 284.0 410.0 587.7930851346745 642.7480066091221 0.0 1.0
500.5 -495.0 338.5 410.0 604.2582660331076 642.7480066091221 0.0 1.0
518.0 -495.5 297.5 410.0 598.0555460367219 643.1332664364186 0.0 1.0
495.5 -496.0 318.5 410.0 589.0401318823072 643.5184535038603 0.0 1.0
517.5 -495.0 296.5 409.0 597.0747524557987 642.110698065302 0.0 1.0
488.5 -495.0 276.0 409.0 561.6729371913135 642.1106613584326 0.0 1.0
513.5 -495.0 306.5 408.5 598.5147370157182 641.7922171544308 0.0 1.0
558.0 -545.5 313.0 396.5 639.7933879116028 674.5391316657866 0.0 0.0
546.0 -556.0 318.5 383.5 632.2072349223556 675.4320242667804 0.0 1.0
530.0 -556.5 324.5 382.5 621.4542063772651 675.2769679185562 0.0 1.0
531.0 -557.0 327.5 382.0 623.8750300403813 675.4058631459181 0.0 1.0
526.0 -558.0 326.5 381.5 619.1001317687717 675.9484077945594 0.0 1.0
478.0 -558.0 349.5 380.5 594.1447229858231 675.3845201068796 0.0 1.0
521.625 -559.0 328.0 379.5 616.1791624921941 675.6488206692893 0.0 1.0
519.5 -560.0 327.5 380.5 614.114412932041 677.0378497543546 0.0 1.0
515.5 -560.0 325.0 382.0 609.3974483044707 677.881995630508 0.0 1.0
515.0 -503.5 322.0 386.0 607.3788152732259 634.4690354764844 0.0 0.0
511.5 -488.5 322.0 383.5 604.4139723732402 621.0511251096805 0.0 1.0
509.5 -489.5 322.0 382.0 602.7223656045958 620.914043970661 0.0 1.0
509.0 -489.0 322.5 383.0 602.5672360400893 621.1360559490972 0.0 1.0
465.0 -489.0 309.0 384.0 558.6296394672328 621.7531664575581 0.0 1.0
477.15999999999997 -490.0 294.75 383.0 564.0854147285996 621.9236287519553 0.0 1.0
431.8 -489.0 283.75 381.5 532.5861700834872 620.2123873394884 0.0 1.0
386.44 -489.5 272.75 381.5 501.0869254383748 620.6065581348621 0.0 1.0
341.08000000000004 -488.5 261.75 381.5 469.5876807932624 619.8185158170246 0.0 1.0
295.72 -546.5 250.75 385.5 438.08843614815 668.802644544367 0.0 0.0
250.36 -557.5 239.75 387.0 406.58919150303757 678.6573024883032 0.0 1.0
205.00000000000003 -559.0 228.75 387.5 375.08994685792516 680.1744261584671 0.0 1.0
159.64000000000001 -559.5 217.75 387.5 343.59070221281274 680.5854097760251 0.0 1.0
114.28 -559.5 206.75 387.0 312.09145756770033 680.3008525645106 0.0 1.0
68.91999999999999 -559.5 195.75 385.0 280.5922129225879 679.1651124726593 0.0 1.0
23.560000000000002 -559.0 184.75 383.5 249.0929682774755 677.9035698386607 0.0 1.0
-21.799999999999983 -558.5 173.75 384.0 217.5937236323631 677.7745423425295 0.0 1.0
-67.15999999999997 -558.0 162.75 383.0 186.09447898725068 676.7961288305364 0.0 1.0
-89.0 -546.0 237.5 377.0 253.67713421458757 663.5148811296647 0.0 1.0
-96.5 -511.5 226.0 378.5 245.74107112959933 636.3261582878058 0.0 1.0
-86.0 -499.0 243.0 384.0 257.77493547366385 629.6488132810068 0.0 1.0
-79.0 -499.0 211.0 383.0 225.4938603701263 629.0389853109887 0.0 1.0
-28.6875 -499.0 204.125 386.0 237.49787248778415 630.873133239992 0.0 1.0
49.0625 -501.5 201.625 391.5 256.00439872433367 636.2339424340773 0.0 1.0
126.8125 -504.0 199.125 402.0 274.51092496088324 644.6860885682681 0.0 1.0
204.5625 -504.0 196.625 404.0 293.0174511974328 645.9352840557693 0.0 1.0
-29.0 -505.0 221.0 405.0 228.7435672683264 647.3407139984322 0.0 1.0
-61.5 -505.5 231.5 406.5 239.5968628797874 648.6697927297062 0.0 1.0
-75.0 -505.5 242.0 406.0 253.37005576783528 648.3566518755064 0.0 1.0
-72.0 -505.0 234.0 405.5 244.82653822457263 647.653767068312 0.0 1.0
-74.2 -470.5 203.85 341.0 233.79343530716287 582.0310500482378 0.0 1.0
-231.00000000000003 -441.07142857142856 201.25 273.5 339.0732074048176 519.0543478426653 0.0 0.0
-387.8 -442.5 198.65 267.5 444.3529795024723 517.1732429011183 0.0 0.0
-447.25 -443.92857142857144 289.125 261.5 534.0339240131527 515.2921379595714 0.0 0.0
-447.0 -449.0 315.0 285.5 546.8422405651955 532.5331980671986 0.0 0.0
-437.0 -480.5 318.5 382.0 540.758842421829 613.8445717737591 0.0 0.0
-429.0 -490.0 299.0 388.0 523.2192972331309 625.0153227374223 0.0 1.0
-443.5 -491.0 283.0 390.0 526.100179168666 627.0419548609707 0.0 1.0
-444.375 -490.0 278.0 390.5 524.2729056460175 626.5702275084574 0.0 1.0
-464.0 -488.0 265.0 387.5 534.3499334888193 623.1374246504538 0.0 1.0
-479.0 -488.5 279.0 383.5 554.3303666344511 621.0512496348535 0.0 1.0
-476.5 -487.5 277.5 377.0 551.4151672603091 616.2671904296058 0.0 1.0
-476.0 -488.0 275.5 372.5 549.9785789170649 613.9220227357869 0.0 1.0
-472.5 -501.5 277.5 371.5 547.9621344120098 624.1421236596266 0.0 1.0
-391.5625 -506.5 246.84375 381.5 468.51437363889795 634.10479505486 0.0 1.0
-280.3125 -505.5 203.96875 389.0 358.6968960354674 637.8523927544036 0.0 1.0
-169.0625 -504.0 161.09375 394.5 248.87941843203677 640.0362528963451 0.0 1.0
-57.8125 -505.0 118.21875 399.5 139.06194082860623 643.9144858395889 0.0 1.0
31.875 -506.0 202.375 404.5 207.76473122273188 647.8092775728329 0.0 1.0
61.0 -507.0 259.0 409.5 266.1336661227284 651.7203397916587 0.0 1.0
58.5 -507.5 255.5 413.5 262.14831980641145 654.6285245501722 0.0 1.0
53.5 -508.5 260.0 417.5 265.4472831944132 657.9350308218322 0.0 1.0
39.0 -509.0 266.0 420.0 269.2538900671997 659.9098423269652 0.0 1.0
91.5 -510.0 258.875 422.0 313.28521389034074 661.9547933179413 0.0 1.0
367.5 -510.0 208.375 421.0 476.70316889395167 661.3177365553122 0.0 1.0
544.5 -502.5 246.5 417.5 603.2434705656171 653.3092528069765 0.0 1.0
549.0 -485.0 319.5 384.5 635.2470960726382 618.9227766975519 0.0 1.0
555.5 -483.0 325.5 384.5 643.842742945425 617.356668680395 0.0 1.0
561.5 -483.0 316.5 385.5 644.5702052067279 617.9800989646543 0.0 1.0
565.5 -483.0 308.0 385.5 643.9479183711506 617.9800989646543 0.0 1.0
562.0 -483.0 304.5 385.0 639.1903672630947 617.6681957167618 0.0 1.0
569.5 -488.5 298.5 388.5 642.9877503207483 624.1532415410077 0.0 1.0
565.0 -496.5 301.5 400.0 640.4165474454269 637.583208999465 0.0 1.0
553.5833333333333 -496.5 257.45833333333337 397.5 610.6076223953839 636.017693195094 0.0 1.0
541.9166666666667 -497.0 265.29166666666663 394.0 603.6381854643057 634.2278770284385 0.0 1.0
530.25 -498.0 273.125 392.0 596.6687485332272 633.7729054174004 0.0 1.0
527.5 -497.0 280.0 391.5 597.2101594407154 632.6786493008005 0.0 1.0
560.875 -490.0 293.375 396.0 632.9697294075486 630.0130906851044 0.0 1.0
550.0 -489.0 289.0 397.5 621.3058832070931 630.1804507692719 0.0 1.0
502.5 -488.5 281.0 400.0 575.9801736274296 631.3734233058333 0.0 1.0
460.5 -488.0 305.5 401.0 552.6862484971643 631.6210487575927 0.0 1.0
467.0 -488.5 313.5 404.0 562.4778710274263 633.91540883455 0.0 1.0
464.5 -476.5 309.0 409.5 557.8962399070705 628.2857607466614 0.0 1.0
458.0 -475.0 285.0 411.5 539.5604139559381 628.4563287802496 0.0 1.0
461.5 -473.5 296.0 412.0 548.2769782553496 627.6514619757672 0.0 1.0
467.5 -472.5 317.5 412.0 565.1471049746813 626.897406263269 0.0 1.0
450.0 -470.5 340.0 411.0 565.2587853635274 624.7330295429617 0.0 1.0
499.5 -470.0 326.5 410.0 601.7402564650049 623.698645180507 0.0 1.0
444.5 -470.0 367.0 409.0 576.429609934666 623.0417321496209 0.0 1.0
441.5 -470.0 365.0 408.5 572.8474945860594 622.7137323169529 0.0 1.0
489.5 -469.0 309.5 409.0 579.1471960628828 622.2877148072264 0.0 1.0
481.5 -477.0 308.0 409.0 571.739534933575 628.3695122802678 0.0 1.0
494.0 -496.0 295.5 413.0 577.480673208385 645.4341183920621 0.0 1.0
537.0 -500.0 306.0 417.0 618.0729875545715 651.0676635771242 0.0 1.0
540.125 -503.5 307.875 419.5 621.7115699338335 655.3568512154513 0.0 1.0
549.0 -508.0 316.0 420.0 633.4617449972598 659.1388321135389 0.0 1.0
549.0 -512.5 318.0 418.5 634.448579476698 661.663509658106 0.0 1.0
546.0 -492.5 319.0 391.5 632.358654392036 629.1566964462156 0.0 1.0
546.0 -513.875 318.5 340.5 632.1062271354851 616.5613078945146 0.0 0.0
523.5 -509.375 318.0 316.5 612.5910449866581 599.9460923269828 0.0 0.0
529.0 -500.0 315.5 310.0 616.083361485496 588.4448386184368 0.0 0.0
502.5 -503.5 337.0 353.0 605.0466576563168 614.9160390041056 0.0 0.0
504.0 -512.5 341.5 363.5 608.8041831694617 628.3272095138166 0.0 1.0
512.0 -509.25 342.5 367.75 615.9988375375212 628.1546287271664 0.0 1.0
516.0 -504.0 349.5 372.5 623.2371235143584 626.7162379762669 0.0 1.0
515.75 -498.75 352.0 368.25 624.4225066858107 619.9688590563999 0.0 1.0
514.25 -499.5 348.0 369.5 620.9405191740066 621.3140480652496 0.0 1.0
515.0 -500.25 348.0 369.5 621.5566819202422 621.9168039682097 0.0 1.0
517.5 -502.0 353.0 370.75 626.4311330674552 624.0670772752642 0.0 1.0
515.0 -505.5 354.75 375.25 625.3579813894089 629.5599697250377 0.0 1.0
486.25 -517.5 340.75 403.5 593.8371988659266 656.2200452624163 0.0 1.0
510.5 -522.0 321.0 399.25 603.7486080013102 657.1807672350325 0.0 1.0
545.0 -526.5 305.5 397.25 624.7844273242465 659.554030118589 0.0 1.0
515.75 -532.0 327.0 396.0 611.6267099661775 663.2057996912035 0.0 1.0
536.25 -537.5 307.75 396.75 618.3298281816492 668.0696385387788 0.0 1.0
479.25 -541.5 345.25 395.0 592.4090531774909 670.2618144010105 0.0 1.0
528.5 -512.0416666666667 318.25 350.125 616.9246091012976 620.5236555710097 0.0 0.0
529.0 -512.2083333333333 316.75 326.625 616.5805774638961 608.208528034462 0.0 0.0
529.25 -512.375 319.0 303.125 617.9535638684179 595.8934004979143 0.0 0.0
493.5 -527.25 327.25 275.75 592.7315402206505 595.2059860048724 0.0 0.0
531.75 -544.75 318.75 332.25 619.9675874072916 638.1620639713824 0.0 0.0
437.25 -547.5 303.5 359.0 532.2591594194664 654.7046540692057 0.0 1.0
438.0 -544.5 304.5 358.75 533.446093192681 652.0597588155599 0.0 1.0
489.25 -544.25 297.75 358.25 572.7354595132675 651.5759701730683 0.0 1.0
454.0 -520.75 283.5 345.0 535.336915347146 624.6643598819828 0.0 1.0
456.0 -523.5 286.0 347.75 538.2690914332529 628.4764934203398 0.0 1.0
472.25 -522.5 292.25 346.75 555.3978657519291 627.0899902648173 0.0 1.0
474.0 -529.0 295.75 348.75 558.6991102876482 633.6169584457912 0.0 1.0
476.25 -591.625 303.5 347.75 564.7387936905909 686.2637096572823 0.0 0.0
482.0 -589.0 306.0 353.0 570.9290787495083 686.6811946578555 0.0 1.0
485.75 -595.0 306.875 357.0 574.5653565974906 693.8833231722001 0.0 1.0
488.5 -596.5 312.0 355.0 579.6428834294675 694.146027461502 0.0 1.0
484.0 -597.0 308.5 352.0 573.9774447110838 693.0462646685862 0.0 1.0
495.5 -596.5 325.5 350.5 593.1032730345764 691.854392195352 0.0 1.0
498.5 -594.0 347.0 349.0 607.484999223158 688.9390393931817 0.0 1.0
497.0 -558.5 346.5 355.5 605.9468877057359 662.4471511307804 0.0 1.0
500.0 -516.0 348.5 346.0 609.5322007582445 621.2699345140732 0.0 1.0
497.0 -511.0 342.5 347.0 603.6111289210776 617.6812113856236 0.0 1.0
497.0 -508.5 350.5 348.0 608.1946829765718 616.178748416399 0.0 1.0
496.5 -508.0 343.5 349.0 603.7420939899575 616.3320288929667 0.0 1.0
480.5 -528.5 303.0 386.5 568.4438780568369 654.749849195844 0.0 0.0
538.0 -531.5 268.5 385.5 601.3189702410368 656.5840282708516 0.0 1.0
513.0 -529.5 295.0 385.5 592.5432049740094 654.9660388787186 0.0 1.0
480.0 -530.0 293.0 386.5 562.3769505809373 655.9590307328652 0.0 1.0
481.5 -529.0 287.0 386.5 560.5526952322962 655.1513183990397 0.0 1.0
480.0 -542.5 283.0 376.5 557.2156296671355 660.5592642677578 0.0 1.0
481.0 -578.0 283.5 368.0 558.3307991520796 685.2070574376241 0.0 1.0
483.5 -579.5 283.5 369.5 560.4859944184063 687.2776529621185 0.0 1.0
505.5 -581.5 296.0 370.0 585.9786379494208 689.2330882945189 0.0 1.0
528.0 -582.5 304.5 372.5 609.5356868536976 691.4206389745681 0.0 1.0
527.75 -584.0 297.58333333333337 374.0 605.8678954593072 693.4926099101561 0.0 1.0
538.75 -584.5 303.91666666666663 375.5 618.5603501262347 694.7233262241883 0.0 1.0
533.0 -522.0 300.5 373.5 611.8735866960867 641.8809638362949 0.0 0.0
533.0 -515.5 307.0 364.5 615.0920060823743 631.3484246573953 0.0 1.0
510.5 -514.5 300.0 366.0 592.1607063964536 631.4002961692615 0.0 1.0
524.0 -511.0 290.0 366.5 599.176155882026 628.8427863941829 0.0 1.0
527.0 -502.5 309.0 368.0 611.8650469605572 622.8405392020156 0.0 1.0
514.5 -515.5 282.5 396.5 587.1976195872891 650.3480552177509 0.0 1.0
521.5 -507.0 274.5 403.5 589.748558541466 647.9674854684041 0.0 1.0
485.0 -503.5 279.0 407.5 559.5235110743424 647.7411511898063 0.0 1.0
481.5 -503.5 295.0 408.0 564.6836570438008 648.0558225117287 0.0 1.0
471.0 -506.5 300.0 405.5 558.4449531909678 648.8240113074423 0.0 1.0
477.0 -508.5 394.5 401.0 619.2557861289315 647.5903411880075 0.0 1.0
452.5 -511.5 353.5 396.0 577.7063497299396 646.8757608691177 0.0 1.0
302.0 -513.5 282.5 390.5 413.56647839900916 645.1147114365259 0.0 1.0
331.0 -516.0 267.0 388.0 425.51411264151693 645.60056559574 0.0 1.0
310.5 -517.5 259.5 388.0 404.6610962389645 646.8000077303649 0.0 1.0
300.5 -517.5 255.5 389.0 394.44609313555674 647.4005018073846 0.0 1.0
246.45833333333334 -517.0 238.125 391.5 357.88563803578427 648.5070615562377 0.0 1.0
114.29166666666667 -515.0 222.625 397.0 310.59486623737575 650.2647512162314 0.0 1.0
-17.87499999999997 -512.5 207.125 404.0 263.3040944389672 652.5898012844625 0.0 1.0
-91.5 -511.0 203.0 406.0 224.22014966005054 652.6553256637271 0.0 1.0
-59.5 -507.5 231.5 396.0 239.02607517306456 643.7210654692252 0.0 1.0
-63.5 -503.0 233.5 382.5 242.0250796671 631.9144590905778 0.0 1.0
-41.79166666666667 -504.0 193.35416666666669 378.0 221.00443192247246 630.0 0.0 1.0
71.04166666666666 -505.0 212.77083333333331 376.5 300.7112744441956 629.9025718315492 0.0 1.0
183.875 -501.0 232.1875 372.5 380.41811696591867 624.3054514912537 0.0 1.0
296.7083333333333 -472.8 251.60416666666669 307.3 460.12495948764183 564.4112369398306 0.0 0.0
409.54166666666663 -484.0 271.02083333333337 276.5 539.8318020093649 558.8725863139055 0.0 0.0
522.375 -495.2 290.4375 245.7 619.538644531088 553.3339356879801 0.0 0.0
607.5 -480.5 306.0 327.5 680.2151839334183 581.5122873820977 0.0 0.0
413.5 -518.0 338.5 386.0 537.3819375153718 646.004628462375 0.0 0.0
478.0 -518.0 319.5 387.5 574.9701638349488 646.9017986589113 0.0 1.0
464.0 -515.0 311.0 387.5 558.5877137002838 644.5007757947232 0.0 1.0
483.5 -517.5 324.5 397.5 582.3478592991316 652.5473352290621 0.0 1.0
549.0 -508.0 389.0 414.0 672.99023414658 655.3320915580894 0.0 1.0
555.0 -506.0 347.0 416.0 654.5770709932888 655.0512569052689 0.0 1.0
556.0 -505.0 328.5 414.5 645.8154750240319 653.3264110456025 0.0 1.0
555.0 -505.0 363.0 405.5 663.2586436147229 647.653725382859 0.0 1.0
556.5 -506.0 328.0 397.0 645.9695958158171 643.1527756445853 0.0 1.0
555.0 -506.0 324.5 390.0 642.9043437688126 638.8556110402876 0.0 1.0
607.5 -506.5 311.5 384.0 683.3406794082164 635.6095166721424 0.0 1.0
553.0 -508.5 328.5 383.0 643.2117240260012 636.6022770118901 0.0 1.0
539.5 -511.5 329.5 387.0 632.3723999728779 641.4057538029633 0.0 1.0
543.5 -514.0 298.5 393.0 620.5137649960257 647.0278201128604 0.0 1.0
517.0 -515.5 282.5 400.5 589.6719115433209 652.7948556769458 0.0 1.0
614.125 -518.0 275.375 406.0 673.1927455880514 658.1499781820521 0.0 1.0
604.5 -519.5 283.0 411.0 667.4683454552563 662.4234141219531 0.0 1.0
602.5 -492.5 279.0 352.0 663.9636125448383 606.9324782907258 0.0 0.0
597.5 -508.75 280.0 299.0 659.8533221521459 590.3021833890205 0.0 0.0
597.0 -517.0833333333333 283.0 290.33333333333337 660.6800628810342 593.2668929712197 0.0 0.0
594.5 -525.4166666666667 285.0 281.66666666666663 659.2844833332254 596.2316025534191 0.0 0.0
597.0 -530.5 285.5 408.0 661.7548288205592 669.2492453944535 0.0 0.0
586.0 -508.0 298.5 429.0 657.7485916331817 664.9164844383399 0.0 1.0
378.8863636363636 -501.0 262.75 430.5 503.0075926668121 660.5584550368696 0.0 1.0
202.4318181818182 -505.0 259.75 418.5 521.6037406921397 655.8801740704484 0.0 1.0
25.97727272727269 -508.5 256.75 411.0 540.1998887174673 653.8307203939698 0.0 1.0
-150.47727272727275 -509.0 253.75 413.5 558.7960367427949 655.792986555808 0.0 1.0
-326.93181818181824 -506.0 250.75 426.0 577.3921847681224 661.4478941861289 0.0 1.0
-503.3863636363637 -502.5 247.75 435.5 595.98833279345 664.9564429844588 0.0 1.0
-545.5 -505.0 252.0 431.5 600.8945457575517 664.2419404849595 1.0 1.0
-557.0 -509.5 287.0 424.5 627.4369573230185 663.167022702426 1.0 1.0
-653.8333333333333 -507.0 442.16666666666663 424.5 789.9608172647012 661.2485054207627 0.0 1.0
-615.1666666666667 -506.5 374.83333333333337 432.0 722.6362877732045 665.7088233424395 0.0 1.0
-576.5 -515.5 307.5 430.0 655.3117582817076 671.300003828429 0.0 1.0
-549.0 -518.0 257.5 424.0 606.3887234787579 669.4027188471824 1.0 1.0
-549.8 -517.5 282.0 418.5 607.0114061863036 665.5452485544263 1.0 1.0
-549.0 -514.0 291.1875 407.0 607.5735603389785 655.6263395955765 0.0 1.0
-548.2 -501.0 269.4375 379.5 608.1357144916533 628.5074385581811 0.0 1.0
-586.5 -501.0 269.0 367.0 645.3831396061964 621.0449261017601 0.0 1.0
-733.0 -504.0 282.5 363.0 785.6958079051748 621.1164612533378 1.0 1.0
-649.5 -505.5 271.5 367.0 703.9632175576326 624.6753847324449 1.0 1.0
-631.5 -506.5 268.0 372.0 686.0153589832694 628.4333813834446 1.0 1.0
-595.5 -506.5 257.0 372.0 648.5916640927362 628.4327422981902 1.0 1.0
-592.0 -513.5 252.5 381.5 643.5996645893492 639.7136289440336 1.0 1.0
-598.0 -524.5 250.0 396.5 648.1921939026814 657.5048738119643 1.0 1.0
-626.5 -531.0 252.0 410.5 675.4733733631803 671.171556353795 1.0 1.0
-559.0 -532.5 269.0 416.5 620.3613322917283 676.0391946029583 1.0 1.0
-569.0 -535.0 282.5 425.0 635.2694310368724 683.3207142385681 1.0 1.0
-567.0 -532.5 279.5 427.0 632.1465802113648 682.5582348982184 1.0 1.0
-563.0 -526.5 276.0 413.5 627.0183586763258 669.4662606197544 1.0 1.0
-557.0 -515.0 274.0 403.0 620.7455613711954 653.9373201857323 1.0 1.0
-557.5 -507.0 272.0 408.0 620.3161505094229 650.779057426615 1.0 1.0
-556.5 -505.0 268.5 414.0 617.8896600506458 653.0093027781718 1.0 1.0
-559.5 -502.5 270.0 412.0 621.2409333119964 649.8082372137471 1.0 1.0
-679.5 -499.5 272.0 407.5 732.6572554776267 644.6367351989531 1.0 1.0
-752.1428571428571 -494.5 284.07142857142856 400.0 804.6827297114367 636.0270032633503 0.0 1.0
-681.0 -496.5 279.5 391.5 737.2332487137214 632.2851468240796 0.0 1.0
-609.8571428571429 -496.0 274.92857142857144 377.5 669.7837677160062 623.3161665877344 0.0 1.0
-590.0 -496.5 298.0 371.0 661.0426697386309 619.8009761205608 0.0 1.0
-746.0 -495.0 241.5 373.0 784.6197875168846 619.8015811531945 0.0 1.0
-636.0 -496.5 225.0 387.0 674.6346325339318 629.5317478554136 0.0 1.0
-564.0 -497.0 216.0 408.0 604.2169712507165 643.019586382853 0.0 1.0
-511.125 -490.0 239.5 408.0 554.6081674267933 637.6254141074303 0.0 1.0
-655.5 -488.5 226.0 407.0 693.3673347936617 635.8320804131617 0.0 1.0
-660.8333333333333 -489.0 226.5 403.5 698.5826213563562 633.982058105748 0.0 1.0
-694.1666666666667 -489.5 230.5 402.5 731.4453810967602 633.732202678379 0.0 1.0
-723.5 -483.5 231.5 395.5 759.6397542306676 624.6539081456706 0.0 1.0
-675.0 -479.5 279.0 394.5 734.6863117967348 620.9272106409483 0.0 1.0
-585.6346153846154 -479.0 350.46153846153845 392.0 682.5358373495637 618.9547680883093 0.0 1.0
-584.1730769230769 -478.0 342.3076923076923 387.5 677.2750118588499 615.337589573239 0.0 1.0
-582.7115384615385 -489.5 334.1538461538462 411.5 672.014186368136 639.4953989318583 0.0 1.0
-581.25 -488.5 326.0 417.0 666.7533608774222 642.2781718227702 0.0 1.0
-579.7884615384615 -490.0 317.8461538461538 417.5 661.4925353867084 643.7443179004001 0.0 1.0
-578.3269230769231 -490.5 309.69230769230774 417.0 656.2317098959945 643.8006290770459 0.0 1.0
-576.8653846153846 -490.0 301.53846153846155 415.0 650.9708844052807 642.1253798212167 0.0 1.0
-573.0 -491.0 326.0 411.0 659.2465230439755 640.3149093961742 1.0 1.0
-567.0 -493.5 341.5 409.0 661.9001804932759 640.9550310249911 1.0 1.0
-593.5 -497.0 349.0 410.0 688.5080349823071 644.289534726777 1.0 1.0
-594.5 -498.5 339.5 411.0 684.6098128811748 646.0830055031629 1.0 1.0
-595.0 -500.0 325.0 412.5 677.9762110880217 648.1946081232086 1.0 1.0
-576.0 -500.5 311.0 412.0 654.5986326485115 648.2624854177511 1.0 1.0
-593.5 -501.0 287.625 408.5 660.610860735469 646.4311641621249 0.0 1.0
-633.5 -501.5 263.125 405.5 686.4599752960403 644.9282948819713 0.0 1.0
-628.0 -495.0 246.0 393.0 674.6995374533948 632.0405026616925 0.0 1.0
-662.125 -497.0 229.875 393.0 701.3871563665986 633.6072551825682 0.0 1.0
-666.0 -497.0 207.0 394.5 697.4475828351285 634.538732756887 0.0 1.0
-662.0 -497.0 212.0 394.5 695.1183934480783 634.5386119063205 0.0 1.0
-678.0 -497.0 206.5 393.0 708.7562068277225 633.6072551825682 0.0 1.0
-702.875 -498.0 205.625 391.0 732.3356139548762 633.1549215321246 0.0 1.0
-643.5 -497.0 229.0 391.0 684.4708669228091 632.368638989115 0.0 1.0
-647.5 -494.5 232.5 393.5 689.2869432999289 631.9592600679655 0.0 1.0
-712.5 -493.5 215.0 396.0 744.2323825016664 632.7386948307311 0.0 1.0
-693.2272727272727 -491.5 233.90909090909093 396.5 734.1633966637878 631.4939836949286 0.0 1.0
-668.8636363636364 -490.0 258.4545454545455 395.5 721.8219730592511 629.6986591850452 0.0 1.0
-644.5 -493.5 283.0 405.0 709.4805494547146 638.4280328507232 0.0 1.0
-620.1363636363636 -493.5 307.5454545454545 414.5 697.1391258501781 644.4785515533849 0.0 1.0
-595.7727272727273 -493.0 332.0909090909091 414.0 684.7977022456414 643.774142546256 0.0 1.0
-584.5 -493.5 350.5 412.5 681.5449073360923 643.1939862629692 0.0 1.0
-682.5 -493.0 252.5 412.5 729.7883905734511 642.8104338922367 0.0 1.0
-689.625 -491.0 191.75 410.5 715.7911159221676 639.9931671161185 0.0 1.0
-691.4642857142858 -488.0 192.64285714285714 403.0 717.806390668314 632.8953520587497 0.0 1.0
-692.75 -486.0 195.5 391.5 719.8197419499473 624.0740353631538 0.0 1.0
-694.0357142857142 -486.5 198.35714285714286 389.0 721.8330932315807 622.899068870712 0.0 1.0
-695.0 -487.5 200.0 388.0 723.2048332806298 623.0571803614818 0.0 1.0
-695.0 -486.5 198.0 385.5 722.6542957959771 620.7197381918922 0.0 1.0
-689.5 -486.0 197.0 381.5 717.0909852575127 617.8497756862207 0.0 1.0
-679.9375 -485.5 192.625 383.5 706.6994636489102 618.6941894021634 0.0 1.0
-683.6875 -485.0 197.125 393.0 711.5455114271489 624.2387363821633 0.0 1.0
-685.0 -484.0 200.5 399.5 713.7404483107729 627.5796762164945 0.0 1.0
-688.5 -484.0 200.5 398.0 717.100185396018 626.6260042057646 0.0 1.0
-696.0 -484.0 201.0 393.0 724.4429406779155 623.4621079103364 0.0 1.0
-692.5 -485.5 198.0 392.5 720.2543748739201 624.3128266723015 0.0 1.0
-692.0 -486.0 196.5 391.5 719.3582727797057 624.0740353631538 0.0 1.0
-693.0 -486.5 201.0 387.5 721.5608216909487 621.9675549191425 0.0 1.0
-691.5 -486.0 207.0 383.0 721.8180314733838 618.7771442298754 0.0 1.0
-691.5 -488.5 208.5 387.0 722.249769238992 623.2194760534376 0.0 1.0
-694.5 -490.0 207.0 400.0 724.6925772970417 632.5356513493766 0.0 1.0
-626.5 -493.5 258.5 404.0 681.5086148228022 637.7764880741033 0.0 1.0
-611.0 -495.0 309.5 407.5 685.5887631969267 641.1561822208376 1.0 1.0
-598.5 -498.0 266.75 413.0 655.254182287139 646.9723355794442 1.0 1.0
-614.0 -498.5 309.66666666666663 418.0 692.891238632679 650.5588652553172 0.0 1.0
-664.0 -498.0 472.3333333333333 420.0 828.8135770259188 651.4630487682787 0.0 1.0
-714.0 -488.0 635.0 402.5 964.7359154191586 632.5760243426009 0.0 1.0
-677.375 -489.0 719.25 398.0 989.4582783027523 630.4959156243041 0.0 1.0
-400.0 -488.0 583.0 396.0 707.7712281707231 628.4585103733758 0.0 1.0
-392.41666666666663 -488.0 582.875 395.0 689.5255170169979 627.8288026887569 0.0 1.0
-562.0833333333333 -488.5 598.375 395.0 741.3652179077053 628.2176383740557 0.0 1.0
-471.5 -488.0 614.5 394.0 774.6849917090444 627.2002482021142 0.0 1.0
-347.25 -487.5 634.75 393.5 739.7160351611615 626.4971279854556 0.0 1.0
-210.0 -487.5 733.75 392.0 794.9486564838396 625.5559527332467 0.0 1.0
-262.0 -487.5 702.0 391.0 753.6265707776329 624.9297960571251 0.0 1.0
-294.5 -488.0 620.5 390.5 686.9664556768005 625.007478028453 0.0 1.0
-76.5 -496.5 635.0 402.5 640.8183786449773 639.1553305836378 0.0 1.0
40.0 -494.5 685.0 406.5 690.0128919161573 640.1349656770712 0.0 1.0
104.0 -495.0 699.5 407.5 707.1901055794374 641.156185851912 0.0 1.0
96.0 -494.0 699.0 406.0 705.5624901706615 639.431000761602 0.0 1.0
101.5 -494.5 694.0 407.5 701.3849894300022 640.7702396335211 0.0 1.0
111.0 -492.5 692.0 407.0 700.8544376156804 638.9094223753474 0.0 1.0
196.5 -489.0 677.5 402.5 706.999124278711 633.3460781146989 0.0 1.0
223.5 -491.0 596.0 404.0 636.5284969291556 635.8436135763586 0.0 1.0
173.0 -492.5 577.5 405.0 604.1899180037258 637.637240129527 0.0 1.0
142.0 -492.5 486.32142857142856 403.0 513.727864007081 636.3692709082566 0.0 1.0
166.0 -484.0 396.75 388.5 442.40534322649427 620.6659487871793 0.0 1.0
190.0 -500.70000000000005 307.17857142857144 364.79999999999995 371.0828224459075 620.4555873385634 0.0 0.0
180.5 -522.3 264.0 343.20000000000005 321.8545043181746 625.9146394354758 0.0 0.0
151.5 -538.5 359.0 343.0 389.6582383122709 638.6026912269731 0.0 1.0
183.0 -497.0 374.0 382.0 417.318590320653 626.8887249120123 0.0 1.0
159.0 -503.0 365.0 388.0 398.1687418300551 635.2642107780173 0.0 1.0
151.5 -555.5 392.5 392.0 420.7810434474917 679.8879851235472 0.0 1.0
187.5 -577.5 401.5 389.0 443.1790140008733 696.2953886980274 0.0 1.0
179.5 -602.5 388.5 384.5 428.1072232355896 714.7359096460114 0.0 1.0
160.0 -611.5 368.5 386.5 401.76222508921717 723.4052407009599 0.0 1.0
134.8125 -595.5 298.8125 396.5 327.81771472752416 715.4376081769249 0.0 1.0
110.5625 -545.5 242.5625 398.5 266.57299545955954 675.6100253423241 0.0 1.0
138.0 -546.21875 381.0 360.59375 405.2282623329395 654.5102135648422 0.0 1.0
157.0 -521.09375 439.5 342.96875 466.7132492058057 623.8343974345669 0.0 0.0
149.5 -495.96875 432.5 325.34375 457.64269095077367 593.1585813042916 0.0 0.0
146.0 -470.84375 431.5 307.71875 455.53076260658224 562.4827651740163 0.0 0.0
146.5 -448.5 426.0 336.0 450.5202120423087 561.5132289349899 0.0 0.0
148.5 -462.0 458.5 414.5 481.9490532506351 620.6958039748856 0.0 1.0
145.5 -498.5 439.5 415.5 462.99925678465394 648.9788412689909 0.0 1.0
-41.5 -518.5 319.0 413.5 335.1665404558413 663.1936936618155 0.0 1.0
-301.5 -527.0 161.625 412.0 355.81400092069157 668.9342407937256 0.0 1.0
-533.5 -533.0 242.875 412.0 586.4144359550223 673.6712848266578 0.0 1.0
-617.5 -530.5 296.5 410.5 685.6004390181919 670.7764098408283 0.0 1.0
-710.0 -517.0 243.5 408.5 752.2456708761314 658.9113671610514 0.0 1.0
-703.0 -498.0 182.5 405.0 726.3025998659278 641.8955489076817 0.0 1.0
-696.0 -474.5 177.0 399.0 718.1547396866242 619.9612944732224 0.0 1.0
-567.5 -445.0 197.0 376.5 603.8239900303788 582.9042766202 0.0 1.0
-500.0 -432.0 213.0 374.5 543.6261899927122 571.729269205503 0.0 1.0
-546.5 -432.0 229.5 375.5 593.2147619059845 572.3847066754244 0.0 1.0
-631.0 -443.5 269.0 380.5 686.4105238147365 584.3567362617773 0.0 1.0
-619.0 -461.0 310.0 381.5 692.2891191742697 598.3867132762688 1.0 1.0
-605.5 -475.5 344.0 381.5 696.9533917557824 609.6256218788358 1.0 1.0
-598.5 -482.25 308.5 381.5 673.3309431202176 614.9096921533867 1.0 1.0
-597.375 -485.0 355.625 376.25 695.6237737552422 613.8316358171803 1.0 1.0
-590.75 -482.5 307.5 371.75 665.9905590393819 609.1012558911211 1.0 1.0
-578.75 -478.0 332.75 368.5 667.982384902341 603.5531165736643 1.0 1.0
-572.5 -473.5 307.5 367.75 649.8738164959682 599.536292709198 1.0 1.0
-476.0 -472.5 298.5 372.75 562.17359234427 601.8349634305803 1.0 1.0
-503.25 -472.0 249.0 385.0 561.4821539169918 609.1114418246382 1.0 1.0
-564.5 -475.0 252.5 394.5 618.7188421159425 617.4611382726423 1.0 1.0
-497.0 -477.0 243.0 402.5 553.2252803315107 624.1315861510137 1.0 1.0
-500.0 -476.5 245.0 409.0 556.7990748397137 627.9664176291678 1.0 1.0
-525.5 -475.0 248.0 414.25 581.1263738974233 630.2632621227383 1.0 1.0
-467.5 -472.75 321.5 415.75 567.7937622879908 629.5562655697238 1.0 1.0
-462.75 -472.75 323.0 415.75 564.4593778587109 629.5558954630983 1.0 1.0
-458.75 -473.0 326.0 413.0 563.0205907432193 627.933219360372 1.0 1.0
-452.5 -473.0 306.0 411.0 546.2563512889686 626.6179078573125 1.0 1.0
-456.5 -472.0 315.0 407.75 554.6336408261327 623.7340141683862 1.0 1.0
-457.0 -471.75 298.5 406.25 546.0846671388764 622.5653265565743 1.0 1.0
-615.25 -470.25 304.5 404.5 686.6180951958439 620.2877300275859 0.0 1.0
-733.875 -468.25 237.5 405.25 776.0524192988315 619.2625928753835 0.0 1.0
-762.0 -466.5 227.5 405.5 795.2968241424383 618.1039576275806 0.0 1.0
-744.75 -465.5 228.0 403.5 778.8706107013968 616.0377444055405 0.0 1.0
-705.25 -466.5 225.75 400.5 740.5085099207544 614.8389822329734 0.0 1.0
-612.25 -478.75 259.25 407.0 668.6667543771173 628.3720090628804 0.0 1.0
-511.25 -484.5 296.0 409.75 590.7621934152586 634.5372408071605 1.0 1.0
-507.75 -488.0 300.0 408.5 589.7545818532046 636.4097997261229 1.0 1.0
-505.75 -489.25 300.75 407.5 588.4192277526511 636.7274843638291 1.0 1.0
-505.625 -486.0 303.5 408.0 589.7221366288859 634.5550435957011 1.0 1.0
-504.0 -481.5 306.0 409.5 589.6202406566648 632.0862257289054 1.0 1.0
-496.0 -470.0 317.0 399.0 588.7338080679483 616.5301306027097 1.0 1.0
-489.0 -457.5 360.5 389.5 607.5217755249842 600.8469686782835 1.0 1.0
-486.5 -450.0 352.5 387.5 600.783647609105 593.8487968779871 1.0 1.0
-578.0 -448.5 335.0 388.5 668.7974004756273 593.3671773619744 1.0 1.0
-521.5 -454.5 332.0 389.0 618.2341576214089 598.240215718771 1.0 1.0
-561.0 -465.5 315.5 388.5 644.5823342742865 606.3210976825546 1.0 1.0
-598.625 -476.5 315.75 387.5 677.4095632665665 614.1737503881617 0.0 1.0
-572.7916666666667 -483.5 326.75 388.0 660.2549963117506 619.9331668583498 0.0 1.0
-546.9583333333333 -485.5 337.75 387.5 643.1004293569349 621.1818486892797 0.0 1.0
-556.0 -482.5 360.0 389.5 663.6418719566582 620.0939444955095 0.0 1.0
-539.75 -479.5 313.5 391.0 625.5734373408228 618.7094227855483 0.0 1.0
-647.0 -476.0 328.0 398.0 725.428035929948 620.4680399023736 0.0 1.0
-750.5 -474.5 266.0 405.0 798.3234256424448 623.8392063401388 0.0 1.0
-699.125 -475.5 248.0 410.5 744.4455111652953 628.1807043544981 0.0 1.0
-634.625 -478.0 273.33333333333337 414.5 694.6514558554213 632.6882270894303 0.0 1.0
-570.125 -480.5 298.66666666666663 410.5 644.8574005455475 631.9987261994263 0.0 1.0
-576.0 -483.5 268.0 400.5 635.2952126573985 627.8317037771906 1.0 1.0
-366.375 -484.5 259.625 402.0 449.48377057809296 629.5587740632324 0.0 1.0
-498.5 -485.0 309.5 402.5 586.7671996566132 630.262841995306 0.0 1.0
-573.5 -484.5 281.0 403.0 638.6485364995806 630.1977864131228 0.0 1.0
-460.5 -481.5 350.0 403.0 578.8176864882372 627.8944154985895 0.0 1.0
-577.5 -479.0 360.0 401.5 680.964172488508 625.0146823592697 0.0 1.0
-536.0 -475.5 312.5 401.0 620.4585350482807 622.0138692877777 1.0 1.0
-544.0 -470.0 338.0 403.5 640.4533851549827 619.44523076943 1.0 1.0
-548.5 -462.5 339.0 407.0 644.8054613558543 616.0810121821905 1.0 1.0
-545.5 -452.0 336.5 410.5 640.9387646257636 610.5852823326504 1.0 1.0
-549.5 -439.0 336.5 414.5 644.3465894367257 603.7688552145303 1.0 1.0
-557.0 -313.5 337.0 386.0 651.016103006262 497.2721218007572 1.0 0.0
-563.5 -237.1764705882353 313.0 332.36764705882354 644.9810050138415 417.01625650970743 1.0 0.0
-571.0 -203.41176470588235 292.5 342.19117647058823 641.5588303060529 416.0120996203705 1.0 0.0
-581.0 -169.6470588235294 293.0 352.0147058823529 650.7005972343379 415.0079427310336 1.0 0.0
-582.5 -135.88235294117646 237.5 361.8382352941177 629.0568934498053 414.00378584169675 0.0 0.0
-577.5 -102.11764705882354 235.0 371.6617647058823 623.4863959341453 412.9996289523598 0.0 0.0
-506.5 -68.35294117647058 314.0 381.4852941176471 599.044008486921 411.99547206302293 0.0 0.0
-502.5 -34.58823529411764 285.5 391.30882352941177 577.9428019556044 410.991315173686 1.0 0.0
-498.5 -0.8235294117646959 286.5 401.13235294117646 574.9648110870197 409.9871582843491 1.0 0.0
-429.0 -19.0 321.0 423.0 535.972582786078 425.5878894294693 1.0 0.0
-448.5 -51.5 338.5 495.5 562.1295690254724 498.1882858679121 1.0 0.0
-446.0 -61.0 320.0 555.0 548.922593060478 558.3662495597712 1.0 0.0
-443.5 -59.5 319.5 552.5 546.6010104122355 555.6991906212128 1.0 0.0
-520.5 -66.0 330.0 524.5 617.1750345800747 528.7515329686705 0.0 0.0
-528.0 -59.0 266.0 513.0 591.6576861220019 516.3817208160301 0.0 0.0
-548.0 -169.5 268.5 365.5 610.5484146959466 429.2651289695641 0.0 0.0
-554.5 -303.65 252.0 225.55 610.1518258799945 380.60686877561807 0.0 0.0
-534.5 -347.85 281.0 210.95 603.8650617405716 409.0048759601534 1.0 0.0
-488.92857142857144 -409.0 271.17857142857144 258.0 639.3705911664742 484.79265566290826 1.0 0.0
-148.64285714285714 -463.5 219.89285714285714 346.0 635.1909953075251 578.4105386852236 0.0 1.0
191.6428571428571 -472.0 168.60714285714286 379.0 631.0113994485757 605.3388945011674 0.0 1.0
531.9285714285714 -471.0 117.32142857142857 387.5 626.8318035896264 609.9162617538818 0.0 1.0
560.0 -471.0 237.5 387.5 608.812996850792 609.9411866992397 0.0 1.0
547.5 -477.0 259.5 403.0 606.2185024357098 624.4506253508576 0.0 1.0
546.5 -488.5 254.0 406.5 603.1762610202388 635.5153757399139 0.0 1.0
441.0 -497.5 241.5 407.0 506.658596786876 642.7715533716134 0.0 1.0
352.5 -496.5 226.375 403.0 422.3870060180087 639.4695108796893 0.0 1.0
600.5 -495.5 270.5 399.5 658.6226545866851 636.4911580790499 0.0 1.0
444.5 -493.0 253.0 397.0 511.457999299662 632.9759921396688 0.0 1.0
432.5 -490.0 274.5 399.0 512.2925667797017 631.9073393408219 0.0 1.0
517.0 -488.0 277.0 404.0 588.0376420812577 633.5307302862673 0.0 1.0
435.0 -487.5 285.0 410.5 520.0563152583129 637.3123224531587 0.0 1.0
597.0 -488.0 279.5 414.5 659.1884630222812 640.2767005712659 0.0 1.0
436.5 -488.0 288.5 417.5 523.2265743011269 642.2228997884143 0.0 1.0
459.5 -488.5 280.5 418.0 538.378805056645 642.9280200695966 0.0 1.0
538.0 -489.5 307.0 418.0 619.8823413209991 643.6880067237544 0.0 1.0
508.5 -493.0 322.5 418.5 602.2418438683474 646.6771642035003 0.0 1.0
541.0 -498.5 349.0 418.0 643.837886909708 650.5584139798669 0.0 1.0
508.0 -505.5 381.5 417.0 635.5142357872913 655.3009985991575 0.0 1.0
409.0 -514.0 296.0 413.0 505.411824356509 659.3672360065269 0.0 1.0
460.5 -520.0 275.5 411.5 536.8689558174406 663.1231032018112 0.0 1.0
342.275 -523.0 274.625 413.0 557.2086182140597 666.4067826785679 0.0 1.0
149.97499999999997 -516.0 278.125 399.5 556.9875420737633 652.6061886960921 0.0 1.0
-42.325000000000045 -504.5 281.625 387.0 556.7664659334669 635.8377312260527 0.0 1.0
-234.62500000000006 -496.5 285.125 386.0 556.5453897931704 628.8954992122792 0.0 1.0
-426.925 -486.0 288.625 384.0 556.324313652874 619.3967907157191 0.0 1.0
-523.0 -482.0 244.5 382.0 580.1320740251806 615.019012543388 0.0 1.0
-575.5 -480.5 201.5 379.0 609.7562813936922 611.9814187350423 0.0 1.0
-582.5 -420.5 210.0 386.5 619.1982097418565 573.5371915391731 0.0 1.0
-569.0 -384.45000000000005 258.0 379.04999999999995 626.1174471597476 542.2844951866921 0.0 0.0
-560.875 -419.04999999999995 213.375 350.45000000000005 600.0945884628592 548.6436673469268 0.0 0.0
-688.25 -473.0 385.1875 309.0 789.3342074302743 565.8959075477064 0.0 0.0
-607.25 -501.0 291.9375 337.5 675.3544826125112 604.1480710515345 0.0 0.0
-538.0 -503.0 229.0 371.0 584.790951042134 625.0551577898784 0.0 1.0
-626.0 -487.0 331.0 388.0 708.1584588495025 622.6668680574652 0.0 1.0
-698.0 -472.0 382.5 395.5 795.93362143756 615.7960264095256 0.0 1.0
-708.0 -464.0 387.5 400.0 807.1060992710721 612.6179063537179 0.0 1.0
-705.5 -464.5 384.5 404.5 803.4741011307519 615.9391184424924 0.0 1.0
-715.0 -467.0 386.0 395.0 812.5399642977751 611.6517568319241 0.0 1.0
-715.0 -475.5 387.5 383.0 813.2535216908366 610.565674932988 0.0 1.0
-712.0 -484.5 315.0 378.5 781.4957763682012 614.8223951313685 0.0 1.0
-704.0 -489.5 242.0 375.0 744.4326876348355 616.6335733786491 0.0 1.0
-713.0 -488.5 321.0 376.5 784.6856783209778 616.7532676555761 0.0 1.0
-715.5 -482.0 394.0 377.0 816.8103090537687 611.9266300835757 0.0 1.0
-706.0 -479.0 322.5 379.0 778.6710285276697 610.804466464521 0.0 1.0
-583.5 -482.5 358.0 385.5 684.5704955621252 617.5983973522307 0.0 1.0
-563.5 -487.5 352.5 393.5 664.6717256914023 626.4971279854556 1.0 1.0
-574.0 -494.5 351.5 396.0 673.0737493588862 633.5189468702363 1.0 1.0
-545.0 -498.0 336.0 396.0 640.2538761985084 636.2553509325795 1.0 1.0
-516.5 -498.0 324.0 394.5 609.7116700508502 635.3221623711863 1.0 1.0
-517.5 -493.0 319.5 386.5 608.1829712326311 626.4435161752865 1.0 1.0
-518.0 -492.5 316.0 383.5 606.7783779931516 624.2023296557339 1.0 1.0
-519.0 -496.5 267.0 382.0 583.6538178896816 626.4473983985877 0.0 1.0
-524.5 -502.0 258.5 380.5 584.8703081429562 629.9081356048622 1.0 1.0
-576.0 -509.5 304.5 389.0 654.0742893978957 641.0356517853968 0.0 1.0
-774.0 -513.0 265.5 399.0 819.4637264711802 649.9000292945523 0.0 1.0
-624.0 -511.5 234.5 399.5 667.012600285981 649.0243872751244 0.0 1.0
-624.0 -514.0 209.5 400.5 658.229652420211 651.6105048263111 0.0 1.0
-628.5 -518.0 212.0 402.0 663.2924405291508 655.6920504862758 0.0 1.0
-634.5 -520.0 223.0 403.5 672.5473182426116 658.1892551617062 0.0 1.0
-633.0 -506.0 230.5 391.5 673.6611011988241 639.7791299061153 0.0 1.0
-633.5 -493.0 236.0 376.5 676.0332495563482 620.3236988481592 0.0 1.0
-633.5 -491.0 245.0 374.0 679.2261183819244 617.2172698552156 0.0 1.0
-635.0 -492.0 259.0 373.0 685.8073718539185 617.4082927852525 0.0 1.0
-680.0 -493.5 348.5 372.5 765.6960934390523 618.3032127955064 0.0 1.0
-547.5 -493.0 357.0 373.5 653.6154933341688 618.5073493223537 0.0 1.0
-552.0 -490.5 364.5 373.5 661.4870800724258 616.5164231389136 1.0 1.0
-414.5 -486.0 352.5 374.0 547.8916837250706 613.247171200074 1.0 1.0
-63.5 -492.0 287.6 386.5 322.1574747145585 625.6636072172887 0.0 1.0
108.5 -498.5 250.0 395.0 348.71764491276286 636.0256537156492 0.0 1.0
280.5 -503.5 212.4 398.5 375.27781511096725 642.1176799093939 0.0 1.0
519.5 -504.5 332.0 400.0 618.1208347161604 643.8325453851575 0.0 1.0
534.0 -500.5 306.5 400.5 615.7138043258192 641.0152104279586 0.0 1.0
521.5 -495.5 287.0 402.5 595.2962606146539 638.3780228046702 0.0 1.0
465.875 -485.5 332.875 394.0 574.1913671949684 625.2577404688349 0.0 1.0
416.0 -484.0 330.5 391.5 531.7125768559836 622.5176748653535 0.0 1.0
427.5 -485.5 303.0 391.5 523.9948308615111 623.6846947845415 0.0 1.0
429.5 -486.0 324.5 395.0 538.3500720044998 626.275577880625 0.0 1.0
435.0 -483.5 325.5 395.0 543.3009295055324 624.3375688936158 0.0 1.0
431.0 -487.0 322.5 402.0 538.3009382264565 631.485136752889 0.0 1.0
467.0 -492.0 338.5 411.0 576.7991270661012 641.0814386765458 0.0 1.0
484.5 -492.0 345.0 410.0 594.822066056921 640.440553415423 0.0 1.0
490.0 -494.0 348.0 409.0 601.0065577984419 641.3400034303178 0.0 1.0
513.5 -492.5 354.5 410.5 623.9857132062992 641.1446794601044 0.0 1.0
517.0 -490.0 325.0 413.0 611.3694824090315 640.8346148651451 0.0 1.0
507.5 -486.5 312.0 412.0 596.4199801234481 637.515686081527 0.0 1.0
463.5 -487.5 311.0 411.0 558.1698153424074 637.6344927946719 0.0 1.0
463.5 -490.0 317.5 410.5 561.832882094721 639.2263707792879 0.0 1.0
479.5 -492.5 341.0 409.0 588.407754183838 640.185324730269 0.0 1.0
473.5 -475.5 336.5 373.5 580.9036759126941 604.8075151250542 0.0 1.0
488.0 -463.4 332.0 346.9 590.2558347773818 578.8602957703441 0.0 0.0
529.0 -456.6 321.0 342.1 619.7126930483474 570.5401318218818 0.0 0.0
500.0 -487.0 331.5 314.0 599.9489436549709 580.8206005725729 0.0 0.0
516.0 -536.0 345.5 342.5 620.9893967006736 636.1286028288254 0.0 0.0
520.0 -505.5 353.0 369.0 628.5023157607018 626.7194478141763 0.0 0.0
533.0 -469.5 378.0 386.0 653.5738436224837 607.8045014021955 0.0 1.0
530.5 -470.5 357.5 385.5 639.7180793956775 608.2602239173625 0.0 1.0
524.5 -471.0 384.5 387.0 650.5241528969573 609.5983507549856 0.0 1.0
495.5 -473.5 358.0 386.5 611.3407176512135 611.2155920786053 0.0 1.0
499.5 -475.5 341.0 389.0 605.5762520772548 614.3463190795135 0.0 1.0
526.5 -483.0 396.0 405.5 659.2673102470483 630.6499168522848 0.0 1.0
526.5 -484.0 301.5 407.5 606.7212649090071 632.7023932485279 0.0 1.0
439.5 -484.0 319.5 409.0 543.7582271911012 633.6694722013993 0.0 1.0
504.0 -485.0 342.5 410.0 609.7003847220021 635.0787352761861 0.0 1.0
544.0 -485.5 355.0 411.0 649.5855841243703 636.1067100501311 0.0 1.0
543.5 -484.5 356.5 411.0 650.0165785101656 635.3434934097309 0.0 1.0
542.5 -482.0 355.0 411.0 648.3299538739329 633.4390262685115 0.0 1.0
542.5 -474.5 348.0 408.0 644.5237822935917 625.7930036008557 0.0 1.0
541.0 -444.0 342.0 370.5 640.0352948226473 578.2792054978604 0.0 0.0
431.0 -365.0 402.5 364.9 589.7792379905991 567.1848429115064 0.0 1.0
490.0 -259.6666666666667 354.0 356.1 607.1458929952001 551.5381008362269 0.0 1.0
503.0 -154.33333333333334 351.0 347.3 615.9136826220729 535.8913587609472 0.0 1.0
539.5 -49.00000000000003 335.0 338.5 635.7224212800031 520.2446166856678 0.0 1.0
526.5 56.333333333333314 353.5 329.7 637.0907417107653 504.59787461038815 0.0 0.0
551.0 161.66666666666663 293.0 320.9 624.0598033113986 488.9511325351085 0.0 0.0
547.5 266.99999999999994 289.0 312.1 619.0941867237424 473.30439045982894 0.0 0.0
555.5 387.5 290.0 276.0 626.6432603814113 478.1726466515885 0.0 0.0
555.0 631.625 286.0 266.25 624.3574695754501 685.4823993838651 0.0 0.0
552.125 656.5 281.0 268.5 619.5246935983178 709.2978610973073 0.0 0.0
506.5 671.5 281.0 270.5 579.850110085205 724.0783322762785 0.0 0.0
461.0 621.0 293.5 256.5 546.5016907534521 671.91930893514 0.0 0.0
561.5 578.0 312.5 254.5 642.603880752999 631.558676053118 0.0 0.0
560.0 574.0 308.0 258.5 639.111929212284 629.5229670138799 0.0 0.0
558.5 581.0 307.0 276.5 637.3157051341644 643.444147264928 0.0 0.0
556.0 563.5 307.0 269.5 635.1263856148003 624.6317158477353 0.0 0.0
554.5 553.0 308.0 272.0 634.2982510354984 616.2814437266586 0.0 0.0
555.5 541.5 311.0 262.0 636.6327902802151 601.565317000073 0.0 0.0
554.5 531.5 318.5 298.5 639.4737968851646 609.585515654978 0.0 0.0
527.5 524.0 325.0 298.0 619.7867839689418 602.8129494697248 0.0 0.0
522.25 518.5 361.125 297.0 635.2606817886949 597.5378624397695 0.0 0.0
545.0 513.5 333.5 296.5 638.9428938535036 592.954779527981 0.0 0.0
536.0 512.5 330.5 298.0 629.7116823129211 592.8410433430447 0.0 0.0
528.5 509.0 329.5 296.5 622.8032212017574 589.0617263632817 0.0 0.0
469.0 507.5 315.0 297.0 564.9687293754747 588.0180694502508 0.0 0.0
522.5 506.5 338.5 298.5 622.5708470688327 587.9154398776145 0.0 0.0
527.5 502.5 343.5 302.0 629.5330652566776 586.2681266603945 0.0 0.0
527.5 485.0 334.0 280.0 624.3494806701065 560.0380432311728 0.0 0.0
481.0 413.3333333333333 342.0 283.75 590.1914454772866 519.2208209150722 0.0 0.0
498.125 320.44444444444446 332.125 296.75 598.7803206962948 471.1069530322346 0.0 0.0
405.0 227.55555555555557 296.5 309.75 501.9335115331512 422.99308514939696 0.0 0.0
463.5 134.66666666666669 327.5 322.75 568.0312541224548 374.87921726655935 0.0 0.0
521.0 54.0 348.0 278.5 626.549806866572 283.68738240844795 0.0 0.0
524.0 -132.60714285714286 351.0 264.57142857142856 630.695707327245 367.913000080069 0.0 0.0
520.0 -366.75 351.0 318.0 627.376297082425 553.6890689035413 0.0 0.0
521.0 -600.8928571428571 350.25 371.42857142857144 627.7866499503507 739.4651377270136 0.0 0.0
519.5 -682.0 350.0 377.5 626.4027633645496 779.6736672239138 0.0 0.0
525.0 -619.0 340.0 363.0 625.5322348584668 718.0359437122369 0.0 0.0
494.5 -575.0 330.0 371.0 594.5000640051032 684.3108545223138 0.0 1.0
499.5 -563.0 345.5 371.0 607.3597526726726 674.2640849464319 0.0 1.0
529.4285714285714 -550.5 335.7857142857143 371.0 627.1427778267694 663.848711434724 0.0 1.0
515.1428571428571 -555.5 306.92857142857144 375.0 600.401679562804 670.2284523160461 0.0 1.0
500.8571428571429 -557.0 278.07142857142856 376.0 573.6605812988389 672.0316746069128 0.0 1.0
486.57142857142856 -551.5 249.21428571428572 379.0 546.9194830348738 669.1753405993983 0.0 1.0
465.5 -553.0 274.0 378.5 540.4408482424344 670.1280243501677 0.0 1.0
522.0 -552.5 325.5 378.5 615.7089048491482 669.7156227101286 0.0 1.0
474.0 -552.0 302.5 378.5 562.3115760255835 669.303996115998 0.0 1.0
478.5 -549.0 295.5 379.5 562.3915831230222 667.3991109788985 0.0 1.0
492.5 -545.5 301.5 379.5 577.4597472134444 664.5245748899688 0.0 1.0
486.0 -539.5 303.5 380.0 573.0004168960947 659.8943715502357 0.0 1.0
539.0 -537.5 381.5 379.5 660.5062534087102 657.9715254719032 0.0 1.0
541.5 -535.5 371.5 378.5 656.8985263266773 655.761071799539 0.0 1.0
503.5 -533.0 325.5 378.0 599.553510420676 653.4319663474021 0.0 1.0
505.5 -530.0 319.5 378.5 598.0062722571813 651.277657956993 0.0 1.0
503.375 -527.0 341.375 379.0 608.3106337757088 649.1332056794711 0.0 1.0
505.0 -512.5 318.5 370.0 597.0497368860258 632.106021116427 0.0 1.0
507.0 -505.0 334.5 362.5 607.4883505016096 621.6359465153217 0.0 1.0
504.5 -504.5 349.5 362.0 613.7633576919404 620.9382698537863 0.0 1.0
506.0 -503.5 346.5 362.0 613.5918173801763 620.1261281451849 0.0 1.0
505.0 -504.5 322.5 362.0 599.1925623773063 620.9382120361063 0.0 1.0
503.0 -507.5 324.0 365.5 598.3184770671887 625.4190008886427 0.0 1.0
502.0 -507.0 324.0 386.5 597.4780330689991 637.5196075416034 0.0 1.0
503.75 -511.0 325.5 390.0 599.7636901955973 642.8227033695217 0.0 1.0
505.5 -514.5 330.0 393.5 603.6806479469832 647.7287278486788 0.0 1.0
500.0 -518.0 330.0 394.5 599.0831903884214 651.1192010868647 0.0 1.0
497.5 -518.5 330.5 395.0 597.2742414875801 651.8184179662309 0.0 1.0
525.0 -519.0 379.5 395.5 648.1653954778244 652.5191568069093 0.0 1.0
540.0 -519.5 368.5 395.75 653.7710765867714 653.0683910141308 0.0 1.0
538.5 -490.5 367.5 392.25 651.9560686317955 628.0615566693585 0.0 1.0
534.5 -483.25 370.75 390.75 650.5716213089818 621.4632479196773 0.0 1.0
528.0 -482.0 377.25 390.25 648.9540301695887 620.176846961675 0.0 1.0
526.25 -480.75 381.25 390.5 649.8717756594591 619.3632515289871 0.0 1.0
520.75 -481.25 362.75 390.5 634.6439716172463 619.7514318768826 0.0 1.0
522.0 -480.5 367.75 390.5 638.5330100239967 619.169201430433 0.0 1.0
524.5 -480.25 365.0 390.0 639.0143232400153 618.6601331327543 0.0 1.0
522.25 -495.0 373.0 389.0 641.8580110721623 629.6468759783697 0.0 1.0
521.5 -511.5 381.5 388.5 646.2715800001149 642.3119113482367 0.0 1.0
517.0 -512.25 408.75 388.75 659.130935440251 643.0603605457347 0.0 1.0
528.0 -512.5 420.25 389.0 674.8303026035078 643.4106387059511 0.0 1.0
476.5 -512.5 407.75 389.0 627.5817641991462 643.4106387059511 0.0 1.0
445.75 -512.25 399.0 388.5 598.3331118177939 642.9093043842948 0.0 1.0
480.5 -511.5 400.75 387.25 625.8218588331304 641.5566227604318 0.0 1.0
480.40625 -503.25 359.734375 366.0 600.9697223621868 622.267954455726 0.0 1.0
456.03125 -508.0 354.671875 370.25 581.6168853761708 628.6090271742969 0.0 1.0
431.65625 -509.0 349.609375 371.5 562.264048390155 630.1533637956063 0.0 1.0
407.28125 -510.25 344.546875 371.75 542.9112114041392 631.3106430340838 0.0 1.0
382.90625 -510.25 339.484375 371.25 523.5583744181233 631.0164395380743 0.0 1.0
358.53125 -512.25 334.421875 372.25 504.2055374321075 633.2221150156638 0.0 1.0
334.15625 -512.0 329.359375 371.75 484.85270044609166 632.7258986913979 0.0 1.0
309.78125 -508.25 324.296875 372.0 465.49986346007586 629.8430429245741 0.0 1.0
285.40625 -506.25 319.234375 372.25 446.14702647406 628.3782675728435 0.0 1.0
261.03125 -505.0 314.171875 372.5 426.79418948804414 627.5199200025446 0.0 1.0
236.65625 -504.25 309.109375 371.75 407.44135250202834 626.4711752172841 0.0 1.0
212.28125 -503.0 304.046875 372.0 388.08851551601254 625.6141689508086 0.0 1.0
187.90625 -502.5 298.984375 372.0 368.7356785299967 625.2122931407982 0.0 1.0
163.53125 -509.5 293.921875 379.5 349.3828415439808 635.3107288136137 0.0 1.0
139.15625 -514.0 288.859375 387.0 330.03000455796496 643.4011190540471 0.0 1.0
114.78125 -513.0 283.796875 386.5 310.6771675719492 642.3015257649635 0.0 1.0
102.5 -513.5 277.5 387.0 295.896399385431 643.0017496088171 0.0 1.0
102.0 -513.0 280.5 388.0 298.50291001007673 643.2052549536578 0.0 1.0
103.0 -506.0 275.5 380.5 294.127637908179 633.1049996797303 0.0 1.0
102.0 -499.0 270.0 372.0 288.62583929605125 622.4026745657034 0.0 1.0
103.5 -498.5 257.5 372.5 277.66317043298227 622.3011744891883 0.0 1.0
73.4375 -499.0 250.5625 373.0 264.8779370188475 623.0008107747278 0.0 1.0
28.6875 -498.5 261.3125 372.0 264.63909394185936 622.0019377609726 0.0 1.0
65.5 -498.5 236.0 372.5 244.9274643761861 622.3009721991442 0.0 1.0
64.5 -499.0 244.5 372.5 252.86633643125236 622.7017026950112 0.0 1.0
69.0 -505.5 240.0 380.5 249.72231932494776 632.7034795687991 0.0 1.0
74.0 -510.5 236.0 386.0 247.3596297353538 640.0053798573492 0.0 1.0
92.0 -511.5 240.0 388.5 257.07103950315195 642.3118401524293 0.0 1.0
165.0 -512.5 298.5 388.5 341.0815639482963 643.108466745696 0.0 1.0
168.5 -513.0 343.0 387.5 382.7870434563643 642.9037641824785 0.0 1.0
174.5 -512.0 318.5 385.0 363.37937616716187 640.6018145593774 0.0 1.0
189.9 -507.5 314.0 379.5 374.1214006722577 633.7011542029595 0.0 1.0
289.5 -498.5 276.0 370.5 418.010707069714 621.1061550433413 0.0 1.0
389.1 -497.5 238.0 367.5 461.90001346717025 618.5165007842553 0.0 1.0
462.0 -497.5 279.5 365.5 539.9745983079706 617.3302095600743 0.0 1.0
466.5 -496.5 285.5 364.0 546.9594090906018 615.636468689439 0.0 1.0
467.5 -496.5 290.0 363.5 550.1437502158228 615.3409623940211 0.0 1.0
435.5 -511.0 276.0 390.5 515.6645904795079 643.1264406636491 0.0 1.0
396.0 -509.0 286.5 390.5 488.78840733473555 641.5383132542836 0.0 1.0
404.25 -509.5 265.875 389.5 484.40448032861883 641.327211502668 0.0 1.0
467.0 -509.5 248.5 389.5 529.0289247568663 641.327211502668 0.0 1.0
497.5 -509.0 254.0 387.5 558.5931297462196 639.7165387888608 0.0 1.0
497.5 -506.5 253.5 387.0 558.3639575034404 637.4254858412864 0.0 1.0
498.0 -506.5 252.5 387.0 558.3549956130581 637.4254858412864 0.0 1.0
496.5 -506.5 253.5 387.5 557.471709400118 637.7292468610646 0.0 1.0
500.0 -506.0 256.5 388.0 561.955069259287 637.6363833979108 0.0 1.0
502.5 -487.0 256.5 368.5 564.181684562435 610.7160775591601 0.0 1.0
501.0 -490.0 264.0 362.5 566.30115662958 609.5132579132446 0.0 1.0
515.5 -491.0 303.5 362.0 598.5347365805526 610.0204914590985 0.0 1.0
491.5 -492.0 372.5 362.0 616.7594757907174 610.8256707113741 0.0 1.0
464.0 -492.0 367.5 362.0 591.9581842288428 610.8256707113741 0.0 1.0
455.5 -491.0 338.5 361.0 567.5277281336187 609.4276002939151 0.0 1.0
507.0 -491.0 356.5 361.0 621.3481476736023 609.4276722650291 0.0 1.0
523.5 -491.0 365.5 361.0 640.2468401849923 609.4276002939151 0.0 1.0
550.0 -492.0 318.5 362.0 635.5646601388289 610.8256707113741 0.0 1.0
528.5 -492.5 334.0 361.5 625.8181041001633 610.9324839947537 0.0 1.0
528.5 -491.5 321.5 361.5 618.9995441364422 610.1268916664559 0.0 1.0
506.0 -462.25 281.0 292.25 578.8712957932223 546.9072753407606 0.0 0.0
457.5 -455.25 253.5 281.25 523.0379443922961 535.1873821147224 0.0 0.0
459.0 -448.25 249.0 270.25 522.191285268231 523.4674888886843 0.0 0.0
524.0 -457.0 273.5 290.0 591.0923443667807 541.4888328745086 0.0 0.0
525.0 -479.5 289.0 347.0 599.2919126386636 591.8864295719541 0.0 1.0
524.5 -501.0 292.5 360.0 600.5473419311213 616.9381949903354 0.0 1.0
559.0 -497.0 290.5 362.0 630.231341745018 614.8607809232014 0.0 1.0
620.5 -493.0 338.5 358.5 708.2552518386159 609.5668444301755 0.0 1.0
575.5 -493.5 358.0 358.0 677.8494339943666 609.6773030056554 0.0 1.0
531.0 -493.0 299.5 357.5 609.6453026561052 608.9789291563895 0.0 1.0
522.0 -493.5 301.0 357.5 602.5653770581421 609.3837050660281 0.0 1.0
518.5 -503.0 296.0 372.5 597.0414043858608 625.916296601257 0.0 1.0
516.5 -507.0 289.0 377.5 591.8564112763006 632.103955718115 0.0 1.0
516.5 -507.5 282.0 379.5 588.4694129689325 633.7007098459985 0.0 1.0
517.5 -507.0 279.5 380.5 588.1553585827023 633.9001576938651 0.0 1.0
518.5 -505.5 279.0 381.0 588.7987495940374 633.0017772486899 0.0 1.0
519.5 -506.0 281.0 383.5 590.628553521494 634.908136041288 0.0 1.0
528.0 -498.5 285.0 377.0 600.0088921487362 625.0129922500505 0.0 1.0
551.0 -490.5 284.0 370.0 619.8908233265302 614.4024815505264 0.0 1.0
550.0 -491.5 281.0 371.0 617.626356269566 615.8034483794092 0.0 1.0
540.5 -491.5 285.5 372.5 611.2696250726462 616.7079201630854 0.0 1.0
545.5 -492.0 290.5 378.5 618.0297087844413 620.7466528716589 0.0 1.0
504.5 -494.5 285.0 386.5 579.5309358887453 627.6244896432898 0.0 1.0
461.0 -498.0 299.0 395.5 549.4895398787639 635.9435902656776 0.0 1.0
499.0 -502.0 291.0 400.5 577.9181483454546 642.1870881956792 0.0 1.0
541.0 -478.5 292.5 384.5 615.0101915832377 613.8680971202692 0.0 1.0
481.0 -467.57142857142856 292.5 340.5357142857143 563.1451764839745 581.9850372398381 0.0 0.0
417.5 -489.0 297.0 301.25 512.7469153170126 579.64524404056 0.0 0.0
418.0 -510.4285714285714 283.0 261.9642857142857 504.7907345582381 577.3054508412819 0.0 0.0
476.5 -543.5 311.5 271.5 569.422683215706 608.1541802396854 0.0 0.0
477.0 -540.5 317.5 345.5 573.113223707715 642.5403762279891 0.0 1.0
483.5 -512.5 323.0 361.0 581.533887812052 626.9037530411056 0.0 1.0
531.0 -501.0 343.5 357.0 632.4187111765877 615.2066937105637 0.0 1.0
528.0 -505.0 336.5 361.5 626.112803313459 621.0547744399377 0.0 1.0
549.5 -510.5 338.0 358.5 645.3228157874091 623.8098619713887 0.0 1.0
489.5 -516.5 323.0 356.5 586.4633558908929 627.5893068383039 0.0 1.0
497.0 -522.5 324.5 356.0 593.6998220272974 632.2518649549086 0.0 1.0
432.0 -525.5 297.5 356.0 524.5304416798679 634.7337172604684 0.0 1.0
439.5 -526.5 299.5 364.5 531.8465379615654 640.3629510107187 0.0 1.0
517.0 -525.5 263.5 367.5 581.5194681961669 641.2553619979558 0.0 1.0
505.3125 -524.5 224.5625 375.0 553.0990356902953 644.7764099232847 0.0 1.0
525.0625 -520.0 247.3125 374.0 580.451436554385 640.5311674639258 0.0 1.0
518.0 -519.5 320.5 371.5 609.5034294557838 638.6650034054709 0.0 1.0
526.5 -522.0 344.0 368.5 628.918874596236 638.9651139540388 0.0 1.0
429.0 -520.0 313.0 367.0 531.046137355315 636.4660242306733 0.0 1.0
518.5 -515.5 331.5 362.5 615.4142947266291 630.1957372761512 0.0 1.0
519.0 -510.0 318.5 357.0 608.9364490873277 622.5353188008269 0.0 1.0
519.0 -504.0 314.0 355.0 606.5946163237564 616.4769475724725 0.0 1.0
520.0 -493.0 324.0 347.0 612.685095266864 602.8768352055426 0.0 1.0
521.0 -489.5 331.0 339.0 617.253738838406 595.4252816029832 0.0 1.0
496.0 -488.0 331.5 341.0 596.6646142811564 595.3361806401153 0.0 1.0
482.0 -484.0 358.5 342.0 600.8424939770175 592.6382397850723 0.0 1.0
518.0 -485.0 329.0 352.0 613.649734183047 599.2894962959567 0.0 1.0
519.5 -493.5 319.5 384.0 609.8861512521362 625.2985348347174 0.0 1.0
541.5 -496.5 325.5 387.5 631.8012815539073 629.8163663832358 0.0 1.0
532.5 -501.0 331.5 390.0 627.3983571408994 634.9023546971613 0.0 1.0
478.0 -504.0 289.5 390.5 558.948611279299 637.5785000931538 0.0 1.0
423.5 -504.5 265.5 392.5 499.8429503557195 639.199896492043 0.0 1.0
427.5 -502.5 271.0 393.5 506.15964162234604 638.2385917507653 0.0 1.0
544.0 -500.5 306.5 394.5 624.402627816829 637.2837639550203 0.0 1.0
531.5 -500.0 386.5 396.0 657.5916856025153 637.8212915856603 0.0 1.0
537.0 -500.0 351.5 397.0 641.8353315914492 638.4427121260118 0.0 1.0
471.0 -498.5 279.0 398.5 547.5654059122569 638.2041257606546 0.0 1.0
467.0 -474.5 276.5 376.5 542.889755550941 605.7333012234224 0.0 1.0
411.5 -471.5 258.5 372.5 485.95804041190104 600.8901673466631 0.0 1.0
477.5 -471.5 279.0 374.0 553.1317572983113 601.821188924361 0.0 1.0
427.0 -475.0 260.5 373.0 500.5875010026725 603.9488013415839 0.0 1.0
477.25 -481.5 281.25 372.5 554.2085517253411 608.7681466676993 0.0 1.0
414.0 -488.5 254.0 369.5 485.7101724951831 612.5067038440375 0.0 1.0
413.0 -490.0 255.0 366.0 485.382508001691 611.6012504315321 0.0 1.0
418.5 -490.0 259.5 373.0 492.4252568859501 615.8161178272138 0.0 1.0
421.0 -480.5 261.0 371.5 495.3415383411997 607.3656163697506 0.0 1.0
419.0 -479.5 263.0 368.5 494.70416458266635 604.7420868249635 0.0 1.0
421.0 -486.5 268.5 368.0 499.334921705044 610.0055250288402 0.0 1.0
415.5 -489.0 265.5 366.5 493.0838262649403 611.1005555647695 0.0 1.0
471.5 -470.45 285.5 314.55 551.4002318729299 565.9254890188481 0.0 0.0
502.0 -498.25 291.0 328.75 580.3327564962274 596.9492327223813 0.0 0.0
464.5 -526.05 276.0 342.95 540.3125767445453 627.9729764259146 0.0 0.0
544.0 -499.5 295.0 325.0 618.8384739256633 595.9484602121978 0.0 1.0
544.0 -515.0 294.5 357.5 618.600605666764 626.9300100023929 0.0 1.0
544.5 -515.0 294.5 373.0 619.0400282545271 635.8885648258915 0.0 1.0
545.0 -524.0 293.0 378.0 618.7682877656068 646.1128133379632 0.0 1.0
548.5 -532.0 295.5 378.0 623.035278917225 652.6163374221168 0.0 1.0
550.0 -537.0 295.0 369.5 624.1208481269466 651.8430943632655 0.0 1.0
550.5 -537.5 296.5 362.0 625.2703085429952 648.035926509478 0.0 1.0
553.0 -533.5 294.5 352.0 626.5301912881255 639.1613154389305 0.0 1.0
553.5 -529.5 294.5 340.0 626.971257186244 629.2620498073213 0.0 1.0
553.0 -532.0 295.0 331.5 626.771749403486 626.8305430370798 0.0 1.0
531.5 -534.5 293.5 322.5 607.2360038769438 624.2584685206639 0.0 1.0
548.0 -535.0 293.5 320.5 621.6549029684707 623.657872022392 0.0 1.0
354.4375 -528.0 277.59375 326.5 504.5913043202713 620.799071951923 0.0 1.0
118.1875 -517.0 269.96875 337.5 526.5497494229008 617.4272923976523 0.0 1.0
-118.0625 -506.0 262.34375 341.5 548.5081945255304 610.4581872691165 0.0 1.0
-354.3125 -485.0 254.71875 326.5 570.46663962816 584.6686504739778 0.0 1.0
-521.5 -482.5 245.5 321.0 576.3971669747568 579.5243576094992 0.0 1.0
-600.0 -484.5 270.0 317.0 649.4590710223592 578.9912136972423 0.0 1.0
-607.0 -490.0 253.5 314.0 657.8809098271992 581.975992828084 0.0 1.0
-595.5 -499.0 262.5 315.0 650.7893823599056 590.107905073075 1.0 1.0
-597.0 -503.5 239.5 314.0 643.8119812240654 593.3875655620227 1.0 1.0
-598.5 -506.5 213.0 317.5 635.2729003669253 597.7864166755329 0.0 1.0
-592.5 -507.0 246.5 322.0 642.3933551137995 600.6113521318027 0.0 1.0
-573.0 -504.5 310.0 330.0 652.0189195609079 602.8450598723175 1.0 1.0
-599.4166666666667 -508.0 256.0 346.5 652.3357085246131 614.9197747509617 1.0 1.0
-761.0833333333333 -509.5 268.0 354.5 807.3273045155286 620.6935762436408 0.0 1.0
-712.625 -512.0 257.875 364.5 757.913876007108 628.4936465626739 0.0 1.0
-676.5 -517.0 268.0 374.0 727.6930923496157 638.0968781174574 0.0 1.0
-612.5 -521.5 255.5 386.5 663.8155803103234 649.1116639641539 0.0 1.0
-589.75 -523.0 317.0 392.0 643.5854702019319 653.6001530549595 1.0 1.0
-640.0 -519.5 258.0 396.5 690.0522062099452 653.5231441961332 1.0 1.0
-595.5 -515.0 260.0 403.5 649.7848655661448 654.2456762621341 1.0 1.0
-369.4264705882353 -508.0 409.1029411764706 407.5 558.4373553056218 651.2452703223807 0.0 1.0
-303.13235294117646 -503.5 393.5147058823529 412.0 530.983557000948 650.5814744865922 0.0 1.0
-236.83823529411762 -496.5 377.92647058823525 417.5 503.5297586962742 648.705445089031 0.0 1.0
-170.54411764705884 -493.5 362.3382352941177 426.5 476.07596039160035 652.2612088784156 0.0 1.0
-104.25 -492.0 346.75 436.5 448.62216208692655 657.7214524517084 0.0 1.0
-37.95588235294116 -494.0 331.1617647058823 444.0 421.16836378225264 664.2101948500472 0.0 1.0
28.338235294117652 -500.0 315.57352941176475 456.5 393.71456547757884 677.0482535792735 0.0 1.0
94.63235294117649 -489.5 299.9852941176471 440.5 366.26076717290505 658.5215348524736 0.0 1.0
160.9264705882353 -490.5 284.3970588235294 445.0 338.80696886823114 662.2828340262404 0.0 1.0
168.5 -492.0 313.0 443.0 356.17854548872623 662.0625400402892 0.0 1.0
145.0 -493.5 359.5 437.0 387.7372425591153 659.1774536617271 0.0 1.0
167.0 -493.5 358.5 433.0 395.6082848624005 656.5337350177286 0.0 1.0
140.5 -488.5 361.0 421.0 387.3837985153191 644.89979303424 0.0 1.0
139.0 -483.2 361.0 331.95 386.8358825135021 586.2571389329769 0.0 0.0
154.0 -480.0 357.0 337.75 388.99300532815494 586.9776944225957 0.0 0.0
149.5 -476.8 377.5 343.55 406.68065738942937 587.6982499122146 0.0 0.0
157.0 -517.0 481.0 435.0 506.0221918336318 675.6827266762189 0.0 1.0
149.5 -525.0 540.5 455.5 561.3215311683666 695.0612639799001 0.0 1.0
159.0 -537.5 499.5 468.5 524.1963611448143 713.0215835470195 0.0 1.0
174.5 -551.0 494.5 476.0 524.7691496476766 728.1329914522441 0.0 1.0
148.5 -556.0 505.5 477.0 526.8622584822763 732.5752884553731 0.0 1.0
143.0 -558.0 504.5 474.0 524.3767326210066 732.1550304724324 0.0 1.0
139.5 -558.5 521.5 465.5 539.8370558618717 727.062635930075 0.0 1.0
146.0 -559.5 512.5 460.5 532.8904733556225 724.6392235082898 0.0 1.0
120.58333333333333 -554.5 438.33333333333337 449.5 455.70175752311127 713.8085387477181 0.0 1.0
28.916666666666664 -547.5 255.66666666666669 432.0 259.2089089447336 697.4105649449598 0.0 1.0
-145.5 -544.0 264.0 419.5 310.0893763990613 686.9627969971157 0.0 1.0
-647.5 -544.5 310.5 402.0 730.3084940318265 676.8192233397119 0.0 1.0
-435.5 -418.0 335.0 423.5 549.4817947309098 595.7936690417733 0.0 0.0
-437.5 -385.0 334.0 407.5 550.4297510137686 560.612170202299 0.0 0.0
-459.0 -383.0 279.5 392.5 537.4045267117648 548.4029083848645 0.0 0.0
-458.0 -378.0 280.0 382.0 536.8090954995936 537.409062061806 0.0 0.0
-454.4375 -373.0 273.125 371.0 530.1987496192106 526.0894654639025 0.0 0.0
-452.1875 -491.5 271.625 317.0 527.4975743297805 585.3091501520881 0.0 0.0
-450.5 -511.5 270.5 295.5 525.4716928627079 590.7245543120869 0.0 1.0
-241.5 -506.5 250.5 291.5 347.95629591325235 584.3957833633826 0.0 1.0
-345.0 -504.5 258.5 292.5 434.757590520939 583.1662562384043 0.0 1.0
-445.5 -507.0 267.0 301.0 519.3835288108394 589.6207993253042 0.0 1.0
-443.5 -507.5 265.5 309.0 516.8970203497549 594.1745098264787 0.0 1.0
-456.0 -508.0 270.0 321.0 529.9399653821577 600.9238442514618 0.0 1.0
-436.125 -509.5 247.125 335.0 501.275918792266 609.7696951407535 0.0 1.0
-433.0 -513.0 243.0 349.0 496.52599114068477 620.4610248927277 0.0 1.0
-434.0 -514.0 242.5 359.5 497.1543003678994 627.2459432282245 0.0 1.0
-437.0 -511.5 246.0 365.5 501.482861281124 628.6673726994619 0.0 1.0
-437.5 -509.5 245.5 369.5 501.6736987325527 629.3811753086646 0.0 1.0
-619.75 -507.5 258.625 372.5 672.584033182978 629.5335574852226 0.0 1.0
-541.5 -507.0 252.0 376.5 598.1676360367098 631.5072534330646 0.0 1.0
-539.8333333333333 -506.5 253.33333333333331 379.0 596.3241328819178 632.6003872904284 0.0 1.0
-525.1666666666667 -506.0 250.66666666666669 381.0 581.9265172316614 633.4011444073183 0.0 1.0
-512.5 -505.5 251.5 383.0 570.8874638768743 634.2075764290427 0.0 1.0
-467.5 -505.0 268.5 385.0 539.1184359583852 635.0197570895116 0.0 1.0
-469.5 -505.5 267.5 386.5 540.3589051053814 636.3274768300078 0.0 1.0
-472.5 -505.5 269.5 387.0 543.9574854770744 636.6311726580784 0.0 1.0
-468.5 -505.0 276.0 389.0 543.7539097883044 637.4528664155653 0.0 1.0
-465.5 -504.5 281.5 395.5 543.9967830787238 641.0530813073833 0.0 1.0
-468.5 -506.5 284.5 406.5 548.1172576855813 649.4494992358464 0.0 1.0
-468.5 -507.5 288.5 412.5 550.2040773722453 653.9973241535473 0.0 1.0
-489.625 -509.0 279.75 417.5 564.4100358514701 658.321616346313 0.0 1.0
-530.0 -512.5 255.0 421.5 588.1539313764684 663.56499304891 1.0 1.0
-523.5 -514.5 253.0 424.5 581.4303890711128 667.01622824604 1.0 1.0
-601.5 -515.0 303.0 426.5 673.5695373140319 668.6758544272013 1.0 1.0
-610.5 -514.5 265.0 431.5 665.975562460821 671.493109555446 1.0 1.0
-542.0 -513.0 276.5 437.5 608.4546488274748 674.2223883366579 1.0 1.0
-681.0 -512.0 264.0 444.0 730.381474803331 677.7021046838677 0.0 1.0
-675.0 -510.5 257.5 445.0 722.458603351422 677.2261508199636 0.0 1.0
-543.5 -492.5 269.5 413.5 606.6535307258953 643.070410259078 0.0 0.0
-608.0 -492.0 259.5 415.5 661.4592289312693 643.975462207775 1.0 1.0
-557.5 -488.5 254.5 411.0 613.0380837015695 638.4016611702484 1.0 1.0
-625.5 -454.5 266.0 349.5 680.3159145508546 573.5595212298565 1.0 1.0
-703.5 -334.0357142857143 229.5 260.5357142857143 740.6667044836258 429.8312648331192 0.0 0.0
-677.8214285714286 -218.75 174.89285714285714 203.25 700.6153902068231 311.4902544890188 0.0 0.0
-644.25 -103.4642857142857 146.75 145.96428571428572 661.6870844435018 193.14924414491838 0.0 0.0
-610.6785714285714 -23.5 118.60714285714286 121.0 622.7587786801807 123.29702448681729 0.0 0.0
-591.75 -11.75 127.25 198.25 605.9143366440769 198.61665206611164 0.0 0.0
-621.75 -12.0 219.75 187.75 659.4441119258166 188.1381986791443 0.0 0.0
-581.5 -11.0 297.5 181.5 653.1996826155178 181.86157955658433 0.0 0.0
-615.75 -16.5 302.25 165.75 685.9327232481203 166.76292416163648 1.0 0.0
-623.25 -8.25 388.25 164.25 734.2878465308384 164.51150682437236 0.0 0.0
-626.75 -5.0 349.25 173.5 718.4005154813799 173.61840970230634 0.0 0.0
-567.5 1.75 329.5 183.25 656.6465143522657 183.29537152827038 0.0 0.0
-436.0 3.5 257.75 197.75 506.93015829526763 197.819236915969 0.0 0.0
-534.0 11.25 255.5 213.5 591.9772493243476 213.81031888450428 0.0 0.0
-531.0 10.25 255.0 228.25 589.055175953609 228.48291530225953 0.0 0.0
-474.5 -25.5 286.5 208.75 557.0717119191827 212.09970325920338 0.0 0.0
-411.75 -56.75 308.0 188.0 514.2008269706716 197.08094372943444 0.0 0.0
-404.5 -90.5 299.5 169.25 503.31056492621747 192.05524227475888 0.0 0.0
-433.0 -67.5 294.5 175.5 523.9076187979254 188.4128755934567 0.0 0.0
-471.5 -78.0 300.5 168.0 559.1181373241914 185.22439315661506 0.0 0.0
-527.0 -75.75 337.5 166.5 629.1492234430596 182.9217436008591 0.0 0.0
-396.25 -74.75 339.75 167.75 521.9695740027196 183.6680346522943 0.0 0.0
-403.5 -69.0 342.0 170.5 529.029447262584 183.95668502949357 0.0 0.0
-449.5 -63.5 326.5 171.5 557.2928738765678 182.87881060642306 0.0 0.0
-510.0 -44.75 346.0 188.5 616.3602262876935 194.5046253549006 0.0 0.0
-503.5 -28.0 319.25 197.0 596.1820542642984 198.9890912366472 1.0 0.0
-502.5 -24.625 350.0 191.0 612.3775514369613 192.58518214841558 0.0 0.0
-503.5 -22.0 336.0 187.5 605.4260270693835 188.786263788077 0.0 0.0
-559.875 -15.0 339.25 184.5 655.0699617086816 185.10875181903205 0.0 0.0
-505.5 -2.5 353.5 178.0 616.8407411966236 178.0175554525614 0.0 0.0
-503.0 96.5 302.5 182.5 587.1479867510648 213.8282105985307 1.0 0.0
-499.0 188.5 277.0 189.0 570.7276078145485 266.9415198245117 1.0 0.0
-164.0 193.5 278.0 176.0 448.0504750217925 261.61124437935746 1.0 0.0
-539.5 226.0 274.5 196.0 605.3191673457015 299.15961855406067 1.0 0.0
-539.5 239.5 275.0 187.0 605.545415369621 303.8573585963718 1.0 0.0
-539.0 245.0 274.5 175.5 604.8730846327733 301.37734194755194 1.0 0.0
-532.0 249.5 275.0 182.5 598.8732731428574 309.15124300543334 1.0 0.0
-533.5 252.5 274.5 175.5 599.9772573378925 307.5034665387823 1.0 0.0
-533.5 272.5 274.0 149.0 599.7486538710868 311.36963622240125 1.0 0.0
-533.0 384.70000000000005 273.0 141.55 598.8472652733858 411.5171729802712 1.0 0.0
-533.0 504.3 271.0 148.95 597.9391832221133 527.086789492655 1.0 0.0
-534.0 582.0 270.5 163.5 598.6036259913976 604.6471139050511 1.0 0.0
-531.5 756.0 271.0 274.0 596.6014563036763 804.5246922337003 1.0 0.0
-551.0 599.375 318.5 190.75 637.1934032633662 628.9960721550312 1.0 0.0
-552.0 513.5 335.5 215.5 645.9600315288874 556.907915417947 1.0 0.0
-549.5 504.5 333.5 201.5 642.7850441025166 543.2657830478186 1.0 0.0
-550.5 520.5 371.0 216.0 664.4159489900167 563.5464200007468 1.0 0.0
-551.5 509.5 370.0 219.5 664.7844856655786 554.7730943562369 0.0 0.0
-516.5 499.0 325.5 225.0 610.5114877288341 547.3812270802406 1.0 0.0
-510.5 617.5 324.5 261.5 604.9058997057095 670.5971927546539 1.0 0.0
-512.5 621.0 325.5 278.0 607.1310310364127 680.3863767853173 1.0 0.0
-501.5 547.0 323.0 278.0 596.5162940274433 613.8563490914637 1.0 0.0
-493.0 526.5 320.5 286.0 588.0217043676951 599.1659487342561 1.0 0.0
-490.5 559.5 318.5 299.5 584.8355103331907 634.619072061949 1.0 0.0
-492.0 576.5 317.5 310.5 585.551236016115 654.8051963702409 1.0 0.0
-486.5 568.5 316.5 312.5 580.3919156147708 648.7581845248957 1.0 0.0
-483.0 541.5 314.5 304.5 576.3672874131564 621.2607851226503 1.0 0.0
-482.0 469.0 314.5 300.0 575.5295387727723 556.74662648545 1.0 0.0
-492.0 435.0 303.5 297.0 578.2936580897384 526.720217360086 1.0 0.0
-432.0 400.5 300.5 300.0 526.3478596645848 500.4029815207291 1.0 0.0
-415.0 416.5 299.5 342.0 511.7863323692808 538.9256836812885 1.0 0.0
-433.0 61.5 283.5 346.5 518.0381395763072 355.4167649386662 1.0 0.0
-449.5 -90.83333333333334 268.0 338.16666666666663 523.3299915642611 393.9427820284064 0.0 0.0
-539.0 -223.94444444444446 288.5 342.3888888888889 611.3625463433125 472.37199311196343 0.0 0.0
-429.5 -357.05555555555554 307.5 346.6111111111111 528.2295902351552 550.8012041955205 0.0 0.0
-429.5 -490.1666666666667 309.0 350.83333333333337 529.1070482366054 629.2304152790776 0.0 0.0
-424.5 -586.0 313.0 369.0 527.420901485307 692.6592067012575 0.0 1.0
-418.0 -569.0 316.0 391.5 524.0039685756357 690.6825206475592 0.0 1.0
-407.0 -561.5 316.0 395.5 515.2758835035683 686.8060195925236 0.0 1.0
-404.5 -550.0 316.0 396.5 513.2999814987155 678.0221745880867 0.0 1.0
-404.5 -550.5 318.0 399.5 514.5331335222395 680.1841907666069 0.0 1.0
-405.5 -560.0 319.0 406.5 515.9373465561287 691.9843992531078 0.0 1.0
-419.5 -574.5 305.0 415.0 519.0713989050605 708.7141213959808 0.0 1.0
-402.5 -580.0 320.0 420.5 514.2046316198926 716.3956830028553 0.0 1.0
-438.5 -576.5 321.5 421.0 544.1195456538208 713.8621608383512 0.0 1.0
-450.5 -572.5 318.5 421.0 551.9121917423395 710.6315932764128 0.0 1.0
-422.0 -572.0 315.0 419.5 526.601377060046 709.3407231754077 0.0 1.0
-485.5 -569.5 272.0 418.5 556.5118822967461 706.7338505742946 0.0 1.0
-486.5 -566.0 264.5 418.0 553.7538007556655 703.6192466409154 0.0 1.0
-485.0 -562.0 260.5 416.0 550.5321654751972 699.2142883212139 0.0 1.0
-483.5 -580.5 256.0 357.0 547.091803793886 681.6254249354386 0.0 0.0
-481.0 -586.0 252.0 333.5 543.0154211158613 674.2546743514845 0.0 1.0
-479.5 -587.5 251.5 331.0 541.4541106481486 674.32739805249 0.0 1.0
-479.5 -586.0 252.0 331.0 541.686907635117 673.020846980161 0.0 1.0
-476.0 -586.5 252.5 331.0 538.8250825621776 673.4562423734225 0.0 1.0
-568.5 -588.0 300.0 334.0 642.8231496742635 676.2396285859763 0.0 1.0
-571.7142857142858 -602.5 283.8571428571429 310.0 639.6995172135473 678.3035509312335 0.0 1.0
-570.0 -617.0 251.0 291.5 624.9392247745285 682.3938063037106 0.0 0.0
-568.2857142857142 -628.0 218.14285714285717 298.0 610.1789323355097 695.1172968244857 0.0 0.0
-569.0 -636.0 229.5 301.5 614.4079931344947 703.845371132644 0.0 0.0
-528.0 -637.0 291.0 300.5 603.150574799556 704.3218774571683 1.0 0.0
-530.5 -631.5 269.5 298.5 595.0348092328493 698.4945019139842 1.0 0.0
-537.5 -613.5 312.0 300.5 621.4924134796754 683.1557459349269 1.0 0.0
-539.5 -603.5 294.5 312.5 614.8794428299557 679.6099982709159 1.0 0.0
-536.25 -600.5 288.0357142857143 311.5 609.1993125865288 676.4882778983543 0.0 0.0
-531.25 -585.0 304.75 310.0 613.1744109077717 662.0612626508607 0.0 0.0
-526.25 -573.0 321.4642857142857 305.5 617.1495092290145 649.353469859207 0.0 0.0
-517.0 -570.5 326.0 302.5 611.2116641786811 645.7377091436906 1.0 0.0
-532.0 -554.0 332.0 289.5 627.0971933542253 625.0851806008648 1.0 0.0
-560.5 -528.3 329.0 248.05 650.4779168182164 583.6422054496478 1.0 0.0
-564.0 -515.5 293.0 246.25 635.5687686771461 571.3169094832299 1.0 0.0
-575.5 -502.7 263.0 244.45 633.4148545682979 558.991613516812 1.0 0.0
-575.0 -483.0 231.0 349.0 619.6661012549907 595.9980975791996 0.0 0.0
-573.5 -500.0 230.5 371.5 618.0878050634615 622.916663112014 0.0 0.0
-570.5 -562.0 229.5 393.0 614.9315517994751 685.7791203080733 0.0 0.0
-558.0 -555.5 275.0 382.5 622.652554259766 674.4615640567929 0.0 1.0
-621.5 -536.5 247.5 401.0 669.8319939268879 669.808052083312 1.0 1.0
-608.0 -485.5 281.5 384.0 670.0225759574062 619.0061835284126 1.0 0.0
-603.5 -563.5 317.0 387.5 682.3704976204347 684.3115595778398 1.0 0.0
-619.5 -546.0 359.0 395.5 716.0037019408428 674.1931412179932 1.0 1.0
-585.5 -562.5 348.5 394.5 681.3949242644212 687.0491446547119 1.0 1.0
-527.0 -566.0 303.0 392.0 607.9039452523393 688.5336599070465 0.0 1.0
-602.5 -554.5 322.5 392.0 683.6890928539756 679.0695630385364 0.0 1.0
-620.5 -548.5 342.5 394.0 710.5685137345729 675.3436965929759 0.0 1.0
-546.0 -544.0 334.5 396.5 640.5832655512613 673.1633554102071 0.0 1.0
-546.0 -521.5 315.0 403.5 630.3516856017518 659.422324228699 1.0 1.0
-491.0 -504.5 291.0 403.5 571.7029165275994 646.0128887789631 1.0 1.0
-448.0 -502.0 304.0 406.0 541.4064564563973 645.631550391173 0.0 1.0
-448.5 -501.0 302.5 409.5 540.979221605568 647.0639419724656 0.0 1.0
-445.0 -502.5 301.0 412.0 537.2392557892525 649.8079335462749 0.0 1.0
-379.5 -513.5 324.125 416.5 500.10632867142 661.1894171135783 0.0 1.0
-421.5 -526.0 312.625 420.0 528.3653217706066 673.1092759238252 0.0 1.0
-463.5 -526.0 301.125 420.0 556.6243148697932 673.1092759238252 0.0 1.0
-505.5 -527.5 289.625 421.5 584.8833079689798 675.2173724068421 0.0 1.0
-538.6428571428571 -527.0 244.0 419.5 608.2152214154886 673.5797975239127 0.0 1.0
-545.2142857142858 -527.5 230.625 418.0 616.7658959039637 673.0380747030587 0.0 1.0
-551.7857142857142 -526.0 262.125 418.5 625.3165703924387 672.1742705578665 0.0 1.0
-558.3571428571429 -526.5 293.625 420.5 633.8672448809139 673.8120306412457 0.0 1.0
-555.5 -527.0 306.0 423.5 634.2150125034916 676.0778431512158 0.0 1.0
-586.5 -528.0 323.5 426.0 669.8296717061625 678.4246457787335 0.0 1.0
-629.5 -528.0 358.5 427.5 724.4270578641833 679.367647895782 0.0 1.0
-639.5 -528.5 268.0 428.0 693.3861026494039 680.070879380121 0.0 1.0
-649.0 -527.5 343.0 428.0 734.0640594951869 679.2940458698627 0.0 1.0
-657.5 -526.0 340.5 423.5 740.4367264141805 675.2990035831222 1.0 1.0
-637.0 -517.03125 327.5 391.6875 716.2583731940438 648.9302052092225 1.0 1.0
-615.5 -497.15625 296.5 354.4375 683.8469745131955 611.675522931813 1.0 0.0
-623.0 -477.28125 282.0 317.1875 683.9798030905833 574.4208406544034 1.0 0.0
-502.5 -457.40625 286.5 279.9375 578.4363363662874 537.1661583769937 0.0 0.0
-526.5 -448.5 296.0 285.5 604.0162408430559 532.2504895130767 1.0 0.0
-553.5 -466.0 304.5 360.5 631.7344531175922 589.1673061128845 1.0 0.0
-579.0 -525.0 305.5 368.0 654.653821641118 641.132454726564 1.0 0.0
-567.0 -518.0 300.0 378.5 641.4745909585745 641.5548736898926 1.0 1.0
-585.0 -520.0 306.5 391.0 660.429616519639 650.6005230115659 1.0 1.0
-573.0 -518.0 276.0 400.0 636.5327355132882 654.4654413399189 1.0 1.0
-585.5 -511.5 306.0 405.0 660.6411319711522 652.4257902448423 1.0 1.0
-586.5 -504.5 311.5 397.0 664.0892376235392 642.0116130176946 1.0 1.0
-608.0 -507.5 319.0 383.5 686.6055594003408 636.1045436875445 1.0 1.0
-631.5 -511.0 329.5 373.5 712.2938673731487 632.9485775222984 1.0 1.0
-639.0 -515.5 332.0 362.5 720.1024954528722 630.1974246551058 1.0 1.0
-633.0 -515.5 332.0 355.5 714.7817852115692 626.1993747481429 1.0 1.0
-630.0 -535.5 331.0 377.0 711.6613126938724 654.8978209827765 1.0 1.0
-598.0 -547.0 302.0 394.0 669.9331557530663 674.1253688134054 1.0 1.0
-589.0 -550.5 295.5 410.0 658.9698399845106 686.403853427412 1.0 1.0
-583.5 -550.5 290.5 427.0 651.8151210735999 696.6948250834585 1.0 1.0
-587.0 -548.0 289.0 440.0 654.2864391249891 702.7833905948721 1.0 1.0
-587.0 -546.5 286.0 446.5 652.9664794006949 705.7087928505578 1.0 1.0
-632.5 -546.0 263.5 447.0 686.2700843411221 705.6381152398152 1.0 1.0
-665.0 -545.0 220.0 440.5 700.446286306095 700.7606330005148 0.0 1.0
-668.5 -542.5 218.0 418.5 703.1524435870349 685.1690956426205 0.0 1.0
-667.5 -543.5 212.5 396.5 700.5101585291707 672.7628528931484 0.0 1.0
-667.5 -547.5 211.0 373.5 700.0557926159561 662.7661599453518 0.0 1.0
-665.0 -550.0 208.0 351.0 696.7711015234927 652.4577975993479 0.0 1.0
-665.0 -551.5 207.5 334.5 696.621619898893 645.0135657488144 0.0 1.0
-658.0 -551.5 206.0 321.5 689.493360016571 638.3686239156808 0.0 1.0
-660.5 -553.5 207.0 315.0 692.1771810743257 636.8614762743565 0.0 1.0
-808.75 -596.5 191.25 300.0 832.5680993553658 667.7025504948837 0.0 0.0
-859.0 -598.5 209.0 307.5 885.831249142444 672.8769907898255 0.0 1.0
-641.0 -599.5 325.0 321.0 718.685247762559 680.037330236667 0.0 1.0
-642.0 -601.0 323.0 343.0 718.6746130908418 691.9965609356666 1.0 1.0
-641.0 -588.5625 320.5 351.8125 716.6599263249059 685.984624432769 1.0 1.0
-640.5 -562.8125 318.0 371.0625 715.097931927472 674.7563395533983 1.0 0.0
-640.5 -540.0 319.0 363.5 715.5426609838762 651.1512496354192 1.0 1.0
-618.5 -556.5 337.0 404.0 704.5173853388571 687.7036652909414 1.0 1.0
-583.5 -553.0 340.5 414.0 675.5846158904026 690.8013041953893 1.0 1.0
-577.5 -552.0 342.5 409.5 671.4267856952661 687.3106734382055 1.0 1.0
-572.5 -553.5 345.0 400.0 668.4174215373794 682.909404453647 1.0 1.0
-567.5 -554.5 360.5 388.5 672.4235905385938 677.0544905060246 1.0 1.0
-626.5 -558.0 395.5 377.5 741.1849637263568 673.6996184356146 1.0 1.0
-638.5 -559.5 399.5 366.0 753.6244438589803 668.5777972241181 0.0 1.0
-603.5 -561.0 419.5 357.0 735.9220971144848 664.9587791293574 0.0 1.0
-579.0 -559.0 436.0 348.5 724.9731347025354 658.7361197993409 0.0 1.0
-635.0 -556.5 452.5 340.0 780.6275967405195 652.1447097439843 0.0 1.0
-573.5 -553.5 453.5 341.0 731.1393334535433 650.1120054366315 1.0 1.0
-657.0 -550.0 413.0 349.0 776.9009119004093 651.389288275684 1.0 1.0
-584.0 -547.0 418.0 364.0 718.9517573050255 657.0479014315811 0.0 1.0
-537.5 -538.5 387.0 373.0 662.3256392220903 655.0807851581148 0.0 1.0
-528.5 -532.0 371.0 375.5 645.7205832146974 651.172189606157 1.0 1.0
-524.5 -532.5 374.0 389.0 644.1953365725558 659.452433997034 1.0 1.0
-523.5 -532.5 375.0 397.0 643.9543953533068 664.2027847834355 1.0 1.0
-523.0 -529.5 371.0 400.0 641.2255190737606 663.6046017747126 1.0 1.0
-520.5 -534.5 370.0 408.5 638.608230579114 672.7344206214 1.0 1.0
-518.0 -538.5 376.5 412.0 640.3719622219573 678.0311635183614 1.0 1.0
-581.5 -534.5 325.0 400.0 668.2717502167707 667.6014471724488 1.0 1.0
-444.5 -533.5 308.5 387.5 542.3754673746415 659.378474729571 0.0 1.0
-442.0 -534.0 310.5 375.0 541.4827468759149 652.5199020763382 0.0 1.0
-497.5 -526.0 301.5 348.5 581.7292941052029 630.9836474850075 1.0 1.0
-503.0 -521.5 299.5 331.5 585.4139002153754 617.9438258826194 1.0 1.0
-497.5 -521.0 289.5 322.5 575.6009902701697 612.7375049725616 1.0 1.0
-500.5 -520.0 289.0 314.0 577.9517768426354 607.4505602926472 1.0 1.0
-504.5 -520.5 292.0 309.0 582.9101845261011 605.3122447729788 1.0 1.0
-506.5 -522.0 290.5 309.5 583.8978438865219 606.8589973491702 1.0 1.0
-509.5 -522.5 292.0 313.5 587.2433189961951 609.3371338733525 1.0 1.0
-511.0 -523.0 293.5 317.5 589.291199606171 611.8307724290123 1.0 1.0
-512.5 -523.5 290.5 326.5 589.1069211082148 616.9751598432791 1.0 1.0
-507.5 -522.0 284.0 333.0 581.56226001561 619.1725116636246 1.0 1.0
-616.0 -522.5 260.0 342.5 668.6248094044465 624.7512095048289 0.0 1.0
-613.0 -522.5 260.0 350.5 665.8596475704535 629.1718284063404 1.0 1.0
-615.5 -526.5 263.5 370.0 669.5324828804005 643.5261589882084 1.0 1.0
-607.5 -527.0 245.0 382.5 655.2345153842314 651.179956892363 1.0 1.0
-614.5 -527.0 234.5 390.0 657.7241606949443 655.6134531871658 1.0 1.0
-613.5 -526.5 259.0 397.5 666.6198644657916 659.7034631069841 1.0 1.0
-535.5 -526.0 271.0 404.5 600.1678547616899 663.5482273354364 1.0 1.0
-534.0 -540.0 271.5 424.5 599.0602776477295 686.877531246441 1.0 1.0
-539.5 -539.5 276.5 433.0 606.2281109746623 691.7726519988175 1.0 1.0
-553.5 -540.0 284.0 446.0 622.1082480191305 700.3688988501078 1.0 1.0
-550.0 -540.0 240.5 456.0 600.2845131243046 706.779020445711 0.0 1.0
-558.0 -541.0 238.0 462.5 606.6497587295082 711.7503424241527 1.0 1.0
-524.0 -542.0 316.5 467.5 612.3912953257814 715.7671015101711 0.0 1.0
-600.5 -535.0 330.0 460.5 685.2034058929285 705.8996583628098 1.0 1.0
-596.5 -527.5 329.0 430.0 681.3251565472565 680.5560695709303 1.0 1.0
-548.5 -527.5 318.5 437.0 634.2669808059916 685.0012709907712 1.0 1.0
-545.0 -525.0 314.0 436.0 628.9842087681731 682.4402530053982 1.0 1.0
-542.5 -525.5 310.5 435.5 625.0745572740741 682.5034766598213 1.0 1.0
-559.0 -527.5 314.5 434.5 641.4426836597019 683.4114794916438 1.0 1.0
-548.5 -530.0 311.5 427.0 630.7817515907743 680.6092858608381 1.0 1.0
-553.5 -525.0 314.0 420.5 636.3637307502134 672.6408749053489 1.0 1.0
-550.0 -531.0 311.5 426.0 632.0863160702431 680.7630784137673 1.0 1.0
-548.5 -531.5 311.0 419.5 630.5341016923876 677.1064289756482 1.0 1.0
-561.0 -531.5 299.5 413.0 635.9668869455137 673.0987100859822 1.0 1.0
-535.5 -529.5 247.5 406.5 590.5597835792519 667.5422513181527 0.0 1.0
-568.0 -530.0 249.5 402.5 620.4035142071023 665.5127767246559 1.0 1.0
-564.0 -530.0 249.5 398.5 616.7224388509533 663.10060300861 1.0 1.0
-516.0 -529.5 290.5 391.5 592.2513487741442 658.5153756747067 1.0 1.0
-530.0 -528.0 288.0 381.5 603.1948337246336 651.4032928992607 1.0 1.0
-537.5 -525.5 285.0 371.5 608.4035870817727 643.5545931120791 1.0 1.0
-544.5 -517.0 284.0 355.0 614.1141994775891 627.1564726035563 1.0 1.0
-548.5 -511.5 312.0 349.0 631.52960847184 619.2198859993124 1.0 1.0
-557.0 -507.5 319.0 354.0 641.8802404939205 618.7668528402173 1.0 1.0
-561.0 -498.5 323.0 365.5 647.3424144627679 618.1368379028709 1.0 1.0
-561.5 -410.79166666666663 324.0 355.125 648.2733093029159 617.1546739385285 1.0 1.0
-562.5 -293.84722222222223 331.5 339.95833333333337 652.9202004500189 615.0567312876844 1.0 1.0
-566.5 -176.9027777777778 337.5 324.79166666666663 659.4152941435505 612.9587886368405 1.0 1.0
-568.0 -59.95833333333334 336.0 309.625 659.9406539641425 610.8608459859965 1.0 1.0
-574.5 56.986111111111086 311.5 294.45833333333337 654.0120135000325 608.7629033351525 1.0 1.0
-578.5 173.93055555555554 287.0 279.2916666666667 645.780958410639 606.6649606843084 1.0 0.0
-576.0 290.875 314.0 264.125 656.4761110091408 604.5670180334646 1.0 0.0
-537.0 407.81944444444446 327.5 248.95833333333334 629.0157837319498 602.4690753826205 0.0 0.0
-542.0 524.7638888888889 325.5 233.79166666666669 632.2300581265288 600.3711327317765 1.0 0.0
-542.5 613.625 325.5 240.125 632.6584897923749 658.9760586658217 1.0 0.0
-542.5 819.5 327.5 298.0 633.6896836097151 873.5846385599546 1.0 0.0
-536.5 549.5 326.5 283.0 628.0406898451081 618.1197425596955 1.0 0.0
-533.5 524.5 325.0 304.0 624.6977810633448 606.2649736696133 1.0 0.0
-533.0 484.5 325.0 304.0 624.2707745842343 571.9969231956445 1.0 0.0
-534.0 515.5 326.0 307.25 625.6454838853681 600.1390482867232 1.0 0.0
-534.625 526.25 325.625 309.0 625.9836551160058 610.2632176307886 1.0 0.0
-537.5 526.5 322.0 315.0 626.5810493800235 613.5436007217022 1.0 0.0
-546.0 523.0 323.75 319.5 634.7678973062942 612.8774307089935 1.0 0.0
-543.5 521.0 324.25 324.25 632.874678426883 613.6621790349136 1.0 0.0
-541.0 520.25 325.75 322.75 631.501611532585 612.2320390624391 1.0 0.0
-540.25 519.5 326.0 316.75 630.9881767378449 608.4630314365645 1.0 0.0
-542.75 518.25 326.75 305.5 633.5165273223768 601.603999725425 1.0 0.0
-546.25 517.0 327.25 298.0 636.774443216397 596.7378004377221 1.0 0.0
-550.5 516.0 328.5 292.25 641.0636591724224 593.0163414337467 1.0 0.0
-554.75 501.5 327.25 287.75 644.0826667763495 578.1898507948598 1.0 0.0
-556.5 495.25 324.75 286.0 644.3254085531667 571.9006938674813 1.0 0.0
-555.5 494.0 322.5 279.5 642.3291111098367 567.5999663513901 1.0 0.0
-540.75 490.0 314.75 273.25 625.6839638342403 561.0422047971397 1.0 0.0
-524.25 488.75 306.75 271.75 607.3990722861045 559.2184087589618 1.0 0.0
-524.5 490.0 306.5 273.75 607.4888364084159 561.283431430558 1.0 0.0
-525.25 491.5 306.0 278.5 607.8845106903836 564.9248505009559 1.0 0.0
-524.5 492.5 304.5 287.25 606.4820961055013 570.1558884187145 1.0 0.0
-521.5 493.25 303.25 296.25 603.2601542790809 575.3865555326121 1.0 0.0
-543.0 509.5 315.75 282.5 628.1530506417936 582.5817461305026 1.0 0.0
-546.25 506.75 324.25 286.5 635.2385554629491 582.1327634631116 1.0 0.0
-544.0 504.25 326.0 284.5 634.2018838975355 578.9761215823327 1.0 0.0
-544.0 501.75 324.5 276.5 633.4325855932648 572.9006724187773 1.0 0.0
-547.75 499.75 324.75 264.75 636.7831683176862 565.5718928839215 1.0 0.0
-548.0 492.0 326.0 272.75 637.6364649160266 562.5447330058907 1.0 0.0
-545.0 490.25 324.0 270.0 634.0360706354184 559.6838379328487 1.0 0.0
-546.25 489.5 323.25 262.0 634.7288368725964 555.2066681231943 1.0 0.0
-545.0 487.5 324.0 259.5 634.0356938959815 552.2655875666394 1.0 0.0
-546.0 484.0 324.0 261.5 634.8953555926646 550.1260847337601 1.0 0.0
-527.0 436.5 314.0 312.5 613.4548916898483 538.5463780851185 1.0 0.0
-526.5 206.5 309.5 252.0 610.7316254745331 327.0298841710353 1.0 0.0
-524.0 152.0 308.0 242.0 607.8159727897437 285.7764498253475 1.0 0.0
-522.5 142.0 286.5 246.0 596.3215969341671 284.0422503783548 1.0 0.0
-515.7142857142858 136.5 244.28571428571428 250.5 571.1395551103994 285.27628228928495 0.0 0.0
-506.0 132.5 222.0 253.5 553.3145080543621 286.03967619237744 0.0 0.0
-496.28571428571433 110.0 199.71428571428572 249.0 535.4894609983248 272.8902978704248 0.0 0.0
-532.0 -8.5 244.0 230.5 586.5023449757693 230.65875695584248 0.0 0.0
-542.0 -12.5 307.5 228.0 623.1680703715067 228.34294219621128 1.0 0.0
-544.0 -24.5 310.0 226.0 626.1305423500481 227.32899917532066 1.0 0.0
-542.5 -40.5 270.5 222.0 606.199424076581 225.66437849801727 0.0 0.0
-533.0 -33.5 310.0 223.5 616.6038888350688 227.63009812274785 1.0 0.0
-518.4000000000001 65.5 307.125 213.0 602.5592307506488 222.8567678488597 0.0 0.0
-513.5999999999999 55.5 306.625 196.0 598.1869136573473 203.70632920334918 0.0 0.0
-508.8 54.0 306.125 175.5 593.8145965640458 183.6298017521743 0.0 0.0
-504.0 78.5 305.625 159.5 589.4422794707443 179.84899871344322 0.0 0.0
-499.2 106.0 305.125 144.0 585.0699623774428 178.84607876526795 0.0 0.0
-584.5 142.0 384.5 129.5 699.633288326665 192.3784649503835 0.0 0.0
-612.5 218.6875 317.0 119.375 689.6731431984844 253.26487273125008 1.0 0.0
-630.5 316.9375 276.5 117.875 689.6413760799632 339.57206356599613 1.0 0.0
-622.5 345.5 226.5 80.0 662.4266683945422 355.62434044731333 0.0 0.0
-639.0 373.0 274.0 137.0 696.340378523541 397.4389869308476 0.0 0.0
-655.0 385.5 269.5 169.0 709.7658992328468 420.9238681959221 0.0 0.0
-658.0 387.5 320.0 170.0 731.6857575612302 423.17188652442996 1.0 0.0
-649.5 535.5 316.5 269.0 722.5113925901832 599.4160197669014 1.0 0.0
-577.5 582.0 326.0 272.5 663.940082314618 642.6361049344046 0.0 0.0
-549.5 551.0 323.0 260.0 637.5982755579721 609.263393868569 0.0 0.0
-526.0 525.5 318.5 256.0 615.0867933717218 584.5434073192373 0.0 0.0
-511.0 498.5 297.5 250.0 591.293395138775 557.6768804713327 1.0 0.0
-498.0 482.5 296.0 270.0 579.3292238105109 552.9096828435003 1.0 0.0
-499.5 386.3571428571429 297.0 284.4642857142857 581.1626933571968 585.4129753473387 1.0 0.0
-512.0 256.83333333333337 305.5 300.4166666666667 596.2867099129185 625.9594049515288 1.0 0.0
-497.0 127.30952380952382 306.5 316.36904761904765 583.9103326792533 666.5058345557188 1.0 0.0
-499.0 -2.214285714285694 307.5 332.32142857142856 586.1375919404312 707.052264159909 1.0 0.0
-501.5 -131.73809523809524 308.0 348.2738095238095 588.5289444631507 747.5986937640992 1.0 0.0
-502.0 -261.2619047619047 310.0 364.2261904761905 590.0034483092167 788.1451233682892 1.0 0.0
-500.0 -390.7857142857143 310.0 380.17857142857144 588.3027022004827 828.6915529724793 1.0 0.0
-500.5 -520.3095238095237 309.5 396.13095238095235 588.4645497708657 869.2379825766694 1.0 0.0
-501.0 -649.8333333333334 308.0 412.0833333333333 588.103284360421 909.7844121808596 1.0 0.0
-502.5 -779.3571428571428 307.0 428.0357142857143 588.8596797577488 950.3308417850496 1.0 0.0
-503.5 -836.0 306.5 434.0 589.4531127038331 942.0350998252832 1.0 0.0
-635.0 -764.5 341.5 403.0 721.0046842881632 864.233990066065 0.0 0.0
-642.5 -706.5 343.5 377.5 728.5600992823877 801.0537860729867 1.0 1.0
-650.5 -634.0 345.0 359.5 736.3255940866284 728.8777125075211 1.0 1.0
-655.5 -564.9642857142858 345.5 356.0357142857143 740.9794198045131 670.0243053850038 1.0 1.0
-659.5 -490.25 346.5 348.75 744.9849428310866 605.3148922699853 1.0 1.0
-578.5 -415.53571428571433 323.5 341.4642857142857 662.8080695070872 540.6054791549668 0.0 1.0
-575.5 -358.0 323.5 338.5 660.1916693264939 492.70108183336447 1.0 1.0
-559.5 -333.0 320.5 344.5 644.7982061281563 479.13486139062286 1.0 1.0
-550.0 -358.5 319.0 359.5 635.8162500690601 507.71109634596047 1.0 1.0
-530.0 -415.5 313.5 362.0 615.7802860236604 551.0892137976178 1.0 1.0
-524.5 -491.0 311.5 372.5 610.0267902423674 616.322079659724 1.0 1.0
-524.5 -559.5 310.0 385.0 609.2622056861514 679.1651148701351 1.0 1.0
-525.5 -602.0 311.0 394.0 610.6321455276728 719.4745817161445 1.0 1.0
-628.5 -613.0 408.5 397.5 750.145324592243 730.5993479918435 1.0 1.0
-667.5357142857142 -598.5 438.7142857142857 401.5 800.5003438192858 720.6977043341537 0.0 1.0
-620.25 -555.5 369.0 409.0 724.5134359396791 689.8535662692987 0.0 1.0
-572.9642857142858 -504.5 299.28571428571433 419.5 648.5265280600725 656.1358625922762 0.0 1.0
-541.0 -490.0 255.0 418.5 598.1128651111853 644.3969405061324 1.0 1.0
-570.0 -492.0 299.0 415.0 643.6626926219726 643.6529374811332 1.0 1.0
-592.0 -505.5 307.0 412.5 666.8683453917326 652.4468558607223 1.0 1.0
-598.0 -516.5 308.5 414.5 672.887883042843 662.2630095635919 1.0 1.0
-604.0 -520.0 309.0 413.5 678.4519146010398 664.3726500720702 1.0 1.0
-580.5 -517.0 304.0 411.0 655.2833844841782 660.462032831393 1.0 1.0
-580.0 -516.5 280.5 409.0 644.6751031481938 658.8274701265512 1.0 1.0
-600.0 -520.0 323.0 410.0 681.471222203292 662.1943329735877 1.0 1.0
-592.0 -519.5 338.0 411.5 682.1420855287641 662.7312076671979 1.0 1.0
-581.5 -516.5 306.0 412.5 657.1001527133357 661.0059003801337 1.0 1.0
-576.0 -505.5 304.0 404.5 651.3004052386354 647.4195390965792 1.0 1.0
-577.5 -498.0 303.5 373.5 652.3954326546414 622.5002008036986 1.0 1.0
-544.5 -505.5 284.5 370.5 614.345588991912 626.738502515212 1.0 1.0
-538.5 -506.5 278.5 366.5 606.2545224415926 625.1915968832463 1.0 1.0
-550.5 -498.5 282.0 364.5 618.5263770685935 617.545676775623 1.0 1.0
-570.5 -501.5 289.5 381.0 639.7505019732273 629.8336315621829 1.0 1.0
-570.0 -509.5 238.0 394.0 617.692498868844 644.0700723055456 0.0 1.0
-565.5 -514.0 233.5 389.0 611.8141671744377 644.6060812620372 0.0 1.0
-557.0 -516.5 234.5 389.0 604.3528643587412 646.601376802462 0.0 1.0
-558.0 -517.0 235.5 391.5 605.6603521797175 648.5069390530837 0.0 1.0
-559.5 -514.0 235.5 395.0 607.0427734367047 648.2446242146677 0.0 1.0
-560.0 -514.0 234.5 395.5 607.1165149313088 648.5496294687644 0.0 1.0
-520.0 -506.5 265.5 396.0 585.09119984579 642.9441260061872 0.0 1.0
-467.65 -499.5 281.4 401.0 545.7861852564693 640.5501343714017 0.0 1.0
-465.85 -498.5 280.6 403.5 543.8314628787205 641.338058659759 0.0 1.0
-462.0 -496.0 279.0 406.0 539.7084309172808 640.9774569369515 0.0 1.0
-480.6875 -495.0 290.9375 406.5 561.8764433288113 640.521076936583 0.0 1.0
-508.9375 -495.0 308.1875 406.5 594.9764467816892 640.5233991239243 0.0 1.0
-537.1875 -521.5 325.4375 404.0 628.0764502345669 659.681326737195 0.0 1.0
-565.4375 -519.5 342.6875 402.5 661.1764536874448 657.1807269876117 0.0 1.0
-570.0 -518.5 336.5 400.5 661.9190922973971 655.1660807921648 1.0 1.0
-585.0 -518.5 339.5 402.5 676.3833190744004 656.3905803743835 1.0 1.0
-605.0 -520.0 343.0 405.5 695.4667594968589 659.416598213906 1.0 1.0
-608.5 -520.5 342.5 405.0 698.2685469937395 659.5041639991617 1.0 1.0
-611.5 -522.0 343.0 405.0 701.1288849680841 660.6893404092896 1.0 1.0
-583.5 -507.5 336.0 376.0 675.6393722118482 631.6108460409752 1.0 1.0
-630.5 -504.5 405.0 377.5 749.3722823576902 630.100516002466 1.0 1.0
-653.0 -503.5 405.0 379.5 768.3970339898719 630.5019107256281 1.0 1.0
-673.0 -502.5 427.5 382.0 797.4213508891637 631.2134412686516 1.0 1.0
-697.5 -499.5 544.5 382.5 884.8652608714744 629.1316695174587 0.0 1.0
-693.0 -497.5 436.5 382.0 819.1555928825633 627.2406867373659 0.0 1.0
-672.5 -495.0 415.0 379.0 791.7769928146784 623.4317969985589 0.0 1.0
-513.0 -491.5 371.5 376.5 633.3888817005484 619.1331988835913 1.0 1.0
-510.0 -482.5 374.0 375.0 632.4365860738385 611.090724381649 1.0 1.0
-512.0 -455.0 375.0 376.0 634.6409120805404 590.25553298161 1.0 1.0
-511.5 -345.6764705882353 373.0 375.52941176470586 633.0570669378867 614.5058416771378 1.0 1.0
-516.5 -199.91176470588238 377.5 376.2352941176471 639.7549498923087 647.6889362595655 1.0 1.0
-529.0 -54.14705882352945 392.5 376.94117647058823 658.7088971897516 680.8720308419929 1.0 1.0
-526.5 91.61764705882348 392.0 377.6470588235294 656.4046407833875 714.0551254244203 1.0 1.0
-524.0 237.3823529411764 390.0 378.3529411764706 653.2044772651041 747.2382200068478 1.0 0.0
-524.0 383.14705882352933 390.5 379.05882352941177 653.5036751221262 780.4213145892754 1.0 0.0
-528.0 528.9117647058822 391.0 379.7647058823529 657.0125486852539 813.6044091717029 1.0 0.0
-525.5 674.6764705882351 389.0 380.47058823529414 653.8128638202204 846.7875037541303 1.0 0.0
-525.0 861.5 389.5 446.0 653.7088501321823 970.3563549471385 1.0 0.0
-529.5 751.5 393.0 397.0 659.4088805404155 849.9271183689928 1.0 0.0
-530.0 717.0 390.0 353.5 658.0274217823942 799.7169092725175 1.0 0.0
-571.5 639.5 325.5 307.5 657.6978870667311 709.6499542317932 0.0 0.0
-599.5 580.5 317.5 292.0 678.388812539654 649.8069957326126 1.0 0.0
-598.0 558.0 309.0 271.0 673.116025911743 620.3293263570524 1.0 0.0
-602.5 525.0 309.5 262.0 677.3537935670238 586.7801247458106 1.0 0.0
-609.0 547.0 238.5 263.5 654.0361929214755 607.1583985857656 0.0 0.0
-606.0 541.0 245.0 273.5 653.6521555752579 606.2173025123487 1.0 0.0
-606.5 540.0 247.0 289.5 654.867516704452 612.7092933337822 1.0 0.0
-607.0 543.0 247.5 298.5 655.5200170109188 619.6379991575726 1.0 0.0
-605.0 545.5 247.0 304.0 653.4787104172394 624.4887909322313 1.0 0.0
-602.0 546.0 247.5 310.0 650.8918970525757 627.8662277906019 1.0 0.0
-627.0 544.5 243.5 312.5 672.8369671563012 627.803064708085 1.0 0.0
-597.0 543.5 299.0 310.5 667.6918839397908 625.9414417362912 1.0 0.0
-597.0 541.5 258.5 311.5 650.5622597265002 624.7036800279255 1.0 0.0
-595.0 541.0 258.5 315.0 648.7288668973702 626.0245576770687 1.0 0.0
-594.0 531.0 257.0 308.5 647.2133787851103 614.1281632717755 1.0 0.0
-591.0 486.5 258.5 188.0 645.0606871819565 522.0683733434973 1.0 0.0
-589.5 486.5 259.0 156.5 643.8876380628085 511.0524476419317 1.0 0.0
-621.0 479.5 321.5 145.0 699.4311935014968 500.94458680997366 1.0 0.0
-687.5 472.5 375.5 124.5 783.3623297410943 488.63183002089266 1.0 0.0
-689.5 474.45000000000005 374.0 124.125 784.4018421701978 490.42710207618 1.0 0.0
-689.5 481.04999999999995 373.0 127.625 783.9255746554803 497.70791326046526 1.0 0.0
-689.5 487.65 371.5 131.125 783.213226897376 504.9887244447506 1.0 0.0
-691.5 494.25 371.0 134.625 784.737730632186 512.2695356290359 1.0 0.0
-693.5 500.85 369.0 138.125 785.56036010236 519.5503468133211 1.0 0.0
-695.5 506.0 367.5 141.5 786.6237706385505 525.4537127634741 1.0 0.0
-697.0 521.5 365.5 149.5 787.0192525721964 542.5074704165762 1.0 0.0
-698.0 521.5 366.5 154.0 788.3693894378512 543.7834310351441 1.0 0.0
-647.5 531.5 349.0 178.0 735.6257435322377 560.5499039348547 1.0 0.0
-626.0 540.5 340.5 200.0 712.6287304190573 576.3279785224453 1.0 0.0
-640.0 547.5 345.5 223.0 727.3036141872142 591.1873466402076 1.0 0.0
-628.5 552.5 342.0 231.5 715.5253724544748 599.0455026113693 1.0 0.0
-601.0 544.0 331.0 248.5 686.1352279853973 598.2580197652728 1.0 0.0
-608.0 534.5 333.0 250.5 693.2204917839654 590.2896013268396 1.0 0.0
-621.5 530.0 336.5 244.5 706.749288413822 583.6782588159439 1.0 0.0
-670.0 529.0 296.5 240.5 735.1898723549231 581.1035291757452 1.0 0.0
-678.5 529.0 245.5 236.5 721.548682775702 579.4594463808489 0.0 0.0
-674.5 528.5 246.0 233.0 717.959803436195 577.5823018736613 0.0 0.0
-656.5 527.5 245.0 232.0 700.7277542116406 576.2640805397743 0.0 0.0
-661.5 527.5 243.0 232.0 704.7229899719268 576.2641024195386 0.0 0.0
-664.5 528.0 239.5 235.5 706.3430480022876 578.1387882837457 0.0 0.0
-662.0 532.5 237.0 225.0 703.1457077965804 578.2159117480403 0.0 0.0
-662.5 534.5 234.5 217.0 702.7779928798254 576.8705871073042 0.0 0.0
-668.0 533.0 239.5 217.0 709.6368589102582 575.4806995431013 0.0 0.0
-668.5 531.5 238.5 215.5 709.7708938608154 573.5263725409669 0.0 0.0
-669.5 528.5 240.0 209.0 711.2174421370725 568.3249510623302 0.0 0.0
-674.5 524.5 242.5 198.0 716.768094551438 560.6284698293359 0.0 0.0
-676.0 523.0 244.0 192.0 718.6876929515352 557.1292489180585 0.0 0.0
-677.0 524.5 244.0 191.5 719.6283962859536 558.3659194470952 0.0 0.0
-678.0 528.0 244.0 189.5 720.569219436967 560.9761581386504 0.0 0.0
-620.5 525.5 344.5 188.5 709.7238160566227 558.2855196936988 0.0 0.0
-622.5 515.0 340.0 188.5 709.2998713119555 548.4166093719772 1.0 0.0
-622.5 503.5 339.0 191.5 708.8210281869465 538.6895819084966 1.0 0.0
-621.5 498.5 339.5 195.5 708.1826689102522 535.46495373171 1.0 0.0
-621.5 500.5 339.0 200.0 707.9429708670042 538.980951033195 1.0 0.0
-620.5 487.5 337.5 211.0 706.347334585251 531.2046332216743 1.0 0.0
-619.5 491.0 337.5 212.0 705.4691295741793 534.8145165534976 1.0 0.0
-572.0 483.5 322.5 215.5 656.6507961328557 529.3514936807373 1.0 0.0
-568.0 461.5 320.0 223.5 651.9386936146064 512.7718642096884 1.0 0.0
-561.0 415.0833333333333 317.5 234.91666666666669 644.6141033331934 484.69241333429903 1.0 0.0
-555.0 351.19444444444446 315.5 248.1388888888889 638.4084460731672 444.58139204511315 1.0 0.0
-557.5 287.30555555555554 317.0 261.3611111111111 641.324460161854 404.4703707559272 1.0 0.0
-548.0 223.41666666666669 316.5 274.58333333333337 632.8608534608034 364.3593494667414 1.0 0.0
-490.5 104.0 311.5 302.0 581.0529347658083 327.71240147152037 1.0 0.0
-486.5 -64.47500000000001 311.5 331.35 577.6804283589443 382.7737731753403 1.0 0.0
-503.0 -193.77500000000003 312.5 347.15 592.2095694724899 464.94051148487557 1.0 0.0
-515.0 -323.07500000000005 311.5 362.95 601.8782618048247 547.1072497944108 1.0 0.0
-505.5 -452.37500000000006 307.0 378.75 591.4216965085574 629.2739881039461 1.0 0.0
-503.5 -581.675 303.5 394.55 587.898432237608 711.4407264134813 1.0 0.0
-504.0 -603.5 298.5 413.5 585.76301942081 731.5826276469354 1.0 1.0
-505.0 -588.5 292.0 419.5 583.3433522967571 722.7916755839922 1.0 1.0
-512.5 -532.0 289.5 395.5 588.6177266273893 662.9101713904072 1.0 0.0
-621.5 -553.0 328.5 432.5 702.987710195602 702.0456373938054 0.0 1.0
-641.0 -550.0 251.0 435.0 688.3925996080634 701.2311289473091 0.0 1.0
-657.0 -546.5 311.0 438.5 728.3842663050361 700.6751560404061 0.0 1.0
-663.0 -542.0 315.0 432.5 735.3366127699983 693.4123153191108 0.0 1.0
-568.5 -543.5 339.0 434.5 661.9013296716843 695.8322531604641 0.0 1.0
-641.5 -546.5 360.0 438.0 735.6101693006436 700.3617259025805 0.0 1.0
-658.5 -547.0 361.5 441.5 751.202470977501 702.9449058751063 1.0 1.0
-670.0 -546.0 363.5 439.5 762.2549142681639 700.9112234492268 1.0 1.0
-582.5 -543.5 338.0 441.5 673.4619162377846 700.2248102563811 0.0 1.0
-603.0 -541.0 342.0 437.5 693.2586994066805 695.7638048424546 1.0 1.0
-704.0 -536.0 357.0 433.0 789.3856061546644 689.0464587710642 1.0 1.0
-715.6136363636364 -533.5 329.1590909090909 430.5 791.7398301051013 685.5308326944288 0.0 1.0
-728.4318181818182 -529.0 302.7045454545455 426.0 797.3245793486656 679.2049724156675 0.0 1.0
-741.25 -505.0 276.25 380.0 802.9093285922297 632.0009876734578 0.0 0.0
-754.0681818181818 -503.5 249.79545454545453 383.0 808.4940778357939 632.614739288862 0.0 1.0
-766.8863636363636 -503.5 223.34090909090912 388.0 814.0788270793581 635.6543139589231 0.0 1.0
-779.7045454545455 -504.0 196.88636363636363 392.5 819.6635763229223 638.805511945526 0.0 1.0
-792.5227272727273 -505.5 170.4318181818182 398.5 825.2483255664865 643.6873507039452 0.0 1.0
-805.340909090909 -513.0 143.97727272727275 422.5 830.8330748100507 664.5870564463983 0.0 1.0
-818.159090909091 -516.5 117.5227272727273 433.0 836.4178240536148 673.9890577746793 0.0 1.0
-830.9772727272727 -517.5 91.06818181818184 439.0 842.002573297179 678.6216879678057 0.0 1.0
-843.7954545454545 -516.5 64.61363636363637 443.0 847.5873225407432 680.4566481415256 0.0 1.0
-699.5 -516.5 202.0 446.0 728.083025727441 682.4151139216722 0.0 1.0
-552.5 -516.5 288.5 443.5 623.2884642423555 680.782693379483 0.0 1.0
-556.5 -505.0 245.5 436.0 608.2601233335137 667.2053955630877 1.0 1.0
-568.15625 -495.0 280.21875 430.0 635.8674621697778 655.6876408276328 0.0 1.0
-609.03125 -496.0 343.84375 425.5 702.8507415338519 653.5035011850186 0.0 1.0
-649.90625 -497.5 407.46875 422.5 769.8340208979259 652.6964418823811 0.0 1.0
-690.78125 -498.0 471.09375 417.5 836.817300262 649.8544739062997 0.0 1.0
-573.5 -496.0 314.5 412.0 654.1013903138329 644.794655631958 1.0 1.0
-637.5 -496.0 337.5 408.0 721.3269941168774 642.2461748487663 1.0 1.0
-607.5 -498.5 281.5 406.0 671.3083332720636 642.9195353549292 1.0 1.0
-561.5 -516.0 316.5 413.5 644.5592835956497 661.2399737191972 1.0 1.0
-553.5 -517.0 314.0 418.0 636.3633735360754 664.8406567162684 1.0 1.0
-521.5 -512.0 317.0 421.0 610.2982304093268 662.8612983468738 1.0 1.0
-505.0 -496.0 311.5 425.0 593.3470818385179 653.2310018005658 1.0 1.0
-497.0 -347.5 313.0 483.75 587.3485200345826 595.9831655679836 1.0 0.0
-490.5 -298.75 315.0 479.75 582.9399151957705 565.1689963912182 1.0 0.0
-485.25 -299.75 315.25 481.75 578.6633508397938 567.3931245052798 1.0 0.0
-484.0 -305.25 314.5 483.0 577.2083675325498 571.3753303884001 1.0 0.0
-484.0 -312.25 312.0 486.0 575.8478153489177 577.6648870082931 1.0 0.0
-485.25 -317.5 311.25 487.25 576.492958060763 581.5659593068827 1.0 0.0
-484.5 -320.5 312.0 560.5 576.2676693320827 645.7820935871397 1.0 0.0
-485.0 -313.75 312.0 574.75 576.688371221142 654.8104415525463 1.0 0.0
-485.5 -312.5 311.5 572.0 576.838979600881 651.7977076156214 1.0 0.0
-491.0 -311.75 313.0 566.25 582.2801284527909 646.3988071231305 1.0 0.0
-494.25 -279.25 314.75 564.75 585.9613845083657 630.6659257537447 1.0 0.0
-499.0 -128.75 316.0 568.75 590.6442810475594 584.4121416008325 1.0 0.0
-502.0 -90.0 315.0 563.5 592.6457626609676 570.6443166639041 1.0 0.0
-503.25 -93.25 280.5 560.75 576.1433192982915 568.4536436731764 1.0 0.0
-501.75 -96.75 281.0 559.25 575.0775572061401 567.5601781147093 1.0 0.0
-500.5 -112.5 281.5 551.5 574.2324996354582 563.0658164416527 1.0 0.0
-501.0 -278.0 283.0 516.5 575.4042168433187 587.3531907221204 1.0 0.0
-503.5 -311.75 283.5 513.75 577.827427732647 600.9392703302433 1.0 0.0
-504.5 -312.25 284.5 514.75 579.1899204321752 602.0528678670427 1.0 0.0
-649.0 -312.0 298.0 516.5 715.8037550308161 603.4204652930475 0.0 0.0
-650.0 -213.5 244.5 574.0 694.4641596307745 613.6851308753174 0.0 0.0
-648.0 -138.0 301.0 601.0 716.208112903148 616.641118060644 0.0 0.0
-647.5 -136.75 245.5 597.25 692.4785803560526 612.7056509410183 0.0 0.0
-646.5 -135.25 244.0 596.5 691.0125043519902 611.6411840951737 0.0 0.0
-649.75 -134.75 354.5 595.25 740.1658019520196 610.311635663815 0.0 0.0
-647.0 -263.5 297.5 591.75 713.8324555633744 649.2870359040321 1.0 0.0
-646.5 -334.75 355.5 582.5 737.804663698726 671.9766529853104 1.0 0.0
-625.25 -341.5 246.25 571.0 671.9948675572463 665.3294520358022 0.0 0.0
-622.5 -344.0 246.5 570.5 669.5286412997935 666.1882024631011 0.0 0.0
-620.0 -344.5 247.5 567.5 667.5749279017034 663.8800212995952 0.0 0.0
-620.0 -345.0 249.0 568.5 668.1324978795158 664.994310284884 0.0 0.0
-618.0 -346.5 249.5 568.5 666.4643077993508 665.7736610262871 0.0 0.0
-615.5 -346.5 249.5 568.5 664.1464504854802 665.7737470670575 0.0 0.0
-619.0 -347.0 250.0 569.0 667.5785648456633 666.4608523926514 0.0 0.0
-622.5 -413.5 250.5 577.0 671.0115757879346 710.4608656077797 0.0 0.0
-623.5 -451.0 301.5 580.5 694.0938781714245 735.1063173577267 0.0 0.0
-626.5 -455.0 356.5 584.5 720.8293590889612 740.7195188928326 1.0 0.0
-626.0 -462.5 357.0 590.5 720.6420748193933 750.064659025792 1.0 0.0
-628.0 -469.5 303.5 592.5 699.1548106896826 755.96726119588 1.0 0.0
-704.0 -410.5 241.5 602.5 744.3066795733246 730.0151765277512 0.0 0.0
-593.0 -308.0 251.5 609.0 645.3805125524174 682.4552759577881 0.0 0.0
-671.5 -311.0 238.5 604.5 712.5988458695892 679.8098531198482 0.0 0.0
-674.5 -307.5 242.5 600.5 716.7683003868779 674.654659497874 0.0 0.0
-669.0 -304.5 241.5 597.0 711.2547012146914 670.1772945327721 0.0 0.0
-660.0 -298.5 242.0 594.5 702.9679935815001 665.2407573762888 0.0 0.0
-660.5 -293.5 242.5 593.5 703.6096218784959 662.1125075825496 0.0 0.0
-662.0 -190.5 241.5 592.5 704.6745911147832 623.3184119936019 0.0 0.0
-660.0 -52.0 239.0 608.5 701.9411369338484 610.720084598492 0.0 0.0
-655.5 -55.5 237.0 608.0 697.0288790066896 610.5286575880882 0.0 0.0
-653.0 -45.5 234.0 618.0 693.6618244698076 619.7911023977128 0.0 0.0
-654.5 -46.5 229.5 615.5 693.5722771588128 617.3751411963258 0.0 0.0
-659.0 -59.5 226.5 604.0 696.8382289153622 606.9288971892611 0.0 0.0
-624.0 -56.0 250.5 602.5 674.0619569821047 605.0971377185265 0.0 0.0
-606.0 -44.0 290.5 600.5 672.0327964986882 602.1120715096399 1.0 0.0
-605.0 -91.0 290.0 530.0 670.9141622915317 537.757954521413 1.0 0.0
-605.0 -65.5 289.5 512.0 670.6977362580839 516.1744882038606 1.0 0.0
-606.5 -58.0 291.5 504.5 672.9149279848823 507.8250719646269 1.0 0.0
-609.5 -49.0 292.0 506.0 675.8359983519986 508.3684967621006 1.0 0.0
-611.0 -34.5 220.5 488.5 649.5701196564478 489.741225525741 0.0 0.0
-612.0 40.5 258.0 358.5 665.0012974830474 360.79763555662987 0.0 0.0
-613.0 39.0 259.5 327.0 666.5526721757024 329.3617810919483 0.0 0.0
-642.0 35.0 240.0 328.0 686.9863089455638 329.89316393611136 0.0 0.0
-669.0 36.0 199.0 329.5 697.9753715573606 331.4667446623456 0.0 0.0
-663.5 34.0 199.5 331.5 692.8453724360648 333.24051312858614 0.0 0.0
-652.0 9.5 200.0 326.0 681.9854789553544 326.8437976013343 0.0 0.0
-646.25 -24.32142857142857 201.5625 291.8928571428571 676.9548161704804 294.98562469153546 0.0 0.0
-641.25 -40.75 201.8125 247.75 672.2593804314068 254.67117360509695 0.0 0.0
-637.0 -57.17857142857142 202.0 203.60714285714283 668.2611935784253 214.35672251865844 0.0 0.0
-633.2 -67.0 203.8 184.5 665.2022931496731 196.41859942562377 0.0 0.0
-628.8 -64.0 206.2 211.5 661.7592393095722 221.05385235617788 0.0 0.0
-626.5 -72.5 208.5 219.5 660.2836702266461 231.16336218941507 0.0 0.0
-631.7678571428571 -96.0 210.07142857142856 209.5 665.7803505621102 230.81174275350213 0.0 0.0
-636.8392857142858 -79.0 210.35714285714283 215.0 670.6910764344291 229.26529965796988 0.0 0.0
-641.9107142857142 -71.0 210.64285714285717 219.0 675.6018023067478 230.22187531601094 0.0 0.0
-646.9821428571429 -74.5 210.92857142857144 214.5 680.5125281790666 227.06990600155189 0.0 0.0
-652.0535714285714 -92.5 211.21428571428572 209.5 685.4232540513855 229.25542617238796 0.0 0.0
-657.125 -126.5 211.5 166.0 690.3339799237042 208.71672049338267 0.0 0.0
-662.1964285714286 -149.5 211.78571428571428 171.0 695.244705796023 227.1698137044197 0.0 0.0
-646.5 -160.5 226.75 175.0 686.0570572395053 237.45578732094793 0.0 0.0
-585.5 -180.0 270.5 173.5 644.9657770462395 250.0885928482952 0.0 0.0
-624.5 -337.4375 301.5 166.9375 693.4771620263946 387.79888064198053 0.0 0.0
-652.0 -528.6875 317.0 152.1875 724.9797347083781 553.814833844322 0.0 0.0
-665.5 -551.5 321.0 315.5 738.8717737647942 637.7182563723824 1.0 0.0
-671.5 -516.5 322.5 367.0 744.9285626980073 633.6124157694792 1.0 1.0
-684.25 -501.0 326.3125 366.0 758.0809144016016 620.4494243403547 0.0 1.0
-699.25 -483.0 330.0625 365.5 773.2372893430916 605.7057115205004 0.0 1.0
-702.0 -420.8076923076923 329.0 364.38461538461536 775.2721604074407 577.2096508734687 0.0 1.0
-612.5 -337.8846153846154 286.5 362.2307692307692 676.1942781179764 538.8126177753222 0.0 1.0
-575.0 -254.96153846153848 294.0 360.0769230769231 645.8168149091337 500.415584677176 1.0 1.0
-553.0 -172.03846153846155 288.5 357.9230769230769 623.7368230746658 462.01855157902975 1.0 1.0
-546.5 -89.11538461538464 291.5 355.7692307692308 619.3837676623831 423.6215184808834 1.0 1.0
-546.0 -6.192307692307708 291.0 353.61538461538464 618.7062772697761 385.2244853827371 1.0 1.0
-547.5 86.32142857142857 289.0 344.8928571428571 619.096636456544 369.73939498634246 1.0 0.0
-551.5 207.60714285714286 292.0 316.4642857142857 624.0365384799136 422.9901326952027 1.0 0.0
-553.5 328.8928571428571 290.5 288.03571428571433 625.1021052088882 476.24087040406295 1.0 0.0
-636.5 450.17857142857144 374.5 259.6071428571429 739.1351733733595 529.4916081129231 1.0 0.0
-554.5 597.5 294.5 273.5 627.8540395634429 657.1713113136364 1.0 0.0
-637.5 544.0 312.5 278.0 710.4471307326675 611.0205405418897 1.0 0.0
-663.125 513.5 309.0 285.5 735.3992929121509 587.5331774123847 0.0 0.0
-610.5 500.5 336.0 285.0 697.3738440319449 575.9587519394574 1.0 0.0
-576.0 489.5 349.5 285.0 673.7450175994422 566.4237103348081 1.0 0.0
-563.5 475.5 336.0 282.0 656.0706668790554 552.8329590642454 1.0 0.0
-564.0 422.4090909090909 334.0 290.75 655.4809696139042 526.1609782632929 1.0 0.0
-559.0 350.9545454545455 321.0 301.75 644.6111617792093 489.68486054437165 1.0 0.0
-539.0 279.5 292.5 312.75 613.3812102577867 453.2087428254504 1.0 0.0
-570.5 208.04545454545456 292.0 323.75 640.8869778169656 416.73262510652904 1.0 0.0
-579.5 136.5909090909091 295.5 334.75 650.4926643419544 380.25650738760777 1.0 0.0
-574.5 -19.0 295.0 235.0 645.8170214073158 264.1566077955835 1.0 0.0
-571.625 -276.25 255.25 186.7 626.0334411634822 337.8623022489879 0.0 0.0
-577.0 -483.25 268.0 266.29999999999995 636.213786355884 554.4603099239714 1.0 0.0
-576.75 -649.0 271.375 347.5 637.4049855662804 736.3106139556055 1.0 0.0
-579.0 -617.0 278.5 359.5 642.4976963733305 714.1007447297319 1.0 0.0
-579.5 -575.0 276.0 373.5 641.8694990232058 685.6689835135098 1.0 1.0
-574.5 -547.0 272.5 370.0 635.8585258605551 660.4088511525117 1.0 1.0
-617.0 -532.0 256.0 369.0 668.6075329128006 647.4453245991915 1.0 1.0
-779.875 -543.5 266.0 379.0 823.2574486564407 662.5965699914145 0.0 1.0
-727.5 -539.0 268.5 390.0 775.4741413299354 665.2985925093607 0.0 1.0
-697.0 -528.5 270.0 398.0 747.4724190298484 661.6014721340462 0.0 1.0
-669.5 -518.5 265.0 397.5 720.040946662451 653.3379414207718 0.0 1.0
-653.0 -515.5 260.0 396.0 702.863951489353 650.0457564024598 0.0 1.0
-580.5 -514.0 255.5 397.0 634.3651449986462 649.4655432635848 0.0 1.0
-531.5 -513.5 271.0 399.5 596.8774621417372 650.6021233801916 1.0 1.0
-523.0 -513.0 287.0 404.0 596.5729194096376 652.9820956277076 1.0 1.0
-525.5 -513.0 289.0 402.5 599.7266192071689 652.0561488721467 1.0 1.0
-526.5 -514.0 287.5 399.5 599.88210481978 650.9965307286218 1.0 1.0
-524.0 -514.0 282.0 397.5 595.0630228216405 649.770927355626 1.0 1.0
-536.0 -504.5 273.5 397.5 602.1687525375075 642.3340025095838 1.0 1.0
-535.5 -496.0 308.5 401.0 618.0070288463706 637.8230102922954 1.0 1.0
-537.0 -497.5 313.0 405.5 621.5614883960252 641.8232629287536 1.0 1.0
-557.5 -496.0 333.0 406.5 649.3806743160915 641.2943158572637 1.0 1.0
-574.0 -495.5 335.5 407.5 664.861252990431 641.5423609287275 1.0 1.0
-530.0 -503.5 313.0 409.0 615.5245850321278 648.6934474676716 0.0 1.0
-517.5 -511.5 308.5 407.5 602.4773604998977 653.9793526386356 1.0 1.0
-529.0 -513.5 315.0 407.0 615.6835343026896 655.2338105269039 1.0 1.0
-548.5 -515.5 334.5 407.5 642.4591435597802 657.1122430757168 1.0 1.0
-585.5 -517.0 347.5 405.5 680.8599648430329 657.0535783189667 1.0 1.0
-603.0 -518.5 350.5 400.5 697.4671363827665 655.1660807921648 1.0 1.0
-613.0 -518.5 350.5 397.0 706.1304663654453 653.0323498878138 1.0 1.0
-623.0 -519.0 351.0 398.0 715.0759041494923 654.0374607008379 1.0 1.0
-626.5 -518.0 242.5 396.5 671.7962289796434 652.3313958411017 0.0 1.0
-544.0 -516.5 306.5 394.5 624.4495651389137 649.9250665347474 1.0 1.0
-688.875 -515.0 212.625 394.5 720.9504639780098 648.7335739731682 0.0 1.0
-666.375 -513.5 209.125 394.0 698.4488257587147 647.2389435131356 0.0 1.0
-643.875 -508.5 205.625 395.5 675.9471875394197 644.1991211514626 0.0 1.0
-621.375 -463.0 202.125 368.5 653.4455493201247 591.7567063836347 0.0 1.0
-616.0 -376.25 210.0 354.94117647058823 650.8416103378963 585.037901481447 0.0 1.0
-644.0 -263.25 213.5 345.52941176470586 678.4757340570317 583.5628631699456 0.0 1.0
-614.375 -150.25 237.0 336.11764705882354 660.7127745819512 582.0878248584443 0.0 1.0
-542.0 -37.25 295.5 326.7058823529412 617.4362977550395 580.6127865469429 0.0 1.0
-571.0 75.75 294.0 317.2941176470588 642.2447193988744 579.1377482354414 1.0 1.0
-580.0 188.75 318.0 307.88235294117646 662.0559324831199 577.6627099239402 1.0 0.0
-567.0 301.75 282.0 298.47058823529414 635.4709417568046 576.1876716124386 0.0 0.0
-599.0 414.75 237.0 289.0588235294117 644.1816572654162 574.7126333009373 0.0 0.0
-603.5 545.5 241.0 286.0 649.8409488015982 616.614303302196 0.0 0.0
-485.0 655.625 325.5 293.0 584.2661248796028 718.2231088902457 0.0 0.0
-495.5 561.0 305.0 282.0 581.8466505697345 627.9470551995342 1.0 0.0
-514.0 534.0 301.0 287.5 595.6484130494453 606.4798994168993 1.0 0.0
-517.0 519.0 299.0 292.0 597.2354538537375 595.5107265991155 1.0 0.0
-517.5 511.5 298.0 299.5 597.1689176635855 592.734655707155 1.0 0.0
-561.5 510.0 321.5 302.0 647.3958134086595 592.7096594327982 1.0 0.0
-624.5 509.0 279.0 303.0 685.1867900413598 592.3596880274687 0.0 0.0
-632.0 507.0 223.0 302.0 670.1899936322428 590.1297022456592 0.0 0.0
-591.0 509.5 268.5 299.5 651.4631340528713 591.0080638739432 0.0 0.0
-556.5 515.5 310.5 303.0 637.2623185131156 597.9542293579436 1.0 0.0
-528.0 513.5 308.5 300.5 611.6425424669603 594.9643382376369 1.0 0.0
-495.5 507.0 310.5 300.5 584.7492008065776 589.3648403757857 1.0 0.0
-492.0 493.5 309.5 303.0 581.2523727963433 579.0960918767416 1.0 0.0
-490.5 465.5 307.5 305.5 578.9183880306446 556.795707459502 1.0 0.0
-432.5 390.6590909090909 326.5 290.4318181818182 545.7929817092847 509.85126036836874 1.0 0.0
-185.0 290.2045454545455 289.125 268.3409090909091 441.4148093926335 445.6039580036341 0.0 0.0
25.0 189.75 221.95833333333331 246.25 386.965901373164 381.3566556388994 0.0 0.0
235.0 89.29545454545456 154.79166666666666 224.1590909090909 332.5169933536945 317.10935327416473 0.0 0.0
376.5 -11.159090909090907 286.5 202.0681818181818 474.4916878302776 252.86205090943008 0.0 0.0
504.5 -128.45833333333334 295.0 196.75 584.4190475634994 243.57281738745056 0.0 0.0
497.0 -296.2916666666667 300.0 241.75 580.580711689267 399.1577903937366 0.0 0.0
497.0 -464.125 301.5 286.75 581.3013750471404 554.7427634000227 0.0 0.0
504.0 -621.5 301.5 324.5 587.297510858353 701.2021519332998 0.0 0.0
505.5 -626.0 299.5 363.5 587.5636855812845 724.322313614128 0.0 0.0
456.5 -580.0 290.0 372.5 541.1386793749804 689.3163312650494 0.0 0.0
412.0 -563.0 304.5 377.0 512.3285681501851 677.5766235257786 0.0 1.0
405.5 -552.0 310.5 378.5 510.7296915789933 669.3076469521425 0.0 1.0
450.5 -540.0 306.0 388.5 545.1391192781206 665.232577130676 0.0 1.0
454.5 -535.5 305.0 411.5 547.85797758986 675.3476632725442 0.0 1.0
348.5 -521.5 306.5 420.0 581.3825485976272 669.5993455684129 0.0 1.0
139.16666666666666 -514.5 300.5 422.0 565.2158372725743 665.4285498179903 0.0 1.0
-70.16666666666669 -512.0 294.5 410.0 549.0491259475214 655.9298789088768 0.0 1.0
-279.50000000000006 -513.5 288.5 395.0 532.8824146224684 647.8482406681658 0.0 1.0
-442.875 -515.0 287.125 383.0 527.8078464883195 641.824901409407 0.0 1.0
-453.0 -520.0 263.5 372.5 524.6127108579514 639.6627374451409 0.0 1.0
-500.5 -526.0 308.5 371.5 587.962429755821 643.9641856899266 0.0 1.0
-541.0 -526.5 303.0 369.5 620.3878058785624 643.221585078367 0.0 1.0
-570.0 -527.0 303.5 367.5 646.5440355781676 642.4908152363123 0.0 1.0
-602.0 -528.0 279.5 374.5 663.7201043891293 647.3343317578524 1.0 1.0
-588.5 -528.0 304.0 380.5 663.1098564631266 650.8182046113709 1.0 1.0
-596.0 -530.0 306.5 385.0 670.88615954691 655.0764563369598 1.0 1.0
-603.0 -533.5 310.5 384.0 678.9593709868922 657.3266580003522 0.0 1.0
-589.0 -538.0 292.5 380.5 658.1061898528412 658.9570673756682 0.0 1.0
-602.5 -541.0 307.5 373.5 677.2044622506271 657.4065859905827 1.0 1.0
-608.5 -540.0 269.5 376.0 665.5285512880572 658.0092464165235 1.0 1.0
-632.0 -537.0 203.5 376.5 664.0086817190213 655.8363609856491 0.0 1.0
-550.0 -535.0 290.0 374.5 621.7962083048135 653.051096698678 0.0 1.0
-551.0 -533.5 287.0 370.0 621.2683169821628 649.2476990916365 1.0 1.0
-544.0 -533.0 259.0 369.0 602.9561872971187 648.2676615416358 1.0 1.0
-534.0 -531.0 284.0 373.5 604.8243514387187 649.2023839186481 1.0 1.0
-532.5 -530.5 261.0 377.0 593.4234136641259 650.814297630284 1.0 1.0
-495.5 -530.5 246.5 380.5 553.8874719947655 652.84892497098 0.0 1.0
-481.0 -531.0 272.5 380.0 552.8399143368883 652.9637519191956 0.0 1.0
-507.0 -520.5 291.5 384.5 584.8258818745908 647.1319422016825 0.0 1.0
-510.0 -513.5 251.0 388.5 568.4199163056212 643.9057314604487 0.0 1.0
-511.5 -513.5 265.5 391.5 576.5034223827012 645.7203281215939 0.0 1.0
-505.0 -514.5 242.0 393.0 559.9903914716062 647.4251633342378 0.0 1.0
-505.5 -515.0 241.5 391.0 560.2306762474377 646.6116565213317 0.0 1.0
-509.5 -516.5 239.5 383.5 562.9836101023584 643.3075383089727 0.0 1.0
-518.5 -521.0 235.0 381.0 569.2703959848734 645.4474017617724 0.0 1.0
-548.0 -527.0 294.0 382.0 622.0953733983991 650.8866933599461 0.0 1.0
-420.5 -530.5 199.5 382.5 465.62797214685565 654.0157983475085 0.0 1.0
-405.0 -529.5 173.5 378.5 440.61408186796865 650.8706979547387 0.0 1.0
-402.5 -529.0 168.5 377.5 436.3485093775515 649.882554277121 0.0 1.0
-401.0 -530.5 163.5 380.0 433.0520839967521 652.5578418980039 0.0 1.0
-399.5 -535.0 167.0 384.0 433.0003316251705 658.5446719871047 0.0 1.0
-440.5 -543.0 187.0 404.5 478.58850298046093 677.1059891161025 0.0 1.0
-532.5 -557.25 292.5 436.0 607.5567411870252 707.6919066591132 0.0 1.0
-555.0 -570.5 277.5 464.5 621.0232365105115 735.6836956192518 0.0 1.0
-565.0 -578.375 252.0 478.45000000000005 618.6548088079467 750.7346624589848 0.0 1.0
-548.0 -588.875 299.0 497.04999999999995 624.2657131832684 770.8026182452953 0.0 1.0
-570.0 -599.375 304.5 515.65 646.2440516345474 790.8705740316059 1.0 0.0
-583.5 -609.875 235.0 534.25 629.0451559784367 810.9385298179166 0.0 0.0
-578.0 -620.375 231.0 552.85 622.4511404968516 831.006485604227 0.0 0.0
-602.5 -618.1666666666667 290.0 546.5 669.0319650781092 825.1826889683973 0.0 1.0
-544.0 -611.7222222222222 293.0 531.8333333333333 617.8876637526864 810.728308191854 1.0 1.0
-551.5 -605.2777777777778 308.5 517.1666666666667 631.9234096291453 796.2739274153107 1.0 1.0
-653.0 -598.8333333333333 353.5 502.5 744.5731932452957 781.8195466387676 0.0 1.0
-568.0 -590.5 377.5 492.5 682.0050937564556 768.9314393845345 1.0 1.0
-567.5 -554.0 358.5 456.0 671.5018189290714 717.5334421399134 1.0 1.0
-569.0 -547.5 351.0 438.0 669.1602752662735 701.1422127165143 1.0 1.0
-586.0 -554.5 336.5 438.0 675.7550486099909 706.6217191125337 1.0 1.0
-541.5 -551.5 283.0 440.0 611.0828621600872 705.5158672552982 1.0 1.0
-612.5 -545.5 339.5 435.0 700.3735926253273 697.7358896704461 0.0 1.0
-622.5 -547.0 334.0 438.0 706.5284724764921 700.7583531961279 0.0 1.0
-583.0 -558.0 327.0 443.5 668.4446419207881 712.7827124923381 1.0 1.0
-581.0 -560.0 319.0 442.5 662.8185804690802 713.7338294874144 1.0 1.0
-557.5 -554.0 300.5 447.5 633.3303186875472 712.1721526587186 1.0 1.0
-344.0 -547.0 188.0 453.5 392.2563998329713 710.5429292653291 0.0 1.0
-292.5 -540.5 129.0 456.0 319.6866609648894 707.161441763967 0.0 1.0
-318.0 -541.0 154.0 454.5 353.4314952467034 706.5772403354101 0.0 1.0
-315.5 -541.5 137.5 459.0 344.16101545409856 709.8683844156327 0.0 1.0
-317.5 -538.0 152.5 468.0 352.22535845122917 713.0694970956358 0.0 1.0
-331.0 -539.5 160.0 481.5 367.6467213154017 723.120072433417 0.0 1.0
-287.5 -538.5 178.5 466.5 340.0908530906456 712.4643602535666 0.0 1.0
81.15 -539.0 183.75 448.0 225.32964382577444 700.8747452855221 0.0 1.0
307.75 -536.0 206.75 431.5 407.93548096431175 688.104824863189 0.0 1.0
534.35 -521.5 229.75 420.5 590.5413181028491 669.9123119353778 0.0 1.0
541.0 -436.89130434782606 310.0 410.2391304347826 624.4758333605708 680.6048410707906 0.0 1.0
468.5 -323.4130434782609 304.0 395.8913043478261 559.7357868166129 693.9241104623469 0.0 1.0
506.375 -209.93478260869566 309.625 381.54347826086956 594.3427051693026 707.2433798539032 0.0 1.0
434.75 -96.45652173913044 327.0 367.19565217391306 544.0419841339304 720.5626492454596 0.0 1.0
464.75 17.02173913043481 324.0 352.8478260869565 566.5480552321842 733.8819186370158 0.0 1.0
395.25 130.5 330.5 338.5 515.2255518698679 747.2011880285722 0.0 1.0
467.75 243.9782608695652 319.0 324.1521739130435 566.1751301588879 760.5204574201284 0.0 0.0
473.75 357.45652173913044 325.75 309.804347826087 574.9639103212078 773.8397268116848 0.0 0.0
471.25 470.9347826086957 321.0 295.45652173913044 570.1950833626754 787.158996203241 0.0 0.0
469.5 584.4130434782609 315.5 281.1086956521739 565.661766198696 800.4782655947974 0.0 0.0
469.0 697.8913043478261 313.75 266.7608695652174 564.2725935706566 813.7975349863539 0.0 0.0
481.5 746.5 317.5 248.75 576.7589039433084 786.8675759527171 0.0 0.0
482.0 569.25 329.25 204.5 583.7538924652205 605.365321628462 0.0 0.0
485.5 659.75 329.5 252.0 586.7670769851688 706.291995826443 0.0 0.0
484.75 553.5 334.5 240.25 588.961013089174 603.4009062745911 0.0 0.0
486.5 578.75 329.5 257.75 587.5851432972296 633.5566187821249 0.0 0.0
561.5 560.0 305.25 252.0 639.1265131927921 614.111713705208 0.0 0.0
542.3499999999999 543.5 282.79999999999995 252.75 611.7264686748501 599.3972286770235 0.0 0.0
526.1500000000001 532.25 265.20000000000005 250.75 589.2832701489176 588.3588089755881 0.0 0.0
531.0 508.0 277.5 272.5 599.3200698833964 576.5230141708212 0.0 0.0
505.0 501.25 303.75 276.5 589.5521952266843 572.4566995314791 0.0 0.0
477.75 492.25 322.5 268.5 576.6543490815196 560.7193023473884 0.0 0.0
469.25 483.0 330.75 261.25 574.102640436442 549.1289570018979 0.0 0.0
471.75 477.75 345.25 258.75 584.7073772030589 543.3214513428547 0.0 0.0
465.25 476.5 324.5 252.5 567.2411349619788 539.2674447443391 0.0 0.0
458.0 472.625 327.75 255.5 563.1911321734651 537.2659036469817 0.0 0.0
461.25 473.0 333.25 255.5 569.0423838311224 537.5958054151837 0.0 0.0
460.5 475.5 331.5 259.5 567.4103206230234 541.7016047522327 0.0 0.0
462.0 483.5 336.0 271.0 571.2633806698904 554.2696336843287 0.0 0.0
459.5 491.0 336.0 281.0 569.2421585765974 565.7235278023586 0.0 0.0
416.5 488.0 336.0 305.0 535.8357821225507 575.5704655255463 0.0 0.0
422.5 485.0 349.5 320.0 549.2789629937747 581.0554877469349 0.0 0.0
441.5 484.5 337.5 329.0 555.7670248497163 585.6479880856122 0.0 0.0
440.0 481.0 344.0 337.0 558.5123360720947 587.3111311217287 0.0 0.0
424.0 477.5 332.5 345.5 538.8319949843931 589.3866183656105 0.0 0.0
507.0 474.0 285.5 351.0 581.8612220131745 589.8110617289236 0.0 0.0
424.5 473.0 334.5 355.5 540.5613521634408 591.7003383871893 0.0 0.0
380.5 471.0 335.5 360.0 512.3967306520117 592.824594631498 0.0 0.0
448.0 468.0 328.0 364.0 555.2372485530186 592.8913005187469 0.0 0.0
465.5 465.5 303.0 364.5 555.4305072772906 591.2284836776871 0.0 0.0
462.5 462.0 308.0 363.5 555.7846074859874 587.8585201460778 0.0 0.0
462.0 457.0 308.5 360.5 555.5349003529152 582.0744256105702 0.0 0.0
459.5 455.5 307.0 360.0 552.6381759413714 580.5886581871065 0.0 0.0
536.0 457.5 334.5 361.0 633.6144495685385 582.7769700966879 0.0 0.0
554.5 463.5 323.5 366.0 642.8324029920509 590.5886178658461 0.0 0.0
583.0 469.0 303.5 351.5 657.2680199127294 586.1307623272294 0.0 0.0
510.0 473.5 360.5 349.0 624.7603486789051 588.2245356476976 0.0 0.0
584.0 481.5 303.5 353.5 658.1553484156518 597.332164186051 0.0 0.0
584.0 488.5 303.5 361.0 658.1551870989922 607.416830471278 0.0 0.0
488.5 497.0 314.5 368.5 581.8473484228763 618.7143927623333 0.0 0.0
496.5 489.95 322.0 350.3 591.774411348284 602.4256770153627 0.0 0.0
495.5 497.75 311.5 335.5 585.2799080915404 600.6226314033956 0.0 0.0
538.5 505.55 294.5 320.7 614.1983186757801 598.8195857914286 0.0 0.0
575.5 507.0 307.5 389.5 652.7820863925115 639.3436258167527 0.0 0.0
561.0 526.5 315.0 411.0 643.43319307196 667.9290563936877 0.0 0.0
573.0 545.0 320.0 428.5 656.3460385728349 693.2957452151554 0.0 0.0
570.5 563.5 328.5 445.0 658.3180749075805 718.0244087718179 0.0 0.0
566.0 571.5 348.5 449.5 664.7069809894034 727.0930572485761 0.0 0.0
572.5 560.5 359.0 428.0 675.751381867288 705.2285145842401 0.0 0.0
581.5 562.5 345.0 404.5 676.3401135282897 692.8520172364578 0.0 0.0
583.0 554.5 332.0 366.5 670.9048429341615 664.6846683142087 0.0 0.0
583.5 552.0 381.0 346.0 696.8962288402909 651.4824966932031 0.0 0.0
536.5 549.0 343.0 326.0 636.775926078706 638.4959452863087 0.0 0.0
505.0 547.5 318.5 313.0 597.048787129196 630.6557214154743 0.0 0.0
505.5 546.0 315.0 303.5 595.6403900135948 624.6825665982732 0.0 0.0
503.5 544.0 311.5 296.5 592.0856726682147 619.555502737084 0.0 0.0
537.5 535.5 341.0 293.5 636.6996788166613 610.6582363213986 0.0 0.0
522.0 526.0 348.0 292.0 627.3714549386729 601.6181169076327 0.0 0.0
545.0 513.0 307.0 294.5 626.3676862868126 591.5272502243179 0.0 0.0
519.5 418.9038461538462 339.5 313.4038461538462 620.650159238313 587.541979209543 0.0 0.0
542.0 291.4423076923077 306.5 333.94230769230774 623.4726827515517 578.1704269478523 0.0 0.0
531.0 163.9807692307692 299.0 354.4807692307693 610.1909598599666 568.7988746861618 0.0 0.0
469.0 36.519230769230745 304.0 375.0192307692308 558.9717667067717 559.4273224244712 0.0 0.0
481.5 -90.94230769230774 303.0 395.5576923076923 568.9035723315483 550.0557701627804 0.0 0.0
525.0 -218.4038461538462 296.5 416.0961538461538 603.9129969604028 540.6842179010898 0.0 0.0
483.0 -345.45833333333337 308.5 417.08333333333337 573.1464881007025 550.7040432237728 0.0 0.0
532.5 -471.29166666666663 305.5 359.41666666666663 615.1878379635921 618.8980012995768 0.0 0.0
522.5 -597.125 313.5 301.75 609.9453368665723 687.0919593753807 0.0 0.0
554.0 -683.5 301.5 297.0 630.7283500119997 746.2329208053714 0.0 0.0
553.375 -695.0 298.0 412.0 628.5145477797215 808.6001207030024 0.0 0.0
486.6 -752.9011627906978 289.95000000000005 410.26162790697674 568.4013746298947 857.4608462492706 0.0 1.0
397.4 -749.4360465116279 280.54999999999995 410.6104651162791 488.73778519892846 854.6333894602701 0.0 1.0
332.5 -745.9709302325582 272.5 410.95930232558135 429.9030895881763 851.8059326712694 0.0 1.0
516.0 -742.5058139534883 267.0 411.3081395348837 583.7280820915367 848.9784758822689 0.0 1.0
373.03571428571433 -739.0406976744187 268.92857142857144 411.65697674418607 598.8280366622116 846.1510190932684 0.0 1.0
101.75 -735.5755813953488 273.5 412.00581395348837 551.000422293828 843.3235623042677 0.0 1.0
-169.53571428571428 -732.1104651162791 278.07142857142856 412.3546511627907 503.1728079254445 840.4961055152671 0.0 0.0
-405.625 -728.6453488372093 267.25 412.70348837209303 488.29722171391734 837.6686487262666 0.0 0.0
-484.0 -725.1802325581396 240.0 413.0523255813954 540.7075630039297 834.8411919372661 0.0 0.0
-497.5 -721.7151162790698 238.5 413.40116279069764 551.7223453573215 832.0137351482654 0.0 0.0
-517.0 -718.25 252.0 413.75 575.4974605997943 829.1862783592649 0.0 0.0
-556.5 -714.7848837209302 288.5 414.09883720930236 626.8449298500435 826.3588215702644 1.0 0.0
-564.0 -711.3197674418604 294.5 414.4476744186046 636.2597319018835 823.5313647812636 1.0 0.0
-567.5 -707.8546511627907 302.0 414.79651162790697 642.8535367920063 820.7039079922631 1.0 0.0
-542.0 -704.3895348837209 323.5 415.1453488372093 631.2027362033825 817.8764512032626 1.0 0.0
-603.5 -700.9244186046512 289.0 415.49418604651163 670.3361293270683 815.048994414262 1.0 0.0
-577.5 -697.4593023255813 240.5 415.84302325581393 625.5775057890121 812.2215376252614 1.0 0.0
-573.5 -693.9941860465117 241.5 416.1918604651163 622.2738242494149 809.3940808362609 1.0 0.0
-574.5 -690.5290697674418 247.0 416.54069767441865 625.3473932495999 806.5666240472602 1.0 1.0
-565.0 -687.0639534883721 245.0 416.8895348837209 615.8329887297559 803.7391672582596 1.0 1.0
-560.5 -683.5988372093022 243.5 417.23837209302326 611.1079550536135 800.9117104692591 1.0 1.0
-562.0 -653.5 242.0 423.5 611.888882120297 778.9829171318322 1.0 1.0
-563.0 -626.5 244.5 391.5 613.7990306281039 738.7662842232019 1.0 1.0
-575.0 -598.5 249.0 357.0 626.6012153771886 696.8876952880883 1.0 1.0
-592.0 -579.5 254.0 324.5 644.1894164380692 664.1706470712402 1.0 1.0
-594.0 -564.0 255.0 310.5 646.4222530206796 643.8388244840424 1.0 1.0
-583.5 -555.0 257.0 304.5 637.6257962860534 633.0585511481781 1.0 1.0
-582.5 -555.5 258.0 311.5 637.0799840035864 636.9159544023928 1.0 1.0
-581.875 -552.0 260.625 327.0 637.5797293926338 641.6019370964175 0.0 1.0
-587.0 -552.0 257.0 341.0 640.7972777095151 648.8458434004127 1.0 1.0
-585.0 -553.5 249.5 354.5 635.9843520846964 657.297246243608 1.0 1.0
-586.5 -553.5 248.0 357.5 636.7780225478891 658.9225916618861 1.0 1.0
-586.0 -552.5 251.5 359.5 637.6897756746614 659.1712832389107 1.0 1.0
-582.5 -550.0 255.0 363.5 635.8706313352926 659.2669762631659 1.0 1.0
-594.0 -546.5 239.0 366.0 640.3198465526791 657.7379320102291 1.0 1.0
-598.0 -541.0 231.5 368.5 641.2466496381307 654.5798552735123 1.0 1.0
-596.5 -536.5 229.5 371.0 639.1263820523553 652.2867590108443 1.0 1.0
-593.0 -533.5 229.0 380.0 635.6809085981199 655.0014407330534 1.0 1.0
-595.0 -530.0 231.5 384.0 638.4491231642824 654.4891232408686 1.0 1.0
-596.0 -526.0 232.5 387.0 639.7438940701193 653.0275645024489 1.0 1.0
-598.5 -525.5 229.5 391.5 640.9959785745884 655.303372838555 1.0 1.0
-600.5 -529.5 225.5 399.5 641.4441405490822 663.3029129397604 1.0 1.0
-601.0 -535.0 224.0 404.0 641.3868025557802 670.4036181407705 1.0 1.0
-590.25 -530.0 241.5 394.5 630.5360441730832 660.7483096182943 1.0 1.0
-604.5 -527.0 223.5 383.0 642.6407168700689 651.4743628099552 0.0 1.0
-738.0 -524.5 227.0 382.0 772.1324149498487 648.8638814483738 0.0 1.0
-630.5 -522.5 221.0 384.0 668.3540980048788 648.4307305526936 0.0 1.0
-567.0 -522.5 216.0 388.0 606.7495625735442 650.8127346480541 0.0 1.0
-562.5 -532.0 215.0 409.5 602.1888221076465 671.352558886613 0.0 1.0
-565.25 -529.5 234.0 408.5 611.8797588723174 668.761985521327 0.0 1.0
-558.0 -532.0 254.0 412.5 613.0918754927966 673.1867542756374 1.0 1.0
-570.5 -532.0 257.0 415.0 625.7154726179408 674.721539172027 1.0 1.0
-579.0 -430.0 260.0 450.5 634.6975674762652 624.519752702651 1.0 0.0
-583.5 -298.0 260.5 482.5 639.00912840823 567.1191698275209 1.0 0.0
-587.5 -292.0 263.5 483.5 643.885632804343 564.8331020631795 1.0 0.0
-595.5 -288.0 264.5 482.0 651.5992095271326 561.4874746843655 1.0 0.0
-595.0 -293.5 263.5 475.5 650.7362130105597 558.786655639783 1.0 0.0
-597.0 -306.0 263.0 471.0 652.3634268047274 561.6734586946086 1.0 0.0
-591.5 -324.0 260.5 460.0 646.3222972312703 562.6523077192896 1.0 0.0
-596.5 -355.0 262.5 436.0 651.7047357407699 562.2664716050198 1.0 0.0
-603.5 -459.5 267.5 423.0 660.1282024118236 624.5645817660862 1.0 0.0
-595.5 -467.5 268.0 404.0 653.0271658818945 617.8772992111917 1.0 0.0
-591.0 -469.5 269.5 382.5 649.547218539162 605.5881396133084 1.0 0.0
-587.5 -479.0 269.0 359.5 646.1557486141861 599.02434736702 1.0 0.0
-584.5 -580.5 269.5 296.5 643.6386216823723 651.976229306857 1.0 0.0
-581.0 -580.0 270.5 298.0 640.8832144288035 652.1067596731195 1.0 1.0
-576.5 -568.5 269.5 318.5 636.3824945283013 651.646607919101 1.0 1.0
-573.0 -558.0 270.5 341.0 633.6397206304719 653.9644793332734 1.0 1.0
-571.0 -553.0 270.0 371.0 631.6178091029435 666.0266565885761 1.0 1.0
-570.0 -550.5 271.5 388.0 631.358532844969 673.4943072452961 1.0 1.0
-576.0 -550.0 247.0 377.5 626.7257412132042 667.0879477689559 1.0 1.0
-573.5 -549.5 247.5 368.5 624.6267199303086 661.6211737487063 1.0 1.0
-576.5 -548.5 247.5 365.0 627.382383899715 658.8471582932364 1.0 1.0
-579.5 -546.0 247.0 364.5 629.9440146272711 656.4887512926714 1.0 1.0
-579.5 -544.5 244.0 367.0 628.7739489066056 656.6350298158858 1.0 1.0
-621.0 -543.0 243.0 371.0 666.8544607394615 657.6399609611226 1.0 1.0
-612.0 -544.5 239.0 372.0 657.0318085671179 659.4423910446237 1.0 1.0
-486.5 -544.0 223.0 372.0 538.3281867273698 659.0297188628732 0.0 1.0
-413.21875 -543.0 246.96875 370.0 482.22474967682444 657.0762290095697 0.0 1.0
-460.09375 -542.0 236.84375 364.5 520.2932430241096 653.1651640569114 0.0 1.0
-506.96875 -541.0 226.71875 362.0 558.3617363713948 650.9419951851787 0.0 1.0
-553.84375 -542.0 216.59375 363.0 596.4302297186802 652.3303800254764 0.0 1.0
-589.5 -541.5 210.0 366.5 625.7881825539267 653.8692392921749 0.0 1.0
-589.0 -543.0 206.0 370.0 623.9849539472311 657.0768243913759 0.0 1.0
-613.5 -543.5 210.5 373.0 648.6349686894537 659.1824030992511 0.0 1.0
-658.5 -546.0 266.5 380.0 712.8719513603155 665.2207864644715 0.0 1.0
-596.5 -545.5 309.5 385.0 672.015658078456 667.6793658289746 1.0 1.0
-601.0 -526.5 312.5 351.5 677.390067247999 633.0551579781322 1.0 0.0
-600.5 -531.0 314.0 346.5 677.6408131602516 634.0534116554691 1.0 1.0
-598.0 -532.0 312.5 345.0 674.7343452451504 634.0737167363002 1.0 1.0
-549.7638888888889 -533.0 223.96527777777777 347.0 593.7183876668578 636.0015891348733 0.0 1.0
-546.8194444444445 -532.5 227.82638888888889 353.0 592.7830234591886 638.8782541904138 0.0 1.0
-543.875 -524.5 231.6875 358.0 591.8476592515192 635.031441886241 0.0 1.0
-540.9305555555555 -439.6071428571429 235.54861111111111 353.0 590.91229504385 641.2227415223387 0.0 1.0
-537.9861111111111 -326.41666666666663 239.40972222222223 347.66666666666663 589.9769308361808 650.2294765218303 0.0 1.0
-535.0416666666667 -213.22619047619048 243.27083333333331 342.33333333333337 589.0415666285116 659.2362115213219 0.0 1.0
-532.0972222222222 -100.03571428571428 247.13194444444446 337.0 588.1062024208425 668.2429465208136 0.0 1.0
-529.1527777777778 13.154761904761898 250.99305555555554 331.66666666666663 587.1708382131733 677.2496815203053 0.0 1.0
-526.2083333333333 126.34523809523807 254.85416666666669 326.33333333333337 586.2354740055041 686.2564165197969 0.0 1.0
-523.2638888888889 239.53571428571428 258.71527777777777 321.0 585.3001097978347 695.2631515192886 0.0 0.0
-520.3194444444445 352.7261904761905 262.5763888888889 315.66666666666663 584.3647455901655 704.2698865187801 0.0 0.0
-517.375 465.91666666666663 266.4375 310.33333333333337 583.4293813824963 713.2766215182719 0.0 0.0
-514.4305555555555 579.1071428571429 270.2986111111111 305.0 582.4940171748271 722.2833565177635 0.0 0.0
-511.4861111111111 693.5 274.15972222222223 315.5 581.558652967158 761.894656069656 0.0 0.0
-508.54166666666663 586.5 278.0208333333333 297.0 580.6232887594888 657.4195503179726 0.0 0.0
-505.5972222222222 524.0 281.88194444444446 280.5 579.6879245518196 594.35844956907 0.0 0.0
-502.6527777777778 486.0 285.74305555555554 272.0 578.7525603441503 556.9406808203147 0.0 0.0
-499.70833333333337 465.5 289.6041666666667 266.5 577.817196136481 536.3886155131406 0.0 0.0
-496.5 477.0 292.0 262.0 576.0002220217959 544.2180002265145 0.0 0.0
-587.0 472.0 239.5 254.5 634.555441382106 536.2408890864017 0.0 0.0
-570.0 445.5 249.0 249.0 622.303399431917 510.4318265731994 0.0 0.0
-573.0 427.5 229.5 247.5 617.251541463786 493.9771850206214 0.0 0.0
-467.5 442.5 277.0 250.5 543.4387469909908 508.4845260538815 0.0 0.0
-468.0 456.5 283.5 251.5 547.1735693730329 521.2000499235339 0.0 0.0
-473.0 381.5 268.5 331.0 544.0120238932607 510.6846107715187 0.0 0.0
-478.57142857142856 266.5 255.07142857142856 364.5 542.3322577399649 451.53352999373726 0.0 0.0
-486.0 281.5 254.5 381.5 548.6475275063398 474.1144596797846 0.0 0.0
-493.42857142857144 302.5 253.92857142857144 402.0 554.9627972727146 503.1028817059897 0.0 0.0
-498.0 299.0 252.0 412.0 558.1297220029857 509.07114953445955 0.0 0.0
-585.5 288.5 279.0 418.0 649.9383606216265 507.8940151893273 0.0 0.0
-682.5 286.0 238.0 423.0 723.9552060658601 510.61332959139384 1.0 0.0
-683.0 292.5 282.0 432.0 738.9269290557996 521.7091348786857 1.0 0.0
-668.875 302.0 224.25 430.0 708.1750260704061 525.455994271611 0.0 0.0
-620.0 382.5 318.5 392.5 697.0250825828241 550.3824673433645 1.0 0.0
-624.5 502.5 297.5 344.0 692.0526269050775 608.9697712174132 1.0 0.0
-616.5 510.5 319.5 338.5 694.3725655433318 612.5311593300487 1.0 0.0
-604.0 514.0 291.0 337.0 670.616512884774 614.6264714170425 1.0 0.0
-686.0 515.0 332.0 332.0 767.8691067633227 612.7392921328752 0.0 0.0
-528.5 516.5 310.5 309.5 612.9624833201176 602.3566992056064 1.0 0.0
-544.5 509.5 323.0 278.0 633.1013258739051 580.4094827518968 1.0 0.0
-552.0 501.5 330.5 270.5 643.3785039054845 569.800404704496 1.0 0.0
-549.0 497.0 327.5 265.5 639.2708114121493 563.471088775408 1.0 0.0
-561.0 495.5 332.0 262.5 651.878141468063 560.738157121088 1.0 0.0
-569.0 495.5 334.5 266.5 660.0394542753876 562.6221427552201 1.0 0.0
-579.5 497.0 332.0 274.0 667.8657962768302 567.5257363334041 1.0 0.0
-590.0 497.0 335.5 280.5 678.7195691599438 570.6940151266476 1.0 0.0
-600.5 499.5 340.5 287.5 690.3191413421196 576.3303634099186 1.0 0.0
-603.0 499.0 298.5 288.0 673.8301552550914 576.1467369240368 1.0 0.0
-598.5 502.5 259.5 286.5 652.3362166562824 578.4539641113879 1.0 0.0
-598.0 503.0 262.5 280.5 653.0780881446381 575.926653080255 1.0 0.0
-603.5 501.0 273.0 278.5 662.3755154409832 573.2050365581683 1.0 0.0
-638.3928571428571 500.0 229.78571428571428 282.0 678.9415534495731 574.041975527535 0.0 0.0
-617.9642857142858 500.0 250.92857142857144 282.0 668.5603024176886 574.041975527535 0.0 0.0
-597.5357142857142 498.5 272.07142857142856 281.0 658.1790513858041 572.2440791443325 0.0 0.0
-577.1071428571429 499.0 293.2142857142857 282.0 647.7978003539196 573.1711694459975 0.0 0.0
-541.0431034482758 501.5 287.7931034482759 286.5 616.7571953096442 577.5679081153135 0.0 0.0
-499.76724137931035 501.0 273.51724137931035 291.5 578.8301389279054 579.6319953211693 0.0 0.0
-458.4913793103449 499.0 259.2413793103448 294.5 540.9030825461664 579.4232045750325 0.0 0.0
-417.2155172413793 497.5 244.9655172413793 295.0 502.97602616442754 578.3867650629637 0.0 0.0
-375.93965517241384 495.0 230.68965517241378 291.0 465.04896978268863 574.2004752615228 0.0 0.0
-334.66379310344826 491.0 216.41379310344826 280.0 427.12191340094967 565.226844399317 0.0 0.0
-293.3879310344828 487.0 202.13793103448276 270.0 389.19485701921076 556.8385683686039 0.0 0.0
-252.11206896551724 483.5 187.86206896551724 269.5 351.26780063747185 553.5367168954551 0.0 0.0
-210.83620689655174 482.0 173.58620689655172 272.0 313.34074425573294 553.4511628105693 0.0 0.0
-169.56034482758622 481.5 159.31034482758622 272.5 275.41368787399404 553.2661988836544 0.0 0.0
-128.2844827586207 481.5 145.0344827586207 274.0 237.48663149225516 554.0022011210294 0.0 0.0
-87.0086206896552 473.5 130.75862068965517 275.5 199.55957511051622 547.8163496237133 0.0 0.0
-45.73275862068965 455.0 116.48275862068964 276.0 161.63251872877728 532.1665801070144 0.0 0.0
-4.456896551724185 399.0833333333333 102.20689655172414 284.66666666666663 123.7054623470384 502.08644294248063 0.0 0.0
29.5 323.19444444444446 103.0 296.2222222222222 107.14163853050688 460.839599468045 0.0 0.0
33.0 247.30555555555554 124.0 307.7777777777778 128.31692587168715 419.59275599360933 0.0 0.0
146.60000000000002 171.41666666666669 83.19999999999999 319.33333333333337 213.11446713929115 378.3459125191737 0.0 0.0
297.40000000000003 76.5 28.800000000000004 255.5 326.00640500466244 267.20839792967934 0.0 0.0
506.0 -105.17857142857144 117.0 211.39285714285714 530.2677678363085 298.29915874192193 0.0 0.0
598.5 -296.75 257.0 249.25 651.4847549753921 446.69001580313545 0.0 0.0
593.0 -488.3214285714286 262.0 287.10714285714283 648.3293380668239 595.080872864349 0.0 0.0
589.0 -626.5 256.0 321.0 642.2284131170397 703.9872536966341 0.0 0.0
593.5 -558.25 258.0 333.1875 647.1524274400335 663.6750786830216 0.0 0.0
527.0 -474.5833333333333 271.0 342.10416666666663 595.5420618409569 613.1078612830386 0.0 1.0
446.0 -390.91666666666663 292.0 351.02083333333337 533.086547212901 562.5406438830553 0.0 1.0
450.5 -307.25 289.5 359.9375 535.5149237322901 511.97342648307216 0.0 1.0
614.5 -223.58333333333331 262.5 368.85416666666663 668.2201901400203 461.40620908308904 0.0 1.0
554.0 -139.91666666666666 285.0 377.77083333333337 624.7305617254572 410.8389916831059 0.0 1.0
521.875 -2.0 324.125 361.0 614.3378404620797 438.6336371434403 0.0 0.0
521.0 154.0 324.5 335.66666666666663 613.8213487612798 492.54890355721386 0.0 0.0
515.5 310.0 302.75 310.33333333333337 597.8589954493727 546.4641699709873 0.0 0.0
522.5 466.0 314.0 285.0 609.7274095643593 600.379436384761 0.0 0.0
513.25 568.75 294.0 273.25 591.4909953986559 631.1129881161291 0.0 0.0
518.0 520.0 302.5 275.0 599.9254092792489 588.2398963108094 0.0 0.0
524.0 444.5 309.5 250.0 608.5875436077106 509.99181936543664 0.0 0.0
518.75 501.0 323.0 279.0 611.0985403809987 573.4641473975648 0.0 0.0
522.25 502.0 317.5 275.75 611.1925810867115 572.7513306156154 0.0 0.0
579.0 499.0 279.0 277.0 644.5889821417181 570.7286988388623 0.0 0.0
667.75 497.0 266.0 280.0 718.7815537410455 570.4497802770258 0.0 0.0
671.75 494.0 264.5 284.25 721.9476352220995 569.9437155408717 0.0 0.0
675.0 494.25 264.75 303.0 725.0643683711287 579.7928918177751 0.0 0.0
608.0 494.0 287.25 309.0 674.5982140003725 582.6816545232135 0.0 0.0
523.5 491.0 294.0 309.0 600.4081615944671 580.1399936913082 0.0 0.0
557.5 486.25 392.0 307.75 681.5551097627718 575.4561890305779 0.0 0.0
527.75 481.5 310.5 308.0 612.3265656346922 571.584519851987 0.0 0.0
534.5 475.0 322.25 306.0 624.1330608339672 565.0328421089836 0.0 0.0
536.25 466.0 343.25 304.5 636.699425752276 556.6713199842832 0.0 0.0
541.0 452.75 338.0 289.25 637.9071050573983 537.271272688523 0.0 0.0
553.0 426.75 413.5 277.75 690.6613687479207 509.26734377410156 0.0 0.0
506.75 401.40625 381.0 277.3125 634.0068298807073 488.45122888455387 0.0 0.0
502.25 365.03125 380.0 278.5625 629.8123493746778 461.3906770070744 0.0 0.0
491.25 328.65625 381.0 279.8125 621.803001262057 434.3301251295949 0.0 0.0
483.5 292.28125 393.5 281.0625 623.3911737733519 407.2695732521154 0.0 0.0
478.75 252.0 383.5 286.5 613.4233728486483 381.7701113025777 0.0 0.0
477.0 18.6875 377.5 330.5 608.3124927538393 344.4592938029199 0.0 0.0
475.0 -98.5625 384.5 358.5 611.1190081640234 414.1298129649965 0.0 0.0
477.0 -215.8125 390.0 386.5 616.1563549853245 483.80033212707326 0.0 0.0
475.5 -333.0625 382.5 414.5 610.2527974335733 553.47085128915 0.0 0.0
492.0 -438.5 403.5 427.5 636.3035334617709 612.6667484391401 0.0 0.0
451.5 -570.0 345.5 378.0 568.9572892136088 683.9548001982657 0.0 0.0
452.5 -563.0 338.0 373.0 565.1179243180835 675.3503000330304 0.0 1.0
539.0 -553.5 327.0 368.5 630.436454281185 664.951666871182 0.0 1.0
537.0 -546.5 329.0 366.0 629.7699005549955 657.7386907203578 0.0 1.0
511.5 -545.0 395.5 364.5 650.0685723669548 655.6581298179797 0.0 1.0
534.0 -566.0 329.5 370.0 627.4760983600349 676.2070921644329 0.0 1.0
529.5 -574.5 327.5 373.5 622.5966114853676 685.2392261806209 0.0 1.0
507.0 -575.5 364.0 376.0 625.9491023046386 687.4429023604666 0.0 1.0
533.0 -576.5 316.5 379.5 619.8914156966655 690.1985537192909 0.0 1.0
524.0 -580.0 377.0 382.5 648.0528895353032 694.7717579098475 0.0 1.0
532.0 -580.5 307.5 386.0 614.4768630205047 697.1239509663544 0.0 1.0
539.0 -579.5 309.0 390.0 621.2907913041238 698.5137771956415 0.0 1.0
499.5 -575.5 304.5 390.0 585.2326665087919 695.198519344712 0.0 1.0
489.5 -574.0 320.5 394.5 586.0298325779385 696.4977037975057 0.0 1.0
442.5 -573.5 339.0 404.0 557.4375781352438 701.5135315712762 0.0 1.0
497.0 -556.0 386.5 399.5 629.6681231454224 684.6436512861892 0.0 1.0
489.0 -555.0 364.0 396.5 609.6083925105165 682.0830847335553 0.0 1.0
516.5 -555.5 408.0 395.5 658.2292466653983 681.909473330137 0.0 1.0
485.5 -560.0 376.5 394.0 614.4503818016515 684.7162413071989 0.0 1.0
502.0 -564.0 396.0 394.5 639.3966012676673 688.2777529180044 0.0 1.0
504.0 -567.0 332.5 392.0 604.9853497284117 689.3134445053047 0.0 1.0
477.5 -599.5 281.5 373.0 554.5207870478704 706.4400079708976 0.0 1.0
455.5 -623.0 308.0 356.0 550.4437724470466 717.5409503190128 0.0 1.0
494.5 -618.0 306.5 354.5 582.8231664692814 712.4568808406223 0.0 1.0
454.5 -618.5 339.0 354.0 567.0477095445348 712.6419134139237 0.0 1.0
486.0 -620.0 331.5 349.5 589.2794691899505 711.735580179932 0.0 1.0
508.0 -593.0416666666667 314.0 326.375 597.2101819989682 676.935531101788 0.0 1.0
509.5 -563.2083333333333 313.5 303.875 598.224685740892 640.0122842842441 0.0 0.0
517.5 -533.375 312.5 281.375 604.5350967452914 603.0890374666999 0.0 0.0
521.5 -512.0 308.0 288.5 605.6624401373059 588.0419585095003 0.0 0.0
526.0 -520.5 313.0 341.5 612.0828944884654 622.5845868733737 0.0 0.0
513.5 -542.5 321.5 349.5 605.8420341984781 645.3346610408203 0.0 1.0
499.0 -539.0 320.5 359.0 593.1248959577943 647.6125977961638 0.0 1.0
518.5 -535.5 296.5 367.0 597.2896830380466 649.1912276055492 0.0 1.0
531.0 -531.5 303.5 369.5 611.615329898292 647.3198470170273 0.0 1.0
476.0 -528.5 353.5 369.5 592.9068241121784 644.8588875105582 0.0 1.0
530.5 -527.5 311.5 368.0 615.1945816363548 643.1798596357168 0.0 1.0
489.5 -529.0 336.0 366.5 593.7422165065179 643.555177074613 0.0 1.0
479.0 -534.0 325.5 371.0 579.2018681318266 650.2284839863595 0.0 1.0
499.0 -536.0 354.5 373.0 613.9777082731989 653.0125008519437 0.0 1.0
552.0 -540.0 322.0 375.5 639.0554892941333 657.725084760739 0.0 1.0
548.5 -544.5 308.5 377.0 629.3370475872582 662.2760557691882 0.0 1.0
628.0 -545.0 278.0 378.5 686.7922585151856 663.541594770998 0.0 1.0
605.0 -529.5 273.5 350.5 663.9487551016144 634.9969964622479 0.0 1.0
616.5 -529.5 278.5 340.5 676.4869270060783 629.5320270941652 0.0 1.0
598.0 -529.0 270.5 339.0 656.342342470977 628.300883335365 0.0 1.0
670.0 -529.0 344.5 336.5 753.4068639831544 626.9556826305686 0.0 1.0
629.5 -529.5 314.5 335.5 704.3967302987908 626.8416865525138 0.0 1.0
620.0 -544.5 294.5 352.5 686.3914302477989 648.6425862292447 0.0 1.0
577.5 -545.5 330.0 358.0 665.1718864929492 652.4836771584681 0.0 1.0
617.5 -544.0 366.5 359.5 718.1068475254513 652.055772142726 0.0 1.0
526.5 -543.0 313.5 361.0 613.2435201266256 652.0506115325711 0.0 1.0
601.5 -543.0 391.5 362.5 717.687874199501 652.8826317889042 0.0 1.0
556.0 -542.5 337.0 365.0 650.497855739854 653.8592649690404 0.0 1.0
562.5 -541.5 312.0 365.5 643.2349423783033 653.3090170441853 0.0 1.0
569.5 -541.5 311.0 368.0 648.8852694690944 654.7111824640228 0.0 1.0
567.5 -541.0 312.5 368.5 647.85236885535 654.5786812904923 0.0 1.0
557.0 -528.5 355.0 357.5 660.5105680009381 638.0584444094836 0.0 1.0
564.5 -527.5 347.0 358.0 662.6231903745231 637.511042129584 0.0 1.0
561.5 -526.5 352.0 357.0 662.7116999527391 636.1221020685097 0.0 1.0
564.0 -524.0 354.0 355.5 665.8919017858948 633.2111979432746 0.0 1.0
471.5 -536.5 390.5 373.5 612.6321870276217 653.7217090047588 0.0 1.0
477.0 -537.5 376.5 380.5 607.6857763656841 658.5487940988219 0.0 1.0
484.5 -537.5 412.0 381.0 636.0958617337799 658.8378659466719 0.0 1.0
545.5 -537.0 441.0 379.5 701.4893802191148 657.5631148414576 0.0 1.0
510.5 -537.0 394.5 379.5 645.1723022163561 657.5631148414576 0.0 1.0
491.5 -537.0 375.0 379.0 618.2230286683057 657.2746762199195 0.0 1.0
519.0 -537.0 355.5 378.0 629.7084545660942 656.698688265253 0.0 1.0
528.0 -537.0 346.5 377.0 631.9161955729821 656.1234639913437 0.0 1.0
499.0 -537.0 322.0 378.0 594.2284669039423 656.6985609851753 0.0 1.0
242.41363636363636 -520.5 166.04545454545456 358.5 297.26057181218823 632.024457016707 0.0 1.0
230.0681818181818 -518.0 184.22727272727275 351.0 310.8710235213382 625.719722665543 0.0 1.0
217.72272727272727 -518.0 202.40909090909093 349.5 324.4814752304882 624.8793883622662 0.0 1.0
205.37727272727273 -519.0 220.5909090909091 349.0 338.09192693963814 625.4295900854149 0.0 1.0
193.03181818181818 -519.0 238.77272727272728 347.5 351.7023786487881 624.5936679153896 0.0 1.0
180.68636363636364 -518.0 256.9545454545455 346.0 365.31283035793814 622.9285673333661 0.0 1.0
168.3409090909091 -523.5 275.1363636363636 353.5 378.92328206708817 631.6867674987968 0.0 1.0
155.99545454545455 -529.0 293.3181818181818 365.0 392.53373377623814 642.7022400523009 0.0 1.0
143.65 -528.0 311.5 365.0 406.1441854853881 641.8793351079935 0.0 1.0
131.30454545454546 -527.0 329.6818181818182 366.0 419.7546371945381 641.626970017516 0.0 1.0
118.95909090909092 -527.0 347.8636363636364 366.5 433.36508890368805 641.9121824673527 0.0 1.0
106.61363636363636 -521.5 366.04545454545456 361.0 446.975540612838 634.2580815688616 0.0 1.0
94.26818181818182 -519.5 384.22727272727275 358.0 460.58599232198804 630.9074943139616 0.0 1.0
81.92272727272727 -519.0 402.40909090909093 357.0 474.196444031138 629.9287020798853 0.0 1.0
69.57727272727273 -519.0 420.5909090909091 357.5 487.80689574028804 630.2120866671181 0.0 1.0
57.231818181818184 -534.5 438.7727272727273 375.0 501.417347449438 652.9285834464081 0.0 1.0
44.886363636363626 -535.0 456.9545454545455 379.0 515.027799158588 655.6417973724602 0.0 1.0
32.54090909090908 -536.0 475.1363636363636 380.0 528.638250867738 657.0358942830834 0.0 1.0
20.195454545454538 -535.5 493.31818181818187 380.0 542.248702576888 656.62800254604 0.0 1.0
7.849999999999994 -534.5 511.5 380.0 555.8591542860379 655.8126637996555 0.0 1.0
-4.49545454545455 -534.5 529.6818181818182 379.0 569.469605995188 655.2337369214134 0.0 1.0
-16.840909090909093 -534.0 547.8636363636365 379.0 583.0800577043378 654.8259950143529 0.0 1.0
-29.186363636363637 -533.5 566.0454545454545 379.0 596.6905094134879 654.4182637536549 0.0 1.0
-41.53181818181818 -517.0 584.2272727272727 355.5 610.3009611226379 627.4328377465225 0.0 1.0
-53.877272727272754 -516.0 602.409090909091 353.5 623.9114128317879 625.474419940576 0.0 1.0
-66.22272727272727 -515.0 620.5909090909091 352.0 637.5218645409379 623.8020519363495 0.0 1.0
-78.56818181818184 -514.0 638.7727272727273 351.0 651.1323162500878 622.4122428101813 0.0 1.0
-90.91363636363636 -522.0 656.9545454545455 365.0 664.7427679592379 637.0057446921542 0.0 1.0
-99.03571428571428 -531.0 625.15 382.0 659.3231052127846 654.1291921325634 0.0 1.0
-105.75 -531.0 576.6833333333333 384.0 647.5600709811305 655.2991683193258 0.0 1.0
-112.46428571428571 -531.0 528.2166666666667 385.5 635.7970367494763 656.1794066513787 0.0 1.0
-146.375 -531.0 479.75 386.5 624.034002517822 656.7672723271158 0.0 1.0
-255.04166666666666 -530.5 431.2833333333333 387.0 612.2709682861678 656.6576443923841 0.0 1.0
-343.20833333333337 -531.0 382.81666666666666 388.0 600.5079340545136 657.6511323035245 0.0 1.0
-431.375 -531.5 334.35 388.5 588.7448998228595 658.3498971352658 0.0 1.0
-497.5 -531.5 309.0 389.0 585.7256819705967 658.6450768084669 0.0 1.0
-484.0 -528.0 267.0 391.5 552.8284786947061 657.3098584381646 0.0 1.0
-472.0 -520.5 277.5 398.0 547.5313876348071 655.2283952943432 0.0 1.0
-580.5 -509.5 277.5 403.5 644.7477292093082 649.9249956725776 0.0 1.0
-597.5 -498.5 348.5 405.5 691.7071049734452 642.5986264875442 0.0 1.0
-609.5 -488.0 359.0 401.0 707.3707121835278 631.6210487575927 0.0 1.0
-608.0 -469.0 367.5 384.5 710.4371769650272 606.5002637792675 0.0 1.0
-411.0 -453.0 257.0 368.0 484.78908112365536 583.6392000492979 0.0 1.0
-571.0 -448.0 259.0 368.5 626.9947671995533 580.0886435984326 0.0 1.0
-573.0 -441.5 266.5 368.0 631.9466219716069 574.7641483790727 1.0 1.0
-565.0 -447.0 268.0 374.0 625.3391084345022 582.8258114668504 1.0 1.0
-553.0 -455.0 262.5 393.5 612.1402084969411 601.6071383696703 1.0 1.0
-559.0 -464.0 265.5 418.5 618.8552549664239 624.8559874139141 1.0 1.0
-581.5 -474.0 307.0 428.0 657.7685510044828 638.6393080163386 1.0 1.0
-677.5 -484.5 404.0 433.5 788.810659691237 650.1250947672997 0.0 1.0
-661.5 -490.0 330.75 438.5 740.3166499470208 657.5593082498249 0.0 1.0
-657.0 -493.0 305.0 440.0 724.3447793545565 660.7946402808125 1.0 1.0
-708.25 -492.5 225.5 445.0 743.4637949770936 663.7744949301987 0.0 1.0
-768.1666666666667 -504.0 243.66666666666669 447.5 809.7021221166804 673.9973217994686 0.0 1.0
-500.83333333333337 -507.0 280.33333333333337 445.5 579.29686680802 674.9226027295276 0.0 1.0
-509.0 -508.0 277.5 441.0 581.1874679721925 672.7344223211021 1.0 1.0
-474.0 -498.9 303.5 394.35 562.8408707376441 637.2018224554256 1.0 0.0
-484.0 -490.1 287.5 344.15 563.1568089547596 600.2085158847013 1.0 0.0
-505.25 -503.5 277.5 361.0 576.4445402317526 620.4070588063614 0.0 0.0
-491.0 -525.0 315.5 479.0 583.6277943019923 710.7253107239561 1.0 0.0
-501.0 -514.0 318.0 505.0 593.4227119044987 720.5706710965426 1.0 1.0
-535.5 -502.5 320.5 515.0 624.089364723658 719.5355475229144 1.0 1.0
-531.0 -491.5 346.0 516.5 634.099609244015 712.9835943384795 1.0 1.0
-525.0 -477.0 321.0 509.5 615.358929620095 697.9447643140711 1.0 1.0
-535.0 -480.5 300.5 491.0 614.1239988491536 686.9975638835905 1.0 1.0
-541.5 -477.79999999999995 282.9375 462.04999999999995 611.1162824305562 665.183058643892 0.0 1.0
-547.5 -474.20000000000005 296.1875 427.45000000000005 622.7244466354533 638.9558681997087 0.0 1.0
-553.5 -472.0 309.4375 401.0 634.3326108403505 619.3427941895768 0.0 1.0
-559.5 -471.5 322.6875 403.5 645.9407750452476 620.5843995770254 0.0 1.0
-561.5 -472.5 286.5 416.0 630.3901402109642 629.5334236774268 1.0 1.0
-627.0 -472.5 270.0 427.5 682.7052536781638 637.1932630883562 1.0 1.0
-649.0 -469.0 260.5 436.5 699.8473615425376 640.7060706699335 1.0 1.0
-559.0 -464.5 294.5 445.5 631.8430931917841 643.6218798627185 1.0 1.0
-585.5 -453.5 329.5 421.0 672.1961542294016 618.7927427718954 0.0 1.0
-587.25 -455.5 337.75 405.0 677.9904510922645 609.5142406206489 0.0 1.0
-547.5 -455.0 264.5 397.5 608.0452741937636 604.1792168518036 1.0 1.0
-551.5 -455.0 269.5 405.5 613.8292952021102 609.4713572410255 1.0 1.0
-571.0 -449.0 273.0 411.5 632.9082459891724 609.043048045201 1.0 1.0
-574.0 -465.5 276.0 421.0 636.9087942663378 627.6409734926185 1.0 1.0
-571.0 -478.5 276.0 431.0 634.2058032669968 643.9911301922906 1.0 1.0
-568.0 -479.0 273.0 431.0 630.200922790093 644.3616996687497 1.0 1.0
-567.0 -477.0 273.0 429.5 629.2996106784112 641.8734847336576 1.0 1.0
-564.5 -476.0 272.0 431.0 626.6133179781433 642.1356240421111 1.0 1.0
-561.0 -478.5 271.0 434.5 623.0265276580051 646.3377635836739 1.0 1.0
-559.0 -477.0 268.0 432.0 619.9234200474526 643.5475885881533 1.0 1.0
-574.0 -476.5 279.5 431.5 638.4346769174751 642.8409601137749 1.0 1.0
-597.5 -473.5 299.5 428.0 668.3619883673068 638.2681646455509 1.0 1.0
-598.0 -469.5 295.5 423.0 667.0267600203861 631.9492083707478 1.0 1.0
-596.0 -478.5 330.5 428.5 682.1924797939671 642.3196433540822 1.0 1.0
-594.0 -480.5 366.0 428.0 697.704808640445 643.4783519271214 1.0 1.0
-595.5 -484.5 368.0 426.5 700.0318532363033 645.4786137838778 1.0 1.0
-601.0 -489.0 388.0 428.5 715.5083073086953 650.1795070699184 1.0 1.0
-602.5 -490.5 419.0 431.0 733.8718328910783 652.9562116261233 0.0 1.0
-603.0 -489.5 344.5 432.0 694.4706591637298 652.8662884075882 1.0 1.0
-602.0 -487.5 348.0 432.5 695.3473984769811 651.6998081114214 1.0 1.0
-599.0 -486.0 349.0 431.5 693.2549133959486 649.9141403277508 1.0 1.0
-597.0 -478.5 349.5 420.0 691.7799543541437 636.6818908199798 1.0 1.0
-601.0 -473.5 358.5 409.5 699.8583819139816 626.0132930101329 1.0 1.0
-586.0416666666667 -473.0 311.41666666666663 408.0 668.6150327606524 624.6547633541104 1.0 1.0
-680.2083333333333 -472.5 239.08333333333334 407.0 735.4662974277854 623.6227974632393 0.0 1.0
-774.375 -478.0 166.75 412.5 802.3175620949183 631.3829132965712 0.0 1.0
-770.0 -487.0 160.875 427.0 795.5992077805707 647.6882925399512 0.0 1.0
-632.5 -488.5 312.0 432.5 706.0636341993205 652.4485118230302 0.0 1.0
-567.0 -490.5 360.5 432.5 671.8998902580756 653.9468632847779 0.0 1.0
-542.5 -491.0 310.5 431.5 625.4672258357534 653.6614184728971 0.0 1.0
-544.5 -490.0 257.5 431.0 602.744917469447 652.5803712568917 1.0 1.0
-559.0 -488.0 290.5 431.0 629.9966656924751 651.0798722123116 1.0 1.0
-524.0 -485.5 241.5 428.5 576.9733540315381 647.5511562803359 0.0 1.0
-633.5 -478.5 267.0 427.5 687.4816119859881 641.6529435761984 0.0 1.0
-610.0 -453.5 263.0 427.0 664.2877368845344 622.8894887303595 1.0 1.0
-617.0 -404.47727272727275 223.5 399.45454545454544 657.0562298333307 570.7524353430947 1.0 1.0
-627.5 -347.1136363636364 189.08333333333331 370.72727272727275 655.3752517001412 512.5449512007033 0.0 1.0
-637.5 -289.75 197.41666666666669 342.0 667.373623897706 454.33746705831214 0.0 1.0
-635.5 -232.38636363636363 219.0 313.27272727272725 672.1796396770387 396.1299829159209 0.0 1.0
-643.0 -175.02272727272728 233.0 284.54545454545456 683.9137421522917 337.92249877352964 0.0 1.0
-594.5 -94.875 277.5 261.9375 658.4787925986748 308.58844804391174 0.0 0.0
-640.0 53.625 394.0 257.6875 752.7636686458632 365.87469755261407 0.0 0.0
-550.25 202.125 294.625 253.4375 625.93875597118 423.16094706131634 0.0 0.0
-544.0 350.625 269.0 249.1875 606.8749430278144 480.4471965700186 1.0 0.0
-545.5 483.16666666666663 262.5 245.5 605.3757080624034 542.3695282958374 1.0 0.0
-546.5 567.8333333333333 258.5 243.5 604.5535347248658 618.200106673006 1.0 0.0
-546.5 589.5 257.0 258.0 603.913327763015 643.4889613837671 1.0 0.0
-547.5 560.5 259.0 261.0 605.6734638585556 618.4609704730618 1.0 0.0
-567.8333333333333 585.5 285.0 267.5 635.346616517628 643.7145792189194 1.0 0.0
-537.1666666666667 531.0 265.0 253.0 598.9813490032316 588.2088473804046 0.0 0.0
-507.0 512.5 278.0 238.5 578.2553727563745 565.3296061760212 1.0 0.0
-279.75 515.0 267.25 254.5 593.0218774710746 574.477118817566 0.0 0.0
9.25 511.0 250.25 268.0 623.703386748842 577.0173426222045 0.0 0.0
298.25 498.5 233.25 265.0 654.3848960266096 564.5631892936083 0.0 0.0
587.25 493.0 216.25 265.5 685.066405304377 559.9503533724729 0.0 0.0
658.0 503.0 243.5 265.5 701.7411716702793 568.771043034126 0.0 0.0
633.0 506.0 260.0 267.5 684.3869943422601 572.356788558848 0.0 0.0
568.5 502.0 286.5 265.0 637.5494903411259 567.6522206232805 0.0 0.0
628.0 497.5 270.5 261.0 683.7800131137609 561.8071682548385 0.0 0.0
630.5 491.0 266.0 258.5 684.3174699482943 554.8904808555939 0.0 0.0
625.5 482.5 262.0 261.5 678.1553805546662 548.80864087329 0.0 0.0
628.0 475.5 264.5 268.0 681.4336085318739 545.8248014426031 0.0 0.0
634.0 472.5 263.0 271.5 686.385646938639 544.9482196080369 0.0 0.0
637.0 470.0 269.5 272.5 691.6645756431442 543.283017500389 0.0 0.0
640.0 471.5 266.5 272.5 693.2784790996141 544.5811542199586 0.0 0.0
411.25 477.0 349.0 278.5 551.6021788621556 552.3506585494399 0.0 0.0
645.5 485.0 267.0 280.0 698.5410106756278 560.0226079605214 0.0 0.0
585.5 487.0 275.5 280.0 647.8203446069941 561.7559537383404 0.0 0.0
129.5 480.5 291.5 275.0 320.45128675978196 553.6291765129082 0.0 0.0
-90.0 477.5 313.5 271.5 327.4914825418838 549.2891415976142 0.0 0.0
-352.125 473.5 328.0 267.5 492.33368209988794 543.8370545872199 0.0 0.0
-520.5 459.0 316.5 259.0 609.6678341983661 527.0313083679185 0.0 0.0
-554.5 432.5 309.5 262.5 635.0283165243457 505.9275468868341 1.0 0.0
-583.5 407.625 279.0 272.375 647.4925610474559 491.77554021626526 1.0 0.0
-577.5 374.45833333333337 243.0 284.875 626.5423013108609 472.56029865784535 0.0 0.0
-538.75 341.2916666666667 308.5 297.375 620.8317630431959 453.3450570994254 0.0 0.0
-567.25 248.0 321.25 318.75 651.9497812067675 411.4847094961028 0.0 0.0
-549.5 -115.5 360.5 260.5 657.1995468436119 309.60082543561293 0.0 0.0
-565.75 -366.5 328.25 180.3125 654.5113901714053 414.20156416924857 0.0 0.0
-570.75 -588.5 248.75 210.0625 622.6024630604368 626.6298309380516 0.0 0.0
-569.25 -598.0 255.75 312.0 624.0646361630353 674.5801468197092 1.0 0.0
-568.0 -572.5 258.0 343.5 623.8494778657644 667.7695381938443 1.0 1.0
-566.25 -528.5 258.25 343.75 622.3603579689849 630.4686250688907 1.0 1.0
-564.25 -512.75 258.25 341.0 620.5410060566876 615.8000863042714 1.0 1.0
-562.75 -507.25 257.5 346.25 618.8650381543846 614.1593211932463 1.0 1.0
-561.75 -512.25 255.25 348.75 617.0229096562448 619.6997849227643 1.0 1.0
-562.25 -529.0 254.25 367.0 617.0642060830041 643.8417352105223 1.0 1.0
-541.25 -550.0 259.0 395.75 600.4929257308559 677.5848564585874 1.0 1.0
-525.25 -566.5 278.0 414.25 594.2886027193277 701.8027213844277 1.0 1.0
-529.25 -569.5 278.75 412.0 598.1916381428964 702.9046211547899 1.0 1.0
-531.25 -551.0 281.25 393.5 601.1254081027139 677.0879867237186 1.0 1.0
-532.75 -516.8055555555555 283.75 370.44444444444446 603.6035771134964 636.9003018323872 1.0 1.0
-536.75 -458.02777777777777 284.75 364.22222222222223 607.6044289385884 589.5024725532514 1.0 1.0
-536.75 -399.25 283.0 358.0 606.7867436709303 542.1046432741156 1.0 1.0
-534.0 -340.4722222222222 282.0 351.77777777777777 603.8913627101161 494.7068139949798 1.0 1.0
-538.5 -281.69444444444446 287.5 345.55555555555554 610.4416087827049 447.3089847158441 1.0 1.0
-538.5 -203.55 290.0 346.425 611.6229753096313 437.0256854420091 1.0 1.0
-541.75 -45.749999999999986 292.25 316.125 615.551523928599 467.61860191063835 1.0 0.0
-559.25 112.05000000000001 299.75 285.825 634.5164794433597 498.21151837926755 1.0 0.0
-577.0 269.85 306.25 255.525 653.2377822350282 528.8044348478968 1.0 0.0
-595.25 427.65000000000003 311.25 225.22500000000002 671.7137040186242 559.397351316526 1.0 0.0
-607.0 577.0 313.75 233.0 683.2939717829349 622.4927096894601 1.0 0.0
-623.5 548.0 317.5 241.5 699.6851819079718 599.000710787473 1.0 0.0
-602.0 562.0 274.5 265.5 662.9413100158542 621.5856086622571 1.0 0.0
-352.5 533.5 321.0 271.5 487.83327818710336 598.6314733643505 0.0 0.0
-17.5 514.5 281.29999999999995 274.0 417.54343380113005 582.9120175689602 0.0 0.0
244.5 508.0 213.70000000000002 276.5 447.60978442214446 578.3749535896993 0.0 0.0
474.125 504.0 195.875 279.5 513.793576699841 576.3138091406913 0.0 0.0
572.5 507.0 294.0 288.0 643.5776954999385 583.103266471385 0.0 0.0
524.5625 521.5 288.375 308.5 599.6252027327573 605.9252537004642 0.0 0.0
478.8125 522.0 321.875 309.5 579.2138614763617 606.8560908703728 0.0 0.0
454.0 519.5 345.5 303.5 570.5563203289378 601.6582804094717 0.0 0.0
465.0 519.0 340.5 302.5 581.4183849225249 600.7224289193321 0.0 0.0
399.0 517.0 376.5 301.5 548.7144713275302 598.4908373676817 0.0 0.0
375.0 513.5 361.5 300.5 520.9024055051952 594.964289186538 0.0 0.0
436.5 509.5 300.5 300.5 531.203621700938 591.515431736207 0.0 0.0
479.5 501.0 323.5 290.0 584.1819213951665 578.9084674769302 0.0 0.0
535.0 490.5 298.5 278.5 613.301830878909 564.0502540134632 0.0 0.0
537.5 488.0 325.5 279.5 629.8131448062068 562.3737636127773 0.0 0.0
538.5 485.5 318.0 280.0 626.378254249616 560.455562557429 0.0 0.0
501.5 481.5 336.0 280.5 603.658141605698 557.2454575857931 0.0 0.0
501.0 479.0 326.0 280.0 597.7306552135769 554.8342094716222 0.0 0.0
540.5 477.0 313.5 279.5 625.593513481356 552.8555417104906 0.0 0.0
573.5 476.5 298.5 279.5 646.5330657607713 552.4242029455263 0.0 0.0
575.5 486.0 298.5 296.5 648.307458625046 569.3746497027826 0.0 0.0
576.0 492.0 297.5 306.5 648.2924229601765 579.6609389442588 0.0 0.0
576.5 493.0 297.0 307.0 648.5075859008157 580.7736440663006 0.0 0.0
520.5 493.5 310.5 306.5 607.266608442292 580.9347826050735 0.0 0.0
509.5 493.5 307.5 305.5 595.9964341356035 580.4073403548081 0.0 0.0
454.5 497.0 330.0 304.5 561.7590605691628 582.8635038170191 0.0 0.0
534.0 501.5 304.0 309.0 614.4688763476959 589.0529952443748 0.0 0.0
533.0 499.5 304.0 305.0 613.6000325945232 585.2567232450915 0.0 0.0
531.5 498.5 303.0 301.5 611.8016928060031 582.5843355632842 0.0 0.0
528.0 497.5 302.0 299.5 608.2664173797314 580.6948674349693 0.0 0.0
528.5 497.0 302.5 300.5 608.9488388263475 580.7833319043178 0.0 0.0
527.5 497.5 305.5 300.0 609.5789802460927 580.9528810497458 0.0 0.0
524.5 498.0 309.0 302.5 608.7540025223919 582.675105134674 0.0 0.0
503.0 497.5 348.5 305.0 612.0585565882618 583.5505781033663 0.0 0.0
522.0 477.0 315.0 272.0 610.0994170502978 549.1035402431048 0.0 0.0
554.5 474.5 305.0 270.5 632.8484934081475 546.1872708836206 0.0 0.0
567.5 470.5 306.0 269.5 644.7432847715347 542.2181864898587 0.0 0.0
566.0 462.5 308.5 269.5 644.615845604084 535.2910423311789 0.0 0.0
506.5 452.0 297.0 268.5 587.4212506456311 525.7340727091762 0.0 0.0
458.5 434.0 308.0 268.5 552.3560749015219 510.3413751600152 0.0 0.0
516.0 412.0 308.0 270.0 601.9797105087421 492.5891544787521 0.0 0.0
572.5 275.1818181818182 293.5 281.6590909090909 643.349790536291 520.2359251766552 0.0 0.0
575.5 92.0909090909091 292.0 297.20454545454544 645.3405680853789 556.5406882304035 0.0 0.0
546.5 -91.0 304.0 312.75 625.8309403592198 592.8454512841517 0.0 0.0
536.5 -274.0909090909091 302.5 328.2954545454545 615.9282324674951 629.1502143379003 0.0 0.0
555.0 -457.1818181818182 329.0 343.8409090909091 645.1889202914532 665.4549773916485 0.0 0.0
551.5 -623.0 331.0 358.5 643.219168616097 718.8785179952627 0.0 1.0
564.5 -632.5 350.0 347.0 664.1990058854706 721.4414981971446 0.0 1.0
559.0 -689.0 355.5 377.0 662.4916806927499 785.6865051013906 0.0 1.0
554.0 -572.0 342.5 357.0 651.3237254490591 674.2688478976944 0.0 1.0
559.5 -562.5 353.0 343.5 661.5516538490486 659.0903372788264 0.0 1.0
562.0 -573.0 356.5 343.0 665.5349173143555 667.8172639124948 0.0 1.0
556.5 -565.0 345.0 341.0 654.7661620836751 659.9335004373953 0.0 1.0
558.0 -562.0 343.5 341.5 655.2555685575401 657.622943214378 0.0 1.0
486.5 -559.0 278.0 346.0 560.7021390815537 657.431323856037 0.0 1.0
542.5 -560.5 296.5 363.0 618.2383507426961 667.779563548878 0.0 1.0
491.5 -559.5 345.5 363.0 600.8494207637075 666.9402901064773 0.0 1.0
478.0 -558.0 341.5 361.0 587.4695920860445 664.5940829217775 0.0 1.0
477.5 -555.0 355.0 361.0 595.0187110830552 662.0772593150677 0.0 1.0
505.0 -550.0 300.0 360.5 587.3885205377992 657.6173283257009 0.0 1.0
504.5 -546.5 304.0 360.0 589.0129455283644 654.417616014739 0.0 1.0
481.0 -542.0 380.0 359.0 617.6206334391264 650.1127213447036 0.0 1.0
466.5 -523.0 351.5 352.0 584.1720430967164 630.4231142395647 0.0 1.0
476.5 -528.0 353.0 351.5 593.0103406636695 634.3000528831553 0.0 1.0
470.5 -527.5 332.0 352.0 575.8505551231408 634.1611207130686 0.0 1.0
465.5 -524.5 319.5 351.0 564.598319586346 631.1111390044157 0.0 1.0
478.0 -523.5 345.5 351.0 589.830094680414 630.280536629615 0.0 1.0
471.5 -521.5 338.0 350.0 580.1448059743595 628.0623596724886 0.0 1.0
493.0 -519.5 365.0 350.0 613.5042702838027 626.4027633645496 0.0 1.0
472.0 -531.5 319.0 377.0 569.6886620011028 651.630357431226 0.0 1.0
510.5 -532.0 325.0 379.5 605.666638790862 653.4863546301335 0.0 1.0
528.5 -534.0 306.5 382.0 610.9456623939233 656.5673320327367 0.0 1.0
472.5 -534.0 354.5 383.5 590.804284003658 657.4406817348619 0.0 1.0
473.0 -534.0 358.5 383.0 593.5088375089049 657.1491459326414 0.0 1.0
486.0 -523.5 358.0 369.5 603.632771336951 640.7801472916917 0.0 1.0
486.0 -511.0 353.0 350.5 600.6736250772187 619.6542745865756 0.0 1.0
452.5 -511.0 377.0 348.5 589.3060997454252 618.5250601228701 0.0 1.0
481.5 -510.0 352.5 347.0 596.7404386018882 616.8541156545849 0.0 1.0
483.0 -510.0 354.5 347.5 599.1770034148317 617.1356582905772 0.0 1.0
498.82142857142856 -509.5 299.2857142857143 346.0 609.5720269091871 615.8785017392754 0.0 1.0
358.1071428571429 -515.5 290.42857142857144 357.5 594.9165966714904 627.3558177613088 0.0 1.0
217.3928571428571 -522.5 281.57142857142856 372.0 580.2611664337936 641.3972372131807 0.0 1.0
76.67857142857142 -523.5 272.7142857142857 372.5 565.6057361960969 642.5018801281304 0.0 1.0
-64.03571428571433 -523.0 263.85714285714283 372.0 550.9503059584002 641.8044873635585 0.0 1.0
-204.75000000000006 -522.0 255.0 371.0 536.2948757207035 640.4100249059192 0.0 1.0
-345.4642857142858 -522.0 246.14285714285714 369.5 521.6394454830067 639.5422190911246 0.0 1.0
-448.5 -521.0 236.5 368.5 507.0371909202808 638.1482978117234 0.0 1.0
-458.5 -520.0 236.5 370.0 515.904896810018 638.200595424354 0.0 1.0
-460.0 -520.5 240.25 374.0 518.9611425757353 640.9338991357745 0.0 1.0
-463.0 -521.5 244.0 379.0 523.3606390668588 644.6731848115825 0.0 1.0
-438.5 -523.5 271.0 382.5 515.4845832206688 648.3506087171121 0.0 1.0
-453.5 -524.0 240.0 385.0 513.0911162963534 650.2316220819881 0.0 1.0
-454.5 -525.0 236.5 387.0 512.3499780423534 652.2223633025704 0.0 1.0
-642.5 -514.0 228.0 389.0 683.1899947512167 644.6562171532221 0.0 1.0
-591.0 -497.5 254.0 383.5 648.0193958407551 628.1548441539819 0.0 1.0
-575.0 -497.0 277.0 384.0 639.2910613721497 628.0645241890591 0.0 1.0
-578.5 -494.5 239.0 385.5 625.9259728982015 627.0091766116318 1.0 1.0
-581.0 -492.0 238.5 389.0 628.0473604783275 627.2041135069189 1.0 1.0
-584.5 -491.5 240.0 394.0 631.8547256089328 629.9272991362825 1.0 1.0
-580.0 -488.5 237.5 400.5 626.7441079944447 631.6901930535253 1.0 1.0
-582.0 -487.0 238.5 406.5 628.973185167428 634.3589283678444 1.0 1.0
-589.5 -489.5 281.0 410.0 654.0143117876514 638.5219290482192 1.0 1.0
-465.3571428571429 -501.0 310.1428571428571 417.0 559.3474000649695 651.8359821963707 0.0 1.0
-476.78571428571433 -523.5 302.71428571428567 426.0 565.1447436614582 674.9429148552765 0.0 1.0
-488.21428571428567 -546.3214285714286 295.28571428571433 421.6428571428571 570.9420872579469 691.0271381117569 0.0 1.0
-499.6428571428571 -573.6071428571429 287.8571428571429 392.2142857142857 576.7394308544356 698.0321379151775 0.0 0.0
-538.5 -600.8928571428571 324.0 362.78571428571433 629.9205161307962 705.037137718598 0.0 0.0
-564.25 -628.1785714285714 362.25 333.3571428571429 671.4513133557855 712.0421375220186 0.0 0.0
-520.0 -639.0 271.5 294.5 586.6525178998343 703.885355397439 0.0 1.0
-511.5 -595.5 288.0 341.5 587.1658687091422 686.4878072169455 0.0 0.0
-485.0 -620.5 254.5 328.0 547.7182706246873 701.8751951930153 0.0 0.0
-474.5 -564.0 273.5 299.5 548.0754859626462 638.5893256500665 0.0 0.0
-427.5 -541.5 284.5 187.0 513.5141740454035 574.8847790077409 0.0 0.0
-453.0 -519.5 270.5 135.0 528.0476107339744 536.7639336811162 0.0 0.0
-474.5 -550.5 258.0 145.0 540.1059553036673 569.2808763343769 0.0 0.0
-474.5 -625.5 259.5 169.0 540.8239084951774 647.9445186638558 0.0 0.0
-475.5 -571.5 259.5 171.0 541.7019108799118 596.5355644167955 0.0 0.0
-476.5 -560.0 260.0 177.0 542.8188003376449 587.3134103077139 0.0 0.0
-510.0 -544.5 264.0 178.5 574.4109705978013 573.0118689819875 0.0 0.0
-609.0 -538.5 276.0 180.5 668.6409415260324 567.9469390544996 0.0 0.0
-454.5 -534.0 291.5 185.0 540.6590934175085 565.1418348163024 0.0 0.0
-424.5 -524.0 294.0 188.0 516.5767506535743 556.7074528667692 0.0 0.0
-456.5 -508.7142857142857 297.0 194.60714285714286 545.3310160105797 544.9935885873442 0.0 0.0
-555.5 -507.57142857142856 292.0 217.03571428571428 627.9507707181621 553.1410621748128 1.0 0.0
-460.5 -506.42857142857144 310.0 239.46428571428572 555.3216404212153 561.2885357622814 1.0 0.0
-472.0 -505.2857142857143 313.5 261.8928571428571 566.7432470191325 569.43600934975 0.0 0.0
-421.0 -500.5 302.0 384.0 518.1168641700215 630.9275627742102 1.0 0.0
-460.5 -496.0 311.0 391.0 555.8713204352115 631.5829374751086 1.0 1.0
-455.0 -503.0 296.5 388.5 543.4603520211036 635.5684294649598 1.0 1.0
-492.5 -506.5 289.0 386.5 571.0318358280748 637.122430252904 1.0 1.0
-495.0 -509.0 291.5 387.0 574.4539271112083 639.4139179128067 1.0 1.0
-497.0 -507.0 279.0 389.0 570.0963904409584 639.0384631325754 1.0 1.0
-499.0 -503.5 263.5 386.0 564.2989012925685 634.4353789000106 1.0 1.0
-515.0 -502.0 266.0 384.0 579.6471360929019 632.0284803709402 1.0 1.0
-533.0 -502.0 273.0 381.0 598.8473833142848 630.2131326334634 1.0 1.0
-511.5 -503.0 269.5 377.5 578.1589202186765 628.9001034157708 1.0 1.0
-494.5 -503.0 269.0 377.0 562.9327714419528 628.6001033436786 1.0 1.0
-503.3928571428571 -501.0 281.2142857142857 376.0 576.7995016875244 626.4001038287527 0.0 1.0
-511.25 -500.5 297.5 376.0 591.7747342759139 626.0003273228369 0.0 1.0
-519.1071428571429 -500.5 313.7857142857143 374.5 606.7499668643036 625.1004000617736 0.0 1.0
-530.5 -509.0 343.0 394.0 631.8281160364951 643.6761360188432 0.0 1.0
-519.125 -509.0 283.5 398.5 592.421628540437 646.4390764784653 0.0 1.0
-512.5 -510.5 264.0 404.0 576.503683192994 651.0194668942984 1.0 1.0
-631.5 -510.0 276.5 405.5 690.164452367934 651.5599334142162 0.0 1.0
-614.5652173913044 -511.0 235.8913043478261 409.5 666.5184984763099 654.8368539617627 0.0 1.0
-542.8260869565217 -512.0 213.45652173913044 411.0 624.4462629471049 656.5554475702783 0.0 1.0
-471.0869565217391 -513.0 191.02173913043478 414.0 582.3740274178998 659.2154427802795 0.0 1.0
-399.3478260869565 -512.0 168.58695652173913 416.5 540.3017918886948 660.0123104912514 0.0 1.0
-327.6086956521739 -512.0 146.15217391304347 421.5 498.2295563594897 663.1789735727182 0.0 1.0
-255.86956521739128 -511.5 123.71739130434783 424.5 456.1573208302847 664.7048984037142 0.0 1.0
-184.13043478260872 -512.0 101.28260869565217 422.0 414.0850853010797 663.4969094640517 0.0 1.0
-112.39130434782606 -513.0 78.84782608695652 415.0 372.01284977187464 659.8442956375851 0.0 1.0
-40.6521739130435 -508.0 56.413043478260875 406.0 329.9406142426696 650.3077368109617 0.0 1.0
31.086956521739125 -474.5 33.97826086956522 370.5 287.86837871346455 602.0146340710785 0.0 0.0
102.82608695652175 -459.5 11.543478260869563 363.0 245.7961431842595 585.5848651293331 0.0 1.0
174.56521739130437 -449.0 -10.891304347826093 362.0 203.72390765505452 576.7548813526308 0.0 1.0
180.5 -445.0 -6.0 365.5 180.61943542332855 575.8606232369086 0.0 1.0
166.0 -439.0 -2.5 369.5 166.0195544923928 573.8047013852781 0.0 1.0
110.0 -366.25 -10.5 345.0 111.51056628840729 503.84589691952226 0.0 0.0
49.16666666666667 -267.25 -10.0 271.0 50.17632345344456 383.76419572026714 0.0 0.0
53.83333333333333 -168.25 -12.0 197.0 55.157321381402824 263.6824945210119 0.0 0.0
59.0 -69.25 -16.5 123.0 61.26397073247452 143.60079332175673 0.0 0.0
60.0 -44.5 -24.0 116.5 64.62525051427836 125.14961563470729 0.0 0.0
60.5 -37.5 -26.5 139.5 66.04922406811453 144.45451456588103 0.0 0.0
57.5 -43.5 -25.0 140.0 62.70021672615967 146.61159319700403 0.0 0.0
48.75 -41.0 2.200000000000001 140.5 64.70743232230971 146.43611707259646 0.0 0.0
37.75 9.5 37.800000000000004 54.5 68.2609097342417 57.12532496474613 0.0 0.0
35.5 19.5 160.5 20.5 165.38077134653903 28.29520760437052 0.0 0.0
21.5 24.5 264.0 16.5 264.88081845157865 29.564322535783486 0.0 0.0
26.5 44.0 274.0 17.0 275.2804731015043 47.22240099834916 0.0 0.0
29.0 80.83333333333334 269.0 21.416666666666664 270.5592417288278 84.52058148087607 0.0 0.0
32.5 131.27777777777777 262.0 24.63888888888889 264.0109547022222 134.53384066314732 0.0 0.0
35.5 181.72222222222223 255.5 27.861111111111114 257.9544625218097 184.5470998454186 0.0 0.0
150.0 232.16666666666666 256.5 31.083333333333336 306.44376358589324 234.5603590276898 0.0 0.0
521.0 285.0 281.0 31.5 595.0157551727111 286.75861537493483 0.0 0.0
505.5 373.07142857142856 235.0 70.64285714285714 557.4598783157695 382.1778344136698 0.0 0.0
494.0 470.5 240.5 125.5 549.6346199057332 489.8190438512611 0.0 0.0
479.0 567.9285714285713 262.5 180.35714285714283 546.2188363764867 597.4602532888523 0.0 0.0
471.5 635.75 255.5 227.25 536.3015734705491 675.2604931198467 0.0 0.0
554.5 610.5 228.5 242.0 600.2249023239636 656.7157946219813 0.0 0.0
545.5 599.0 232.0 259.0 593.655184409829 652.6104640606832 0.0 0.0
604.5 620.0 233.0 270.5 647.8604637447891 676.543490456989 0.0 0.0
608.5 603.5 235.0 276.0 652.3016691322243 663.6201872077984 0.0 0.0
624.0 600.5 243.5 272.0 669.8437071677856 659.2308503234076 0.0 0.0
516.0 575.0 260.5 279.5 580.6577143337954 639.3583488052249 0.0 0.0
366.5 586.0 372.5 292.5 528.6792712708284 654.9490696418266 0.0 0.0
381.5 566.5 347.0 289.0 518.8933047242924 635.9611523274589 0.0 0.0
534.0 546.5 246.5 285.5 588.7484433558351 616.5820568482119 0.0 0.0
563.5 540.0 232.0 285.0 609.4745624259165 610.5949962098459 0.0 0.0
552.0 539.5 216.75 290.0 593.0304216086854 612.5042848070295 0.0 0.0
551.3333333333333 533.0 217.08333333333331 294.0 592.5321005015218 608.7099947841002 0.0 0.0
550.6666666666667 526.0 217.41666666666669 297.5 592.0337793943582 604.3043643572979 0.0 0.0
573.75 533.0 257.875 303.5 629.050064027678 613.3534840212471 0.0 0.0
569.5 529.5 259.5 307.5 625.8459310198047 612.3131334746696 0.0 0.0
565.5 527.0 255.5 310.5 620.5425963184302 611.6696156259379 0.0 0.0
570.0 534.0 263.5 315.5 627.9589861067972 620.2396675966932 0.0 0.0
579.5 544.5 255.75 326.5 633.6772288069492 634.8879301759778 0.0 0.0
593.5 549.0 246.75 333.5 643.071307053428 642.357847397615 0.0 0.0
607.5 556.0 237.75 339.0 652.4653852999066 651.1967308341723 0.0 0.0
574.0 562.0 269.0 341.0 633.9248256390322 657.3621528503143 0.0 0.0
556.0 559.5 275.0 338.5 620.3611877654877 653.9290587401902 0.0 0.0
508.5 554.0 268.5 332.5 575.0347733423506 646.121067443464 0.0 0.0
498.5 547.0 268.5 326.0 566.23344238822 636.7787394561637 0.0 0.0
492.5 512.5 281.5 290.5 567.2904323421335 589.1067332559629 0.0 0.0
462.0 508.0 308.0 286.0 557.1489975630952 582.9751306985714 0.0 0.0
541.5 503.5 264.5 285.5 602.7291352881298 578.8113343953225 0.0 0.0
535.0 502.0 278.0 281.5 603.5034994253435 575.539963860026 0.0 0.0
570.5 502.5 266.5 299.0 629.6766672018572 584.9025583318885 0.0 0.0
570.5 505.0 265.0 315.0 629.0437763208001 595.1891044237416 0.0 0.0
535.5 504.5 298.5 316.0 614.9043265554252 595.295245701773 0.0 0.0
544.0 505.0 266.0 319.0 605.748645303357 597.3156822329834 0.0 0.0
513.5 506.0 339.0 320.0 615.3720006136041 598.6953076661225 0.0 0.0
528.0 505.0 322.5 320.5 618.7040522731904 598.1182393280925 0.0 0.0
521.0 504.0 315.0 319.5 609.5617594686526 596.7380278633503 0.0 0.0
511.875 503.0 317.5 318.0 602.7228917303956 595.0907696823676 0.0 0.0
512.0 502.0 341.0 315.5 615.1635806090699 592.9116713305617 0.0 0.0
487.5 502.0 271.5 314.0 558.0041375052945 592.1148537234985 0.0 0.0
492.5 503.0 269.5 312.5 561.41476596556 592.1700639134514 0.0 0.0
493.5 499.5 269.0 310.0 562.0528825073984 587.8779742554432 0.0 0.0
492.5 495.4642857142857 269.0 300.2142857142857 561.1748836147249 579.4668676584809 0.0 0.0
490.5 496.75 269.0 290.5 559.4208709074526 575.6742340832641 0.0 0.0
485.5 498.0357142857143 276.5 280.78571428571433 558.7150984428139 571.8816005080471 0.0 0.0
431.5 495.0 344.0 266.25 552.732842128989 562.080267514689 0.0 0.0
465.5 489.0 332.0 266.5 571.7672534511737 556.9190812134381 0.0 0.0
455.0 492.5 306.5 272.25 548.6050884676064 562.740517136438 0.0 0.0
452.25 489.0 297.75 268.5 541.4657614265418 557.8649096361972 0.0 0.0
474.0 496.0 318.5 272.0 571.0714825998762 565.6861718312279 0.0 0.0
462.75 491.25 303.0 266.0 553.1245282710954 558.6453531361462 0.0 0.0
459.25 489.75 299.5 268.0 548.2805783886663 558.2965242372852 0.0 0.0
461.75 487.0 302.0 268.25 551.7431611733193 555.9920057441118 0.0 0.0
483.25 488.5 313.0 262.0 575.7847414390201 554.3525622937344 0.0 0.0
466.0 517.75 294.5 294.75 551.2710171535828 595.7754209453785 0.0 0.0
500.0 510.5 322.5 302.75 594.9850663319204 593.5241898780972 0.0 0.0
483.5 512.25 320.0 306.25 579.8036991257959 596.8159201578137 0.0 0.0
476.5 509.0 316.0 303.5 571.7599607081972 592.6156283012517 0.0 0.0
470.0 504.0 313.5 300.0 564.96231967688 586.5287773821393 0.0 0.0
464.5 501.25 309.0 298.0 557.8899981179086 583.1435359229358 0.0 0.0
448.0 499.75 297.0 296.5 537.5069471451129 581.0873775539083 0.0 0.0
434.5 498.0 290.5 295.0 522.6667386023119 578.8169022375682 0.0 0.0
435.5 496.25 292.0 292.25 524.3340050046636 575.9115837367278 0.0 0.0
434.0 469.0 288.5 267.5 521.1414600600333 539.9625694260922 0.0 0.0
435.5 457.5 287.5 255.5 521.8425927648075 524.0100413681344 0.0 0.0
297.5 451.75 463.0 250.0 597.6908509095499 516.3122354191762 0.0 0.0
400.75 449.75 369.5 247.5 586.0453805892478 513.3531078304873 0.0 0.0
488.0 448.5 274.0 246.25 559.660664977247 511.65588505127926 0.0 0.0
488.25 456.25 273.0 255.5 559.3899153416475 522.9397915893442 0.0 0.0
488.25 493.75 273.0 293.5 559.3899153416475 574.3970669869199 0.0 0.0
486.25 496.5 273.75 297.0 558.0131965054014 578.5510173929831 0.0 0.0
486.0 498.5 274.5 299.0 558.1632825616533 581.2944859935665 0.0 0.0
462.0 486.5 269.5 296.0 534.9401378998853 569.4720784745971 0.0 0.0
431.0 492.5 263.0 292.0 504.9067808386132 572.5924576581742 0.0 0.0
426.0 503.0 265.0 289.5 501.6981164006897 580.3613098751501 0.0 0.0
481.0 501.5 285.5 289.0 559.4128760139656 578.8120918530088 0.0 0.0
512.0 500.5 292.5 288.0 589.6611608730339 577.4463471665305 0.0 0.0
512.5 505.5 292.5 290.0 590.0953607248091 582.7780592492106 0.0 0.0
511.5 512.5 291.0 291.0 588.4838570428249 589.353277171824 0.0 0.0
513.5 512.0 289.0 291.0 589.2395523044936 588.9185003037347 0.0 0.0
511.0 512.5 286.5 290.5 585.8355457917953 589.1065268692921 0.0 0.0
526.0 512.0 285.5 290.5 598.5909360424423 588.6716494631295 0.0 0.0
538.0 503.0 269.0 282.0 601.5056525315658 576.6625038061582 0.0 0.0
545.5 494.5 276.5 265.0 611.5739521093556 561.0320828665695 0.0 0.0
545.5 495.0 277.0 261.0 611.8000081726053 559.5949037345052 0.0 0.0
547.0 495.5 280.5 261.0 614.727010132311 560.0370038680766 0.0 0.0
555.5 495.0 279.0 260.0 621.6801399087624 559.128786595718 0.0 0.0
561.5 495.0 271.5 260.5 623.6943984247763 559.3615147839453 0.0 0.0
574.0 495.0 277.5 259.5 637.559954773764 558.8965055316355 0.0 0.0
578.5 495.5 283.0 261.5 644.0121872806039 560.2700241847675 0.0 0.0
577.5 496.0 282.5 263.5 642.8938890974146 561.6478478786246 0.0 0.0
577.5 496.5 293.5 264.5 647.8152463422992 562.5588858066327 0.0 0.0
578.0 508.5 315.0 296.0 658.262136164215 588.3816093514372 0.0 0.0
573.5 506.5 287.5 301.5 641.5382002313171 589.4443863438571 0.0 0.0
566.5 507.5 283.0 303.5 633.2544907065405 591.3277433031533 0.0 0.0
569.0 507.0 273.5 306.0 631.3192305359896 592.1866823496189 0.0 0.0
467.0 506.5 314.0 309.5 564.726595844287 593.576027143954 0.0 0.0
503.5 504.5 288.0 314.0 580.0596326007242 594.2358538492945 0.0 0.0
501.0 503.0 287.0 317.0 577.3828784508712 594.5573778308815 0.0 0.0
504.5 503.0 334.0 317.5 605.9955809798114 594.8241132354333 0.0 0.0
556.5 505.0 375.5 317.0 671.4432830327846 596.2503460341792 0.0 0.0
548.0 507.0 361.0 316.0 656.2336486893748 597.4156630406632 0.0 0.0
539.0 510.0 343.0 314.5 639.1537758972975 599.175035682414 0.0 0.0
536.5 511.5 318.0 312.5 623.6635915729748 599.4069419425307 0.0 0.0
563.0 511.0 314.5 310.0 644.9038430241227 597.6800747268758 0.0 0.0
566.5 511.0 310.0 307.0 645.774279361555 596.1292051867342 0.0 0.0
569.0 492.5 311.0 268.5 648.4458786252367 560.9381280757829 0.0 0.0
565.25 490.5 309.5 263.0 644.4372844751297 556.5603688507017 0.0 0.0
559.5833333333333 492.0 307.5 260.5 638.5075038498351 556.708816860254 0.0 0.0
553.9166666666667 492.5 305.5 260.5 632.5777232245405 557.1503387776049 0.0 0.0
558.3499999999999 493.5 310.1 261.5 638.6883034163174 558.5020143204499 0.0 0.0
566.1500000000001 494.5 316.9 263.5 648.8123372137848 560.3237188989763 0.0 0.0
572.0 498.0 322.5 266.0 656.6509268235243 564.5893930108256 0.0 0.0
573.5 499.5 323.5 268.5 658.4485826845837 567.0912624966109 0.0 0.0
576.5 501.5 323.5 270.0 661.0635911612942 569.5632098371523 0.0 0.0
572.5 502.0 311.5 271.5 651.7824052917729 570.7159204271695 0.0 0.0
565.5 502.0 304.0 310.0 642.0330787419495 590.0134220094851 0.0 0.0
523.5 504.5 286.5 309.5 596.7711020818407 591.8704939757297 0.0 0.0
544.0 504.0 294.5 309.0 618.6105313290927 591.1827128731015 0.0 0.0
563.5 504.5 301.0 307.5 638.853073875363 590.8269628241419 0.0 0.0
564.0 504.5 302.0 307.5 639.7661894561188 590.8269628241419 0.0 0.0
565.0 508.5 304.0 304.0 641.5925498320565 592.4426132728357 0.0 0.0
565.0 512.0 306.0 305.5 642.5426055912557 596.2167098233444 0.0 0.0
563.0 515.5 307.0 305.0 641.2628166360498 598.9703124337675 0.0 0.0
548.5 517.5 299.0 304.5 624.7039249013599 600.4387443403382 0.0 0.0
539.5 518.5 290.5 305.0 612.7401579354766 601.5541835385079 0.0 0.0
520.5 520.0 283.5 305.5 592.7026578050238 603.1005837735671 0.0 0.0
497.0 521.5 288.5 305.5 574.7388221440958 604.3943249237207 0.0 0.0
488.0 520.5 300.0 307.0 572.839628904335 604.2925082076088 0.0 0.0
486.0 519.5 322.0 307.0 582.9924302552192 603.4312305474419 0.0 0.0
486.5 519.0 332.5 307.5 589.2695305179182 603.2555967061387 0.0 0.0
464.0 507.0 332.0 295.0 570.8133879630616 586.6042368191328 0.0 0.0
476.0 500.0 343.5 278.5 588.0086041108098 572.3320428157417 0.0 0.0
477.5 499.5 323.5 277.0 576.8657516740946 571.1649859717647 0.0 0.0
483.0 498.0 322.5 274.0 580.7915885162436 568.4013178151552 0.0 0.0
500.5 496.5 304.0 273.0 586.3285329743934 566.6050723713734 0.0 0.0
504.0 496.5 326.0 272.0 602.0301515496512 566.1240520323536 0.0 0.0
502.25 496.5 389.625 271.5 635.6669923481929 565.8845021833204 0.0 0.0
504.5 496.5 386.0 272.0 635.2352668685955 566.123933172356 0.0 0.0
483.0 496.0 363.0 272.5 604.2387521797914 565.926062276174 0.0 0.0
465.5 495.5 387.0 273.0 605.4546196822095 565.7289545356504 0.0 0.0
492.0 494.0 353.0 273.5 606.0204467863603 564.6578090736393 0.0 0.0
508.5 507.0 349.0 306.0 616.7504506973605 592.1925870799566 0.0 0.0
535.5 499.5 359.0 305.0 644.7723780683136 585.2565676692574 0.0 0.0
554.5 490.5 366.5 303.5 664.6754277455439 576.8038494885939 0.0 0.0
516.5 482.0 351.5 302.5 624.8764052571148 569.0610067087299 0.0 0.0
554.5 476.0 373.0 299.5 668.3553228284928 562.3844325725953 0.0 0.0
547.5 472.5 369.5 297.5 660.520099322346 558.3571249904005 0.0 0.0
510.0 471.0 342.0 297.0 614.0854708423766 556.8214964198334 0.0 0.0
548.0 463.5 352.0 294.5 651.315819125814 549.147499605092 0.0 0.0
562.5 431.5 329.0 261.5 652.1187832531277 504.5541153357109 0.0 0.0
573.5 380.41666666666663 252.5 269.9166666666667 626.668105344155 476.33963655312635 0.0 0.0
574.5 311.6388888888889 275.0 279.80555555555554 636.9393418507175 437.4591519572948 0.0 0.0
591.5 242.86111111111111 334.0 289.69444444444446 679.4992909956567 398.5786673614633 0.0 0.0
578.0 174.08333333333337 320.0 299.5833333333333 660.6697392941729 359.6981827656318 0.0 0.0
576.5 85.52777777777777 298.0 310.55555555555554 649.1330703617466 348.7101470785568 0.0 0.0
598.5 -62.3611111111111 293.0 324.77777777777777 666.3717418474796 421.3994581177517 0.0 0.0
597.0 -210.25 294.5 339.0 665.6924637123695 494.08876915694646 0.0 0.0
595.0 -358.13888888888886 285.5 353.22222222222223 659.9527665192442 566.7780801961413 0.0 0.0
591.5 -506.02777777777777 288.0 367.44444444444446 657.8902407003784 639.4673912353362 0.0 0.0
584.5 -537.5 278.16666666666663 339.5 647.3258170457184 635.861453787172 0.0 1.0
584.5 -554.0 270.83333333333337 366.0 644.2085946445504 664.0137018671475 0.0 1.0
588.5 -535.0 279.5 373.0 651.5005324344081 652.1945014981068 0.0 1.0
589.5 -519.0 282.5 372.0 653.697562902193 638.5498211708665 0.0 1.0
581.0 -522.0 276.5 374.0 643.439949440366 642.1764695090483 0.0 1.0
579.0 -535.0 384.0 376.0 695.0989773819581 653.9128140728596 0.0 1.0
455.0 -534.0 353.5 376.5 576.4400312112605 653.3836483211961 0.0 1.0
455.0 -533.5 309.0 374.5 550.0105371504183 651.8228172781141 0.0 1.0
457.0 -533.5 288.5 370.5 540.4463460740888 649.5325868207011 0.0 1.0
455.5 -534.0 287.5 364.5 538.6432254467027 646.5420077888602 0.0 1.0
454.5 -533.0 286.0 359.0 536.9977527799222 642.6274799764115 0.0 1.0
456.0 -531.5 280.5 358.0 535.3664927626435 640.8254032269522 0.0 1.0
476.5 -528.0 309.0 362.0 567.9408568145036 640.1790582062561 0.0 1.0
463.0 -524.0 273.5 369.0 537.7469991858419 640.8880443391911 0.0 1.0
447.0 -518.0 260.5 385.5 517.3676966156943 645.7129041472434 0.0 1.0
493.0 -513.5 267.0 403.5 560.8442973892313 653.06593714211 0.0 1.0
442.5 -508.5 257.0 423.5 511.7179398848549 661.7590164670485 0.0 1.0
443.0 -507.0 258.5 442.0 512.9076271404002 672.6166382445249 0.0 1.0
456.0 -508.5 267.5 452.0 528.6721277392219 680.3500949688622 0.0 1.0
468.5 -507.0 285.5 442.0 548.666183904557 672.6203668967262 0.0 1.0
488.5 -520.9166666666667 309.0 380.875 578.1670125577012 645.3400558667868 0.0 0.0
504.0 -508.58333333333337 390.0 362.375 637.6168239100721 624.5895975988165 0.0 0.0
492.0 -496.25 321.5 343.875 587.8275584152066 603.8391393308459 0.0 0.0
490.5 -488.5 317.0 344.0 584.0948044959878 597.5619438494574 0.0 1.0
514.5 -499.0 318.0 353.5 604.8426204051189 611.5253706288256 0.0 1.0
516.5 -504.5 317.5 370.0 606.2833762498751 625.6388696542767 0.0 1.0
461.5 -502.0 291.5 386.5 545.9651593420014 633.552975238164 0.0 1.0
512.5 -499.0 310.0 397.0 598.9627008149243 637.6601709399881 0.0 1.0
511.5 -491.0 312.5 404.0 599.4084205265049 635.850708008697 0.0 1.0
506.5 -489.0 317.5 405.5 597.7890492801978 635.2670127281513 0.0 1.0
456.5 -486.5 374.5 399.0 591.1227288542809 629.1944592250093 0.0 1.0
506.5 -483.5 316.0 394.5 597.1539823954886 624.0217146353058 0.0 1.0
467.5 -494.5 283.5 392.5 546.8239012500248 631.3380212447275 0.0 1.0
506.0 -497.0 297.0 387.0 586.7254443782297 629.9039751025527 0.0 1.0
460.0 -487.5 292.0 380.0 545.4786967451035 618.1071149172562 0.0 1.0
239.4318181818182 -469.5 322.22727272727275 372.0 426.73965946982094 599.0113819210464 0.0 1.0
111.15909090909089 -457.0 323.1363636363636 365.5 448.9609290925566 585.1856124098019 0.0 1.0
-17.113636363636374 -449.5 324.0454545454545 367.5 471.1821987152923 580.6220939320834 0.0 1.0
-145.38636363636368 -441.0 324.9545454545455 359.0 493.403468338028 568.653502985591 0.0 1.0
-273.65909090909093 -342.75 325.8636363636364 303.07142857142856 515.6247379607637 463.8425274139745 0.0 0.0
-401.9318181818182 -223.75 326.77272727272725 234.5 537.8460075834994 337.1886497268079 0.0 0.0
-462.5 -104.75 299.5 165.92857142857144 552.7065746152177 210.5347720396413 0.0 0.0
-471.5 66.5 278.0 175.0 547.7495502150755 196.97751583666258 0.0 0.0
-457.0 7.0 294.0 179.5 545.1302277130737 181.16979092813696 0.0 0.0
-484.0 26.5 258.0 189.5 548.4706008529537 191.77081806359453 0.0 0.0
-480.625 22.5 256.25 193.5 544.6827754529995 194.8054735824291 0.0 0.0
-474.0 40.0 260.0 192.0 540.6256170605465 196.12869832922644 0.0 0.0
-482.125 101.60714285714286 263.75 196.03571428571428 549.5539998600503 238.49260754640997 0.0 0.0
-419.67857142857144 185.75 270.42857142857144 200.75 575.2681717958422 294.73308257719367 0.0 0.0
-102.39285714285714 269.8928571428571 252.14285714285717 205.46428571428572 597.3024652701451 350.97355760797734 0.0 0.0
214.8928571428571 331.5 233.85714285714286 208.5 619.336758744448 391.61797826681664 0.0 0.0
532.1785714285714 336.5 215.57142857142856 207.0 641.371052218751 395.0924078884809 0.0 0.0
594.0 350.79166666666663 243.5 202.5 641.9732750141478 405.2619085594681 0.0 0.0
513.0 419.95833333333337 228.5 220.5 561.6222265725507 474.91662029189115 0.0 0.0
486.0 489.125 239.0 238.5 541.8278838081671 544.5713320243141 0.0 0.0
485.5 557.5 268.5 237.5 555.5872830742264 606.3042991775701 0.0 0.0
459.0 601.0 264.0 287.5 529.509654789922 666.2554984568674 0.0 0.0
448.0 590.5 262.0 294.5 519.1769996342784 659.864036977883 0.0 0.0
449.5 575.0 259.0 293.0 519.4991772772813 645.3526682616188 0.0 0.0
443.5 547.5 207.0 283.5 489.4364100582278 616.5528638222106 0.0 0.0
447.0 518.0 216.5 277.0 496.6709522610972 587.4255895825366 0.0 0.0
447.0 507.5 227.5 283.0 501.564589156078 581.0824529234253 0.0 0.0
448.5 505.5 232.5 276.5 505.18243060160717 576.22946720144 0.0 0.0
448.0 506.0 229.0 273.0 503.1376300418616 574.9485420376037 0.0 0.0
448.5 505.5 228.0 272.0 503.12652617406366 574.0333667402455 0.0 0.0
452.5 500.0 245.0 270.0 514.7081152686377 568.2440045977003 0.0 0.0
452.0 494.5 237.0 269.0 510.36574737090507 562.9309460315715 0.0 0.0
451.0 492.0 233.5 277.5 507.8772938086937 564.8632501290269 0.0 0.0
447.5 491.0 243.0 294.0 509.266542600596 572.428071680728 0.0 0.0
446.0 489.5 241.5 304.5 507.18831795794256 576.4841322724876 0.0 0.0
461.0 490.0 221.0 307.0 511.64878014687724 578.2296737506742 0.0 0.0
493.0 491.5 251.0 309.5 553.2214490492449 580.8292332396331 0.0 0.0
493.0 491.0 252.5 310.0 553.9004449077383 580.6729064545724 0.0 0.0
487.0 492.5 323.0 309.5 584.7899683711919 581.6755968750967 0.0 0.0
500.0 494.5 282.0 310.0 574.0611507800031 583.6353741849443 0.0 0.0
519.0 491.0 265.0 311.5 582.9792199812505 581.4750639537348 0.0 0.0
515.5 485.0 256.0 312.0 575.6501309551505 576.6879572177661 0.0 0.0
534.0 482.0 291.0 305.0 608.6291994218789 570.4573464478171 0.0 0.0
513.5 483.0 285.5 294.5 587.5534733139971 565.7026005297365 0.0 0.0
513.0 481.5 263.0 293.5 576.662649938123 563.9017902967132 0.0 0.0
507.5 479.5 299.5 288.0 589.2918805335082 559.3428588281901 0.0 0.0
504.5 476.0 296.5 286.5 585.1813911684239 555.5702624179559 0.0 0.0
538.5 473.0 301.0 285.0 618.8900893698169 552.2272103175094 0.0 0.0
597.0 471.5 261.0 284.0 651.641870833874 550.4263271736259 0.0 0.0
627.5 468.5 263.0 283.0 680.3861898029579 547.3401593159413 0.0 0.0
543.5 466.5 249.0 281.5 597.8237616555568 544.8527323965624 0.0 0.0
543.0 466.0 247.0 280.5 596.5383833924855 543.9087431925033 0.0 0.0
581.5 466.5 252.0 278.5 633.8926248839205 543.3092766244899 0.0 0.0
617.5 470.0 254.0 278.0 667.6993151557908 546.0624370934863 0.0 0.0
612.5 468.5 250.0 275.5 661.5559311199621 543.5026513636966 0.0 0.0
610.5 469.0 249.5 272.0 659.5156746402205 542.1671805762359 0.0 0.0
609.5 468.5 250.5 269.0 658.9694331860771 540.234871058287 0.0 0.0
609.5 469.5 252.5 266.5 659.7326833294342 539.8634650733343 0.0 0.0
609.0 471.5 252.5 263.5 659.2705642583992 540.1342082543223 0.0 0.0
530.5 474.5 331.0 260.5 627.0538095276459 541.3044964705173 0.0 0.0
543.5 477.5 303.0 260.0 622.2558861278364 543.6968890573887 0.0 0.0
529.5 482.0 302.0 261.0 609.5838414898586 548.1290998968498 0.0 0.0
505.5 484.0 292.0 262.0 583.7759422068376 550.363567703839 0.0 0.0
499.5 491.0 289.5 283.5 577.3305232510335 567.018434189645 0.0 0.0
540.5 489.0 302.5 291.5 619.3921943088684 569.2918906992842 0.0 0.0
489.5 481.5 283.5 290.5 565.7556453960096 562.345593665844 0.0 0.0
490.0 475.0 282.5 290.5 565.6840684894089 556.7901310188606 0.0 0.0
485.0 478.0 287.0 293.0 563.5548463444547 560.6540991225705 0.0 0.0
488.5 483.5 300.5 298.0 573.5503323454828 567.9580589038724 0.0 0.0
488.5 488.0 309.0 301.5 578.0896658385805 573.625646044735 0.0 0.0
475.5 485.0 303.5 299.5 564.2440264742378 570.0221719157519 0.0 0.0
470.0 485.0 288.0 300.0 551.2326937150914 570.2850876521211 0.0 0.0
492.5 486.0 345.0 299.0 601.4240814023073 570.6110797373572 0.0 0.0
499.5 351.0 346.5 309.5 607.9818563827062 468.3714260095197 0.0 0.0
497.5 209.21428571428572 317.0 231.5 589.9180394056668 319.4712722430839 0.0 0.0
481.5 133.5 291.0 193.5 562.9410002413495 249.48315031718144 0.0 0.0
513.0 57.785714285714306 281.0 155.5 584.9191444694452 179.495028391279 0.0 0.0
486.0 12.0 314.5 136.5 580.3315314180268 137.4022391089251 0.0 0.0
473.0 20.0 343.5 160.5 584.6145357620801 161.7855305409655 0.0 0.0
470.5 12.0 346.0 170.0 584.0605521130594 170.4239536188636 0.0 0.0
473.0 5.5 271.0 181.0 545.2513158470584 181.08415264756582 0.0 0.0
511.83333333333337 5.5 277.5 186.5 582.2349199569853 186.5818322466066 0.0 0.0
509.16666666666663 9.0 267.5 193.5 575.1737436206997 193.71176485024284 0.0 0.0
416.5 1.0 235.0 200.0 478.645658562165 200.0024999843752 0.0 0.0
466.0 1.5 249.0 208.5 528.4459879474831 208.50599508661963 0.0 0.0
423.0 1.5 242.0 218.5 487.37355106359416 218.5057286060055 0.0 0.0
482.0 -1.0 312.5 226.0 575.0552800873558 226.00277036702357 0.0 0.0
418.0 37.5 217.0 215.0 470.9710181069381 218.2468588992329 0.0 0.0
417.5 39.0 214.5 206.5 469.37932766469316 210.1513530291407 0.0 0.0
411.5 41.0 226.0 194.0 469.499334043849 198.28675950968235 0.0 0.0
404.0 -69.0 226.0 174.0 462.93713667057756 187.37155669822545 0.0 0.0
311.5 -118.0 222.5 141.5 385.9139137887396 184.24525983011927 0.0 0.0
343.5 -119.5 186.5 143.0 390.90159208560556 186.3582496253971 0.0 0.0
330.5 -148.5 182.5 166.5 377.54574420582014 223.15826096821826 0.0 0.0
308.5 -143.5 188.0 174.0 361.2703764644622 225.53991791233807 0.0 0.0
287.5 -126.5 191.0 175.5 345.3069230635411 216.3458178227693 0.0 0.0
290.5 -122.0 176.0 181.5 339.65629690567556 218.69843445328428 0.0 0.0
281.0 -119.5 172.0 190.0 329.4934794390921 224.47298735314666 0.0 0.0
239.0 -120.0 237.5 198.0 337.03647030685886 231.5323820895054 0.0 0.0
242.5 -131.5 223.0 203.5 329.45219128095476 242.64161913216844 0.0 0.0
231.0 -126.0 246.0 194.25 338.31721015922824 231.56894720311166 0.0 0.0
245.5 -123.5 218.5 191.25 328.6574012092679 227.7447768991186 0.0 0.0
271.25 -193.5 250.0 163.0 368.91305258145945 258.95699426140334 0.0 0.0
299.75 -251.71428571428572 118.0 130.07142857142858 322.17724687105544 284.22940231555964 0.0 0.0
295.0 -244.0 136.75 109.5 325.86534291932264 268.84958641952585 0.0 0.0
311.25 -236.28571428571428 161.25 88.92857142857142 350.5637704236477 253.469770523492 0.0 0.0
302.0 -230.75 156.5 61.5 340.1654510800409 239.08947807276326 0.0 0.0
305.25 -268.25 162.25 17.0 345.69269640417036 268.788235429653 0.0 0.0
223.5 -124.75 117.0 79.5 253.99426769786368 148.0117286543354 0.0 0.0
94.5 -121.5 88.0 81.75 131.1939132454006 146.57195331182356 0.0 0.0
103.75 -131.0 79.25 84.0 139.8008699211581 155.66716333906058 0.0 0.0
44.25 -135.0 43.5 83.75 62.09295102519965 158.86978797210577 0.0 0.0
111.0 -132.5 101.25 93.5 153.34626286116642 162.24661059603935 0.0 0.0
113.0 -128.0 101.0 103.0 151.96321440655265 164.3020715991035 0.0 0.0
147.75 -131.0 94.25 97.75 177.84457768333937 163.62771867400437 0.0 0.0
149.0 -127.25 79.0 96.25 170.24409844191393 159.58037004283747 0.0 0.0
151.0 -124.75 89.0 101.75 175.36562332513523 160.98534767708006 0.0 0.0
155.25 -126.25 77.0 103.75 173.34026444673015 163.4189557173397 0.0 0.0
10.5 -127.75 141.0 108.75 172.5109095360162 167.79821939049532 0.0 0.0
-16.75 -130.25 191.5 112.0 192.5934565919339 171.78735253498178 0.0 0.0
-143.29166666666669 -126.25 53.625 115.75 158.87819816591866 171.30389268743198 0.0 0.0
-126.45833333333333 -119.0 108.125 119.5 183.08092220647632 168.71800433731033 0.0 0.0
-109.625 -112.25 162.625 124.75 207.283646247034 167.83946640764196 0.0 0.0
-86.75 -114.0 213.25 129.0 230.5962247599341 172.17533612801162 0.0 0.0
-84.25 -133.75 222.75 173.0 238.16504050342675 220.16856836721746 0.0 0.0
-194.5 -167.25 244.75 186.125 317.91932279699165 250.37146723456513 0.0 0.0
-427.25 -136.0 283.0 173.5 513.900258923502 220.45218570006227 0.0 0.0
-584.0 -146.5 248.5 180.0 635.3252803691807 233.0322597407728 0.0 0.0
-597.5 -190.0 193.5 199.5 628.081527827904 275.50200748045205 0.0 0.0
-603.0 -208.5 187.5 202.0 631.4786252229171 290.30571925705465 0.0 0.0
-486.5 -238.0 225.5 205.5 536.2206115141812 314.4565152870474 0.0 0.0
-484.5 -261.0 228.0 211.5 535.4667988163687 336.30950989891585 0.0 0.0
-483.0 -239.3 227.5 227.9 533.8962914274643 335.01281410948206 0.0 0.0
-608.0 -380.5 200.5 233.5 640.221740351257 455.7642714823896 0.0 0.0
-609.0 -521.7 202.5 239.1 641.7863741141864 576.5157288552971 0.0 0.0
-608.5 -567.5 205.5 369.0 642.2640579055785 677.0946921649834 0.0 0.0
-608.5 -555.0 207.5 378.0 642.919630733949 671.4997036172163 0.0 1.0
-598.5 -547.0 222.0 369.5 638.3465205016938 660.1056072239558 0.0 1.0
-598.0 -538.0 224.0 364.0 638.5808335427912 649.5702760026124 0.0 1.0
-600.0 -523.0 228.5 365.0 642.0376754239405 637.772698806906 0.0 1.0
-440.0 -523.0 302.0 362.0 533.6724738851856 636.0605443018173 0.0 1.0
-444.5 -530.0 287.5 360.5 529.6253431985759 640.9839585133333 0.0 1.0
-443.0 -531.5 269.5 360.5 518.5356868807987 642.2250403813935 0.0 1.0
-433.0 -524.5 267.5 358.0 508.96609902755927 635.0309673190264 0.0 1.0
-424.0 -515.0 258.5 353.0 496.5925290913352 624.3684270359701 0.0 1.0
-399.375 -518.5 232.75 352.0 462.44181324203896 626.6947164660276 0.0 1.0
-374.54166666666663 -529.5 207.08333333333331 348.5 428.249486917185 633.8947211135912 0.0 1.0
-349.70833333333337 -536.0 181.41666666666666 344.0 394.057160592331 636.8941512407362 0.0 1.0
-394.125 -533.5 231.25 342.5 457.17404426718656 633.9783694769544 0.0 1.0
-411.0 -531.5 247.0 338.5 479.51245996714545 630.1388973939497 0.0 1.0
-416.0 -536.0 253.0 341.5 486.89332720385477 635.5466046053812 0.0 1.0
-416.5 -543.0 258.5 342.0 490.19850012138386 641.7427809070558 0.0 1.0
-415.0 -537.5 258.0 342.0 488.6607642796727 637.088610526961 0.0 1.0
-406.0 -527.0 254.5 337.5 479.17609481925376 625.8088869052468 0.0 1.0
-403.5 -517.0 250.5 330.5 474.93633262151974 613.6117033811956 0.0 1.0
-405.0 -515.5 246.0 323.5 473.8598895279996 608.5988101135348 0.0 1.0
-435.0 -518.0 284.0 320.5 519.7767230374889 609.1352270570248 0.0 1.0
-361.46428571428567 -514.0 305.5357142857143 322.5 498.29271650686655 606.8011993567707 0.0 1.0
-218.75 -500.5 278.25 325.0 401.6681856452795 596.7646026844138 0.0 1.0
-76.03571428571425 -491.0 250.96428571428572 328.0 305.04365478369243 590.4818089525829 0.0 1.0
26.5 -494.0 219.5 334.5 221.1163576824136 596.596324899904 0.0 1.0
80.5 -501.0 218.5 340.0 232.8577250641956 605.4777587269713 0.0 1.0
81.0 -505.5 221.0 349.0 235.37686051633727 614.2752283256411 0.0 1.0
78.5 -505.0 219.5 354.5 233.11477859629576 617.0052005236519 0.0 1.0
72.0 -503.5 217.5 358.0 229.10772305379456 617.8019946601513 0.0 1.0
66.0 -503.0 215.0 364.0 224.90224883251102 620.8913505311134 0.0 1.0
82.0 -504.5 237.5 366.5 251.70287052398675 623.5727605949312 0.0 1.0
94.0 -506.5 342.5 372.5 356.0076380706844 628.7305768533051 0.0 1.0
129.0 -505.0 352.0 380.5 375.0278893984464 632.302342405176 0.0 1.0
140.5 -496.0 335.0 386.5 363.2727385616585 628.8070053681018 0.0 1.0
135.0 -492.0 349.0 394.5 374.3141380773297 630.6301196683273 0.0 1.0
143.5 -491.0 344.5 402.5 373.1958048181533 634.8916052984467 0.0 1.0
151.5 -492.0 360.5 404.0 391.0526187366503 636.6161022131794 0.0 1.0
147.0 -497.5 459.5 405.0 482.4421650253961 641.5070924340101 0.0 1.0
152.5 -507.5 478.5 411.5 502.22020470470864 653.3671243386764 0.0 1.0
168.0 -514.0 532.5 416.0 558.3902292248754 661.2507876892278 0.0 1.0
144.5 -517.0 519.5 417.0 539.222946743451 664.214741869315 0.0 1.0
150.0 -509.5 497.0 415.5 519.1439515908207 657.447024990234 0.0 1.0
181.5 -491.5 484.0 406.5 517.7402472056295 637.8211369918756 0.0 1.0
268.0 -477.5 472.0 398.0 542.8062579471837 621.619701769989 0.0 1.0
273.0 -473.5 462.0 383.5 536.6311639530458 609.3231909146205 0.0 1.0
280.0 -467.0 473.0 385.0 549.6626355593326 605.4287044825126 0.0 1.0
277.5 -476.47058823529414 460.5 395.6764705882353 537.6490760366894 620.6494806753706 0.0 0.0
276.0 -491.7647058823529 453.5 385.9117647058824 530.884403613442 627.738880936324 0.0 0.0
277.0 -507.05882352941177 453.5 376.1470588235294 531.4049773948302 634.8282811972773 0.0 0.0
281.5 -522.3529411764705 461.0 366.38235294117646 540.1521352746056 641.9176814582307 0.0 0.0
278.0 -537.6470588235295 462.0 356.61764705882354 539.1922417617975 649.0070817191842 0.0 0.0
261.5 -552.9411764705883 453.5 346.8529411764706 523.5139517376151 656.0964819801376 0.0 0.0
297.5 -568.2352941176471 423.0 337.0882352941176 517.1481319132406 663.1858822410909 0.0 0.0
301.0 -583.5294117647059 423.5 327.3235294117647 519.5712513761094 670.2752825020443 0.0 0.0
287.5 -543.5 391.5 295.0 485.7289526009557 618.4044342242223 0.0 0.0
283.5 -522.0 402.5 361.0 492.3254788184079 634.670404266562 0.0 0.0
272.5 -523.5 395.0 366.5 479.9432919846623 639.044519648691 0.0 1.0
273.5 -515.0 402.5 362.5 486.66038964303976 629.791158949067 0.0 1.0
277.5 -508.0 392.5 357.0 480.75994283168404 620.9010289855828 0.0 1.0
271.0 -512.0 373.5 349.5 461.4581702668413 619.9151013014734 0.0 1.0
275.5 -520.0 358.0 350.5 451.82241197754945 627.0982195333659 0.0 1.0
213.0 -515.5 338.0 359.0 400.45908836817733 628.1898391583935 0.0 1.0
180.0 -506.0 324.5 360.5 371.08419318276265 621.2859888480159 0.0 1.0
165.5 -496.0 355.0 360.0 391.89492412715344 612.8778384358864 0.0 1.0
172.5 -489.5 335.5 363.0 377.24859199013434 609.4125475009264 0.0 1.0
175.5 -494.0 329.0 363.5 372.8823552680566 613.3276220402515 0.0 1.0
160.0 -504.0 359.5 362.5 393.7490406247807 620.8241223902224 0.0 1.0
106.5 -509.0 294.5 362.5 314.08492522193455 624.8898575986836 0.0 1.0
53.0 -510.5 227.5 367.5 234.57697082398658 629.0202832882636 0.0 1.0
43.5 -504.0 229.5 381.0 233.60330046786794 631.8050619849989 0.0 1.0
41.0 -495.0 231.0 387.0 234.61033147564558 628.3267403301238 0.0 1.0
40.5 -490.5 229.0 396.0 232.5544790946925 630.4118829637031 0.0 1.0
5.0 -488.5 237.0 406.5 237.22546965871766 635.5132234379 0.0 1.0
20.5 -494.0 229.0 411.5 229.92119632946816 642.9372181367493 0.0 1.0
37.5 -495.5 220.5 420.5 223.66678932021097 649.8776182236907 0.0 1.0
48.0 -489.0 213.5 430.0 218.8319627554672 651.1689504670637 0.0 1.0
59.5 -483.5 202.0 441.5 210.58362035751958 654.747732392919 0.0 1.0
55.5 -478.0 203.0 451.5 210.45232346776663 657.522813601231 0.0 1.0
54.0 -458.0 202.0 457.0 209.09459468976007 647.0031863108575 0.0 1.0
53.0 -376.77631578947364 202.0 434.8157894736842 208.83725721240447 639.4879300780474 0.0 1.0
63.0 -271.14473684210526 207.5 407.2368421052632 217.2174703584069 632.7679328197878 0.0 1.0
223.29999999999998 -165.51315789473685 203.0 379.65789473684214 335.65383972497693 626.0479355615282 0.0 1.0
417.70000000000005 -59.88157894736841 191.0 352.07894736842104 482.2301319101913 619.3279383032686 0.0 1.0
575.5 45.75 208.5 324.5 612.4596079437031 612.6079410450089 0.0 1.0
598.0 151.38157894736844 265.0 296.92105263157896 654.0960960308224 605.8879437867492 0.0 0.0
492.0 257.0131578947369 242.5 269.3421052631579 548.5168404796955 599.1679465284897 0.0 0.0
542.5 362.6447368421053 248.0 241.76315789473685 597.1288348152498 592.4479492702301 0.0 0.0
516.0 468.2763157894737 305.5 214.1842105263158 600.0384123651554 585.7279520119705 0.0 0.0
528.0 583.5 294.0 203.5 604.3379411476885 617.9727685039963 0.0 0.0
531.0 600.0 289.5 238.5 605.0485502153908 645.6807474010427 0.0 0.0
487.5 566.0 329.0 246.5 589.2503858330322 617.3605243039929 0.0 0.0
444.5 537.5 347.5 243.0 568.5179559851979 589.8794814861249 0.0 0.0
496.0 537.0 277.0 259.5 568.1066718190714 596.4139301005458 0.0 0.0
489.5 520.0 328.0 270.0 589.2391523016189 585.9425911241872 0.0 0.0
493.5 517.5 322.0 275.0 590.3846223008751 586.0304047363957 0.0 0.0
526.0 508.0 242.0 271.0 579.1144538667493 575.7647566387845 0.0 0.0
568.0 496.5 171.35 276.5 593.2905920519995 568.2996586081977 0.0 0.0
572.0 498.5 176.75 296.5 598.706352195697 580.0465335520944 0.0 0.0
576.0 500.0 182.15 303.5 604.1221123393946 584.9036486602788 0.0 0.0
596.125 499.5 172.75 303.0 621.2152564642478 584.2167833946573 0.0 0.0
621.625 497.5 158.41666666666669 304.0 642.2008619161529 583.0285392134776 0.0 0.0
647.125 495.5 144.08333333333331 306.0 663.186467368058 582.3718519257704 0.0 0.0
599.5 499.0 178.75 319.5 626.2739348163816 592.5605550351193 0.0 0.0
584.5 504.0 183.0 325.5 612.4850843957563 599.9995034444232 0.0 0.0
592.0 469.0 170.0 304.5 615.9851315943522 559.2015142548439 0.0 0.0
531.5 435.0 112.5 279.5 543.5251158631605 517.0544681674153 0.0 0.0
491.5 434.0 185.0 280.0 525.3159035774329 516.4847314042648 0.0 0.0
480.0 447.5 183.5 280.5 513.879730590657 528.1888876676292 0.0 0.0
479.0 438.5 176.5 278.5 510.4833643035829 519.4657622420984 0.0 0.0
478.0 437.0 171.5 277.5 507.8395623429338 517.6632592718938 0.0 0.0
484.0 438.0 179.0 276.5 516.0425352048774 517.9736727831362 0.0 0.0
478.5 451.5 168.0 277.0 507.1357375336264 529.7269767002481 0.0 0.0
483.0 466.0 170.5 278.0 512.2720119936071 542.6232578870905 0.0 0.0
483.5 468.5 172.0 278.0 513.182472420873 544.7719802011873 0.0 0.0
538.0 473.5 164.0 300.5 562.491080348172 560.9183948282148 0.0 0.0
607.0 492.5 250.5 327.5 656.6576721738559 591.4495076092948 0.0 0.0
609.0 496.0 251.5 331.0 658.8879446450567 596.3027754421406 0.0 0.0
606.0 496.5 249.5 333.0 655.352032296625 597.8305174263173 0.0 0.0
605.0 498.0 250.5 334.5 654.8093233911686 599.9118840042612 0.0 0.0
603.5 513.0 251.5 330.0 653.8077217291872 609.9782133190847 0.0 0.0
602.5 511.5 251.0 325.0 652.6923088255293 606.0175522846389 0.0 0.0
602.5 510.5 250.0 324.0 652.3084009883669 604.6373473298722 0.0 0.0
600.5 510.5 250.0 324.0 650.461566889236 604.6372879669265 0.0 0.0
601.0 508.5 250.0 330.0 650.9233542611587 606.194894402782 0.0 0.0
601.0 507.0 249.5 335.5 650.7314832158474 607.9550362770779 0.0 0.0
496.5 505.5 255.5 340.0 558.4991668315827 609.2047456560073 0.0 0.0
521.5 504.5 283.0 343.0 593.3398351516366 610.0567596543784 0.0 0.0
519.5 501.5 298.0 343.5 598.9076502405346 607.8606582380537 0.0 0.0
516.0 495.5 296.5 337.5 595.1206867968236 599.5219589204505 0.0 0.0
579.5 487.5 298.5 326.0 652.3082386849246 586.4575199870485 0.0 0.0
538.5 476.5 313.0 307.0 622.8820495421346 566.8387699850391 0.0 0.0
588.5 470.5 379.5 279.5 700.3984879924956 547.2587716105011 0.0 0.0
579.5 470.0 327.0 236.5 665.4973514831247 527.4388116908224 0.0 0.0
582.5 470.0 323.0 195.0 666.1765287171951 508.846771350993 0.0 0.0
578.5 489.0 327.0 186.5 664.5279501547238 523.5596039473838 0.0 0.0
611.5 510.0 358.0 183.5 708.6447897479218 542.0248977320583 0.0 0.0
591.0 527.5 312.0 184.0 668.3983415422465 558.6805750338411 0.0 0.0
582.0 531.0 312.5 196.0 660.6313598974461 566.0240562275272 0.0 0.0
578.5 469.75 318.5 129.75 660.3820878565944 488.9039509034436 0.0 0.0
511.5 450.75 342.0 54.75 615.6037806584104 455.7412349228418 0.0 0.0
461.0 453.5 283.0 60.5 540.9346815602502 457.5564124826907 0.0 0.0
439.0 459.0 290.5 79.0 526.4177263290836 465.7572940569585 0.0 0.0
434.5 462.0 279.0 81.0 516.3635741303132 469.0469982510539 0.0 0.0
433.5 469.5 275.5 65.0 513.636567678061 473.9781162687298 0.0 0.0
431.0 476.0 281.0 60.5 514.5117285245516 479.8305567151051 0.0 0.0
427.5 469.5 278.0 52.5 509.94149105567635 472.4822955316637 0.0 0.0
521.0 493.5 334.0 120.5 620.1828346387111 510.2959529505823 0.0 0.0
516.0 511.0 342.5 262.5 621.2338452123001 574.4861235432163 0.0 0.0
537.5 511.5 302.0 272.0 616.5312561983217 579.3274138466958 0.0 0.0
540.0 506.5 308.5 275.5 621.9109550165979 576.5784360538515 0.0 0.0
481.5 501.5 371.0 274.5 607.898655047328 571.7105566517182 0.0 0.0
462.0 495.0 320.0 275.5 562.0150310858132 566.5026478314113 0.0 0.0
478.5 492.5 324.0 277.5 577.875910274389 565.2993529149824 0.0 0.0
537.0 492.0 312.0 283.0 621.0580191041529 567.5852358897296 0.0 0.0
507.0 490.5 322.5 289.5 601.3166904503632 569.5617302703905 0.0 0.0
473.0 491.5 319.0 294.0 570.5173091151573 572.7202751067521 0.0 0.0
469.5 493.5 337.0 298.5 577.989503300213 576.7534715674519 0.0 0.0
463.5 498.0 317.5 308.5 561.8185039809655 585.8132430017262 0.0 0.0
465.5 501.0 328.5 315.0 569.7474098129744 591.7999098322919 0.0 0.0
499.0 505.5 320.0 319.0 593.3236309669035 597.7415074690791 0.0 0.0
528.5 506.5 309.5 323.5 612.456138703 600.9947400478684 0.0 0.0
483.5 506.0 343.5 346.0 593.379906525446 612.9879669987752 0.0 0.0
596.0 509.5 316.5 352.5 674.826537278825 619.5534682333721 0.0 0.0
511.5 510.5 380.0 356.0 637.365786760419 622.3726888483529 0.0 0.0
492.0 510.5 333.0 357.5 594.1060245457388 623.2312339382797 0.0 0.0
534.0 510.0 320.0 363.5 623.131198327209 626.2844800887214 0.0 0.0
586.5 512.5 319.5 370.0 667.8791058267956 632.1060164008011 0.0 0.0
584.0 476.0 317.0 293.0 664.4886704104033 560.400311451937 0.0 0.0
521.5 485.5 294.0 201.0 598.8224260643236 525.4647188717956 0.0 0.0
463.0 492.0 273.5 210.5 537.7466956464684 535.1433387991167 0.0 0.0
588.5 500.0 312.0 213.5 666.0902721929814 543.6788315556643 0.0 0.0
521.5 500.0 295.0 201.5 599.3048691124982 539.130129010957 0.0 0.0
502.0 498.7857142857143 314.0 191.42857142857144 592.282810248413 534.2627810323524 0.0 0.0
509.0 504.5 329.5 192.0 606.3490439107135 539.806565821295 0.0 0.0
450.0 510.2142857142857 314.0 192.57142857142856 548.7221659066207 545.3503506102375 0.0 0.0
454.0 499.5 304.5 183.0 546.6596119179559 531.9841715748751 0.0 0.0
483.5 464.0 296.0 141.0 566.970119275147 484.9665595119241 0.0 0.0
518.5 496.5 297.0 159.0 597.5377681253369 521.3399510198728 0.0 0.0
524.5 501.5 306.5 167.5 607.4945439965976 528.7375538368177 0.0 0.0
534.0 503.5 310.0 177.0 617.4773083519923 533.7105346334031 0.0 0.0
555.5 517.0 298.5 196.5 630.6599199478537 553.0861944830551 0.0 0.0
559.5 524.5 365.5 200.5 670.1479087260605 561.522705049051 0.0 0.0
558.75 523.5 418.375 206.5 698.058555798941 562.7561938015418 0.0 0.0
548.5 521.5 372.5 202.5 663.3508263044464 559.4360707392136 0.0 0.0
497.0 519.5 381.0 195.0 626.9967548462773 554.8922179091492 0.0 0.0
484.0 519.5 349.5 182.5 597.0035092507446 550.6245455356325 0.0 0.0
478.5 519.0 363.0 171.0 600.6095584900692 546.4452448069446 0.0 0.0
468.5 520.5 356.0 158.5 588.4128773241569 544.0980874667232 0.0 0.0
466.5 519.5 350.0 150.0 583.414576283998 540.722175523842 0.0 0.0
459.0 495.0 349.0 107.5 576.6621692624574 506.845566072868 0.0 0.0
473.5 485.5 371.5 86.5 602.1036194059782 493.1458570674964 0.0 0.0
478.5 485.0 356.5 87.0 596.703846980289 492.74247879479884 0.0 0.0
442.0 485.0 367.0 83.0 574.5113905591597 492.0511488987255 0.0 0.0
455.5 483.5 357.5 94.5 579.1314254004526 492.68961160002743 0.0 0.0
473.0 511.5 358.0 197.5 593.206233773443 548.4011363857603 0.0 0.0
457.0 525.5 365.0 224.5 585.1049932972061 571.44635480122 0.0 0.0
478.0 525.5 360.0 229.0 598.4012356980422 573.2299519077385 0.0 0.0
455.0 531.0 354.0 231.5 576.5352107567385 579.2695831821312 0.0 0.0
417.0 529.5 385.0 226.0 568.241679118812 575.7141420712895 0.0 0.0
419.5 525.8214285714286 386.0 208.5 570.640050266842 565.8526611384343 0.0 0.0
432.0 525.1071428571429 357.0 190.5 560.422692444349 559.3029536155098 0.0 0.0
434.0 524.3928571428571 358.5 172.5 562.9194293763755 552.7532460925854 0.0 0.0
441.5 523.6785714285714 357.0 154.5 567.8785319474985 546.2035385696609 0.0 0.0
453.0 509.0 410.0 120.0 612.7278624822723 522.9547197944125 0.0 0.0
457.5 515.5 396.5 108.5 605.636072626392 526.8163271451797 0.0 0.0
454.5 519.0 368.0 130.0 584.804810238533 535.1215508147345 0.0 0.0
523.0 522.0 359.0 150.0 634.3591966869622 543.1379011411086 0.0 0.0
497.0 516.5 357.5 152.0 612.3877653040618 538.4133059119415 0.0 0.0
481.5 516.5 352.5 171.0 596.7419414820753 544.0743100660522 0.0 0.0
469.0 513.5 348.0 171.5 584.0286769605741 541.3823963410798 0.0 0.0
477.0 488.5 348.5 155.0 590.7463793138902 512.5101733800311 0.0 0.0
523.5 473.0 354.0 125.5 631.9562738158477 489.44561520705827 0.0 0.0
519.5 476.5 357.5 109.0 630.6277712184844 488.80800160319444 0.0 0.0
512.5 477.0 351.0 103.5 621.174108657639 488.0996312229707 0.0 0.0
423.5 479.0 325.0 102.5 533.8394560923267 489.8441190281121 0.0 0.0
188.5 480.0 221.5 105.25 291.09639317234 491.4038475221703 0.0 0.0
52.5 481.25 98.0 103.75 113.66470823700297 492.31259467459415 0.0 0.0
-10.25 487.25 44.0 105.5 45.17845470121757 498.5420351728741 0.0 0.0
-30.25 479.7857142857143 59.0 91.53571428571428 67.11928911912543 489.74966142803544 0.0 0.0
-37.5 478.92857142857144 85.25 51.67857142857143 93.1360336429538 486.2916834157188 0.0 0.0
-3.5 478.07142857142856 43.5 11.821428571428577 43.69689319217906 482.8337054034022 0.0 0.0
-56.125 477.2142857142857 75.66666666666667 -28.035714285714278 103.48312262319065 479.37572739108566 0.0 0.0
-224.625 479.0 146.33333333333334 20.25 278.7526708731325 479.55278964052036 0.0 0.0
-393.125 467.75 217.0 20.75 454.0222191230743 468.2954183635879 0.0 0.0
-657.5 468.0 403.25 33.25 772.4903819111931 469.20619339321945 0.0 0.0
-468.75 475.5 273.0 49.0 523.0446132383647 478.0577121389937 0.0 0.0
-473.75 490.5 267.0 64.0 524.9465294627712 494.66064087236043 0.0 0.0
-509.25 513.5 273.5 120.25 578.8727397474581 528.7500462156713 0.0 0.0
-565.0 542.25 300.5 256.5 639.9449361399281 599.9547627036237 1.0 0.0
-571.75 538.25 295.25 261.75 643.4860425110323 598.521216351028 1.0 0.0
-573.25 538.75 292.0 256.25 643.3351903520568 596.5871325049379 1.0 0.0
-572.75 539.75 292.25 254.75 643.003282908662 596.848325236494 1.0 0.0
-574.5277777777778 541.0 288.72222222222223 254.0 643.0798414980329 597.6616650051417 1.0 0.0
-574.6388888888889 540.75 277.6111111111111 252.25 638.5096095446105 596.691956077869 0.0 0.0
-574.75 538.75 266.5 253.5 633.9393775911881 595.4106304596706 0.0 0.0
-574.8611111111111 537.25 255.3888888888889 254.5 629.3691456377655 594.4829280630094 0.0 0.0
-574.9722222222222 532.0 244.27777777777777 260.75 624.7989136843431 592.4870094809373 0.0 0.0
-573.9285714285714 499.1842105263158 241.92857142857144 262.9473684210526 622.8369445542181 590.8758718975955 0.0 0.0
-572.5 383.92105263157896 242.5 256.7368421052631 621.7443963651924 592.1964707175079 0.0 0.0
-571.0714285714286 268.65789473684214 243.07142857142856 250.5263157894737 620.6518481761666 593.5170695374202 0.0 0.0
-563.0 153.3947368421053 239.25 244.31578947368422 611.727831945178 594.8376683573325 1.0 0.0
-557.5 38.13157894736847 234.75 238.10526315789474 604.9081036179933 596.1582671772449 1.0 0.0
-556.5 -77.13157894736838 233.75 231.89473684210526 603.5988405823848 597.4788659971573 1.0 0.0
-554.5 -192.39473684210526 231.5 225.68421052631578 600.8849442634306 598.7994648170696 1.0 0.0
-555.0 -307.657894736842 229.0 219.47368421052633 600.388269128782 600.120063636982 1.0 0.0
-553.5 -422.9210526315789 227.5 213.26315789473685 598.430480498866 601.4406624568943 1.0 0.0
-553.5 -538.1842105263157 226.0 207.05263157894737 597.8614597190701 602.7612612768066 1.0 0.0
-554.0 -695.5 224.5 356.5 597.7594214752164 781.5918901676937 1.0 0.0
-557.0 -640.5 225.5 363.0 600.9154120220089 736.2827520102321 1.0 1.0
-565.0 -588.5 228.25 333.0 609.3628403725891 676.1816368194691 0.0 1.0
-573.0 -598.0 228.25 354.5 616.7900091967601 695.2151812123076 0.0 0.0
-568.5 -564.5 226.0 359.5 611.774679117387 669.2720198561124 1.0 1.0
-566.25 -580.5 226.75 362.0 609.9634468450733 684.1230108677241 1.0 1.0
-568.1875 -576.0 225.875 363.5 611.4381005341797 681.1081044885606 0.0 1.0
-566.9375 -577.0 225.375 365.5 610.0918123847878 683.0222751940141 0.0 1.0
-563.875 -574.0 221.25 356.5 605.7465936904393 675.7011030133967 0.0 1.0
-554.0 -566.5 207.0 339.0 591.4114582780194 660.1867985318087 0.0 1.0
-548.0 -608.5 203.5 353.0 584.5650834823372 703.4785654569173 0.0 1.0
-547.0 -588.5 203.5 346.0 583.6278519787871 682.6773852437419 0.0 1.0
-547.0 -570.0 205.0 339.5 584.1524507284327 663.4462061784072 0.0 1.0
-547.0 -573.5 204.0 347.5 583.8022971041082 670.5664551790504 0.0 1.0
-546.0 -567.5 205.5 341.5 583.3922085355235 662.3348801144703 0.0 1.0
-546.0 -551.0 206.5 335.0 583.7452087299682 644.8557802900223 0.0 1.0
-588.0 -542.0 250.5 332.5 639.1559267500094 635.8618241053778 0.0 1.0
-603.0 -533.0 251.5 334.5 653.3466055521328 629.2707185976617 1.0 1.0
-616.5 -533.0 259.0 347.0 668.6967710434692 636.0016308303132 1.0 1.0
-565.0 -527.0 329.0 353.0 653.8096751293361 634.3014344243306 0.0 1.0
-564.0 -528.5 327.5 353.0 652.1913025584378 635.5485359138789 1.0 1.0
-626.875 -545.0 331.5 354.0 709.6644874036693 649.8781417287901 1.0 1.0
-726.5 -545.0 340.5 354.5 802.36954085146 650.1501914662689 0.0 1.0
-584.0 -545.0 287.5 365.5 650.9413860724285 656.2137456003509 1.0 1.0
-598.5 -539.5 297.0 371.5 668.1417595033045 655.0362710909922 1.0 1.0
-733.0 -535.5 335.5 375.0 806.9591987732972 653.7475468541026 1.0 1.0
-778.5 -554.5 343.5 389.5 852.1671519528606 677.6301398308551 0.0 1.0
-652.5 -581.0 321.5 408.5 729.304638892183 710.236286618758 0.0 1.0
-526.5 -572.0 299.5 408.0 606.4421258315051 702.6009038928952 0.0 1.0
-508.0 -553.5 292.5 407.0 586.1953611326645 687.0308030100583 1.0 1.0
-514.5 -536.0 285.0 399.0 588.1700579428174 668.2070451757609 1.0 1.0
-465.5 -545.5 273.5 399.5 539.9156658580605 676.144980216431 1.0 1.0
-440.375 -550.0 259.5 402.5 512.8100802595108 681.5499129162092 0.0 1.0
-555.375 -531.5 235.875 394.0 603.4242192741075 661.6112857480554 0.0 1.0
-558.5 -528.0 225.0 391.0 602.11897243407 657.0128037427163 0.0 1.0
-557.0 -539.5 235.5 393.5 604.7390517064728 667.75936406038 0.0 1.0
-555.0 -544.0 236.0 394.0 603.0928775409316 671.6934069869415 0.0 1.0
-550.0 -509.5 235.5 367.0 598.2979232242647 627.9167258466695 0.0 0.0
-546.5 -502.0 236.0 369.0 595.2800091499726 623.0294128043608 0.0 1.0
-532.9166666666667 -506.5 215.25 370.0 574.8288232996214 627.2515592444399 0.0 1.0
-542.5833333333333 -520.0 200.25 373.5 578.4394316573062 640.2360994897697 0.0 1.0
-536.5 -549.5 198.0 388.0 571.872275631695 672.6950447803015 0.0 1.0
-539.0 -508.0 196.5 367.0 573.7017177050382 626.7013555798252 0.0 1.0
-591.0 -517.0 227.0 374.5 633.1873862996467 638.3880312886313 0.0 1.0
-621.0 -550.0 251.75 382.5 670.1010631247943 669.9324085985236 0.0 1.0
-609.0 -545.0 249.41666666666669 386.0 658.1167741649135 667.8517490212282 0.0 1.0
-597.0 -515.5 247.08333333333331 379.5 646.1324852050326 640.1260273640472 0.0 1.0
-585.0 -515.5 244.75 383.5 634.1481962451518 642.5074690231274 0.0 1.0
-573.0 -531.5 246.0 390.0 623.5868224849902 659.2362342167069 0.0 1.0
-651.375 -531.0 344.125 376.0 738.8253802220502 650.6483269188923 0.0 1.0
-603.5 -520.5 212.5 368.5 639.8222391282818 637.7418280037241 0.0 1.0
-589.5 -509.0 204.5 357.5 623.9769294303453 622.0034615991724 0.0 1.0
-589.0 -508.5 211.0 353.0 625.6812237629177 619.0169478244047 0.0 1.0
-495.5 -517.0 240.0 349.5 550.5636180369447 624.0514037380658 0.0 1.0
-588.0 -519.0 214.0 344.5 625.7315952075319 622.9301230095625 0.0 1.0
-589.5 -500.0 216.0 341.5 627.8267837616056 605.493446421807 0.0 1.0
-590.5 -481.5 216.0 339.5 628.765831209652 589.1547682973834 0.0 1.0
-594.5 -487.5 217.0 344.5 632.8665992374533 596.9394163027519 0.0 1.0
-598.0 -494.5 217.5 342.5 636.3256553302163 601.5300791716886 0.0 1.0
-601.0 -505.5 225.5 348.5 641.9135944403442 614.008083279374 0.0 1.0
-601.0 -508.5 228.0 351.0 642.7956419257514 617.8785700227118 0.0 1.0
-604.0 -509.0 233.5 347.0 647.5732900456605 616.0276699856886 0.0 1.0
-598.25 -520.0 230.25 352.0 641.0451639047412 627.9453795016985 0.0 1.0
-595.0 -529.5 224.5 352.0 635.9444744804273 635.8258853534841 0.0 1.0
-600.0 -517.5 231.5 332.5 643.1198410642996 615.1123934331041 0.0 1.0
-598.0 -507.0 225.5 317.5 639.1045807005526 598.2101516704722 0.0 1.0
-559.0 -500.5 237.5 319.5 607.6728514178792 593.7902780764124 0.0 1.0
-552.0 -496.5 212.0 334.0 591.3104363489588 598.3911587817805 0.0 1.0
-550.0 -498.5 211.0 345.0 589.0849107503327 606.2403970675766 0.0 1.0
-549.0 -512.5 210.5 370.5 587.9721507010345 632.4599232777477 0.0 1.0
-549.5 -544.5 210.0 409.5 588.2603590248114 681.305456209386 0.0 1.0
-545.0 -610.0 212.0 459.5 584.7811837403801 763.7020266421971 0.0 1.0
-545.5 -594.5 212.5 457.5 585.4286609494255 750.1576501272989 0.0 1.0
-545.0 -533.5 213.0 431.5 585.1446119325635 686.159810249312 0.0 1.0
-543.5 -516.5 212.5 435.0 583.5658158355474 675.2757612578991 0.0 1.0
-469.5 -487.5 258.0 421.0 536.2964432478575 644.1257336357294 0.0 1.0
-459.21875 -487.5 258.90625 422.5 528.6062530177594 645.1126401374568 0.0 1.0
-482.84375 -483.5 242.78125 415.0 542.697410754761 637.1831906493829 0.0 1.0
-506.46875 -490.0 226.65625 419.0 556.7885684917627 644.7295925708268 0.0 1.0
-530.09375 -501.0 210.53125 412.5 570.8797262287644 648.9776356686862 0.0 1.0
-551.5 -505.0 213.5 412.0 591.3835480471879 651.7444161337055 0.0 1.0
-551.5 -506.5 216.5 421.5 592.4733297576822 658.9419670667107 0.0 1.0
-551.875 -509.0 219.0 423.0 593.740773465953 661.8232882130878 0.0 1.0
-542.5 -514.0 212.0 432.0 582.4519577785919 671.4318937468353 0.0 1.0
-540.0 -517.5 208.5 437.0 578.8546173337859 677.3298393271095 0.0 1.0
-540.5 -521.5 205.5 450.5 578.2480299764654 689.1392033251693 0.0 1.0
-432.5 -519.0 206.5 449.0 482.1633320689063 686.2667899698824 0.0 1.0
-612.0 -516.5 327.5 448.0 694.368859809176 683.7256229044276 0.0 1.0
-497.0 -502.0 445.0 430.5 667.2755499948235 661.3285743256718 0.0 1.0
-511.4375 -501.5 406.6875 428.5 657.6146009132202 659.6330678476613 0.0 1.0
-455.1875 -500.0 509.4375 425.5 691.7332733290657 656.5441819681051 0.0 1.0
-396.6875 -501.0 600.4375 425.5 721.782096687434 657.3071517734317 0.0 1.0
-331.4375 -487.5 656.1875 414.0 739.6213728733704 639.581991243911 0.0 1.0
-271.025 -407.9090909090909 682.625 400.9318181818182 739.0518508179034 594.349171723761 0.0 1.0
-225.125 -312.4545454545455 621.125 398.8409090909091 683.2559340382263 552.0942884702928 0.0 1.0
-179.225 -217.0 559.625 396.75 627.460017258549 509.83940521682473 0.0 1.0
-133.325 -121.54545454545456 498.125 394.6590909090909 571.6641004788719 467.58452196335656 0.0 1.0
-87.42500000000001 -26.090909090909093 436.625 392.5681818181818 515.8681836991947 425.3296387098885 0.0 1.0
-41.525000000000006 43.0 375.125 306.0 460.07226691951746 309.1594023683503 0.0 0.0
4.374999999999972 179.5 313.625 202.75 404.27635013984025 322.1568070829263 0.0 0.0
50.275000000000006 364.83333333333337 252.125 178.41666666666669 348.48043336016303 452.12544523761045 0.0 0.0
96.17499999999998 550.1666666666667 190.625 154.08333333333334 292.6845165804858 582.0940833922946 0.0 0.0
142.075 633.0 129.125 246.5 236.88859980080855 679.4294942218589 0.0 0.0
156.0 584.5 126.0 253.0 205.82739831426633 636.9377259452958 0.0 0.0
133.5 503.0 236.0 236.5 271.181156389385 555.9160813814216 0.0 0.0
138.0 540.5 275.5 272.0 308.14624901174864 605.0840572473277 0.0 0.0
160.0 541.0 281.0 277.5 323.3604670679796 608.0193087847531 0.0 0.0
129.5 549.0 286.0 278.5 313.9874302454009 615.5999546373964 0.0 0.0
144.0 548.5 284.0 279.0 318.59384613860453 615.3854702203055 0.0 0.0
145.0 558.5 281.5 278.0 316.78801165643847 623.8641339336557 0.0 0.0
142.0 559.5 297.0 274.5 329.20189369206577 623.2099919022652 0.0 0.0
200.5 561.5 246.0 264.5 323.6414356156556 620.6790844136237 0.0 0.0
166.875 560.0 192.625 249.5 283.9126622527685 613.0693095286315 0.0 0.0
60.70833333333333 561.5 180.125 234.0 237.5367412173996 608.3077714076576 0.0 0.0
-45.45833333333334 567.5 167.625 224.5 191.1608201820307 610.292711371631 0.0 0.0
-24.5 569.5 205.5 232.0 206.95533120093842 614.9462134646756 0.0 0.0
-25.0 591.5 216.0 247.5 217.4447710146443 641.1933967097732 0.0 0.0
-23.5 601.5 216.5 255.0 217.77166941546827 653.3251583981285 0.0 0.0
-25.0 593.5 212.5 252.5 213.9661108377892 644.9891910518227 0.0 0.0
-49.0 588.0 241.5 254.0 247.0770686159931 640.5238485596553 0.0 0.0
-71.5 573.0 281.5 245.5 290.4393616623638 623.3842929861959 0.0 0.0
-67.5 553.0 280.0 219.5 288.0212904125689 594.9705614980683 0.0 0.0
-66.5 545.0 278.5 199.0 286.3297688243756 580.1948501959008 0.0 0.0
-67.5 540.5 279.5 188.0 287.53521523458653 572.262432945075 0.0 0.0
-67.5 537.0 278.0 183.5 286.0779869977433 567.4924119401078 0.0 0.0
-67.0 533.0 276.0 191.0 284.01586912093177 566.2100064400372 0.0 0.0
-101.0 529.0 279.5 208.0 297.8239187076264 568.4446854703842 0.0 0.0
-364.5 522.5 269.0 220.0 456.4630145346654 566.9347451934775 0.0 0.0
-553.0 514.0 259.0 230.0 610.6685578740107 563.116435601199 0.0 0.0
-639.1666666666667 507.0 215.33333333333331 233.5 674.6263763059602 558.1858617451811 0.0 0.0
-771.8333333333333 497.0 290.66666666666663 244.5 824.8830710719213 553.8857745831762 0.0 0.0
-646.0 486.0 295.0 256.0 738.8437894997098 549.3025117727959 0.0 0.0
-601.0 473.0 343.0 269.5 692.450206627952 544.3899013185817 0.0 0.0
-602.5 459.5 282.0 284.0 665.9200022776399 540.1819022328327 1.0 0.0
-603.5 450.5 311.5 293.0 679.15337631292 537.4004562884004 1.0 0.0
-587.5 444.0 297.5 296.5 658.5488414805181 533.8993897847888 1.0 0.0
-587.5 445.0 305.5 294.0 662.1832803600805 533.3553364244268 1.0 0.0
-589.0 456.0 307.0 287.0 664.206441245095 538.8046504985696 1.0 0.0
-587.0 466.5 308.0 282.5 662.8974686703602 545.3808656312665 1.0 0.0
-584.5 479.0 309.5 281.0 661.3853300051392 555.3416104925186 1.0 0.0
-584.0 490.0 310.0 284.0 661.1777695403673 566.3538418010271 1.0 0.0
-582.0 498.5 309.5 289.0 659.1769489294965 576.2145908937997 1.0 0.0
-579.0 503.0 309.0 291.5 656.2944900632413 581.3616024926473 1.0 0.0
-577.5 503.5 308.0 293.0 654.500148691124 582.5472626689725 1.0 0.0
-577.5 509.0 309.0 290.5 654.9713309426322 586.0748667412174 1.0 0.0
-578.0 509.5 311.0 283.5 656.3575198563376 583.0645059243748 1.0 0.0
-578.5 512.5 239.5 284.0 626.1170018455017 585.928666378999 0.0 0.0
-578.0 512.0 239.0 284.5 625.46382789095 585.7339735016244 1.0 0.0
-579.0 511.0 240.0 284.0 626.770556029938 584.617019079642 1.0 0.0
-579.0 511.0 240.0 289.5 626.7702978263058 587.3084794211642 1.0 0.0
-578.5 504.0 241.5 297.0 626.8850993222907 585.0001586001197 1.0 0.0
-578.0 494.54999999999995 241.5 320.15 626.4233791933376 590.2731312922609 1.0 0.0
-578.0 481.95000000000005 243.0 350.35 627.0033592013292 596.9653001017485 1.0 0.0
-576.5 472.0 243.0 372.0 625.6210346200091 600.9727335553279 1.0 0.0
-577.5 473.0 244.5 396.5 627.1255855089952 617.2045432117206 1.0 0.0
-578.0 475.5 244.0 411.5 627.3915939721389 628.8353556711103 1.0 0.0
-602.0 491.0 247.0 415.0 650.732802381923 642.9209288811097 1.0 0.0
-629.0 521.5 252.0 418.5 677.7335307152828 668.6843179892702 1.0 0.0
-720.2857142857142 535.0 262.5357142857143 397.0 766.6638244875805 666.2425925849827 0.0 0.0
-675.4285714285714 549.5 252.67857142857144 381.5 721.2336480333196 668.9544525418037 0.0 0.0
-630.5714285714287 557.0 242.82142857142856 376.5 675.8034715790586 672.3117688055189 0.0 0.0
-585.7142857142858 551.5 232.96428571428572 354.5 630.3732951247977 655.6124724106522 0.0 0.0
-582.5 554.0 277.0 354.0 645.0155824266444 657.4575656922635 0.0 0.0
-585.5 547.0 271.5 349.0 645.3876524625441 648.8528755877519 1.0 0.0
-589.0 542.5 311.5 323.5 667.1674280018321 631.6323310358473 1.0 0.0
-588.5 534.0 351.0 292.5 685.2250109253285 608.8615666353348 1.0 0.0
-589.0 531.5 313.5 258.5 668.1131058597557 591.7408811740595 1.0 0.0
-591.0 530.0 235.0 225.5 637.0773136814914 575.97764713572 0.0 0.0
-591.5 531.5 197.0 197.0 623.4431410333807 566.8439118570337 0.0 0.0
-590.0 532.5 194.5 173.0 621.2331677183238 559.8986267725271 0.0 0.0
-589.0 533.0 194.0 156.5 620.1265999777787 555.50276454538 0.0 0.0
-587.5 534.5 193.5 163.5 618.5454910237183 559.0041013664237 0.0 0.0
-587.0 531.0 193.5 176.5 618.0705865837655 559.5926176982837 0.0 0.0
-587.0 529.0 192.5 188.0 617.75842829113 561.4388849156796 0.0 0.0
-588.5 524.5 192.0 190.5 619.0284726892617 558.0407643364866 0.0 0.0
-589.0 512.0 192.5 195.5 619.6589982616297 548.0764244450394 0.0 0.0
-591.0 480.5 192.5 208.5 621.5606545130496 523.8055831730351 0.0 0.0
-592.0 425.85714285714283 191.5 229.21428571428572 622.2029221389654 491.5130979702747 0.0 0.0
-591.0 351.0 191.5 249.5 621.2515402360623 443.70277890759075 0.0 0.0
-589.0 276.1428571428571 192.0 269.7857142857143 619.5038531062249 395.89245984490674 0.0 0.0
-587.5 152.0 191.5 313.5 617.9228128775269 356.09972736389716 0.0 0.0
-586.5 -102.58333333333333 190.5 196.22222222222223 616.6625707321293 233.47276157470088 0.0 0.0
-581.0 -192.91666666666666 183.0 169.11111111111111 609.1392663125174 294.58433973736646 0.0 0.0
-580.0 -283.25 180.0 142.0 607.2898090267304 355.6959179000321 0.0 0.0
-578.0 -373.5833333333333 177.0 114.88888888888889 604.4945456540927 416.8074960626977 0.0 0.0
-576.5 -463.91666666666663 175.5 87.77777777777777 602.6215469070349 477.91907422536326 0.0 0.0
-575.0 -592.5 172.0 347.0 600.1746944354489 687.234189623249 0.0 0.0
-577.0 -646.0 173.0 370.5 602.377508746386 744.716080583898 0.0 0.0
-578.0 -536.0 174.0 385.5 603.6224912876116 660.2480415550907 0.0 1.0
-579.5 -533.5 175.0 412.0 605.3472160887568 674.0677533922462 0.0 1.0
-580.0 -526.5 174.0 418.5 605.5379669003514 672.5656138516182 0.0 1.0
-617.375 -527.0 178.75 430.0 642.810189381103 680.3599305355744 0.0 1.0
-583.5 -529.5 225.5 442.0 631.237471304121 689.7499389050627 0.0 1.0
-428.64150943396226 -550.0 174.2311320754717 434.0 463.84253127654245 700.6117261019988 0.0 1.0
-411.20754716981133 -569.5 165.1556603773585 439.5 448.8490553681928 719.3859309164338 0.0 1.0
-393.7735849056604 -610.0 156.08018867924528 450.0 433.85557945984317 758.119335137505 0.0 1.0
-376.33962264150944 -611.0 147.00471698113208 469.0 418.8621035514936 770.2494453578668 0.0 1.0
-358.90566037735846 -651.0 137.92924528301887 498.5 403.86862764314395 819.9506486217081 0.0 1.0
-341.4716981132076 -522.0 128.85377358490564 407.0 388.8751517347943 661.9287548700656 0.0 0.0
-324.0377358490566 -513.5 119.77830188679245 411.5 373.8816758264447 658.0385408314845 0.0 0.0
-306.60377358490564 -508.0 110.70283018867923 413.5 358.88819991809504 655.0164998247918 0.0 0.0
-289.1698113207548 -522.0 101.62735849056602 427.0 343.8947240097454 674.4063567984142 0.0 0.0
-271.7358490566038 -518.5 92.55188679245282 433.5 328.90124810139577 675.8463229051754 0.0 0.0
-254.30188679245282 -517.0 83.47641509433961 440.0 313.9077721930461 678.889558889171 0.0 0.0
-236.8679245283019 -518.0 74.40094339622641 450.5 298.91429628469655 686.4943057689961 0.0 0.0
-219.43396226415098 -521.0 65.3254716981132 461.5 283.9208203763469 696.0165791652519 0.0 0.0
-202.0 -523.0 56.24999999999999 470.0 268.9273444679973 703.1601159642256 0.0 0.0
-184.56603773584908 -518.0 47.17452830188678 477.5 253.93386855964764 704.5076102680962 0.0 0.0
-167.13207547169813 -512.0 38.099056603773576 493.0 238.94039265129803 710.7741610414897 0.0 0.0
-149.69811320754718 -499.0 29.023584905660357 492.5 223.9469167429484 701.1881183586415 0.0 0.0
-132.26415094339626 -486.5 19.948113207547152 491.5 208.95344083459878 691.6159735930069 0.0 0.0
-114.83018867924531 -494.5 10.872641509433947 494.5 193.95996492624914 699.3286065934956 0.0 0.0
-97.39622641509436 -484.5 1.7971698113207424 501.0 178.9664890178995 696.9581552320169 0.0 0.0
-79.96226415094341 -483.0 -7.2783018867924625 483.5 163.97301310954987 683.4956399952654 0.0 0.0
-62.52830188679246 -487.5 -16.35377358490568 475.5 148.97953720120023 681.0010810979444 0.0 0.0
-45.09433962264154 -496.0 -25.429245283018886 483.5 133.98606129285062 692.6689138678341 0.0 0.0
-27.660377358490592 -499.0 -34.50471698113209 481.5 118.99258538450101 693.4362396883923 0.0 0.0
-10.226415094339643 -501.0 -43.58018867924531 472.0 103.99910947615138 688.3284145287637 0.0 0.0
7.207547169811278 -502.5 -52.655660377358515 470.5 89.00563356780174 688.3904401496648 0.0 0.0
24.641509433962256 -504.0 -61.731132075471706 467.0 74.0121576594521 687.1025845908437 0.0 0.0
32.5 -508.0 -61.0 468.375 69.12405498141291 690.9697795161387 0.0 0.0
26.65 -510.5 -48.95 467.0 55.73814162766725 691.8829525919809 0.0 0.0
18.85 -513.0 -35.55 472.5 40.24351416198506 697.4436737325352 0.0 0.0
17.75 -514.5 -15.75 476.0 25.954402803556732 700.9199240661173 0.0 0.0
-26.5 -514.75 -5.0 478.5 39.667163358022584 702.8036172201007 0.0 0.0
-6.0 -513.5 13.75 470.25 15.040822104756057 696.2901433949904 0.0 0.0
-5.0 -500.25 18.5 447.5 19.17821621201682 671.2189717113986 0.0 0.0
-5.0 -492.5 20.0 426.25 20.624445725585083 651.3458002660321 0.0 0.0
-4.5 -490.5 21.5 416.0 21.966839836491445 643.153964259096 0.0 0.0
-4.5 -485.5 22.5 405.0 22.9464274322498 632.2508679298389 0.0 0.0
-3.0 -483.5 23.5 396.5 23.698907892760452 625.2964566940348 0.0 0.0
-2.75 -482.25 24.75 401.25 24.902554626398874 627.3586021914969 0.0 0.0
-5.5 -479.25 56.0 394.75 58.660032296098336 620.8936211475881 0.0 0.0
63.5 -477.25 49.5 394.0 80.51784369718641 618.8731186958677 0.0 0.0
135.0 -476.25 101.375 391.0 168.8687884801978 616.1949424823597 0.0 0.0
212.33333333333331 -475.0 155.20833333333334 390.75 263.04795509120487 615.0708971745927 0.0 0.0
289.66666666666663 -473.25 209.04166666666669 389.75 357.22712170221195 613.0843244998962 0.0 0.0
301.5 -474.0 313.75 386.25 435.3192291932521 611.4492945806758 0.0 0.0
314.75 -472.0 339.0 384.5 462.6802767551609 608.78966080692 0.0 0.0
303.0 -468.25 342.5 371.5 457.2935231742964 597.7704300891849 0.0 0.0
295.5 -462.25 370.5 356.0 474.46501977377875 583.4586410155123 0.0 0.0
303.25 -459.75 341.75 344.0 456.89563955435165 574.2323159535156 0.0 0.0
312.25 -458.25 348.75 328.5 468.24732851242305 563.8479264642767 0.0 0.0
340.75 -455.25 374.75 322.25 506.5376346281598 557.7666771655864 0.0 0.0
349.0 -452.0 352.5 316.75 496.04940720827744 551.937973318923 0.0 0.0
277.25 -455.25 394.25 322.25 482.2630944487529 557.7689711693693 0.0 0.0
298.25 -467.0 389.25 340.0 491.0192251904234 577.6637668572075 0.0 0.0
301.25 -469.5 368.5 344.0 475.99992805565773 582.0375538103426 0.0 0.0
301.0 -472.5 400.0 348.0 500.6510511293076 586.8230440266568 0.0 0.0
284.5 -477.5 425.5 357.5 511.8503696167552 596.5110999630379 0.0 0.0
279.0 -476.5 473.0 368.5 552.5184924937937 602.3680724848741 0.0 0.0
465.75 -478.0 406.125 388.5 626.6764564629532 615.9679067984616 0.0 0.0
282.5 -482.0 503.0 404.0 577.6288273128057 628.9203390323778 0.0 0.0
225.5 -484.5 473.5 416.0 524.4593354631895 638.589267743041 0.0 0.0
232.5 -487.5 484.5 423.5 537.3979654848138 645.7620633614974 0.0 0.0
231.0 -488.5 512.0 423.0 561.7044187241868 646.1899046508227 0.0 0.0
223.0 -486.5 514.0 421.5 560.293733460135 643.6959686062978 0.0 0.0
317.5 -481.5 510.0 418.5 600.7551284268363 637.9533701126254 0.0 0.0
225.5 -471.5 511.5 417.0 559.0061243851821 629.4453308913672 0.0 0.0
268.0 -446.5 514.5 419.5 581.8890539600559 612.6521438240586 0.0 0.0
246.0 -411.5 514.0 425.5 570.5470976814175 591.9312779549886 0.0 0.0
208.5 -333.4868421052631 544.0 402.4605263157895 582.7451631653196 590.1732604564604 0.0 0.0
177.0 -230.80263157894734 497.0 372.4078947368421 528.1869115746343 589.2353688237032 0.0 0.0
168.5 -128.11842105263156 496.5 342.35526315789474 524.3260854771688 588.297477190946 0.0 0.0
188.0 -25.43421052631578 493.5 312.3026315789474 528.2691177741754 587.3595855581887 0.0 0.0
169.5 77.25000000000003 480.5 282.25 509.5199806358215 586.4216939254314 0.0 0.0
137.5 179.93421052631584 527.0 252.19736842105263 544.6512497866594 585.4838022926742 0.0 0.0
126.0 282.6184210526316 536.0 222.14473684210526 550.6482442424835 584.5459106599169 0.0 0.0
130.0 385.3026315789474 528.0 192.0921052631579 543.7953156189415 583.6080190271597 0.0 0.0
138.5 487.98684210526324 518.0 162.0394736842105 536.197568479618 582.6701273944025 0.0 0.0
136.0 555.5 527.5 145.5 544.7497133816238 574.297777723491 0.0 0.0
136.5 550.5 529.0 141.5 546.3289847191985 568.6018012695897 0.0 0.0
142.0 558.5 527.0 150.0 545.7962316585856 578.2970431119816 0.0 0.0
145.0 567.0 534.5 139.5 553.8188035244414 583.9106983697939 0.0 0.0
130.5 570.0 515.0 175.0 531.6067639807695 596.273884277765 0.0 0.0
100.0 569.0 514.5 231.0 524.1583329121767 614.2069327574254 0.0 0.0
100.0 555.5 497.0 272.0 506.96101280687606 618.5450706797834 0.0 0.0
95.5 540.0 502.5 311.0 511.49439280915374 623.1935229479227 0.0 0.0
95.5 518.5 507.5 368.0 516.407374995651 635.8194384572436 0.0 0.0
95.0 506.5 504.0 358.0 512.8754638530174 620.2545549934575 0.0 0.0
98.5 500.0 486.0 343.5 495.97153382150884 606.6239120233051 0.0 0.0
115.5 496.0 386.0 322.5 402.91741975022404 591.6273766981817 0.0 0.0
135.5 494.5 378.0 298.5 401.592021375074 577.6118348347425 0.0 0.0
146.5 496.0 393.0 296.0 419.41833297346966 577.6090237754787 0.0 0.0
101.5 498.0 417.5 306.0 429.8100599092496 584.501814297997 0.0 0.0
125.20833333333334 499.5 343.16666666666663 329.0 365.31714021138373 598.1292520620916 0.0 0.0
126.04166666666666 500.5 331.83333333333337 353.5 355.0368571512872 612.7650442690109 0.0 0.0
126.875 501.5 320.5 375.5 344.7565740911908 626.5064550430673 0.0 0.0
125.0 501.5 307.5 367.0 331.9361929258656 621.4541299601444 0.0 0.0
104.0 500.5 349.0 343.5 364.22264037423355 607.0360946460869 0.0 0.0
96.0 500.0 350.0 339.5 362.967704030568 604.3676628761068 0.0 0.0
104.0 501.5 347.0 340.5 362.2499137335991 606.1707361822696 0.0 0.0
103.5 507.5 350.0 352.5 364.98333146671985 617.9100463970897 0.0 0.0
100.0 517.5 350.5 360.0 364.48680623005487 630.4016700526058 0.0 0.0
104.0 525.0 350.5 363.5 365.60398005153644 638.5591076859946 0.0 0.0
102.5 520.0 358.0 397.5 372.3946892274227 654.5497520173053 0.0 0.0
102.5 513.0 364.5 395.5 378.64362896036175 647.7571489649794 0.0 0.0
103.5 502.5 362.0 388.0 376.50531204751945 634.8625328310052 0.0 0.0
131.5 488.5 356.0 372.0 379.52694162358875 614.0165317390795 0.0 0.0
145.5 476.0 373.5 354.5 400.8420778892298 593.5034996732657 0.0 0.0
142.0 471.0 373.0 335.5 399.11528714344024 578.2748629933224 0.0 0.0
141.5 473.0 367.5 317.5 393.8074224881319 569.6799703577933 0.0 0.0
149.0 480.5 366.0 308.5 395.27235163412354 571.0100699637442 0.0 0.0
171.5 488.5 354.0 313.5 393.37146328337803 580.4435175552009 0.0 0.0
160.5 496.5 360.5 339.5 394.6195924997254 601.4835192160508 0.0 0.0
152.5 504.0 354.0 381.0 385.56643919740907 631.8068515893335 0.0 0.0
164.0 512.5 353.0 414.0 389.23789611708446 658.8349410010803 0.0 0.0
161.5 515.0 364.5 445.0 398.67609492339295 680.630347710274 0.0 0.0
154.5 511.5 361.5 449.5 393.1350888619542 680.9430816471365 0.0 0.0
250.5 511.0 394.0 435.0 472.296510819075 671.0787355207509 0.0 0.0
279.0 509.5 366.0 400.0 460.2446322057085 647.7855025401429 0.0 0.0
276.5 511.5 378.5 354.5 468.7740679164583 622.3370032113382 0.0 0.0
266.5 522.5 374.0 332.25 459.27197962265234 619.711007538536 0.0 0.0
268.0 537.0 367.0 311.5 454.62056535272313 620.8069384257982 0.0 0.0
258.0 556.0 381.0 319.0 460.1388295509271 641.0131569580815 0.0 0.0
254.0 562.5 389.0 348.0 464.58263108916026 661.4668438867959 0.0 0.0
245.5 558.0 406.5 392.5 475.3447059177412 682.2226656024962 0.0 0.0
209.5 539.5 496.0 440.0 538.4554438468135 696.1863962292041 0.0 0.0
191.0 503.5 525.5 469.5 559.1461590052559 688.4404211789165 0.0 0.0
221.5 456.0 477.5 460.0 526.3919479036158 647.7168939584387 0.0 0.0
218.5 410.0 531.5 410.5 574.6818120481403 580.1993940688235 0.0 0.0
151.0 375.5 531.5 343.5 552.6571883184424 508.9271234163749 0.0 0.0
118.0 366.5 534.0 298.0 546.9613821931341 472.4269690940653 0.0 0.0
125.5 400.5 512.5 307.5 527.6430703488563 505.05613259362224 0.0 0.0
115.0 468.45000000000005 543.0 291.85 555.049919603874 554.6867352083475 0.0 0.0
112.0 551.05 545.5 283.65 556.8960949336383 622.2290367831571 0.0 0.0
117.0 609.9642857142858 525.0 266.07142857142856 537.9094672136505 666.4278129639265 0.0 0.0
115.0 597.8214285714287 524.0 220.35714285714286 536.4708752579212 640.5960129625756 0.0 0.0
117.5 585.6785714285713 538.5 174.64285714285714 551.1707115959302 614.7642129612248 0.0 0.0
116.5 573.5357142857142 539.5 128.92857142857144 551.9352317074894 588.9324129598739 0.0 0.0
115.5 580.5 538.0 213.0 550.2624797255653 620.6460231977651 0.0 0.0
115.0 525.0 540.0 321.0 552.1120106367831 615.4925821218644 0.0 0.0
117.5 509.5 528.0 359.0 540.916733363336 623.306630670183 0.0 0.0
132.0 510.0 518.5 401.5 535.6066865987555 649.1100794097937 0.0 0.0
121.5 518.5 550.0 393.5 563.2683504946197 650.920251831616 0.0 0.0
111.5 518.5 487.5 367.5 500.08903806536006 635.5331543287562 0.0 0.0
110.0 513.5 474.0 352.5 486.5965519975314 622.8525294515666 0.0 0.0
109.0 511.0 460.5 356.0 473.22432657624165 622.7823251550974 0.0 0.0
92.5 515.5 483.5 377.5 492.3937863130203 638.9420852768599 0.0 0.0
98.5 524.5 481.0 393.5 491.01544416740717 655.7007697107988 0.0 0.0
99.0 528.5 481.0 390.5 491.1260314155489 657.1209241797874 0.0 0.0
107.0 521.0 481.5 369.0 493.2458192836083 638.4374005761097 0.0 0.0
108.0 497.5 488.0 336.5 499.8087174155443 600.619148299219 0.0 0.0
100.0 478.5 498.5 310.0 508.4317741712797 570.1738665493472 0.0 0.0
100.5 459.75 507.0 313.75 516.866631315566 556.9500787763345 0.0 0.0
97.5 458.0 521.5 335.5 530.5376881047871 567.7377049574859 0.0 0.0
105.0 520.0 517.5 380.0 528.0452010822396 644.0661996489556 0.0 0.0
59.5 528.0 490.0 381.0 495.10722477925765 651.1106464352908 0.0 0.0
-145.0 521.5 436.5 365.0 465.28703703840375 636.6173065550604 0.0 0.0
-374.0 513.5 335.0 341.5 505.3907037770491 616.708553795529 0.0 0.0
-501.5 507.5 272.5 324.0 570.7526953983995 602.1065876414167 0.0 0.0
-501.5 502.5 260.5 331.0 565.124020970321 601.7202547883824 0.0 0.0
-600.875 499.5 273.5 330.0 660.4592594266549 598.6664196621938 0.0 0.0
-621.3333333333333 497.0 295.25 331.5 689.6664328282372 597.4539734194318 0.0 0.0
-602.4444444444443 488.5 318.25 336.0 684.3608462276688 592.8989021797161 0.0 0.0
-583.5555555555557 490.5 341.25 339.0 679.0552596271004 596.254888041216 0.0 0.0
-564.6666666666667 504.0 364.25 343.5 673.749673026532 609.9450918346672 0.0 0.0
-534.0 523.0 340.0 333.5 633.5943391564549 620.2833447152195 0.0 0.0
-515.0 520.25 297.0 319.25 594.5032380083196 610.4804264988052 1.0 0.0
-511.5 519.0 296.5 308.5 591.2228852133517 603.7686102917937 1.0 0.0
-509.5 522.0 296.5 316.0 589.4934265960902 610.1978784752912 1.0 0.0
-517.0 532.5 300.0 317.5 597.7368370882944 619.9706167752215 1.0 0.0
-525.5 543.5 301.5 311.0 605.848695582501 626.1895453667638 1.0 0.0
-537.0 546.0 305.5 300.5 617.8187373377934 623.2319751356697 1.0 0.0
-550.0 541.5 310.0 289.5 631.348333409016 614.03854599123 1.0 0.0
-534.0 544.0 306.0 287.5 615.4609558704298 615.2988486480594 1.0 0.0
-533.5 548.0 304.5 295.5 614.2825513315554 622.5947728599435 1.0 0.0
-533.0 550.5 305.0 306.5 614.0972201762133 630.0749855567549 1.0 0.0
-530.5 545.0 281.5 312.0 600.8260981161515 627.992485432657 1.0 0.0
-659.0 538.5 320.0 317.0 732.585173918262 624.8870602396771 0.0 0.0
-766.5 530.5 331.0 331.5 834.9328180720286 625.5583259599325 0.0 0.0
-556.5 517.5 383.0 340.5 675.5601284735806 619.4731467869026 0.0 0.0
-565.5 493.0 392.5 353.0 688.3652356193312 606.3481288094289 1.0 0.0
-562.0 455.72727272727275 394.0 353.4318181818182 686.3526987678199 580.7110527136674 1.0 0.0
-569.5 407.3636363636364 397.5 355.3409090909091 694.5044996254524 548.3886020280709 1.0 0.0
-576.0 359.0 376.5 357.25 688.4845937112659 516.0661513424743 1.0 0.0
-585.0 310.6363636363636 419.0 359.1590909090909 719.5734940259659 483.7437006568778 1.0 0.0
-556.5 262.27272727272725 296.5 361.0681818181818 630.559487182987 451.42124997128127 0.0 0.0
-574.5 200.66666666666669 292.0 352.72222222222223 644.4494019065851 419.8978828281953 1.0 0.0
-572.0 99.33333333333334 287.0 313.6111111111111 639.9636321062 390.77176631264086 1.0 0.0
-569.5 -1.9999999999999858 282.5 274.5 635.7198361796379 361.64564979708643 1.0 0.0
-569.0 -103.33333333333331 278.0 235.38888888888886 633.2830774811598 332.519533281532 1.0 0.0
-574.5 -204.66666666666666 242.5 196.27777777777777 624.5176944374928 303.3934167659776 1.0 0.0
-586.0 -175.0 207.0 155.5 621.4861969286386 234.10539873780522 0.0 0.0
-599.5 -150.0 208.5 144.0 634.735666325044 207.93388322214957 0.0 0.0
-580.0 -171.5 208.5 137.0 616.3446551354962 219.50677733823971 0.0 0.0
-508.0 -162.5 222.0 140.0 555.4848240061672 215.462548094167 0.0 0.0
-553.375 -40.5 339.0 135.5 625.1667317091421 141.47148828877704 0.0 0.0
-602.5 -21.0 241.5 132.0 649.0982467190823 133.74550436332083 0.0 0.0
-605.0 -22.5 242.0 134.0 651.6053650244285 135.87588768907756 0.0 0.0
-600.5 -46.25 244.5 125.25 648.3682270093072 135.8621368417766 0.0 0.0
-603.0 -67.0 244.0 119.5 650.4976702577128 137.05470192167672 0.0 0.0
-606.0 -126.5 243.0 100.5 652.9052853756252 169.58877718212426 0.0 0.0
-609.0 -213.5 242.0 75.5 655.3208539267744 226.49628226705823 0.0 0.0
-610.0 -239.5 240.5 69.5 655.6982918995595 249.39178939200866 0.0 0.0
-611.5 -257.0 240.5 69.0 657.0939811016382 266.15222166773594 0.0 0.0
-613.5 -274.0 241.5 72.0 659.3212673206713 283.3651112453165 0.0 0.0
-614.0 -335.0 241.0 70.0 659.603694178553 342.23529917295207 0.0 0.0
-614.5 -365.8571428571429 311.0 78.35714285714286 688.7233128248287 374.16602568135113 0.0 0.0
-603.5 -407.0 270.0 89.5 662.2500201586372 416.74032769254995 0.0 0.0
-598.0 -448.14285714285717 216.0 100.64285714285714 635.8192822403757 459.3146297037487 0.0 0.0
-594.0 -476.5 210.5 112.5 630.1957000203709 489.6165304876452 0.0 0.0
-556.4000000000001 -683.5 215.27499999999998 288.5 598.8024453499838 741.9433926743704 0.0 0.0
-507.59999999999997 -929.0 222.97500000000002 469.0 558.6468892218185 1041.179725003456 0.0 0.0
-458.8 -649.5 230.675 339.0 518.4913330936532 732.6967252436543 0.0 0.0
-410.0 -633.0 238.375 384.0 478.335776965488 740.446812115498 0.0 1.0
-361.2 -572.0 246.075 369.0 438.1802208373226 680.6945284919591 0.0 0.0
-595.0 -529.5 194.5 356.0 625.9858347613597 638.0493323002561 0.0 1.0
-599.8125 -565.5 202.9375 400.0 633.2419190786462 692.6739211420503 0.0 0.0
-607.5625 -558.5 212.1875 405.0 643.5626126777331 689.9115964028135 0.0 1.0
-492.5 -534.0 216.5 401.5 539.9581680461174 668.1072641485355 0.0 1.0
-371.5 -505.5 209.5 399.0 426.5003076246991 643.9967904695762 0.0 1.0
-532.5 -517.0 214.0 412.0 573.8922239952342 661.0893924807483 0.0 1.0
-542.5 -537.5 193.75 418.0 577.3383493779371 680.9040299822648 0.0 1.0
-555.1666666666667 -536.5 166.75 414.5 581.3146001755317 677.9721250108219 0.0 1.0
-567.8333333333333 -514.0 139.75 417.5 585.2908509731262 662.1970774714504 0.0 1.0
-578.0 -483.5 218.0 401.0 619.6654895395793 628.152112811785 0.0 1.0
-564.5 -480.0 217.5 394.0 604.9526051947993 621.0004552662758 0.0 1.0
-518.5 -489.5 229.5 389.5 567.9133027680962 625.5562300241523 0.0 1.0
-577.5 -492.5 268.5 398.5 637.3844517877053 633.5321226790951 0.0 1.0
-655.0 -485.0 277.5 404.0 711.3592435089645 631.2224679399092 0.0 1.0
-660.5 -487.0 210.0 408.0 693.0802623073319 635.3321220919211 0.0 1.0
-659.0 -511.5 211.82142857142856 423.5 692.2189044702582 664.066956502352 0.0 1.0
-657.0 -503.0 214.25 425.5 691.0704273541597 658.8321394975196 0.0 1.0
-655.0 -507.5 216.67857142857144 432.5 689.9219502380613 666.7927059075577 0.0 1.0
-647.5 -523.0 219.5 440.0 683.6993174863418 683.4683900369903 0.0 1.0
-637.5 -532.5 219.5 448.5 674.2304676468339 696.2101002135091 0.0 1.0
-632.5 -531.5 313.5 456.0 705.9312599299574 700.3061287673586 0.0 1.0
-568.5 -528.0 295.5 461.0 640.7125238473791 700.934316255963 0.0 1.0
-591.5 -513.0 301.0 465.5 663.6817482271855 692.7194223475711 1.0 1.0
-619.5 -507.5 308.5 476.0 692.0640856954612 695.7964411720757 1.0 1.0
-624.0 -488.5 310.5 486.0 696.9836798663223 689.2153694691629 1.0 1.0
-631.0 -333.0 313.0 545.5 704.3655229145377 639.7488014656421 1.0 0.0
-630.0 -298.0 313.5 551.0 703.6927529066411 626.4228738581742 1.0 0.0
-585.5 -298.0 302.5 563.0 659.0270940489688 637.0099113251681 1.0 0.0
-584.0 -293.5 299.5 570.0 656.3208531112954 641.1257689268132 1.0 0.0
-581.5 -279.5 296.0 552.5 652.5015777811573 619.1790670535519 1.0 0.0
-570.0 -269.0 294.5 546.0 641.5852251345259 608.6714675199928 1.0 0.0
-581.0 -263.0 322.0 543.5 664.2727563376941 603.7922591831841 1.0 0.0
-572.5 -260.5 276.0 540.5 635.5568739675243 600.0044028831987 1.0 0.0
-589.5652173913044 -253.5 274.67391304347825 529.0 650.4216729896556 586.6089165703404 1.0 0.0
-593.8260869565217 -102.0 279.3695652173913 508.0 656.3133037001828 519.4375647776362 0.0 0.0
-598.0869565217391 -19.0 284.0652173913044 481.5 662.20493441071 481.877504527024 0.0 0.0
-602.3478260869565 -21.5 288.7608695652174 477.5 668.0965651212373 477.983788452353 0.0 0.0
-606.608695652174 -24.0 293.45652173913044 473.5 673.9881958317646 474.130364071675 0.0 0.0
-610.8695652173913 -53.6 298.1521739130435 418.3 679.8798265422919 421.7255758392839 0.0 0.0
-615.1304347826087 -58.0 302.8478260869565 429.5 685.7714572528191 433.41326607964027 0.0 0.0
-619.3913043478261 -62.4 307.54347826086956 440.7 691.6630879633465 445.1009563199967 0.0 0.0
-623.6521739130435 -7.5 312.2391304347826 577.0 697.5547186738736 577.0697312884552 0.0 0.0
-627.9130434782609 -0.0 316.9347826086956 570.5 703.446349384401 570.5019719646501 0.0 0.0
-632.1739130434783 4.5 321.6304347826087 570.5 709.3379800949282 570.5177473274197 0.0 0.0
-636.4347826086956 9.5 326.32608695652175 567.5 715.2296108054554 567.5797084628716 0.0 0.0
-641.5 23.5 233.5 533.5 682.6748206165838 534.1601326783899 0.0 0.0
-648.5 38.5 233.5 401.5 689.2565667194604 403.34518232465985 0.0 0.0
-647.0 41.0 233.5 394.0 687.8455285823633 396.12850707038956 0.0 0.0
-646.0 39.5 232.5 389.0 686.565707948187 391.0014601529673 0.0 0.0
-644.5 37.0 232.0 387.5 684.9852883749322 389.26384091803243 0.0 0.0
-643.5 34.0 231.5 386.0 683.8749222362933 387.4994146204605 0.0 0.0
-589.0 31.5 308.5 383.5 670.8519864007437 384.79456724456895 0.0 0.0
-551.5 31.5 392.5 382.0 676.9113577172579 383.29688012236795 1.0 0.0
-559.5 30.5 363.5 380.5 667.9023681746596 381.7204474481292 1.0 0.0
-561.5 82.0 363.0 302.0 669.3538132760642 313.2110847276376 0.0 0.0
-561.5 89.0 365.5 271.5 670.6723826814983 285.71550885477336 0.0 0.0
-563.0 89.5 401.5 262.0 691.4992987088351 276.86507990017276 1.0 0.0
-564.5 83.5 331.0 249.5 654.3863048973301 263.15330175735505 0.0 0.0
-669.0 75.16666666666667 342.0 236.91666666666669 752.358953161913 248.57092093771348 1.0 0.0
-564.5 73.38888888888889 335.0 226.1388888888889 656.4185517739968 237.77796415322572 1.0 0.0
-563.5 71.61111111111111 335.0 215.3611111111111 655.5587809525368 226.98500736873797 1.0 0.0
-562.0 69.83333333333333 334.5 204.58333333333331 654.014002447263 216.1920505842502 1.0 0.0
-568.0 70.5 350.5 208.0 667.5150755457034 219.63034757241005 1.0 0.0
-569.5 76.0 355.5 213.0 671.3724273841262 226.15350595706298 1.0 0.0
-437.8125 82.5 302.90625 217.5 532.3971854499937 232.6209362890624 0.0 0.0
-471.0625 87.75 320.53125 218.0 569.8195858707752 235.04467762099168 0.0 0.0
-504.3125 95.5 338.15625 224.25 607.2419862915567 243.81111700318775 0.0 0.0
-537.5625 223.0 355.78125 197.5 644.6643867123382 298.21677993455074 0.0 0.0
-521.0 262.0 327.5 213.5 615.5233670041517 338.00596156712237 0.0 0.0
-534.0 276.5 295.0 226.75 610.0684896555788 357.59519630173145 1.0 0.0
-622.5 266.75 317.75 222.0 698.9075738584356 347.05147505244815 0.0 0.0
-601.5 261.5 313.0 218.25 678.1232757203363 340.61525437393436 1.0 0.0
-472.75 238.0 278.0 208.25 548.4332522973673 316.25113268829296 0.0 0.0
-428.5 170.0 286.5 182.0 516.536488984269 249.05520427526545 0.0 0.0
-514.4 164.5 298.23333333333335 177.25 596.9642487986408 241.8225162730418 0.0 0.0
-528.0 156.25 261.16666666666663 181.75 599.2739273381773 239.78266257837242 0.0 0.0
-541.6 148.25 224.1 192.5 601.5836058777136 242.98187578643282 0.0 0.0
-555.2 141.75 187.0333333333333 203.25 603.89328441725 247.9189567528632 0.0 0.0
-568.8 130.25 149.96666666666664 219.75 606.2029629567865 255.61820044145995 0.0 0.0
-582.4 113.25 112.89999999999999 241.25 608.5126414963229 266.7644134208241 0.0 0.0
-596.0 93.25 75.8333333333333 257.25 610.8223200358592 273.9184778688496 0.0 0.0
-609.6 73.5 38.76666666666665 270.5 613.1319985753956 280.4955432131588 0.0 0.0
-629.5 54.75 160.25 279.5 652.1200467720198 285.0602512503501 0.0 0.0
-790.25 -34.29545454545455 226.25 233.88636363636363 822.3204493906513 246.59400395933244 0.0 0.0
-786.5 -123.47727272727273 204.25 251.4318181818182 814.1833397990563 313.71597438810375 0.0 0.0
-636.3571428571429 -212.65909090909093 208.71428571428572 268.97727272727275 669.8645475770052 380.837944816875 0.0 0.0
-619.5 -301.8409090909091 193.0 286.52272727272725 649.1038366045526 447.95991524564624 0.0 0.0
-602.6428571428571 -391.0227272727273 177.28571428571428 304.06818181818187 628.3431256321 515.0818856744175 0.0 0.0
-585.25 -480.2045454545455 210.0 321.6136363636364 623.3052527186578 582.2038561031889 0.0 0.0
-572.0 -699.625 226.0 431.125 615.059997538828 821.79687672165 1.0 0.0
-585.25 -767.0 237.75 474.0 631.6985659313837 901.6631443591755 1.0 0.0
-510.5 -746.5 269.75 474.5 577.4004634198914 884.5489416492342 0.0 0.0
-503.5 -714.5 262.0 451.5 567.5974353855069 845.2080574070465 1.0 1.0
-548.0 -690.5 254.5 431.0 604.2160906285903 813.9738532525656 1.0 1.0
-519.5 -687.0 241.5 448.0 572.8903546201159 820.167036007805 1.0 1.0
-527.5 -678.5 245.5 446.5 581.8392310556553 812.2432286177852 1.0 0.0
-506.5 -670.6428571428571 245.0 443.92857142857144 562.7690529908664 804.2663331999662 1.0 1.0
-507.0 -675.5 239.0 444.5 560.5098641728961 808.6378820458556 1.0 1.0
-513.0 -680.3571428571429 248.0 445.07142857142856 569.8186241723417 813.009430891745 1.0 1.0
-524.5 -664.0 264.0 441.5 587.1985711902134 797.4197358456697 1.0 0.0
-521.0 -652.0 267.0 414.5 585.4447873441056 773.2580282000695 1.0 0.0
-533.0 -656.5 274.0 440.5 599.32021656844 790.5971073660824 1.0 1.0
-532.0 -662.0 273.5 438.0 598.1962620035838 793.7866278655629 1.0 1.0
-541.0 -670.5 279.5 440.5 608.9345204687008 802.2591187686367 1.0 1.0
-550.5 -661.5 268.0 431.0 612.3875018767444 789.52263720565 1.0 1.0
-553.5 -642.5 244.5 414.5 605.1152900558196 764.6023960506425 1.0 1.0
-514.0833333333334 -636.0 220.91666666666669 401.5 559.5793717912277 752.1302140177169 1.0 1.0
-470.41666666666663 -639.5 194.58333333333331 393.5 509.20727755808446 750.8802796782375 0.0 1.0
-426.75 -635.5 168.25 384.0 458.8351833249412 742.5101068889221 0.0 1.0
-430.0 -624.5 174.0 375.5 463.9823174847233 728.7002560005519 0.0 1.0
-477.5 -607.5 239.5 377.5 534.3293153077775 715.2407218964917 0.0 1.0
-485.5 -605.0 243.5 381.0 543.1544489662786 714.974243687878 0.0 1.0
-501.5 -613.5 260.5 385.5 565.121715315985 724.5720936581787 1.0 1.0
-499.0 -610.5 257.0 391.0 561.2932680532565 724.9870775312999 1.0 1.0
-518.5 -598.0 272.0 395.0 585.5177420719078 716.6817847800284 1.0 1.0
-502.5 -585.0 254.5 397.5 563.3266126663666 707.2706063378761 1.0 1.0
-470.0 -586.5 257.5 400.0 535.9711349189224 709.9178787695447 1.0 1.0
-467.0 -592.0 274.0 404.5 541.4471941214654 717.0015049458141 0.0 1.0
-466.5 -590.0 274.5 404.5 541.2693705142825 715.3471021600609 0.0 1.0
-463.5 -583.0 270.0 404.5 536.4068255832049 709.5843325783524 0.0 1.0
-450.0 -576.5 264.5 404.0 521.9772724041843 703.9661050333482 0.0 1.0
-441.5 -577.0 261.0 404.5 512.8775300599856 704.6625091364219 0.0 1.0
-430.0 -579.0 258.5 406.5 501.7192940342313 707.4484185181091 0.0 1.0
-418.5 -581.0 253.5 408.0 489.28979158610946 709.9472229540867 0.0 1.0
-439.5 -580.0 266.0 411.5 513.7287746314587 711.1486597706244 0.0 1.0
-431.0 -577.5 260.5 413.0 503.6098668433234 709.9825796600592 0.0 1.0
-439.5 -577.0 265.5 416.0 513.4691445328742 711.326248726986 0.0 1.0
-442.5 -577.0 261.5 419.0 513.9929560213695 713.0849082086236 0.0 1.0
-444.5 -577.5 258.5 420.5 514.200897687238 714.3714104547607 0.0 1.0
-444.0 -578.5 255.5 421.0 512.2658331873191 715.474151954302 0.0 1.0
-443.5 -580.0 253.5 423.5 510.83705817021536 718.1589391437745 0.0 1.0
-442.5 -580.5 253.0 423.5 509.7211338917765 718.5628621349281 0.0 1.0
-442.5 -582.0 254.5 426.0 510.4671271088322 721.2489168102785 0.0 1.0
-470.0 -581.0 271.0 426.0 542.5383139906901 720.4422859674332 0.0 1.0
-518.0 -581.5 301.0 428.0 599.1035071846352 722.0292584099345 1.0 1.0
-518.0 -582.5 304.5 431.5 600.8698605332654 724.9127533710522 1.0 1.0
-518.5 -582.5 303.5 433.5 600.7950450880442 726.1050199523482 1.0 1.0
-518.0 -581.0 305.5 434.0 601.3771158631 725.2016889996544 1.0 1.0
-516.5 -580.0 305.5 434.0 600.0855649037128 724.4004417447576 1.0 1.0
-516.0 -578.0 302.0 432.0 597.8806273697353 721.6009977820153 1.0 1.0
-515.5 -578.0 297.5 433.0 595.1861335236542 722.2001107726306 1.0 1.0
-514.5 -559.0 295.5 413.0 593.3221252465426 695.0198468922097 1.0 1.0
-502.0 -558.0 284.5 413.5 577.0202881666584 694.5116351652802 1.0 1.0
-519.0 -557.0 300.0 420.0 599.4675795224139 697.6024364781861 1.0 1.0
-521.0 -556.5 303.5 432.0 602.954158680044 704.4971611014483 1.0 1.0
-523.0 -556.0 307.5 448.0 606.7003226814834 714.0311577799419 1.0 1.0
-523.0 -558.9722222222222 312.0 442.55555555555554 608.9934318200812 713.3120907749667 1.0 1.0
-522.5 -562.2685185185185 312.5 435.96296296296293 608.8207323457503 712.2524988325124 1.0 0.0
-523.0 -565.5648148148148 312.5 429.3703703703704 609.2497680293322 711.192906890058 1.0 0.0
-528.5 -568.8611111111111 310.0 422.77777777777777 612.7204131271728 710.1333149476036 1.0 0.0
-534.5 -572.1574074074074 264.0 416.1851851851852 596.2279081872165 709.0737230051493 1.0 1.0
-539.0 -575.4537037037037 246.25 409.5925925925926 592.7454875771592 708.014131062695 0.0 1.0
-541.6666666666667 -578.75 235.91666666666669 403.0 591.0178118675772 706.9545391202406 0.0 1.0
-544.3333333333333 -582.0462962962963 225.58333333333331 396.4074074074074 589.2901361579951 705.8949471777862 0.0 1.0
-534.5 -585.3425925925926 251.0 389.8148148148148 590.5622582391555 704.8353552353319 1.0 1.0
-525.0 -588.6388888888889 272.0 383.22222222222223 591.7439410411303 703.7757632928776 1.0 1.0
-502.0 -591.9351851851852 289.5 376.6296296296296 579.4948233201083 702.7161713504232 1.0 1.0
-500.5 -595.2314814814815 291.0 370.03703703703707 578.96080492953 701.6565794079688 1.0 1.0
-505.5 -598.5277777777778 295.5 363.44444444444446 585.5343758743061 700.5969874655145 1.0 1.0
-492.5 -598.5 282.5 362.0 567.7709723340774 699.4745474872874 1.0 1.0
-485.5 -601.0 270.5 347.0 555.770489253041 694.0051971477244 1.0 1.0
-482.0 -612.5 264.0 351.5 549.5638321463778 706.2582765462985 1.0 1.0
-478.5 -627.0 260.0 354.5 544.5773057711931 720.3225302676547 1.0 1.0
-471.0 -640.5 254.0 357.0 535.124812854198 733.3410916325433 1.0 1.0
-469.0 -647.0 253.0 361.5 532.8883945769769 741.1882562818959 1.0 1.0
-467.5 -646.5 252.5 367.5 531.336305567356 743.6919599558081 1.0 1.0
-457.5 -632.0 233.0 387.5 513.415466464044 741.3602700968646 1.0 1.0
-458.5 -609.0 235.0 408.0 515.2157771705407 733.06717048887 1.0 1.0
-459.0 -581.0 233.0 433.0 514.7523676487559 724.6250186923917 1.0 1.0
-458.0 -558.0 230.0 457.5 512.5075609198366 721.5931085290388 1.0 1.0
-457.5 -542.0 227.0 481.5 510.7205210402094 724.9916413357125 1.0 1.0
-460.0 -532.5 224.5 501.5 511.85979712050187 731.4770320137459 1.0 1.0
-458.5 -529.0 222.0 518.5 509.4183546811911 740.7328870219346 1.0 1.0
-457.5 -532.0 222.5 530.5 508.7366344474216 751.3037799107321 1.0 1.0
-456.5 -535.0 261.0 535.0 525.8454033487972 756.6055775633696 1.0 1.0
-460.5 -539.0 262.0 533.5 529.8153311224346 758.3860269476993 1.0 1.0
-460.5 -541.0 263.0 525.5 530.3105222414505 754.223118503566 1.0 1.0
-458.5 -543.5 262.0 509.5 528.0782466799576 744.9757741969122 1.0 1.0
-458.0 -544.0 260.0 493.5 526.6537658360369 734.4961661781772 1.0 1.0
-458.5 -540.5 256.5 465.5 525.3708781340471 713.3884306979619 1.0 1.0
-459.0 -535.0 252.0 449.0 523.6305712891699 698.4462631237103 1.0 1.0
-459.5 -536.0 250.5 445.5 523.3465977763859 696.9696878522661 1.0 1.0
-457.5 -536.0 255.5 448.5 524.0100544364286 698.8908018816464 1.0 1.0
-457.0 -537.5 258.5 451.0 525.0440798000359 701.6461738580876 1.0 1.0
-458.0 -552.0 262.0 480.5 527.6439977487566 731.8365579920876 1.0 1.0
-524.5 -549.0 245.5 483.5 579.1723668932843 731.5554598224412 1.0 1.0
-550.0 -542.0 272.0 480.5 613.5829585190894 724.3236487908628 1.0 1.0
-552.0 -534.5 273.5 480.5 616.040827457276 718.72873783422 1.0 1.0
-553.0 -525.0 272.0 474.0 616.2735177664531 707.319685665271 1.0 1.0
-549.0 -516.0 264.0 465.0 609.177679565285 694.6086034869728 1.0 1.0
-547.0 -510.0 282.0 459.0 615.7528617642828 686.1356728828695 1.0 1.0
-528.5 -495.0 278.0 448.5 597.1647203047438 667.967386320395 0.0 1.0
-492.5 -476.5 236.0 442.0 546.1756668086242 649.9379384905153 0.0 1.0
-463.0 -417.52272727272725 233.0 442.0909090909091 518.3223410448717 623.0802167922934 0.0 1.0
-460.0 -336.8863636363636 236.0 443.54545454545456 517.0080037626149 586.7103805906625 0.0 1.0
-576.0 -256.25 204.25 445.0 611.1550950474859 550.3405443890316 0.0 1.0
-582.0 -175.61363636363635 211.25 446.45454545454544 619.1991887239124 513.9707081874008 0.0 1.0
-588.0 -94.97727272727272 218.25 447.9090909090909 627.2432824003388 477.60087198576986 0.0 1.0
-594.0 3.5 225.25 403.0 635.2873760767654 404.8637577009649 0.0 1.0
-528.0 58.328125 245.5 372.1875 583.2613585589695 378.59370274580704 0.0 0.0
-455.5 80.765625 247.5 392.4375 518.3980145134383 404.17994565037213 0.0 0.0
-454.5 103.203125 246.0 412.6875 516.8043728577871 429.7661885549372 0.0 0.0
-456.0 125.640625 247.0 432.9375 518.5990744303349 455.35243145950227 0.0 0.0
-456.5 148.078125 248.5 453.1875 519.7542688617382 480.93867436406737 0.0 0.0
-456.0 170.515625 248.0 473.4375 519.0761409876072 506.5249172686324 0.0 0.0
-492.0 192.953125 281.0 493.6875 566.5916625641436 532.1111601731975 0.0 0.0
-491.5 215.390625 282.0 513.9375 566.6536084029207 557.6974030777626 1.0 0.0
-489.5 277.0 282.5 585.75 565.1696646589448 648.9364538527778 1.0 0.0
-482.5 349.0 283.5 612.5 559.6235341727509 705.0097368728702 1.0 0.0
-483.0 350.0 284.0 603.5 560.3081168180838 697.6797112079817 1.0 0.0
-483.5 337.0 283.5 590.0 560.4859498685047 679.4632044335374 1.0 0.0
-481.0 345.5 282.0 595.0 557.5708803482089 688.0374823303148 1.0 0.0
-510.5 352.0 260.5 595.5 573.126979819343 691.7547381528063 1.0 0.0
-505.0 350.0 254.0 583.0 565.281698903419 679.9942941916543 1.0 0.0
-494.0 339.0 243.0 554.0 550.5346064232263 649.494471722503 1.0 0.0
-520.5 331.0 283.5 531.75 592.7190490015253 626.3976527537712 1.0 0.0
-506.5 323.5 263.5 510.0 570.9460040342208 603.9514737169924 1.0 0.0
-501.5 321.0 256.0 505.0 563.0625890223007 598.3898824794746 1.0 0.0
-498.5 219.5 253.0 495.5 559.0274526479021 543.2364029114849 1.0 0.0
-498.5 183.5 251.5 496.5 558.3498007521808 529.326577590583 1.0 0.0
-491.0 194.5 241.0 510.0 546.9570844493242 545.8360905772099 1.0 0.0
-490.0 210.5 241.0 524.5 546.0595681633703 565.1668997745448 1.0 0.0
-489.0 229.0 241.5 531.5 545.383625551481 578.7398616960432 1.0 0.0
-470.5 245.0 281.5 535.5 548.2815119322893 588.8858110937529 1.0 0.0
-449.5 256.0 261.5 541.5 520.0312682682668 598.9752309685438 1.0 0.0
-445.0 287.0 257.5 525.0 514.1315620129504 599.4512516423251 1.0 0.0
-474.5 457.625 280.0 404.875 550.9541137252983 616.6644798300524 0.0 0.0
-474.0 582.0 279.5 319.0 550.2703826618257 663.6909648114654 1.0 0.0
-462.0 559.0 270.0 311.5 535.1165872663216 639.9341996919311 1.0 0.0
-414.0 510.0 187.5 305.0 454.8742542795918 594.2438482351022 1.0 0.0
-356.0 524.0 80.5 302.5 364.99035082756427 605.0473233399739 0.0 0.0
-362.0 421.25 91.0 297.25 373.42544770258553 614.3454850532457 0.0 0.0
-375.0 286.25 100.5 291.58333333333337 388.27228361798467 629.1417444478178 0.0 0.0
-360.5 151.25 99.5 285.91666666666663 373.9829699493992 643.9380038423899 0.0 0.0
-366.0 16.25 109.5 280.25 382.0414294204878 658.734263236962 0.0 0.0
-363.5 -118.75 102.0 274.58333333333337 377.5413293663499 673.530522631534 0.0 0.0
-351.0 -253.75 105.0 268.91666666666663 366.38640860989517 688.326782026106 0.0 0.0
-329.5 -388.75 86.5 263.25 340.66488588273273 703.1230414206782 0.0 0.0
-331.0 -523.75 89.0 257.58333333333337 342.75681341770553 717.9193008152502 0.0 0.0
-344.0 -658.75 106.0 251.91666666666666 359.9663770847709 732.7155602098223 0.0 0.0
-347.5 -718.0 113.5 317.0 365.5682412449361 785.1052456384366 0.0 0.0
-342.0 -648.5 108.0 359.5 358.6616190589974 741.5408987582289 0.0 0.0
-342.0 -596.0 109.0 363.0 358.949857222426 697.877318528909 0.0 0.0
-343.0 -562.0 109.5 365.0 360.05482482214137 670.137806857726 0.0 0.0
-338.5 -545.5 103.0 362.0 353.8240789070928 654.6896649733662 0.0 0.0
-335.0 -535.5 96.5 363.5 348.6219298896729 647.220025754526 0.0 0.0
-337.5 -524.5 100.0 368.0 352.0170683811172 640.724198199083 0.0 0.0
-419.5 -518.5 104.0 371.5 432.7571606353649 637.8543523614508 0.0 0.0
-504.0 -515.5 99.5 372.0 514.9201117871575 635.7105590911938 0.0 0.0
-453.5 -517.5 126.0 370.5 470.67959867237755 636.4564183958221 0.0 0.0
-448.5 -520.0 127.5 371.0 466.27286276516185 638.7809361043956 0.0 0.0
-443.0 -525.0 129.5 384.0 461.54139604885654 650.4485828551682 0.0 0.0
-444.0 -528.0 127.0 393.0 461.806650235715 658.2044474573881 0.0 0.0
-489.0 -532.5 143.0 401.5 509.5403562527048 666.9025277171636 0.0 0.0
-498.5 -535.5 147.0 411.0 519.7225568726885 675.0433194172176 0.0 0.0
-496.0 -535.5 148.0 417.5 517.6101134648361 679.0189478672069 0.0 0.0
-495.5 -538.5 149.0 421.0 517.4178678785648 683.537420455242 0.0 0.0
-494.5 -542.0 152.5 423.0 517.4839235383397 687.5267267532223 0.0 0.0
-524.0 -546.0 174.0 426.5 552.134255118044 692.8336057545689 0.0 0.0
-534.0 -547.5 177.0 431.5 562.5701958443935 697.1011638325458 0.0 0.0
-524.0 -524.0 173.0 429.0 551.8197491328456 677.2126733306811 0.0 0.0
-512.5 -526.0 169.5 433.5 539.8023014489892 681.61445731185 0.0 0.0
-514.0 -527.0 171.5 438.0 541.8571288744749 685.2542656200033 0.0 0.0
-505.5 -530.5 176.0 446.5 535.7376941188314 693.3920274050937 0.0 0.0
-504.5 -533.5 121.5 459.0 518.9567045950951 703.7778433578619 0.0 0.0
-528.0 -535.0 113.5 476.5 540.0619376897862 716.4337618386978 0.0 0.0
-523.5 -532.0 116.0 481.5 536.1981800598319 717.5419254335648 0.0 0.0
-504.0 -529.5 133.5 488.0 521.7826944657384 720.0794615050938 0.0 0.0
-484.5 -552.0 130.5 491.5 501.7673932316702 739.1319882290195 0.0 0.0
-485.0 -558.5 131.0 494.0 502.3804862752387 745.6270611056159 0.0 0.0
-472.5 -561.5 165.0 498.5 502.2530806135658 750.857506422517 0.0 0.0
-453.5 -569.5 199.5 501.5 495.4422366036488 758.839620189179 0.0 0.0
-463.0 -580.5 194.0 501.0 502.0573907008277 766.8001952976201 0.0 0.0
-479.0 -586.0 188.0 501.5 514.5730463671059 771.3000051128392 0.0 0.0
-493.5 -590.5 186.5 496.5 527.5817508685454 771.4997559680778 0.0 0.0
-496.0 -592.0 201.0 488.5 535.4564083901614 767.5266756766125 0.0 0.0
-484.0 -585.5 201.0 475.5 524.2365616915364 754.2648628980533 0.0 0.0
-496.5 -577.0 192.0 455.0 532.3351820870155 734.8171744486967 0.0 0.0
-488.92857142857144 -566.0 184.28571428571428 434.5 522.6684588236585 713.5450843847693 0.0 0.0
-481.5 -564.0 172.0 418.0 511.5452992354376 702.0124302953543 0.0 0.0
-474.07142857142856 -564.0 159.71428571428572 402.0 500.42213964721657 692.6045760537985 0.0 0.0
-527.5 -554.5 165.5 383.0 552.8633276938649 673.9195018214424 0.0 0.0
-422.5 -530.5 265.5 365.5 499.62899710734075 644.2227701022161 0.0 0.0
-404.0 -552.0 242.5 354.5 471.1954907977632 656.0292882177343 0.0 0.0
-406.0 -551.0 241.0 349.5 472.1408688092993 652.4967150072671 0.0 0.0
-408.0 -552.0 243.0 359.0 474.8822849289117 658.4738499192373 0.0 0.0
-426.5 -551.0 241.0 373.0 489.8809463355062 665.389290183409 0.0 0.0
-431.5 -554.0 241.5 386.5 494.4843157506688 675.5150153122236 0.0 0.0
-435.5 -552.5 241.0 379.0 497.736978215088 670.0011194797689 0.0 0.0
-437.5 -551.5 239.0 362.5 498.52513222458344 659.9685729472345 0.0 0.0
-437.0 -552.0 245.5 337.5 501.31786056858823 647.0010185667898 0.0 0.0
-446.5 -552.5 254.0 324.5 513.690995518861 640.7469749281624 0.0 0.0
-447.5 -553.0 255.5 333.0 515.3023980739429 645.5215170990423 0.0 0.0
-448.5 -552.5 259.0 350.5 517.9127623222578 654.3074100813528 0.0 0.0
-432.5 -551.5 249.0 372.5 499.06592443473227 665.5266773968524 0.0 0.0
-452.5 -547.5 264.5 390.5 524.1341084740661 672.5145012111045 0.0 0.0
-434.5 -545.5 253.0 403.5 502.79146850405255 678.5192091825604 0.0 0.0
-437.0 -545.5 257.5 395.5 507.226499739805 673.7886578559276 0.0 0.0
-463.0 -541.0 283.0 368.0 542.640011428459 654.3317787379137 0.0 0.0
-458.5 -534.5 276.5 346.5 535.4273253716203 636.9873009952573 0.0 0.0
-462.5 -531.5 283.0 345.0 542.213959230771 633.6546552325098 0.0 0.0
-451.0 -524.0 270.5 345.5 525.9004183303147 627.6515149724048 0.0 0.0
-442.5 -520.0 264.5 346.5 515.5254906440755 624.8705402476633 0.0 0.0
-478.0 -520.5 240.0 363.5 534.8871038068659 634.8724289161322 0.0 0.0
-479.0 -523.5 232.5 387.5 532.4871424616985 651.3146392983249 1.0 0.0
-483.0 -523.5 250.5 406.0 544.0956147908043 662.4870527408455 1.0 0.0
-484.0 -528.0 250.5 409.0 544.9828463529832 667.8814453072291 1.0 0.0
-485.5 -528.0 251.0 412.0 546.5448289024424 669.7224011571813 1.0 0.0
-508.5 -531.0 251.0 417.0 567.1271575909607 675.166651373831 1.0 0.0
-535.5 -527.5 254.5 417.0 592.9007982973046 672.4175814576722 1.0 0.0
-535.5 -529.5 254.5 414.0 592.9002478806949 672.1366277574332 1.0 0.0
-511.5 -539.5 230.0 413.5 560.8317598176168 679.7371973679824 0.0 0.0
-519.0 -544.5 239.5 415.5 571.5955952872177 684.9237183803756 1.0 0.0
-530.0 -535.5 251.0 414.5 586.4362519621473 677.17845235493 1.0 0.0
-527.0 -514.0 249.5 406.0 583.0774041451399 655.0053434896543 1.0 0.0
-490.5 -434.5833333333333 251.0 389.375 551.4534014907281 640.8501069353077 1.0 0.0
-459.0 -328.69444444444446 254.0 367.20833333333337 524.5923298736705 621.976458196179 0.0 0.0
-453.0 -222.80555555555557 246.0 345.04166666666663 515.4853259400019 603.1028094570504 0.0 0.0
-464.0 -116.91666666666669 251.25 322.875 527.6576188849924 584.2291607179218 0.0 0.0
-479.5 -11.027777777777771 260.5 300.7083333333333 545.6933266404283 565.355511978793 1.0 0.0
-483.0 94.86111111111109 263.0 278.54166666666663 549.9621882411946 546.4818632396643 1.0 0.0
-468.25 200.74999999999994 272.0 256.375 541.7289373729143 527.6082145005357 1.0 0.0
-466.5 306.63888888888886 288.75 234.20833333333331 548.6345018118172 508.734565761407 1.0 0.0
-465.5 412.52777777777777 291.5 212.04166666666666 549.2381727629702 489.86091702227833 1.0 0.0
-465.75 560.125 297.25 254.125 552.5225903495268 615.0911452398927 1.0 0.0
-461.0 711.25 295.5 301.25 547.5782347938375 772.4637324849692 1.0 0.0
-446.75 594.0 283.75 262.5 529.2445611874718 649.4372712095931 1.0 0.0
-439.5 566.0 278.0 254.0 520.0427549716298 620.3921034874452 1.0 0.0
-435.0 570.0 275.0 269.75 514.6358056757608 630.6137863617143 1.0 0.0
-426.75 584.5 269.25 278.75 504.59051060939487 647.5660688129653 1.0 0.0
-460.0 585.5 296.0 277.75 547.0063992821094 648.0419523097685 0.0 0.0
-464.25 586.0 296.25 274.75 550.7196765454173 647.2168280620574 1.0 0.0
-467.0 562.0 295.5 255.75 552.6401665606793 617.5064324538073 1.0 0.0
-468.5 568.25 291.75 240.0 551.9152572064612 616.8649502389483 1.0 0.0
-469.5 569.25 288.75 236.5 551.1883276955061 616.4234392566134 1.0 0.0
-502.0 572.75 281.5 237.0 575.9194770789335 619.8489074785375 1.0 0.0
-492.0 572.5 214.0 240.5 536.526750367748 620.9700056012737 1.0 0.0
-491.25 564.75 213.75 244.0 535.7384079648828 615.2080375961928 1.0 0.0
-491.5 559.25 214.5 245.0 536.267386666944 610.5627230156184 1.0 0.0
-491.0 551.5 215.0 257.5 536.0093657976726 608.6554576936703 1.0 0.0
-490.5 546.75 214.0 261.0 535.1506797155358 605.8556683435274 1.0 0.0
-489.75 545.25 212.25 262.25 533.7651890458492 605.0393920860886 1.0 0.0
-488.25 544.5 209.0 268.5 531.1028499249066 607.1020905337467 1.0 0.0
-486.75 545.0 207.5 275.5 529.1331035846804 610.6764293064775 1.0 0.0
-486.0 548.0 205.5 279.0 527.6611128366387 614.9356134663559 1.0 0.0
-486.0 549.0 204.5 282.0 527.2726641824781 617.1915855010393 1.0 0.0
-485.0 550.0 205.5 287.0 526.7402472295387 620.3784772780484 1.0 0.0
-485.5 554.0 205.5 294.0 527.2006619732209 627.1778495255996 1.0 0.0
-485.5 559.5 206.5 300.5 527.5914249694022 635.0912992803899 1.0 0.0
-485.0 566.0 207.5 304.0 527.5236961502299 642.4733781060941 1.0 0.0
-450.0 567.5 252.5 312.0 516.1777080819526 647.6332444793261 1.0 0.0
-461.5 563.5 275.0 325.0 537.2218165054788 650.5060491631411 1.0 0.0
-462.5 562.0 277.5 327.5 539.3637319052763 650.4615918657173 1.0 0.0
-463.5 560.0 277.5 329.5 540.2207881968261 649.7463208534607 1.0 0.0
-463.5 558.0 277.5 330.5 540.2207881968261 648.533340464513 1.0 0.0
-464.0 559.5 277.5 335.5 540.6499013796972 652.381204148691 1.0 0.0
-464.5 557.5 278.5 340.5 541.5925590330797 653.2585109120259 1.0 0.0
-467.5 557.0 287.0 344.0 548.5804224908816 654.6643976386812 1.0 0.0
-471.5 557.0 297.0 349.5 557.2443579933935 657.571079888876 1.0 0.0
-472.5 558.5 298.5 352.5 558.8904823971615 660.439648280134 1.0 0.0
-473.5 559.5 300.0 356.5 560.537762397733 663.4249601953957 1.0 0.0
-430.5 561.5 263.0 363.0 504.4792142004459 668.6200990185775 0.0 0.0
-432.0 565.0 263.0 365.5 505.7600047428955 672.9156159910729 0.0 0.0
-469.5 568.5 282.5 366.5 547.9464843022032 676.3981924773256 0.0 0.0
-508.0 568.5 293.0 364.0 586.4919039508786 675.0469815575668 1.0 0.0
-509.0 568.5 303.0 355.5 592.3598438352396 670.5022139325067 1.0 0.0
-504.5 565.5 297.0 346.0 585.432361052178 662.9534579788985 1.0 0.0
-497.0 565.5 292.0 338.5 576.4315090083037 659.0702249373555 1.0 0.0
-491.5 566.5 286.5 337.5 568.9064803252807 659.4165304264206 1.0 0.0
-485.0 568.5 279.0 339.0 559.5230931537949 661.9017961084201 1.0 0.0
-506.5 568.5 302.0 341.5 589.7021580948904 663.1851174445941 1.0 0.0
-503.5 559.0 304.5 348.0 588.4156451062581 658.5241834744352 1.0 0.0
-500.5 409.5 304.5 436.0 585.8502944754542 598.5666970078997 1.0 0.0
-498.0 385.0 306.0 449.5 584.5000205975696 591.8410486215769 1.0 0.0
-495.5 387.0 306.5 455.0 582.6345112444055 597.3224799547029 1.0 0.0
-489.0 391.5 300.5 459.5 573.9526822487418 603.6658870370543 1.0 0.0
-462.0 398.0 289.5 464.0 545.2476901440059 611.3109373162056 1.0 0.0
-446.0 405.5 279.0 468.5 526.0773759683691 619.6148613347702 1.0 0.0
-451.0 413.0 280.0 474.0 530.8493439208736 628.685221623814 1.0 0.0
-451.5 416.0 281.5 475.5 532.0662552727808 631.7882227365992 1.0 0.0
-434.5 415.5 268.0 473.0 510.5091225417161 629.5786438311129 1.0 0.0
-433.5 506.0 266.0 416.0 508.6072788031215 658.3564802202799 0.0 0.0
-450.5 586.5 280.0 354.5 530.4252740438415 685.3125071228944 0.0 0.0
-444.5 582.5 278.5 343.5 524.5404460338862 676.239584592691 0.0 0.0
-442.5 574.5 276.5 329.0 521.7840263959226 662.0357902050732 0.0 0.0
-442.0 576.0 275.0 319.0 520.5662111897528 658.4358475035037 0.0 0.0
-442.0 573.5 274.5 314.0 520.3020757214024 653.8335473641143 0.0 0.0
-442.0 568.0 275.0 307.5 520.5660380777832 645.8950972534507 0.0 0.0
-443.0 563.0 274.0 301.5 520.8886637276722 638.6479859828887 0.0 0.0
-442.5 561.0 273.5 295.0 520.2004674987812 633.8345021549635 0.0 0.0
-444.0 559.0 273.0 290.5 521.2151009081142 629.9772243182615 0.0 0.0
-445.0 557.0 273.5 287.0 522.3287456608605 626.5927334249002 0.0 0.0
-423.0 513.0 268.0 286.5 500.7527664246886 587.9612718989897 0.0 0.0
-423.5 362.0 269.5 262.0 501.97905979296854 446.87184687392624 0.0 0.0
-422.5 341.0 271.0 256.0 501.9434729130363 426.4002343895856 0.0 0.0
-440.5 341.5 283.0 254.0 523.5735830439734 425.6035842865913 0.0 0.0
-426.5 345.0 273.5 252.0 506.6602143928874 427.2355502228553 0.0 0.0
-425.5 344.5 273.5 248.5 505.8186433891104 424.77424328169013 0.0 0.0
-425.0 396.125 270.5 115.33333333333334 503.7809543839465 412.9878721851478 0.0 0.0
-424.0 338.625 270.0 80.66666666666667 502.669054022732 349.66095786692335 0.0 0.0
-422.0 281.125 268.0 46.00000000000001 499.9080291921616 286.3340435486989 0.0 0.0
-420.0 223.5 266.5 46.0 497.41574988922673 229.94657489187227 0.0 0.0
-420.0 286.5 265.5 178.5 496.88123781074324 337.84723137604465 0.0 0.0
-421.0 281.0 264.5 210.5 497.1933728440072 351.15659226675865 0.0 0.0
-420.5 280.25 264.0 187.5 496.504208762738 338.12173628264804 0.0 0.0
-420.0 282.0 264.5 158.5 496.3469048961623 323.4907262967518 0.0 0.0
-422.0 284.5 263.5 132.0 497.5100501497432 313.63075423178765 0.0 0.0
-422.0 292.5 263.5 121.0 497.5100501497432 316.539607926376 0.0 0.0
-423.0 427.5 263.0 181.5 498.094549559397 464.6556700595127 0.0 0.0
-422.0 579.5 262.5 220.0 496.9811364629446 619.876494512665 0.0 0.0
-429.5 582.5 265.5 251.0 504.9368001590884 634.284123171655 0.0 0.0
-442.5 575.5 273.0 265.0 519.9378029368518 633.6197993339559 0.0 0.0
-443.0 574.45 273.0 254.6 520.3635087032791 628.8295697672578 0.0 0.0
-441.5 575.05 273.5 231.39999999999998 519.3501413614263 620.3556462334122 0.0 0.0
-440.0 575.0 274.5 211.0 518.6041361192562 612.4973399132359 0.0 0.0
-439.0 571.0 272.5 192.0 516.6984130031753 602.4189519618469 0.0 0.0
-438.5 568.0 271.0 191.5 515.483686361327 599.413337048805 0.0 0.0
-463.0 571.0 227.0 199.5 515.6599287975073 604.8490967896819 0.0 0.0
-461.0 573.5 219.5 209.5 510.5894267394243 610.5933687381081 0.0 0.0
-454.0 575.0 215.5 221.0 502.549748781153 616.0212407336126 0.0 0.0
-453.5 577.5 215.0 224.5 501.88375791229055 619.6039008903815 0.0 0.0
-455.0 579.5 213.0 220.5 502.3883537748583 620.0326604300776 0.0 0.0
-459.5 578.5 210.5 211.0 505.4234390723672 615.7785722156951 0.0 0.0
-463.0 575.5 208.0 206.5 507.5760405117934 611.4266249180937 0.0 0.0
-466.0 573.0 207.5 210.0 510.1100776954952 610.270334842231 0.0 0.0
-469.0 567.5 206.0 214.0 512.247050192712 606.5085861495822 0.0 0.0
-471.5 560.0 204.5 216.5 513.9384305706164 600.394137188392 0.0 0.0
-472.0 551.0 202.5 215.5 513.6056571733324 591.6444891084352 0.0 0.0
-472.0 540.0 200.5 215.5 512.8207261204217 581.4633689833815 0.0 0.0
-476.5 530.0 199.0 202.5 516.3871961878099 567.3678260176549 0.0 0.0
-412.0 524.5 231.0 180.5 472.344803383696 554.6895528131029 0.0 0.0
-411.0 527.5 231.0 177.5 471.46882947450786 556.5631141209413 0.0 0.0
-412.5 537.0 231.0 190.5 472.77614876957034 569.7888747420486 0.0 0.0
-412.5 553.5 232.5 207.0 473.5108871752666 590.9410128562557 0.0 0.0
-413.0 565.0 230.5 219.5 472.9685507515272 606.1422637284943 0.0 0.0
-412.5 572.0 229.5 224.0 472.04508163245623 614.3036480978374 0.0 0.0
-458.5 573.0 273.5 211.25 533.8780227076461 610.8942866643032 0.0 0.0
-458.5 572.0 275.5 193.0 534.9042590202564 603.6845368459453 1.0 0.0
-459.0 570.0 275.5 174.5 535.3329022317325 596.1175660165022 1.0 0.0
-461.0 568.5 275.5 170.5 537.0486477033528 593.517215993756 1.0 0.0
-460.5 571.0 277.0 185.0 537.3912135707542 600.222379623576 1.0 0.0
-458.0 574.5 275.0 203.5 534.2181474059582 609.4888976174173 1.0 0.0
-447.5 576.0 267.0 219.5 521.1002212684712 616.4149486005551 1.0 0.0
-460.5 578.0 262.5 234.0 530.1857646323929 623.5863015923067 1.0 0.0
-477.5 578.5 262.0 231.0 544.7051448390198 622.9152330136226 1.0 0.0
-490.5 583.0 277.0 228.5 563.3111238004595 626.1805784597389 1.0 0.0
-492.5 579.0 276.0 231.5 564.5638780351615 623.5789468020714 1.0 0.0
-494.5 569.5 275.5 238.5 566.0658270929046 617.4241146112824 1.0 0.0
-495.0 564.5 275.5 244.0 566.5027803374509 614.9766575694161 1.0 0.0
-493.0 559.5 274.0 250.5 564.0258779534979 613.0181467112545 1.0 0.0
-478.5 556.0 275.0 258.0 551.9794364648458 612.9437529605334 1.0 0.0
-467.0 561.0 277.0 257.0 542.9716244292356 617.0666483854513 1.0 0.0
-467.0 563.5 276.5 263.5 542.7165466429045 622.0653668003248 1.0 0.0
-466.0 565.5 276.0 267.0 541.6013293927555 625.3652649027538 1.0 0.0
-465.0 564.0 275.5 271.5 540.4861237811754 625.9484302159631 1.0 0.0
-465.0 557.5 275.5 276.5 540.4861237811754 622.3011334114973 1.0 0.0
-465.0 536.5 275.0 281.0 540.2314376163176 605.6347465110988 1.0 0.0
-440.5 439.3970588235294 256.0 297.3529411764706 509.4875336378402 616.8488076881731 1.0 0.0
-418.5 309.9264705882353 240.5 319.8235294117647 482.682703685032 632.1102066050868 1.0 0.0
-440.5 180.4558823529412 263.5 342.2941176470588 513.2961818219981 647.3716055220004 1.0 0.0
-445.5 50.98529411764707 268.5 364.7647058823529 520.1563304388172 662.6330044389141 1.0 0.0
-452.5 -78.48529411764707 272.5 387.2352941176471 528.2163382554538 677.8944033558278 1.0 0.0
-447.5 -207.95588235294116 270.0 409.70588235294116 522.6435920873646 693.1558022727414 1.0 0.0
-442.5 -337.42647058823525 268.0 432.17647058823525 517.3300417282849 708.4172011896551 1.0 0.0
-448.5 -466.8970588235294 273.5 454.6470588235294 525.3138027294025 723.6786001065688 1.0 0.0
-455.0 -612.5 279.5 487.0 533.9899984940466 782.7211045133367 1.0 0.0
-433.0 -700.0 253.0 485.5 501.49688958665774 851.9199107034517 1.0 0.0
-433.5 -612.5 249.5 460.5 500.1724842819216 766.3997175659189 1.0 0.0
-458.0 -564.0 280.0 447.5 536.8275767952703 719.9902960979036 1.0 1.0
-457.0 -566.0 274.0 449.25 532.8462423166225 722.6436895793959 1.0 1.0
-464.0 -579.0 274.0 454.0 538.8623876942606 735.77084736654 1.0 1.0
-461.0 -574.0 271.5 461.5 535.0087186659937 736.5176548004993 1.0 1.0
-487.5 -562.5 272.5 461.0 558.4923352083952 727.2804533543479 1.0 1.0
-486.0 -582.5 272.0 467.0 556.9388252484412 746.5890814314254 1.0 1.0
-486.0 -585.5 273.5 464.0 557.6721707239836 747.0665399534539 1.0 1.0
-489.0 -582.0 277.0 456.0 562.0053648306442 739.3678639156922 1.0 1.0
-490.5 -558.5 279.5 435.5 564.5445066600153 708.2251214063316 1.0 1.0
-489.5 -524.0 280.0 425.5 563.9240059652116 675.001489940262 1.0 1.0
-491.5 -512.0 280.5 419.5 565.9086167595653 661.9123730524071 1.0 1.0
-495.5 -530.0 280.0 415.0 569.13992128474 673.1460230948271 1.0 1.0
-494.5 -546.5 277.0 403.0 566.7973648094967 679.0520395330909 1.0 1.0
-498.0 -558.5 275.5 393.0 569.1306231298634 682.9137939740272 1.0 1.0
-507.5 -555.5 277.0 381.5 578.174263982793 673.9549084197947 1.0 1.0
-511.0 -548.5 278.5 369.5 581.9651871131977 661.3495422299629 1.0 1.0
-515.0 -516.0 282.0 370.5 587.1534983909105 635.2371635190033 1.0 1.0
-518.0 -508.5 285.0 372.0 591.2268873887294 630.0810237248761 1.0 1.0
-522.0 -502.0 287.0 380.5 595.6953935569932 629.9104648979489 1.0 1.0
-522.0 -496.5 287.0 385.5 595.6953919580039 628.5990245706187 1.0 1.0
-522.0 -501.5 285.5 392.5 594.9741591027295 636.8611976200762 1.0 1.0
-521.5 -500.5 282.5 415.5 593.1007502945853 650.4982922796103 1.0 1.0
-507.0 -514.5 272.0 409.0 575.3547019084772 657.2671259617321 1.0 1.0
-481.0 -522.0 255.0 392.0 544.4137721371897 652.800130378264 1.0 1.0
-468.5 -513.5 249.0 404.0 530.5594048375036 653.3769815025009 1.0 1.0
-480.5 -496.5 257.0 408.5 544.9125447616893 642.9498679457988 1.0 1.0
-444.5 -479.5 246.5 415.5 508.28701275269833 634.4765739518741 1.0 1.0
-442.0 -489.0 259.5 411.0 512.5470771895577 638.7823819242021 1.0 1.0
-441.0 -506.5 259.0 404.0 511.431506542442 647.8943099502671 1.0 1.0
-445.5 -491.5 262.5 401.5 517.0859212552202 634.6616328455432 1.0 1.0
-416.21875 -482.5 242.96875 381.0 481.99082861994117 614.7942377683794 1.0 1.0
-403.09375 -493.0 242.84375 363.0 470.76152760221464 612.2267169888745 0.0 1.0
-389.96875 -492.5 242.71875 387.0 459.5322265844881 626.3594087533681 0.0 1.0
-376.84375 -476.5 242.59375 418.5 448.3029255667616 634.1905810725193 0.0 1.0
-452.5 -468.0 240.5 431.0 514.1879260376777 636.2354717117087 0.0 1.0
-509.0 -478.5 268.5 446.5 575.5993599675995 654.4719236772852 0.0 1.0
-476.0 -492.5 228.0 465.5 527.879199137418 677.6781281165711 0.0 1.0
-468.0 -489.70000000000005 228.5 466.0 520.9057785563298 676.0092653656523 0.0 1.0
-483.5 -485.29999999999995 251.0 468.0 544.8214112651033 674.2154899290053 0.0 1.0
-483.0 -481.5 239.5 469.5 539.1191432902382 672.5121722660213 0.0 1.0
-482.5 -462.5 246.0 486.5 541.6069732550537 671.2603807180024 0.0 1.0
-489.0 -462.5 244.5 498.0 546.7208614950695 679.641923616157 0.0 1.0
-481.5 -486.0 236.5 482.0 536.4462248407992 684.4875020545592 0.0 1.0
-484.0 -506.5 241.5 472.0 540.9235560454958 692.3339871991855 0.0 1.0
-499.5 -498.5 255.0 475.0 560.825507622469 688.5690175560806 0.0 1.0
-467.0 -492.5 233.5 481.0 522.1223042652534 688.4165604160551 0.0 1.0
-471.5 -486.0 235.5 472.0 527.046017281871 677.4807513041221 0.0 1.0
-475.0 -478.5 236.5 462.0 530.6198752672071 665.2380113952033 0.0 1.0
-469.5 -436.5 232.0 484.5 523.6930930160578 652.1302273034571 0.0 0.0
-462.0 -437.25 222.5 507.25 512.7868183958448 669.8249884439185 0.0 1.0
-457.5 -435.5 219.5 523.0 507.4316909866184 680.5819636038702 0.0 1.0
-456.0 -421.0 219.5 534.5 506.08012452461173 680.3926710687883 0.0 1.0
-454.5 -398.0 220.0 530.5 504.9457891694909 663.200015062509 0.0 1.0
-454.0 -323.61538461538464 221.0 511.96153846153845 504.9327162023145 638.4710785635748 0.0 1.0
-453.5 -223.76923076923077 222.5 486.5769230769231 505.1421072366935 604.5658098149836 0.0 1.0
-453.5 -123.92307692307693 223.5 461.19230769230774 505.5833747811546 570.6605410663924 0.0 1.0
-453.5 -24.076923076923094 223.5 435.8076923076923 505.5833264655788 536.7552723178012 0.0 1.0
-454.5 75.76923076923072 221.5 410.4230769230769 505.6011273721608 502.8500035692101 0.0 0.0
-472.0 175.61538461538458 233.0 385.03846153846155 526.3870173639716 468.944734820619 0.0 0.0
-487.0 294.0 265.5 352.0 554.6705713489348 460.58327239972283 0.0 0.0
-487.5 328.875 265.0 219.5 554.8705317664948 398.70689011001707 0.0 0.0
-481.5 629.375 233.0 201.375 534.9271751814146 662.8525367197991 0.0 0.0
-528.5 700.5 370.5 166.5 648.1889267377361 720.1960513164204 0.0 0.0
-479.0 632.0 237.0 204.5 534.42610383994 664.2744070623019 0.0 0.0
-476.0 565.5 234.0 221.0 530.4074396554017 607.2144998790454 0.0 0.0
-486.0 545.0 255.0 216.0 548.8528172713786 586.3679381172792 0.0 0.0
-450.0 518.5 240.5 234.5 510.23657942717597 569.0931931420312 0.0 0.0
-447.5 525.0 239.0 238.0 507.32366935100964 576.4281724772366 0.0 0.0
-447.0 527.0 239.0 236.0 506.882629412372 577.4376392826059 0.0 0.0
-446.5 530.5 239.5 233.0 506.6779055771033 579.4135727534178 0.0 0.0
-442.0 533.0 236.5 234.5 501.2945740779567 582.3051176144685 0.0 0.0
-443.0 534.0 236.0 237.5 501.9414256006496 584.433451057126 0.0 0.0
-443.0 535.0 224.0 238.0 496.5425799517702 585.5538663315897 0.0 0.0
-443.0 538.0 224.5 232.5 496.76324040242855 586.0910607445583 0.0 0.0
-443.5 538.5 235.5 234.0 502.14808076226774 587.1449607226721 0.0 0.0
-457.5 536.5 255.5 240.5 524.1420204572792 587.9393745687918 0.0 0.0
-439.5 533.5 228.5 254.0 495.354741410253 590.8948605918038 0.0 0.0
-457.0 530.0 243.5 270.0 517.8239750683776 594.8110611680613 0.0 0.0
-463.5 528.0 250.5 272.0 526.861296607322 593.9549035356365 0.0 0.0
-460.5 527.5 251.0 273.0 524.4632590646597 593.9583911236145 0.0 0.0
-469.0 458.0 258.5 288.0 535.5215292138747 542.2065399816593 0.0 0.0
-474.0 229.25 250.5 156.0 536.2139870350488 279.50943101097914 0.0 0.0
-472.5 204.25 247.0 86.0 533.2258756734404 227.50442079259506 0.0 0.0
-469.0 202.0 255.5 96.5 534.0798161323829 229.5116527172002 0.0 0.0
-452.5 81.0 238.5 191.5 511.5651559006998 208.5416209262895 0.0 0.0
-558.3214285714286 91.5 192.92857142857144 219.0 590.7163440555928 237.51530067374614 0.0 0.0
-567.6071428571429 95.5 194.64285714285717 224.5 600.057554266491 243.96972176022499 0.0 0.0
-576.8928571428571 93.5 196.35714285714283 229.5 609.3987644773892 247.8154703667428 0.0 0.0
-586.1785714285714 104.5 198.07142857142856 261.5 618.7399746882875 281.61090405844186 0.0 0.0
-547.5 115.5 232.0 299.5 594.9957965348938 321.0096350671347 0.0 0.0
-447.0 114.5 246.0 312.0 510.3385575470693 332.34675971774715 0.0 0.0
-461.0 113.5 270.5 322.0 534.5024587442731 341.4326391312834 0.0 0.0
-460.0 189.5 267.5 363.0 532.1258838071753 411.8985831899606 0.0 0.0
-501.5 235.0 260.0 375.0 565.473449468768 442.5512575501609 0.0 0.0
-546.1785714285714 228.5 243.57142857142856 384.5 598.3321953136318 447.2729448989113 0.0 0.0
-545.75 222.5 229.0 386.0 592.3036148517454 445.55152996673087 0.0 0.0
-545.3214285714286 214.5 214.42857142857142 372.5 586.2750343898588 429.85947576065587 0.0 0.0
-543.0 200.07142857142856 219.0 346.7142857142857 585.6950698171702 400.35406873212776 1.0 0.0
-539.5 181.5 241.0 323.0 590.8900877753937 370.58952368584266 1.0 0.0
-498.0 162.92857142857142 296.0 299.28571428571433 579.327293762846 340.8249786395577 0.0 0.0
-491.5 188.25 285.0 313.5 568.1905201781224 366.0879793582109 0.0 0.0
-453.25 193.25 260.0 420.75 522.5990451797479 463.1256015459448 0.0 0.0
-426.0 186.5 246.0 431.0 491.9285875765398 469.62734686908755 0.0 0.0
-415.0 182.75 250.75 436.0 484.8966432289956 472.76316839946765 0.0 0.0
-429.25 139.0 252.25 444.0 497.88125301214893 467.2278179909007 0.0 0.0
-429.75 82.25 252.0 445.25 498.1859778486507 452.79353657804694 0.0 0.0
-437.75 80.0 233.5 439.75 496.13374982784944 446.9681333753275 0.0 0.0
-442.0 82.0 231.0 433.75 498.72356708451844 441.4393978702482 0.0 0.0
-447.25 89.0 231.75 427.5 503.72834568647033 436.6671598126064 0.0 0.0
-455.5 94.75 261.0 425.0 524.9773804651015 435.4356333466807 0.0 0.0
-463.5 125.75 266.75 443.75 534.7792060424115 461.6128575450273 0.0 0.0
-473.25 168.75 273.5 479.75 546.5967008067817 508.56390928800727 0.0 0.0
-476.0 173.5 274.5 480.0 549.4781615314662 510.3980182584653 0.0 0.0
-475.5 181.5 272.75 483.0 548.1727902415385 515.9827318199875 0.0 0.0
-471.25 206.0 267.75 494.75 542.0028320156047 536.1327743222639 0.0 0.0
-481.0 331.5 274.0 531.5 553.5679407648379 626.5118740543519 0.0 0.0
-482.5 352.0 276.0 536.5 555.8618878511362 641.6701364279329 0.0 0.0
-484.0 354.0 277.0 533.0 557.6607082750733 639.8494507282851 0.0 0.0
-484.0 355.25 278.0 529.25 558.1581012102564 637.4250377307192 0.0 0.0
-486.25 355.75 283.0 526.0 562.608543966563 635.0088178691389 0.0 0.0
-474.34375 340.25 271.5625 509.75 547.0495625791905 612.9027447371958 0.0 0.0
-495.71875 320.25 255.8125 511.25 559.522646428459 603.2716164808755 0.0 0.0
-517.09375 320.25 240.0625 513.25 571.9957302777277 604.9675051189561 0.0 0.0
-538.46875 322.75 224.3125 514.25 584.4688141269962 607.1442686528885 0.0 0.0
-553.1666666666667 324.75 219.83333333333331 514.375 595.4698009887295 608.3127774145946 0.0 0.0
-547.8333333333333 336.0 249.16666666666669 510.5 602.0544968878569 611.245151265984 0.0 0.0
-544.25 422.0 268.5 399.5 606.9156075825499 581.1125884761545 0.0 0.0
-409.0 419.0 266.0 386.5 487.8935371979903 570.0383751883371 0.0 0.0
-474.0 413.5 294.5 386.0 558.0387490388425 565.6677313478992 0.0 0.0
-460.0 413.5 283.0 385.5 540.0824020924495 565.3256334582182 1.0 0.0
-462.0 413.4 287.0 367.6 543.8920376833831 553.2047040548032 1.0 0.0
-455.0 371.0 278.0 326.0 533.2063648798817 493.89676324658274 1.0 0.0
-454.5 328.6 276.5 284.4 531.9985902236959 434.5888224383623 1.0 0.0
-450.0 319.0 262.0 265.5 520.8097360890492 415.07906780996746 1.0 0.0
-451.0 311.0 250.5 281.0 515.8985452027619 419.1632014973803 1.0 0.0
-479.0 309.5 251.0 281.0 540.914444930561 418.03313487019335 1.0 0.0
-503.5 306.5 316.5 280.5 594.7159406403287 415.4810417864884 1.0 0.0
-502.5 303.5 329.5 283.5 600.9241327233657 415.31493794586527 1.0 0.0
-496.5 259.5 293.0 266.0 576.5861418658744 371.84543438679043 0.0 0.0
-457.0 219.0 277.0 239.5 534.3951560691096 324.5323573968364 1.0 0.0
-458.0 215.0 276.0 239.5 534.7335785229875 321.8474852342211 1.0 0.0
-525.5 213.5 288.0 237.5 601.6250547372757 319.3572499055407 0.0 0.0
-474.0 210.0 320.0 237.0 571.905655042256 316.65293856028256 1.0 0.0
-474.5 47.5 320.5 196.0 572.5997729653759 205.5766227087501 1.0 0.0
-475.5 46.5 282.5 135.0 553.0882074508122 142.7861599609252 0.0 0.0
-471.0 41.5 298.0 109.5 557.5784814987609 117.1003842863037 1.0 0.0
-465.0 -2.5 299.0 136.5 552.9511381157428 142.05387577964106 1.0 0.0
-464.5 -45.5 298.0 182.5 551.984246939566 188.0864163090998 1.0 0.0
-459.0 -51.0 307.5 186.0 552.4828051773065 192.86584072577702 1.0 0.0
-468.0 -40.5 313.0 170.0 563.0219044538055 175.14656116975323 1.0 0.0
-476.5 3.0 319.0 143.0 573.4224684906808 143.11953089982288 1.0 0.0
-476.5 -8.5 319.0 129.0 573.4224684906808 129.28333677990344 1.0 0.0
-477.0 -34.0 319.5 114.0 574.1161271252025 118.9631437849109 1.0 0.0
-464.5 -57.0 309.5 108.0 558.1671585338854 122.12199698587003 1.0 0.0
-465.5 -77.0 309.5 101.0 558.9995701877103 127.00481627326936 1.0 0.0
-463.0 -75.5 309.0 64.0 556.6418713696986 100.4259787605878 1.0 0.0
-461.0 -154.21428571428572 307.0 54.17857142857143 553.8682328200575 167.4389049449622 1.0 0.0
-458.0 -234.5 305.0 49.75 550.2626821145029 243.76827406677026 1.0 0.0
-457.5 -314.78571428571433 304.5 45.32142857142857 549.5693768761138 320.09764318857833 1.0 0.0
-459.0 -376.5 305.0 51.0 551.0954304157905 380.03847622077194 1.0 0.0
-460.0 -314.0 305.5 61.0 552.2048985657407 320.4856578056754 1.0 0.0
-460.5 -232.0 306.5 77.5 553.1749271252269 244.61375389719035 1.0 0.0
-461.5 -259.5 306.0 77.5 553.7316410363037 271.0455771244954 1.0 0.0
-463.5 -251.5 305.5 101.5 555.1239282495114 271.356807094464 1.0 0.0
-465.0 -222.0 305.0 109.5 556.1025761513288 247.8739493448454 1.0 0.0
-466.5 -85.5 305.0 124.5 557.358217497524 152.1927725853632 1.0 0.0
-469.5 -74.0 307.0 123.0 560.9627997590273 143.5645419123431 1.0 0.0
-478.0 -76.0 304.0 123.0 566.4863618785162 144.5857061321193 1.0 0.0
-482.0 -80.5 303.0 121.5 569.3272128461689 145.7512268796105 1.0 0.0
-483.0 -190.5 303.5 107.0 570.4395235255005 220.37550643488913 1.0 0.0
-483.5 -274.5 303.5 90.5 570.8630051626249 289.03805973101146 1.0 0.0
-484.0 -280.5 303.0 84.0 571.0211726445868 292.8079224087479 1.0 0.0
-485.5 -277.5 303.0 83.0 572.2929756689313 289.6537433542695 1.0 0.0
-485.0 -270.0 302.5 87.5 571.604102504522 283.84012935245914 1.0 0.0
-486.0 -208.0 302.5 104.5 572.4528364852426 236.43546517642415 1.0 0.0
-485.5 -49.0 302.0 130.0 571.7641559244511 139.94741930432804 1.0 0.0
-485.0 -27.0 302.5 132.5 571.604102504522 135.23207364650625 1.0 0.0
-485.0 -18.0 302.0 137.0 571.3398114522038 138.17949218552923 1.0 0.0
-484.5 -8.5 301.5 137.0 570.6509440980537 137.26412889340224 1.0 0.0
-484.0 -13.5 301.0 134.5 569.9626954704393 135.17911512619 1.0 0.0
-484.0 -35.0 299.5 135.5 569.1719632333152 139.94863727703586 1.0 0.0
-485.0 -52.5 298.5 138.5 569.4973661045326 148.11724609743553 1.0 0.0
-486.0 -139.0 298.5 156.0 570.3492351182738 212.51010643973746 1.0 0.0
-485.5 -207.5 299.0 159.0 570.1852769056738 261.4152286092135 1.0 0.0
-485.5 -207.5 298.5 152.0 569.9233006114032 257.2172979422904 1.0 0.0
-485.0 -211.5 296.5 159.0 568.4516250306617 264.61608991730554 1.0 0.0
-482.5 -133.0 295.0 185.0 565.537299762362 234.45848870459523 1.0 0.0
-479.9375 112.0 282.5625 197.5 556.9463448461315 230.2474954743835 1.0 0.0
-475.6875 135.5 276.8125 173.0 550.3924482924668 219.86686318119382 0.0 0.0
-471.4375 88.5 271.0625 177.95 543.838551738802 207.08684666799027 0.0 0.0
-467.1875 36.5 265.3125 182.55 537.2846551851374 195.04682018144183 0.0 0.0
-486.0 -4.0 253.5 186.0 548.3990738459327 186.04904987654697 0.0 0.0
-499.5 -35.0 245.5 181.5 556.5802698079463 185.11883092365358 0.0 0.0
-486.0 -77.0 246.5 221.5 544.9605504878194 234.51192815596 1.0 0.0
-481.5 -360.0 226.0 350.5 531.9808053442878 508.57265408929544 1.0 0.0
-482.0 -627.5 255.0 414.5 545.3026419317298 752.0644787736699 1.0 0.0
-471.5 -617.0 253.0 403.5 535.3501387144156 737.233804549674 1.0 1.0
-502.0 -577.5 257.0 401.0 563.9625639280725 703.0735772349658 1.0 1.0
-499.0 -561.5 267.0 403.5 566.0368026797519 691.4440256047819 1.0 1.0
-498.5 -568.5 280.5 410.5 571.9988547894931 701.2176296128209 1.0 1.0
-493.0 -573.5 268.5 421.5 561.4779975030622 711.7391314997888 1.0 1.0
-490.0 -559.5 254.0 428.5 551.9204626134131 704.7362421018349 1.0 1.0
-502.0 -553.0 262.0 424.0 566.2593604158492 696.8392928071723 1.0 1.0
-497.5 -567.5 260.5 421.0 561.5771921638876 706.6097499647597 1.0 1.0
-486.5 -575.5 253.5 424.5 548.584135191531 715.1227783336071 1.0 1.0
-498.5 -563.5 262.0 420.5 563.1607418143439 703.102505095615 1.0 1.0
-510.0 -553.5 269.5 413.5 576.827794555232 690.9012230413259 1.0 1.0
-501.5 -564.0 261.0 414.0 565.3530701763802 699.6370569741978 1.0 1.0
-507.0 -574.5 257.0 417.5 568.4224060193028 710.1806145692055 1.0 1.0
-531.0 -565.0 267.0 419.0 594.3493560875451 703.4108318415581 1.0 1.0
-545.5 -548.0 270.0 415.5 608.6642810381829 687.7094889982806 1.0 1.0
-548.0 -547.5 264.0 414.0 608.2762978263768 686.405426154912 1.0 1.0
-566.0 -556.0 264.0 415.5 624.5414317721443 694.101295447297 1.0 1.0
-578.5 -549.0 262.0 415.0 635.0643640902618 688.2049773924407 1.0 1.0
-584.5 -530.5 261.0 404.5 640.1259829439094 667.1210802189612 1.0 1.0
-583.5 -529.0 256.0 398.0 637.1877983403956 662.0007626805473 1.0 1.0
-580.5 -545.0 251.5 395.5 632.6393601654893 673.3847382450535 1.0 1.0
-538.5 -553.5 241.0 391.0 589.9862366376324 677.6749465816508 0.0 1.0
-566.5 -546.0 310.5 390.0 646.0384048264259 670.9813808992974 1.0 1.0
-558.5 -539.0 317.0 392.5 642.1961745083787 666.766272444042 1.0 1.0
-564.5 -537.5 301.0 381.0 639.7396225704224 658.8379287767966 1.0 1.0
-576.0 -534.5 295.0 383.0 647.1502738453626 657.5560914003504 1.0 1.0
-590.0 -523.0 296.5 384.0 660.3128599299732 648.8343315141658 1.0 1.0
-606.5 -511.5 309.5 383.0 680.905979145413 639.0006969883253 1.0 1.0
-620.5 -513.5 310.5 383.0 693.8580008061955 640.6022637915954 1.0 1.0
-606.0 -520.5 264.5 384.0 661.208178849374 646.8203057509252 0.0 1.0
-652.5 -525.0 273.5 389.5 707.5147592153969 653.7088501321823 0.0 1.0
-705.5 -520.5 328.0 396.0 778.0319204271359 654.0155515388344 0.0 1.0
-722.1666666666667 -524.0 339.1666666666667 416.5 797.8517967249204 669.364110927064 0.0 1.0
-749.7222222222222 -519.0 350.05555555555554 429.0 827.4281263766545 673.3513669445688 0.0 1.0
-777.2777777777778 -437.01250000000005 360.94444444444446 407.15 857.0044560283885 668.9372280130242 0.0 1.0
-804.8333333333333 -326.36249999999995 371.8333333333333 377.35 886.5807856801225 661.5992730901153 0.0 1.0
-849.0 -215.71249999999998 386.5 347.55 932.8439627392088 654.2613181672062 0.0 1.0
-881.0 -105.06249999999997 401.0 317.75 967.9695476826728 646.9233632442973 0.0 1.0
-846.6666666666667 5.587500000000006 406.91666666666663 287.95 940.3134304865912 639.5854083213884 0.0 1.0
-818.2222222222222 116.23750000000007 420.1388888888889 258.15 921.4240218465777 632.2474533984794 0.0 1.0
-789.7777777777778 226.88750000000005 433.3611111111111 228.35 902.534613206564 624.9094984755704 0.0 1.0
-761.3333333333333 337.5375 446.58333333333337 198.55 883.6452045665505 617.5715435526615 0.0 0.0
-725.5 448.18750000000006 430.0 168.75 843.4973308406101 610.2335886297525 1.0 0.0
-680.5 558.8375 390.0 138.95 784.3508508097996 602.8956337068436 1.0 0.0
-646.5 698.0 380.5 261.0 750.1621163669889 745.2146595511134 1.0 0.0
-562.5 629.5 414.0 260.5 698.6391443238401 681.27161630387 0.0 0.0
-562.5 580.5 412.5 251.0 697.5516722884893 632.4621640302423 1.0 0.0
-548.5 560.0 403.5 251.5 680.9834618050882 613.8856970035338 1.0 0.0
-548.0 556.5 406.0 260.5 682.0118484346142 614.4550158297927 1.0 0.0
-558.5 564.0 418.25 264.0 697.7881230151488 622.7296200804918 1.0 0.0
-572.5 567.5 435.25 263.5 719.2200208396891 625.6913597498738 1.0 0.0
-586.5 567.5 452.25 261.5 740.6519186642295 624.8513914894143 1.0 0.0
-596.5 578.0 457.0 260.0 751.463778694238 633.7874602211838 1.0 0.0
-600.0 582.5 442.5 259.5 745.6649062678698 637.6884359934472 1.0 0.0
-632.5 580.0 449.5 259.5 775.9663172930649 635.4058744468358 1.0 0.0
-635.0 576.5 454.5 257.5 780.8945771376407 631.3942946049565 1.0 0.0
-643.5 572.0 453.5 255.0 787.2537315084426 626.2659369175612 1.0 0.0
-631.0 568.5 434.0 254.5 765.8483937057499 622.8677595310094 1.0 0.0
-616.5 568.0 421.0 258.5 746.5349220224034 624.0566388628142 1.0 0.0
-611.5 569.5 419.0 259.0 741.2822002143072 625.6288493623215 1.0 0.0
-582.0 569.0 382.0 258.0 696.1722587789171 624.7599880223808 1.0 0.0
-568.5 565.5 370.0 255.0 678.3032933472185 620.3347886423911 1.0 0.0
-563.0 561.5 405.0 253.5 693.7191495314853 616.0718645812011 1.0 0.0
-565.0 558.0 393.5 255.0 688.5254327331734 613.5055061867072 1.0 0.0
-579.5 543.5 399.0 240.0 703.5792240255388 594.1316463350306 1.0 0.0
-590.5 544.0 407.5 242.0 717.5097213668644 595.3990605471656 1.0 0.0
-574.5 544.5 397.5 242.5 698.6210611711118 596.0591951949527 1.0 0.0
-590.5 543.5 401.5 243.5 714.0895900654054 595.5549913735463 1.0 0.0
-578.0 544.0 384.5 277.0 694.2087652630944 610.4631016915391 1.0 0.0
-582.0 544.0 396.0 278.5 704.0159370090987 611.1451939465403 1.0 0.0
-574.0 544.5 368.0 279.0 681.8389066504241 611.8180301267084 1.0 0.0
-570.5 542.5 361.0 278.5 675.1269786821077 609.8102547967932 1.0 0.0
-574.0 540.5 380.0 275.5 688.3933175318753 606.6634582344841 1.0 0.0
-562.0 553.5 379.5 273.5 678.1338034066061 617.3967919283268 1.0 0.0
-530.0 559.5 385.0 272.0 655.0767163913662 622.1130898863139 1.0 0.0
-520.0 562.0 397.5 271.5 654.5519110362497 624.1445767566656 1.0 0.0
-496.5 563.0 386.0 271.5 628.8967950842432 625.0449983801167 1.0 0.0
-500.0 564.0 418.0 271.0 651.7109713580969 625.7291746434714 1.0 0.0
-478.0 564.5 424.5 270.0 639.3431383877682 625.7479152625784 1.0 0.0
-463.0 565.0 394.0 270.5 607.9623609789103 626.4146363374025 1.0 0.0
-444.5 562.5 404.0 271.0 600.8952103459712 624.3776524700531 1.0 0.0
-433.5 559.5 379.0 271.0 575.8710451954946 621.6761616790529 1.0 0.0
-432.5 526.5 390.0 257.5 582.9324184322458 586.1226386977241 1.0 0.0
-434.0 513.0 386.5 258.5 581.2294926490133 574.4488222424793 0.0 0.0
-430.5 498.0 389.0 272.0 580.283057235014 567.4399152713606 0.0 0.0
-438.0 489.5 380.5 285.5 580.2575052593666 566.6749509198373 0.0 0.0
-500.0 443.0 390.0 298.5 634.9130535113052 534.7490146052438 0.0 0.0
-493.5 260.0 329.5 395.5 593.4116619658028 476.49484970150536 1.0 0.0
-487.5 142.8 319.5 424.29999999999995 582.8702540963275 458.44897871922666 1.0 0.0
-488.0 57.20000000000002 322.0 436.70000000000005 584.6606501472229 451.36666479559824 1.0 0.0
-494.0 -3.5 327.5 440.0 592.6991870500789 440.02746467643846 1.0 0.0
-546.5 -29.5 400.0 430.0 677.248466263156 431.0150378339471 0.0 0.0
-506.0 -228.0 362.0 480.5 622.2061897178642 534.0170199490024 1.0 0.0
-512.5 -358.0 394.0 487.25 646.4681586575576 607.8318436009729 1.0 0.0
-501.5 -418.5 374.0 472.0 625.6038448996021 630.8260821845543 1.0 0.0
-481.5 -482.5 359.0 517.5 600.6028135131414 707.8977590899564 1.0 0.0
-425.0 -538.0 364.0 551.0 559.5763636879838 770.1261492397473 0.0 0.0
-408.5 -492.0 360.0 515.5 544.4955846229802 712.6210480238202 0.0 0.0
-411.5 -479.0 372.5 475.5 555.0576993636867 674.9490829549294 0.0 0.0
-422.5 -614.0 390.0 567.5 574.9899640482995 836.1485792289465 0.0 0.0
-447.0 -572.5 389.5 531.5 592.9619619937341 781.1853140159699 0.0 0.0
-417.5 -518.5 349.0 507.5 544.1579170240882 725.6103229240568 0.0 0.0
-433.0 -437.5 346.0 481.0 554.2612144471614 650.5664978477282 0.0 0.0
-434.5 -247.0 344.0 515.5 554.1897298460643 579.2695569221006 0.0 0.0
-428.5 -59.5 345.0 490.5 550.126020632652 494.0993893300905 0.0 0.0
-450.0 -14.499999999999998 368.5 484.5 581.7024978842222 486.6046502695339 0.0 0.0
-470.0 28.5 350.5 480.5 586.3488564041047 481.34447944061407 0.0 0.0
-466.9375 46.0 333.46875 478.0 573.8779547990059 480.2092229102508 0.0 0.0
-456.1875 86.5 318.09375 464.0 556.2899067510426 472.41835052698764 0.0 0.0
-445.4375 154.17857142857142 302.71875 433.0 538.7018587030793 470.8074667467206 0.0 0.0
-434.6875 219.75 287.34375 405.0 521.113810655116 477.23888200706807 0.0 0.0
-476.0 285.32142857142856 339.0 377.0 584.3776494588353 483.67029726741555 0.0 0.0
-486.0 330.5 351.5 356.5 599.8095252493969 486.1411469391485 1.0 0.0
-477.5 330.0 357.5 351.0 596.5246538933411 481.7876654941909 1.0 0.0
-481.0 346.0 342.5 351.5 590.4851078528216 493.33977240543277 1.0 0.0
-480.0 548.0 331.0 264.5 583.0696578503646 609.9683372382538 1.0 0.0
-480.5 627.0 319.0 222.0 576.7529928725246 665.1653007142984 1.0 0.0
-474.0 602.0 331.0 229.0 578.1356770118324 644.1023590271134 1.0 0.0
-469.5 598.0 320.5 252.0 568.481586939745 648.9326137336611 1.0 0.0
-434.5 596.0 297.0 265.0 526.3076093436323 652.2620380710044 1.0 0.0
-406.0 593.5 280.0 269.0 493.19035394677144 651.6258242211261 0.0 0.0
-405.0 595.0 278.5 298.0 491.51545426955283 665.4543186436488 0.0 0.0
-401.5 583.0 269.5 298.0 483.5623229880099 654.7490469693147 0.0 0.0
-418.25 570.0 273.5357142857143 296.5 499.8799102899227 642.5053581217376 0.0 0.0
-429.25 562.0 265.67857142857144 294.0 505.2460969732533 634.2567771022441 0.0 0.0
-440.25 555.5 257.82142857142856 287.0 510.61228365658405 625.2593939175899 0.0 0.0
-451.25 548.0 249.96428571428572 283.0 515.9784703399148 616.7600830144571 0.0 0.0
-448.5 547.5 275.0 286.0 526.1450172594707 617.6993171485582 1.0 0.0
-456.0 548.5 283.0 292.5 536.6815267845325 621.6176922784026 1.0 0.0
-457.5 548.5 276.0 294.0 534.3225985624506 622.324874964837 1.0 0.0
-449.0625 543.0 261.46875 295.0 519.7012592714582 617.95954560149 1.0 0.0
-433.3125 536.0 243.34375 298.0 497.21145745438224 613.2699723853626 0.0 0.0
-417.5625 522.0 225.21875 303.5 474.7216556373064 603.8180603459953 0.0 0.0
-401.8125 426.7105263157895 207.09375 313.4078947368421 452.2318538202305 619.9573232734899 0.0 0.0
-445.5 299.6578947368421 198.0 326.61842105263156 487.87072711175165 641.4763405101494 0.0 0.0
-496.0 172.60526315789474 235.5 339.82894736842104 550.2237707746515 662.9953577468088 0.0 0.0
-464.125 45.55263157894737 258.875 353.0394736842105 531.4415713708711 684.5143749834683 0.0 0.0
-432.5 -81.5 244.5 366.25 496.8267317574447 706.0333922201279 0.0 0.0
-492.0 -208.55263157894734 236.5 379.4605263157895 547.1833392354265 727.5524094567875 0.0 0.0
-436.0 -335.60526315789474 247.5 392.67105263157896 501.36118451226037 749.0714266934469 1.0 0.0
-463.0 -462.65789473684214 258.0 405.88157894736844 530.0414087688016 770.5904439301064 1.0 0.0
-465.5 -589.7105263157895 261.5 419.0921052631579 533.9220353921887 792.1094611667659 1.0 0.0
-472.5 -724.0 254.0 447.0 536.4445561319187 850.888841387196 1.0 1.0
-478.5 -678.0 258.0 418.0 543.6247817603014 796.6020582482963 1.0 1.0
-489.5 -618.5 274.5 415.5 561.2529440116579 745.1621950841395 1.0 0.0
-499.0 -585.5 291.5 406.0 577.9132473835475 712.4960580404406 1.0 1.0
-502.0 -552.0 297.0 395.5 583.277862445496 679.0640242016381 1.0 1.0
-500.5 -528.5 295.5 386.5 581.223305709724 654.7476659957886 1.0 1.0
-500.0 -528.0 291.0 387.0 578.5162336779126 654.6397949170821 1.0 1.0
-498.5 -530.5 283.0 392.0 573.2324822140132 659.6214149230984 1.0 1.0
-496.0 -518.5 279.5 393.0 569.3297025912738 650.6094907964978 1.0 1.0
-495.0 -497.5 281.5 394.5 569.4447392797254 634.9306996995585 1.0 1.0
-491.0 -490.5 288.0 397.5 569.2319948800302 631.3467756665098 1.0 1.0
-498.5 -500.5 312.5 400.5 588.5034437484378 641.0153293091735 1.0 1.0
-476.5 -503.125 310.5 398.375 568.7433036782943 641.7491260663003 1.0 1.0
-470.0 -497.75 307.0 395.25 561.3824307463694 635.5924454111639 1.0 1.0
-468.75 -491.25 306.5 394.0 560.0616484791453 629.7354184892719 1.0 1.0
-488.75 -513.75 316.5 408.75 582.2822084672215 656.5274916818655 1.0 1.0
-488.0 -500.0 310.75 403.5 578.5473858973628 642.5053598204579 1.0 1.0
-468.25 -500.5 290.5 406.0 551.0494538483756 644.4659094211324 1.0 1.0
-469.25 -498.0 285.5 408.75 549.2798054679174 644.2703165201149 1.0 1.0
-465.0 -496.75 257.25 415.0 531.7656433935014 647.2921447860142 1.0 1.0
-513.75 -501.0 266.0 419.0 578.528444118726 653.1184014382952 0.0 1.0
-511.5 -508.0 269.25 424.75 578.0533509682646 662.1772559796356 1.0 1.0
-501.25 -506.5 274.0 426.5 571.2716843783985 662.15195735423 1.0 1.0
-512.25 -502.5 277.25 425.25 582.5030171601409 658.288879725269 1.0 1.0
-588.5 -503.25 274.0 426.75 649.1805161988182 659.8305035182343 0.0 1.0
-583.25 -508.5 276.25 428.5 645.367660017948 664.970797076676 1.0 1.0
-568.75 -487.0 265.0 413.75 627.4619961096064 639.0501405425613 1.0 1.0
-567.5 -469.0 260.75 403.5 624.5382456920645 618.6870041518728 1.0 1.0
-569.5 -472.75 260.75 404.0 626.3552093001181 621.8589782893232 1.0 1.0
-565.0 -480.5 263.25 406.5 623.3450204643734 629.3828091409064 1.0 1.0
-558.5 -466.5 261.5 409.0 616.6952399490665 620.5027268135673 1.0 1.0
-554.25 -311.5 263.25 441.25 613.6121454403742 540.3144478349415 1.0 0.0
-550.75 -278.0 271.0 443.75 613.8242382789899 523.6891470253222 1.0 0.0
-551.75 -258.75 274.5 441.5 616.2627880188597 511.8400603631968 1.0 0.0
-534.0 -232.0 278.25 439.25 603.4459384765008 496.9449813556267 1.0 0.0
-520.0 -191.675 325.75 434.475 613.6075167730062 487.21115619313116 1.0 0.0
-515.75 -92.375 318.25 422.375 606.0413562118695 483.50462926693524 1.0 0.0
-507.75 6.924999999999997 311.75 410.275 595.8172179247758 479.7981023407393 1.0 0.0
-508.5 106.225 309.0 398.17499999999995 595.0237626375364 476.09157541454334 1.0 0.0
-508.625 205.52499999999998 304.0 386.07500000000005 592.5529529803816 472.3850484883474 1.0 0.0
-509.0 269.0 298.5 379.0 590.0727743215182 464.87050139951975 1.0 0.0
-554.5 254.5 253.5 377.5 609.8068836273062 455.3206297301483 0.0 0.0
-549.5 131.0 250.0 341.0 603.7115898071753 374.4701582799881 1.0 0.0
-560.0 158.25 255.5 301.875 615.5328495049029 384.9592000157529 1.0 0.0
-564.0 325.91666666666663 258.5 289.70833333333337 620.4178377515514 481.31341327997325 1.0 0.0
-561.5 493.5833333333333 251.0 277.54166666666663 615.048553492716 577.6676265441936 1.0 0.0
-560.5 511.0 243.0 279.0 610.9097997697459 582.204432849188 1.0 0.0
-560.0 500.0 236.0 277.5 607.6973515369536 571.8469845358159 1.0 0.0
-556.5 505.5 213.5 281.0 596.1591069207852 578.3554460706443 1.0 0.0
-550.0 513.5 216.5 286.0 591.0772229923568 587.7764299152283 1.0 0.0
-548.5 517.5 183.0 284.0 578.2224917797646 590.306960712558 1.0 0.0
-546.0 526.5 171.5 287.0 572.300838720336 599.6492978063466 1.0 0.0
-549.5 543.5 179.0 287.0 578.1699509520831 614.6323573846969 1.0 0.0
-565.75 554.5 175.375 278.5 592.4912807737646 620.5099123054963 0.0 0.0
-548.0 553.0 191.5 272.5 580.8939857761447 616.4953247966082 0.0 0.0
-510.0 545.5 176.0 277.0 539.5148036850193 611.8041197455824 0.0 0.0
-519.0 536.5 180.5 283.5 549.5573095967176 606.8137146017139 0.0 0.0
-504.0 524.5 163.5 296.5 529.9095347828189 602.5445666830716 1.0 0.0
-517.0 503.5 178.0 308.5 546.784453370691 590.5095414751945 1.0 0.0
-471.5 487.0 172.5 322.0 502.1520679059548 583.8420463320358 1.0 0.0
-437.5 480.0 202.5 332.5 482.1364621834166 583.918786837686 1.0 0.0
-440.0 452.5 218.5 336.5 491.26924361610253 564.1499907573414 1.0 0.0
-439.0 261.5 227.0 315.5 494.2167124843462 411.0507575140896 1.0 0.0
-444.5 173.0 248.0 280.5 509.0032327512515 329.561056747741 1.0 0.0
-437.0 177.0 237.5 276.0 497.6132332476076 327.88143566231906 1.0 0.0
-344.0 181.0 254.0 272.0 431.02480581802496 326.7204172220879 1.0 0.0
-191.41666666666666 186.5 267.08333333333337 271.5 391.8389875788205 329.3852908868724 0.0 0.0
-99.97222222222223 197.5 278.5277777777778 271.0 425.4424373292669 335.33544771280185 0.0 0.0
-8.527777777777786 175.5 289.9722222222222 215.5 459.0458870797133 277.9230433715499 0.0 0.0
82.91666666666666 193.5 301.41666666666663 214.5 492.6493368301597 288.8814635797873 0.0 0.0
174.36111111111111 210.5 312.8611111111111 218.5 526.2527865806062 303.401549106131 0.0 0.0
265.80555555555554 224.5 324.30555555555554 219.0 559.8562363310525 313.6267685053612 0.0 0.0
357.25 230.5 335.75 218.0 593.459686081499 317.26053962004164 0.0 0.0
448.69444444444446 228.0 347.19444444444446 216.0 627.0631358319454 314.0702237966477 0.0 0.0
540.1388888888889 347.5 358.6388888888889 263.5 660.6665855823918 436.8775195064854 0.0 0.0
597.5 512.0 431.0 272.0 737.5429277150163 579.8275872641259 0.0 0.0
611.5 520.0 413.5 267.5 738.7295937636721 584.7709899403392 0.0 0.0
606.0 511.5 393.5 264.5 722.6719615450227 575.8407297135486 0.0 0.0
558.0 510.0 388.0 262.0 679.6450853657032 573.362060308968 0.0 0.0
511.5 508.0 363.5 258.5 627.6232015089454 569.9879835748812 0.0 0.0
550.0833333333333 507.0 327.83333333333337 255.0 640.6398645969166 567.5156830200203 0.0 0.0
530.4166666666667 505.5 355.16666666666663 254.0 638.6221648550018 565.7266961031162 0.0 0.0
576.0 508.0 353.5 262.5 675.8267929140816 571.8131653629787 0.0 0.0
557.5 508.0 369.0 266.0 668.9096626581147 573.4284577910678 0.0 0.0
545.0 507.5 347.5 269.5 646.487553899057 574.6187388244439 0.0 0.0
494.0 508.5 330.5 270.5 594.3621861996842 575.9710885619045 0.0 0.0
469.0 510.0 326.5 269.5 571.6058155168816 576.8288302157835 0.0 0.0
415.0 511.5 332.0 264.5 531.5721250995782 575.8413748749697 0.0 0.0
461.5 512.5 339.0 260.0 573.0377628157132 574.6803458944978 0.0 0.0
445.5 513.0 305.0 256.5 540.1654878182205 573.5518285212491 0.0 0.0
504.5 514.0 341.0 254.0 609.9329711442365 573.3351986164992 0.0 0.0
577.0 514.0 374.0 251.0 688.0764353405377 572.0115399737382 0.0 0.0
631.5 514.0 358.0 251.0 726.0239215227946 572.0115399737382 0.0 0.0
619.4000000000001 514.5 329.20000000000005 253.5 701.5223277097757 573.5612885891755 0.0 0.0
622.5999999999999 522.5 320.79999999999995 278.5 700.4626872827289 592.0882894102938 0.0 0.0
631.0 523.0 334.0 286.0 714.0904986699481 596.0915973656238 0.0 0.0
634.375 524.0 353.5 290.0 726.219273850334 598.8956503431963 0.0 0.0
540.625 523.5 514.375 292.5 748.0465452497775 599.6736612525183 0.0 0.0
567.75 523.5 400.625 294.0 695.3589811956313 600.4067371374175 0.0 0.0
551.5 523.5 343.5 296.5 649.7623978738793 601.6349064996696 0.0 0.0
542.5 524.5 378.0 294.5 661.4949068840522 601.5236404958589 0.0 0.0
530.0 523.5 465.0 295.5 705.1571768246039 601.1428196288114 0.0 0.0
530.0 524.0 394.5 294.5 661.3708590253838 601.0876059374552 0.0 0.0
491.5 524.5 390.0 293.0 627.488224448181 600.7905208972592 0.0 0.0
491.0 525.0 378.0 292.5 619.682762368514 600.9836180960168 0.0 0.0
487.0 525.5 368.5 293.0 610.7346185447173 601.6637349882408 0.0 0.0
488.5 518.0 343.0 287.0 596.9219448321915 592.2154555779125 0.0 0.0
511.0 509.5 347.0 274.0 617.6812479014947 578.5041276167036 0.0 0.0
505.5 508.0 344.0 277.5 611.449186770637 578.8526950310682 0.0 0.0
399.5 506.5 324.0 281.5 514.5080379423222 579.4692045293523 0.0 0.0
438.5 505.5 301.5 283.0 532.4795366753802 579.32654867527 0.0 0.0
481.5 504.0 313.0 282.5 574.2930298833821 577.7739291948503 0.0 0.0
467.0 502.5 313.0 281.5 562.2020970359301 575.9762931618184 0.0 0.0
445.0 502.0 329.0 286.5 553.4133497985688 578.0023488259856 0.0 0.0
406.0 503.0 291.0 294.5 499.5397084471075 582.8716100662502 0.0 0.0
479.0 503.5 318.5 299.5 575.227346355576 585.843632171084 0.0 0.0
459.5 503.5 405.0 302.0 613.0226119675086 587.1254688261204 0.0 0.0
455.5 503.5 376.0 301.0 590.6881563971476 586.6117703947267 0.0 0.0
445.5 502.5 377.0 298.5 583.6309196557611 584.4753687565606 0.0 0.0
443.0 502.0 380.5 289.0 583.999258004247 579.2470990498979 0.0 0.0
463.0 500.5 370.0 282.0 592.7320675279225 574.480013710158 0.0 0.0
445.0 502.0 351.5 275.5 567.0781552906058 572.6294108167523 0.0 0.0
449.5 504.0 381.0 272.5 589.2643187105971 572.9506466086068 0.0 0.0
444.5 505.5 362.5 271.0 573.5741823036083 573.56020242965 0.0 0.0
438.5 520.5 366.5 285.5 571.5537777842121 593.7144730770002 0.0 0.0
448.5 526.0 424.0 299.0 618.0984015161291 605.0431298235021 0.0 0.0
503.0 522.5 359.0 298.5 617.9756449483353 601.7545180553279 0.0 0.0
486.0 521.0 383.5 297.5 620.0804684941168 599.9563608915025 0.0 0.0
487.5 516.0 394.0 300.5 628.4234575226511 597.1233122228607 0.0 0.0
464.0 499.5 404.0 300.5 615.2404481097134 582.9240945440496 0.0 0.0
461.0 402.2205882352941 382.5 297.27941176470586 599.2631347794606 589.571298043784 0.0 0.0
463.5 272.5147058823529 371.0 292.9852941176471 593.6960590965139 598.43423604343 0.0 0.0
428.0 142.80882352941174 385.5 288.69117647058823 576.7469195524858 607.297174043076 0.0 0.0
433.0 13.102941176470551 370.5 284.3970588235294 570.3037302057635 616.160112042722 0.0 0.0
429.5 -116.60294117647067 354.5 280.1029411764706 556.9970545151822 625.023050042368 0.0 0.0
418.0 -246.30882352941182 384.5 275.80882352941177 568.4675907284444 633.885988042014 0.0 0.0
453.0 -376.014705882353 364.5 271.5147058823529 581.4372763521899 642.74892604166 0.0 0.0
485.0 -505.7205882352942 374.5 267.22058823529414 612.8149901466074 651.6118640413059 0.0 0.0
543.0 -624.5 422.0 322.0 688.8681500263492 703.8681093135247 0.0 0.0
456.75 -617.5 373.0 359.0 590.526192301287 714.2886437900684 0.0 1.0
448.5 -597.0 429.5 380.5 622.5206757223539 708.1844742427069 0.0 1.0
539.5 -528.0 510.5 360.0 747.8091736331606 639.0672352652834 0.0 1.0
470.0 -516.5 429.0 350.5 636.4487066689935 624.1975022714234 0.0 1.0
459.0 -515.0 395.5 351.5 606.1486768363075 623.5201115034613 0.0 1.0
488.5 -515.0 398.5 356.5 630.4293421554389 626.3524718653616 0.0 1.0
479.5 -519.5 380.5 363.5 612.1288239658188 634.0471152720532 0.0 1.0
507.5 -520.5 376.5 370.5 632.1832947506339 638.9004202189486 0.0 1.0
459.0 -517.0 359.5 377.0 583.0641276887387 639.859570373759 0.0 1.0
454.25 -516.0 382.625 381.5 595.0996402313511 641.7166088471788 0.0 1.0
501.5 -518.5 338.0 383.0 604.7701280963395 644.617202883949 0.0 1.0
499.5 -521.0 338.0 385.5 603.112147022011 648.1137335007988 0.0 1.0
428.5 -523.5 393.5 385.5 581.7693094123881 650.12498798308 0.0 1.0
357.0 -526.0 362.5 383.0 508.79250883996315 650.6650443968847 0.0 1.0
365.5 -529.0 348.0 380.5 504.6810349867824 651.6296877828695 0.0 1.0
375.5 -530.0 330.0 377.5 499.93046420892364 650.6967419620295 0.0 1.0
396.5 -532.0 345.0 375.0 525.5877932453357 650.8860860830503 0.0 1.0
439.0 -530.0 430.0 370.0 616.0286491659533 646.3750747494342 0.0 1.0
456.5 -524.5 414.0 367.0 616.8122077692688 640.1493493444493 0.0 1.0
537.625 -523.5 355.625 363.5 648.1978086133169 637.326809779493 0.0 1.0
526.675 -523.5 331.475 359.0 663.3337713551542 634.771200140875 0.0 1.0
456.2416666666667 -522.5 322.775 357.5 653.2877589444247 633.101419638514 0.0 1.0
385.8083333333333 -521.0 314.075 356.5 643.241746533695 631.2978585661799 0.0 1.0
315.375 -520.0 305.375 356.5 633.1957341229656 630.4728255410596 0.0 1.0
244.94166666666663 -516.0 296.675 357.0 623.149721712236 627.4621278238264 0.0 1.0
174.50833333333333 -501.5 287.975 352.5 613.1037093015063 612.9938969237323 0.0 1.0
104.07499999999996 -475.5 279.275 335.5 603.0576968907769 581.9455155702204 0.0 1.0
33.64166666666665 -442.15 270.575 332.5 593.0116844800473 553.9045051120435 0.0 1.0
-36.79166666666674 -398.35 261.875 328.5 582.9656720693177 517.0612157021815 0.0 1.0
-107.22500000000002 -365.5 253.175 326.5 572.9196596585882 490.0949460879664 0.0 1.0
-177.65833333333336 -310.75 244.47500000000002 340.25 562.8736472478586 463.4086662855234 0.0 1.0
-248.0916666666667 -173.0 235.775 361.0 552.8276348371292 407.93662513403217 0.0 0.0
-318.5250000000001 70.34375 227.075 170.625 542.7816224263995 201.18258699378276 0.0 0.0
-388.95833333333337 221.71875 218.375 189.125 532.7356100156699 329.3066979299696 0.0 0.0
-459.3916666666667 373.09375 209.675 207.625 522.6895976049404 457.4308088661563 0.0 0.0
-443.0 524.46875 242.0 226.125 504.80553509290473 585.5549198023432 0.0 0.0
-471.5 628.5 244.0 242.5 531.0623547865918 673.6850836371166 0.0 0.0
-477.5 586.0 243.5 226.5 536.1164764031413 628.2875214170354 0.0 0.0
-697.5 594.0 302.5 236.5 760.2814039162015 639.365075866288 0.0 0.0
-725.0 526.5 252.0 254.0 769.7360544647111 584.5668813739462 0.0 0.0
-712.0 550.0 265.5 253.5 762.8920163141856 605.6096252106706 0.0 0.0
-623.5 521.0 317.5 248.0 699.7317930643728 577.0220508457016 0.0 0.0
-583.5 524.0 300.0 260.5 656.1044436121995 585.1901107688769 0.0 0.0
-440.25 534.5 267.66666666666663 270.5 556.1930652122202 599.049706597081 0.0 0.0
-179.25 562.5 262.33333333333337 278.0 490.4937588941998 627.4477767835773 0.0 0.0
81.75 587.5 257.0 288.0 424.7944525761794 654.2955795005996 0.0 0.0
375.5 593.5 304.5 298.0 483.9601932047153 664.1131676876579 0.0 0.0
550.0 582.5 266.75 299.0 614.8925659766899 654.7577686206366 0.0 0.0
434.5 554.0 251.25 299.5 503.917585462273 629.778771262052 0.0 0.0
470.0 522.5 358.5 292.0 591.1196224510278 598.5578723419737 0.0 0.0
427.0 519.5 313.0 295.0 530.7790666692465 597.4168755258363 0.0 0.0
503.5 509.5 330.5 296.0 603.8246827965921 589.2423759226328 0.0 0.0
545.0 501.0 306.5 294.5 625.2744257256519 581.147252830501 0.0 0.0
516.0 487.5 332.0 295.0 614.9920674627423 569.8084057435334 0.0 0.0
515.5 475.0 336.5 296.0 615.8591505723687 559.6793953436218 0.0 0.0
566.0 467.5 391.5 301.5 688.3664341107722 556.2902064092475 0.0 0.0
546.5 471.5 363.0 305.0 656.0885699684583 561.5489738215181 0.0 0.0
543.0 480.0 333.5 307.0 637.4470933916068 569.7798629201777 0.0 0.0
550.0 487.0 373.0 306.5 664.7262939075729 575.4253464563998 0.0 0.0
530.0 503.5 388.5 308.5 657.1625714784982 590.5030901572843 0.0 0.0
511.5 512.5 312.5 313.5 599.4246104360936 600.7816798814486 0.0 0.0
508.0 501.0 335.0 298.5 608.514370967859 583.2818325667273 0.0 0.0
493.5 487.0 328.5 280.0 592.8383149004528 561.7553726654194 0.0 0.0
494.5 482.0 342.5 284.0 601.5286317661097 559.4462122723507 0.0 0.0
496.5 474.0 346.0 285.5 605.1692032008141 553.3413127234026 0.0 0.0
518.5 464.5 340.0 285.0 620.2091136543112 544.964197449922 0.0 0.0
577.625 459.5 280.875 287.5 649.7058038368625 542.0306436560988 0.0 0.0
699.6666666666667 461.5 178.91666666666669 288.5 724.922502801259 544.265204283648 0.0 0.0
454.3333333333333 466.5 210.58333333333331 286.0 504.70995142521355 547.1923708411961 0.0 0.0
656.875 468.0 174.375 286.5 686.0191782434661 548.7323115606732 0.0 0.0
446.375 471.5 229.875 284.5 520.3866273904443 550.6856050446809 0.0 0.0
366.0 480.0 305.5 283.5 477.3446475311714 557.4700278046505 0.0 0.0
472.5 485.0 381.0 286.5 606.9820972477619 563.3079678810439 0.0 0.0
390.0 485.5 280.5 298.5 481.02047622596046 569.9233348965993 0.0 0.0
200.0 470.5 73.0 304.5 217.08966060891137 560.4380630056603 0.0 0.0
164.0 425.1666666666667 18.0 321.66666666666663 164.99110143446563 542.4485301667911 0.0 0.0
165.0 364.05555555555554 28.0 343.2222222222222 167.4073443658044 517.1783718395059 0.0 0.0
154.5 302.94444444444446 25.5 364.7777777777778 156.61968061394577 491.90821351222064 0.0 0.0
0.0 241.83333333333331 109.5 386.33333333333337 109.5 466.63805518493535 0.0 0.0
-53.5 138.5 139.0 394.0 149.9840146951856 420.8016289092498 0.0 0.0
1.0 -26.8125 130.5 372.0 134.24793119731495 429.7606727628705 0.0 0.0
50.5 -170.5625 64.5 354.0 82.62968373543043 477.55114127466027 0.0 0.0
57.5 -314.3125 69.5 336.0 92.24816382219163 525.34160978645 0.0 0.0
-1.0357142857142856 -458.0625 100.60714285714286 318.0 113.81700455170275 573.1320782982398 0.0 0.0
-21.17857142857143 -546.5 45.035714285714285 332.0 110.80563199344783 639.4466677749942 0.0 1.0
-41.32142857142857 -519.5 -10.535714285714278 319.0 107.79425943519291 609.6417117714282 0.0 1.0
-61.464285714285715 -534.5 -66.10714285714286 338.5 104.782886876938 632.6710665384339 0.0 1.0
62.5 -539.0 7.5 356.0 66.71226203175894 645.9846487725686 0.0 1.0
-24.0 -530.5 80.0 384.5 83.98902658370572 655.1968990431216 0.0 1.0
0.0 -520.0 107.0 396.0 107.01059701552256 653.6326430976244 0.0 1.0
-10.0 -522.5 74.5 392.0 75.16849541363241 653.2064467293317 0.0 1.0
89.0 -516.0 18.0 381.5 90.8020364552581 641.7172805177161 0.0 1.0
34.5 -512.5 77.5 360.5 84.96934300660013 626.5920200868161 0.0 1.0
50.0 -516.5 60.5 351.0 78.49988604294731 624.4785192619659 0.0 1.0
51.0 -523.0 23.5 357.0 60.02886444519157 633.2292407889295 0.0 1.0
-85.91666666666667 -527.5 86.08333333333333 367.0 203.66645253882834 642.6084158858004 0.0 1.0
-275.1388888888889 -524.5 197.52777777777777 376.0 400.4806881970201 645.3514789430136 0.0 1.0
-464.36111111111114 -517.5 308.9722222222222 390.0 597.2949238552118 648.0523099066313 0.0 1.0
-653.5833333333334 -515.5 420.41666666666663 410.0 794.1091595134035 658.6795128895351 0.0 1.0
-601.0 -520.5 330.5 412.5 688.7424839753577 664.1360203725623 0.0 1.0
-621.75 -515.5 254.5 410.5 664.6823000572974 658.976932078928 0.0 1.0
-762.3125 -498.5 450.125 405.0 888.3065571265226 642.2855578141596 0.0 1.0
-665.5625 -487.0 284.625 398.5 731.7521991288777 629.262631265196 0.0 1.0
-594.0 -486.0 159.5 393.5 615.0428854328878 625.3308292239071 0.0 1.0
-596.5 -492.0 161.5 387.0 617.976320683697 625.9658161244064 0.0 1.0
-596.0 -489.5 162.5 382.5 617.7571260950692 621.2222797734028 0.0 1.0
-654.0 -484.5 372.0 380.5 753.3742736685326 616.05489019651 0.0 1.0
-791.5 -488.0 298.0 381.5 850.1984641777503 619.4246468897168 0.0 1.0
-611.0 -500.5 290.5 384.5 676.5860331631277 631.1424852972494 0.0 1.0
-717.0 -506.5 341.5 382.5 794.1745037500245 634.7050378776469 0.0 1.0
-718.5 -486.5 343.5 369.0 796.388538020422 610.6118599325748 0.0 1.0
-715.0 -481.0 347.5 366.0 794.9727646745537 604.4155912004726 0.0 1.0
-657.0 -480.5 331.0 363.5 735.704255003973 602.5095988384867 0.0 1.0
-596.0 -487.5 301.0 363.5 667.6958685797458 608.1024081346986 1.0 1.0
-584.0 -490.0 285.0 363.0 649.831517429215 609.8106328914128 1.0 1.0
-570.5 -486.0 273.0 364.0 632.4552137316095 607.2001317522913 1.0 1.0
-553.0 -478.0 271.0 366.0 615.8333484474705 602.0302065474873 1.0 1.0
-538.5 -487.0 270.5 375.5 602.6273569729422 614.9547139323224 1.0 1.0
-623.5 -507.5 248.0 388.0 672.9863219137998 638.8277397787439 1.0 1.0
-581.0 -514.0 251.0 390.0 632.9618001221645 645.2108225663401 1.0 1.0
-583.0 -509.0 240.5 391.5 630.6584690417795 642.1474963547735 1.0 1.0
-669.0 -501.0 213.5 395.0 704.366227606877 637.9861379750168 1.0 1.0
-664.5 -501.5 161.5 397.0 683.8440875349658 639.6180500892701 0.0 1.0
-664.5 -508.5 168.0 397.5 685.408613390103 645.4290473601421 0.0 1.0
-663.0 -515.25 171.5 399.5 684.8223282173981 651.9838057351305 0.0 1.0
-661.5 -511.25 182.5 399.75 686.2368393777526 648.9849458377694 0.0 1.0
-646.5 -508.5 186.25 400.25 672.795309493079 647.1285417474413 0.0 1.0
-644.5 -507.5 191.0 397.75 672.2110506828445 644.7996702692533 0.0 1.0
-665.25 -512.0 198.5 395.25 694.2334061071109 646.8146850795331 0.0 1.0
-666.0 -480.75 198.25 397.0 694.8808491256254 623.4839476772321 0.0 1.0
-666.5 -479.0 199.0 396.75 695.5741506171994 621.9749862679921 0.0 1.0
-666.0 -476.0 196.5 396.75 694.383637270453 619.667141101508 0.0 1.0
-618.5 -475.5 231.0 397.5 662.2462364644346 619.7632612538436 0.0 1.0
-454.0 -476.5 242.75 398.5 514.8628702312953 621.1723500291205 0.0 1.0
-357.125 -476.0 230.375 400.0 502.89244302107477 621.7527613647133 0.0 1.0
-220.625 -475.25 219.54166666666669 407.25 483.13717366706345 625.8886746606202 0.0 1.0
-84.125 -477.25 208.70833333333331 426.0 463.38190431305213 639.7649081402938 0.0 1.0
52.375 -481.5 197.875 454.75 443.62663495904076 662.3761937287179 0.0 1.0
188.875 -487.5 187.04166666666666 482.75 423.8713656050295 686.0981298369787 0.0 1.0
325.375 -492.25 176.20833333333331 497.0 404.1160962510181 699.5139852072548 0.0 1.0
376.75 -475.5 229.75 468.5 441.29248506599436 667.6153047556711 0.0 1.0
322.75 -464.875 226.5 420.625 395.5933116368039 627.5734503696407 0.0 0.0
264.25 -470.04166666666663 231.25 396.125 351.197199652426 615.5564404218455 0.0 0.0
252.5 -475.20833333333337 258.25 371.625 361.3759085494373 603.5394304740505 0.0 0.0
262.5 -489.0 239.0 348.25 355.00317364730853 600.3597727635022 0.0 1.0
260.75 -499.5 236.5 353.5 352.0271872313608 611.9412410691548 0.0 1.0
247.625 -500.25 258.625 371.25 358.07406222967063 622.9579751318454 0.0 1.0
236.0 -494.0 237.75 385.25 334.99416938081345 626.4876598591409 0.0 1.0
285.0 -492.75 250.0 400.5 379.8703117903328 634.9859942135076 0.0 1.0
281.5 -489.5 289.0 408.0 404.3957646665164 637.2398762910857 0.0 1.0
291.5 -489.0 211.5 409.5 360.14586560996577 637.8187344813368 0.0 1.0
290.5 -489.0 210.5 403.5 358.7486391228849 633.9821754054472 0.0 1.0
289.25 -488.5 209.0 391.0 356.8567821494805 625.7103182609203 0.0 1.0
197.0 -487.5 157.0 384.5 252.0178913713671 620.8837686101315 0.0 1.0
195.0 -487.0 156.0 388.0 250.10408493665895 622.6661649136198 0.0 1.0
187.0 -484.0 118.0 389.5 222.4704871439084 621.2623092820894 0.0 1.0
157.0 -482.0 168.5 386.0 232.50051654684285 617.5111335028705 0.0 1.0
165.5 -480.0 165.0 380.5 233.72586950345544 612.5200928177393 0.0 1.0
137.5 -479.0 119.0 388.0 181.99520792768112 616.4322946392554 0.0 1.0
61.0 -477.0 83.0 381.0 103.0066378044772 610.4858379017044 0.0 1.0
-85.57142857142856 -474.5 107.35714285714286 380.5 188.72677561295194 608.2196220356234 0.0 1.0
-254.99999999999997 -475.0 176.5 382.0 347.9623802301751 609.5482738768785 0.0 1.0
-424.4285714285714 -476.0 245.64285714285714 383.5 507.1979848473982 611.2678205197099 0.0 1.0
-563.0 -482.0 305.5 402.0 640.547924433342 627.6603990270988 0.0 1.0
-664.5 -490.5 305.5 413.0 732.5615145186566 641.2170603165384 0.0 1.0
-547.0 -492.0 288.5 414.0 619.1429956559095 643.008634184031 0.0 1.0
-593.0 -495.0 258.5 415.0 647.01408505976 645.9489942639199 0.0 1.0
-583.0 -496.5 311.5 416.0 661.0001918774525 647.740881834704 0.0 1.0
-577.0 -497.0 306.5 416.0 653.353978645051 648.1242164894011 1.0 1.0
-571.5 -498.5 304.0 414.0 647.3242110641372 647.9956774191364 1.0 1.0
-583.5 -500.0 323.0 410.5 670.2361849989331 646.9236817430631 1.0 1.0
-631.0 -501.5 434.9 409.0 773.385227127576 647.1346459586289 0.0 1.0
-617.0 -486.0 372.5 370.5 754.2668224460233 611.1202486648342 0.0 0.0
-603.0 -488.5 310.1 376.0 735.1484177644707 616.4482192297512 0.0 1.0
-582.0 -488.5 354.5 381.5 682.78443582549 619.8181948854583 0.0 1.0
-539.5 -488.0 294.5 385.5 614.6532060579093 621.8956906105718 1.0 1.0
-604.0 -486.5 339.0 380.5 692.6524717790481 617.6265112216071 1.0 1.0
-688.0 -485.5 511.5 375.5 857.3109686930734 613.7678648886495 0.0 1.0
-656.375 -483.5 465.125 371.0 805.4730279095108 609.4369062067391 0.0 1.0
-563.5 -483.0 312.0 374.5 644.149581809359 611.1785745590237 1.0 1.0
-555.0 -483.0 307.0 378.5 634.2519115719881 613.6377188537224 1.0 1.0
-551.0 -483.0 313.0 377.5 633.6955383022113 613.021410719071 1.0 1.0
-582.5 -482.5 322.0 373.0 665.5787234980011 609.8649440654873 1.0 1.0
-588.0 -483.5 288.0 373.0 655.3252761286944 610.6564158231629 1.0 1.0
-587.1944444444445 -483.0 252.625 378.0 639.6909482528888 613.3295647863968 1.0 1.0
-586.7870370370371 -482.5 246.79166666666669 383.0 637.608378940449 616.0318632359806 0.0 1.0
-586.3796296296297 -483.0 240.95833333333331 386.0 635.5258096280093 618.2921255864928 0.0 1.0
-585.9722222222222 -483.5 235.125 385.0 633.4432403155694 618.0592609127381 0.0 1.0
-585.5648148148148 -483.5 229.29166666666669 382.5 631.3606710031295 616.5054689864564 0.0 1.0
-585.1574074074074 -484.0 223.45833333333334 383.0 629.2781016906897 617.207820191443 0.0 1.0
-584.75 -485.5 217.625 387.5 627.1955323782498 621.1819329130949 0.0 1.0
-584.3425925925926 -484.5 211.79166666666669 392.5 625.1129630658099 623.535484154671 0.0 1.0
-583.9351851851852 -486.0 205.95833333333334 399.5 623.0303937533702 629.1233980706805 0.0 1.0
-583.5277777777778 -487.0 200.125 401.5 620.9478244409303 631.1666965522714 0.0 1.0
-583.1203703703703 -488.5 194.29166666666669 398.0 618.8652551284904 630.108244874256 0.0 1.0
-582.7129629629629 -489.0 188.45833333333334 396.5 616.7826858160506 629.5500377253583 0.0 1.0
-582.3055555555555 -488.5 182.625 399.5 614.7001165036108 631.056732943181 0.0 1.0
-581.8981481481482 -488.0 176.79166666666669 403.5 612.617547191171 633.2115317496306 0.0 1.0
-581.4907407407408 -487.5 170.95833333333334 402.5 610.5349778787311 632.1903793385023 0.0 1.0
-581.0833333333334 -486.5 165.125 403.5 608.4524085662913 632.0558900236771 0.0 1.0
-580.6759259259259 -487.0 159.29166666666669 404.5 606.3698392538514 633.0791848146127 0.0 1.0
-580.2685185185185 -486.5 153.45833333333334 402.5 604.2872699414115 631.4179664952949 0.0 1.0
-579.8611111111111 -487.0 147.625 398.0 602.2047006289718 628.9460627824658 0.0 1.0
-579.4537037037037 -487.5 141.79166666666669 392.0 600.1221313165319 625.5564381570049 0.0 1.0
-579.0462962962963 -489.5 135.95833333333334 388.5 598.039562004092 624.9343913323935 0.0 1.0
-578.6388888888889 -490.0 130.125 389.5 595.9569926916522 625.9478760690881 0.0 1.0
-578.2314814814815 -490.0 124.29166666666667 394.0 593.8744233792124 628.7575049253885 0.0 1.0
-577.8240740740741 -489.0 118.45833333333334 399.0 591.7918540667725 631.1275664109696 0.0 1.0
-577.4166666666666 -498.5 112.62500000000001 417.0 589.7092847543327 649.9163543195705 0.0 1.0
-577.0092592592592 -502.0 106.79166666666667 429.0 587.6267154418929 660.337178689381 0.0 1.0
-576.6018518518518 -505.5 100.95833333333334 444.5 585.544146129453 673.134832001014 0.0 1.0
-603.0 -509.0 367.0 463.5 705.9375681439867 688.4135756157813 0.0 1.0
-601.75 -517.0 328.5 489.0 685.9922844418081 711.6252329625721 0.0 1.0
-594.5 -522.0403225806451 376.5 480.5322580645161 703.6964144888639 710.7150352328488 0.0 1.0
-720.75 -527.4274193548388 313.75 469.241935483871 786.4158233289712 708.5327635960257 0.0 1.0
-625.5 -532.8145161290322 340.0 457.9516129032258 712.31699178737 706.3504919592026 0.0 1.0
-682.0 -538.2016129032259 348.5 446.6612903225806 767.0020037014865 704.1682203223795 1.0 1.0
-618.5 -543.5887096774193 420.0 435.3709677419355 747.6244161499767 701.9859486855564 1.0 1.0
-619.0 -548.9758064516129 360.0 424.0806451612903 716.0748445671993 699.8036770487333 1.0 1.0
-584.0 -554.3629032258065 294.0 412.7903225806452 653.8332752365014 697.6214054119102 0.0 0.0
-605.5 -559.75 347.0 401.5 697.8842792687185 695.4391337750872 0.0 0.0
-582.5 -565.1370967741935 325.5 390.2096774193548 667.2788741804009 693.2568621382641 1.0 0.0
-599.0 -570.5241935483871 341.0 378.9193548387097 689.2676151092472 691.074590501441 1.0 0.0
-614.0 -575.9112903225806 350.5 367.6290322580645 707.0015750460664 688.8923188646179 1.0 0.0
-601.5 -581.2983870967741 389.0 356.33870967741933 716.32623294188 686.7100472277948 0.0 1.0
-581.5 -586.6854838709678 307.0 345.0483870967742 657.6536674087745 684.5277755909717 1.0 1.0
-586.0 -592.0725806451612 284.5 333.758064516129 651.4164513777475 682.3455039541486 1.0 1.0
-588.0 -597.4596774193549 276.0 322.46774193548384 649.5550548523536 680.1632323173255 1.0 1.0
-588.5 -591.5 233.5 321.5 634.1787320845447 673.3228585291763 1.0 1.0
-586.0 -538.5 270.5 318.0 645.4195969191583 625.4044665961351 1.0 1.0
-586.0 -500.5 268.0 323.5 644.3766355903808 595.9577859710843 1.0 1.0
-567.0 -483.0 258.5 326.0 623.1519759905125 582.7582713771225 1.0 1.0
-539.9285714285714 -478.0 252.14285714285714 332.0 595.9276918021875 582.0057874868401 0.0 1.0
-528.5 -480.5 251.0 344.5 585.114670941374 591.239881574031 0.0 1.0
-517.0714285714286 -495.5 249.85714285714286 363.0 574.3016500805604 614.3006905584231 0.0 1.0
-562.0 -508.5 263.0 382.0 620.5752934376646 636.000196543887 0.0 1.0
-546.5 -508.0 275.0 380.0 612.0988178173561 634.40206265025 1.0 1.0
-566.0 -512.5 247.0 387.0 618.2949978201617 642.2034632338308 1.0 1.0
-579.5 -512.5 285.0 389.5 645.7904072174663 643.7143493428879 1.0 1.0
-603.5 -513.0 300.5 401.0 674.1850866138573 651.1306273494183 1.0 1.0
-604.0 -513.5 315.0 408.5 681.2061260531013 656.1675685056161 1.0 1.0
-600.0 -503.5 320.0 410.0 680.0000407083407 649.3218423533104 1.0 1.0
-589.5 -498.5 321.5 408.0 671.4717710834506 644.1787445533209 1.0 1.0
-602.5 -496.0 335.0 406.0 689.3701988355242 640.9775956053994 1.0 1.0
-602.0 -493.5 338.5 405.5 690.6422216637825 638.7273289602207 1.0 1.0
-566.0 -493.0 338.5 405.0 659.8269075708251 638.0235589023256 1.0 1.0
-481.2352941176471 -495.5 333.9779411764706 405.5 625.4232230803784 640.273816974253 0.0 1.0
-418.88235294117646 -500.5 325.9485294117647 409.5 621.987520520883 646.6766650799582 0.0 1.0
-356.52941176470586 -505.0 317.91911764705884 414.5 618.5518179613875 653.3263114159768 0.0 1.0
-294.1764705882353 -504.5 309.8897058823529 413.5 615.1161154018921 652.3064918613588 0.0 1.0
-231.82352941176472 -504.5 301.8602941176471 411.5 611.6804128423967 651.0399334131395 0.0 1.0
-169.47058823529412 -507.0 293.83088235294116 412.0 608.2447102829012 653.2944223555132 0.0 1.0
-107.11764705882354 -506.0 285.8014705882353 412.0 604.8090077234058 652.5181989799212 0.0 1.0
-44.764705882352956 -522.5 277.7720588235294 412.0 601.3733051639103 665.5044023382618 0.0 1.0
17.588235294117624 -561.5 269.74264705882354 413.5 597.9376026044149 697.3271209696991 0.0 1.0
79.94117647058823 -555.5 261.7132352941177 406.5 594.5019000449196 688.3476677622921 0.0 1.0
142.29411764705884 -553.0 253.68382352941177 399.0 591.0661974854241 681.9164799226699 0.0 1.0
204.6470588235294 -552.0 245.65441176470588 392.0 587.6304949259287 677.0288648280948 0.0 1.0
267.0 -535.5 237.625 382.5 584.1947923664333 658.1311321735726 0.0 1.0
329.35294117647055 -506.0 229.59558823529414 367.0 580.7590898069378 625.0799948806552 0.0 1.0
391.70588235294116 -507.0 221.56617647058823 363.5 577.3233872474424 623.8440631453389 0.0 1.0
454.05882352941177 -507.5 213.53676470588238 365.0 573.887684687947 625.1259619698794 0.0 1.0
516.4117647058823 -506.5 205.50735294117646 368.0 570.4519821284515 626.072211190732 0.0 1.0
482.0 -506.5 194.5 375.5 519.7844025621341 630.5108658648287 0.0 1.0
476.0 -506.5 194.5 385.5 514.2112239809671 636.5164045017227 0.0 1.0
478.5 -509.0 155.0625 401.0 505.0339344836375 647.9876180152273 0.0 1.0
490.5 -521.0 109.8125 452.0 503.5940196798847 689.7434060887608 0.0 0.0
550.0 -521.0 219.0 462.5 592.3417730220308 696.6686802203757 0.0 1.0
473.5 -523.0 243.0 472.5 533.4309677817167 704.8299440290544 0.0 1.0
412.5 -524.5 361.5 480.5 548.5384443476155 711.3230630311377 0.0 1.0
476.5 -525.0 327.0 483.0 577.9521711325988 713.3824651580258 0.0 1.0
491.5 -524.5 348.5 476.5 602.684000406991 708.6296099035233 0.0 1.0
469.0 -532.5 310.0 460.0 562.1932396045897 703.7367593748877 0.0 1.0
567.0 -568.5 278.0 429.0 631.4849179108719 712.2036691682562 0.0 1.0
570.5 -564.5 280.0 419.5 635.5080262825848 703.3069529196781 0.0 1.0
504.0 -564.0 347.5 408.5 612.8857559143948 696.3992459869398 0.0 1.0
562.0 -562.5 289.5 397.5 632.1821617088829 688.7838348952866 0.0 1.0
505.0 -540.45 289.5 277.25 582.1001183193817 607.557632748508 0.0 0.0
576.0 -520.25 297.0 248.25 648.0625202371825 576.8598836010808 0.0 0.0
585.5 -500.05 297.0 219.25 656.5207147051763 546.1621344536537 0.0 0.0
550.5 -462.0 294.0 347.0 624.2464562245168 578.5999189784677 0.0 0.0
597.0 -509.0 306.0 429.0 670.8539721987352 665.6771951890295 0.0 0.0
595.0 -507.0 308.5 436.5 670.221837000443 669.0161917057935 0.0 1.0
544.5 -510.5 295.5 440.0 619.6474046123876 673.9520938858634 0.0 1.0
596.0 -512.5 370.0 437.0 705.1797869368751 673.5171528966794 0.0 1.0
581.5 -514.5 435.0 434.5 726.2392855757757 673.4248261475761 0.0 1.0
617.0 -514.0 355.0 430.0 714.7971495065153 670.1472402702066 0.0 1.0
618.5 -513.5 347.5 423.0 712.0648007088444 665.2903536247177 0.0 1.0
611.5 -515.0 399.5 416.5 730.4724123071992 662.3427017599395 0.0 1.0
618.0 -514.5 335.0 408.5 703.8637178020429 656.9493941763037 0.0 1.0
609.0 -547.5 290.5 396.0 674.7379533599292 676.1578572895007 0.0 1.0
547.5 -569.0 282.5 390.5 616.2523607629428 690.1152933051812 0.0 1.0
534.0 -565.5 330.0 393.0 628.0914752011983 688.6504327891489 0.0 1.0
531.0 -563.5 300.5 396.0 610.1345930072812 688.7294461542936 0.0 1.0
519.0 -562.0 295.5 399.5 597.2287913863306 689.5247755363011 0.0 1.0
515.5 -560.5 295.0 404.5 593.95863257514 691.2175617618831 0.0 1.0
529.5 -540.0 310.0 412.5 613.5725999884185 679.732271895794 0.0 1.0
520.5 -506.5 308.5 410.0 605.0565612682578 651.6465958882011 0.0 1.0
535.0 -505.0 315.5 409.5 621.1346742850981 650.1656321080877 0.0 1.0
567.5 -505.5 364.0 406.5 674.226079301317 648.6697927297062 0.0 1.0
542.0 -506.0 336.5 405.5 638.0673162773729 648.4336943785339 0.0 1.0
550.5 -508.5 303.5 417.0 629.2778861926176 657.6183147609554 0.0 1.0
564.5 -508.5 339.5 415.5 658.7445290737054 656.667724195426 0.0 1.0
540.0 -507.5 331.5 413.0 633.7295086846789 654.3128074552722 0.0 1.0
500.0 -507.5 324.0 413.5 595.856993515393 654.6286353748401 0.0 1.0
495.0 -507.0 304.5 416.0 581.3493208956761 655.824023203362 0.0 1.0
466.5 -505.5 263.5 420.5 535.7757216572971 657.5337616856308 0.0 1.0
530.0 -505.5 253.5 425.5 587.6665653194636 660.7424962304555 0.0 1.0
529.5 -506.0 283.5 430.5 600.8200055937511 664.3541186932737 0.0 1.0
517.5 -506.5 310.5 434.5 604.8609298376261 667.3324838618943 0.0 1.0
471.0 -506.5 309.5 436.5 563.6077678183035 668.636298745439 0.0 1.0
475.5 -565.0 314.5 421.5 570.1356624062246 704.9192286937647 0.0 0.0
522.0 -558.5 306.5 419.5 605.74886914227 698.5005297778798 0.0 1.0
539.0 -559.0 304.5 414.5 619.1591435256163 695.9104908739603 0.0 1.0
562.0 -559.0 316.0 410.5 644.7480822817578 693.535444238538 0.0 1.0
556.5 -558.5 314.0 407.0 638.9769994873402 691.0654189624479 0.0 1.0
556.0 -558.5 322.5 405.5 642.8516441026813 690.1830092783714 0.0 1.0
543.5 -557.5 393.5 405.0 671.3436004164093 689.0800652751882 0.0 1.0
625.5 -543.5 374.5 408.5 731.8004961531058 679.9641151844693 0.0 1.0
553.5 -493.0 440.5 392.0 707.394942545627 629.8515749194081 0.0 0.0
580.0 -495.0 407.5 393.5 708.8767124445234 632.350575234972 0.0 1.0
546.0 -495.5 372.5 395.5 661.0597610190853 633.9878526365563 0.0 1.0
571.5 -497.0 310.0 396.5 650.7166328005861 635.7840850229559 0.0 1.0
607.0 -497.5 317.0 397.0 684.7904814597536 636.4866455786798 0.0 1.0
612.5 -504.0 329.0 409.0 695.267819786495 649.1111092844811 0.0 1.0
535.5 -509.5 383.625 421.0 660.7052757078376 660.9322193420528 0.0 1.0
634.5 -509.5 393.5 419.5 748.378961945302 659.9776511367638 0.0 1.0
614.5 -508.5 314.0 417.0 690.0778783093831 657.6179365884982 0.0 1.0
547.5 -507.5 394.5 413.5 676.0105960087276 654.6285206130268 0.0 1.0
563.0 -506.5 427.5 414.5 707.7678738955726 654.4864398900867 0.0 1.0
554.0 -506.0 437.5 417.0 705.9199442012155 655.6866629724902 0.0 1.0
553.0 -505.0 353.5 419.0 656.3318550527 656.1908988288827 0.0 1.0
544.0 -504.5 323.0 423.0 632.7881359552714 658.3687392330926 0.0 1.0
532.4166666666667 -498.0 317.91666666666663 416.0 620.9144780521959 648.9008448912799 0.0 1.0
520.3055555555557 -490.5 332.4722222222222 400.5 618.8379329012771 633.2382253129642 0.0 1.0
508.19444444444446 -490.5 347.0277777777778 399.0 616.7613877503583 632.2905981014255 0.0 1.0
496.0833333333333 -491.0 361.58333333333337 396.5 614.6848425994394 631.1047852773737 0.0 1.0
540.5 -491.0 440.0 392.5 697.2017366511462 628.5995565779137 0.0 1.0
564.0 -490.5 440.5 389.0 715.7052884450839 626.0282768952563 0.0 1.0
555.5 -499.0 337.0 398.5 650.1193657942315 638.5951359656407 0.0 1.0
546.75 -502.0 316.83333333333337 403.5 632.2998889438636 644.0623074263273 0.0 1.0
534.4166666666667 -503.0 324.6111111111111 405.0 625.940980817388 645.7816968604793 0.0 1.0
522.0833333333333 -502.0 332.3888888888889 406.0 619.5820726909124 645.631473830079 0.0 1.0
509.75 -501.5 340.16666666666663 407.5 613.2231645644367 646.1876662394602 0.0 1.0
513.5 -502.5 353.5 413.0 623.4147303777397 650.4433817653444 0.0 1.0
588.5 -502.5 380.5 417.0 700.8589696747028 652.9899250285569 0.0 1.0
545.0 -503.5 444.0 420.0 703.1395033068156 655.6770526874967 0.0 1.0
539.0 -504.5 400.5 420.0 671.509431248807 656.4452739268622 0.0 1.0
522.0 -505.0 399.0 421.5 657.0883483320804 657.7897820349106 0.0 1.0
525.5 -533.5 411.25 410.5 667.2921093195037 673.6690649252669 0.0 1.0
530.0 -573.0 409.0 399.0 669.470707518223 698.2340114395142 0.0 1.0
514.5 -569.5 394.0 399.0 648.0670342626506 695.3641132529058 0.0 1.0
521.5 -569.5 363.0 401.0 635.5212639133985 696.5136394931545 0.0 1.0
517.0 -569.5 346.5 401.5 622.3756281465178 696.8016812571852 0.0 1.0
509.85 -564.5 259.85 404.0 572.3505635228873 694.1744712548775 0.0 1.0
483.25 -562.5 231.25 405.0 536.0314241539045 693.1314810337213 0.0 1.0
456.65 -562.0 202.65 405.5 499.71228478492174 693.0182794067421 0.0 1.0
507.5 -560.5 290.0 405.5 584.8815806959556 691.80241824744 0.0 1.0
525.0 -549.5 317.0 372.0 613.281838868466 663.881253384461 0.0 1.0
520.0 -532.75 307.5 333.125 604.1179886050089 628.3526450388325 0.0 0.0
528.0 -519.75 313.5 319.95833333333337 614.0591479530533 610.3729697201661 0.0 0.0
484.0 -506.75 296.0 306.79166666666663 567.3406610188229 592.3932944014996 0.0 0.0
491.0 -455.0 410.0 433.5 640.317754634549 631.4393763208712 0.0 0.0
513.0 -512.0 355.0 420.0 624.4303082603017 662.2270834070366 0.0 1.0
527.0 -508.5 386.0 419.0 655.0084310318098 658.890329896187 0.0 1.0
533.5 -503.5 326.0 422.5 625.2186498717729 657.2812538801261 0.0 1.0
538.5 -502.5 332.0 423.0 632.6185970676331 656.8373875491965 0.0 1.0
544.5 -498.5 337.0 425.5 640.3509839777886 655.4026284441256 0.0 1.0
496.0 -498.5 296.5 434.0 577.8654807450293 660.9526399144816 0.0 1.0
530.0357142857142 -506.0 302.4642857142857 439.0 610.7671481350172 669.9124232333102 0.0 1.0
512.75 -511.5 273.75 439.0 582.0337893140538 674.0573833446401 0.0 1.0
495.4642857142857 -499.5 245.03571428571428 436.5 553.3004304930904 663.3495370082046 0.0 1.0
477.5 -499.0 242.0 429.5 535.6512702311114 658.3854162960465 0.0 1.0
500.0 -511.0 369.0 419.0 621.8671797230652 660.9654444861304 0.0 1.0
491.5 -561.5 332.0 402.5 593.1245500914633 690.861677710751 0.0 0.0
432.5 -559.0 384.0 408.0 583.4165604211983 692.0585235368466 0.0 1.0
489.0 -560.5 332.5 412.125 591.3352010855035 695.7077321635379 0.0 1.0
488.5 -560.25 333.5 414.75 591.4850531082343 697.0650831404716 0.0 1.0
480.75 -559.0 334.5 416.25 585.699279143778 696.9543110110773 0.0 1.0
483.0 -559.25 334.5 415.5 587.519595466088 696.7074276244488 0.0 1.0
473.75 -559.75 332.75 414.0 578.9319465189019 696.2160451797465 0.0 1.0
478.0 -561.5 334.0 413.5 583.1299038419797 697.32668097528 0.0 1.0
479.75 -562.25 333.75 411.5 584.4220468981398 696.7487888659816 0.0 1.0
475.5 -564.75 336.5 405.25 582.5281928481954 695.104693607916 0.0 1.0
476.5 -564.0 340.0 405.0 585.365705420066 694.3495308974473 0.0 1.0
476.25 -562.5 339.25 401.75 584.7282198936914 691.2376599919826 0.0 1.0
453.5 -562.0 326.0 399.5 558.5379010643444 689.5255401107831 0.0 1.0
572.75 -563.0 321.75 398.0 657.0721586947236 689.4733393557074 0.0 1.0
579.0 -564.75 283.0 398.0 645.0848769248832 690.902766357757 0.0 1.0
573.75 -564.75 249.75 398.0 625.7531700430673 690.902766357757 0.0 1.0
573.0 -563.25 250.0 397.75 625.1640741675749 689.5329915235923 0.0 1.0
497.5 -547.65625 202.25 357.875 537.1751723548948 654.4471126991812 0.0 1.0
503.75 -534.28125 200.75 329.375 542.2775500591968 628.5230223901223 0.0 0.0
509.0 -520.90625 200.25 300.875 546.9762923216167 602.5989320810634 0.0 0.0
513.25 -507.53125 202.25 272.375 551.66225918094 576.6748417720045 0.0 0.0
513.5 -500.0 191.5 318.75 548.146144749014 595.5892691833399 0.0 0.0
455.8 -501.5 129.8 407.25 474.3865288980114 646.193946306999 0.0 0.0
507.0 -521.5 177.0 406.25 538.1474880445153 661.0919749270606 0.0 1.0
558.2 -519.25 224.2 411.25 601.908447191019 662.3812992182477 0.0 1.0
580.25 -514.5 271.0 415.25 640.4147677869682 661.1677750592572 0.0 1.0
603.25 -514.75 278.25 416.0 664.3306120182659 661.8337107151408 0.0 1.0
599.0 -507.875 272.25 417.625 657.9719785637695 657.5320431824409 0.0 1.0
595.125 -506.0 271.125 417.5 653.9767650172179 656.0048770701237 0.0 1.0
556.75 -504.5 237.25 417.5 605.4356944549215 654.8484557514051 0.0 1.0
520.0 -504.5 201.0 417.5 557.4984125951436 654.8484557514051 0.0 1.0
518.5 -504.0 201.5 418.5 556.2869248250474 655.1017129106643 0.0 1.0
515.0 -530.0 203.0 390.0 553.5665700019438 659.2832902104333 0.0 1.0
515.5 -553.5 209.5 302.0 556.4445483942014 630.5296103209675 0.0 0.0
516.0 -556.5 212.5 306.0 558.0432330922041 635.0818985313186 0.0 0.0
515.0 -558.0 209.0 313.0 555.7944265058682 639.7915208608911 0.0 0.0
520.0 -559.5 286.0 320.5 597.3207255665238 644.7950746039769 0.0 0.0
538.5 -562.0 282.5 329.5 612.2772758087201 651.4709786683002 0.0 0.0
474.5 -566.0 195.5 342.5 513.4441004138475 661.560604172237 0.0 0.0
529.0 -582.0 203.5 353.5 566.7927247901255 681.0840181671401 0.0 0.0
361.5 -579.5 222.5 339.5 425.18507336167045 671.6523924775838 0.0 0.0
259.5 -561.0 277.5 310.25 380.1099982973987 641.3074736616692 0.0 0.0
258.0 -563.6666666666667 259.5 296.58333333333337 366.0624995951954 637.2359482809459 0.0 0.0
258.0 -566.3333333333333 247.5 282.91666666666663 357.51957988339603 633.1644229002225 0.0 0.0
258.0 -583.0 250.0 330.0 359.254784240934 669.950416600513 0.0 0.0
246.5 -536.0 244.5 349.0 347.19302987200683 639.6156943269293 0.0 0.0
247.5 -540.2857142857142 262.0 333.1071428571429 360.41691758713876 635.1662299608349 0.0 0.0
257.5 -546.0 283.5 317.25 382.98877353575085 632.1436915777343 0.0 0.0
253.0 -551.7142857142858 265.5 301.3928571428571 366.82580177593377 629.1211531946337 0.0 0.0
465.5 -547.0 404.5 292.5 620.4629126119996 620.3327494484607 0.0 0.0
535.0 -551.5 391.5 267.5 664.7497516442077 612.9506995567858 0.0 0.0
489.0 -548.5 372.5 249.0 616.489670726821 602.3730857211733 0.0 0.0
514.0 -550.0 334.0 227.5 612.9929575710128 595.214915209935 0.0 0.0
520.0 -506.5 330.0 118.5 615.8733636065128 520.3702287934024 0.0 0.0
522.5 -475.0 325.0 88.0 615.3342238704985 483.0828254113983 0.0 0.0
521.5 -555.5 316.5 146.0 610.0283331909775 574.375335877928 0.0 0.0
521.5 -554.5 314.5 155.5 609.016816724866 575.8955309783657 0.0 0.0
532.5 -561.5 323.5 210.5 623.0638193672585 601.1528382420925 0.0 0.0
531.5 -565.5357142857142 318.0 289.0357142857143 619.3702490600319 637.282278151182 0.0 0.0
498.0 -566.25 319.5 331.75 591.7609780178173 659.3860643244033 0.0 0.0
528.0833333333333 -566.9642857142858 318.16666666666663 374.46428571428567 616.5252833736087 681.4898504976245 0.0 0.0
528.4166666666667 -566.0 320.83333333333337 415.5 618.1905787906956 702.1841317690198 0.0 1.0
529.5 -560.0 319.5 438.5 618.4265457833883 711.2559356093357 0.0 1.0
529.0 -553.0 318.0 424.0 617.2241001345858 696.841447345439 0.0 1.0
539.0 -546.5 310.125 407.5 621.8833859512209 681.7033894447761 0.0 1.0
429.5 -545.0 295.5 393.5 523.3039796328417 672.2108406832142 0.0 1.0
381.0 -541.0 317.5 382.5 497.0419724808879 662.5611921327429 0.0 1.0
455.5 -533.0 338.0 380.0 567.224610628596 654.5931918413728 0.0 1.0
458.0 -532.0 296.0 384.5 546.8750538858486 656.4039910800254 0.0 1.0
510.0 -527.5 284.5 399.0 583.9871076387543 661.4127432443101 0.0 1.0
519.0 -527.5 291.5 421.5 595.2649627179012 675.2178243505407 0.0 1.0
523.5 -525.0 290.5 432.0 598.7011791771848 679.8894811473763 0.0 1.0
528.0 -525.0 292.0 442.0 603.3639052458884 686.2865263265306 0.0 1.0
534.0 -561.0 295.0 409.5 610.0664427386357 695.5394829469197 0.0 1.0
541.0 -533.5 298.5 365.5 617.8863400535884 646.6976262872283 0.0 1.0
542.5 -503.5 305.0 354.0 622.3975719605374 615.4907535893004 0.0 1.0
531.375 -569.0 313.75 356.5 617.099416011843 671.4566018051552 0.0 0.0
530.0 -566.0 314.5 349.0 616.2896170803803 664.9528174482231 0.0 1.0
535.0 -452.75 316.5 358.375 621.6091945536991 578.3146842982106 0.0 0.0
533.5 -461.75 315.5 317.875 619.8085875676404 563.5098484759175 0.0 0.0
536.5 -470.75 315.0 277.375 622.1397164678526 548.7050126536243 0.0 0.0
502.0 -500.5 309.5 317.5 589.9245583473389 594.6059453066077 0.0 0.0
489.5 -521.0 365.0 416.0 611.0286265045952 666.7071126141477 0.0 1.0
494.5 -522.0 391.0 417.0 630.4057570124544 668.1124123085272 0.0 1.0
482.0 -524.5 358.5 415.5 600.7301946813511 669.1344301271415 0.0 1.0
489.0 -527.5 375.5 403.5 616.5450686816718 664.1305071658808 0.0 1.0
488.0 -532.5 370.0 395.0 612.4122578229523 663.0110014489642 0.0 1.0
489.0 -531.5 372.0 380.5 614.4201711391217 653.661504397506 0.0 1.0
485.5 -532.5 372.5 377.5 611.9367554216658 652.7351419434076 0.0 1.0
479.5 -532.0 334.0 380.0 584.3646651446252 653.7770923537332 0.0 1.0
464.0 -533.5 366.5 389.0 591.3589543447658 660.2613090571737 0.0 1.0
464.5 -547.5 369.5 387.5 593.6750000300297 670.9155614492233 0.0 1.0
480.875 -589.5 345.25 366.5 592.4663670236087 694.1428325352144 0.0 1.0
486.875 -591.5 350.0 373.0 599.9874296267861 699.2862607030576 0.0 1.0
458.0 -591.5 340.5 371.0 571.3337649927744 698.2214906460557 0.0 1.0
213.0 -591.5 194.5 366.5 289.09344793581937 695.8408582427451 0.0 1.0
121.5 -593.0 148.5 361.0 192.56206900620748 694.2406409870518 0.0 1.0
110.5 -533.5 187.5 392.0 222.3489722067104 662.0346588848893 0.0 0.0
58.5 -536.0 231.5 384.0 239.57077654044696 659.3572627946097 0.0 1.0
57.0 -536.5 156.0 382.0 166.2097391539852 658.6017385339944 0.0 1.0
34.0 -534.0 91.0 384.0 98.55977797287878 657.732468409459 0.0 1.0
13.5 -530.0 78.0 386.5 80.74022012617623 655.9590398526409 0.0 1.0
-6.0 -527.5 77.5 389.0 77.73692404485894 655.4215528468137 0.0 1.0
-37.0 -528.0 141.0 397.0 153.2626961587897 660.6006727143504 0.0 1.0
8.0 -530.0 73.5 408.0 73.93866522325122 668.8544167822718 0.0 1.0
16.0 -529.0 86.0 415.0 87.62843826285875 672.3586061346398 0.0 1.0
9.107954545454545 -525.0 121.2840909090909 413.0 132.08628941831057 667.982641276574 0.0 1.0
-13.414772727272727 -520.5 132.32954545454544 410.5 153.59790662540922 662.8957128860565 0.0 1.0
-35.9375 -518.0 143.375 411.0 175.10952383250788 661.2451537950614 0.0 1.0
-58.46022727272727 -517.5 154.42045454545456 410.0 196.62114103960656 660.2330136608207 0.0 1.0
-80.98295454545456 -515.0 165.46590909090907 405.5 218.13275824670524 655.4813063874049 0.0 1.0
-103.50568181818181 -513.5 176.51136363636363 399.5 239.6443754538039 650.6017643202326 0.0 1.0
-126.0284090909091 -517.0 187.5568181818182 401.5 261.15599266090254 654.5924442531833 0.0 1.0
-148.55113636363637 -521.5 198.60227272727275 402.0 282.6676098680012 658.4577607808291 0.0 1.0
-171.07386363636363 -523.0 209.64772727272725 403.5 304.17922707509985 660.5613143380408 0.0 1.0
-193.59659090909093 -524.0 220.6931818181818 410.0 325.69084428219855 665.3390826744101 0.0 1.0
-216.1193181818182 -523.5 231.73863636363637 418.0 347.2024614892972 669.9076475159397 0.0 1.0
-238.64204545454544 -523.0 242.78409090909088 427.0 368.7140786963959 675.1726445822916 0.0 1.0
-261.16477272727275 -523.0 253.82954545454547 435.5 390.22569590349457 680.5800864941316 0.0 1.0
-283.6875 -524.5 264.875 446.5 411.7373131105932 688.8123860716619 0.0 1.0
-306.21022727272725 -525.5 275.9204545454545 454.0 433.2489303176919 694.4542802444843 0.0 1.0
-328.73295454545456 -517.0 286.9659090909091 429.5 454.7605475247905 672.1306911515122 0.0 1.0
-351.2556818181818 -521.5 298.0113636363636 437.0 476.2721647318892 680.3906207978681 0.0 1.0
-373.7784090909091 -524.5 309.05681818181813 439.5 497.78378193898783 684.2968288923641 0.0 1.0
-396.3011363636364 -526.5 320.10227272727275 436.0 519.2953991460865 683.5972237083149 0.0 1.0
-418.8238636363636 -527.0 331.14772727272725 431.0 540.8070163531852 680.8011525781992 0.0 1.0
-441.34659090909093 -523.0 342.19318181818176 431.5 562.3186335602838 678.0433984932324 0.0 1.0
-463.8693181818182 -526.0 353.2386363636364 435.0 583.8302507673825 682.5697733979026 0.0 1.0
-442.5 -526.0 303.5 424.0 536.6764761872512 675.6123190841811 1.0 1.0
-472.0 -524.0 307.5 409.0 563.3746315533839 664.7233218765567 1.0 1.0
-481.5 -521.5 318.5 395.0 577.308767875146 654.2073733837917 1.0 1.0
-507.625 -518.0 313.875 381.0 597.6242964389164 643.0279931698153 0.0 1.0
-547.7916666666667 -513.5 309.70833333333337 369.5 630.2632897593597 632.6235057283282 0.0 1.0
-587.9583333333333 -509.0 305.54166666666663 368.5 662.9022830798029 628.3903779405559 0.0 1.0
-597.0 -505.5 266.5 381.0 654.1327971057497 633.0063108364195 1.0 1.0
-585.0 -503.5 324.5 401.0 669.3118636368246 643.6789171010432 1.0 1.0
-590.5 -505.0 299.5 422.5 662.1108222721537 658.4329906293967 1.0 1.0
-606.0 -506.5 302.5 443.5 677.3054686250612 673.2287182827253 1.0 1.0
-612.0 -506.5 306.5 462.0 684.4607004958744 685.5562757946465 1.0 1.0
-615.5 -505.0 337.0 470.5 702.7069830510676 690.2140267636559 1.0 1.0
-619.0 -481.0 340.5 471.5 707.5031805394474 673.5572152099916 1.0 1.0
-603.0 -482.5 376.5 467.5 710.8887171063609 671.8355108543578 0.0 1.0
-455.70000000000005 -483.0 358.9642857142857 454.5 682.8963653086087 663.2212956891419 0.0 1.0
-289.29999999999995 -487.0 356.25 442.0 681.9657047680696 657.6739278079206 0.0 1.0
-269.0 -492.0 353.5357142857143 429.0 681.0350442275304 652.7686089620014 0.0 1.0
-601.0 -494.0 358.5 416.0 699.8108814826405 645.8275168523674 0.0 1.0
-584.5 -494.0 332.5 406.0 672.4673010615259 639.4311137354778 0.0 1.0
-599.0 -494.0 306.0 398.5 673.060010556982 634.701245496814 0.0 1.0
-655.0 -508.0 245.5 396.5 699.4967215208628 644.4196943884348 0.0 1.0
-709.0 -508.5 262.5 402.5 756.0348150619634 648.5203571981259 0.0 1.0
-733.5 -508.0 270.0 411.0 781.6153603924197 653.4410564912489 0.0 1.0
-741.5 -509.5 271.5 421.0 789.642037624641 660.9332389922449 0.0 1.0
-712.0 -512.5 292.5 428.0 770.4904996421232 667.712849848559 0.0 1.0
-682.9285714285714 -513.0 290.57142857142856 429.0 743.7133961104224 668.7376167077788 0.0 1.0
-685.5 -514.5 256.0 427.5 734.0580680967298 668.9293716296309 0.0 1.0
-688.0714285714286 -516.5 221.42857142857144 425.0 724.4027400830372 668.8776800963159 0.0 1.0
-693.375 -518.0 194.625 418.0 720.1784085595589 665.6186230928395 0.0 1.0
-700.0 -518.5 190.5 407.0 725.4588403859676 659.1604127656075 0.0 1.0
-639.5 -519.0 230.0 398.5 682.5037526859568 654.3419650894151 0.0 1.0
-574.5 -518.0 248.0 394.0 626.0925882341729 650.8149955050901 1.0 1.0
-587.0 -516.0 278.5 392.0 649.716285875661 648.0123455614098 1.0 1.0
-542.5 -514.5 285.0 393.0 612.891526927916 647.4251261454663 1.0 1.0
-512.5 -498.0 289.5 374.0 588.6152190994973 622.8005219086855 1.0 1.0
-509.0 -499.0 289.5 377.5 585.5691675626373 625.7055289843317 1.0 1.0
-508.0 -500.0 290.0 379.0 584.9480220950334 627.4081606099812 1.0 1.0
-572.0 -501.0 317.0 379.0 653.9688365552869 628.2055069844107 0.0 1.0
-612.0 -509.5 333.0 385.0 696.731223377557 638.6051970490255 1.0 1.0
-626.5 -519.0 340.0 393.5 712.8129536409513 651.3088744981139 1.0 1.0
-626.5 -522.0 340.5 390.5 713.0515808884895 651.9004986748666 1.0 1.0
-626.5 -525.0 343.5 385.0 714.4889782214979 651.0377581771182 1.0 1.0
-639.0 -527.0 293.5 375.5 704.863101723045 647.0930503541265 1.0 1.0
-753.5 -520.0 251.375 354.5 794.4889426580789 629.34516090236 0.0 1.0
-823.0 -512.0 254.5 329.0 861.6825482837301 608.5926573696164 0.0 1.0
-759.5 -518.5 247.125 310.5 798.6996255898785 604.3613852747917 0.0 1.0
-742.5 -539.0 248.0 297.0 782.8222341261969 615.41144611 0.0 1.0
-691.0 -572.5 247.75 290.5 734.2579324517458 641.9877779600158 0.0 1.0
-642.5 -601.0 249.0 283.0 689.0632586391623 664.3806221712227 0.0 1.0
-644.5 -593.875 249.5 246.75 691.1084707438545 644.096484606099 0.0 0.0
-658.5 -581.0416666666667 253.0 212.41666666666666 705.4301981862503 619.999077116031 0.0 0.0
-653.0 -568.2083333333333 253.5 178.08333333333331 700.4797030673813 595.901669625963 0.0 0.0
-584.5 -547.5 266.5 326.5 643.6160638619881 637.7108054736923 0.0 0.0
-517.0 -546.0 280.5 346.5 588.1915562595032 646.6847717675125 1.0 1.0
-525.5 -527.5 284.5 347.5 597.570531956449 631.6745003089744 1.0 1.0
-574.0 -519.5 311.0 344.0 653.1156338930924 623.0700201675209 0.0 1.0
-601.5 -518.5 330.0 342.5 686.0867619044532 621.4087389776198 1.0 1.0
-613.0 -525.5 318.5 348.0 690.8399475984725 630.2823288688169 1.0 1.0
-582.5 -527.5 312.5 360.0 661.0319784333731 638.6411257922948 1.0 1.0
-584.5 -519.0 313.0 368.5 663.0306991994084 636.5164962512755 1.0 1.0
-575.5 -514.0 293.0 371.0 645.9259425741798 633.90658085219 1.0 1.0
-562.5 -512.0 284.0 375.5 630.1378004656656 634.936542153777 1.0 1.0
-572.5 -516.0 278.0 375.0 636.4283614002857 637.8723724976486 1.0 1.0
-510.79166666666663 -516.5 327.45833333333337 375.5 622.333905318295 638.5710514979777 1.0 1.0
-357.9583333333333 -512.5 401.29166666666663 379.0 591.7266700965107 637.4145040709382 0.0 1.0
-205.12499999999997 -508.5 475.125 380.0 561.1194348747264 634.8029746778213 0.0 1.0
-17.0 -507.5 555.5 380.0 560.7035483578816 634.0005835086461 0.0 1.0
74.5 -509.0 572.0 384.5 578.160812192447 637.903793686791 0.0 1.0
41.16666666666667 -508.5 605.1666666666667 390.0 606.653793725002 640.8372200427507 0.0 1.0
19.833333333333336 -508.0 551.8333333333333 398.0 552.2869050058467 645.3480823706527 0.0 1.0
61.0 -511.5 580.875 413.5 584.5970704156587 657.7344126033295 0.0 1.0
96.5 -509.0 564.5 419.5 572.8760464181305 659.591777221007 0.0 1.0
154.5 -508.0 456.0 424.0 481.4791514006211 661.6949050360482 0.0 1.0
149.5 -508.5 471.5 423.5 494.63960565933456 661.7587533326475 0.0 1.0
155.0 -507.5 505.5 421.0 528.7576911400818 659.3933723101825 0.0 1.0
153.5 -508.0 493.5 417.5 516.9179630166215 657.5490439992566 0.0 1.0
150.0 -504.0 467.0 413.0 490.5869127625722 651.6022522398675 0.0 1.0
147.0 -415.64473684210526 434.5 398.2105263157895 458.6930920617584 652.546395881458 0.0 1.0
144.5 -297.17105263157896 420.0 379.1578947368421 444.16264971699684 653.7121502381788 0.0 1.0
145.0 -178.69736842105263 401.5 360.10526315789474 426.88956943139397 654.8779045948996 0.0 1.0
123.5 -60.22368421052633 393.0 341.0526315789474 412.14351543349505 656.0436589516204 0.0 1.0
106.5 58.25 387.5 322.0 401.86876134785507 657.2094133083411 0.0 1.0
105.5 176.7236842105263 397.0 302.9473684210526 410.78150004292127 658.3751676650619 0.0 1.0
93.0 295.1973684210526 365.5 283.89473684210526 377.1746993840732 659.5409220217826 0.0 0.0
124.6875 413.67105263157896 242.8125 264.8421052631579 279.6375538112669 660.7066763785035 0.0 0.0
27.4375 532.1447368421052 224.0625 245.78947368421052 242.629029744481 661.8724307352243 0.0 0.0
-44.0 651.0 215.5 221.5 219.96103785362249 687.9169365083847 0.0 0.0
-18.5 633.0 225.0 245.0 226.29091160219224 678.7672308162024 0.0 0.0
-33.0 572.5 217.0 254.5 222.07744845576673 626.5681549984928 0.0 0.0
-16.5 540.0 247.0 256.0 248.11772358776872 597.6306470009745 0.0 0.0
14.0 530.0 218.0 254.5 218.46959294443914 587.9372851553138 0.0 0.0
7.0 554.0 224.5 266.5 224.6096960869948 614.7678734212809 0.0 0.0
-11.0 562.0 275.5 275.0 275.77172807243295 625.6879542308207 0.0 0.0
-3.5 556.0 249.0 274.0 249.02504421911493 619.8484056928601 0.0 0.0
-88.0 552.5 299.0 275.0 328.6233845128084 617.1561364401125 0.0 0.0
-380.5 544.5 263.5 271.5 464.26830023948025 608.4359555484154 0.0 0.0
-500.0 537.5 294.0 269.5 580.0329598147181 601.2792213399969 0.0 0.0
-504.0 531.5 294.5 267.5 583.7349608605525 595.0199174053462 1.0 0.0
-515.0 531.0 323.0 270.0 608.274816505331 595.7024861528907 1.0 0.0
-515.0 530.0 300.5 272.0 596.2597736275086 595.7214115155454 1.0 0.0
-518.0 528.5 303.5 272.0 600.3635865961678 594.3876710060979 1.0 0.0
-522.5 525.5 306.0 271.0 605.5099971577423 591.262587587645 1.0 0.0
-557.5 524.0 344.5 271.0 655.9550183725453 589.9296568235911 0.0 0.0
-584.5 524.0 279.0 271.5 647.6782063605216 590.1595123354363 0.0 0.0
-582.5 520.0 279.5 270.5 646.0864877624776 586.1486586182724 1.0 0.0
-598.0 423.015625 282.5 261.921875 661.3700553847416 582.2674214338364 1.0 0.0
-611.0 293.703125 285.0 250.484375 674.2004192570068 577.092438521255 1.0 0.0
-610.0 164.390625 281.0 239.046875 671.6121322052585 571.9174556086737 1.0 0.0
-614.0 35.078125 281.0 227.609375 675.2460342022863 566.7424726960924 1.0 0.0
-615.0 -94.234375 279.5 216.171875 675.5336322760572 561.567489783511 1.0 0.0
-615.0 -223.546875 338.0 204.734375 701.7614922496773 556.3925068709295 0.0 0.0
-615.0 -352.859375 279.5 193.296875 675.5343015879191 551.2175239583482 0.0 0.0
-615.5 -482.171875 283.0 181.859375 677.4445418983967 546.0425410457669 1.0 0.0
-613.5 -642.5 290.0 348.0 678.5889944166854 730.7330551367704 1.0 0.0
-648.0 -740.5 289.5 380.0 709.9123751005955 832.6274963099858 1.0 1.0
-587.5 -615.5 310.0 372.0 664.6492836922921 719.1873678018471 1.0 1.0
-542.5 -568.0 308.5 356.5 624.086852338884 670.610666430882 1.0 1.0
-548.5 -544.0 310.5 347.0 630.287782943951 645.2534666322106 1.0 1.0
-546.5 -538.0 307.0 354.0 626.8263316102795 644.0549251606137 1.0 1.0
-552.5 -543.5 322.5 358.5 639.8225638585297 651.0872259497523 1.0 1.0
-547.0 -542.0 341.5 353.0 644.8505759161287 646.81760649493 1.0 1.0
-542.5 -537.0 340.0 355.0 640.2393217077497 643.7344173250851 1.0 1.0
-531.0 -532.0 345.5 363.0 633.5072419799967 644.0449936365105 1.0 1.0
-472.0 -527.0 356.0 369.0 592.391638224938 643.3472194502558 1.0 1.0
-478.0 -522.5 375.5 377.5 608.500027992108 644.6110899551368 0.0 1.0
-519.0 -520.625 401.5 380.875 656.1731982461822 645.0707308445091 1.0 1.0
-548.0 -520.5 416.5 380.5 688.3155892633181 644.7515593390435 1.0 1.0
-562.125 -520.25 420.75 374.0 702.1535387625102 640.7373256752508 1.0 1.0
-570.75 -520.75 422.75 369.5 710.2648676073962 638.522420691379 1.0 1.0
-566.5 -517.75 417.25 370.25 703.5764873281181 636.5180765585327 1.0 1.0
-552.75 -516.0 403.5 375.5 684.3592239180148 638.1777674760222 1.0 1.0
-547.75 -513.0 398.5 383.0 677.3717416797181 640.2105742108346 1.0 1.0
-447.75 -509.75 350.0 392.75 569.0299012914309 643.5099547930429 1.0 1.0
-252.75 -510.0 194.0 399.25 318.6208701731227 647.6889836609299 0.0 1.0
-244.25 -510.5 184.5 401.5 306.10183386623964 649.4712327472356 0.0 1.0
-239.5 -513.0 182.5 400.5 301.1087849344249 650.8226348622139 0.0 1.0
-239.0 -517.0 181.5 399.0 300.1054134427235 653.0629988882945 0.0 1.0
-237.5 -522.75 182.0 397.75 299.21605906100694 656.8667891566217 0.0 1.0
-257.0 -528.0 183.0 395.75 315.78668917793493 659.8503025370203 0.0 1.0
-126.75 -531.5 156.75 395.5 205.04609980705368 662.5053221377088 0.0 1.0
-153.5 -534.5 169.5 394.0 228.68422241998266 664.0240361324047 0.0 1.0
-162.25 -536.75 170.0 392.25 235.0052134517145 664.8023380886352 0.0 1.0
-155.25 -535.25 171.25 392.0 231.28685602122152 663.4431089971038 0.0 1.0
-82.0 -522.75 169.25 375.75 188.0695210378172 643.8035680237839 0.0 1.0
-18.25 -509.0 193.5 355.5 204.93264281059538 620.8553228949015 0.0 1.0
-8.5 -509.5 178.25 354.0 179.6202781522018 620.408267680396 0.0 1.0
-27.75 -508.5 177.0 352.25 179.56012050245323 618.5890030816522 0.0 1.0
-8.75 -508.25 161.75 350.25 161.99666437622096 617.2465887245476 0.0 1.0
-12.5 -507.25 165.5 348.25 166.26177492218488 615.2891562723601 0.0 1.0
-28.5 -506.0 176.75 347.0 179.11724687788555 613.5512040282969 0.0 1.0
48.5 -505.5 237.0 347.0 241.96922086238237 613.1388505061476 0.0 1.0
49.0 -496.5 238.0 358.5 242.9917847776265 612.5744292971253 0.0 1.0
15.5 -489.0 249.125 374.5 249.65213899678832 615.931280601061 0.0 1.0
10.5 -491.0 239.5 377.0 239.75982485391063 619.0395787023638 0.0 1.0
80.5 -491.0 233.5 377.5 260.28471515617434 619.3442096282164 0.0 1.0
212.625 -491.5 221.875 378.0 308.1547632240763 620.0454879176166 0.0 1.0
295.5 -491.0 211.5 377.5 364.09692758277754 619.3442164062863 0.0 1.0
331.0 -490.5 207.0 377.5 390.39723712831744 618.9479727702098 0.0 1.0
329.0 -490.5 206.5 375.5 388.43716267332593 617.7305167592242 0.0 1.0
331.5 -491.0 209.5 374.5 392.15111883048354 617.5202425831885 0.0 1.0
332.0 -490.0 211.0 374.5 393.3768314601691 616.7254998660034 0.0 1.0
316.5 -497.0 203.0 375.0 376.0070462762517 622.6162231056663 0.0 1.0
365.5 -513.0 181.5 380.5 409.94528519811126 638.7090579903006 0.0 1.0
365.0 -515.5 138.0 383.0 390.2177275990708 642.2066731842326 0.0 1.0
367.5 -516.5 136.0 386.0 391.8651982141255 644.8010077464289 0.0 1.0
305.5 -516.5 131.0 388.0 333.26938479493043 646.0001934984231 0.0 1.0
338.75 -517.0 122.75 390.5 361.1766019415317 647.9041136386257 0.0 1.0
299.0 -516.5 195.5 391.5 357.4650545299791 648.1084014267983 0.0 1.0
292.0 -515.5 154.0 393.0 330.2354099087962 648.2201338222662 0.0 1.0
288.0 -514.5 157.0 393.5 328.0142662858842 647.7287240813085 0.0 1.0
283.5 -514.5 150.5 392.0 320.99878038170243 646.8185603397602 0.0 1.0
266.5 -512.5 151.5 388.5 306.7227551248395 643.1085376772575 0.0 1.0
279.0 -511.5 145.5 385.0 314.6606329328443 640.201015629163 0.0 1.0
233.0 -509.0 111.0 379.5 258.0919471308533 634.9028396585529 0.0 1.0
239.0 -499.5 109.5 362.0 262.9140460988776 616.8998831822496 0.0 1.0
238.0 -492.75 164.5 346.625 290.59886150390105 602.4953801928009 0.0 0.0
263.5 -487.08333333333337 151.0 336.125 303.834146049564 591.8564065209903 0.0 0.0
257.5 -481.41666666666663 158.0 325.625 302.6779043411477 581.2174328491795 0.0 0.0
206.0 -487.0 100.0 364.5 229.26379575382538 608.3217465083094 0.0 1.0
225.5 -481.5 55.5 390.5 232.22941292440936 619.9600693065221 0.0 1.0
182.0 -477.5 69.0 407.0 195.09263014201963 627.4214699514797 0.0 1.0
271.46875 -475.5 87.71875 413.0 285.35562699277557 629.8172334400647 0.0 1.0
390.09375 -475.5 131.34375 414.0 411.68635475465106 630.4734313364894 0.0 1.0
508.71875 -478.5 174.96875 408.0 538.0170825165266 628.834219479661 0.0 1.0
627.34375 -484.0 218.59375 392.0 664.3478102784021 622.8412456716061 0.0 1.0
602.5 -484.5 232.5 368.5 645.9396891931668 608.7156477435072 0.0 1.0
554.5 -498.0 241.0 351.0 604.6093750557214 609.3567489544293 0.0 1.0
555.0 -539.0 267.5 331.5 616.3055476648883 632.7822938327679 0.0 1.0
565.0 -540.0 312.0 318.0 647.9245505920989 626.676950270233 0.0 1.0
531.5 -537.5 315.5 308.5 618.9767597419439 619.7412784434647 0.0 1.0
561.0 -538.0 359.5 311.0 666.3064150835854 621.42311387262 0.0 1.0
554.0 -537.0 309.5 323.0 634.5952926365369 626.6614787818871 0.0 1.0
511.0 -537.5 297.5 342.0 591.3003056653187 637.0844970755716 0.0 1.0
505.5 -499.0 290.5 374.0 583.0271759822756 623.6148428278746 0.0 1.0
564.5 -489.0 284.5 391.5 632.1396206535388 626.4134891521919 0.0 1.0
542.0 -487.0 303.5 408.5 621.7512315043402 635.6425070336697 0.0 1.0
574.5 -486.0 303.5 422.0 649.7412516484137 643.645865363866 0.0 1.0
551.5 -485.5 312.0 432.0 633.687899240892 649.8725948432472 0.0 1.0
526.5 -484.5 321.0 440.5 616.6386776475299 654.814272743296 0.0 1.0
553.5 -485.0 313.5 449.0 636.2075734088932 660.9282371193681 0.0 1.0
522.0 -485.5 342.0 448.5 624.1562983023211 660.9573800322241 0.0 1.0
570.0 -486.5 322.0 441.0 655.0732996099645 656.6318951775861 0.0 1.0
584.5 -487.5 315.0 435.0 664.0211761750367 653.3624588529096 0.0 1.0
613.0 -486.0 311.5 425.0 687.6072578606775 645.6192337093266 0.0 1.0
611.0 -487.5 306.0 413.5 683.3426655531534 639.2512298794654 0.0 1.0
574.0 -486.0 298.0 400.0 646.812143241933 629.4411402505457 0.0 1.0
539.0 -486.5 298.0 391.0 615.8940344904036 624.1501437070459 0.0 1.0
530.0 -487.0 309.5 378.5 613.7539291939979 616.791217394833 0.0 1.0
561.0 -488.0 334.0 365.5 654.0106416974658 609.700262553218 0.0 1.0
490.5 -490.0 290.5 352.5 570.0814664221671 603.6192922695562 0.0 1.0
477.0 -492.5 297.0 341.5 561.9058067965102 599.3151665252035 0.0 1.0
483.0 -490.5 301.5 323.0 569.3781080273388 587.3031414321188 0.0 1.0
500.5 -487.5 388.0 303.5 633.5511933668074 574.2561462658755 0.0 1.0
487.0 -490.5 328.0 296.0 588.1505217612373 572.8935180699016 0.0 1.0
403.0 -493.0 425.0 290.5 586.1239607109255 572.2251660142297 0.0 1.0
419.5 -492.0 400.5 291.5 580.5322440741581 571.8770222821172 0.0 1.0
385.5 -487.5 387.0 258.0 546.2483840924831 552.451497892861 0.0 1.0
373.5 -482.79999999999995 384.0 237.55 535.6853618413207 538.5968915836959 0.0 0.0
372.5 -479.20000000000005 404.5 258.95 549.9118385842041 545.2050179736236 0.0 0.0
365.0 -480.5 394.5 315.5 537.5655030778742 575.6950312507631 0.0 0.0
369.5 -488.5 407.5 377.5 550.2371177029554 617.3687188250141 0.0 1.0
430.5 -489.5 358.0 392.5 560.9073446856355 627.43005673874 0.0 1.0
488.5 -487.5 387.5 404.0 623.6232066898206 633.144811072535 0.0 1.0
450.0 -487.5 340.5 413.0 564.3056521834545 638.925073854517 0.0 1.0
444.0 -488.5 374.0 422.0 580.5343777072026 645.5357734420936 0.0 1.0
431.5 -489.0 381.0 429.0 575.6369692399014 650.5094657897293 0.0 1.0
445.0 -489.5 388.0 436.5 590.422124997613 655.8528785996166 0.0 1.0
443.5 -491.5 411.5 445.0 605.0831778382033 663.0214079369891 0.0 1.0
426.5 -494.5 416.5 449.0 596.9768023766868 667.9314401677871 0.0 1.0
435.5 -497.5 378.5 452.0 576.9966980067887 672.1698759879358 0.0 1.0
453.0 -494.5 367.0 447.0 583.023969069457 666.5882195610241 0.0 1.0
468.0 -492.0 378.0 449.0 601.6500449835746 666.0818701195813 0.0 1.0
466.0 -485.5 393.5 449.0 609.938003217354 661.2951806057256 0.0 1.0
455.5 -481.5 375.5 446.5 590.3229663064034 656.6617670764813 0.0 1.0
431.5 -478.5 368.5 444.0 567.4372901611193 652.763033626383 0.0 1.0
409.0 -478.5 415.5 440.5 583.516896988258 650.3873598710866 0.0 1.0
400.5 -478.5 400.0 436.5 566.1522031110927 647.6849550386696 0.0 1.0
379.0 -478.0 389.0 432.0 543.1046609604209 644.2887590960229 0.0 1.0
343.5 -476.5 349.0 426.5 489.74668828153926 639.4956367781781 0.0 1.0
238.4 -475.5 334.7 421.5 426.72970778795633 635.423224000318 0.0 1.0
73.99999999999999 -469.0 255.5 399.5 327.92209232612026 616.1550776484917 0.0 1.0
-90.4 -468.0 176.3 383.0 229.11447686428414 604.7422175803547 0.0 1.0
-457.15 -464.5 248.8 373.5 520.5139338646625 596.0390087905321 0.0 1.0
-467.75 -460.0 244.0 362.5 527.6903957268942 585.6674860572662 0.0 1.0
-478.35 -453.5 239.2 347.5 534.8668575891259 571.3304647924876 0.0 1.0
-481.5 -451.5 237.5 353.0 536.8885500875961 573.170546568062 0.0 1.0
-586.5 -451.0 273.0 366.5 646.9413386919393 581.1397427192998 0.0 1.0
-686.5 -447.5 261.5 379.5 736.7514253373605 586.7509633316922 0.0 1.0
-689.5 -449.0 325.5 405.5 762.4734262913212 605.005354827216 0.0 1.0
-716.0 -449.0 210.5 439.5 746.3160664186444 628.3052349381538 0.0 1.0
-774.625 -451.0 448.25 476.0 901.9040703792882 655.7305948136739 0.0 1.0
-722.0 -456.0 356.5 506.0 805.2181384567323 681.1549055745538 0.0 1.0
-729.5 -461.5 366.0 522.5 816.1656999199131 697.1288549749383 0.0 1.0
-714.5 -465.5 233.0 522.5 751.5315345203709 699.7871904776099 0.0 1.0
-711.5 -473.0 232.5 503.5 748.5246174988426 690.8411192473048 0.0 1.0
-707.5 -477.0 232.0 477.0 744.5671724378929 674.5857988490345 0.0 1.0
-706.5 -481.5 231.0 454.0 743.3057754752771 661.7877411844842 0.0 1.0
-705.5 -483.5 229.5 425.5 741.8898327404223 644.0712513809628 0.0 1.0
-732.0 -487.0 358.0 403.5 814.8556542192289 632.4408695119048 0.0 1.0
-726.0 -490.5 354.5 387.5 807.9274171131366 625.0973155676797 0.0 1.0
-724.0 -493.5 354.5 382.0 806.1304500662995 624.0724367658111 0.0 1.0
-683.0 -494.0 337.0 387.0 761.6169857499269 627.5389668553576 0.0 1.0
-706.5 -490.5 366.0 406.0 795.6776340644751 636.742160611743 0.0 1.0
-714.5 -486.0 365.5 429.5 802.5588275309344 648.5898923567902 0.0 1.0
-587.5 -478.5 286.0 404.125 653.415971139866 626.9851535237572 0.0 0.0
-576.0 -472.5 280.0 370.95833333333337 640.4498675201572 601.6175771255213 1.0 0.0
-563.0 -466.5 271.5 337.7916666666667 625.0453721471853 576.2500007272854 1.0 0.0
-598.0 -482.5 299.0 404.5 668.5843626706039 630.0977014465739 1.0 0.0
-607.0 -478.0 304.5 429.0 679.095334991539 642.2816033745255 1.0 1.0
-599.5 -475.5 302.5 412.5 671.4958641918097 629.4900982796081 1.0 1.0
-604.5 -478.0 306.0 396.0 677.5368993867667 620.7255015308722 1.0 1.0
-606.0 -478.0 243.0 384.5 652.9052132667184 613.4528521302163 0.0 1.0
-607.0 -472.5 244.5 380.0 654.3923019868851 606.3466417817451 1.0 1.0
-590.0 -471.5 269.0 385.5 649.0347938562625 609.0341943088574 1.0 1.0
-571.5 -470.0 342.0 394.0 666.0177439828881 613.3002386986492 1.0 1.0
-537.5 -467.0 316.0 411.0 623.5090641757711 622.1406211537837 1.0 1.0
-534.0 -468.0 316.5 433.0 620.7487334135151 637.5838420141573 1.0 1.0
-531.5 -471.0 315.5 435.0 618.0878296315439 641.1443792796771 1.0 1.0
-531.0 -473.5 316.5 434.5 618.1693259414664 642.64492528923 1.0 1.0
-525.0 -468.5 314.5 432.0 611.9928512654376 637.2854886129538 1.0 1.0
-525.0 -459.0 316.5 423.5 613.0231915353683 624.526546062885 1.0 1.0
-525.0 -459.0 317.0 413.5 613.2813618212073 617.7890022945317 1.0 1.0
-522.5 -459.0 313.5 403.0 609.3344971456991 610.8113986271247 1.0 1.0
-524.0 -457.5 312.5 398.0 610.1084457604927 606.3912864676013 1.0 1.0
-524.0 -455.5 309.5 399.5 608.5775366689037 605.8721525354767 1.0 1.0
-653.5 -453.0 316.0 405.0 727.4825633376704 607.6462786852233 1.0 1.0
-589.5 -451.0 276.5 412.5 651.1241665982056 611.1934113882643 1.0 1.0
-588.0 -450.5 276.5 422.0 649.7664616840866 617.2800963668864 1.0 1.0
-587.5 -451.5 277.5 425.5 649.7403678410926 620.4052162942883 1.0 1.0
-588.0 -479.0 277.5 435.5 650.1925153473971 647.4488169962962 1.0 1.0
-587.0 -490.0 278.0 428.5 649.5024583600707 650.9322673356501 1.0 1.0
-712.0 -490.5 365.0 419.5 800.1063679828526 645.4236415812744 0.0 1.0
-715.5 -491.0 370.0 409.0 806.2483277048084 639.0336325533244 0.0 1.0
-610.5 -491.5 326.5 399.5 692.8441184861622 633.3819152307865 0.0 1.0
-624.5 -492.0 304.0 396.5 694.5626069682269 631.8830983655125 1.0 1.0
-671.0 -491.0 347.0 399.5 755.4138440730451 632.9942691496084 0.0 1.0
-665.5 -491.0 342.0 404.0 748.2342198605684 635.843651438176 1.0 1.0
-656.5 -492.0 324.0 409.5 732.1001634734578 640.1205474282968 1.0 1.0
-610.0625 -491.0 270.8125 416.5 668.5040519244511 643.8582106225435 0.0 1.0
-580.3125 -492.0 200.0625 419.0 616.2378091047017 646.2392319452254 0.0 1.0
-554.0 -493.0 176.0 419.0 582.0003235440321 647.0007727970656 0.0 1.0
-553.5 -494.5 248.0 415.5 606.5231811954437 645.8873740831291 0.0 1.0
-546.5 -496.5 255.0 409.0 603.0649720719359 643.268676691809 1.0 1.0
-539.0 -485.0 257.5 357.0 597.3511625520234 602.2244257977331 1.0 0.0
-535.5 -488.5 259.0 351.0 594.8456080319236 601.5257683590953 1.0 1.0
-543.0 -489.5 261.0 346.0 602.4699687412809 599.4382787243404 1.0 1.0
-529.0 -489.5 242.5 344.0 582.8621629109383 598.286093771199 1.0 1.0
-532.5 -489.5 290.0 344.5 606.3762927979164 598.5738610981651 1.0 1.0
-565.0 -489.5 318.0 349.0 648.3465688289897 601.1748913585797 1.0 1.0
-554.0 -488.5 313.5 357.5 636.5518465042002 605.3421769719039 1.0 1.0
-550.0 -499.5 309.5 385.0 631.1039358454941 630.6680065637014 1.0 1.0
-550.0 -503.5 312.0 400.0 632.3322393044384 643.0493008064889 1.0 1.0
-547.5 -505.5 335.0 405.5 641.9709971316975 648.0435942126117 1.0 1.0
-544.5 -505.5 319.5 408.0 632.3172035988841 649.6108450449392 1.0 1.0
-539.5 -505.0 286.0 407.5 610.6196073204834 648.9077361227866 0.0 1.0
-519.0 -505.0 344.5 406.5 622.9308242917755 648.2803419078045 0.0 1.0
-534.5 -503.5 350.5 398.5 639.1717884703066 642.1175852717192 1.0 1.0
-534.5 -502.5 349.0 390.0 638.3506622886565 636.0871591846085 1.0 1.0
-530.0 -501.5 307.5 382.0 613.4828748874265 630.418022290019 1.0 1.0
-524.0 -489.0 272.0 357.5 590.3897403812623 605.7468854178271 1.0 1.0
-520.0 -485.5 302.5 350.5 602.096633379097 598.799215096346 1.0 1.0
-514.5 -484.0 333.0 348.5 612.8616534298726 596.4128184403819 1.0 1.0
-510.5 -481.0 324.0 346.5 604.6485216253891 592.8096957805857 1.0 1.0
-506.0 -480.0 274.5 348.5 575.6616253015003 593.1714223518883 0.0 1.0
-527.0 -490.0 343.0 378.5 628.8039993042369 619.2789298323968 0.0 1.0
-551.5 -495.0 317.5 407.0 636.3736670145247 640.8385918776692 1.0 1.0
-543.0 -494.0 310.0 414.0 625.2645812426363 644.5405310363283 1.0 1.0
-536.5 -491.5 299.0 420.0 614.1968761837454 646.5077339057901 1.0 1.0
-491.0 -492.0 383.5 423.5 624.4871807849051 649.1658108680709 0.0 1.0
-394.0 -491.5 451.0 423.0 599.3196408969193 648.4606772966268 0.0 1.0
-344.5 -492.5 469.0 422.0 581.9721750780332 648.5678453330846 0.0 1.0
-340.5 -492.5 477.0 417.5 586.0624966673777 645.649011046573 0.0 1.0
-330.5 -494.0 467.5 410.5 572.5409308474759 642.2986695916403 0.0 1.0
-235.0 -495.5 517.5 403.5 569.5263658950487 639.0091159904246 0.0 1.0
-153.5 -495.5 552.0 397.5 572.9481283587543 635.2374769400503 0.0 1.0
-145.5 -496.5 510.0 395.0 530.373545232723 634.4582334559148 0.0 1.0
-215.125 -498.0 516.375 394.0 560.2645133180322 635.0118109137813 0.0 1.0
-323.5 -499.0 450.0 396.5 554.2194058638505 637.3486094752227 0.0 1.0
-144.0 -499.5 525.0 401.0 544.3904915555211 640.547621892135 0.0 1.0
-197.0 -499.5 496.0 407.5 537.07154595973 644.6371032666666 0.0 1.0
-74.5 -498.0 508.0 413.0 519.916575271998 646.9722931662035 0.0 1.0
103.5 -497.5 615.0 418.5 623.6484216927681 650.1143004103899 0.0 1.0
104.5 -496.5 618.0 421.0 626.7729325729522 650.9634049362495 0.0 1.0
107.5 -497.0 618.0 422.0 627.2800590296653 651.9916446799084 0.0 1.0
109.5 -496.5 609.0 420.0 618.7678875193773 650.3170380668186 0.0 1.0
24.0 -499.0 596.0 416.5 596.5861656954537 649.9798042803967 0.0 1.0
122.5 -500.5 503.5 412.0 519.3818098415941 648.262867470181 0.0 1.0
128.0 -503.0 536.0 407.0 551.3059863982173 647.0383329710389 0.0 1.0
132.5 -508.0 551.0 403.5 566.7277614113414 648.7502317220547 0.0 1.0
155.0 -514.0 529.5 399.0 551.7211190485505 650.6897540286257 0.0 1.0
155.0 -519.5 505.0 396.5 528.2520811767837 653.5231509715782 0.0 1.0
151.0 -511.5 513.5 325.5 535.241390853862 608.3080649666836 0.0 1.0
124.5 -510.85714285714283 558.0 283.92857142857144 571.7350071915986 585.1729073538386 0.0 0.0
117.5 -516.0 499.5 310.5 513.2643639652305 603.248610581134 0.0 0.0
115.5 -521.1428571428571 385.5 337.07142857142856 402.4528000009351 621.3243138084295 0.0 0.0
123.5 -523.5 394.5 374.0 413.51490698944053 643.5406069453247 0.0 1.0
91.5 -525.0 422.0 394.5 431.80580130492604 656.7027407194706 0.0 1.0
103.5 -523.5 400.0 393.5 413.17354555150786 654.9007426484518 0.0 1.0
139.5 -524.0 372.5 390.5 400.5721373077738 653.5035523514111 0.0 1.0
180.0 -512.5 343.5 391.0 387.8076232914365 644.6219239123081 0.0 1.0
180.0 -513.0 333.5 390.0 378.9754509257151 644.4138202051877 0.0 1.0
94.0 -515.0 349.0 388.0 362.4518459392061 644.8019000450583 0.0 1.0
117.0 -512.0 326.0 382.5 346.42141310354975 639.1013236419508 0.0 1.0
118.0 -510.0 345.5 377.0 365.1103028639685 634.2157729409843 0.0 1.0
122.0 -509.5 354.5 373.0 374.9079146848468 631.4456784697301 0.0 1.0
127.0 -508.5 353.5 371.0 375.6224246964217 629.4547243448094 0.0 1.0
121.5 -507.5 335.0 373.5 356.5743445214641 630.1257810945367 0.0 1.0
104.5 -508.5 238.5 374.5 260.39970501394953 631.5280941410774 0.0 1.0
113.0 -512.3333333333333 239.5 304.29166666666663 264.8192792258616 595.9688089630828 0.0 0.0
115.5 -517.6666666666667 238.0 293.45833333333337 264.5453647297567 595.3273222907007 0.0 0.0
118.0 -523.0 232.0 282.625 260.28532813661377 594.6858356183186 0.0 0.0
92.5 -529.5 246.5 291.0 263.3112007584167 604.3401550198411 0.0 0.0
39.5 -533.0 178.0 345.5 182.3302599874283 635.1956461645391 0.0 1.0
55.0 -527.0 192.5 344.5 200.21745928306729 629.6104548425811 0.0 1.0
46.0 -527.5 189.0 341.5 194.53268154094923 628.3941475407614 0.0 1.0
36.0 -526.0 193.0 336.0 196.33043449472348 624.1570895606103 0.0 1.0
67.5 -527.0 211.0 338.25 223.46913167275275 626.2124824432235 0.0 1.0
317.0 -528.0 337.0 339.5 463.2242374447877 627.7298204297094 0.0 1.0
445.0 -528.75 478.5 341.25 656.1461312042045 629.3101021806524 0.0 1.0
506.75 -532.5 343.25 347.0 613.0369111909392 635.584447559553 0.0 1.0
468.0 -531.5 337.75 351.5 577.1532709814296 637.2191766972054 0.0 1.0
494.25 -531.25 309.5 355.75 584.1320306642422 639.3643286634702 0.0 1.0
480.0 -531.0 298.0 357.75 565.1176402709268 640.2709387288357 0.0 1.0
485.0 -531.5 277.75 359.5 558.9007780568647 641.663852807683 0.0 1.0
497.0 -532.75 264.5 358.0 563.0096622976862 641.8632870021665 0.0 1.0
504.75 -534.25 290.75 353.25 582.5161026537814 640.4784805797215 0.0 1.0
501.5 -536.0 297.0 347.5 582.8711077137567 638.7940713291216 0.0 1.0
463.5 -538.5 308.5 342.25 557.2225972384298 638.066477488705 0.0 1.0
493.75 -540.25 301.5 337.5 578.5291863071451 637.009180150287 0.0 1.0
457.0 -542.0 357.0 332.25 583.2968903083531 635.7358102604398 0.0 1.0
501.75 -542.25 379.25 329.25 629.0423288042891 634.3825495528206 0.0 1.0
501.5 -539.25 371.75 323.5 624.3114134426486 628.8478790469813 0.0 1.0
506.0 -530.75 394.5 311.0 641.6210703753261 615.1620441964326 0.0 1.0
464.5 -529.75 407.75 318.0 618.6918849198149 617.8758235550736 0.0 1.0
462.75 -527.25 422.5 327.25 628.2396443706842 620.562610501956 0.0 1.0
546.5 -524.25 395.75 334.25 675.2136225655304 621.7457082967703 0.0 1.0
553.46875 -531.25 399.00892857142856 358.5 714.7338134968852 640.9669881608763 0.0 1.0
506.09375 -538.0 403.6875 371.0 721.7582744266979 653.518098004008 0.0 1.0
458.71875 -538.5 408.36607142857144 368.25 728.7827353565103 652.3736484053563 0.0 1.0
411.34375 -538.75 413.0446428571429 364.0 735.8071962863229 650.192888542701 0.0 1.0
363.96875 -538.25 417.72321428571433 356.75 742.8316572161355 645.7429975216038 0.0 1.0
316.59375 -538.0 422.40178571428567 354.75 749.8561181459479 644.4312885208035 0.0 1.0
269.21875 -538.25 427.0803571428571 354.75 756.8805790757606 644.6399306661017 0.0 1.0
221.84375 -538.5 431.75892857142856 354.0 763.905040005573 644.4363816545432 0.0 1.0
174.46875 -539.5 436.4375 355.0 770.9295009353856 645.8213762333978 0.0 1.0
127.09375 -539.0 441.11607142857144 357.5 777.9539618651982 646.7822276469878 0.0 1.0
79.71875 -538.5 445.7946428571429 361.5 784.9784227950107 648.5866729557847 0.0 1.0
32.34375 -591.0 450.47321428571433 315.5 792.0028837248233 669.9538712542898 0.0 0.0
-15.03125 -590.5 455.1517857142857 310.5 799.0273446546357 667.158526888475 0.0 1.0
-62.40625 -591.5 459.8303571428571 310.5 806.0518055844484 668.043826412186 0.0 1.0
-109.78125 -592.0 464.50892857142856 308.5 813.0762665142609 667.5599224039742 0.0 1.0
-157.15625 -588.0 469.1875 301.0 820.1007274440734 660.5703725603689 0.0 1.0
-204.53125 -516.0416666666666 473.86607142857144 189.04166666666669 827.125188373886 551.2481541346557 0.0 0.0
-251.90625 -492.20833333333337 478.5446428571429 149.20833333333331 834.1496493036984 521.6580355748438 0.0 0.0
-299.28125 -468.375 483.22321428571433 109.375 841.1741102335111 492.067917015032 0.0 0.0
-346.65625 -444.5416666666667 487.9017857142857 69.54166666666666 848.1985711633235 462.47779845522007 0.0 0.0
-394.03125 -420.70833333333337 492.5803571428571 29.70833333333333 855.2230320931361 432.88767989540827 0.0 0.0
-441.40625 -396.875 497.25892857142856 -10.125000000000014 862.2474930229487 403.29756133559636 0.0 1.0
-488.78125 -313.0 501.9375 -105.0 869.2719539527611 340.47663369585683 0.0 0.0
-536.15625 -368.5 506.61607142857144 -390.5 876.2964148825738 537.6674224100259 0.0 0.0
-583.53125 -291.5 511.2946428571429 -396.25 883.3208758123862 563.1440685008123 0.0 0.0
-630.90625 -354.0887096774194 515.9732142857142 -355.25 890.3453367421988 565.8792478807635 0.0 0.0
-678.28125 -367.5403225806451 520.6517857142858 -314.25 897.3697976720114 568.6144272607148 0.0 0.0
-725.65625 -380.991935483871 525.3303571428571 -273.25 904.3942586018238 571.349606640666 0.0 0.0
-456.5 -394.44354838709677 285.5 -232.25 538.7101081002851 574.0847860206172 0.0 0.0
-619.0 -407.89516129032256 289.0 -191.25 684.0331783769219 576.8199654005684 0.0 0.0
-624.0 -421.3467741935484 258.5 -150.25 675.4246678428633 579.5551447805196 1.0 0.0
-666.0 -434.79838709677415 425.0 -109.25 791.9150325899097 582.2903241604708 0.0 0.0
-641.5 -448.25 293.5 -68.25 707.5285758253805 585.0255035404222 1.0 0.0
-653.0 -461.7016129032258 354.5 -27.25 743.0216868682428 587.7606829203734 1.0 0.0
-559.5 -475.1532258064516 328.5 13.75 649.1584168824206 590.4958623003246 1.0 0.0
-278.75 -488.60483870967744 310.5 54.75 575.680478195864 593.2310416802758 0.0 0.0
28.25 -502.0564516129032 293.16666666666663 95.75 539.1170921448586 595.966221060227 0.0 0.0
335.25 -515.508064516129 275.83333333333337 136.75 502.55370609385307 598.7014004401783 0.0 0.0
593.625 -528.9596774193549 275.75 177.75 654.9917097292002 601.4365798201295 0.0 0.0
557.0 -542.4112903225806 226.5 218.75 601.3712976205725 604.1717592000807 0.0 0.0
500.5 -573.0 299.0 305.5 583.1328157769171 650.5754189077572 0.0 0.0
577.0 -584.5 249.5 371.0 628.7398988237858 692.3021356084225 0.0 1.0
568.5 -578.5 259.5 358.5 624.9704150499217 680.5876823266658 0.0 1.0
612.0 -574.0 278.5 347.5 672.3890285128514 670.9971432384677 0.0 1.0
665.0 -568.5 312.5 345.5 734.7853889134589 665.2537364855764 0.0 1.0
720.0 -545.5 341.0 368.0 796.6687177258473 658.0313909131623 0.0 1.0
719.5 -546.5 341.0 369.0 796.2169642409553 659.414982201235 0.0 1.0
720.0 -543.5 343.5 374.0 797.7419698297207 659.7487549522681 0.0 1.0
719.5 -542.5 350.5 382.5 800.3316136419814 663.7866976763742 0.0 1.0
715.5 -546.5 352.0 396.5 797.3987131633535 675.1847895206171 0.0 1.0
714.5 -551.0 355.0 406.0 797.8316235249696 684.4250493044422 0.0 1.0
330.5 -552.5 234.0 415.0 404.95226073772665 691.0006434915175 0.0 1.0
326.0 -552.5 233.0 418.5 400.7057330862136 693.1107208898936 0.0 1.0
326.5 -553.5 232.5 414.0 400.8222969717418 691.2058664858782 0.0 1.0
486.25 -554.0 265.75 407.0 556.3146832131321 687.4382690284841 0.0 1.0
658.0 -553.0 304.5 405.0 725.0409197556882 685.4458649177845 0.0 1.0
701.0 -551.0 293.0 404.0 759.9373950131701 683.2440782005567 0.0 1.0
512.5 -551.5 229.5 409.5 561.550062605864 686.9083960805413 0.0 1.0
506.0 -552.0 224.0 415.0 553.3700893928458 690.601504124799 0.0 1.0
510.5 -550.5 228.0 415.5 559.1163219758002 689.7036588817746 0.0 1.0
525.5 -548.0 249.0 409.5 581.5099212640548 684.1016474985943 0.0 1.0
526.0 -548.5 265.0 402.0 588.9857404055929 680.0418373551599 0.0 1.0
535.0 -546.0 312.5 386.0 619.5953050640198 668.667832391081 0.0 1.0
524.0 -533.0 308.5 361.0 608.091471502293 643.7654151130916 0.0 1.0
534.0 -504.5 339.5 321.5 632.7890001736266 598.2403483451207 0.0 1.0
503.0 -471.0 305.5 305.5 588.537958785563 561.4012148467627 0.0 1.0
522.0 -462.0 354.0 300.0 630.8848881048409 550.8575275785419 0.0 1.0
510.5 -504.0 343.5 314.0 615.3098391897466 593.8114178760795 0.0 0.0
520.5 -505.0 340.5 310.5 621.9812605232728 592.8211220544111 0.0 1.0
525.5 -489.0 327.5 321.5 619.2313213651576 585.5218102303354 0.0 1.0
386.5 -534.0 262.0 345.5 467.29386156911744 636.0237929773522 0.0 1.0
387.5 -541.5 307.0 345.0 494.37933266572134 642.0648435892081 0.0 1.0
453.0 -548.0 321.0 346.0 555.2190567938221 648.089509514161 0.0 1.0
512.0 -552.5 411.5 347.0 657.3152791404125 652.4302644727634 0.0 1.0
473.5 -556.0 421.0 345.5 634.2453170834867 654.6038878589097 0.0 1.0
485.0 -559.5 395.5 345.5 627.6981632293218 657.579325263846 0.0 1.0
491.5 -551.0 394.0 328.5 630.6591708839728 641.505235117887 0.0 1.0
406.5 -548.0 421.5 317.0 585.5805086928674 633.0821694572332 0.0 1.0
436.5 -546.0 367.0 313.5 571.4383229418765 629.6020297838195 0.0 1.0
410.5 -544.5 296.0 310.5 506.0894788056321 626.8098286935183 0.0 1.0
475.0 -543.5 331.0 309.0 580.8349074022371 625.2011545307168 0.0 1.0
542.5 -542.5 300.5 307.5 620.1689961339816 623.588778359463 0.0 1.0
554.0 -541.0 301.0 309.0 630.4901046671122 623.0296452863215 0.0 1.0
532.5 -543.5 294.0 320.5 608.4375211357103 630.961592514171 0.0 1.0
560.5 -546.0 292.5 325.0 632.2387913972345 635.4063145705236 0.0 1.0
563.5 -547.0 282.5 327.5 631.521804891142 637.5464171581054 0.0 1.0
292.0 -547.5 302.0 330.0 435.3120266395928 639.262413551153 0.0 1.0
-13.25 -548.0 272.875 331.0 292.6264649289817 640.2076952354832 0.0 1.0
-227.0 -543.5 261.0 328.0 348.1467198294497 634.8041263341156 0.0 1.0
-430.5 -542.0 248.0 327.0 501.92344862966235 633.0031823306202 0.0 1.0
-632.0 -540.0 215.0 325.0 668.8962993433471 630.2579068067995 0.0 1.0
-632.0 -537.5 329.0 323.0 717.4057473010166 627.0847464666416 0.0 1.0
-608.0 -534.5 256.0 322.0 661.0677573893597 623.9986510970566 0.0 1.0
-599.5 -535.5 261.0 349.5 655.2889469728656 639.4640687280835 1.0 1.0
-574.0 -533.0 215.5 360.0 613.1206420516478 643.1867315798178 1.0 1.0
-561.0 -531.0 218.5 368.0 602.0498137107583 646.0534033653875 1.0 1.0
-545.5 -528.0 225.5 372.0 590.2754642810348 645.8854387582987 1.0 1.0
-456.45 -526.5 247.25 372.5 571.8235253945809 644.9484475522055 1.0 1.0
-126.25000000000003 -525.0 252.25 369.0 489.1826067666546 641.7056703311339 0.0 1.0
203.95 -523.5 257.25 361.5 406.54168813872826 636.1875358107909 0.0 1.0
618.0 -520.0 340.0 350.5 705.6815546248097 627.098533256909 0.0 1.0
428.5 -506.5 388.5 308.5 581.1989963767473 593.0552821186498 0.0 1.0
444.0 -497.5 407.5 297.5 602.7395991539722 579.6658520216625 0.0 1.0
645.5 -487.0 375.875 286.5 702.9540539017466 565.0232296109604 0.0 1.0
469.75 -481.0 284.0 282.0 549.0379003147686 557.5706518867585 0.0 1.0
406.0 -478.0 339.5 287.0 529.3412164337691 557.5419266745776 0.0 1.0
468.0 -488.5 354.5 323.0 588.9170277815706 585.6868546572948 0.0 1.0
520.0 -498.5 336.0 353.5 619.2624038241743 611.1178964370029 0.0 1.0
555.0 -508.0 347.5 371.5 654.8161513407931 629.3464476881929 0.0 1.0
473.0 -516.0 313.5 382.0 568.5657078628979 642.012751283492 0.0 1.0
492.5 -522.5 336.5 382.5 598.8765068549799 647.5435605194398 0.0 1.0
548.0 -496.8125 348.5 276.4375 649.4356070826882 569.8543833862365 0.0 0.0
446.0 -470.0625 308.5 200.1875 544.2079138326169 514.0374533280092 0.0 0.0
562.5 -469.375 344.0 177.375 659.3907978973504 503.4914740752458 0.0 0.0
506.0 -512.5 381.5 298.5 635.0612073532769 593.5421586809455 0.0 1.0
420.0 -523.0 371.5 301.5 560.976119690811 603.6816793767333 0.0 1.0
416.0 -512.0 408.5 307.0 583.0865839916664 596.9878012375932 0.0 1.0
414.0 -496.0 400.0 316.5 575.6784704884949 588.6380230847112 0.0 1.0
406.5 -501.5 404.5 335.0 573.4654517785082 603.1027018414104 0.0 1.0
511.5 -514.0 407.0 354.5 658.2449704665146 624.3936366533185 0.0 1.0
623.5 -519.0 427.0 385.0 760.3171308585931 646.2120639088012 0.0 1.0
395.0 -516.0 334.0 388.0 517.2826541102996 645.6004956627589 0.0 1.0
400.0 -515.0 330.0 384.5 518.5561642140719 642.7015248153687 0.0 1.0
401.0 -514.0 334.0 379.0 521.8852676570132 638.6216781464412 0.0 1.0
402.0 -513.0 328.5 374.5 519.1516485427313 635.1534478743902 0.0 1.0
404.0 -508.5 354.5 350.5 537.4819206117293 617.7211397327178 0.0 1.0
486.5 -506.0 372.5 333.0 613.7162907550834 605.7433618223117 0.0 1.0
403.5 -506.5 358.0 334.0 539.4282949051621 606.7114056869034 0.0 1.0
403.0 -507.5 333.0 335.5 522.7796804170654 608.3721508827898 0.0 1.0
540.5 -509.0 355.5 337.0 646.9470013471926 610.4506532063014 0.0 1.0
480.0 -510.5 337.5 339.5 587.3175063387218 613.0831781949605 0.0 1.0
394.5 -519.5 312.0 367.0 502.9656089640167 636.0577149678751 0.0 1.0
392.5 -518.0 309.5 364.0 499.8465040121291 633.1035323236013 0.0 1.0
391.0 -516.5 309.25 358.5 498.51447112095616 628.7245150208859 0.0 1.0
391.0 -514.0 307.5 348.5 497.43126948213967 621.0058373316631 0.0 1.0
585.5 -511.5 347.5 340.0 681.0563499551411 614.1924970149066 0.0 1.0
589.5 -510.0 348.0 340.5 684.9433041120767 613.2212080481236 0.0 1.0
471.0 -508.0 448.0 348.0 651.0090346003708 615.7661893933443 0.0 1.0
456.5 -497.0 404.5 346.0 616.0298285412443 605.5787921933465 0.0 1.0
470.0 -495.5 279.0 352.0 546.5721842844339 607.8030325058244 0.0 1.0
506.5 -495.5 361.0 350.5 621.9921702763661 606.9358833552061 0.0 1.0
501.0 -498.0 349.0 345.5 610.5771505812227 606.1140569232824 0.0 1.0
495.0 -508.0 331.0 347.5 595.4713870156315 615.4961772995275 0.0 1.0
574.5 -515.0 336.5 352.5 666.3199594708935 624.0845848366052 0.0 1.0
411.0 -520.0 396.5 357.5 573.8338800983252 631.0359183428159 0.0 1.0
347.5 -521.5 341.5 367.5 487.2256577213967 637.9800267774242 0.0 1.0
444.5 -520.0 389.0 373.0 594.436845167062 639.9446578163689 0.0 1.0
530.0 -518.5 365.5 373.5 643.8865067233446 639.0201703602988 0.0 1.0
544.5 -515.5 397.5 373.0 674.3759404443867 636.2971937494381 0.0 1.0
543.5 -516.0 382.0 371.5 664.3179082880106 635.8209260475783 0.0 1.0
537.5 -510.5 414.5 351.0 678.9047901099318 619.5521185223415 0.0 1.0
528.5 -507.5 391.5 339.0 657.7119191897427 610.3107190398453 0.0 1.0
529.0 -506.5 394.16666666666663 339.5 678.3464526663688 609.7576772703517 0.0 1.0
648.625 -503.0 416.83333333333337 340.0 780.885657343664 607.1323466832763 0.0 1.0
672.0 -492.5 408.5 343.5 786.4203584468656 600.4570494095552 0.0 1.0
559.5 -398.63157894736844 350.5 341.35526315789474 660.7370615955632 613.519382380656 0.0 1.0
485.125 -273.4736842105263 278.75 337.82894736842104 560.1321619692751 630.5544501883669 0.0 1.0
451.0 -148.3157894736842 249.0 334.3026315789474 515.6810848565088 647.5895179960778 0.0 1.0
373.0 -23.15789473684208 231.5 330.77631578947364 439.000490295448 664.6245858037887 0.0 1.0
441.5 102.0 244.5 327.25 505.3365751475064 681.6596536114996 0.0 1.0
438.0 227.15789473684214 251.5 323.72368421052636 505.69207961119275 698.6947214192106 0.0 0.0
506.5 352.3157894736843 272.5 320.1973684210526 575.1535388955118 715.7297892269216 0.0 0.0
565.5 477.47368421052636 304.0 316.67105263157896 642.5780951266072 732.7648570346325 0.0 0.0
569.0 602.6315789473684 313.5 313.14473684210526 650.3607080994846 749.7999248423434 0.0 0.0
503.5 693.5 343.5 284.5 609.5127319715308 749.9385231295892 0.0 0.0
509.0 650.5 317.0 275.0 599.642160401216 706.2456860650296 0.0 0.0
585.0 586.0 330.5 274.0 672.8484549086577 646.9160308524157 0.0 0.0
663.5 553.5 327.0 282.5 739.7057579721393 621.4425522477901 0.0 0.0
380.5 533.0 297.0 288.5 483.05577440804643 606.0772367691036 0.0 0.0
384.0 522.5 341.5 291.5 513.9680992835617 598.3136824723272 0.0 0.0
385.5 519.5 327.0 287.5 505.51594850951585 593.74804648117 0.0 0.0
388.0 512.5 337.5 279.5 514.2611033005497 583.7607635878883 0.0 0.0
390.0 509.0 349.5 276.0 523.6940097424631 579.0148245257121 0.0 0.0
391.5 505.5 366.0 273.0 535.9369211076705 574.5078339260442 0.0 0.0
392.5 502.0 344.0 270.5 521.9126512823495 570.2405687555736 0.0 0.0
391.0 500.0 335.5 269.0 515.2105497838909 567.7688425909846 0.0 0.0
459.0 495.5 334.5 279.5 569.2651638933637 568.9430036546689 0.0 0.0
391.5 495.5 346.5 289.0 522.8141871327172 573.6215804876789 0.0 0.0
388.0 496.5 317.5 291.5 501.3484366621279 575.74690620098 0.0 0.0
448.0 499.5 337.5 298.0 562.5165334016477 581.6392782472656 0.0 0.0
394.5 501.0 371.0 305.0 541.5472614702326 586.537320139591 0.0 0.0
395.5 499.5 372.5 308.0 543.3024955433839 586.8255930199284 0.0 0.0
464.0 497.0 354.5 306.5 585.2292618082909 583.9103326792533 0.0 0.0
515.5 495.5 359.5 302.5 628.4760203914498 580.5399301711175 0.0 0.0
384.5 493.5 340.5 298.5 513.5961430590621 576.753572190902 0.0 0.0
444.5 482.5 337.5 292.0 558.1391288945761 563.982411666421 0.0 0.0
378.5 463.0 352.0 287.5 516.8903155619644 545.0009626746399 0.0 0.0
449.0 455.5 351.0 288.0 572.0002755004119 538.9105079664789 0.0 0.0
373.5 451.0 356.0 290.0 516.0627551580656 536.1914700192847 0.0 0.0
371.0 466.0 324.0 294.5 492.5711799085936 551.259434927879 0.0 0.0
502.0 466.0 322.0 298.0 596.3993327220107 553.1365236621521 0.0 0.0
370.0 468.0 321.0 298.5 489.8716594990095 555.0912208834013 0.0 0.0
430.5 472.5 311.0 295.5 531.757479930457 557.2960272916368 0.0 0.0
369.0 473.5 288.0 302.0 468.08770342345684 561.6104284226072 0.0 0.0
383.0 463.5 295.0 300.5 483.4398058032693 552.3896156257483 0.0 0.0
451.0 465.0 317.5 290.5 552.1060595376371 548.2865405185357 0.0 0.0
353.5 468.5 280.0 293.0 451.08882356750456 552.5770803341848 0.0 0.0
358.0 470.5 321.5 292.5 482.078520731124 554.0097280303347 0.0 0.0
537.5 472.5 331.5 292.0 631.6432841600185 555.4463448190945 0.0 0.0
553.5 481.0 328.0 294.0 643.3865865534383 563.7370379130562 0.0 0.0
607.5 488.5 343.5 314.0 698.2571115403975 580.8205704377457 0.0 0.0
396.5 490.0 287.0 331.5 489.47162034564803 591.6014946703912 0.0 0.0
392.5 489.5 303.0 331.0 495.8493505922929 590.9072079807784 0.0 0.0
390.0 489.0 318.5 331.0 503.56168065542295 590.4931595254689 0.0 0.0
400.5 488.5 333.0 329.5 520.8559264257457 589.2389158906598 0.0 0.0
463.0 488.0 350.5 328.0 581.7966786183059 587.986540836419 0.0 0.0
406.5 487.5 342.0 326.5 531.2309795331597 586.735607054529 0.0 0.0
410.5 486.5 364.0 325.5 548.6460226239317 585.3483344932288 0.0 0.0
547.5 485.0 329.0 325.0 639.0985682937071 583.8240156275165 0.0 0.0
660.05 484.0 266.7 325.0 712.4778128796893 582.9931388961623 0.0 0.0
658.25 475.5 225.5 295.5 697.4583497039359 559.840132677325 0.0 0.0
656.45 474.5 184.3 295.0 682.4388865281826 558.7267601697198 0.0 0.0
422.0625 473.0 236.3125 294.0 483.81436912193175 556.9250166532918 0.0 0.0
490.3125 474.0 293.5625 293.0 571.6563536317442 557.2477244238269 0.0 0.0
450.5 475.0 303.0 292.0 543.4189265712627 557.5745225232907 0.0 0.0
524.5 477.0 350.0 290.5 630.6261250236716 558.4973747815989 0.0 0.0
460.0 479.0 488.5 290.5 678.8395973185986 560.2064351647524 0.0 0.0
395.5 480.5 466.5 290.5 611.7422804009809 561.4895623484504 0.0 0.0
390.5 480.0 425.0 291.0 577.1712871599457 561.3207639131124 0.0 0.0
474.0 479.0 420.0 291.5 635.9963561374691 560.7257061738694 0.0 0.0
456.0 478.0 400.5 292.5 608.5974663160299 560.3929424966021 0.0 0.0
515.0 477.0 375.0 292.0 637.0864628255933 559.2791627199556 0.0 0.0
515.5 474.0 363.0 292.0 630.4835688883406 556.7225520849681 0.0 0.0
512.5 472.5 352.5 291.0 622.0229095459426 554.9209403149245 0.0 0.0
508.5 472.5 340.0 290.0 611.6962072793978 554.3972195916554 0.0 0.0
389.0 473.0 301.0 289.0 491.8556780221162 554.3015262846905 0.0 0.0
402.0 474.5 350.5 290.0 533.3942226584986 556.1027944427635 0.0 0.0
372.375 476.5 298.125 290.0 477.07953934331243 557.8102881549081 0.0 0.0
368.0 479.5 290.0 290.5 468.5345418423883 560.6340759562813 0.0 0.0
365.0 481.5 326.0 289.5 489.39274591318883 561.8296264853853 0.0 0.0
358.5 485.0 298.5 289.0 466.50294303942576 564.5760050759566 0.0 0.0
434.0 486.5 326.5 287.0 544.248224306996 564.8462180098226 0.0 0.0
364.0 485.0 318.0 287.75 483.3800797202188 563.9376959049007 0.0 0.0
366.5 480.25 342.0 300.25 501.28459980334526 566.3843158027446 0.0 0.0
367.5 479.75 333.0 302.5 495.9830068787253 567.1571840208999 0.0 0.0
433.25 479.5 352.0 304.5 560.2009852235456 568.0151517531755 0.0 0.0
348.75 479.0 346.5 306.75 491.6188506904583 568.8042817738758 0.0 0.0
350.75 478.5 332.0 309.5 483.239596096014 569.8719911827246 0.0 0.0
442.25 490.0 348.5 321.0 565.3921180462423 585.782382980708 0.0 0.0
360.5 493.75 357.5 323.5 508.0273421612727 590.2894381465696 0.0 0.0
374.75 494.5 308.5 320.75 485.39672363476626 589.4196103784585 0.0 0.0
454.25 493.75 330.0 314.5 562.4861929443359 585.4159926407174 0.0 0.0
375.75 490.75 344.0 302.5 509.44333279613375 576.521058005098 0.0 0.0
378.0 486.0 346.5 286.25 512.7935785094411 564.0622939315892 0.0 0.0
381.5 480.75 339.0 275.25 510.37644065311326 553.9717811648641 0.0 0.0
384.5 477.75 338.5 275.5 512.558367524689 551.5070776014998 0.0 0.0
394.25 477.0 355.75 285.5 531.1190077200212 555.9368270591544 0.0 0.0
396.25 470.75 360.75 294.75 535.869429880876 555.4610565227531 0.0 0.0
442.5 468.75 342.5 312.25 561.151517937028 563.2912477152321 0.0 0.0
455.0 464.5 341.5 333.75 570.164469887888 572.040024594826 0.0 0.0
459.75 459.75 339.5 347.5 573.127121349841 576.3096668111624 0.0 0.0
391.25 453.75 336.5 348.5 516.0762151603552 572.1389229832024 0.0 0.0
387.75 452.75 348.0 342.25 521.0317942621052 567.5577493086901 0.0 0.0
461.0 454.75 350.0 331.75 580.6905906228844 562.902115928492 0.0 0.0
512.5 455.25 333.5 321.25 611.4928865540894 557.1863264987932 0.0 0.0
380.5 454.75 318.5 318.5 496.2357325224867 555.1973440838424 0.0 0.0
382.75 454.5 347.75 321.0 517.7403538830445 556.4320993783156 0.0 0.0
445.0 454.125 272.5 322.625 522.8661440551413 557.0624212408634 0.0 0.0
509.75 454.5 282.25 325.5 582.7609559332986 559.0354776267825 0.0 0.0
509.25 453.5 287.0 329.0 584.56391520683 560.2710012338024 0.0 0.0
508.0 452.5 294.0 329.5 586.9466694194898 559.7558962377766 0.0 0.0
510.0 450.5 296.0 330.5 589.6791439667111 558.731588929987 0.0 0.0
511.0 449.0 302.0 329.0 593.5715232849782 556.6356211702247 0.0 0.0
510.0 449.5 299.5 326.5 591.4391614260037 555.5656168457691 0.0 0.0
505.5 448.5 287.0 325.5 581.2914197519215 554.168535630604 0.0 0.0
496.0 449.5 282.5 322.0 570.8150494349155 552.9328500887127 0.0 0.0
524.5 450.5 329.5 319.5 619.450750264904 552.2957393136537 0.0 0.0
386.5 453.0 302.5 318.0 490.8089779271981 553.4736511595493 0.0 0.0
600.5 455.0 325.0 314.0 683.7377668634397 552.8304294602788 0.0 0.0
649.5714285714286 457.5 293.9642857142857 310.5 713.0308724279625 552.9164302493016 0.0 0.0
663.8571428571429 459.5 309.82142857142856 308.0 732.7250161542856 553.1766648168125 0.0 0.0
678.1428571428571 461.5 325.67857142857144 308.0 752.4191598806086 554.8390964609348 0.0 0.0
692.4285714285714 463.0 341.5357142857143 305.0 772.1133036069317 554.4312401010607 0.0 0.0
511.0 469.0 309.0 303.5 598.3671117775035 558.6382366368495 0.0 0.0
383.5 472.0 276.75 302.0 472.93102300676367 560.3464797628483 0.0 0.0
417.5 471.0 400.0 297.0 579.2346326396023 556.8214964198334 0.0 0.0
398.25 472.0 327.25 293.0 515.5941325253805 555.5481273857395 0.0 0.0
378.5 473.5 332.5 292.0 503.81649734339305 556.2970709253774 0.0 0.0
501.0 475.0 385.5 295.5 632.1997399501595 559.4152574279948 0.0 0.0
515.5 479.0 401.5 298.0 653.4084112135333 564.1329800020708 0.0 0.0
381.0 484.0 453.5 317.5 592.3330072845679 578.8750744478208 0.0 0.0
394.5 482.0 417.0 324.0 574.0666091679532 580.7753438292641 0.0 0.0
471.0 482.0 415.5 324.5 629.9886872325078 581.0545774955735 0.0 0.0
402.5 481.0 396.0 324.0 564.7029028954444 579.945687112164 0.0 0.0
412.5 482.0 424.0 322.0 591.5532281857531 579.6619704620962 0.0 0.0
468.0 481.5 409.0 318.0 623.1739026633521 577.0322781266226 0.0 0.0
486.0 472.5 428.5 299.0 648.8702578012894 559.1577114547727 0.0 0.0
486.5 471.5 399.0 297.0 630.5237960284873 557.2449783830622 0.0 0.0
564.5 468.5 394.5 295.5 688.7213978707683 553.906602584842 0.0 0.0
507.5 464.5 360.0 294.0 622.9807942557661 549.7238593208003 0.0 0.0
668.1428571428571 455.0 371.0 296.5 764.2416092925885 543.0815298569265 0.0 0.0
696.7142857142858 403.1363636363636 391.0 306.6590909090909 798.9519355418317 520.0840363644489 0.0 0.0
725.2857142857142 335.3181818181818 411.0 320.20454545454544 833.6622617910748 490.5377938277408 0.0 0.0
753.8571428571429 267.5 431.0 333.75 868.3725880403181 460.9915512910327 0.0 0.0
766.25 199.6818181818182 428.125 347.2954545454545 877.7583780936402 431.4453087543245 0.0 0.0
667.0 131.8636363636364 429.0 360.8409090909091 795.6108950703017 401.89906621761634 0.0 0.0
607.5 -13.5 449.5 271.5 755.879195930373 291.41771035583145 0.0 0.0
671.5 -223.6875 395.0 179.3125 780.2855167085095 298.8407245512044 0.0 0.0
747.0833333333333 -377.9375 368.5 189.0625 833.6681273953704 426.5003087573733 0.0 0.0
743.4166666666667 -740.875 302.5 331.0 803.2754072970472 808.5411246101207 0.0 0.0
751.5 -658.5 300.5 325.0 809.4636113573157 734.359342009478 0.0 0.0
744.5 -609.5 281.0 297.5 795.7663737958329 678.2566467238538 0.0 0.0
738.6428571428571 -587.5 283.5 301.0 791.2676346790345 660.1246968857248 0.0 1.0
731.5 -575.5 289.5 301.5 786.8346831650397 649.701063576993 0.0 1.0
724.3571428571429 -593.0 295.5 318.0 782.4017316510451 672.9618136876354 0.0 1.0
659.5 -606.0 279.0 321.0 716.0978451168498 685.7675638227199 0.0 1.0
342.0 -609.0 536.5 319.0 636.4008639049752 687.490262633358 0.0 1.0
445.875 -604.0 411.875 316.5 607.1155068821759 681.9023540065765 0.0 1.0
514.0 -592.0 391.0 317.5 650.8507132422118 671.7697808586568 0.0 1.0
646.0 -579.0 338.5 327.5 730.8686120497414 665.2113052882862 0.0 1.0
696.375 -557.5 322.08333333333337 329.0 767.252130434117 647.3499380886037 0.0 1.0
649.875 -541.0 300.41666666666663 333.5 715.9523340712342 635.5427970706836 0.0 1.0
603.375 -534.0 278.75 336.0 664.6525377083514 630.9160630716407 0.0 1.0
583.0 -533.5 295.0 337.0 653.7728997319506 631.0240259317236 0.0 1.0
544.5 -535.0 317.5 339.0 630.6172677536323 633.360876594063 0.0 1.0
505.5 -536.5 338.0 341.5 608.0952239865978 635.9673733769681 0.0 1.0
503.0 -535.0 329.0 343.0 601.0427493132461 635.5111935922364 0.0 1.0
497.5 -532.5 359.0 346.0 613.5632668090052 635.0373420395532 0.0 1.0
480.0 -531.0 334.0 347.5 584.7710201408836 634.6002088217529 0.0 1.0
482.75 -527.5 374.25 348.5 611.620457585761 632.2254186283519 0.0 1.0
484.5 -506.0 397.5 327.0 626.8386491643416 602.5254067856521 0.0 1.0
480.5 -498.5 418.0 311.5 636.8829395727383 587.8219796805645 0.0 1.0
492.5 -497.0 387.5 311.0 626.6690468239052 586.2849736661133 0.0 1.0
493.5 -495.0 411.0 315.0 642.4439142831654 586.7282164682384 0.0 1.0
520.25 -492.0 382.5 321.5 645.8517301491313 587.7298059549078 0.0 1.0
524.0 -500.0 373.5 338.5 643.6764914288894 603.8223719516835 0.0 1.0
503.41666666666663 -506.0 272.08333333333337 355.5 572.5577551949582 618.3984765095273 0.0 1.0
503.08333333333337 -510.5 246.41666666666669 359.0 561.2258287582696 624.0923527269158 0.0 1.0
502.75 -513.5 220.75 358.5 549.893902321581 626.262325228015 0.0 1.0
507.5 -515.0 217.0 354.0 552.0835569385448 624.9383165295698 0.0 1.0
500.5 -513.5 228.0 347.0 550.0522942231714 619.7516886214999 0.0 1.0
493.0 -507.0 258.5 336.5 556.6658260336969 608.5074113165483 0.0 1.0
390.5 -505.5 282.0 335.0 482.03772706175687 606.4284159812161 0.0 1.0
441.5 -505.0 257.0 332.5 511.0047852140283 604.6331700697667 0.0 1.0
434.5 -504.0 262.5 330.5 507.6773244798493 602.6991544025511 0.0 1.0
500.0 -504.5 260.5 330.5 563.8111333241882 603.1173358545136 0.0 1.0
501.0 -503.0 255.5 330.5 562.4121637212327 601.8632115235727 0.0 1.0
491.5 -502.5 308.5 331.0 581.1793303578131 601.7203051664924 0.0 1.0
553.0 -502.0 295.5 331.0 627.0047164478024 601.302752363566 0.0 1.0
521.15 -501.5 271.6 333.0 587.7783188215506 601.9894737436515 0.0 1.0
493.75 -502.0 242.0 335.5 550.168085620427 603.7915617164585 0.0 1.0
466.35 -503.5 212.4 337.0 512.5578524193033 605.8723688583198 0.0 1.0
452.0 -511.0 271.0 339.5 527.1628237060904 613.4992009255051 0.0 1.0
448.0 -519.0 317.0 347.0 548.919788870279 624.3156871574164 0.0 1.0
444.0 -522.0 315.5 354.0 544.6843910435866 630.7138953103681 0.0 1.0
442.0 -512.5 315.5 350.0 543.0514823353551 620.6944521131788 0.0 1.0
521.775 -507.5 232.05 321.25 626.8747176976092 600.9370258583616 0.0 0.0
284.875 -506.83333333333337 250.25 303.58333333333337 638.5618968734719 591.2015328709599 0.0 0.0
47.974999999999994 -506.16666666666663 268.45 285.91666666666663 650.2490760493347 581.4660398835581 0.0 0.0
-188.925 -486.5 286.65 379.5 661.9362552251976 617.1732729897265 0.0 0.0
-425.825 -505.0 304.85 386.5 673.6234344010604 635.9344325418834 0.0 1.0
-599.5 -501.0 292.0 373.5 667.19690171324 624.9061180176293 0.0 1.0
-641.5 -484.5 310.0 355.0 712.8043718073277 600.6392565290682 0.0 1.0
-672.0 -480.5 224.0 342.0 708.3502664649577 589.7836350845088 0.0 1.0
-666.0 -488.5 220.0 330.0 701.3959149334607 589.5192575697727 0.0 1.0
-658.0 -497.0 215.25 326.0 692.3141947317362 594.3778259659423 0.0 1.0
-652.0 -497.0 212.5 326.5 685.7557023888091 594.6541417543942 0.0 1.0
-649.1666666666667 -496.0 211.16666666666669 332.0 682.6483280880448 596.8588491343638 0.0 1.0
-645.8333333333333 -487.0 209.83333333333331 336.0 679.0660791420838 591.6636746109402 0.0 1.0
-643.125 -483.5 222.625 332.0 680.6087483587471 586.5161168205773 0.0 1.0
-633.5 -484.0 186.0 335.0 660.2415619854552 588.6366447487677 0.0 1.0
-667.0 -487.0 202.0 341.0 696.9178967516889 594.516751448522 0.0 1.0
-675.5 -485.0 203.0 338.5 705.3442955954376 591.4458681842495 0.0 1.0
-681.5 -491.0 199.0 345.5 709.9600813917614 600.3791554093223 0.0 1.0
-683.0 -498.0 201.0 357.5 711.9620776417801 613.0343458856158 0.0 1.0
-683.5 -505.5 202.0 359.0 712.7245401146622 620.0096085804123 0.0 1.0
-682.5 -511.5 203.0 356.5 712.0500476226497 623.4793005349985 0.0 1.0
-680.5 -509.5 202.0 348.5 709.848127136165 617.2864003037812 0.0 1.0
-702.5 -500.5 281.5 338.0 759.4935881242609 603.9406662116888 0.0 1.0
-696.0 -499.5 211.0 333.5 727.2830695949915 600.6017815504374 0.0 1.0
-215.5 -506.5 206.5 331.0 537.7254319571305 605.0646659655479 0.0 1.0
97.08333333333333 -508.5 202.25 328.0 418.39723506449377 605.1162802277664 0.0 1.0
-140.1388888888889 -499.0 214.58333333333331 325.5 528.3038680708969 595.778254720957 0.0 1.0
-377.36111111111114 -494.0 226.91666666666669 325.5 638.2105010772999 591.5969466399487 0.0 1.0
-614.5833333333334 -494.5 239.25 328.5 748.1171340837029 593.6686958057905 0.0 1.0
-842.5 -497.0 258.0 335.5 881.1363292789747 599.6422230452903 0.0 1.0
-853.0 -499.5 257.5 344.5 891.019255635297 606.7803842800316 0.0 1.0
-886.0 -500.5 267.0 356.0 925.3569065576438 614.1989907822337 0.0 1.0
-784.5 -501.5 226.5 369.5 816.6656857736411 622.9227548925522 0.0 1.0
-734.0 -501.0 185.5 380.0 757.0783478715281 628.8091994055665 0.0 1.0
-746.0 -497.5 197.5 388.0 771.7020389339078 630.9123595628481 0.0 1.0
-749.0 -494.5 195.5 393.5 774.107152265977 631.9592550157012 0.0 1.0
-739.5 -491.5 185.0 398.5 762.2906434294131 632.7515352810891 0.0 1.0
-756.5833333333333 -490.5 180.16666666666669 398.5 777.7846139746562 631.9773593665936 0.0 1.0
-756.9166666666667 -491.5 164.83333333333331 402.5 774.702140009762 635.2784032563532 0.0 1.0
-746.0 -494.0 151.5 400.5 761.2281350763 635.9534138567335 0.0 1.0
-786.75 -495.0 202.0 387.0 804.3414003831782 628.3274595649267 0.0 1.0
-765.0833333333333 -496.0 183.25 375.0 786.840146336187 621.8064362662492 0.0 1.0
-735.4166666666667 -494.5 192.25 363.5 760.5158071807098 613.7293492425442 0.0 1.0
-705.75 -493.0 201.25 352.0 734.1914680252328 605.7665933228391 0.0 1.0
-684.0 -491.0 204.5 341.0 713.9246990631914 597.7976246189006 0.0 1.0
-690.0 -493.0 205.5 334.0 719.9518294862795 595.4871954962592 0.0 1.0
-527.55 -493.0 147.1 338.5 645.9351989262794 598.0229259000002 0.0 1.0
-67.74999999999997 -493.0 129.5 345.0 589.1957352846248 601.727658855556 0.0 1.0
392.05 -489.5 111.9 347.0 532.45627164297 600.0167692683684 0.0 1.0
528.0 -488.0 240.5 356.0 584.5952069391033 604.0535180466304 0.0 1.0
653.0 -487.0 228.0 358.0 691.847557518442 604.4282328055658 0.0 1.0
565.125 -487.5 377.125 353.0 688.8907527035303 601.8848195402242 0.0 1.0
728.0 -493.5 242.0 362.5 767.168885374213 612.4195112783191 0.0 1.0
648.5 -500.5 253.0 380.5 697.2625474758975 628.7138727023671 0.0 1.0
731.5 -500.5 246.5 381.0 771.9239973914804 629.0162898408566 0.0 1.0
659.5 -499.0 264.5 384.5 711.8351170816135 629.9534957950468 0.0 1.0
722.5 -500.0 274.5 389.0 775.2436923110695 633.4991363338387 0.0 1.0
819.0 -500.0 239.5 389.0 853.3005830748946 633.4990134167534 0.0 1.0
806.5 -500.0 229.0 387.5 838.3818068281041 632.5790464439998 0.0 1.0
810.0 -500.0 223.5 386.5 840.2694432097187 631.9673582837568 0.0 1.0
810.5 -500.5 220.5 386.0 839.9586401890662 632.0571572255155 0.0 1.0
808.5 -500.0 219.5 387.0 837.7663933045244 632.2728904399162 0.0 1.0
805.0 -499.5 217.5 388.0 833.8652469074365 632.4906370219596 0.0 1.0
806.0 -498.0 216.0 388.5 834.4412052287155 631.6141269919838 0.0 1.0
802.5 -497.0 212.5 387.0 830.158156933641 629.9031671614297 0.0 1.0
802.0 -479.5 215.0 348.0 830.321172065459 592.7615284087046 0.0 1.0
802.5 -475.5 224.5 301.0 833.3112893818311 563.4139580139815 0.0 0.0
802.0 -481.5 234.5 277.0 835.5807389112254 556.1522166502446 0.0 0.0
636.5 -487.5 263.5 285.5 690.5589143726602 565.3809712018417 0.0 0.0
521.5 -481.5 268.5 338.5 586.5710289816582 588.5861677625537 0.0 1.0
695.0 -473.0 291.5 345.5 753.6561129875731 585.7467456162262 0.0 1.0
698.0 -475.0 288.0 344.0 755.0814525599209 586.4820235866483 0.0 1.0
543.5 -477.0 295.5 345.5 618.6428731199176 588.9815362131482 0.0 1.0
538.0 -477.0 309.5 343.0 620.672673791578 587.5185103466954 0.0 1.0
491.5 -478.0 309.0 339.5 580.5771802462523 586.2974808482969 0.0 1.0
487.5 -493.0 308.0 352.5 576.6480393347348 606.0576801832422 0.0 1.0
488.0 -493.5 328.0 358.0 587.994153882464 609.6773869011361 0.0 1.0
479.0 -495.0 323.0 365.5 577.7290985301786 615.3173260930265 0.0 1.0
456.0 -495.0 322.5 370.0 558.5926977537122 618.0008090609591 0.0 1.0
443.0 -494.5 322.5 372.0 547.9555972870808 618.8011704932067 0.0 1.0
455.0 -493.5 331.5 376.0 562.9592370754906 620.4206934062997 0.0 1.0
447.5 -493.5 314.5 378.0 546.961883287775 621.6319992080604 0.0 1.0
449.5 -494.0 310.0 378.0 546.0338457722977 622.0289382335841 0.0 1.0
451.5 -493.5 316.0 379.0 551.106340753867 622.2405826908625 0.0 1.0
454.0 -494.0 315.5 381.0 552.8621669652296 623.8566796597818 0.0 1.0
454.5 -492.5 327.5 380.0 560.2253625343396 622.058471386102 0.0 1.0
456.0 -492.0 329.5 377.0 562.6683702922246 619.8331690984442 0.0 1.0
452.5 -483.5 321.0 346.5 554.7947945368494 594.8421158088934 0.0 1.0
453.0 -483.0 326.5 338.5 558.4006943676031 589.8061122097668 0.0 1.0
456.0 -482.0 333.5 335.5 564.9428068108697 587.2686083959079 0.0 1.0
457.5 -482.5 331.5 336.5 564.9765481858517 588.2504413990241 0.0 1.0
457.5 -483.0 330.0 339.0 564.097742214775 590.0932129757128 0.0 1.0
460.0 -484.0 328.0 342.0 564.9638623267583 592.6382397850723 0.0 1.0
461.5 -484.0 323.5 344.0 563.5919685109559 593.7947171335367 0.0 1.0
459.0 -484.5 321.0 345.0 560.10906785048 594.781822088619 0.0 1.0
450.5 -485.0 368.5 346.0 582.2125269742082 595.7693896794154 0.0 1.0
484.5 -485.5 330.5 346.0 587.9954052446105 596.1765885699293 0.0 1.0
491.5 -492.5 308.5 351.5 580.5460825913229 605.0690740474517 0.0 1.0
484.5 -493.0 305.0 350.5 572.724023954866 604.8961348341127 0.0 1.0
479.5 -494.5 343.0 350.0 589.6512035595321 605.8302272274387 0.0 1.0
474.5 -496.0 313.0 352.5 568.4362143811568 608.5000114243799 0.0 1.0
472.5 -490.5 317.0 354.0 569.0067513730226 604.9021554118901 0.0 1.0
489.5 -485.0 290.5 352.0 569.2284194910496 599.2738637275199 0.0 1.0
487.0 -485.0 283.5 354.0 563.511464331917 600.4507999042239 0.0 1.0
490.0 -484.5 282.0 353.5 565.3529908678067 599.7521044991443 0.0 1.0
491.0 -484.0 282.5 350.5 566.4691625995857 597.5838133651623 0.0 1.0
492.5 -483.5 286.5 347.0 569.7720431088467 595.131299085885 0.0 1.0
552.5 -493.5 306.0 360.5 631.5793953301518 611.1578027150304 0.0 1.0
554.5 -493.0 315.5 366.5 637.9737934595047 614.3055021729823 0.0 1.0
556.5 -494.0 316.0 369.0 639.9611496849727 616.6012978147617 0.0 1.0
556.5 -495.5 314.5 373.5 639.2204174383546 620.5018208388938 0.0 1.0
555.5 -496.5 316.5 376.0 639.3381381805928 622.8067592428156 0.0 1.0
556.0 -495.5 314.5 376.0 638.7855724739286 622.0099206224072 0.0 1.0
524.0 -495.0 306.0 376.0 606.9052288386013 621.6117425936345 0.0 1.0
410.5 -494.5 283.5 377.0 500.6650096873845 621.8193065513485 0.0 1.0
273.0 -494.5 260.5 378.0 377.3529506554703 622.4262267902984 0.0 1.0
288.5 -494.5 359.5 377.5 461.41259332956133 622.1225763464946 0.0 1.0
279.0 -493.5 324.5 377.0 428.18087758982404 621.0243554000117 0.0 1.0
312.0 -493.5 227.0 375.5 386.3643643679613 620.1150363702724 0.0 1.0
369.15 -487.5 197.5 364.0 421.2379917952993 608.4385740841184 0.0 1.0
437.35 -483.5 185.5 345.0 477.3350455725377 593.9679390552616 0.0 1.0
496.5 -482.5 211.0 342.5 540.234887722561 591.7031909976362 0.0 1.0
497.5 -482.5 282.0 341.5 571.8671787755618 591.1247753224357 0.0 1.0
503.0 -479.0 281.5 342.5 576.4352100444007 588.852485772116 0.0 1.0
524.0 -392.20833333333337 291.0 334.25 599.4009765587513 590.8599863931299 0.0 1.0
507.5 -276.4861111111111 282.5 323.25 580.8758748501657 593.5366538878151 0.0 1.0
531.5416666666667 -160.76388888888889 177.83333333333331 312.25 561.6756507010255 596.2133213825002 0.0 1.0
525.7083333333333 -45.04166666666663 223.16666666666669 301.25 574.77578215979 598.8899888771855 0.0 1.0
519.875 70.68055555555554 268.5 290.25 587.8759136185545 601.5666563718706 0.0 1.0
494.5 186.40277777777783 284.5 279.25 570.5233332348289 604.2433238665559 0.0 0.0
486.5 302.12500000000006 283.5 268.25 563.0861738515002 606.919991361241 0.0 0.0
438.5 417.8472222222223 269.5 257.25 514.7576762743486 609.5966588559263 0.0 0.0
541.5 533.5694444444445 305.0 246.25 621.503729421948 612.2733263506115 0.0 0.0
543.5 606.5 341.0 274.0 641.823543684606 665.5765314290732 0.0 0.0
579.0 593.0 328.0 285.0 666.7664331443291 657.9513351696232 0.0 0.0
601.5 552.5 292.5 280.0 668.8486733274781 619.4019945786961 0.0 0.0
581.5 533.0 287.5 277.0 648.7138335376225 600.6859094684254 0.0 0.0
556.0833333333333 528.0 255.625 273.25 612.1746646960326 594.5194455141141 0.0 0.0
542.4166666666667 503.0 232.125 256.0 590.4968339547304 564.4597083257979 0.0 0.0
528.75 463.25 208.625 235.5 568.8190032134282 519.8103238971116 0.0 0.0
526.5 473.75 228.5 241.25 574.7959134986409 531.6953257600568 0.0 0.0
561.5 498.75 297.5 244.5 635.4448204872151 555.4734581440885 0.0 0.0
524.5 471.5 324.75 267.25 617.5230290763363 541.9736187637618 0.0 0.0
544.5 473.5 314.5 255.0 628.9968998968855 537.9210392258215 0.0 0.0
502.25 487.0 290.0 270.25 579.9629931140937 556.9868863671204 0.0 0.0
543.0 502.75 300.0 272.75 620.3729376328056 571.9704048432768 0.0 0.0
563.0 485.5 300.0 268.5 637.9412205219033 554.7996143630678 0.0 0.0
571.5 482.75 294.5 267.75 642.9172205320637 552.0307154641969 0.0 0.0
525.75 493.75 315.0 269.25 613.3927675514144 562.3931942399518 0.0 0.0
519.5 487.25 308.75 268.0 604.3313146004205 556.091134328406 0.0 0.0
525.25 478.25 309.75 266.25 609.9508669104785 547.3683631753074 0.0 0.0
503.0 489.25 329.5 268.75 601.3483870411094 558.2178827742515 0.0 0.0
515.0 504.5 333.5 271.0 613.5964763372074 572.6797401925513 0.0 0.0
562.0 506.5 333.0 270.25 653.3012590634737 574.0886607618327 0.0 0.0
582.0 511.5 326.5 270.25 667.3824798275621 578.5054797026385 0.0 0.0
574.75 517.75 367.5 270.25 682.970052815743 584.0383249890654 0.0 0.0
564.25 524.0 343.0 269.75 660.7381060462251 589.3565235973654 0.0 0.0
570.5 523.5 324.0 270.5 656.0840535253876 589.2559313936245 0.0 0.0
570.0 451.25 323.5 228.75 655.4029343613099 505.9191177468276 0.0 0.0
566.0 448.25 392.75 228.75 689.0815835531107 503.24411262356 0.0 0.0
489.5 470.25 303.5 235.5 575.9535797901034 525.9296220063692 0.0 0.0
486.75 484.25 312.0 240.25 578.2725426272626 540.572322230214 0.0 0.0
487.5 473.875 297.5 237.0 571.1065418649679 529.8382740749123 0.0 0.0
487.25 487.0 297.75 240.5 571.0233789235283 543.1475827073459 0.0 0.0
489.0 493.5 296.75 242.5 571.997989045822 549.8624261968038 0.0 0.0
488.5 499.5 296.5 243.5 571.4410332936461 555.6910544568292 0.0 0.0
488.0 484.5 295.0 258.0 570.2362287287633 549.0932938464329 0.0 0.0
489.0 469.0 296.5 268.0 571.8683701654347 540.1716999109362 0.0 0.0
495.0 467.5 304.5 269.5 581.1769093432199 539.6170515812096 0.0 0.0
502.0 467.5 318.5 269.5 594.5187185734047 539.6170515812096 0.0 0.0
501.0 468.0 324.5 259.0 596.9111288578731 534.974428524915 0.0 0.0
498.5 517.0 321.0 283.0 592.9114241521578 589.3898122324952 0.0 0.0
496.0 528.5 272.5 287.0 565.9544401813696 601.3994097103854 0.0 0.0
485.0 530.0 257.0 287.0 548.8879715705002 602.7180573750754 0.0 0.0
486.0 530.0 261.5 287.0 551.8861217397543 602.7181707183513 0.0 0.0
509.0 529.0 266.0 286.5 574.33003254956 601.6006205936694 0.0 0.0
458.125 528.0 250.1875 285.5 540.7800683857677 600.2453193835988 0.0 0.0
150.625 528.0 160.9375 285.0 302.296711018858 600.0074999531256 0.0 0.0
-160.5 528.5 86.0 285.5 188.37115288667485 600.6850596717283 0.0 0.0
130.0 528.5 186.0 285.0 366.46899287664564 600.4475756582494 0.0 0.0
512.875 530.5 295.25 284.5 591.7890704989425 601.9722218182835 0.0 0.0
484.5 529.5 265.0 284.5 552.3398858733609 601.0911258144554 0.0 0.0
514.5 514.0 211.5 255.5 556.3869355108324 574.0065041778257 0.0 0.0
520.125 516.0 181.5 252.5 551.7907984250755 574.4669688488852 0.0 0.0
535.625 513.5 160.83333333333331 251.5 560.4095470982834 571.7818640005994 0.0 0.0
551.125 513.0 140.16666666666666 250.5 569.0282957714911 570.8933788370645 0.0 0.0
553.5 505.5 254.0 250.0 609.086790982126 563.9421057910135 0.0 0.0
535.5 496.5 262.5 247.5 596.3919568398825 554.7695861753925 0.0 0.0
542.0 491.5 266.5 246.0 604.0159184985636 549.6266962404815 0.0 0.0
577.0 478.0 269.5 243.0 636.8381789775724 536.2218151651666 0.0 0.0
561.5 461.5 289.0 269.0 632.2941823805628 534.1767020106445 0.0 0.0
528.5 463.0 306.5 273.5 611.0070246661946 537.7464551254615 0.0 0.0
487.5 462.5 267.0 274.0 555.8492797023288 537.5707216164012 0.0 0.0
536.0 463.0 283.5 275.0 606.8316242371493 538.5109381151373 0.0 0.0
525.5 500.0 257.5 288.0 585.1978298665204 577.0130018787115 0.0 0.0
477.5 512.0 254.5 292.5 541.1404482050991 589.6658379597116 0.0 0.0
415.5 522.5 272.0 294.5 496.6383039957539 599.7805346346067 0.0 0.0
519.0 522.5 305.5 293.5 602.2405810833956 599.2901551312152 0.0 0.0
542.5 521.0 318.0 294.0 629.1395295581503 598.2282677884025 0.0 0.0
563.0 520.5 388.0 293.5 683.8100805349925 597.5470692757182 0.0 0.0
492.0 519.5 422.0 292.5 648.5960805432098 596.1849545233425 0.0 0.0
563.5 517.5 370.5 290.0 674.3940460150232 593.2168659099301 0.0 0.0
583.5 479.5 375.5 263.5 693.8879353311572 547.140252470341 0.0 0.0
592.0 494.5 365.5 247.5 695.7834507853624 552.9825512252271 0.0 0.0
597.5 449.5 349.5 248.0 692.2114219746868 513.3760966747084 0.0 0.0
558.5 455.5 317.5 267.5 642.484676195987 528.2391164142988 0.0 0.0
566.5 461.5 271.5 277.0 629.2919951079045 538.2485623270493 0.0 0.0
579.0 468.41666666666663 337.0 237.54166666666669 670.025099574847 525.6846947456158 0.0 0.0
525.0 500.08333333333337 279.0 221.70833333333331 595.8031670354744 548.4907825094429 0.0 0.0
515.5 531.75 271.0 205.875 582.4033184564944 571.2968702732699 0.0 0.0
513.5 578.375 259.5 199.625 575.3704694517367 611.8665428762941 0.0 0.0
537.5 561.5 268.0 222.0 601.0004243721522 604.9169481065996 0.0 0.0
556.5 530.5 251.0 230.0 611.995829777678 579.0350127012093 0.0 0.0
556.5 535.5 239.5 265.0 606.7146273150507 597.4987277194118 0.0 0.0
538.0 558.0 238.5 277.0 588.5455902172885 622.9759829200423 0.0 0.0
535.5 549.0 232.5 310.5 583.7952831731296 630.7333046231023 0.0 0.0
553.0 548.5 243.5 320.5 604.4947501273891 635.27912403146 0.0 0.0
486.5 539.0 275.5 321.0 559.1910860645461 627.3523613952632 0.0 0.0
445.5 525.0 324.0 322.0 551.1228408054758 615.8919536589108 0.0 0.0
524.5 511.0 300.0 326.5 604.2357974644658 606.4123260562446 0.0 0.0
523.5 508.5 303.0 329.0 604.8646817455872 605.6514905789097 0.0 0.0
506.0 507.0 300.5 330.0 588.5139447680556 604.937767392747 0.0 0.0
474.0 508.5 318.5 329.5 571.1719526613593 605.9244823780227 0.0 0.0
479.0 509.5 342.5 328.5 588.8638633785013 606.2199051575507 0.0 0.0
483.5 508.5 349.0 330.0 596.3038860478159 606.1950394986818 0.0 0.0
491.0 509.0 351.0 333.5 603.5637020042527 608.525615657557 0.0 0.0
493.5 541.0 348.0 330.0 603.860265340842 633.9230142311937 0.0 0.0
489.5 513.5 339.0 307.5 595.4341737455572 598.5307826301157 0.0 0.0
487.0 530.5 320.5 301.0 583.0008128500297 610.0937127926491 0.0 0.0
480.5 500.0 316.0 302.5 575.097147919789 584.3854181850193 0.0 0.0
483.5 496.5 304.0 302.5 571.1966054130131 581.3937412129608 0.0 0.0
502.5 506.5 288.5 305.0 579.4294928609032 591.2421246832806 0.0 0.0
508.0 550.5 290.0 304.0 584.9506156680293 628.87662555049 0.0 0.0
513.0 533.40625 294.5 278.03125 591.5238912509408 602.0008221163271 0.0 0.0
508.5 509.28125 289.0 249.40625 584.8881655865782 567.8996668835225 0.0 0.0
499.5 485.15625 276.0 220.78125 570.6815199722437 533.7985116507181 0.0 0.0
499.0 461.03125 336.0 192.15625 602.5176113160587 499.6973564179136 0.0 0.0
500.0 536.0 297.0 295.0 581.557418026145 611.8926615172531 0.0 0.0
493.0 533.0 316.0 308.0 585.8422912873452 615.596946593178 0.0 0.0
490.5 524.0 309.5 311.0 580.1053784360672 609.3436533770779 0.0 0.0
494.0 516.0 313.5 307.0 585.0809797272049 600.4208474621909 0.0 0.0
493.0 519.5 299.5 319.5 576.8456055731731 609.8940886091207 0.0 0.0
480.0 519.0 295.0 325.0 563.44557914147 612.3646703874138 0.0 0.0
468.0 516.5 289.0 328.0 550.042246285815 611.8488104593104 0.0 0.0
465.5 510.0 286.5 329.5 546.6008843851018 607.182233810272 0.0 0.0
520.0 503.0 303.0 331.5 601.9230333417011 602.4128735858069 0.0 0.0
490.0 498.5 271.0 332.0 559.9475281055377 598.9378583725893 0.0 0.0
487.0 499.0 269.5 333.0 556.5964880582089 599.9083263299485 0.0 0.0
487.0 497.5 268.5 332.0 556.1127958627144 598.1059538438624 0.0 0.0
485.5 472.0 269.5 322.5 555.2841614885122 571.65578942762 0.0 0.0
474.0 475.0 263.5 326.5 542.3186310761266 576.3917431114437 0.0 0.0
474.0 476.5 264.5 327.0 542.8086584914402 577.9113860838282 0.0 0.0
477.5 479.0 283.0 325.5 555.0636147624748 579.1298032178581 0.0 0.0
477.5 480.0 283.5 323.0 555.3183771495411 578.5577567715577 0.0 0.0
472.0 480.0 310.5 320.0 564.9882293894676 576.8882707449658 0.0 0.0
473.5 480.0 303.5 320.0 562.419068663228 576.8948712167161 0.0 0.0
470.5 484.5 314.0 318.5 565.664581159172 579.8132762604316 0.0 0.0
487.0 481.0 315.5 322.0 580.4353405672366 578.8307179132773 0.0 0.0
500.0 483.0 289.5 322.5 577.7776868248393 580.771320821262 0.0 0.0
504.5 484.5 285.5 319.0 579.6824533397111 580.0875484724038 0.0 0.0
504.5 484.5 284.5 315.5 579.1896836786549 578.1707952978572 0.0 0.0
506.0 485.0 283.5 316.0 580.0072760507613 578.8620716597186 0.0 0.0
510.5 474.5 281.5 315.0 582.9693532544673 569.5403323808232 0.0 0.0
510.5 444.25 287.5 323.0 585.8896566775396 549.841422367839 0.0 0.0
509.5 413.0 286.0 331.5 584.2828425515676 529.5859231512862 0.0 0.0
510.0 408.0 285.5 331.0 584.4744993141592 525.383563809062 0.0 0.0
511.5 423.0 292.5 326.5 589.2345512468919 534.3514958868775 0.0 0.0
509.5 439.0 292.0 318.5 587.2466974213344 542.3683957634437 0.0 0.0
509.5 458.5 284.0 307.0 583.306472394292 551.8118247129657 0.0 0.0
512.5 485.5 287.0 297.0 587.3890726429315 569.162739226653 0.0 0.0
511.0 502.5 286.5 293.5 585.8356767974708 581.935886748578 0.0 0.0
511.5 510.5 283.5 290.5 584.8121621487012 587.3675122408703 0.0 0.0
509.5 511.0 284.5 289.0 583.5500754672726 587.0659373757633 0.0 0.0
509.0 507.0 285.5 291.0 583.6019619569489 584.5767699797863 0.0 0.0
505.5 504.5 285.0 295.5 580.306332638466 584.6733218485219 0.0 0.0
506.0 501.5 284.0 301.0 580.2518333546832 584.8959875130349 0.0 0.0
507.0 498.5 282.0 306.0 580.149151170055 584.9259084873457 0.0 0.0
507.0 495.0 280.5 313.0 579.4225555055788 585.6574448156906 0.0 0.0
506.0 490.0 276.0 318.5 576.3787471716302 584.4164157626936 0.0 0.0
506.5 492.0 276.0 332.5 576.8173800445056 593.8241440293525 0.0 0.0
509.5 494.5 277.5 335.0 580.1695379845908 597.2899870606311 0.0 0.0
509.5 494.5 281.5 335.0 582.1034605236375 597.2899212275393 0.0 0.0
509.5 494.0 283.0 334.0 582.8202476368294 596.3154185746091 0.0 0.0
510.0 494.5 282.0 334.5 582.7728472241712 597.0104266542596 0.0 0.0
511.0 497.0 281.5 336.0 583.4065906381244 599.9214001165659 0.0 0.0
508.5 494.5 280.0 327.5 580.493506650798 593.1167342213882 0.0 0.0
504.0 503.0 268.0 334.0 570.8685077987303 603.7921827913972 0.0 0.0
497.0 514.5 251.5 342.5 557.0117109476379 618.0748957592639 0.0 0.0
490.5 522.0 247.5 347.5 549.4111010744703 627.0890930653075 0.0 0.0
484.0 537.5 252.5 366.0 545.9057663758845 650.2791654003905 0.0 0.0
491.5 534.0 254.0 364.5 553.2528761930203 646.5418938794681 0.0 0.0
493.5 521.0 281.0 356.0 567.9089173229108 631.0131657849174 0.0 0.0
489.5 513.5 272.0 351.0 559.9957951882074 621.9997623213721 0.0 0.0
480.5 506.5 280.0 349.5 556.1573465926131 615.380476455273 0.0 0.0
484.0 504.5 288.0 347.0 563.2089452035136 612.3154067334921 0.0 0.0
475.5 504.5 277.5 347.5 550.5533633056009 612.5982210591933 0.0 0.0
475.0 504.0 273.5 345.5 548.1126699747579 611.0535329052027 0.0 0.0
471.5 504.0 274.5 341.5 545.5846068988843 608.8010612578521 0.0 0.0
473.0 504.0 280.5 336.0 549.979396030013 605.7336302115768 0.0 0.0
464.0 491.0 263.0 293.0 533.3527811977424 571.7804873251588 0.0 0.0
461.5 490.5 281.5 291.5 540.5782571109376 570.5810062994572 0.0 0.0
459.5 491.0 275.0 296.5 535.516799993891 573.5793319149496 0.0 0.0
460.5 492.5 277.5 300.5 537.6494871540273 576.9375809499951 0.0 0.0
461.5 494.5 263.0 302.0 531.1835538178051 579.4258171616775 0.0 0.0
465.5 499.0 269.0 303.0 537.6643230743799 583.7894421110418 0.0 0.0
484.0 500.5 260.5 302.0 549.6572069683035 584.554802159156 0.0 0.0
499.5 500.0 308.0 298.5 586.8291769555839 582.3249227792385 0.0 0.0
488.0 499.0 300.0 294.0 572.8390426032188 579.1692326082248 0.0 0.0
487.0 496.0 311.0 286.5 577.8326116314804 572.7987757110518 0.0 0.0
485.5 493.0 308.0 277.5 574.9567353728975 565.7344251937373 0.0 0.0
484.5 491.0 305.0 272.0 572.5079221757737 561.3065116315684 0.0 0.0
491.0 491.5 273.0 271.5 561.9000287961414 561.5024146181563 0.0 0.0
466.0 465.5 240.25 235.0 524.3826833921539 521.8400084783807 0.0 0.0
460.0 452.375 228.58333333333331 204.125 513.7912442651183 496.3029653541154 0.0 0.0
454.0 457.54166666666663 216.91666666666669 204.29166666666669 503.19980513808264 501.08667726862825 0.0 0.0
502.5 462.70833333333337 244.5 204.45833333333331 558.8889124349805 505.87038918314107 0.0 0.0
446.0 514.5 252.0 262.0 512.2697178740211 577.4141256058294 0.0 0.0
597.5 496.0 272.0 297.5 657.214236156221 578.3789910181538 0.0 0.0
489.0 496.5 312.5 295.0 580.3548698919294 577.5274979198225 0.0 0.0
485.0 494.0 292.5 291.5 566.4521317065785 573.5926326831805 0.0 0.0
476.5 496.0 270.5 293.5 547.9257626260833 576.3318793584025 0.0 0.0
480.5 495.0 269.0 297.0 550.709489990914 577.2642949087594 0.0 0.0
462.0 494.0 273.0 302.0 536.6333844979575 578.9991601814218 0.0 0.0
458.0 493.5 286.0 306.5 539.9911093397586 580.934316777714 0.0 0.0
456.5 491.0 299.0 309.0 545.7137544191928 580.1409256212554 0.0 0.0
457.5 486.5 295.0 308.5 544.3633222227238 576.0684270526297 0.0 0.0
457.0 483.5 297.5 306.0 545.3035414848162 572.1960101725169 0.0 0.0
457.0 483.0 296.0 298.0 544.4860162193638 567.5344649349388 0.0 0.0
457.5 481.0 284.5 288.5 538.7453663066269 560.8867848591378 0.0 0.0
455.5 479.0 271.0 276.0 530.0202209753498 552.8270531978894 0.0 0.0
449.0 477.5 269.5 267.0 523.6715057332631 547.0790075049957 0.0 0.0
453.0 477.0 275.0 260.5 529.9377588031653 543.4976635921815 0.0 0.0
459.0 483.0 283.0 276.0 539.2311307593818 556.4424930679581 0.0 0.0
464.0 491.0 290.5 302.0 547.4361336255363 576.441694254771 0.0 0.0
462.0 494.5 289.5 310.0 545.2103451761072 583.6353955881356 0.0 0.0
463.5 497.0 288.0 323.0 545.6889501940313 592.7377341990186 0.0 0.0
495.5 500.0 345.5 332.0 605.7156850332353 600.1889596045933 0.0 0.0
504.0 506.0 298.0 338.0 585.5083525845823 608.5063837429107 0.0 0.0
541.0 507.5 319.0 339.5 628.0462639684474 610.5872632004139 0.0 0.0
509.0 506.5 304.5 337.0 593.1294065326217 608.3707929278928 0.0 0.0
527.5 507.0 312.0 328.5 612.8623768714532 604.1202281003343 0.0 0.0
507.5 507.5 303.5 321.0 591.328794260616 600.4975221550592 0.0 0.0
504.0 506.5 294.5 314.5 583.7348129487485 596.198524347052 0.0 0.0
506.0 506.0 295.0 311.0 585.7143106264687 593.9337911403348 0.0 0.0
522.5 505.5 305.5 312.0 605.2608383868527 594.0324282906415 0.0 0.0
529.5 507.0 317.0 318.0 617.1475096499271 598.4757133057494 0.0 0.0
520.5 510.5 332.0 330.5 617.3834543797855 608.1453956870165 0.0 0.0
500.0 500.0 299.0 318.0 582.6019885516764 592.5610646939306 0.0 0.0
505.0 498.0 315.5 317.5 595.4650564878573 590.6017505476714 0.0 0.0
493.0 497.5 308.0 316.5 581.3030017265452 589.6426884139241 0.0 0.0
495.5 496.5 306.5 313.5 582.6358789785122 587.1921991465556 0.0 0.0
495.0 496.0 295.0 309.0 576.2383214395381 584.3776006155435 0.0 0.0
495.5 495.5 291.0 302.5 574.6318111080753 580.5398587785814 0.0 0.0
498.5 495.0 291.5 294.0 577.4731553862317 575.7266580651326 0.0 0.0
496.5 494.5 293.0 285.5 576.507810897026 570.9997263571499 0.0 0.0
494.5 495.0 291.0 279.5 573.769743496433 568.458661645682 0.0 0.0
496.0 499.5 297.5 296.0 578.3796218722499 580.7285768718234 0.0 0.0
493.5 504.0 298.0 314.5 576.4966081630438 594.0765689227362 0.0 0.0
489.0 504.0 299.0 320.5 573.1703995986336 597.2740355962849 0.0 0.0
478.5 504.0 298.5 328.0 563.9737566008519 601.332001160345 0.0 0.0
473.5 503.5 298.5 335.0 559.7363525765527 604.7627164058767 0.0 0.0
481.5 503.5 295.0 341.5 564.6865481643845 608.3869420277304 0.0 0.0
467.5 503.5 287.5 343.5 548.828359874906 609.5118297444336 0.0 0.0
465.5 503.5 285.5 345.5 546.0774096456844 610.6410565954438 0.0 0.0
464.0 503.5 284.0 345.0 544.0148728365536 610.3584357780874 0.0 0.0
465.0 503.5 285.0 342.0 545.3902023034295 608.6677427561773 0.0 0.0
465.0 504.5 284.0 335.5 544.8686984808046 605.8722582889567 0.0 0.0
477.5 505.0 289.0 330.5 558.1462784846906 603.5357694717277 0.0 0.0
467.5 505.0 281.5 328.0 545.7091786441066 602.1702417091034 0.0 0.0
471.0 505.0 292.5 327.5 554.4696096656681 601.8981857303978 0.0 0.0
475.5 504.5 298.5 328.0 561.4290433088411 601.7512527494629 0.0 0.0
470.0 490.5 298.0 303.5 556.5127882365238 576.8047674920431 0.0 0.0
465.5 490.5 300.0 308.0 553.796245450974 579.1841854697027 0.0 0.0
471.5 490.5 304.0 311.5 561.0068874033033 581.0529235792554 0.0 0.0
466.5 490.5 308.0 312.5 559.0086192830688 581.5897848326797 0.0 0.0
464.5 491.0 299.5 312.0 552.6848771352393 581.7432235019646 0.0 0.0
465.5 491.0 299.5 311.5 553.5255849472162 581.4750639537348 0.0 0.0
469.5 491.0 291.0 310.0 552.4389409969788 580.6728855388376 0.0 0.0
469.5 492.0 263.5 307.5 538.3893438922928 580.1899945494738 0.0 0.0
469.0 492.5 269.5 306.0 540.9181770946058 579.8209375573117 0.0 0.0
470.0 493.0 269.5 304.5 541.7848426966987 579.4561510281388 0.0 0.0
477.5 494.0 267.0 304.0 547.0788358787821 580.0449821613054 0.0 0.0
480.5 494.5 266.0 304.5 549.2149849228449 580.73274986052 0.0 0.0
487.0 494.5 268.0 307.0 555.8715970851295 582.0474859866403 0.0 0.0
480.0 516.0 273.5 346.0 552.4522671969446 621.2670036570246 0.0 0.0
491.0 516.0 276.0 347.0 563.2615368357428 621.8241804597849 0.0 0.0
493.0 514.0 283.0 345.5 568.4523147271011 619.3272559802289 0.0 0.0
496.0 515.5 284.0 345.0 571.5524370296331 620.2945017395577 0.0 0.0
497.5 515.25 287.0 343.75 574.3477026863721 619.3921531556584 0.0 0.0
535.5 514.25 312.0 342.0 619.7616821107378 617.5901103948917 0.0 0.0
534.0 515.5 310.5 340.0 617.7104904403033 617.5305923240855 0.0 0.0
534.0 516.25 310.25 336.0 617.584900420296 615.9634827914839 0.0 0.0
533.5 516.25 309.25 332.25 616.6506069069095 613.926632950959 0.0 0.0
539.75 516.0 291.5 328.0 613.4356607351292 611.4282062441888 0.0 0.0
511.25 516.75 294.0 324.0 589.7567601450091 609.9244688218073 0.0 0.0
508.75 515.75 291.0 323.0 586.095264041465 608.5450379053782 0.0 0.0
521.0 517.5 303.5 326.0 602.9675654688143 611.6240522263033 0.0 0.0
516.25 517.5 310.0 331.0 602.2200938438035 614.3106744970289 0.0 0.0
503.25 516.5 308.0 337.0 590.0248905375081 616.7226706833503 0.0 0.0
500.0 500.0 305.75 318.0 586.0744032501016 592.557945548754 0.0 0.0
494.25 499.0 294.75 320.5 575.4786315673109 593.0615127880246 0.0 0.0
496.0 499.0 300.0 320.75 579.7142519613083 593.1960946657593 0.0 0.0
498.0 497.5 301.25 319.75 582.0280976142981 591.3940503458277 0.0 0.0
478.25 496.5 272.5 315.75 550.4659388094888 588.3976314225138 0.0 0.0
507.25 495.5 267.25 309.0 573.3462896963035 583.9575781215697 0.0 0.0
520.5 494.75 273.0 300.0 588.3012367109516 578.6145093589978 0.0 0.0
520.75 494.5 267.5 288.5 585.4548674257674 572.525168723337 0.0 0.0
521.25 481.5 339.0 264.75 623.9457382599724 549.5082915625037 0.0 0.0
514.75 453.5 328.75 242.0 610.7847546719634 514.0389105779486 0.0 0.0
521.25 432.16666666666663 321.75 228.0 612.5794978157464 488.6355172573911 0.0 0.0
526.25 410.83333333333337 308.5 214.0 610.0293204516502 463.23212393683355 0.0 0.0
528.5 482.5 301.0 274.25 608.2092640606061 554.9970129119862 0.0 0.0
532.0 495.25 300.0 293.25 610.7571732352784 575.564031522296 0.0 0.0
534.0 493.0 299.25 302.5 612.1327986588519 578.4150059127435 0.0 0.0
528.0 492.0 296.0 305.75 605.3105756970841 579.2642733869081 0.0 0.0
528.25 491.0 350.75 311.0 634.094766409818 581.2102906665696 0.0 0.0
525.0 497.0 336.0 317.0 623.3543659552545 589.4900140719478 0.0 0.0
519.0 496.0 330.5 316.0 615.5639031613944 588.1092386461582 0.0 0.0
530.5 494.5 305.0 313.5 612.0277293223094 585.502073716707 0.0 0.0
491.5 492.5 341.0 317.0 598.8672132357283 585.7073093269107 0.0 0.0
489.0 497.0 324.5 324.0 586.9136955009855 593.2840527910237 0.0 0.0
465.0 496.0 356.5 316.5 586.0389487972182 588.3777933102182 0.0 0.0
485.5 496.0 320.5 311.5 581.748616929212 585.7033628781467 0.0 0.0
465.0 494.0 357.0 310.5 587.747799808167 583.4777202258883 0.0 0.0
461.0 495.5 325.5 313.0 564.3456646773391 586.0795801264098 0.0 0.0
457.5 497.5 327.5 327.5 562.6457912944195 595.6194401469329 0.0 0.0
457.5 500.0 320.0 346.0 558.3103499062843 608.043124676639 0.0 0.0
453.5 502.5 328.5 369.5 559.9847646146317 623.7284257238949 0.0 0.0
453.0 497.5 333.0 388.5 562.2411420641512 631.2198566701903 0.0 0.0
482.5 494.5 311.0 397.5 574.53018744601 634.4576424001842 0.0 0.0
460.5 490.5 321.5 398.5 561.6272689540413 631.9751572668115 0.0 0.0
495.5 485.5 334.0 394.0 597.5588359447687 625.2639515923895 0.0 0.0
481.5 483.0 372.0 379.0 608.570143750479 613.9550460630444 0.0 0.0
492.0 477.5 372.0 362.0 616.8739342559766 599.2346507370999 0.0 0.0
521.5 406.5625 348.0 283.84375 626.9499733996404 496.07269457092684 0.0 0.0
514.5 402.8125 334.5 263.21875 613.6827491651679 482.05518832994665 0.0 0.0
469.5 399.0625 296.0 242.59375 555.0196312326132 468.03768208896633 0.0 0.0
472.5 395.3125 293.5 221.96875 556.2366596892027 454.02017584798614 0.0 0.0
472.0 409.0 291.5 221.25 554.7580788984369 465.12820968144166 0.0 0.0
475.5 475.0 306.0 280.25 565.4537254103519 551.6128637382046 0.0 0.0
476.0 483.0 309.0 298.0 567.5015558997804 567.5344649349388 0.0 0.0
469.0 473.5 298.5 302.5 555.9514610844051 561.8985520644908 0.0 0.0
529.5 467.0 284.5 304.5 601.1831045582916 557.5044080909654 0.0 0.0
493.5 450.0 286.0 291.0 570.3855306580981 535.892944955656 0.0 0.0
457.0 448.0 298.0 273.0 545.8926917463947 524.627526810505 0.0 0.0
471.0 440.5 319.5 262.5 569.4553953561788 512.7868921937959 0.0 0.0
435.5 401.0 345.0 265.0 555.5947030677012 481.260258678219 0.0 0.0
461.5 209.0 337.5 219.0 572.1773643785301 304.2781597447429 0.0 0.0
497.0 83.0 346.0 206.5 607.9040344498665 222.56313429394152 0.0 0.0
478.5 63.0 367.0 216.5 604.0865825352214 225.4804668505427 0.0 0.0
535.0 -25.82692307692308 320.0 231.71153846153845 624.1030487098733 293.8250929705147 0.0 0.0
454.0 -145.59615384615387 313.0 245.3269230769231 552.6152656755241 378.1775775619326 0.0 0.0
453.0 -265.36538461538464 292.0 258.94230769230774 539.1070111188626 462.5300621533505 0.0 0.0
485.0 -385.1346153846154 289.0 272.55769230769226 564.5869670066609 546.8825467447684 0.0 0.0
525.0 -504.90384615384613 291.0 286.1730769230769 600.6062379992153 631.2350313361864 0.0 0.0
530.0 -624.6730769230769 290.0 299.78846153846155 604.3335403762921 715.5875159276043 0.0 0.0
489.0 -700.5 301.0 315.5 574.2230366182946 768.3465283318067 0.0 0.0
492.5 -630.5 293.5 325.0 573.3337544303267 709.3492296790087 0.0 0.0
480.5 -597.5 287.0 323.0 559.6873923238529 679.2202435434893 0.0 1.0
469.5 -548.0 318.0 325.0 567.3123409904788 637.1631172803748 0.0 1.0
476.5 -577.5 299.0 363.0 562.5417983493913 682.1151322472263 0.0 1.0
521.5 -510.5 345.5 346.5 625.8105149284456 616.9875448939107 0.0 1.0
522.0 -498.0 353.5 344.0 630.445204908943 605.2617395546764 0.0 1.0
477.0 -489.5 309.5 345.0 568.6829370286187 598.8616976989167 0.0 1.0
471.5 -486.0 287.5 339.5 552.240655166383 592.8380234517143 0.0 1.0
480.0 -487.0 305.0 335.5 568.7046800083122 591.379681888832 0.0 1.0
476.5 -489.5 300.0 328.5 563.0739557802464 589.5103900695899 0.0 1.0
481.0 -497.5 289.0 321.5 561.1729618772883 592.3532713228251 0.0 1.0
496.0 -511.0 324.5 322.5 592.72108829706 604.2586265049906 0.0 1.0
484.5 -514.5 304.0 326.5 572.0351180604935 609.354185836692 0.0 1.0
468.5 -518.0 278.0 327.5 544.7717411907486 612.8462973143994 0.0 1.0
470.5 -520.5 277.0 329.5 545.9848966727751 616.028178169124 0.0 1.0
467.0 -580.0 274.0 375.5 541.4473714854644 690.9425006174026 0.0 0.0
442.5 -573.5 296.5 377.5 532.7301942664474 686.6260443052605 0.0 1.0
466.5 -541.0 286.0 376.0 547.1912995432326 658.8308950932856 0.0 1.0
464.0 -539.5 282.0 377.0 542.9793480574706 658.171140357886 0.0 1.0
472.5 -535.5 275.5 373.0 546.9942975033731 652.6030684690788 0.0 1.0
543.0 -510.0 245.5 360.5 595.9212290583961 624.5485533846495 0.0 1.0
520.0 -426.1136363636364 253.0 347.6363636363636 578.3020153768935 568.4371961858039 0.0 1.0
507.5 -336.9318181818182 248.0 347.8181818181818 564.8693662404472 522.1365163332297 0.0 1.0
459.5 -247.74999999999997 239.0 348.0 517.9418896631153 475.8358364806554 0.0 1.0
471.5 -158.5681818181818 253.5 348.1818181818182 535.4621605379646 429.53515662808104 0.0 1.0
444.5 -69.3863636363636 286.0 348.3636363636364 528.5673033134607 383.2344767755068 0.0 1.0
424.5 20.15 281.0 342.325 509.07912418390737 356.26164645073317 0.0 0.0
414.0 110.74999999999999 283.5 317.625 501.7651343008998 387.2723647093619 0.0 0.0
398.0 201.35 285.5 292.925 489.8518489166068 418.28308296799065 0.0 0.0
401.0 291.94999999999993 381.0 268.225 553.4427059530028 449.2938012266194 0.0 0.0
181.25806451612902 382.54999999999995 363.61290322580646 243.525 414.6377828819715 480.30451948524814 0.0 0.0
138.29032258064515 491.0 358.06451612903226 251.0 423.51500723910976 551.4566242550071 0.0 0.0
95.32258064516128 521.0 352.51612903225805 278.5 432.39223159624805 590.7948095473148 0.0 0.0
52.35483870967742 476.5 346.9677419354839 277.5 441.26945595338634 551.4236875566819 0.0 0.0
9.387096774193537 496.0 341.41935483870964 282.5 450.14668031052463 570.8084715861663 0.0 0.0
-33.58064516129032 489.0 335.8709677419355 272.5 459.02390466766303 559.8011336526044 0.0 0.0
-76.5483870967742 481.5 330.3225806451613 257.5 467.9011290248013 546.0297610936606 0.0 0.0
-119.51612903225805 477.5 324.7741935483871 248.5 476.7783533819396 538.2922563804007 0.0 0.0
-162.48387096774195 480.0 319.2258064516129 251.0 485.6555777390779 541.6650751910138 0.0 0.0
-205.45161290322582 486.5 313.6774193548387 262.5 494.5328020962162 552.8007454731287 0.0 0.0
-248.4193548387097 494.0 308.1290322580645 275.5 503.4100264533545 565.6330965086305 0.0 0.0
-291.38709677419354 499.0 302.5806451612903 292.0 512.2872508104929 578.163695728892 0.0 0.0
-334.35483870967744 502.0 297.0322580645161 301.5 521.164475167631 585.5837883225008 0.0 0.0
-377.32258064516134 501.0 291.48387096774195 301.0 530.0416995247695 584.4674359569328 0.0 0.0
-420.2903225806451 492.5 285.93548387096774 303.5 538.9189238819077 578.5715074608711 0.0 0.0
-463.258064516129 481.5 280.38709677419354 307.5 547.796148239046 571.3138281027909 0.0 0.0
-458.0 474.0 281.5 302.5 537.7574767240963 562.3008743153505 0.0 0.0
-457.5 469.0 259.5 307.5 525.9719574273898 560.8183752339077 0.0 0.0
-449.0 465.0 252.5 317.5 515.1306420971155 563.0554328906542 0.0 0.0
-554.5 463.0 286.5 329.0 624.4218403983082 567.9876759226383 0.0 0.0
-503.325 464.0 390.225 341.0 682.1604693937317 575.8283323763205 0.0 0.0
-280.625 466.5 359.125 346.0 665.9599106893006 580.8084928437534 0.0 0.0
-57.92500000000001 469.5 328.025 344.5 649.7593519848697 582.3320251315661 0.0 0.0
164.77499999999992 473.5 296.92499999999995 335.5 633.5587932804386 580.3138168922108 0.0 0.0
387.47499999999997 480.5 265.825 319.0 617.3582345760076 576.7534135035312 0.0 0.0
593.0 487.0 253.0 281.5 644.7385669359915 562.7528999891912 0.0 0.0
595.5 487.0 233.0 262.5 639.4609249328782 553.2407171987734 0.0 0.0
595.5 489.0 264.0 267.5 651.4007547985318 557.3847060334354 0.0 0.0
593.0 493.0 229.0 280.0 635.6810343052032 566.9653923344558 0.0 0.0
587.0 496.5 233.0 297.5 631.5635276103604 578.8156129919214 0.0 0.0
596.5 497.0 225.5 316.5 637.7561459700262 589.2250815486325 0.0 0.0
628.5 502.0 212.0 328.0 663.3058312059634 599.657152724568 0.0 0.0
569.0 504.0 214.5 330.5 608.6472016888724 602.6992822491072 0.0 0.0
576.55 501.5 176.5 327.5 603.1696622942774 598.9691984860301 0.0 0.0
611.95 495.0 172.5 336.0 635.9957087215232 598.2681226185437 0.0 0.0
668.5 491.0 172.0 322.5 690.2911283375992 587.4413377928306 0.0 0.0
632.5 485.5 258.875 313.5 685.9384679924779 577.9222161392092 0.0 0.0
599.0 481.0 258.875 307.0 652.565740456284 570.6224875043347 0.0 0.0
595.5 478.0 256.0 307.0 648.2363224244118 568.0959625372375 0.0 0.0
590.5 477.5 260.0 312.0 645.2056382251159 570.3948194014388 0.0 0.0
591.0 480.0 259.0 325.5 645.2613499365734 579.9594727316735 0.0 0.0
598.5 482.0 257.5 337.0 651.5436411505267 588.1267096843775 0.0 0.0
614.0 483.5 265.0 352.5 668.7557695411201 598.3549003428121 0.0 0.0
620.5 482.5 262.0 363.0 673.5462211215606 603.800802949243 0.0 0.0
630.0 481.0 263.0 367.0 682.692463705291 605.0218360606243 0.0 0.0
630.0 474.5 260.5 330.0 681.7333228186028 577.970817279386 0.0 0.0
627.0 477.0 258.5 321.0 678.1972159185907 574.9535186973117 0.0 0.0
620.5 479.5 255.5 304.5 671.0443904575666 568.0159358675132 0.0 0.0
616.0 479.5 252.0 289.0 665.552402144264 559.8601312401113 0.0 0.0
550.0 481.0 237.0 278.0 599.0693649063674 555.5604369179682 0.0 0.0
516.0 481.5 303.5 277.0 598.8148896982784 555.4920682019706 0.0 0.0
586.0 482.5 212.5 282.5 623.3462129464605 559.1176654534017 0.0 0.0
586.5 483.5 208.5 290.5 622.4594781849653 564.0591136480176 0.0 0.0
589.0 483.0 210.0 294.5 625.3207912758483 565.7045383376135 0.0 0.0
585.5 483.0 210.0 306.0 622.0214296095712 571.7741805873277 0.0 0.0
579.5 482.5 216.0 308.5 618.4466699192686 572.6942268396456 0.0 0.0
580.5 481.5 219.0 312.0 620.4365147634028 573.7590244359046 0.0 0.0
557.0 488.0 248.0 327.5 611.0758123416956 587.7099536517037 0.0 0.0
498.5 486.0 349.5 319.5 609.7861099158816 581.6152254608771 0.0 0.0
511.0 485.5 332.0 316.0 609.4925405148078 579.2808041010853 0.0 0.0
516.0 486.0 326.0 314.0 611.0981225351669 578.612196228922 0.0 0.0
520.0 486.5 371.0 313.5 642.017764540759 578.761240368405 0.0 0.0
527.0 487.5 374.5 313.0 649.8343492567585 579.3317270787092 0.0 0.0
542.0 488.5 307.0 315.0 622.9069438731948 581.2550443460746 0.0 0.0
537.0 488.5 342.5 313.5 637.6737625321332 580.4439751499528 0.0 0.0
538.0 489.5 310.5 313.0 621.1873625646631 581.0158581720855 0.0 0.0
567.5 488.5 349.0 310.0 667.0519749124583 578.5606521586608 0.0 0.0
503.25 488.5 399.25 302.5 645.4926291385545 574.5768097284581 0.0 0.0
547.25 486.0 335.5 297.0 645.2698621776103 569.5656836375997 0.0 0.0
556.5 484.0 301.0 294.5 632.6873373955135 566.5569009652593 0.0 0.0
551.5 485.0 295.5 291.0 625.6791662362543 565.6023923009066 0.0 0.0
536.0 484.0 282.0 291.5 605.6746303124589 565.0029017803596 0.0 0.0
527.5 484.5 284.5 291.0 599.3300691105139 565.1737045165295 0.0 0.0
503.0 487.5 292.5 308.5 581.8641556896791 577.0723681054592 0.0 0.0
510.5 492.5 297.5 328.0 590.8608663456821 591.72708467745 0.0 0.0
510.0 492.0 297.5 327.0 590.4289584048199 590.7567016103048 0.0 0.0
510.0 490.5 299.5 325.5 591.4392417431284 588.6770537109378 0.0 0.0
509.5 489.5 301.0 324.5 591.7705008456102 587.2908138222494 0.0 0.0
512.5 489.0 299.5 323.0 593.5964002223451 586.046073274107 0.0 0.0
516.5 483.5 300.5 307.0 597.5555930433613 572.789841090538 0.0 0.0
489.5 478.5 334.5 292.0 594.9644289008363 560.5590353955308 0.0 0.0
469.5 478.5 316.0 294.0 565.955634722121 561.6033462448554 0.0 0.0
469.0 479.5 319.5 296.0 567.5153047309037 563.5037098537496 0.0 0.0
483.5 479.5 305.0 299.0 571.804393696654 565.0853298458973 0.0 0.0
465.0 480.0 304.0 298.5 555.5551293030627 565.245720217156 0.0 0.0
486.5 479.5 296.5 298.0 569.777902375798 564.5566844879263 0.0 0.0
495.0 479.5 305.5 296.5 581.9025173074132 563.7663523127289 0.0 0.0
476.0 478.0 285.0 292.5 554.798487151606 560.3930032658708 0.0 0.0
469.5 478.5 306.0 288.0 560.4186448067101 558.4856757339439 0.0 0.0
487.5 479.0 301.0 283.5 573.0111988285853 556.6087045672211 0.0 0.0
471.875 480.0 302.875 282.0 560.7132850543293 556.7081820846538 0.0 0.0
486.0 482.0 328.0 283.0 587.4774521711148 558.9391737926409 0.0 0.0
515.0 484.0 312.5 287.0 602.9709338795403 562.6948279105907 0.0 0.0
461.0 484.0 265.5 292.0 531.9995284202599 565.261163788447 0.0 0.0
493.0 484.5 318.5 296.5 586.9880143727701 568.0252475755085 0.0 0.0
515.0 485.5 330.0 310.5 611.671576804121 576.357160756622 0.0 0.0
494.5 492.0 313.0 342.5 585.2377724343703 599.4750305001513 0.0 0.0
491.0 488.0 301.0 336.0 575.9247022604948 592.486859260394 0.0 0.0
501.0 486.0 315.5 329.5 592.1645476741817 587.1681371401246 0.0 0.0
521.0 485.5 319.0 324.0 611.2530455416614 583.6833637679947 0.0 0.0
487.5 485.5 334.5 323.0 591.4420015395408 583.128910879648 0.0 0.0
489.0 487.0 300.0 326.5 573.7990285079424 586.3203517665293 0.0 0.0
501.0 490.5 334.0 332.5 602.3134488519372 592.5762999725207 0.0 0.0
495.0 428.0 285.5 264.0 571.4341067475013 503.7607771403207 0.0 0.0
493.0 383.5 296.0 165.85000000000002 575.0585596449533 420.5074574346911 0.0 0.0
495.0 399.5 299.0 127.64999999999999 578.2960806902046 422.0696882721959 0.0 0.0
499.0 449.0 320.5 198.5 593.1074202313105 496.8776920075094 0.0 0.0
494.5 454.5 222.5 287.5 542.2536072296277 537.7998353371192 0.0 0.0
495.5 472.0 225.5 287.5 544.4013643573014 552.6684389114629 0.0 0.0
500.0 472.5 223.0 280.0 547.4757952995451 549.2324189266326 0.0 0.0
501.0 472.5 221.0 274.0 547.5784959964626 546.1979952361597 0.0 0.0
499.0 473.5 220.0 275.0 545.350961125671 547.5648663438681 0.0 0.0
479.0 475.0 211.5 276.0 523.6301660113332 549.3643480413127 0.0 0.0
443.5 478.5 188.0 281.5 481.7230723878806 555.1623572355188 0.0 0.0
492.0 478.5 202.0 284.5 531.853369683987 556.6888990820707 0.0 0.0
495.0 479.0 199.5 289.0 533.6902909401849 559.4300928958062 0.0 0.0
490.0 478.5 195.0 291.0 527.3807357300482 560.0387776772011 0.0 0.0
491.0 482.0 206.5 306.0 532.6838493306499 571.0260136347122 0.0 0.0
510.0 485.5 275.5 319.0 579.6815365807031 580.9229076349966 0.0 0.0
435.0 483.5 307.5 308.0 533.0562364210348 573.2681067048231 0.0 0.0
481.0 484.5 323.0 313.0 580.9005709573302 576.8280447480054 0.0 0.0
516.5 485.0 291.0 319.0 592.8349772376384 580.5051029117201 0.0 0.0
526.0 490.5 285.0 326.0 598.2489752651884 588.9541171912382 0.0 0.0
535.0 495.0 308.5 329.5 617.9508730661585 594.6387558846127 0.0 0.0
480.5 495.0 376.5 332.0 613.1576454559004 596.0276996058775 0.0 0.0
486.0 494.5 318.0 332.5 580.8590242870196 595.8913491568744 0.0 0.0
466.0 493.5 276.0 332.5 541.6151691966693 595.0617615004345 0.0 0.0
472.5 492.0 270.0 331.0 544.2024015439201 592.9798292490516 0.0 0.0
497.0 490.5 293.5 329.0 577.2892141219705 590.6193782801238 0.0 0.0
526.5 487.5 305.5 325.0 608.7976454912928 585.9022299641484 0.0 0.0
527.5 483.5 316.0 321.0 614.9419862992936 580.3562901509257 0.0 0.0
531.5 480.5 311.0 319.0 615.8228933676331 576.7507464412155 0.0 0.0
542.5 480.0 305.5 319.0 622.6334197148449 576.3341044914833 0.0 0.0
548.0 471.5 329.0 295.0 639.2911979247128 556.1903432332991 0.0 0.0
550.0 475.0 336.0 293.0 644.6830657697756 558.0985576042998 0.0 0.0
539.0 477.0 320.5 295.0 627.1042337191117 560.8511388951617 0.0 0.0
537.0 477.5 317.0 296.0 623.6277588984535 561.8026788828975 0.0 0.0
534.0 476.5 316.5 294.0 620.75279842602 559.9002143239454 0.0 0.0
537.0 475.0 304.0 292.0 617.0972557223733 557.574210307471 0.0 0.0
535.5 472.5 300.5 288.5 614.0528995001719 553.6140352267092 0.0 0.0
542.5 469.0 302.0 285.5 620.9078015022982 549.0640377895445 0.0 0.0
568.5 466.0 299.5 283.5 642.6650129134714 545.4615637543442 0.0 0.0
584.0 465.0 387.5 285.5 700.8684305050585 545.651279153572 0.0 0.0
565.5 467.5 364.5 295.5 672.8339242568163 553.0613771406609 0.0 0.0
562.0 470.0 376.5 308.0 676.4769757178046 561.9288212956203 0.0 0.0
474.0 464.0 318.5 317.5 571.3957272150185 562.2297837415105 0.0 0.0
465.0 452.0 324.5 326.5 567.161869109116 557.5896902425745 0.0 0.0
434.5 441.0 328.0 334.0 544.4079887434455 553.2061098722609 0.0 0.0
468.5 432.0 333.5 351.5 575.2285004316245 557.2674452673587 0.0 0.0
465.5 423.5 333.5 368.0 572.7843527056037 561.050285126241 0.0 0.0
498.5 424.0 341.5 371.0 604.25539290192 563.4165845870698 0.0 0.0
447.0 433.5 343.5 355.5 563.7459070160601 560.6485199242401 0.0 0.0
503.0 444.0 362.0 338.0 619.9970328267705 558.0253349809456 0.0 0.0
501.5 448.375 470.5 321.625 687.7799893195717 551.8454157126304 0.0 0.0
503.25 453.75 461.25 297.0 685.1359588280328 542.4038846083174 0.0 0.0
493.25 460.5 315.25 270.5 585.448453686721 534.0849629745042 0.0 0.0
503.25 468.5 284.5 270.0 578.2822488377292 540.7476039676899 0.0 0.0
456.0 473.25 276.0 281.25 533.03928834416 550.5320583970104 0.0 0.0
454.5 469.5 273.5 286.25 530.4522065849358 549.8814730826557 0.0 0.0
454.25 471.75 285.75 289.0 536.6601995480373 553.2361939345118 0.0 0.0
500.25 472.5 281.75 293.25 574.7061498962535 556.1361931494193 0.0 0.0
523.75 485.5 291.25 290.5 599.7260048135181 565.7867646538514 0.0 0.0
466.75 505.25 306.5 285.0 558.3886042105343 580.1895254665342 0.0 0.0
479.0 453.5 245.0 295.5 538.0663489616745 542.3378356820294 0.0 0.0
479.25 332.18548387096774 248.75 281.6290322580645 540.0243036982727 453.54191686349304 0.0 0.0
476.25 264.9274193548387 251.0 278.14516129032256 538.3694303945254 471.6817448895793 0.0 0.0
474.0 197.66935483870967 252.0 274.66129032258067 536.8517915065145 489.82157291566557 0.0 0.0
436.5 130.4112903225806 237.5 271.1774193548387 496.92912684366706 507.96140094175183 0.0 0.0
438.25 63.15322580645159 239.0 267.69354838709677 499.18349775842603 526.1012289678381 0.0 0.0
474.5 -4.104838709677438 255.0 264.2096774193548 538.6961762818569 544.2410569939243 0.0 0.0
511.25 -71.36290322580652 269.5 260.7258064516129 577.9340921727797 562.3808850200105 0.0 0.0
462.0 -138.62096774193554 248.0 257.241935483871 524.354976283684 580.520713046097 0.0 0.0
476.75 -205.87903225806457 268.75 253.75806451612902 547.3317201129316 598.6605410721832 0.0 0.0
521.25 -273.1370967741936 267.25 250.2741935483871 585.7802577934501 616.8003690982694 0.0 0.0
533.25 -340.3951612903226 268.5 246.79032258064518 597.0515825819723 634.9401971243556 0.0 0.0
553.75 -407.65322580645164 318.0 243.30645161290323 638.6511755406748 653.080025150442 0.0 0.0
569.0 -474.9112903225808 271.0 239.82258064516128 630.2410919531242 671.2198531765282 0.0 0.0
568.75 -542.1693548387098 269.75 236.33870967741936 629.4773513785876 689.3596812026144 0.0 0.0
560.75 -609.4274193548388 270.75 232.85483870967744 622.693864300526 707.4995092287006 0.0 0.0
562.25 -676.6854838709678 270.25 229.3709677419355 623.82872877085 725.639337254787 0.0 0.0
579.0 -623.0 362.0 251.0 684.0369568081226 671.7966466410744 0.0 1.0
512.0 -635.5 265.0 301.0 576.5178035127637 703.1803130591456 0.0 1.0
479.5 -673.5 344.0 335.5 595.3027102629308 752.439558871161 0.0 1.0
437.5 -557.5 335.0 309.0 551.0446103651308 637.4073417923066 0.0 1.0
443.5 -544.0 320.5 304.5 547.2276644789494 623.4285760997266 0.0 1.0
476.0 -538.0 283.5 304.5 554.7973883676193 618.1945426961715 0.0 1.0
440.0 -631.5 290.0 360.5 526.9839271442128 727.3889730235669 0.0 0.0
443.0 -674.0 273.0 369.0 520.7196801293488 768.4039643331314 0.0 0.0
491.0 -693.0 299.0 374.0 575.676270252002 787.4802454828571 0.0 0.0
482.0 -624.0 297.5 359.0 566.8103182149503 719.9100673014732 0.0 0.0
474.0 -574.5 291.5 360.0 556.7218296257934 678.0659228758672 0.0 1.0
435.0 -559.5 325.5 365.0 543.5675826216943 668.0312334070388 0.0 1.0
429.5 -595.0 270.0 373.5 507.31958273314723 702.5149547899583 0.0 1.0
418.0 -582.5 287.0 369.5 507.05534989131576 689.8170571105511 0.0 1.0
421.0 -579.0 275.0 367.5 503.1135258318794 685.7822699611391 0.0 1.0
513.5 -581.0 286.5 365.0 588.0196197433893 686.1384880442235 0.0 1.0
519.0 -579.5 285.5 363.0 592.3443024929879 683.8068121286694 0.0 1.0
523.0 -576.0 284.0 357.5 595.1346299143554 677.9259466584617 0.0 1.0
527.0 -575.5 282.0 356.0 597.7068328164804 676.7100758486727 0.0 1.0
532.0 -575.5 282.5 352.0 602.3551745191107 674.6148155142037 0.0 1.0
528.0 -575.0 319.0 351.5 617.9774349185727 673.9274063540952 0.0 1.0
535.5 -571.5 280.0 355.0 604.2849079697423 672.78798904824 0.0 1.0
532.5 -541.5 284.0 327.5 603.5328210358473 632.8342711394225 0.0 0.0
515.0 -536.5 243.0 324.0 569.4506996800841 626.7446460110691 0.0 1.0
512.5 -532.5 240.0 323.5 565.9650159364087 623.0645198726806 0.0 1.0
518.0 -525.5 248.0 326.5 574.307517369125 618.6760753037863 0.0 1.0
520.0 -505.0 245.5 330.0 575.0397614396381 603.2621232467195 0.0 1.0
516.5 -409.7894736842105 241.0 322.89473684210526 569.9590698779211 611.386717718015 0.0 1.0
446.0 -284.8421052631579 234.5 315.42105263157896 504.24266901839746 624.9877928817227 0.0 1.0
450.43055555555554 -159.89473684210526 120.84722222222223 307.9473684210526 466.8149547001554 638.5888680454303 0.0 1.0
446.15277777777777 -34.94736842105263 106.23611111111111 300.47368421052636 460.67145333717696 652.1899432091379 0.0 1.0
441.875 90.0 91.625 293.0 454.5279519741985 665.7910183728457 0.0 1.0
437.59722222222223 214.94736842105266 77.01388888888889 285.52631578947364 448.3844506112201 679.3920935365534 0.0 0.0
433.31944444444446 339.89473684210526 62.40277777777778 278.0526315789474 442.2409492482417 692.993168700261 0.0 0.0
429.04166666666663 464.84210526315786 47.791666666666664 270.57894736842104 436.09744788526325 706.5942438639686 0.0 0.0
424.7638888888889 589.7894736842105 33.180555555555564 263.1052631578947 429.9539465222848 720.1953190276763 0.0 0.0
420.4861111111111 650.0 18.56944444444445 278.0 423.81044515930637 707.679631547371 0.0 0.0
416.20833333333337 581.0 3.9583333333333357 283.0 417.6669437963279 646.2660659761582 0.0 0.0
446.0 563.5 60.0 287.5 454.30475852379425 632.6124908111508 0.0 0.0
482.0 492.0 173.5 261.0 512.3157508778504 556.9448294693639 0.0 0.0
498.5 529.5 185.5 293.0 532.0649508993665 605.1636426794427 0.0 0.0
509.125 528.0 186.375 297.5 542.2488003175024 606.0454672726547 0.0 0.0
516.5 517.0 186.0 295.0 548.9701735328651 595.242810261612 0.0 0.0
476.0 508.0 208.0 304.0 521.5226050175465 592.0732827884658 0.0 0.0
449.0 516.0 146.0 321.0 472.14221847590943 607.6983974137991 0.0 0.0
454.0 516.0 181.5 320.5 488.93626682849384 607.4343013049963 0.0 0.0
458.5 515.0 182.5 318.5 493.49293062233477 605.530701810382 0.0 0.0
378.5 513.0 244.5 317.5 450.78743442733344 603.3036352053507 0.0 0.0
419.0 513.5 228.5 316.5 480.820716647925 603.2035392898648 0.0 0.0
436.5 513.0 243.5 317.0 504.3324921939096 603.0407788184455 0.0 0.0
476.5 513.0 188.0 319.0 512.2810801597354 604.0949603744535 0.0 0.0
414.0 513.0 248.0 321.0 483.3547395328838 605.1528732477439 0.0 0.0
452.0 512.5 315.5 324.0 553.3159238948044 606.3268507991379 0.0 0.0
421.5 511.0 269.5 324.5 500.31497520387984 605.3275379134207 0.0 0.0
431.0 510.0 284.0 324.5 516.2549112574217 604.4834766500062 0.0 0.0
409.0 505.0 290.5 318.0 502.2847254094811 596.7875373256468 0.0 0.0
457.5 498.0 265.5 292.5 529.5615812410656 577.5476880481294 0.0 0.0
460.5 497.0 266.5 288.0 532.6279028012299 574.415761364246 0.0 0.0
512.0 495.5 309.5 286.5 599.38700086982 572.365704772744 0.0 0.0
527.5 496.5 335.0 288.0 624.9308630386015 573.9827959094245 0.0 0.0
521.5 496.5 292.0 290.5 598.0507851200773 575.2414156181696 0.0 0.0
518.5 498.5 289.5 294.0 594.1448331130981 578.738659054038 0.0 0.0
534.5 504.5 280.5 330.0 603.6311326177926 602.8461659094028 0.0 0.0
540.5 507.0 290.5 333.5 613.6209693031565 606.8535656348416 0.0 0.0
524.5 507.0 286.0 335.0 597.4540927093719 607.6791916792939 0.0 0.0
506.0 505.5 283.0 334.5 579.7629339375732 606.1523520269061 0.0 0.0
510.0 505.5 281.0 334.0 582.2898430624618 605.8764939936246 0.0 0.0
563.0 506.0 286.5 332.5 631.8398505488245 605.4690161119718 0.0 0.0
584.5 508.0 324.5 330.0 669.6533438241892 605.775597222168 0.0 0.0
578.5 509.5 345.0 327.5 674.4826289998731 605.6786054447091 0.0 0.0
544.0 511.0 314.0 325.0 628.1362629589514 605.5958124082654 0.0 0.0
506.5 511.0 332.5 324.5 605.897903921288 605.3273907564402 0.0 0.0
497.5 510.5 323.5 323.0 593.4991545925512 604.1021672945069 0.0 0.0
597.0 510.0 269.0 324.0 654.8182941043851 604.2151934534583 0.0 0.0
556.375 514.0 200.25 329.0 591.3999924435304 610.2763122904082 0.0 0.0
535.875 513.0 205.25 328.5 574.1168345758457 609.1644619748246 0.0 0.0
515.375 512.0 210.25 331.0 556.833676708161 609.6761616090159 0.0 0.0
508.0 512.5 227.5 336.5 556.6886172638303 613.0974805052458 0.0 0.0
524.0 496.0 252.0 312.5 581.4683418401731 586.2450667491973 0.0 0.0
518.5 490.5 276.0 311.0 587.4222151938463 580.7850496356124 0.0 0.0
518.3 488.0 269.20000000000005 316.5 584.0424041486513 581.6495938277616 0.0 0.0
518.7 486.0 270.79999999999995 322.0 585.1361635070392 582.9922812525051 0.0 0.0
494.5 485.0 240.5 326.0 550.1654301518518 584.3808689544859 0.0 0.0
466.0 484.5 201.0 326.5 507.5374391280994 584.2454983489796 0.0 0.0
465.5 479.5 193.75 317.5 504.2118562864031 575.0890329261397 0.0 0.0
468.0 485.5 194.5 315.5 506.80930719398975 579.0090064788121 0.0 0.0
466.5 489.5 191.5 302.5 504.2762497411146 575.4272413365657 0.0 0.0
468.5 488.5 186.0 290.5 504.07208956453184 568.3513339024307 0.0 0.0
470.5 489.5 185.5 283.5 505.7483222612477 565.670122249516 0.0 0.0
471.0 489.5 188.0 280.0 507.1341045522377 563.9241423869021 0.0 0.0
471.5 489.5 187.5 278.5 507.41395495566707 563.1808669196223 0.0 0.0
542.5 489.5 285.5 278.0 613.4713717269503 562.9337785478592 0.0 0.0
489.5 488.5 265.0 280.5 556.6323142775686 563.3050098182347 0.0 0.0
460.0 488.5 284.0 283.5 541.7599357340582 564.8054957713478 0.0 0.0
426.5 489.5 290.0 288.5 515.917062547139 568.1995136016645 0.0 0.0
536.5 500.0 247.5 316.5 590.8372924344865 591.7545335926791 0.0 0.0
599.875 502.0 254.125 316.0 651.5728300713611 593.1780331834309 0.0 0.0
595.5 500.5 262.5 309.5 651.4018163851858 588.4645861516075 0.0 0.0
582.0 498.5 230.0 301.5 625.7989325080669 582.5843286598086 0.0 0.0
562.5 496.5 283.0 296.0 629.6797104108275 578.0382772792819 0.0 0.0
581.5 497.5 304.5 293.0 656.6072951998427 577.3692492677454 0.0 0.0
535.5 498.0 293.5 293.0 610.6632659184786 577.8004587059195 0.0 0.0
512.0 488.0 348.5 279.0 619.945378439486 562.1257075055953 0.0 0.0
524.5 489.0 303.5 289.5 605.9806828512337 568.2718680888495 0.0 0.0
515.0 492.0 319.0 300.5 605.8609625730376 576.5105032331642 0.0 0.0
520.5 495.0 293.5 308.5 597.6071640974169 583.2643273511511 0.0 0.0
508.5 496.0 291.5 312.0 586.1288986117355 585.9710193127739 0.0 0.0
508.0 496.5 272.5 311.5 576.4760527789142 586.1274707968105 0.0 0.0
518.0 503.5 270.5 339.0 584.3751319523583 607.0263272820239 0.0 0.0
525.5 498.5 265.5 326.5 588.8228946236811 595.9065991832294 0.0 0.0
526.0 496.5 266.0 320.5 589.5116509754229 590.959240346553 0.0 0.0
507.0 495.5 298.0 317.5 589.5894696934092 588.5047518810106 0.0 0.0
482.0 494.0 306.0 308.5 570.9649977460028 582.4162812278896 0.0 0.0
485.0 491.0 300.5 300.5 570.551516910954 575.6573910546949 0.0 0.0
484.5 489.5 298.0 299.5 568.8095023819486 573.8669699413911 0.0 0.0
488.5 488.5 301.0 283.0 573.788566282919 564.6242355008512 0.0 0.0
487.0 489.0 303.5 271.5 573.8342545245407 559.3171419961539 0.0 0.0
488.5 491.5 302.5 274.5 574.5768235824808 562.959053551005 0.0 0.0
479.5 491.0 298.5 281.0 564.8217002101416 565.7233123571882 0.0 0.0
484.5 490.5 307.0 288.5 573.5762112165368 569.0540960731719 0.0 0.0
510.5 491.5 316.5 292.5 600.7111224725345 571.95241735892 0.0 0.0
508.0 493.0 358.5 298.0 621.9877300047262 576.066836400083 0.0 0.0
502.0 501.0 329.0 323.0 600.2228823319958 596.1803345495294 0.0 0.0
502.0 502.5 320.0 328.5 595.3189994152622 600.3486487034013 0.0 0.0
497.0 502.0 311.5 329.0 586.5616471427309 600.2041492441721 0.0 0.0
496.5 501.5 311.0 328.0 585.8617313042344 599.2382039713519 0.0 0.0
491.0 501.5 299.5 326.0 575.1366341582536 598.145676236149 0.0 0.0
490.5 500.0 294.0 324.0 571.8639496642875 595.7987714558312 0.0 0.0
493.0 499.5 299.5 322.0 576.8942844145361 594.2930861970362 0.0 0.0
491.5 491.5 294.0 308.5 572.7330926079155 580.3142269507082 0.0 0.0
481.5 483.5 277.5 294.5 555.7804411200632 566.1294021687975 0.0 0.0
513.5 483.5 281.5 292.0 585.5979514659309 564.8331764826765 0.0 0.0
513.0 485.5 282.5 288.5 585.6412820768235 564.7500024265901 0.0 0.0
512.0 485.5 285.5 284.5 586.2207030453013 562.7170692275115 0.0 0.0
510.5 487.0 292.5 283.5 588.3593189639026 563.5080146758189 0.0 0.0
498.5 487.0 287.5 282.0 575.4649082641718 562.7549975105971 0.0 0.0
330.5 489.5 310.0 297.5 454.1983684156377 572.9237515199202 0.0 0.0
81.69444444444444 493.0 220.47222222222223 314.0 239.48972446494147 584.5040746960279 0.0 0.0
38.47222222222223 495.0 204.36111111111111 316.5 226.21023758077618 587.5348925808577 0.0 0.0
-4.75 496.0 188.25 319.5 212.9307506966109 589.9968220253394 0.0 0.0
-47.972222222222214 495.5 172.1388888888889 323.0 199.6512638124456 591.4805575841018 0.0 0.0
-91.19444444444444 495.5 156.02777777777777 326.5 186.3717769282803 593.3991239273714 0.0 0.0
-137.0 498.5 228.0 330.5 265.99668187258976 598.1074956353436 0.0 0.0
-96.0 500.5 234.0 333.0 252.96766071381933 601.1566097188272 0.0 0.0
-169.5 501.5 244.0 334.5 297.14432900976124 602.8205180451356 0.0 0.0
-154.5 502.5 251.0 334.0 295.86459441181967 603.3761103185875 0.0 0.0
-134.30555555555554 502.0 250.25 333.0 284.1617413746553 602.4061533614044 0.0 0.0
-119.52777777777777 499.0 239.25 331.5 268.05201094824315 599.0770147014623 0.0 0.0
-104.75 486.5 228.25 330.0 251.94228052183087 587.8775191278061 0.0 0.0
-89.97222222222221 306.5 217.25 288.0 235.83255009541864 421.15127486054405 0.0 0.0
-75.19444444444444 184.5 206.25 248.5 219.72281966900638 309.5067967618562 0.0 0.0
-71.5 182.5 226.5 247.0 237.65234131743472 307.10789802212616 0.0 0.0
-58.5 182.5 233.5 244.5 240.90729053860244 305.100803014348 0.0 0.0
-104.5 183.0 269.5 241.5 291.728472265831 303.00575113306127 0.0 0.0
47.5 176.2 187.5 182.1 193.59390132318256 253.48282467373343 0.0 0.0
-0.5 171.0 186.0 164.5 189.75089792924234 237.55199667403042 0.0 0.0
-3.0 165.8 180.5 146.9 184.0967817137601 221.6211686743274 0.0 0.0
-19.5 153.0 179.5 184.0 181.51249527162264 239.63017294957484 0.0 0.0
-18.0 153.5 226.5 208.0 227.68972288061894 258.5119993719843 0.0 0.0
-10.0 149.5 206.0 211.5 206.2435550178196 259.02633442126466 0.0 0.0
-28.0 148.5 216.5 215.5 218.313010153317 261.71087194015536 0.0 0.0
-31.0 147.5 214.0 214.0 216.23385092637778 259.9100013873971 0.0 0.0
28.0 148.5 194.5 214.5 197.04414073897658 260.8882308579694 0.0 0.0
271.5 147.5 202.5 216.0 339.84762867453634 261.5573878656205 0.0 0.0
265.0 149.0 270.5 217.0 380.9545451625295 263.2299375071156 0.0 0.0
278.5 149.5 213.5 219.5 350.919555325483 265.587701166402 0.0 0.0
269.5 10.0 200.0 184.0 336.0856447152378 186.12903169727412 0.0 0.0
319.04999999999995 -17.0 150.05 179.0 360.1227640072434 179.80967108232917 0.0 0.0
366.45000000000005 -19.5 99.44999999999999 178.0 386.7252321173481 179.06547929781752 0.0 0.0
429.0 -19.5 113.0 177.5 445.7206005482278 178.56860591589373 0.0 0.0
528.0 -18.0 267.5 178.0 591.9846733858931 178.9265141685929 0.0 0.0
535.5 -24.5 281.0 181.5 604.7489377878715 183.33365901163438 0.0 0.0
533.0 -145.5 288.0 177.5 605.8331764761745 229.5137855757904 0.0 0.0
469.0 -137.5 291.5 187.0 552.2142006728013 232.11045079901072 0.0 0.0
487.5 -131.5 243.0 191.0 547.2334948461425 231.89059920574616 0.0 0.0
306.16666666666663 -135.0 307.6666666666667 191.0 613.3240629955242 233.8931379925457 0.0 0.0
45.7222222222222 -149.0 306.55555555555554 186.5 646.0352005293062 238.71165905675744 0.0 0.0
-214.72222222222223 -171.0 305.44444444444446 177.0 678.7463380630882 246.11876633673754 0.0 0.0
-475.16666666666674 -200.0 304.3333333333333 165.0 711.4574755968702 259.3246553190355 0.0 0.0
-661.5 -236.0 242.5 155.5 706.631834446814 282.6325876167018 0.0 0.0
-574.5 -250.0 269.5 153.0 634.5865916280978 293.10334985235113 0.0 0.0
-549.5 -254.5 266.5 162.5 610.7147605948517 301.9545570369136 1.0 0.0
-537.5 -235.5 264.5 180.0 599.0547152971837 296.43441259097926 1.0 0.0
-535.0 -200.5 284.5 185.0 606.1905665769657 272.89859639969245 1.0 0.0
-530.5 -162.5 265.5 168.5 593.2693810625589 234.09842391725502 1.0 0.0
-544.5 -231.5 308.5 154.0 625.8273972750037 279.9614296197773 0.0 0.0
-543.0 -309.04999999999995 302.0 137.05 621.3316344755029 339.5385787164792 1.0 0.0
-543.5 -346.45000000000005 301.0 122.44999999999999 621.2837043731299 368.8000087266902 1.0 0.0
-539.5 -375.5 275.0 111.5 605.9716010720904 391.7047115212848 1.0 0.0
-541.0 -444.08333333333337 303.5 52.5 620.3170583097811 448.80511225341263 1.0 0.0
-543.0 -534.4166666666666 303.5 120.5 622.062124757793 552.0562944066983 1.0 0.0
-543.5 -624.75 302.5 188.5 622.011655839342 655.307476559984 1.0 0.0
-542.5 -677.5 301.5 256.0 620.6517040132626 724.5497384859666 1.0 0.0
-543.0 -631.5 299.5 307.0 620.1204755425372 702.623295288777 1.0 1.0
-545.5 -596.0 298.0 337.0 621.5901299372083 684.6908529755144 1.0 1.0
-544.5 -578.0 298.0 353.5 620.7127416304747 677.5461107294766 1.0 1.0
-545.0 -548.0 305.0 346.5 624.5428357188641 648.3571598610209 1.0 1.0
-543.5 -538.5 316.5 348.5 628.9395578537647 641.4356270613944 1.0 1.0
-542.0 -539.0 319.5 356.0 629.1615499554794 645.9543327511628 1.0 1.0
-551.5 -540.5 338.0 357.5 646.8430999277381 648.0327923801387 1.0 1.0
-607.0 -540.5 338.5 357.5 695.380140636606 648.0330271983569 1.0 1.0
-541.5 -544.5 326.0 355.5 632.0591119020623 650.2775985997462 1.0 1.0
-541.5 -578.5 323.0 355.5 630.5166770377584 679.0060323864728 1.0 1.0
-505.5 -580.5 335.0 356.5 606.6850440994076 681.2299256932198 1.0 1.0
-502.0 -590.0 356.0 363.0 615.4185603623555 692.7261853237137 1.0 1.0
-494.5 -592.0 353.0 371.0 607.5683116478015 698.6455092595726 1.0 1.0
-487.0 -587.5 328.5 373.0 587.7102350289085 695.9164336367003 1.0 1.0
-481.5 -576.5 312.5 376.0 574.0196441639719 688.2861555335412 1.0 1.0
-476.0 -573.0 308.0 379.0 566.9592750123678 687.0255368220924 1.0 1.0
-475.5 -633.5 309.5 413.0 567.3542276342573 756.3635967407075 1.0 1.0
-476.0 -571.0 310.0 385.0 568.0458383401215 688.669745405314 1.0 1.0
-477.0 -575.5 306.5 380.5 566.9843671629989 689.9134003626832 1.0 1.0
-476.5 -579.0 300.5 373.5 563.3405463266837 689.0161997093917 1.0 1.0
-477.0 -632.0 300.5 398.0 563.7637218873223 747.0336911898236 1.0 1.0
-480.0 -572.5 299.0 370.0 565.520943556108 681.6570162376893 1.0 1.0
-520.0 -560.5 296.5 345.5 598.5919025542967 658.4312140398713 1.0 1.0
-520.5 -553.5 325.0 333.5 613.9902173418727 646.2089025760316 1.0 1.0
-521.5 -552.0 329.5 332.5 617.2224676123814 644.4075897007182 0.0 1.0
-526.5 -548.5 331.5 334.0 622.5888073859687 642.1956874441471 1.0 1.0
-533.0 -544.5 363.5 346.0 645.1528244220564 645.1343007632574 1.0 1.0
-573.0 -545.0 347.0 363.0 669.8793382243646 654.8448679497935 0.0 1.0
-520.0 -547.5 338.5 381.5 621.0477233324971 667.3092359051527 0.0 1.0
-531.0 -519.5 283.5 364.0 602.0823527654429 634.3320356360389 0.0 1.0
-629.5 -514.5 314.5 357.5 703.6935012067484 626.511385131475 1.0 1.0
-647.0 -515.875 318.0 357.375 720.9272592871935 627.5699952022164 1.0 1.0
-654.0 -517.0 316.5 355.75 726.5613801559696 627.5747274007749 1.0 1.0
-655.0 -518.0 316.5 352.75 727.4598672061463 626.7033809007495 1.0 1.0
-654.25 -516.5 258.75 349.5 705.6215717491235 623.6365813823973 1.0 1.0
-719.5 -508.0 340.0 368.25 795.7901464069893 627.4329285602842 0.0 1.0
-734.0 -505.75 364.5 365.75 819.5222309391703 624.1445776195583 0.0 1.0
-744.5 -505.75 355.5 367.0 825.0865264328145 624.8779487099282 0.0 1.0
-757.5 -509.0 345.75 366.75 832.679291904205 627.3649357335113 0.0 1.0
-777.75 -513.25 420.5 369.0 886.2837221099812 632.1286312424702 0.0 1.0
-777.875 -514.25 491.5 369.25 920.1462563088646 633.0869097183593 0.0 1.0
-773.375 -513.75 493.5 370.25 917.4240719838723 633.26552181228 0.0 1.0
-754.0 -514.0 415.75 370.75 863.239071629524 633.7598942903253 0.0 1.0
-753.25 -515.0 411.75 370.25 860.4065232706321 634.2796555375049 0.0 1.0
-745.0 -513.75 344.0 367.0 820.5857931592783 631.3710056667071 0.0 1.0
-745.5 -501.5 349.0 302.75 823.1483309657074 586.8444252435936 0.0 0.0
-682.25 -528.1875 335.75 281.0625 760.391055244314 598.328831416335 0.0 0.0
-672.5 -542.4375 331.75 293.8125 749.8767379835404 616.9061508056828 1.0 0.0
-620.25 -546.5 312.0 340.75 694.3452159314147 644.0361727578941 1.0 0.0
-646.75 -558.25 320.5 361.0 721.8083497920045 664.8120728176184 1.0 1.0
-629.0 -551.0 318.5 355.5 705.0436411177162 655.7299949151441 1.0 1.0
-624.25 -535.0 315.25 350.25 699.3390759324504 639.4558731515992 1.0 1.0
-642.5 -497.38157894736844 225.5 344.13157894736844 680.9257488538856 626.9166861321381 0.0 1.0
-645.25 -388.9078947368421 224.5 340.6578947368421 683.1994371311455 623.4076104521572 0.0 1.0
-613.0 -280.43421052631584 311.5 337.1842105263158 687.6136047621436 619.8985347721763 0.0 1.0
-579.25 -171.96052631578948 299.0 333.7105263157895 651.8680141988726 616.3894590921954 1.0 1.0
-594.0 -63.48684210526315 306.0 330.2368421052631 668.1856686697042 612.8803834122144 1.0 1.0
-581.75 44.98684210526312 303.75 326.7631578947369 656.2779927858305 609.3713077322336 1.0 1.0
-577.875 153.46052631578948 305.0 323.2894736842105 653.4272560176707 605.8622320522527 1.0 0.0
-579.5 261.9342105263158 309.0 319.81578947368416 656.7352993685759 602.3531563722718 1.0 0.0
-602.0 370.4078947368421 322.0 316.3421052631579 682.7099067570255 598.8440806922908 1.0 0.0
-579.0 478.88157894736844 301.0 312.86842105263156 652.5663086944342 595.3350050123099 1.0 0.0
-575.0 613.0 299.5 315.5 648.3312861212984 689.4267824549293 1.0 0.0
-562.0 581.5 296.5 325.0 635.4182122303496 666.1911456371272 1.0 0.0
-560.0 539.5 297.5 309.5 634.118936784901 621.9765420215869 1.0 0.0
-553.5 520.0 324.5 326.0 642.1432662862832 613.7463118242812 1.0 0.0
-549.0 505.0 323.0 331.0 637.4000579894889 603.8103459371346 1.0 0.0
-544.5 486.5 318.5 315.5 631.2128384916541 579.8509621424652 1.0 0.0
-588.0 489.0 280.0 318.0 652.0488417119234 583.3053011094441 0.0 0.0
-652.0 486.0 259.0 316.0 701.6458678761849 579.6999223736364 0.0 0.0
-771.0 470.5 285.0 310.5 821.9941933526019 563.7202498932586 0.0 0.0
-810.5 454.5 294.5 305.5 862.345979667661 547.6323586245882 0.0 0.0
-831.0 458.5 297.5 321.0 882.6480284102215 559.7016466614432 0.0 0.0
-851.0 454.5 300.5 310.5 902.4987170578033 550.4369339050917 0.0 0.0
-866.85 463.5 306.7 312.0 919.7790417996555 558.7274182962612 0.0 0.0
-742.25 488.5 289.5 311.0 797.5796472486345 579.0984826602278 0.0 0.0
-617.65 519.5 272.3 307.5 675.3802526976135 603.6867608933444 0.0 0.0
-584.0 537.5 268.5 306.0 642.7662532960986 618.5005204252959 1.0 0.0
-584.0 538.5 270.5 303.5 643.604155764109 618.1379320751112 1.0 0.0
-585.5 514.0 269.5 282.0 644.5468999950674 586.2763868845027 1.0 0.0
-587.0 475.20000000000005 269.5 283.75 645.9096635927822 554.5117270255488 1.0 0.0
-615.5 424.79999999999995 378.0 286.75 722.7032658736425 513.6484745512798 0.0 0.0
-549.0 382.0 361.0 286.0 657.0555532068806 477.200538811195 1.0 0.0
-544.5 227.0 357.5 351.0 651.3733339018943 420.99932223224323 1.0 0.0
-540.5 152.0 356.5 411.0 647.4816736746543 438.2098791262854 1.0 0.0
-540.0 176.5 357.5 418.0 647.615819757362 453.7789845360089 1.0 0.0
-529.5 205.0 354.5 421.0 637.2132081372706 468.29787879713024 1.0 0.0
-527.0 213.5 352.0 420.5 633.7453533359409 471.62611863229364 1.0 0.0
-524.0 134.89285714285717 347.5 419.2857142857143 628.7545835728017 468.89892734071736 1.0 0.0
-521.5 22.75 343.5 419.0 624.4633696222702 463.1317470453603 1.0 0.0
-518.5 -89.39285714285714 341.5 418.7142857142857 620.8584359180737 457.3645667500033 1.0 0.0
-434.5 -174.0 345.0 418.0 556.9682194631616 452.76972888574755 1.0 0.0
-227.09090909090912 -201.0 341.45454545454544 412.5 534.5371694002293 458.8670580338682 0.0 0.0
-42.54545454545456 -365.3125 326.72727272727275 339.5 570.2055551718524 501.26476681275585 0.0 0.0
141.99999999999997 -494.5625 312.0 341.5 605.8739409434755 605.5450463033515 0.0 0.0
326.5454545454545 -605.5 297.27272727272725 356.5 641.5423267150986 702.6685126847508 0.0 1.0
511.090909090909 -587.0 282.54545454545456 368.5 677.2107124867216 693.1409676781345 0.0 1.0
648.0 -579.0 273.0 400.0 703.1620439610142 703.8469820418105 0.0 1.0
644.0 -546.0 271.5 379.5 698.9162000411866 664.9341638745884 0.0 1.0
649.5 -539.5 274.0 370.5 704.9306609665697 654.469836374519 0.0 1.0
580.5 -540.5 292.5 374.0 651.7911634929906 657.2794794984466 0.0 1.0
513.5 -541.5 306.0 382.0 597.7613440130629 662.6814736487108 0.0 1.0
570.5 -549.0 311.0 390.5 650.3617212338102 673.7172271817028 0.0 1.0
557.0 -546.5 276.5 391.5 621.8537133612515 672.2607776455409 0.0 1.0
551.5 -543.0 277.0 384.5 617.155936240766 665.3492195531105 0.0 1.0
528.5 -538.0 352.0 377.0 635.0901201627653 656.9456153865001 0.0 1.0
497.0 -529.0 292.0 364.0 576.6427093957261 642.1349267165867 0.0 1.0
348.1428571428571 -523.5 224.39285714285714 346.0 455.3256231445431 627.5099521031534 0.0 1.0
140.71428571428572 -519.5 255.96428571428572 328.5 457.2996681904949 614.648710891488 0.0 1.0
-66.7142857142857 -519.5 287.53571428571433 320.0 459.2737132364467 610.1477843649295 0.0 1.0
-274.1428571428571 -520.0 319.1071428571429 318.5 461.24775828239854 609.7886929092733 0.0 1.0
-435.5 -521.0 297.0 325.5 527.1645662822912 614.3223659095806 0.0 1.0
-440.5 -525.0 295.5 342.5 530.4562553913379 626.8441948331892 0.0 1.0
-477.0 -538.0 283.5 359.0 555.062300306193 646.7833989297487 1.0 1.0
-492.0 -553.0 280.5 369.0 566.3472589040255 664.8103246023122 1.0 1.0
-498.5 -568.0 272.0 373.0 567.8818264750707 679.5242267009331 1.0 1.0
-501.0 -578.5 276.5 373.5 572.4344726814484 688.596051511637 1.0 1.0
-567.0 -577.5 273.0 376.5 629.6263001944556 689.3902949330683 1.0 1.0
-650.0 -561.0 237.5 382.0 692.0429022138626 678.7083766572414 0.0 1.0
-654.25 -531.5 246.0 390.0 699.0536482220417 659.2375379877839 0.0 1.0
-636.5 -500.5 250.0 400.5 683.8369253834721 641.0186791464566 0.0 1.0
-661.0 -469.5 238.5 410.0 702.791299162705 623.3324461525282 0.0 1.0
-617.0 -435.5 258.5 400.0 669.1688129281604 591.3207681969698 0.0 1.0
-630.0 -436.0 245.5 409.5 676.1473496813975 598.1527553134349 0.0 1.0
-652.0 -451.0 253.5 414.0 699.5474075432645 612.2263938670569 0.0 1.0
-643.5 -474.0 256.0 407.5 692.5526069267868 625.1079389133604 0.0 1.0
-648.5 -506.0 234.5 415.0 690.3135629551966 654.423238620292 0.0 1.0
-647.0 -526.5 304.5 417.5 715.8941430868213 671.9565358893535 0.0 1.0
-558.0 -537.0 328.0 417.5 647.2735511945825 680.2039939471733 1.0 1.0
-597.0 -541.5 343.0 411.5 688.5203933392627 680.115205984726 1.0 1.0
-557.5 -544.0 322.5 406.0 644.0608409678077 678.8051501191057 1.0 1.0
-555.5 -548.0 325.0 402.5 643.5877950986951 679.9340090942212 1.0 1.0
-555.5 -550.0 324.5 394.0 643.3354490466074 676.5619195144884 1.0 1.0
-554.5 -551.5 324.0 386.0 642.2201474538841 673.163273995151 1.0 1.0
-555.5 -553.0 325.5 379.5 643.8405296459903 670.6936486780248 1.0 1.0
-557.5 -553.0 325.5 372.0 645.566949621479 666.478425782929 1.0 1.0
-561.5 -550.0 326.5 367.0 649.52650972054 661.2044530308995 1.0 1.0
-566.0 -542.5 336.0 361.5 658.2189490249373 651.9132043712696 1.0 1.0
-571.5 -537.0 341.0 358.0 665.5057399851756 645.3961961462122 1.0 1.0
-577.0 -542.5 343.5 360.0 671.5067914128074 651.0873634984997 1.0 1.0
-588.0 -557.5 348.5 363.5 683.5178997701212 665.5420815956786 1.0 1.0
-593.5 -570.5 350.5 361.5 689.2702912018304 675.393799603483 1.0 1.0
-599.0 -586.0 350.0 359.0 693.7595559384428 687.2286338006859 1.0 1.0
-609.3333333333333 -584.0 301.95833333333337 344.5 680.4454697264564 678.0392928148759 0.0 1.0
-628.6666666666667 -597.0 279.79166666666663 334.0 689.3646539866429 684.0836671866755 0.0 1.0
-648.0 -605.0 257.625 330.0 698.2838382468294 689.1617510365775 0.0 1.0
-642.5 -608.0 294.5 332.0 709.0711929492729 692.7595270731688 0.0 1.0
-594.0 -613.5 350.5 331.0 689.7073646704825 697.099467936632 1.0 1.0
-584.0 -612.0 349.0 301.0 680.3361359700832 682.3851360893718 1.0 1.0
-615.0 -599.375 360.5 266.5 712.8713325516107 655.9791687747258 1.0 0.0
-582.0 -586.5416666666667 365.0 255.83333333333331 687.1266374378072 639.9441583081411 1.0 0.0
-488.5 -573.7083333333333 325.0 245.16666666666669 586.8313274887407 623.9091478415564 0.0 0.0
-436.0 -506.5 317.0 359.5 539.1172983338238 621.1783186630854 0.0 0.0
-476.0 -446.0 328.5 368.0 578.3566220343615 578.2458182387038 0.0 1.0
-487.5 -414.5 320.5 370.0 583.4217878473316 555.6222297070036 0.0 1.0
-502.0 -392.5 312.5 364.0 591.326850788487 535.3058792924658 0.0 1.0
-538.2857142857142 -396.5 321.6071428571429 361.0 627.2731760159438 536.2251989443332 0.0 1.0
-545.4285714285713 -432.5 304.0357142857143 367.0 625.244218351638 567.2354826026581 0.0 1.0
-552.5714285714287 -488.5 286.46428571428567 388.0 623.215260687332 623.8399251401286 0.0 1.0
-559.7142857142858 -536.5 268.8928571428571 405.0 621.1863030230262 672.2141261528948 0.0 1.0
-579.0 -575.0 267.5 416.5 637.8069059750449 709.998195692443 1.0 1.0
-559.0 -590.0 282.5 423.5 626.4100524235625 726.2591153018186 1.0 1.0
-515.5 -580.0 245.5 421.0 571.1150966979947 716.6875534145886 0.0 1.0
-507.5 -551.5 262.5 413.0 571.371022418861 689.001807187969 0.0 1.0
-507.0 -513.0 253.5 399.0 566.9325412257679 649.9000292984935 0.0 1.0
-555.5 -474.0 265.5 387.0 615.6936157805918 611.9197881477388 0.0 1.0
-549.0 -452.0 261.5 382.0 608.0988627308849 591.800700816075 0.0 1.0
-533.5 -449.5 263.5 382.5 595.0248285894606 590.2176886460702 0.0 1.0
-516.0 -465.0 261.5 387.5 578.4845474133954 605.296465792753 0.0 1.0
-506.5 -489.0 256.5 391.5 567.7451439462573 626.4189719923284 0.0 1.0
-520.5 -520.0 258.0 397.0 580.94139264359 654.2271169505993 0.0 1.0
-530.0 -541.5 253.0 402.0 587.3066375406675 674.4097202019304 0.0 1.0
-585.0 -552.0 249.0 406.5 636.3229048077777 685.5265141626196 0.0 1.0
-585.0 -552.5 241.33333333333331 411.0 634.4612609115245 688.6053579954785 0.0 1.0
-546.3333333333333 -537.5 252.44444444444446 406.5 604.7790423507855 673.9143025720871 0.0 1.0
-507.6666666666667 -516.5 263.55555555555554 397.0 575.0968237900465 651.4456473547233 0.0 1.0
-469.0 -501.5 274.6666666666667 394.5 545.4146052293077 638.0695126887881 0.0 1.0
-457.0 -495.5 272.5 393.5 532.3715961644198 632.7423541661492 0.0 1.0
-502.5 -497.0 265.0 392.0 568.4816844171057 632.9873670769895 1.0 1.0
-474.0 -508.5 279.0 392.0 550.0222580618583 642.0564103881225 1.0 1.0
-462.5 -520.0 261.5 393.0 531.3386201178807 651.8053610563434 1.0 1.0
-489.5 -532.0 282.5 392.5 565.1699409608888 661.1209165339421 1.0 1.0
-504.0 -538.0 280.0 388.5 576.5553881182366 663.6085711349145 1.0 1.0
-509.5 -539.5 261.5 386.0 572.6888585355023 663.3673567488831 1.0 1.0
-473.5 -538.5 216.5 386.5 520.6485754191906 662.8458832948937 0.0 1.0
-446.0 -526.5 189.0 381.5 484.3948870998913 650.1949673593199 0.0 1.0
-522.0 -512.5 222.0 375.5 567.2562037217771 635.3397416555292 0.0 1.0
-528.0 -509.5 228.0 384.5 575.1276787488939 638.3028988772078 1.0 1.0
-519.5 -506.5 226.5 393.5 566.7320074944926 641.3927469981113 1.0 1.0
-523.0 -506.0 249.5 402.5 579.4653264950787 646.5618686560475 1.0 1.0
-543.5 -506.0 276.5 410.0 609.7912979916966 651.2572456410754 1.0 1.0
-563.0 -511.5 293.0 416.0 634.9644262259127 659.3101760843346 1.0 1.0
-561.5 -520.5 324.5 423.5 648.526350716646 671.0238406911836 1.0 1.0
-560.5 -520.5 327.5 420.0 649.1662911212081 668.8204126334222 1.0 1.0
-561.0 -522.0 327.5 412.0 649.5980480054625 665.0049122006701 1.0 1.0
-562.5 -521.0 326.5 398.5 650.3959377384715 655.9310067720234 1.0 1.0
-560.5 -519.0 324.0 385.0 647.4120112247411 646.209142060644 1.0 1.0
-553.0 -518.0 317.0 372.0 637.4151073396949 637.7371400088052 1.0 1.0
-492.5 -518.5 315.0 362.5 584.6242747200807 632.6537740155892 0.0 1.0
-495.5 -507.5 315.5 333.5 587.4195576398963 607.2721261090707 1.0 1.0
-495.5 -511.0 319.0 330.0 589.3058855505948 608.2937806185461 1.0 1.0
-495.5 -513.5 319.0 329.0 589.3057355906185 609.8551807809795 1.0 1.0
-496.0 -515.0 317.0 329.5 588.6470323800984 611.3887782243887 1.0 1.0
-496.5 -515.5 318.5 332.0 589.8768321567885 613.1598134448635 1.0 1.0
-496.5 -515.5 344.5 340.0 604.3273171294588 617.5285274866503 1.0 1.0
-500.0 -513.0 352.5 350.0 611.7739982361838 621.026042125219 1.0 1.0
-500.0 -515.5 349.0 375.0 609.7584740902355 637.4802025880322 1.0 1.0
-494.5 -518.5 342.5 395.0 601.5286102512729 651.8189033529127 1.0 1.0
-495.5 -520.5 344.0 408.5 603.2055410664461 661.6589054514561 1.0 1.0
-484.0 -520.0 341.0 418.0 592.0622425555364 667.1761386620477 1.0 1.0
-479.0 -519.0 337.5 426.5 585.9584048059522 671.7614154043997 1.0 1.0
-480.0 -517.5 340.0 432.5 588.2193393075975 674.4350578008273 1.0 1.0
-480.5 -518.0 343.0 438.5 590.363670597599 678.6797845818012 1.0 1.0
-477.0 -518.0 337.0 438.0 584.0376744505595 678.3569456967728 1.0 1.0
-475.5 -518.0 332.5 433.0 580.2211493032164 675.1396808600148 1.0 1.0
-477.5 -516.5 330.5 420.5 580.7210896642634 666.0302235715835 1.0 1.0
-479.0 -516.5 330.5 406.0 581.956514436871 656.970045514023 1.0 1.0
-478.5 -514.5 327.5 391.5 579.8440397001036 646.5161508463494 1.0 1.0
-478.0 -512.5 346.0 378.5 590.3853494851302 637.1174630840471 1.0 1.0
-481.0 -510.5 346.0 366.5 592.8358624154446 628.4365520877983 0.0 1.0
-493.5 -503.5 292.5 337.0 573.6710997520297 605.9043645672265 0.0 1.0
-493.0 -504.0 289.0 322.5 571.4673900376499 598.3497533838272 1.0 1.0
-495.5 -504.5 291.0 318.0 574.6317264012348 596.3605119700462 1.0 1.0
-499.0 -508.5 299.0 319.5 581.7235289949731 600.5455949965163 1.0 1.0
-495.0 -508.5 294.0 321.5 575.7266580651326 601.6162510607674 1.0 1.0
-496.5 -506.5 296.5 324.5 578.2984584505039 601.536524212807 1.0 1.0
-496.0 -461.25 303.5 204.05 581.4884554919172 504.8925407116095 1.0 0.0
-490.5 -480.25 327.0 248.25 589.5089547925286 541.9743681573066 1.0 0.0
-444.0833333333333 -499.25 313.16666666666663 292.45 545.2731423453517 579.0561956030037 1.0 0.0
-386.19444444444446 -518.5 299.3888888888889 374.0 492.2088479143128 639.3250967074107 1.0 0.0
-328.30555555555554 -521.5 285.6111111111111 394.5 439.14455348327385 653.9056030656614 1.0 1.0
-270.4166666666667 -525.0 271.83333333333337 410.0 386.08025905223496 666.1269358835402 1.0 1.0
-227.5 -525.0 261.5 421.5 346.6102166683952 673.2668728971535 1.0 1.0
-215.0 -525.0 255.0 432.0 333.5851682634299 679.8889649624259 1.0 1.0
11.0 -525.5 211.5 441.5 231.1916875174673 686.3476423916259 0.0 1.0
245.70000000000002 -527.0 199.39999999999998 452.5 331.14292418964754 694.6115841791498 0.0 1.0
439.29999999999995 -528.5 238.60000000000002 461.0 509.3537437193043 701.3083430097677 0.0 1.0
584.0 -528.0 253.0 461.0 636.591730989702 700.9325124638422 0.0 1.0
472.125 -525.0 262.375 457.5 541.7268778270313 696.3719015459494 0.0 1.0
513.0 -520.5 286.0 453.0 587.3510971197948 690.0222049680963 0.0 1.0
510.5 -519.5 282.5 449.5 583.5359272132157 686.975558680402 0.0 1.0
492.5 -505.0 327.5 433.5 594.0706527411878 665.5487849307615 0.0 1.0
534.5 -501.5 291.5 423.5 608.8205811238645 656.3952276316356 0.0 1.0
533.5 -500.0 286.5 413.5 605.5614700760223 648.8341152929072 0.0 1.0
537.0 -498.5 287.5 401.5 609.1185798393758 640.0827014678669 0.0 1.0
542.0 -499.0 289.0 385.0 614.2359307519337 630.2716843113711 0.0 1.0
540.5 -493.0 289.5 358.5 613.1537276057107 609.5676514988224 0.0 1.0
544.5 -490.0 290.0 345.5 616.9144742142823 599.5585183965516 0.0 1.0
547.0 -487.5 288.0 332.5 618.1852473166923 590.0953985366806 0.0 1.0
545.5 -485.0 285.0 322.0 615.4634868190676 582.1589298455763 0.0 1.0
546.0 -484.5 285.0 321.0 615.9066922272891 581.1895300030853 0.0 1.0
542.5 -492.0 281.75 346.5 611.301373335684 601.7862846975042 0.0 1.0
533.0 -496.5 280.0 379.5 602.0790804952321 624.929456670946 0.0 1.0
571.5 -500.0 366.5 409.0 679.3776891441837 645.9742216202538 0.0 1.0
566.0 -505.5 349.0 436.0 664.9956579535624 667.5542705137731 0.0 1.0
557.0 -508.0 324.5 452.5 644.9920365869036 680.3111736776194 0.0 1.0
553.5 -511.5 295.5 458.5 627.4430948920808 686.9183607396326 0.0 1.0
553.5 -519.5 291.5 456.5 625.567377548223 691.5725420651811 0.0 1.0
555.5 -530.0 292.0 440.0 627.5702412829089 688.8522043250875 0.0 1.0
530.5 -539.5 348.0 415.5 634.4622542783181 680.9639825287288 0.0 1.0
506.5 -549.5 325.0 390.0 602.0866036826789 673.8338443902501 0.0 1.0
518.0 -557.0 269.5 375.0 583.9128821883048 671.4715320596771 0.0 1.0
478.5 -567.0 242.0 369.0 536.2147877785311 676.498352855313 0.0 1.0
472.5 -572.0 251.0 373.0 535.1562760222414 682.8728168076426 0.0 1.0
476.0 -576.0 244.5 391.5 535.1248959925747 696.4627135687358 0.0 1.0
476.0 -590.0 247.5 426.0 536.5 727.7301537788202 0.0 1.0
474.5 -607.5 250.0 469.5 536.3307805791657 767.7865457502141 0.0 1.0
498.5 -608.75 259.0 516.25 561.790856743608 798.8099746294788 0.0 1.0
470.5 -610.5 256.0 560.5 535.6364839088881 828.7770923572645 0.0 1.0
458.5 -591.0 278.0 569.0 536.1976269858948 820.3913717711359 0.0 1.0
428.5 -595.0 282.0 539.0 512.9692803242797 803.1973285905447 0.0 1.0
401.54999999999995 -590.5 292.85 493.5 498.61550035838064 769.5698628849555 0.0 1.0
364.95000000000005 -583.0 308.65 453.0 479.6532259848133 738.3250708890964 0.0 1.0
324.5 -590.5 314.0 409.0 451.5698781810062 718.335723787123 0.0 1.0
353.5 -609.0 391.5 372.0 527.6728459746718 713.6330787243786 0.0 1.0
278.5 -621.5 315.5 341.5 420.8632381124284 709.1456637244175 0.0 1.0
138.625 -600.5 327.5 307.5 482.87934762493705 674.7312257719873 0.0 1.0
-75.875 -573.5 321.5 286.0 530.5466159187132 640.8650759748316 0.0 1.0
-290.375 -568.0 315.5 284.0 578.2138842124893 635.0447228352447 0.0 1.0
-504.875 -555.5 309.5 297.5 625.8811525062654 630.1570854450317 0.0 1.0
-740.0 -538.5 360.0 336.5 822.9254396277311 635.0165859330468 0.0 1.0
-659.0 -528.5 332.0 373.0 737.9075153992192 646.896057077464 1.0 1.0
-619.5 -518.0 318.0 397.0 696.3510266103787 652.6444339647062 1.0 1.0
-617.0 -520.25 316.0 414.5 693.2135320761677 665.2153960130781 1.0 1.0
-608.75 -519.0 313.0 422.25 684.5062856990238 669.0790377787591 1.0 1.0
-620.0 -515.0 316.25 406.25 695.9991955584647 655.9796542585144 1.0 1.0
-613.0 -515.3 316.75 380.6 690.0002453804627 641.4327857026401 1.0 1.0
-615.5 -514.5 321.5 329.0 694.4080238079141 613.0706379779512 1.0 1.0
-622.5 -513.7 328.75 277.4 703.9790337245047 584.7084902532622 1.0 1.0
-622.0 -517.0 330.75 259.75 704.4729662969002 578.6085591418639 1.0 1.0
-558.5 -524.5 316.5 263.75 641.9614142868007 587.0934103075151 1.0 1.0
-540.0 -529.0 304.5 285.25 619.9360563180669 601.0642219495289 1.0 1.0
-512.75 -524.75 285.75 325.0 587.0001164965172 617.4384354060176 1.0 1.0
-526.0 -514.5 304.5 366.5 607.7803871429711 631.8391271055455 1.0 1.0
-525.0 -500.25 302.5 395.5 605.9141859651552 637.7637306951033 1.0 1.0
-523.5 -490.75 299.5 419.5 603.1205157150499 645.6167155615817 1.0 1.0
-517.75 -479.5 327.0 409.25 612.3676560395866 630.4110901938643 0.0 1.0
-523.5 -484.75 314.5 394.5 610.8568389859893 625.0451366174011 0.0 1.0
-537.25 -504.0 316.0 378.25 623.2936096551833 630.1995922708846 1.0 1.0
-552.25 -528.0 326.0 373.5 641.2935512617314 646.7512669907685 1.0 1.0
-550.0 -544.75 328.5 388.25 640.6352261825257 668.9721899455592 1.0 1.0
-550.25 -542.75 332.0 398.0 642.6501075201397 673.0632882199312 1.0 1.0
-548.5 -531.25 330.75 398.0 640.5065365227485 663.8007667993417 1.0 1.0
-547.0 -519.5 330.5 390.0 639.0928083132578 649.6094873398047 1.0 1.0
-542.5 -509.25 330.5 376.5 635.2453265448869 633.3473441629415 1.0 1.0
-538.75 -503.25 326.0 349.25 629.7096937422889 612.6650763554601 1.0 1.0
-476.75 -513.5 293.75 341.0 560.2514860868255 616.4206888022818 0.0 1.0
-467.0 -534.125 281.0 360.08333333333337 545.2018513126052 644.4557645150437 0.0 1.0
-472.25 -538.625 294.5 392.41666666666663 556.5559006279982 667.3056328920075 0.0 1.0
-477.0 -543.125 254.5 424.75 540.6471172560207 690.1555012689712 0.0 1.0
-494.75 -547.0 268.0 453.5 562.6776454981223 710.5498870956776 0.0 1.0
-495.0 -530.0 270.0 461.5 563.8484742508067 702.7683440333194 1.0 1.0
-489.0 -501.79999999999995 273.5 398.85 560.3263062609816 642.9186466002466 1.0 0.0
-496.0 -468.20000000000005 274.0 320.65 566.7673943596898 569.6380308110517 1.0 0.0
-491.5 -479.5 295.5 320.5 573.4965222394294 577.4547790865346 1.0 0.0
-486.5 -512.0 289.0 405.25 565.8652879371764 653.3787475462364 1.0 1.0
-505.0 -512.5 297.0 433.0 585.8620503850887 670.9309517726562 1.0 1.0
-495.5 -511.0 291.0 457.5 574.6315137995052 685.8777231333814 1.0 1.0
-501.5 -515.5 292.5 489.5 580.5704111667105 710.8815307104594 1.0 1.0
-506.0 -522.0 288.0 504.0 582.2199709065908 725.6039276716849 1.0 1.0
-491.0 -528.0 270.5 490.5 560.58318612161 720.7054652086196 1.0 1.0
-511.5 -528.5 263.5 447.0 575.7866166634963 692.2010094600989 1.0 1.0
-490.0 -531.0 276.0 406.5 563.574827476998 668.7503899594558 1.0 1.0
-443.5 -545.5 283.5 389.5 526.4246417797075 670.2958986914823 1.0 1.0
-464.0 -554.0 270.5 393.5 537.2558116663665 679.528388324071 1.0 1.0
-492.5 -556.5 274.0 401.5 563.5922403135821 686.2176509075186 1.0 1.0
-491.5 -551.0 269.5 398.5 560.537699743408 680.00527917411 1.0 1.0
-500.5 -538.5 292.75 394.5 580.0370899810409 667.551425995872 1.0 1.0
-505.5 -521.5 313.5 379.0 594.8214047190602 644.6778254175181 1.0 1.0
-504.5 -518.0 309.5 372.0 591.8737385495021 637.7406257124701 1.0 1.0
-508.0 -502.0 286.5 340.0 583.2208408243375 606.3043379000164 1.0 0.0
-528.0 -501.0 290.0 332.5 602.4357368346862 601.2964497257892 1.0 1.0
-528.0 -493.0 257.5 321.0 587.4500665108732 588.2942167666857 1.0 1.0
-515.0 -493.0 275.0 327.5 583.8236510008646 591.8806018307503 1.0 1.0
-516.5 -494.0 307.5 336.0 601.6463965309999 597.43822872566 1.0 1.0
-524.0 -495.0 316.0 352.5 611.9142313624004 607.6878103696049 1.0 1.0
-515.0 -485.5 304.5 353.5 598.2915172247314 600.5601954092663 1.0 1.0
-507.5 -468.0 324.0 349.0 602.1174608429149 583.8022725948131 1.0 1.0
-512.0 -454.0 351.0 347.0 620.761992440457 571.4237080972765 1.0 1.0
-499.0 -457.0 334.0 343.0 600.465922906425 571.4000698323937 1.0 1.0
-509.5 -476.5 326.5 338.0 605.1421891983052 584.2057289037289 1.0 1.0
-521.5 -493.5 322.0 332.5 612.9000440212808 595.0619059772763 1.0 1.0
-520.0 -491.5 310.0 326.0 605.4337345740107 589.7889451029919 1.0 1.0
-555.0 -491.5 321.5 326.0 641.4067193608682 589.7893306629845 1.0 1.0
-557.0 -502.0 312.0 334.0 638.430129913409 602.959513296506 1.0 1.0
-583.0 -510.5 329.5 339.5 669.6754512604418 613.0878565646041 1.0 1.0
-587.5 -512.5 339.0 348.0 678.2899914097243 619.5028146670527 1.0 1.0
-581.5 -505.5 337.5 358.0 672.3457086784724 619.4306882784088 1.0 1.0
-538.0 -472.07142857142856 322.0 362.92857142857144 626.9999110583421 597.4636399223741 1.0 1.0
-529.0 -425.5 327.0 367.5 621.9090806549516 565.38619813672 1.0 1.0
-519.5 -378.92857142857144 333.0 372.07142857142856 617.0653801990875 533.308756351066 1.0 1.0
-512.0 -342.5 338.5 375.0 613.7805423383124 507.8699080301394 1.0 1.0
-513.0 -353.5 336.5 368.0 613.517047226085 510.280560084352 1.0 1.0
-529.0 -266.0 337.0 413.5 627.2244689036031 493.46446805739794 1.0 0.0
-538.5 -180.79166666666669 333.5 320.46153846153845 633.4081051277891 386.23595022156013 1.0 0.0
-534.5 -65.95833333333334 332.0 362.3076923076923 629.217549108923 434.56891324780435 1.0 0.0
-536.5 48.874999999999986 331.5 404.1538461538462 630.6550086548145 482.90187627404856 1.0 0.0
-530.0 163.70833333333331 324.0 446.0 621.1999027858528 531.2348393002928 1.0 0.0
-534.0 278.54166666666663 282.0 487.8461538461538 604.4897012579556 579.567802326537 1.0 0.0
-526.5 393.37499999999994 296.0 529.6923076923077 604.0075236035573 627.9007653527813 1.0 0.0
-516.5 423.5 298.5 571.5384615384615 596.5525681904983 676.2337283790255 1.0 0.0
-512.0 248.0 296.5 598.0 591.6556284409158 647.80537648566 1.0 0.0
-508.5 219.0 294.0 581.5 587.3740823643132 621.6937068999341 1.0 0.0
-502.0 170.5 286.5 589.0 578.0022796110204 613.2793931957083 1.0 0.0
-501.0 124.5 275.0 588.5 571.5120638216638 601.5254097292946 1.0 0.0
-510.0 6.0 261.0 582.5 572.9384333137848 586.5329537236412 1.0 0.0
-523.0 -211.75 261.0 518.0 584.5090252615475 573.063581792414 1.0 0.0
-525.0 -364.75 268.0 446.0 589.4487198072143 611.7935580840948 1.0 0.0
-483.0 -517.75 270.0 374.0 553.59915337434 650.5235343757756 1.0 0.0
-479.0 -517.5 265.5 350.0 548.088333835665 624.7473738234878 0.0 1.0
-532.5 -497.5 281.0 352.0 602.0982957516172 609.4583476005466 1.0 1.0
-528.5 -487.5 287.0 340.0 601.3994570456739 594.3571777700924 1.0 1.0
-533.5 -490.0 299.5 331.5 611.8203589621014 591.6014889939358 1.0 1.0
-539.5 -495.0 308.0 342.0 621.2285396320013 601.6586575044944 1.0 1.0
-540.0 -505.5 307.5 357.0 621.4147295163334 618.8551448983392 1.0 1.0
-542.5 -508.0 303.5 352.0 621.6258443842627 618.0355976802631 1.0 1.0
-544.0 -508.0 293.0 342.5 617.889409033351 612.6759313533007 1.0 1.0
-537.0 -511.5 287.5 355.0 609.1187770420995 622.6358950260749 1.0 1.0
-522.0 -509.5 277.5 365.5 591.1773906684837 627.0411349681119 1.0 1.0
-519.0 -513.0 275.0 372.0 587.3608348525447 633.682253219193 1.0 1.0
-511.0 -515.0 265.5 375.5 575.8573447037222 637.3582039383032 1.0 1.0
-511.0 -513.0 261.5 376.5 574.0237700496239 636.3343095682924 1.0 1.0
-505.0 -457.22727272727275 263.5 370.6363636363636 569.6115298502825 597.395027755504 1.0 1.0
-503.0 -380.8636363636364 275.0 360.8181818181818 573.267170104451 542.6802850701347 1.0 1.0
-511.0 -304.5 288.5 351.0 586.8269166679411 487.96554238476546 1.0 1.0
-511.0 -228.13636363636365 293.0 341.1818181818182 589.0432038501067 433.2507996993962 1.0 1.0
-512.0 -151.77272727272728 290.5 331.3636363636364 588.6716204622674 378.53605701402694 1.0 1.0
-517.0 -58.0 295.5 328.0 595.4907639921882 335.0977156440689 1.0 0.0
-516.5 91.25 301.5 315.25 598.0589435833227 375.68992577760815 1.0 0.0
-520.0 241.58333333333334 305.5 292.91666666666663 603.1005305917082 433.0159184302353 1.0 0.0
-519.5 391.9166666666667 300.5 270.58333333333337 600.1541330004789 490.34191108286245 1.0 0.0
-521.5 594.0 288.5 264.5 595.9821234046096 650.2662922009956 1.0 0.0
-507.0 602.875 278.0 275.625 578.2197848716812 662.8933788599181 1.0 0.0
-489.0 543.5 271.5 276.0 559.3150354737637 609.5885928683739 1.0 0.0
-488.5 517.5 274.0 291.5 560.0966761787531 593.9598710325893 1.0 0.0
-488.0 519.0 273.5 286.5 559.4160073834278 592.9880935747576 1.0 0.0
-483.0 522.5 270.5 277.0 553.5877503604938 591.3854486408011 1.0 0.0
-493.0 512.0 281.0 273.0 567.4603744526635 580.2375514958218 1.0 0.0
-501.0 507.0 286.0 275.0 576.8865682364019 576.7796569539184 1.0 0.0
-494.5 508.5 283.5 281.5 570.0021929782375 581.2182820220964 1.0 0.0
-487.5 509.0 280.0 281.5 562.1888028056055 581.6595526983622 1.0 0.0
-480.0 509.5 276.5 287.0 553.9425171329132 584.7747356966147 1.0 0.0
-471.5 507.0 273.5 288.5 545.0821039072921 583.336471387169 1.0 0.0
-463.0 503.5 270.5 290.0 536.2269236225093 581.0441569068728 1.0 0.0
-437.5 499.5 267.5 293.0 512.837850187037 579.0935278517031 1.0 0.0
-129.54166666666666 482.5 229.33333333333331 292.0 324.409214825611 563.9776329282311 0.0 0.0
92.29166666666667 467.5 150.66666666666666 283.5 381.23343718402407 546.7442099673772 0.0 0.0
314.125 463.0 71.99999999999999 284.0 438.05765954243714 543.1621013535391 0.0 0.0
498.5 458.5 124.5 282.5 524.2693529434708 538.5430055174552 0.0 0.0
602.0 456.0 280.625 284.5 664.1997730252758 537.4720922987536 0.0 0.0
611.0 457.5 285.0 286.5 674.2003484864154 539.8043920664287 0.0 0.0
543.5 467.5 337.0 291.0 639.5723900558141 550.6705355219374 0.0 0.0
522.0 477.5 320.5 297.5 612.7528032565502 562.5946850354995 0.0 0.0
514.0 477.0 359.0 298.5 627.1269705954837 562.7002145082567 0.0 0.0
488.5 474.5 313.0 296.5 580.1735138464328 559.5199462069911 0.0 0.0
472.0 473.0 306.5 297.5 562.784382080034 558.7802080112336 0.0 0.0
470.0 475.0 304.5 298.0 560.0186400341295 560.7397530114974 0.0 0.0
455.5 479.5 331.0 296.5 563.5710983261146 563.7667723964707 0.0 0.0
436.0 482.5 370.5 295.0 572.3787071247696 565.5366677057543 0.0 0.0
457.0 482.0 331.5 292.5 564.6008102269293 563.8094938688905 0.0 0.0
485.5 479.0 321.0 270.0 582.2117163096912 549.857472711393 0.0 0.0
501.0 474.0 315.0 269.0 591.7994119892101 545.0110090631198 0.0 0.0
501.5 473.0 319.0 272.5 594.3599300336571 545.8802524363746 0.0 0.0
502.5 475.5 317.5 275.5 594.401109244131 549.5457214827534 0.0 0.0
505.0 478.0 316.5 275.0 595.985118097238 551.4607873638886 0.0 0.0
506.0 477.0 312.5 295.5 594.7218195026414 561.1410963680592 0.0 0.0
505.0 477.0 309.0 300.0 592.0356255309114 563.4971162304205 0.0 0.0
505.0 476.0 303.0 299.5 588.9265409100486 562.3848552155332 0.0 0.0
508.0 477.0 303.5 298.5 591.7611190435161 562.7001240876796 0.0 0.0
495.0 477.0 363.0 298.5 616.5276591786526 562.7002145082567 0.0 0.0
442.5 480.0 380.0 298.5 583.5546550750748 565.245547420718 0.0 0.0
441.0 482.0 339.0 297.5 556.2460787304956 566.418854706136 0.0 0.0
443.5 482.0 338.0 300.0 557.6225265485025 567.7359155501581 0.0 0.0
444.0 477.5 355.0 305.0 568.4794693793278 566.5962605262804 0.0 0.0
447.5 465.5 373.5 313.0 582.8892057421879 560.9450310301513 0.0 0.0
448.0 441.0 370.5 322.5 581.3603936828242 546.3401067007899 0.0 0.0
449.5 237.49999999999997 373.0 303.75 584.1111334674476 416.7097808300556 0.0 0.0
481.0 -3.0 368.0 273.0 605.6719059109721 275.60438138240346 0.0 0.0
474.0 -74.5 372.5 252.5 602.8914199851578 263.26129124539193 0.0 0.0
456.5 -100.5 359.5 241.0 581.0667571427463 262.6246840852699 0.0 0.0
447.0 -119.0 355.5 226.5 571.1343408784155 255.90212522585244 0.0 0.0
441.5 -271.65 355.5 236.5 566.8396862644041 383.7880183657145 0.0 0.0
460.0 -485.84999999999997 335.5 256.5 569.4098854197082 565.1634657699328 0.0 0.0
469.5 -637.5 328.5 300.5 573.0141231945768 705.4152605621589 0.0 1.0
468.5 -614.5 323.5 322.5 569.3371499294569 694.0458611619566 0.0 1.0
467.5 -657.0 318.0 360.5 565.405986161508 749.444109431832 0.0 1.0
439.0 -640.0 366.5 383.5 572.0172169600039 746.565229319009 0.0 0.0
449.5 -550.0 360.5 365.5 576.2374041865257 660.3720290565368 0.0 1.0
447.5 -524.5 345.5 372.5 565.3585402029962 643.3669746037559 0.0 1.0
439.0 -468.08333333333337 336.0 381.41666666666663 552.828586023719 610.8565923391942 0.0 1.0
434.0 -393.52777777777777 332.5 380.6388888888889 546.7287649881991 560.7190974915345 0.0 1.0
412.0 -318.9722222222222 311.5 379.8611111111111 520.5701704960088 510.5816026438748 0.0 1.0
223.58333333333334 -244.41666666666666 341.25 379.08333333333337 519.4477663828173 460.4441077962151 0.0 1.0
33.0277777777778 -153.0 318.25 372.5 528.4666207057619 403.85782079037216 0.0 0.0
-157.52777777777774 29.375000000000007 295.25 328.875 537.4854750287066 417.97053020264605 0.0 0.0
-348.08333333333326 225.20833333333334 272.25 278.70833333333337 546.5043293516511 462.0983639124754 0.0 0.0
-604.0 421.0416666666667 294.0 228.54166666666669 671.9119854959021 506.22619762230477 0.0 0.0
-662.5 530.5 313.5 256.0 732.9722114798788 589.0492361268031 0.0 0.0
-591.5 514.0 292.5 249.5 659.8702053100823 571.3548618243553 1.0 0.0
-652.0 458.5 276.0 234.0 708.9108401128342 514.7657357646302 1.0 0.0
-589.0 448.5 304.0 249.0 662.8251732951201 512.9868689494303 1.0 0.0
-571.0 497.5 297.5 277.0 643.8580662946963 569.4219968791424 1.0 0.0
-351.0 506.5 204.0 285.0 406.0761152256983 581.1774685928559 0.0 0.0
-90.5 506.5 37.0 286.5 100.03464585202089 581.9164321001111 0.0 0.0
-16.0 503.0 -10.5 286.0 19.221907806040544 578.6235295273525 0.0 0.0
-29.5 499.5 0.0 278.5 29.715663352253692 571.8938356784931 0.0 0.0
-32.0 493.0 1.0 270.5 32.1455776466994 562.3338245205545 0.0 0.0
-29.5 479.5 -3.5 261.0 29.764526715326735 545.940231099464 0.0 0.0
39.5 466.5 -7.0 263.0 40.49252778096805 535.5297867790719 0.0 0.0
38.5 377.70833333333337 -4.0 264.25 38.70723446592381 541.783066055598 0.0 0.0
40.5 262.65277777777777 -4.0 269.25 40.69708116628776 554.6614466681581 0.0 0.0
59.0 147.5972222222222 21.5 274.25 65.41298935891811 567.5398272807181 0.0 0.0
82.5 32.54166666666666 12.5 279.25 83.47065587107504 580.4182078932781 0.0 0.0
59.0 -82.51388888888891 149.0 284.25 160.25616189849325 593.2965885058381 0.0 0.0
86.5 -197.56944444444446 71.0 289.25 115.63248742281814 606.1749691183982 0.0 0.0
90.0 -312.625 69.5 294.25 113.79945785450158 619.0533497309582 0.0 0.0
96.5 -427.68055555555554 70.0 299.25 119.2634020618539 631.9317303435184 0.0 0.0
82.0 -542.7361111111111 80.5 304.25 115.1740816141932 644.8101109560785 0.0 0.0
83.0 -660.5 71.5 327.5 109.55123869695451 737.6897228687405 0.0 0.0
82.35 -632.5 23.75 333.0 86.6247570425673 714.8052887961245 0.0 0.0
119.75 -598.0 58.75 343.0 135.02313107064916 689.388850577546 0.0 1.0
157.15 -568.0 93.75 350.5 183.42150509873102 667.4443997587983 0.0 1.0
62.0 -550.0 165.0 355.5 176.7175610585045 654.8915193476425 0.0 1.0
70.5 -548.0 220.5 356.0 231.6311519730575 653.4836871887693 0.0 1.0
67.0 -548.0 236.5 355.5 245.89206502866224 653.2140189832164 0.0 1.0
72.5 -543.0 227.5 362.0 238.77330008149872 652.6053112795087 0.0 1.0
86.5 -542.5 242.0 358.5 257.0136791792879 650.2527016396141 0.0 1.0
65.5 -542.5 203.0 355.5 213.69620386706288 648.6040209054793 0.0 1.0
43.0 -540.5 213.0 355.5 219.23914011462892 646.9328176651123 0.0 1.0
9.5 -537.0 151.0 357.5 151.33264791573893 645.1171921547557 0.0 1.0
11.0 -528.0 198.0 364.5 198.726617324919 641.5965905926631 0.0 1.0
-1.9821428571428572 -527.0 98.35714285714286 377.0 98.68456290574275 647.9647664166357 0.0 1.0
4.089285714285714 -524.5 109.78571428571428 380.0 111.1663561136858 647.6901452333802 0.0 1.0
10.160714285714285 -523.0 121.21428571428572 384.5 123.64814932162881 649.1299859189301 0.0 1.0
16.232142857142858 -520.5 132.64285714285714 380.0 136.12994252957182 644.4567155360148 0.0 1.0
22.303571428571427 -508.0 144.07142857142858 355.5 148.61173573751483 620.0364004667442 0.0 1.0
28.374999999999996 -510.5 155.5 351.0 161.09352894545788 619.5250196723293 0.0 1.0
34.44642857142857 -512.0 166.92857142857142 348.5 173.5753221534009 619.3518649183961 0.0 1.0
40.51785714285714 -512.5 178.35714285714286 345.5 186.0571153613439 618.0829232392689 0.0 1.0
46.58928571428571 -512.0 189.78571428571428 342.5 198.53890856928692 615.9953955079628 0.0 1.0
52.66071428571428 -511.5 201.21428571428572 338.5 211.02070177722996 613.3634109224854 0.0 1.0
58.732142857142854 -511.5 212.64285714285714 338.0 223.50249498517297 613.0874733673817 0.0 1.0
64.80357142857142 -510.0 224.07142857142858 339.0 235.984288193116 612.3896444337913 0.0 1.0
70.875 -510.0 235.5 341.5 248.46608140105903 613.7774280294045 0.0 1.0
76.94642857142857 -510.0 246.92857142857144 344.5 260.94787460900204 615.4516487280653 0.0 1.0
83.01785714285714 -510.0 258.3571428571429 347.0 273.4296678169451 616.8542541715624 0.0 1.0
89.08928571428571 -508.5 269.7857142857143 348.0 285.91146102488807 616.178748416399 0.0 1.0
95.16071428571428 -508.0 281.2142857142857 348.0 298.39325423283105 615.7663275557745 0.0 1.0
101.23214285714286 -508.0 292.6428571428571 349.0 310.8750474407741 616.3319561411292 0.0 1.0
107.30357142857142 -507.5 304.07142857142856 350.0 323.35684064871714 616.4870233832988 0.0 1.0
113.375 -506.5 315.5 350.5 335.8386338566602 615.9485213489725 0.0 1.0
119.44642857142856 -506.0 326.92857142857144 354.5 348.3204270646032 617.8238683542887 0.0 1.0
111.75 -504.5 378.5 356.0 396.51431383597344 617.4595801380426 0.0 1.0
54.5 -504.5 498.0 358.0 501.34686192980485 618.6147945376656 0.0 1.0
-7.0 -520.0 554.5 387.5 554.6681179620776 648.5033593147831 0.0 1.0
2.25 -519.0 572.0 387.5 572.0118499850453 647.7016369583016 0.0 1.0
5.5 -520.0 584.5 385.5 584.5594539686158 647.310135354455 0.0 1.0
-25.0 -520.5 499.0 384.0 501.5893003589821 646.8201149729973 0.0 1.0
131.625 -520.0 348.625 383.0 392.0047839678716 645.8244049861805 0.0 1.0
269.5 -518.5 526.0 381.5 591.3856663246773 643.7270472206633 0.0 1.0
11.5 -518.0 576.0 380.5 576.1425827832791 642.731864777218 0.0 1.0
31.5 -516.5 551.0 380.0 551.8998745324443 641.2272123029313 0.0 1.0
51.0 -517.0 712.5 382.0 714.9979578217554 642.8165848154883 0.0 1.0
65.0 -516.5 609.5 384.0 615.5671988210812 643.6056634306444 0.0 1.0
15.25 -515.0 570.0 385.0 570.2943159301878 643.0009023112759 0.0 1.0
59.5 -514.0 568.0 386.5 572.0588939520273 643.1004975896069 0.0 1.0
108.0 -515.0 603.5 389.0 613.0974804066501 645.4038729207732 0.0 1.0
107.5 -515.0 636.0 390.0 645.0215678977659 646.0070888806082 0.0 1.0
95.0 -516.0 632.5 392.5 639.701946120166 648.3149311869965 0.0 1.0
56.0 -508.0 701.0 374.5 703.2860419498309 631.2013021767857 0.0 1.0
29.5 -501.5 740.0 356.5 740.627951486447 615.3007281942953 0.0 1.0
-14.0 -502.0 767.5 356.5 767.7132118758648 615.7079258869419 0.0 1.0
13.0 -502.0 689.5 356.0 689.6810466529387 615.4186919030835 0.0 1.0
32.0 -503.0 706.0 354.5 706.8853288323444 615.3693338425945 0.0 1.0
57.5 -502.625 793.5 354.75 795.5964180847917 615.2070238795933 0.0 1.0
38.0 -503.75 744.5 354.5 745.4720890059668 615.9826442853728 0.0 1.0
38.75 -504.0 739.0 352.5 740.0197679811362 615.0385499130307 0.0 1.0
72.75 -504.25 702.0 352.0 705.8458368473316 614.9569765255562 0.0 1.0
81.75 -504.5 712.0 351.25 716.6907719203913 614.7334311341597 0.0 1.0
82.25 -504.5 720.25 349.75 724.9311941205126 613.8775874806645 0.0 1.0
79.0 -504.75 707.5 348.25 711.9131377827764 613.2301374980317 0.0 1.0
89.75 -505.0 699.75 347.5 705.5707388119893 613.0099917619614 0.0 1.0
95.25 -505.0 703.5 347.5 709.9391765635064 613.0099917619614 0.0 1.0
93.5 -508.5 693.25 350.5 699.5444396550602 617.5950171283555 0.0 1.0
76.03571428571429 -513.25 696.3571428571429 362.25 700.9290303479208 628.2124199491295 0.0 1.0
58.75 -513.75 695.5 363.75 698.6220913154118 629.4865714932585 0.0 1.0
41.46428571428572 -514.0 694.6428571428571 366.0 696.3151522829028 630.9929998731695 0.0 1.0
32.75 -511.5 681.0 363.0 681.8044319370077 627.2186467883635 0.0 1.0
48.25 -507.75 674.0 357.75 675.747984949725 621.1254143013313 0.0 1.0
45.5 -506.5 674.5 356.0 676.0583830946543 619.0947019640856 0.0 1.0
52.0 -506.0 688.75 355.5 690.7102151878555 618.3981442463632 0.0 1.0
42.75 -505.5 691.25 354.0 692.6285922061982 617.1274179616395 0.0 1.0
40.75 -504.5 678.5 353.5 679.7327423041637 616.021645460545 0.0 1.0
47.25 -503.0 687.25 354.5 688.8780918260608 615.3695925550421 0.0 1.0
30.0 -504.75 680.5 360.25 681.1703141476406 620.1268073230581 0.0 1.0
21.75 -508.25 690.5 369.0 691.0140454857774 628.0765883907031 0.0 1.0
34.25 -509.25 700.5 372.75 701.3571439001769 631.0930557385735 0.0 1.0
111.5 -510.5 708.5 376.25 721.7336587776697 634.1725443557552 0.0 1.0
74.0 -512.25 644.75 379.5 648.9831700045668 637.5113654874159 0.0 1.0
72.5 -512.375 632.0 381.375 636.1496827179724 638.7292331049392 0.0 1.0
54.5 -512.0 649.0 381.0 651.5094463505909 638.2045126759916 0.0 1.0
49.5 -507.0 626.25 379.0 628.2519376484548 633.0010768013525 0.0 1.0
58.5 -504.0 626.0 376.5 628.7410370360255 629.1011526525813 0.0 1.0
56.5 -502.0 614.0 377.0 616.6399353076959 627.8001595101283 0.0 1.0
54.75 -500.5 612.875 376.5 615.4012965533223 626.3006544782006 0.0 1.0
61.75 -499.5 603.375 376.0 606.6391997134663 625.2010400043471 0.0 1.0
68.75 -498.5 593.875 376.0 597.87710287361 624.4023868099628 0.0 1.0
77.5 -502.0 595.0 389.0 600.0287644348565 635.1177132521043 0.0 1.0
85.0 -505.5 592.0 402.5 598.080404454711 646.170814646618 0.0 1.0
79.5 -505.5 627.0 404.5 632.0701911607464 647.4184099872583 0.0 1.0
78.5 -504.5 598.0 403.0 603.2004887462391 645.7005885083271 0.0 1.0
72.0 -505.0 573.0 402.0 577.5119131923661 645.4681223509042 0.0 1.0
88.5 -503.5 536.5 401.5 543.9796917576566 643.9833121066042 0.0 1.0
78.0 -503.0 551.0 400.0 556.5293300576434 642.6578818857248 0.0 1.0
63.5 -502.5 505.5 398.5 509.47476231305757 641.3334518973948 0.0 1.0
95.5 -501.5 551.0 396.5 559.2756188382871 639.3079040358169 0.0 1.0
41.5 -500.5 612.5 396.0 613.9531351094464 638.2133316553097 0.0 1.0
25.5 -499.0 508.0 395.0 508.6453720186912 636.4165302692884 0.0 1.0
65.0 -498.0 521.5 393.5 525.9168536201123 634.701701589022 0.0 1.0
35.0 -497.0 634.0 391.5 634.9685954359069 632.6779625308513 0.0 1.0
104.5 -497.5 539.875 389.5 551.7698478675052 631.835823061906 0.0 1.0
97.5 -496.0 601.5 387.0 609.4622109736399 629.1145321819677 0.0 1.0
75.5 -488.5 561.5 374.0 566.5531981813981 615.2488385208311 0.0 1.0
139.5 -480.0 611.5 355.5 628.7832023544771 597.3108487211663 0.0 1.0
150.5 -479.0 552.5 355.5 573.0449661967202 596.5075439590014 0.0 1.0
55.5 -480.0 522.0 355.5 537.1886409081685 597.3109228501737 0.0 1.0
140.375 -481.0 575.75 355.5 592.6529023434252 598.1147465160844 0.0 1.0
112.0 -481.0 556.5 356.0 567.7926539770469 598.4122003445617 0.0 1.0
102.5 -481.5 550.5 357.5 560.0680649781989 599.7070858686959 0.0 1.0
121.5 -485.0 612.0 368.0 624.0784775955944 608.8304762888013 0.0 1.0
109.0 -493.5 586.5 397.5 596.5435017174253 633.6787169827418 0.0 1.0
24.0 -495.0 570.0714285714286 401.0 578.8839728421422 637.0447394021867 0.0 1.0
-61.0 -495.0 551.5 401.0 558.4933342881461 637.0447394021867 0.0 1.0
-57.0 -494.0 532.9285714285713 400.0 538.10269573415 635.6382619068805 0.0 1.0
183.0 -494.5 547.0 399.5 586.3794728025125 635.7126699466323 0.0 1.0
333.1428571428571 -496.0 696.9642857142858 399.5 772.905713106909 636.8804787873764 0.0 1.0
277.7142857142857 -497.0 634.8214285714286 398.5 694.5058526821596 637.033162402084 0.0 1.0
222.28571428571428 -472.5 572.6785714285713 395.0 616.1059922574101 615.8581443473599 0.0 1.0
166.85714285714286 -472.0 510.5357142857143 395.0 537.7061318326605 615.4746136113171 0.0 1.0
235.0 -472.0 605.0 394.5 649.0750777105235 615.1538425467243 0.0 1.0
358.5 -471.5 601.0 394.5 699.8030222004179 614.7703660276406 0.0 1.0
367.1542553191489 -470.0 612.2792553191489 393.5 714.5271296886517 612.9781806883504 0.0 1.0
360.0265957446809 -469.0 598.6515957446809 393.0 699.977273346661 611.8905130822017 0.0 1.0
352.8989361702128 -469.0 585.0239361702128 393.0 685.4274170046705 611.8905130822017 0.0 1.0
345.77127659574467 -469.0 571.3962765957447 393.0 670.8775606626798 611.8905130822017 0.0 1.0
338.64361702127655 -470.5 557.7686170212767 392.0 656.3277043206892 612.4004000651861 0.0 1.0
331.51595744680856 -470.0 544.1409574468084 392.5 641.7778479786987 612.3367129284345 0.0 1.0
324.38829787234044 -471.0 530.5132978723404 392.5 627.2279916367081 613.1045995586724 0.0 1.0
317.26063829787233 -472.5 516.8856382978723 392.5 612.6781352947174 614.257765172526 0.0 1.0
310.1329787234042 -473.5 503.2579787234042 392.0 598.1282789527268 614.708667260702 0.0 1.0
303.0053191489362 -474.5 489.63031914893617 391.0 583.5784226107362 614.8425417157257 0.0 1.0
295.8776595744681 -475.5 476.0026595744681 391.0 569.0285662687456 615.6149326404012 0.0 1.0
288.75 -474.0 462.375 382.0 554.4787099267551 608.7951264097861 0.0 1.0
281.6223404255319 -472.95000000000005 448.7473404255319 355.29999999999995 539.9288535847644 592.0003590798735 0.0 0.0
274.4946808510638 -469.54999999999995 435.11968085106383 327.70000000000005 525.3789972427737 573.0699129693508 0.0 0.0
267.3670212765958 -476.0 421.4920212765958 310.5 510.82914090078316 568.3222624715297 0.0 1.0
260.23936170212767 -489.0 407.86436170212767 349.5 496.2792845587926 601.1340048886175 0.0 1.0
253.11170212765958 -498.0 394.23670212765956 362.0 481.7294282168019 615.6707705104416 0.0 1.0
245.9840425531915 -493.5 380.60904255319144 364.5 467.17957187481136 613.5165753616665 0.0 1.0
238.8563829787234 -492.0 366.98138297872345 365.5 452.6297155328208 612.9063957897649 0.0 1.0
231.72872340425533 -493.0 353.35372340425533 366.5 438.0798591908301 614.3055021729823 0.0 1.0
224.60106382978722 -492.5 339.7260638297872 367.0 423.53000284883956 614.2029387751251 0.0 1.0
217.47340425531917 -494.0 326.0984042553191 368.0 408.98014650684894 616.0033772460281 0.0 1.0
210.34574468085106 -495.0 312.4707446808511 368.0 394.4302901648583 616.8056103915146 0.0 1.0
203.21808510638297 -495.5 298.843085106383 366.0 379.88043382286776 616.0165080991092 0.0 1.0
196.0904255319149 -495.5 285.2154255319149 364.5 365.3305774808771 615.1264811258011 0.0 1.0
188.9627659574468 -493.5 271.5877659574468 360.5 350.7807211388865 611.1487238945842 0.0 1.0
181.83510638297872 -491.0 257.9601063829787 356.5 336.2308647968959 606.7728158050589 0.0 1.0
174.70744680851064 -490.5 244.33244680851064 353.5 321.6810084549053 604.6094487032585 0.0 1.0
167.57978723404256 -489.5 230.70478723404256 351.0 307.1311521129147 602.3382230054426 0.0 1.0
160.45212765957447 -489.0 217.07712765957447 348.5 292.5812957709241 600.4775183135501 0.0 1.0
153.3244680851064 -489.0 203.4494680851064 348.5 278.0314394289335 600.4775183135501 0.0 1.0
146.1968085106383 -490.5 189.8218085106383 348.5 263.48158308694286 601.6998139720681 0.0 1.0
139.06914893617022 -491.0 176.1941489361702 349.5 248.93172674495227 602.6867044996661 0.0 1.0
131.9414893617021 -491.0 162.56648936170214 351.5 234.38187040296165 603.8488348006424 0.0 1.0
124.81382978723404 -492.0 148.93882978723403 354.0 219.83201406097106 606.1189361199773 0.0 1.0
117.68617021276596 -492.0 135.31117021276597 356.0 205.28215771898044 607.2891931271092 0.0 1.0
110.55851063829786 -492.0 121.68351063829786 357.5 190.73230137698988 608.1695898349407 0.0 1.0
103.4308510638298 -494.0 108.0558510638298 359.5 176.1824450349992 610.9633786079162 0.0 1.0
96.3031914893617 -493.5 94.42819148936172 360.0 161.63258869300864 610.8537058903711 0.0 1.0
89.17553191489364 -493.0 80.80053191489361 361.5 147.08273235101802 611.3356279491651 0.0 1.0
82.04787234042553 -493.0 67.17287234042556 362.5 132.5328760090274 611.9274875342666 0.0 1.0
74.92021276595744 -493.5 53.545212765957444 362.5 117.98301966703684 612.3304562213423 0.0 1.0
67.79255319148936 -495.0 39.91755319148933 363.5 103.43316332504617 614.1312970367168 0.0 1.0
60.66489361702128 -495.0 26.289893617021278 363.0 88.8833069830556 613.835482845363 0.0 1.0
53.537234042553195 -495.0 12.662234042553223 364.0 74.33345064106499 614.4274470926996 0.0 1.0
46.40957446808511 -502.0 -0.9654255319148888 379.5 59.783594299074366 629.3274931610675 0.0 1.0
39.28191489361703 -505.0 -14.593085106383 389.5 45.23373795708379 637.7579870138828 0.0 1.0
24.75 -505.5 -20.625 389.5 32.67924463416596 638.1539782842382 0.0 1.0
-1.0 -505.0 -20.0 389.5 20.194098946046097 637.7579870138828 0.0 1.0
-3.5 -505.0 -28.0 388.5 28.226168286440135 637.1478690631174 0.0 1.0
-3.0 -504.5 -23.0 388.5 23.194827009486403 636.7515213959052 0.0 1.0
1.0 -504.0 -10.5 386.5 10.547511554864494 635.136526600882 0.0 1.0
5.0 -504.0 11.5 385.5 13.007038405564941 634.5283681601635 0.0 1.0
19.5 -498.5 41.0 374.0 45.544670230083845 623.2148352847294 0.0 1.0
22.5 -490.0 24.0 361.0 32.89959073469437 608.6223476388186 0.0 1.0
20.0 -490.0 7.0 360.0 21.19487510405346 608.0296045424104 0.0 1.0
15.5 -490.5 10.0 359.5 18.447859320716574 608.1370426437801 0.0 1.0
12.5 -489.5 12.5 358.0 17.681206124017443 606.4439380519851 0.0 1.0
10.0 -488.5 12.5 357.5 16.03115802423723 605.3417110978912 0.0 1.0
10.0 -487.5 1.5 358.0 10.5388651539045 604.8307614531523 0.0 1.0
11.5 -487.5 -0.5 358.5 11.686950397563152 605.1269187085194 0.0 1.0
11.59090909090909 -494.0 -11.931818181818183 373.0 23.728374495340454 619.0329705830775 0.0 1.0
11.045454545454547 -501.0 -29.840909090909093 387.0 39.24169165919729 633.0640515981119 0.0 1.0
10.5 -502.5 -47.75 388.0 54.75500882305413 634.8623866634406 0.0 1.0
9.954545454545455 -502.5 -65.6590909090909 388.0 70.26832598691098 634.8623866634406 0.0 1.0
9.40909090909091 -502.5 -83.56818181818181 389.0 85.78164315076782 635.4740356615681 0.0 1.0
11.0 -503.0 -82.5 388.5 83.32406337317218 635.5637996395719 0.0 1.0
19.5 -504.5 -21.0 389.0 29.80567940238906 637.0567086217678 0.0 1.0
23.0 -504.5 -13.0 388.0 26.419750741894358 636.4466536275379 0.0 1.0
18.5 -504.5 -14.5 387.0 23.524946358248084 635.8374399168391 0.0 1.0
12.0 -504.0 -8.5 385.0 15.277538594036109 634.2260270191323 0.0 1.0
8.5 -496.5 0.5 357.0 8.514743979800336 611.5237117234294 0.0 1.0
12.5 -496.0 -2.0 356.5 12.727303343834706 610.8259450594717 0.0 1.0
7.250000000000001 -495.0 -28.75 356.5 40.444020140171574 610.0141391803963 0.0 1.0
-2.416666666666666 -494.0 -65.75 356.5 74.99012452206884 609.2030978154618 0.0 1.0
-12.083333333333332 -494.0 -102.75 357.0 109.53622890396609 609.4958279021175 0.0 1.0
-21.749999999999996 -494.5 -139.75 357.0 144.08233328586334 609.9010867804922 0.0 1.0
-15.5 -494.0 -148.0 356.5 149.25373741607496 609.2029628949616 0.0 1.0
20.5 -493.5 -99.5 356.5 101.59353746184169 608.7975854091408 0.0 1.0
22.0 -492.0 -90.0 355.5 92.66117044075088 606.9962225973163 0.0 1.0
12.5 -492.5 -92.0 355.0 92.85945160665328 607.1089276233714 0.0 1.0
28.0 -492.5 -123.0 354.0 126.1495713886764 606.5247315650039 0.0 1.0
32.0 -492.0 -125.5 353.0 129.5159734190537 605.5353705269847 0.0 1.0
36.0 -491.5 -114.5 352.5 120.07028016278902 604.8375815043241 0.0 1.0
37.5 -491.5 -107.0 352.0 113.40317408175173 604.5463174976753 0.0 1.0
38.5 -491.5 -102.5 352.0 109.4920088408282 604.5463174976753 0.0 1.0
41.5 -491.5 -102.0 351.0 110.119253539061 603.9646098903478 0.0 1.0
47.11363636363636 -493.0 -106.1590909090909 352.0 116.44862297907085 605.766526323565 0.0 1.0
45.56818181818181 -492.5 -126.79545454545453 352.0 135.79490961281536 605.3596038719465 0.0 1.0
44.02272727272727 -493.5 -147.4318181818182 353.0 155.14119624655987 606.7546868380994 0.0 1.0
42.47727272727273 -493.5 -168.0681818181818 352.0 174.48748288030436 606.1734487751835 0.0 1.0
40.93181818181819 -493.5 -188.70454545454547 352.0 193.83376951404887 606.1734487751835 0.0 1.0
39.38636363636364 -494.5 -209.3409090909091 353.0 213.18005614779338 607.5683089167834 0.0 1.0
67.0 -495.0 -155.5 356.5 169.46585256019895 610.0141391803963 0.0 1.0
54.0 -495.5 -135.0 358.0 145.51388324683117 611.2972129232511 0.0 1.0
44.0 -503.5 -134.0 377.5 141.08696987855154 629.3002942370699 0.0 1.0
41.0 -504.5 -133.0 380.5 139.1859633914844 631.9024128406716 0.0 1.0
34.0 -504.0 -132.0 381.0 136.3257725132505 631.8045583881142 0.0 1.0
26.5 -504.0 -125.5 380.5 128.3208686326594 631.5031670546078 0.0 1.0
22.0 -505.0 -124.5 380.5 126.43107870498554 632.3016759967525 0.0 1.0
32.3125 -493.0 -110.28125 367.0 130.58298207842756 614.6044609611592 0.0 1.0
45.5625 -492.0 -47.40625 362.0 135.73795808277583 610.8262017774847 0.0 1.0
58.8125 -491.5 15.46875 359.5 140.89293408712416 608.9438913946709 0.0 1.0
72.0625 -492.0 78.34375 363.5 146.04791009147243 611.7159567337308 0.0 1.0
60.0 -492.5 137.5 369.0 152.0839956586853 615.4008852065417 0.0 1.0
54.0 -470.5 179.0 339.5 187.59248935701996 580.3773782823737 0.0 1.0
36.5 -429.0 182.5 288.0 186.13305977650828 516.7230068802467 0.0 0.0
28.5 -457.0 168.0 281.5 170.8332819316646 536.946269449579 0.0 0.0
47.5 -496.0 181.5 398.0 187.61287045493378 636.0235057846819 0.0 0.0
57.0 -501.5 181.0 415.0 189.76449613906885 650.9433539103076 0.0 1.0
91.0 -499.5 165.0 412.0 190.64075682395926 647.4908921914125 0.0 1.0
232.0 -498.0 125.5 408.5 263.7902248206731 644.1089965561725 0.0 1.0
262.5 -497.5 84.0 404.5 279.6523110101007 641.1951840018588 0.0 1.0
254.0 -498.5 90.0 401.5 273.10272953760597 640.0817538682749 0.0 1.0
255.5 -498.5 97.0 400.5 277.49031473975623 639.4549647414553 0.0 1.0
240.65625 -499.5 26.5625 400.0 245.5090624600217 639.922184581843 0.0 1.0
221.53125 -501.0 1.3125 397.0 227.48446815112044 639.226214708116 0.0 1.0
202.40625 -501.0 -23.9375 394.5 209.45987384221917 637.676451637749 0.0 1.0
183.28125 -500.5 -49.1875 390.5 191.4352795333179 634.8154019864323 0.0 1.0
212.0 -500.5 10.5 389.0 212.7567181794027 633.8937956369336 0.0 1.0
214.0 -501.5 40.0 387.5 217.70935035101803 633.7654088542413 0.0 1.0
169.0 -500.5 62.0 384.5 183.49793003813448 631.1422185213091 0.0 1.0
168.0 -500.5 69.5 383.0 187.7378904112563 630.2295216823788 0.0 1.0
327.75 -500.5 35.5 381.0 330.9591375655997 629.0160967733656 0.0 1.0
464.08333333333337 -500.5 24.166666666666664 380.5 465.9012085647197 628.7134947112174 0.0 1.0
600.4166666666667 -490.0 12.833333333333332 368.0 600.8432795638397 612.8089668998955 0.0 1.0
662.25 -454.25 253.0 312.5 721.1288241043846 552.9011885213879 0.0 0.0
674.125 -420.58333333333337 330.625 254.5 750.8416955808608 493.82671834894234 0.0 0.0
592.5 -386.9166666666667 305.0 196.5 666.5786134523834 434.7522481764969 0.0 0.0
638.0 -454.5 313.0 303.5 710.6435199651837 546.825579436651 0.0 0.0
623.0 -491.0 319.0 358.0 699.9215725511522 607.6709788895241 0.0 1.0
610.5 -497.5 315.5 371.0 687.2064882566449 620.6027228532876 0.0 1.0
555.5 -495.0 305.5 372.5 634.2780060475002 619.5008071019763 0.0 1.0
606.5 -491.0 315.5 375.0 683.6541371139181 617.8237272046813 0.0 1.0
609.5 -500.5 330.0 391.0 693.1019083141814 635.1284349860741 0.0 1.0
595.5 -503.5 349.0 398.5 690.233089698909 642.1173759593672 0.0 1.0
607.0 -503.5 328.5 398.0 690.1918990396246 641.8070192822762 0.0 1.0
611.0 -501.5 323.0 398.0 691.1697873576284 640.2392131071011 0.0 1.0
558.0 -500.5 292.5 398.0 630.2063883514501 639.4562142946146 0.0 1.0
637.0 -500.5 293.0 396.5 701.1553158447928 638.5236878926263 0.0 1.0
573.5 -500.5 308.0 396.5 654.350448884532 638.5238081709033 0.0 1.0
528.0 -553.5 355.5 389.0 636.5789806014998 676.5231109113422 0.0 0.0
502.0 -559.5 392.0 393.5 637.0600617773304 684.0194933365424 0.0 1.0
470.5 -559.5 334.5 391.0 577.6314404175589 682.5842550443749 0.0 1.0
518.5 -557.0 254.0 389.0 577.420770570287 679.38944301996 0.0 1.0
558.0 -555.5 235.0 387.5 605.4662650196867 677.3008932520316 0.0 1.0
644.5 -557.0 305.5 388.0 714.7557032180928 678.817710806404 0.0 1.0
480.0 -527.0 312.5 375.5 577.7688578560853 647.1459382930188 0.0 1.0
465.5 -495.5 375.0 362.5 598.1429468944575 613.9435339211763 0.0 1.0
502.5 -495.5 317.0 362.0 595.7524101425082 613.6483113314987 0.0 1.0
510.5 -496.0 330.0 360.5 608.0675322785846 613.1690223747446 0.0 1.0
491.0 -496.0 353.5 360.0 605.0199169416233 612.8752615812975 0.0 1.0
475.0 -496.0 342.5 359.5 585.6122043960718 612.5816272138759 0.0 1.0
439.0 -500.5 321.0 377.5 543.8459357390104 626.9318467402445 0.0 1.0
445.5 -501.0 326.5 387.5 552.3519243511718 633.3701461008643 0.0 1.0
496.5 -501.0 305.0 388.0 582.9878506104535 633.6759079151273 0.0 1.0
468.0 -501.0 343.0 389.0 580.2447176884909 634.2887008060718 0.0 1.0
476.5 -501.5 359.0 389.0 596.6047577274387 634.6835825826913 0.0 1.0
497.5 -500.5 383.0 389.0 630.8421928263876 633.8937213760679 0.0 1.0
520.5 -500.5 323.5 390.0 612.8534028274446 634.5078801717123 0.0 1.0
497.1158536585366 -501.5 306.7317073170732 392.0 586.0624545211866 636.5267080021073 0.0 1.0
470.6036585365854 -502.5 293.7073170731707 393.5 559.2312987557857 638.2385917507653 0.0 1.0
444.0914634146342 -502.5 280.6829268292683 392.5 532.4001429903849 637.6225372428424 0.0 1.0
417.5792682926829 -503.0 267.6585365853658 392.5 505.56898722498397 638.0167275346422 0.0 1.0
391.0670731707317 -503.5 254.6341463414634 392.5 478.7378314595831 638.410917826442 0.0 1.0
364.5548780487805 -487.5 241.609756097561 393.0 451.90667569418224 626.1897943054942 0.0 1.0
338.04268292682923 -484.5 228.58536585365854 391.0 425.0755199287813 622.5924842125772 0.0 1.0
311.530487804878 -483.5 215.5609756097561 389.5 398.24436416338045 620.872492231856 0.0 1.0
285.0182926829268 -483.0 202.53658536585368 389.0 371.4132083979796 620.1693317151373 0.0 1.0
258.5060975609756 -482.5 189.5121951219512 388.0 344.5820526325787 619.1529279399201 0.0 1.0
231.9939024390244 -482.5 176.4878048780488 388.0 317.75089686717786 619.1530239921406 0.0 1.0
205.4817073170732 -496.0 163.46341463414635 364.5 290.91974110177694 615.5292438219325 0.0 1.0
178.96951219512198 -496.5 150.4390243902439 366.5 264.08858533637607 617.1178979741229 0.0 1.0
152.4573170731707 -496.0 137.41463414634148 366.5 237.25742957097518 616.7156962490901 0.0 1.0
125.9451219512195 -496.5 124.39024390243904 367.0 210.4262738055743 617.4149739032898 0.0 1.0
99.4329268292683 -497.0 111.3658536585366 367.0 183.59511804017345 617.8171250459152 0.0 1.0
72.92073170731709 -496.5 98.34146341463416 365.5 156.76396227477255 616.5245331696055 0.0 1.0
46.40853658536588 -499.5 85.31707317073172 370.0 129.9328065093717 621.6154025376838 0.0 1.0
19.896341463414643 -507.0 72.29268292682929 392.0 103.1016507439708 640.8690634327219 0.0 1.0
-6.615853658536594 -508.0 59.26829268292683 395.5 76.27049497856996 643.8046331409229 0.0 1.0
-40.5 -508.5 73.0 397.5 83.48678452148211 645.4289271484506 0.0 1.0
-70.21428571428572 -509.0 64.85714285714286 400.0 97.77869899828863 647.3646576698484 0.0 1.0
-69.07142857142858 -509.0 40.285714285714285 403.5 88.66855823712248 649.5332197223444 0.0 1.0
-67.92857142857142 -508.0 15.714285714285712 405.0 79.55841747595632 649.6837692293075 0.0 1.0
-66.78571428571428 -507.625 -8.857142857142861 406.125 70.44827671479015 650.0931234392835 0.0 1.0
-66.0 -507.75 60.0 406.5 90.83905513689606 650.4250167203047 0.0 1.0
-100.25 -508.0 143.875 407.75 175.53994983805632 651.4016430060985 0.0 1.0
-86.5 -508.5 141.5 406.75 169.0765999749355 651.1666991698248 0.0 1.0
-96.0 -509.0 176.0 403.0 200.47962008280106 649.2277415737096 0.0 1.0
-85.5 -559.75 166.5 376.75 187.1729062897091 674.7300428625347 0.0 0.0
-80.5 -558.25 162.0 375.0 180.90066881834395 672.5087969188993 0.0 1.0
-78.0 -556.75 163.5 375.25 181.1600967640814 671.4048768099146 0.0 1.0
-203.25 -556.25 191.0 376.5 295.9662594970807 671.6898466129038 0.0 1.0
-365.58333333333337 -555.75 223.0 377.75 442.82012637121323 671.9771168831431 0.0 1.0
-527.9166666666667 -555.5 255.0 377.5 589.6739932453457 671.6298616206568 0.0 1.0
-641.5 -515.25 231.0 382.0 681.9194648648163 641.4603030883004 0.0 1.0
-669.0 -496.5 313.5 373.75 738.8912563831373 621.4527763455676 0.0 1.0
-630.25 -494.25 291.0 369.75 694.1946103032853 617.251189807183 1.0 1.0
-631.75 -493.5 291.25 366.0 695.6545101372499 614.4093872562742 1.0 1.0
-653.5 -499.5 308.5 378.75 722.6585719908064 626.8799235424021 1.0 1.0
-652.25 -504.0 328.75 389.75 731.6920860072967 637.1193563112273 1.0 1.0
-603.25 -503.75 389.75 391.25 719.5014306627259 637.8405968141956 1.0 1.0
-583.75 -504.25 381.5 391.75 697.3838506177965 638.5421888489586 1.0 1.0
-586.25 -504.75 381.75 392.75 699.5907472975572 639.5508714631151 1.0 1.0
-581.5 -504.75 373.25 394.75 690.9897563558012 640.7818829557882 1.0 1.0
-653.0 -505.5 394.0 397.0 762.7612057845645 642.7595728648021 1.0 1.0
-568.25 -505.5 358.5 398.75 671.8856705085302 643.8414797346768 1.0 1.0
-591.75 -505.5 334.25 399.0 679.8931665686832 643.9964316932757 1.0 1.0
-589.0 -505.25 342.75 398.25 681.5627435312839 643.3355475402482 1.0 1.0
-599.0 -505.0 322.5 395.5 680.351640520748 641.4403443173101 1.0 1.0
-588.5 -505.0 301.75 394.0 661.3603138026826 640.5161980777691 1.0 1.0
-586.875 -505.5 283.75 391.0 652.2033670192983 639.0709991658653 1.0 1.0
-644.5 -500.5 263.0 376.5 696.1215786831985 626.3453545058337 0.0 1.0
-690.0 -496.5 262.5 357.5 739.0787607569108 611.8158099945853 0.0 1.0
-693.25 -497.0 230.125 354.0 730.4574034277983 610.1843983583979 0.0 1.0
-700.625 -497.5 296.5 352.0 738.880551033666 609.4343689028376 0.0 1.0
-710.5 -498.0 195.5 349.5 737.201320609234 608.4030447770451 0.0 1.0
-645.5 -498.0 290.5 347.0 708.3997794070503 606.97034523937 0.0 1.0
-544.0 -497.5 289.0 344.5 616.0008620458218 605.1334695599242 0.0 1.0
-533.0 -497.5 295.0 342.5 609.5052361439509 603.9971026420574 1.0 1.0
-541.0 -497.5 295.5 341.0 617.1518972098966 603.1479255456388 1.0 1.0
-577.0 -497.5 280.0 339.5 641.3621367602673 602.3011460794389 1.0 1.0
-589.0 -498.0 267.5 341.5 646.8981959953787 603.842901755084 1.0 1.0
-700.5 -497.5 329.0 351.0 774.1096440810506 608.8595245604121 0.0 1.0
-572.0 -496.5 302.5 361.0 647.0694713962915 613.8675863262656 0.0 1.0
-619.5 -495.5 333.0 367.0 703.3282346333947 616.6112320073491 0.0 1.0
-658.0 -495.5 238.0 370.0 699.7322609855967 618.4018855222434 0.0 1.0
-610.5 -496.5 275.0 371.0 672.8333596798213 619.8014937893314 0.0 1.0
-503.0 -499.0 304.5 370.0 587.9935104619615 621.2099667882213 1.0 1.0
-476.5 -505.5 303.5 373.0 564.9464623029057 628.2191800099654 1.0 1.0
-524.5 -507.0 309.0 371.0 608.7543477103579 628.2436527200375 1.0 1.0
-535.0 -512.5 298.0 379.0 612.4173814577648 637.4145734011868 1.0 1.0
-547.0 -521.5 290.0 391.5 619.1216367298124 652.1000766260541 1.0 1.0
-548.0 -526.0 291.0 396.0 620.4717519841037 658.4012119868271 1.0 1.0
-572.0 -537.0 307.0 393.5 649.2035044177999 665.7411283674759 1.0 1.0
-589.5 -538.5 339.5 388.0 680.2739897053134 663.7293032580034 1.0 1.0
-594.0 -518.5 348.0 355.0 688.4332736000649 628.6134978130389 1.0 1.0
-631.0 -509.5 384.5 334.5 739.2606777272085 610.1355915372468 0.0 1.0
-598.5 -489.0 386.5 391.5 712.449647343586 626.8199389893293 1.0 1.0
-596.0 -464.0 375.0 437.5 704.1601205512068 637.7692597641545 1.0 1.0
-594.0 -458.5 349.0 453.0 689.1380696886358 644.5492607589542 1.0 1.0
-719.0 -457.5 383.0 455.5 814.6923091543048 645.5915891571101 1.0 1.0
-588.7 -454.0 365.8 446.5 693.4067847579757 636.7766536232897 1.0 1.0
-569.5 -456.0 323.0 436.0 655.6442318403618 630.9026558863845 0.0 1.0
-550.3 -455.0 280.2 416.5 617.8816789227479 616.8484495370651 0.0 1.0
-339.5 -453.5 303.5 405.0 484.0551790785489 608.0232371229521 0.0 1.0
-431.625 -451.5 308.0 400.5 546.889784091908 603.5337589686593 0.0 1.0
-538.0 -449.5 317.5 397.5 624.7004230514447 600.0471983858424 1.0 1.0
-540.5 -446.0 310.5 393.0 623.338218013945 594.4459466048722 1.0 1.0
-557.0 -444.0 316.0 389.5 640.3975188805523 590.6345082534282 1.0 1.0
-545.0 -440.5 312.5 381.0 629.7516820957792 582.4112213600496 1.0 1.0
-603.0 -434.5 340.0 368.5 692.4142862382402 569.7251339449899 0.0 1.0
-493.77631578947364 -432.5 306.4342105263158 349.5 589.1209966789606 556.0673968788321 0.0 1.0
-462.1447368421053 -426.5 303.0131578947368 334.0 570.9714590380511 541.7188113121833 0.0 1.0
-430.5131578947369 -416.0 299.5921052631579 322.0 552.8219213971415 526.0622574012478 0.0 1.0
-398.88157894736844 -340.0882352941177 296.17105263157896 324.47058823529414 534.6723837562319 532.4400286553337 0.0 1.0
-367.25 -236.2058823529412 292.75 327.7647058823529 516.5228461153222 538.8349745199223 0.0 1.0
-335.61842105263156 -132.32352941176472 289.32894736842104 331.05882352941177 498.3733084744126 545.2299203845109 0.0 1.0
-303.9868421052631 -28.44117647058826 285.9078947368421 334.3529411764706 480.223770833503 551.6248662490993 0.0 1.0
-272.35526315789474 75.4411764705882 282.4868421052632 337.6470588235294 462.0742331925934 558.019812113688 0.0 1.0
-240.72368421052633 179.32352941176464 279.0657894736842 340.94117647058823 443.9246955516838 564.4147579782766 0.0 0.0
-209.0921052631579 283.20588235294116 275.64473684210526 344.2352941176471 425.77515791077417 570.8097038428652 0.0 0.0
-177.46052631578945 387.08823529411757 272.2236842105263 347.52941176470586 407.6256202698646 577.2046497074537 0.0 0.0
-145.82894736842107 494.5 268.80263157894734 336.0 389.476082628955 598.5146568660916 0.0 0.0
-114.19736842105263 605.0 265.38157894736844 318.0 371.3265449880454 683.5391197764997 0.0 0.0
-82.56578947368419 592.5 261.9605263157895 333.5 353.17700734713577 679.9106577084988 0.0 0.0
-50.93421052631581 543.0 258.5394736842105 326.5 335.02746970622616 633.9239234904546 0.0 0.0
-19.30263157894737 539.5 255.11842105263156 306.5 316.87793206531654 620.4901145667759 0.0 0.0
12.32894736842104 527.0 251.69736842105263 299.5 298.72839442440693 606.1600228938869 0.0 0.0
43.96052631578948 544.0 248.2763157894737 281.5 280.5788567834974 612.7441821970161 0.0 0.0
75.59210526315792 553.0 244.85526315789474 271.0 262.4293191425877 615.8341654997662 0.0 0.0
65.5 544.5 307.0 271.0 313.9142394161296 608.2195361270685 0.0 0.0
52.5 535.5 332.0 275.0 336.15440316653724 601.9978161903913 0.0 0.0
66.0 525.0 350.0 282.0 356.16951887994605 595.9560699095355 0.0 0.0
62.0 518.0 368.0 296.0 373.1864830672611 596.6071023843328 0.0 0.0
79.0 519.5 392.5 305.0 400.37139052562634 602.4169061870248 0.0 0.0
69.0 522.5 372.5 316.0 378.865834635159 610.6245302576474 0.0 0.0
69.5 525.5 370.5 323.0 377.06601745383455 616.8300564588898 0.0 0.0
71.5 527.5 346.0 324.0 353.3843539934966 619.05754982877 0.0 0.0
-134.0 528.5 316.5 323.0 345.92506245218834 619.3878574738723 0.0 0.0
-506.0 525.0 368.5 322.5 629.1633866814625 616.1422355935226 0.0 0.0
-504.5 522.0 298.0 319.5 585.9409717659428 612.0165891225861 1.0 0.0
-502.0 514.0 324.0 318.5 597.5672740633119 604.6804819040867 1.0 0.0
-502.5 511.0 289.0 316.5 579.6801828166076 601.0771363336528 1.0 0.0
-506.0 511.0 314.5 317.0 595.7936235840555 601.3401699537459 1.0 0.0
-500.5 508.0 316.0 314.0 591.9089983596223 597.2102386184221 1.0 0.0
-497.5 502.0 316.5 313.0 589.6428129866658 591.5855597316977 1.0 0.0
-499.0 496.5 304.5 313.0 584.5692934565384 586.9253113463176 1.0 0.0
-507.5 492.5 313.5 315.5 596.5223998797234 584.8902228135232 1.0 0.0
-505.0 488.5 315.0 321.0 595.1901910553165 584.5282930658186 1.0 0.0
-511.5 487.0 322.5 327.0 604.6805143410405 586.5987365209169 1.0 0.0
-515.5 485.5 325.0 329.0 609.3975066456265 586.4737175060552 1.0 0.0
-519.5 484.5 328.0 326.0 614.3812961544705 583.966378812027 1.0 0.0
-532.0 474.0 354.5 311.0 639.318540835397 566.9335235151988 1.0 0.0
-524.0 463.0 333.0 295.0 620.8618622900281 548.9942725193354 1.0 0.0
-519.0 457.5 329.0 293.5 614.4935579908122 543.553905879301 1.0 0.0
-522.0 447.5 344.5 302.5 625.4317969679688 540.1504420066691 1.0 0.0
-519.5 372.0 342.0 309.0 621.9681860123342 484.8619161395519 1.0 0.0
-516.0 235.92857142857142 329.0 290.0 611.9619491799297 397.5101512640328 1.0 0.0
-511.5 126.5 316.5 264.0 601.5025291683557 335.8567379260027 1.0 0.0
-507.5 17.071428571428584 307.5 238.0 593.3909930464956 274.20332458797265 1.0 0.0
-505.5 -62.0 311.0 217.0 593.5077348738942 225.69695129548438 1.0 0.0
-501.0 -88.5 322.0 189.5 595.5547644137409 209.1471844505635 1.0 0.0
-501.0 -275.0 330.5 244.5 600.1932457582144 368.55807564449 1.0 0.0
-502.0 -479.0 330.5 277.25 601.027806681914 557.0305061047808 1.0 0.0
-503.5 -664.5 327.0 301.0 600.3681516295183 729.5628425333781 1.0 0.0
-501.0 -656.75 320.5 305.0 594.7493017133547 724.3191390857356 1.0 0.0
-506.5 -628.5 312.0 316.0 594.8833954553877 703.4843563060451 1.0 1.0
-510.0 -677.5 304.5 368.5 593.9868974149854 771.2319273017445 1.0 1.0
-506.5 -582.0 301.0 308.5 589.1886425993778 658.7080199835855 1.0 1.0
-507.0 -563.0 306.5 281.0 592.4465569352037 629.2506974968745 1.0 1.0
-509.0 -538.0 308.0 286.5 594.9338130526118 609.5301375206799 1.0 1.0
-507.0 -540.5 300.5 320.0 589.3635847315572 628.2402641802244 1.0 1.0
-508.5 -540.5 288.0 327.5 584.3941246028978 631.9816428177343 1.0 1.0
-512.5 -531.0 285.5 322.5 586.6705622936129 621.2650207856982 1.0 1.0
-515.5 -530.5 288.0 335.5 590.5016133226577 627.6871946341711 1.0 1.0
-517.0 -532.0 292.0 354.5 593.7623751579372 639.3046406550545 1.0 1.0
-516.0 -533.5 296.5 371.0 595.1207574859144 649.837490406756 1.0 1.0
-524.0 -542.5 303.5 388.5 605.5574101694601 667.2626751224846 1.0 1.0
-522.0 -532.0 276.0 366.5 590.9213841361834 646.0295203727951 1.0 1.0
-529.5 -524.0 302.0 346.0 609.5698184499228 627.9274938553176 1.0 1.0
-527.0 -518.5 317.0 329.5 615.011107414698 614.3390863978027 1.0 1.0
-608.5 -515.5 374.5 334.0 714.5605128194704 614.2444671381727 0.0 1.0
-617.5 -513.0 408.0 347.5 742.2565421163786 619.6172726217287 0.0 1.0
-642.5 -511.0 322.0 363.0 719.1779911668566 626.8288857870036 1.0 1.0
-577.5 -527.5 323.0 387.5 661.6914246832949 654.542009079646 1.0 1.0
-556.0 -535.0 384.5 386.5 676.0010415523652 660.0159505327838 0.0 1.0
-611.0 -536.5 388.5 382.0 724.1319352575772 658.6017385339944 1.0 1.0
-501.5 -537.0 369.5 379.0 623.7218834447938 657.2926016140597 1.0 1.0
-418.890625 -536.5 369.203125 381.0 582.2382858492882 658.054675273225 0.0 1.0
-338.078125 -529.0 338.140625 404.0 532.3448354855243 665.6280239417318 0.0 1.0
-257.265625 -526.0 307.078125 407.5 482.45138512176027 665.3943472089722 0.0 1.0
-176.453125 -522.5 276.015625 399.0 432.55793475799635 657.4248941035577 0.0 1.0
-95.640625 -521.0 244.953125 398.0 382.6644843942324 655.6256822277243 0.0 1.0
-14.828125 -511.5 213.890625 401.0 332.7710340304684 649.9507690816247 0.0 1.0
65.984375 -500.5 182.828125 399.5 282.8775836667045 640.3909739366093 0.0 1.0
146.796875 -498.5 151.765625 416.0 232.98413330294045 649.2757894406514 0.0 1.0
149.5 -510.5 189.0 447.0 241.44395530959116 678.5443569869901 0.0 1.0
178.5 -518.5 234.5 460.5 294.71294897318535 693.4721809707293 0.0 1.0
183.5 -524.0 259.5 465.0 317.91708239616264 700.5723085058138 0.0 1.0
155.5 -529.0 265.5 469.5 307.6893023298232 707.3091226768181 0.0 1.0
152.5 -528.5 269.5 462.5 309.6611140810123 702.3084970706993 0.0 1.0
150.5 -528.0 280.0 458.5 317.8843722961269 699.2904028132627 0.0 1.0
241.0 -524.0 258.5 461.5 360.264082654874 698.2554253481669 0.0 1.0
206.5 -522.5 141.5 469.0 250.36139420638833 702.1164084131601 0.0 1.0
184.0 -544.5 177.5 470.5 255.87520794794682 719.6219992247561 0.0 1.0
239.5 -533.0 175.0 457.0 296.7112900906599 702.0959046019539 0.0 1.0
209.0 -527.0 164.5 450.0 267.0831474523107 692.9889683746603 0.0 1.0
200.0 -530.0 192.0 445.5 277.2484563210333 692.3774027824821 0.0 1.0
208.5 -522.0 169.5 440.5 269.30318294619417 683.0258114133635 0.0 1.0
211.5 -509.5 165.0 437.5 268.7767888534786 671.5649627405213 0.0 1.0
212.20833333333331 -500.0 131.41666666666666 440.5 249.7450578701429 666.3639260991829 0.0 1.0
207.04166666666669 -494.5 117.08333333333334 444.0 238.32140970653967 664.5797587755607 0.0 1.0
201.875 -488.5 102.75 442.5 226.8977615429364 659.1320933704985 0.0 1.0
170.0 -486.0 96.0 425.5 196.00394407157492 645.9648819415555 0.0 1.0
195.5 -459.5 157.0 380.5 250.8021972184255 597.0914460790257 0.0 1.0
220.0 -517.75 184.5 290.5 288.74706980854467 595.4316780230927 0.0 0.0
252.0 -408.5 208.5 339.0 327.42791025188205 534.5516716719546 0.0 0.0
281.5 -364.5 173.0 400.0 332.5206437502021 543.5211923970547 0.0 0.0
244.5 -428.5 263.5 377.0 361.5920460352087 570.9522452046704 0.0 0.0
210.0 -456.0 218.0 382.0 304.54084272881556 594.8621082683482 0.0 1.0
210.0 -452.0 161.0 383.0 264.62576405022963 592.49400869564 0.0 1.0
221.5 -464.5 178.67857142857144 387.5 284.67731702407144 604.9113026975027 0.0 1.0
239.5 -474.0 200.25 402.0 312.3121043158862 621.514418437995 0.0 1.0
257.5 -487.0 221.82142857142858 410.0 339.94689160770093 636.6301015336217 0.0 1.0
237.0 -488.0 304.0 419.5 391.35130094507406 643.5271877867808 0.0 1.0
221.5 -487.5 431.0 417.5 484.7627555157368 641.8430493508519 0.0 1.0
227.5 -487.5 469.0 415.0 521.3869678703583 640.2198020636104 0.0 1.0
153.5 -487.5 543.0 413.5 564.7322541645184 639.2483893997336 0.0 1.0
211.5 -481.0 525.0 407.0 566.0407164246849 630.0884456239296 0.0 1.0
310.0 -472.5 620.0 400.5 693.3029249695755 619.4003129369187 0.0 1.0
254.0 -472.0 484.0 401.0 547.3496783485275 619.3425104081155 0.0 1.0
220.0 -473.0 465.5 403.5 514.8726570507529 621.7248819195258 0.0 1.0
260.0 -475.5 531.5 409.0 591.6860614144568 627.2012385911878 0.0 1.0
203.5 -480.5 416.0 414.0 463.1691532306645 634.2533516293187 0.0 1.0
210.0 -485.0 384.5 421.5 438.1111222238569 642.5631156338961 0.0 1.0
252.0 -487.0 387.0 424.0 462.5633791382028 645.712894564173 0.0 1.0
268.5 -488.5 375.5 428.5 461.67748854530174 649.8035405320541 0.0 1.0
259.1 -488.5 343.0 432.5 430.54833642096094 652.4481460231468 0.0 1.0
241.5 -478.0 275.0 424.0 368.2204577984081 638.9592453912819 0.0 1.0
223.9 -473.5 207.0 425.0 305.8925791758554 636.2603645148954 0.0 1.0
233.0 -473.5 277.5 415.5 363.16879132041186 629.9997606123048 0.0 1.0
229.0 -500.0 326.0 425.0 398.4028376693958 656.2206797656482 0.0 1.0
262.375 -503.5 324.5 422.0 419.9335439239538 656.9611103234722 0.0 1.0
413.0 -504.5 295.5 420.0 509.83416566285047 656.4452394062714 0.0 1.0
537.5 -471.0 257.0 417.5 595.7931076205014 629.438454222792 0.0 1.0
527.5 -455.0 292.0 408.5 604.8554229735562 611.4714528255602 0.0 1.0
499.0 -478.0 312.5 417.5 589.9468299266262 634.7487484446058 0.0 1.0
455.0 -417.0 275.5 447.5 532.0624445034599 615.9810137243345 0.0 0.0
487.0 -350.1 283.0 418.7 563.2572838247004 549.6176711992323 0.0 0.0
492.0 -404.5 298.5 351.5 575.6456075246406 546.6615459477324 0.0 0.0
516.5 -458.9 442.5 284.3 680.136241726216 543.7054206962325 0.0 0.0
434.0 -474.0 291.5 350.5 522.8155441442716 590.5845869304053 0.0 0.0
341.0 -504.0 330.5 352.5 475.1664524595468 615.3604734087274 0.0 0.0
340.5 -501.0 287.0 376.0 445.37337905476306 626.4023258055871 0.0 0.0
478.0 -521.5 249.0 392.0 541.3919329402893 652.4014923291134 0.0 1.0
488.3125 -527.5 231.375 398.5 541.7403024776071 661.1064267793345 0.0 1.0
420.0625 -530.0 241.875 396.0 485.44369823215715 661.6038206580715 0.0 1.0
362.0 -530.5 294.0 397.0 467.7647838743216 662.602304601997 0.0 1.0
411.5 -530.0 351.0 393.0 540.8711335704274 659.8098210848335 0.0 1.0
372.5 -524.5 338.5 392.5 503.7329785352002 655.119434630343 0.0 1.0
390.5 -476.5 390.5 389.0 552.2559808506959 615.1374861475426 0.0 0.0
362.0 -488.5 398.5 393.0 538.3759345732235 626.9747863203548 0.0 1.0
362.0 -499.5 408.5 395.5 545.8473286173921 637.1189813031694 0.0 1.0
384.0 -512.5 414.5 397.0 565.1174227594281 648.3063152991197 0.0 1.0
383.5 -464.5 410.5 408.5 561.7990314087906 619.0373395028594 0.0 1.0
398.5 -307.0 347.0 468.0 528.4244347205795 559.8776698117043 0.0 0.0
340.0 -286.5 398.0 476.0 523.4751307496479 555.5710047139328 0.0 0.0
419.5 -288.5 349.0 483.5 545.6938124417111 563.0315266483751 0.0 0.0
423.0 -288.5 352.0 491.5 550.3033717562073 569.9162781175678 0.0 0.0
331.0 -291.5 356.5 494.0 486.48360100801085 573.592407550867 0.0 0.0
414.5 -299.5 375.0 490.5 559.4605881869775 574.7090568278875 0.0 0.0
390.5 -314.0 439.5 490.5 588.1587879747276 582.4080361000608 0.0 0.0
411.5 -317.5 517.5 501.5 661.1692909429466 593.5564116998135 0.0 0.0
385.5 -307.5 519.5 512.0 646.9084175140955 597.2449184082784 0.0 0.0
381.0 -301.5 517.5 520.5 642.6460594115549 601.5179989472854 0.0 0.0
375.5 -300.5 492.0 522.5 618.9218704637094 602.749170167675 0.0 0.0
384.0 -297.0 535.5 521.5 658.9512400665601 600.24889069355 0.0 0.0
384.0 -203.5 556.0 552.5 675.9601730781376 588.9129964904516 0.0 0.0
374.5 -89.5 486.5 532.0 615.484047763774 539.6417401220663 0.0 0.0
429.0 -28.0 482.0 558.5 645.7917820178898 559.2022047377684 0.0 0.0
352.5 -24.0 438.5 559.0 564.5848850878958 559.5186134635376 0.0 0.0
395.5 -26.0 466.5 564.0 611.598778465589 564.5998564287531 0.0 0.0
381.5 -17.5 442.0 572.0 584.3425301607315 572.2787086243086 0.0 0.0
420.0 -8.0 417.5 571.0 593.9102360158922 571.0562520420492 0.0 0.0
398.0 -3.0 415.0 570.0 575.3718694767604 570.0087580489027 0.0 0.0
404.0 -4.5 423.5 568.0 585.4689226266811 568.0232918466655 0.0 0.0
392.5 -9.0 401.0 568.5 561.1734770554441 568.571455436658 0.0 0.0
407.0 -16.5 369.0 567.5 549.9189733048966 567.7484429325212 0.0 0.0
172.5 -33.0 402.5 425.5 437.95242618865257 426.7791582728653 0.0 0.0
181.0 -39.5 378.0 395.0 419.1002274255768 396.97046427326495 0.0 0.0
189.0 -53.5 374.5 402.0 419.49145046705485 405.5446148281576 0.0 0.0
190.0 -63.0 358.5 413.5 405.76078195313744 418.27180283263306 0.0 0.0
76.40625 -96.5 348.40625 384.0 424.9749529862156 397.3110653414145 0.0 0.0
-75.71875 -217.0 346.28125 355.125 460.2949659627433 433.7552426428359 0.0 0.0
-227.84375 -344.3333333333333 344.15625 363.95833333333337 495.61497893927105 519.9989180261211 0.0 0.0
-379.96875 -471.66666666666663 342.03125 372.79166666666663 530.9349919157987 606.2425934094065 0.0 0.0
-421.5 -553.25 328.5 434.0 534.4312452566026 703.4558076520455 1.0 0.0
-420.75 -523.2555555555555 311.25 452.7055555555555 523.3649708696248 691.919226216495 1.0 0.0
-424.5 -524.2777777777778 308.0 451.52777777777777 524.469864703424 691.9603168901526 1.0 1.0
-427.0 -525.3 304.0 450.35 524.1613929960205 692.0014075638103 1.0 0.0
-441.75 -526.3222222222223 306.75 449.1722222222222 537.8461856133013 692.042498237468 1.0 1.0
-468.25 -527.3444444444444 362.25 447.9944444444444 592.0468631970451 692.0835889111256 0.0 1.0
-500.0 -528.3666666666667 351.0 446.81666666666666 611.3858252772185 692.1246795847833 0.0 1.0
-488.0 -529.3888888888889 311.0 445.6388888888889 578.6753647694779 692.165770258441 0.0 1.0
-563.0 -530.411111111111 363.5 444.4611111111111 670.4947799572657 692.2068609320986 0.0 0.0
-549.75 -531.4333333333334 307.75 443.2833333333333 630.4071204808965 692.2479516057563 1.0 1.0
-577.75 -532.4555555555555 303.75 442.10555555555555 653.5243179562144 692.2890422794139 0.0 0.0
-650.0 -533.4777777777778 281.5 440.9277777777778 708.5669759694562 692.3301329530716 0.0 1.0
-581.5 -534.5 277.5 439.75 644.4436225018787 692.3712236267293 0.0 1.0
-513.75 -535.5222222222222 260.5 438.5722222222222 576.0215517232534 692.4123143003869 1.0 1.0
-512.5 -536.5444444444445 260.0 437.39444444444445 574.6794313594717 692.4534049740446 1.0 1.0
-261.0 -537.5666666666666 238.5 436.2166666666667 353.5582140775708 692.4944956477023 0.0 1.0
-272.5 -538.588888888889 237.0 435.0388888888889 361.1852135100745 692.5355863213599 0.0 1.0
-294.25 -539.6111111111111 238.75 433.8611111111111 378.92689108125955 692.5766769950176 0.0 1.0
-321.0 -540.6333333333333 241.5 432.68333333333334 402.5604080371111 692.6177676686752 0.0 1.0
-414.0 -541.6555555555556 251.25 431.5055555555556 484.27543529357445 692.6588583423329 0.0 1.0
-433.25 -542.6777777777777 254.5 430.3277777777778 502.4749931649177 692.6999490159906 0.0 1.0
-498.75 -543.7 266.5 429.15 565.6563446557245 692.7410396896482 0.0 1.0
-529.25 -544.7222222222222 269.75 427.97222222222223 594.0296013698536 692.7821303633059 0.0 1.0
-400.65 -545.7444444444445 271.8928571428571 426.7944444444445 572.2677957986116 692.8232210369636 0.0 1.0
-256.84999999999997 -545.25 287.75 415.25 573.8049656856512 685.386031202433 0.0 1.0
-232.375 -546.0 303.6071428571429 386.0 575.3421355726907 668.6644649521979 0.0 1.0
-480.875 -545.5 303.0 396.0 568.6307204216953 674.5735453974248 0.0 1.0
-591.0 -542.0 326.5 368.0 675.1950474230628 655.2321062345712 0.0 1.0
-784.0 -541.0 389.0 359.5 888.0822053942045 649.5556074914193 0.0 1.0
-719.5 -540.5 471.0 371.5 861.3546021883997 655.8620054350888 0.0 1.0
-588.8333333333333 -540.5 390.75 386.0 708.0949549865701 664.1831741291799 0.0 1.0
-584.1666666666667 -527.0 295.75 402.0 656.2826870163747 662.8407014147172 0.0 1.0
-615.5 -520.5 315.0 403.0 691.6638940522366 658.2809744341017 0.0 1.0
-688.0 -510.0 246.5 406.0 730.8551103306536 651.8718334086832 0.0 1.0
-493.5 -519.0 333.0 409.5 595.4190845628608 661.0986217077875 0.0 1.0
-652.0 -508.5 312.0 403.5 724.4079863487489 649.1635226548162 0.0 1.0
-660.0 -500.0 260.0 399.5 709.3659309888942 640.0487298009508 0.0 1.0
-724.0 -515.5 271.5 398.5 773.2372351141257 651.569284300811 0.0 1.0
-707.5 -514.0 269.5 404.5 757.0911694633463 654.0801982506207 0.0 1.0
-724.0 -514.5 273.0 400.0 773.7603189107922 651.6984527165346 0.0 1.0
-834.0 -514.0 302.0 395.5 886.9967044565417 648.5493685025838 0.0 1.0
-847.5 -515.5 321.5 387.0 906.4555343369118 644.6001397081349 0.0 1.0
-595.5 -511.5 382.0 376.0 707.4924434567408 634.8358348177551 0.0 1.0
-594.0 -519.0 379.5 377.0 704.8954725024378 641.4754688643341 1.0 1.0
-576.5 -522.5 356.0 378.0 677.5605434153375 644.8955378675756 1.0 1.0
-572.0 -520.0 346.0 376.5 668.5124578470545 641.9908488444364 1.0 1.0
-566.5 -518.5 338.5 377.5 659.9296683384896 641.3655089002484 1.0 1.0
-561.5 -511.0 330.0 389.0 651.2958363884377 642.2201716603187 1.0 1.0
-555.5 -512.5 326.5 394.0 644.346855804353 646.4478046323236 1.0 1.0
-659.0 -511.0 417.5 392.5 784.6462775511247 644.3426163421802 1.0 1.0
-581.5 -510.5 243.0 390.0 630.2351802189767 642.4252874848561 0.0 1.0
-578.5 -510.5 238.0 391.0 625.5467514662448 643.0329248437185 0.0 1.0
-578.0 -512.5 239.5 390.5 625.6550567205543 644.3194441529147 0.0 1.0
-577.5 -523.0 232.0 391.0 622.3586463932185 653.0007735183259 0.0 1.0
-580.75 -524.0 208.25 388.5 617.4112476983391 652.3101298785766 0.0 1.0
-584.5 -523.0 184.5 384.0 612.9278097786068 648.8335687986558 0.0 1.0
-593.0 -520.5 189.5 379.5 622.5428860536472 644.1587537245769 0.0 1.0
-618.625 -517.0 284.0 378.0 661.6812656966492 640.4474997999446 0.0 1.0
-588.0 -515.0 276.0 376.0 650.1315623162582 637.6528546744876 0.0 1.0
-616.0 -513.5 267.0 373.5 672.4852769053116 634.968238181863 0.0 1.0
-656.5 -514.0 281.5 375.0 714.9814039461477 636.2556587822698 0.0 1.0
-609.375 -501.0 245.75 362.5 657.1303828737572 618.390946623111 0.0 1.0
-622.0 -504.0 232.5 367.5 664.033341849889 623.7565726886132 1.0 1.0
-632.5 -502.5 234.0 361.5 674.4562982161115 619.0222128486182 1.0 1.0
-723.0 -501.0 270.5 359.5 771.9468554547599 616.6384905925452 1.0 1.0
-771.6176470588235 -498.5 287.13235294117646 356.5 823.3914834486227 612.85767566789 0.0 1.0
-746.4411764705883 -496.5 273.30882352941177 354.0 795.0760951991901 609.7786817970199 0.0 1.0
-721.2647058823529 -492.0 259.4852941176471 347.5 766.7607069497576 602.3456924447139 0.0 1.0
-696.0882352941176 -483.0 245.66176470588235 340.5 738.445318700325 590.9563579510789 0.0 1.0
-670.9117647058824 -470.0 231.83823529411762 329.5 710.1299304508923 573.9950630297094 0.0 1.0
-645.7352941176471 -453.0 218.01470588235293 313.5 681.8145422014597 550.9004138956038 0.0 1.0
-620.5588235294117 -438.0 204.19117647058823 295.0 653.4991539520271 528.0805557193368 0.0 1.0
-595.3823529411766 -425.0 190.36764705882354 286.0 625.1837657025944 512.2708959348734 0.0 1.0
-555.5 -419.0 224.5 281.5 601.1605312565691 504.82424436954807 0.0 1.0
-534.5 -344.0833333333333 267.0 229.66666666666669 597.4807996008017 427.5575420281477 1.0 0.0
-534.2916666666667 -240.19444444444446 257.0 168.55555555555554 593.1175398388049 325.6762633992587 1.0 0.0
-533.4583333333333 -136.30555555555557 235.0 107.44444444444444 583.6674654330361 223.79498477036964 0.0 0.0
-532.625 -32.416666666666686 213.0 46.333333333333314 574.2173910272675 121.91370614148059 0.0 0.0
-524.5 37.0 201.0 16.0 561.7371888751605 43.991076972666356 0.0 0.0
-543.5 81.32142857142857 249.5 47.892857142857146 598.1249626363294 96.68677363528892 0.0 0.0
-534.0 151.75 256.5 69.75 592.4092097609381 168.96326278164895 1.0 0.0
-536.0 222.17857142857144 245.5 91.60714285714286 589.8302942942354 241.23975192800899 1.0 0.0
-533.0 320.0 223.0 114.0 577.7705868508563 339.83355392827076 1.0 0.0
-529.0 400.5 255.5 127.0 587.4736793606083 420.16088057862356 1.0 0.0
-525.0 376.5 237.0 144.0 576.2185191692528 403.22166867934175 1.0 0.0
-468.5 378.0 255.5 169.5 533.6963969712274 414.40467216889317 1.0 0.0
-460.5 363.70000000000005 244.0 166.14999999999998 521.2362588185679 400.03832815641806 1.0 0.0
-465.0 381.29999999999995 234.5 162.35000000000002 520.783352929785 414.60145199237064 1.0 0.0
-478.5 391.5 249.5 158.5 539.6843311584338 422.3677776002774 1.0 0.0
-487.0 390.0 259.5 157.5 551.8237218234847 420.60372329656116 1.0 0.0
-485.0 444.0 258.0 217.0 549.3534568611258 494.55979134076506 1.0 0.0
-482.5 625.5 268.5 315.5 552.1789150471045 700.5933997663033 1.0 0.0
-476.0 576.5 260.0 344.0 542.3802696011603 671.3979046981933 1.0 0.0
-488.5 539.0 262.0 340.5 554.3250957354717 637.5431747021289 1.0 0.0
-493.0 550.25 265.0 340.5 559.7088528869273 647.1111208007485 1.0 0.0
-485.0 564.5 277.5 341.5 558.8818689129056 659.7596288979653 1.0 0.0
-484.0 597.5 258.5 335.5 548.7067867100859 685.2733637220377 1.0 0.0
-489.0 618.5 264.5 305.0 555.95105415805 689.617587556414 1.0 0.0
-493.0 610.0 268.0 289.5 561.135491833154 675.2117510193802 1.0 0.0
-506.0 585.5 291.0 284.0 583.9351031138278 650.7437149203034 1.0 0.0
-508.0 563.0 272.5 273.5 576.4722818332626 625.9176480486731 1.0 0.0
-502.5 546.0 272.5 277.5 571.6342088925035 612.4793253542643 1.0 0.0
-496.0 536.5 271.5 298.5 565.4453486972841 613.9613189937413 1.0 0.0
-490.5 533.5 268.0 305.0 558.9404938378296 614.5308093320996 1.0 0.0
-434.5 538.5 196.0 303.5 476.77773000961133 618.1379320751112 0.0 0.0
-446.0 545.5 115.5 302.5 462.1802794811916 623.7610572609782 0.0 0.0
-449.875 550.5 108.75 299.5 464.41053726085136 626.6981251786847 0.0 0.0
-376.375 550.5 129.75 297.5 398.9686311672793 625.7452041941042 0.0 0.0
-77.83333333333334 549.0 -4.791666666666666 288.5 77.98351005077672 620.1904137901988 0.0 0.0
-77.16666666666666 550.0 -3.9583333333333335 286.5 77.27718177917745 620.1471304720144 0.0 0.0
-76.5 539.0 -3.125 291.5 76.57085350757818 612.8104636077194 0.0 0.0
-337.5 532.0 49.0 293.5 341.70676094492785 607.5911591339882 0.0 0.0
-444.0 533.0 191.0 294.0 483.3396434813827 608.7078390166241 0.0 0.0
-443.0 529.0 173.5 297.5 476.0491462293004 606.9163783256131 0.0 0.0
-485.0 521.5 217.5 304.5 531.5375043486548 603.8902020451997 0.0 0.0
-493.5 514.0 253.5 314.0 554.8050810389318 602.3226805337604 0.0 0.0
-492.0 509.5 251.5 318.5 552.5544596522768 600.8599152397865 0.0 0.0
-494.0 505.0 251.5 322.5 554.3359039048803 599.1921838540447 0.0 0.0
-491.5 502.5 251.0 323.5 551.8816011723463 597.6276642661196 0.0 0.0
-490.0 499.0 252.0 324.5 551.0027223163239 595.2323664494713 0.0 0.0
-492.0 493.5 254.0 323.5 553.6967095714909 590.082059240628 0.0 0.0
-495.0 488.0 253.0 310.0 555.9087222516171 578.2185483569892 0.0 0.0
-498.5 492.5 255.0 278.0 559.9357650597459 565.5442603442438 0.0 0.0
-558.0 485.5 242.0 275.5 608.2181215085345 558.2215119703665 0.0 0.0
-554.5 478.0 246.0 276.0 606.6193910093681 551.9605660885785 1.0 0.0
-554.0 472.0 247.0 281.0 606.5682496263744 549.3136351621199 1.0 0.0
-553.0 467.5 248.0 287.5 606.0635280232593 548.8315844787144 1.0 0.0
-552.5 469.5 248.0 296.0 605.6073743968687 555.0201687415166 1.0 0.0
-553.0 470.5 249.5 308.0 606.6791135174752 562.3509243547587 1.0 0.0
-553.5 448.0 249.5 231.5 607.1347154284304 505.328226826107 1.0 0.0
-553.0 456.5 249.0 216.0 606.473412442788 505.02706584218026 1.0 0.0
-555.5 459.5 250.0 227.5 609.163832606223 512.737454075843 1.0 0.0
-563.0 457.25 253.0 231.0 617.2341602083955 512.3218787298692 1.0 0.0
-570.5 452.875 256.0 235.20833333333331 625.30495912168 510.31275559044224 1.0 0.0
-572.0 448.375 256.5 232.04166666666669 626.8782352454555 504.8610638288337 1.0 0.0
-569.5 443.875 255.0 228.875 623.9834066317298 499.40937206722515 1.0 0.0
-569.5 440.0 253.5 214.0 623.3719309065629 489.6625991104546 1.0 0.0
-566.0 428.5 253.0 178.5 619.9718249415896 464.2272128522245 1.0 0.0
-564.5 358.5 253.0 228.5 618.6026689917937 425.1737591697424 1.0 0.0
-472.0 246.5 266.0 194.0 541.7940703546695 313.8345248103888 0.0 0.0
-472.0 222.0 262.0 134.0 539.8457469152306 267.2977301089742 0.0 0.0
-473.0 203.0 259.5 118.0 539.5085190813522 240.50067943301354 0.0 0.0
-470.5 -7.5 257.0 186.5 536.1152488212426 186.72914327326689 0.0 0.0
-465.0 -82.25 252.0 168.25 528.8942826219474 201.7209477285706 0.0 0.0
-469.5 -153.5 253.5 166.5 533.5669875701769 226.60220139542767 0.0 0.0
-553.5 -146.5 261.0 168.0 611.9509601536938 223.07988840529487 0.0 0.0
-632.0 -147.0 290.0 149.03571428571428 695.3602793187456 213.48429448359167 0.0 0.0
-632.0 -163.0 287.0 105.17857142857143 694.1131133564036 209.06024309780778 1.0 0.0
-645.5 -179.0 290.5 61.32142857142858 707.8562765865486 204.6361917120239 1.0 0.0
-635.5 -195.0 285.5 17.464285714285722 696.6855245221473 200.21214032624002 1.0 0.0
-632.0 -216.5 280.0 66.5 691.2481464712944 227.89871133855453 1.0 0.0
-633.5 -235.5 279.0 138.5 692.216389278006 273.4253689840332 1.0 0.0
-622.5 -226.5 273.5 143.0 679.9328362433179 267.91614102962194 1.0 0.0
-615.5 -229.5 270.0 153.0 672.1163203557692 275.8415447454913 1.0 0.0
-611.0 -234.5 268.5 155.5 667.3930184746109 281.38904235570885 1.0 0.0
-617.0 -237.5 272.5 153.5 674.496337634692 282.8149459562787 1.0 0.0
-486.0 -244.5 265.0 149.0 553.5534371796564 286.3240294976368 0.0 0.0
-487.5 -253.5 302.0 148.5 573.4634420200125 293.79720822927976 1.0 0.0
-489.5 -286.0 268.5 152.0 558.3032330194766 323.9185149619731 1.0 0.0
-488.5 -301.0 268.0 161.0 557.1860453675359 341.3536059516623 1.0 0.0
-449.0 -308.0 242.5 178.0 510.3125196648583 355.7483600805918 1.0 0.0
-386.0 -311.5 147.0 192.5 413.14340656767996 366.20958982553077 0.0 0.0
-330.0 -370.2857142857143 125.0 216.28571428571428 353.05214589400526 428.8885607439073 0.0 0.0
-313.5 -450.0 109.0 256.0 332.3675132875859 517.7999051731608 0.0 0.0
-339.0 -529.7142857142857 91.5 295.71428571428567 351.1317174846752 606.7112496024145 0.0 0.0
-347.0 -582.0 96.0 314.0 360.0347205478938 661.3342915275847 0.0 0.0
-347.0 -582.5 88.5 361.5 358.1092123733152 685.5670902956417 0.0 0.0
-425.5 -570.0 161.0 366.5 455.60627243501494 677.6735874342971 0.0 1.0
-480.5 -567.5 230.5 353.5 533.0189861432963 668.5946765903818 0.0 1.0
-476.0 -566.25 218.0 334.5 523.5456818625509 657.87237327917 0.0 1.0
-489.5 -564.5 241.0 315.5 545.6112984428866 646.684824300087 0.0 1.0
-488.5 -559.0 240.5 306.0 544.4928833327392 637.3069647534938 0.0 1.0
-487.0 -552.5 240.0 297.0 542.9263301774929 627.2706520333707 0.0 1.0
-509.5 -554.5 259.5 304.0 571.8018066516589 632.372115502682 0.0 1.0
-530.5 -551.0 276.0 332.0 598.0019130014525 643.3345116808143 1.0 1.0
-531.0 -555.0 277.0 367.5 598.9075169965653 665.6518407837582 1.0 1.0
-531.5 -560.0 273.5 386.5 597.7412036785513 680.4470626871844 1.0 1.0
-531.5 -561.0 276.5 401.0 599.1204278011439 689.5904481668144 1.0 1.0
-530.5 -566.5 275.0 408.0 597.5413647307591 698.1314117481209 1.0 1.0
-529.0 -575.5 273.0 399.5 595.2898453694637 700.571610398192 1.0 1.0
-528.5 -589.0 272.0 385.5 594.3874558294151 703.9408974666483 1.0 1.0
-526.5 -600.0 272.0 378.5 592.60973892372 709.4119650552298 1.0 1.0
-497.0 -600.0 276.0 378.5 568.6803158271834 709.4126758433297 1.0 1.0
-495.0 -587.5 263.0 387.5 560.530106920813 703.7850909628969 1.0 1.0
-495.5 -583.0 272.0 397.5 565.2472398078128 705.6230092238619 1.0 1.0
-491.0 -569.0 284.0 412.5 567.2188737073295 702.8161387606056 1.0 1.0
-484.0 -546.5 295.5 416.5 567.0771742354459 687.1214736590632 1.0 1.0
-479.5 -535.5 305.5 420.0 568.5513853812895 680.5600562215318 1.0 1.0
-477.5 -533.5 311.0 428.5 569.8485101000979 684.2766661783262 1.0 1.0
-475.5 -530.0 311.5 428.5 568.4476008643853 681.5514662739081 1.0 1.0
-476.5 -526.0 308.5 431.5 567.648218529751 680.3447361136875 1.0 1.0
-478.5 -526.5 299.5 451.0 564.5138311498956 693.2581444841719 1.0 1.0
-503.0 -522.0 256.0 462.5 564.3983487388676 697.417198081856 1.0 1.0
-498.0 -519.0 244.0 470.5 554.5664577373432 700.5224827239037 1.0 1.0
-498.5 -514.5 228.6375 482.5 548.4664731639476 705.3488964139542 1.0 1.0
-500.5 -504.0 225.1875 498.0 548.9815046942322 708.5337843060688 0.0 1.0
-502.5 -478.0 221.7375 481.5 549.4965362245166 678.5668593711475 0.0 1.0
-504.5 -391.18181818181813 218.28750000000002 441.5113636363636 550.011567754801 669.2519539942525 0.0 1.0
-506.5 -280.0909090909091 214.83749999999998 414.1931818181818 550.5265992850856 678.5685773995571 0.0 1.0
-508.5 -169.0 211.3875 386.875 551.0416308153701 687.8852008048616 0.0 1.0
-510.5 -57.90909090909091 207.9375 359.5568181818182 551.5566623456546 697.201824210166 0.0 1.0
-512.5 53.181818181818215 204.4875 332.2386363636364 552.071693875939 706.5184476154707 0.0 1.0
-514.5 164.27272727272725 201.03750000000002 304.92045454545456 552.5867254062235 715.8350710207751 0.0 0.0
-516.5 275.3636363636364 197.58749999999998 277.60227272727275 553.1017569365081 725.1516944260796 0.0 0.0
-492.5 386.4545454545455 224.5 250.28409090909093 542.5470438677837 734.4683178313842 0.0 0.0
-464.0 497.54545454545456 254.5 222.96590909090912 529.2202683337115 743.7849412366886 0.0 0.0
-471.5 608.6363636363637 255.5 195.64772727272728 536.2765397446581 753.1015646419933 0.0 0.0
-471.5 719.7272727272727 252.5 168.32954545454547 534.9161169136082 762.4181880472977 0.0 0.0
-532.5 806.0 289.0 307.5 605.8690527808267 869.5456732655291 0.0 0.0
-588.5 679.5 327.5 171.5 673.4913720207518 700.8829756144703 1.0 0.0
-580.5 665.5 300.0 203.0 653.9015130368755 695.8030842541957 1.0 0.0
-573.5 630.0 330.0 224.5 661.6716862206404 668.811061458417 1.0 0.0
-560.5 614.5 326.5 254.5 648.662980353168 665.1454699837755 1.0 0.0
-558.5 596.0 319.5 288.5 643.4303083025534 662.1854933000553 1.0 0.0
-556.5 582.5 292.5 299.5 629.0532615779812 654.9873142482519 1.0 0.0
-556.0 575.5 316.0 314.5 639.5254980822874 655.8309991122106 1.0 0.0
-549.8 559.5 246.6 322.0 604.5061987035159 645.5422747999605 0.0 0.0
-581.0 516.0 189.0 309.5 616.2558637786714 601.7039893740043 0.0 0.0
-612.2 495.5 131.4 311.5 628.0055288538268 585.2798507373112 0.0 0.0
-511.5 476.5 299.0 304.5 592.6076741823442 565.501521706797 0.0 0.0
-508.5 451.0 309.5 303.5 595.2835461706181 543.613461273704 1.0 0.0
-503.0 425.0 307.5 307.0 589.5467055402345 524.2847387975719 1.0 0.0
-537.5 394.5 318.5 314.5 624.8565516948847 504.5238350290283 1.0 0.0
-603.5 224.0 336.0 278.0 690.7330589803565 364.9121854009982 1.0 0.0
-629.0 -39.5 344.0 266.0 716.9257252200623 272.9720171540386 1.0 0.0
-612.0 -88.0 344.5 264.0 702.2996727344082 278.3452945216196 1.0 0.0
-613.5 -51.5 338.0 255.5 700.4476718413434 260.6963872478947 1.0 0.0
-613.0 -32.0 336.0 247.5 699.0471796323807 249.65799745226963 1.0 0.0
-608.5 -30.0 333.0 238.0 693.6578879108954 239.969898909427 1.0 0.0
-597.5 -65.75 328.0 302.25 681.6086343234579 311.67273215520527 1.0 0.0
-595.5 -122.75 324.5 393.25 678.1755863980834 413.73287513695396 1.0 0.0
-590.0 -168.0 322.0 463.0 672.1487942513975 492.5407393615395 1.0 0.0
-597.5 -158.5 323.5 464.0 679.4546409990855 490.3295915187491 1.0 0.0
-614.5 -132.0 332.0 455.0 698.4525225271343 473.8381999002972 1.0 0.0
-621.5 -81.5 333.5 487.5 705.3272591467976 496.2249511131124 1.0 0.0
-619.0 -25.5 331.5 507.5 702.1776443890444 508.1590180214233 1.0 0.0
-626.0 -21.0 335.0 489.5 710.0007059856981 489.95095165366035 1.0 0.0
-543.5 -13.5 316.5 478.5 629.271431535381 478.69067684219135 1.0 0.0
-493.0 -13.5 307.5 470.0 581.0408606494616 470.19499905917314 1.0 0.0
-504.5 -27.0 309.5 463.5 591.8703606131706 464.2861496961365 1.0 0.0
-524.5 -66.0 316.0 380.5 612.3369348897663 386.18894832559255 1.0 0.0
-509.0 -59.5 306.0 376.0 593.903178332544 380.6871935983228 1.0 0.0
-487.0 -53.5 291.5 378.0 567.5755334995824 381.767593033199 1.0 0.0
-485.5 -53.5 289.0 383.0 565.0055888289526 386.71888396518324 1.0 0.0
-485.0 -29.0 289.0 387.0 564.575973745446 389.23643730438755 1.0 0.0
-485.0 58.5 289.0 354.5 564.5759470611549 359.2971695107932 1.0 0.0
-485.0 61.0 288.5 344.0 564.3201662177244 349.367050478848 1.0 0.0
-487.0 63.0 288.0 337.0 565.7853608654416 342.83865055727716 1.0 0.0
-491.5 60.5 289.5 332.5 570.4231033459232 337.95931707825423 1.0 0.0
-500.0 52.5 275.0 326.0 570.8722219118922 330.2003275586179 1.0 0.0
-526.5 46.125 309.0 315.375 610.4792797529255 318.74213907726056 1.0 0.0
-543.75 -23.0 252.5 219.25 600.500586739927 221.57718424226164 1.0 0.0
-492.0 -48.5 293.5 185.25 572.8930392177008 191.56359434234156 1.0 0.0
-525.5 -57.5 311.25 184.75 610.7622622837482 193.52241321180142 1.0 0.0
-566.5 -68.25 289.0 190.25 637.2637110936325 202.18230277965958 0.0 0.0
-564.0 -76.5 246.0 195.0 615.3147243816845 209.5020683186827 1.0 0.0
-519.0 -76.25 265.0 198.5 584.0269379182407 212.65632892113854 1.0 0.0
-459.75 -69.75 286.75 200.75 541.8453545451173 212.53870217536002 1.0 0.0
-457.25 -59.5 287.25 201.25 539.9915679819046 209.89518388190208 1.0 0.0
-454.75 -88.5 287.75 191.0 538.142865771805 212.70807271647513 1.0 0.0
-455.0 -107.25 289.25 181.5 539.158894179245 210.9194672170956 1.0 0.0
-453.25 -89.0 290.75 181.0 538.4915565284085 201.8103561508895 1.0 0.0
-460.1875 -67.75 285.34375 180.5 541.5305634947706 192.93037896476824 1.0 0.0
-464.9375 -54.5 278.71875 181.0 542.289106685294 189.08066387324146 0.0 0.0
-469.6875 65.25 272.09375 184.5 543.0476498758172 207.47678485939926 0.0 0.0
-474.4375 192.0 265.46875 178.75 543.8061930663405 262.4259707769537 0.0 0.0
-480.0 206.52777777777777 260.5 175.27777777777777 546.1329143079304 271.61827028237707 1.0 0.0
-490.5 252.6388888888889 256.75 182.38888888888889 553.6560895448315 314.0434597900498 1.0 0.0
-487.5 298.75 261.5 189.5 553.2082937031391 356.4686492977225 1.0 0.0
-489.25 344.86111111111114 267.5 196.61111111111111 557.6039137051166 398.8938388053952 1.0 0.0
-481.0 390.97222222222223 272.0 203.72222222222223 552.6283720129892 441.3190283130679 1.0 0.0
-487.0 352.5 272.0 108.0 557.8109531404536 375.8339445109725 1.0 0.0
-495.0 403.45000000000005 272.0 44.8 564.8174922412588 406.3027272476194 1.0 0.0
-485.5 510.05 267.5 73.19999999999999 554.317802368589 515.5697878743996 1.0 0.0
-485.0 594.25 264.0 148.75 552.1968930201215 614.7549981193351 1.0 0.0
-483.25 586.75 262.75 230.25 550.0619374609083 631.0073569966584 1.0 0.0
-484.25 590.0 264.0 262.0 551.5402178489048 645.5601467224899 1.0 0.0
-487.75 561.0 289.0 264.0 567.0391326937506 620.0569158921694 0.0 0.0
-488.0 533.5 283.0 265.0 564.2538868486417 595.6965984120995 0.0 0.0
-462.5 520.5 260.0 271.5 530.5719631758002 587.0547848911382 0.0 0.0
-459.5 508.5 258.5 269.0 527.2217184457511 575.268377948823 0.0 0.0
-459.0 496.0 258.0 267.5 526.5406537227345 563.5362337843377 0.0 0.0
-455.0 484.5 257.5 267.0 522.812230295808 553.1991401342389 0.0 0.0
-450.5 476.0 254.5 269.0 517.4176691525503 546.7513473550194 0.0 0.0
-456.5 417.5 259.0 262.5 524.8598231212111 493.596820048457 0.0 0.0
-464.5 243.0 221.0 193.0 514.3940610077065 310.32646125634574 0.0 0.0
-459.0 220.5 237.0 184.5 516.8045503894361 287.5075702519283 0.0 0.0
-459.0 219.0 249.5 184.0 522.429029300811 286.0383384591266 0.0 0.0
-462.0 220.5 249.5 186.0 525.0667457110735 288.47389036275496 0.0 0.0
-463.5 217.0 247.5 192.0 525.4414282601738 289.7856727052542 0.0 0.0
-509.5 133.0 271.5 205.0 577.3236356700746 244.37875889007563 0.0 0.0
-482.0 136.0 222.0 207.5 530.7297694746509 248.09822497611393 0.0 0.0
-479.5 136.5 247.0 209.0 539.3789980604561 249.62637030684533 0.0 0.0
-479.5 137.0 246.0 208.5 538.9214199968429 249.48292419752374 0.0 0.0
-479.0 135.5 247.5 208.0 539.1634724274262 248.24480638818318 0.0 0.0
-481.0 134.0 248.0 206.5 541.1707815663915 246.16771988956663 0.0 0.0
-481.0 128.5 249.0 206.0 541.6290666760008 242.79566272195 0.0 0.0
-480.5 100.5 250.0 203.0 541.6462911585829 227.00117370245266 0.0 0.0
-491.5 -58.5 243.0 157.5 548.3895538390949 173.04711661479178 0.0 0.0
-494.125 -105.5 209.5 154.5 538.123028483659 187.0859412046326 0.0 0.0
-483.625 -114.5 173.5 165.0 515.7270140819502 200.83641553954635 0.0 0.0
-473.125 -121.0 137.5 171.0 493.33099968024146 209.48388798402988 0.0 0.0
-424.5 -127.5 204.5 174.0 471.5055397498737 215.71528961056023 0.0 0.0
-501.0 -127.5 255.0 171.0 562.1634500245008 213.30375787140838 0.0 0.0
-511.5 -126.0 255.5 163.0 571.7637195402377 206.02209652584915 1.0 0.0
-522.5 -118.5 258.5 150.5 582.9481512875167 191.63758859399678 1.0 0.0
-520.5 -104.5 253.5 140.0 578.949852214735 175.26330834359158 1.0 0.0
-528.0 -180.0 272.0 114.5 594.0060989872302 219.17435784303234 1.0 0.0
-548.5 -190.5 278.0 33.0 614.9404003364064 193.34718378311737 1.0 0.0
-538.5 -197.0 269.0 33.5 601.949582390949 199.82806866449323 1.0 0.0
-468.0 -205.0 187.5 42.5 504.8575013938952 209.35922301091543 0.0 0.0
-449.5 -206.0 143.5 44.5 471.85286759520557 210.75168077209742 0.0 0.0
-445.0 -197.5 137.0 46.0 465.61143187272626 202.78989601665933 0.0 0.0
-438.0 -198.5 135.0 46.0 458.33292140968956 203.7624377725847 0.0 0.0
-429.5 -199.0 134.0 35.5 449.91970733690505 202.1584085357867 0.0 0.0
-414.0 -259.0 97.0 2.0 426.18091038888383 260.7872999503992 0.0 0.0
-381.5 -309.5 73.5 -27.5 388.5195569103955 310.7193771449415 0.0 0.0
-372.5 -315.0 72.0 -24.0 379.3946230988671 315.93528983365877 0.0 0.0
-371.5 -317.0 69.5 -19.5 377.94522699579113 317.5993851067485 0.0 0.0
-371.5 -313.0 72.5 -17.5 378.50887111605135 313.48888026338034 0.0 0.0
-365.5 -282.5 67.0 30.5 371.61386727148727 287.05404840980043 0.0 0.0
-353.0 -96.0 54.5 141.0 357.18262080091813 173.61108159075505 0.0 0.0
-349.0 -61.0 60.0 152.5 354.12118192448554 164.28541788708839 0.0 0.0
-349.0 -64.5 59.5 157.0 354.0361321056115 169.73854926484847 0.0 0.0
-349.5 -66.0 59.0 160.0 354.44498867948465 173.08272783868108 0.0 0.0
-402.0 -69.5 35.5 162.5 403.79075913264694 176.74056564485335 0.0 0.0
-499.5 -67.0 25.0 159.5 500.1852638270451 173.00090139901243 0.0 0.0
-461.0 -67.53571428571428 17.0 134.14285714285714 461.31396834743396 152.47914232456517 0.0 0.0
-454.5 -72.25 12.0 109.0 454.6627840648481 134.65624622424127 0.0 0.0
-452.5 -76.96428571428572 2.5 83.85714285714286 452.5465721198084 116.83335012391737 0.0 0.0
-459.125 -7.5 51.875 109.0 470.85360779898804 134.94854732386233 0.0 0.0
-469.95833333333337 -130.5 125.70833333333333 65.0 497.30697722858645 146.53796172156632 0.0 0.0
-480.79166666666663 -119.0 199.54166666666666 90.0 523.760346658185 149.2012380812472 0.0 0.0
-423.0 -78.5 248.5 -97.0 492.0869808063843 131.51409056023283 0.0 0.0
-433.5 7.5 242.0 -145.0 497.20924005514007 153.18101937905806 0.0 0.0
-495.5 -65.0 286.5 -151.5 572.4667321376077 164.89622149000112 0.0 0.0
-510.5 -100.5 283.0 -155.5 583.7525544919458 185.16358962395375 0.0 0.0
-516.0 -113.5 288.0 -158.0 590.9474542794237 194.5415505860467 1.0 0.0
-504.5 -126.0 278.0 -162.5 576.0247242271836 205.62650091176246 1.0 0.0
-505.0 -139.0 281.0 -167.5 577.9152698320543 217.66429590993724 1.0 0.0
-474.0 -149.0 255.0 -172.5 538.2388467157748 227.94390585636012 0.0 0.0
-496.5 -189.5 269.5 -162.5 564.9271573443705 257.2704418768389 1.0 0.0
-483.0 -293.5 259.0 -185.5 548.0605952163387 347.21647285061556 1.0 0.0
-485.5 -296.5 259.5 -191.0 550.5002653359536 352.71525919118585 1.0 0.0
-487.0 -300.5 259.0 -187.0 551.5886647856375 353.939143399592 1.0 0.0
-487.0 -308.5 259.5 -175.5 551.8235678185556 354.9284151430773 1.0 0.0
-482.5 -302.5 257.5 -180.5 546.9119176697193 352.28615476221864 1.0 0.0
-473.0 -328.0 241.5 -170.0 531.3518683230071 369.9284907564712 1.0 0.0
-356.5 -439.5 56.0 -164.5 362.48180218681114 469.276604639943 0.0 0.0
-338.0 -246.5 -3.0 -129.0 338.014832135465 278.22873189294893 0.0 0.0
-327.0 -363.0 -14.5 -162.0 327.41650331784285 397.50861690558145 0.0 0.0
-326.5 -401.5 -1.5 -188.5 326.5095150181767 443.54851523296907 0.0 0.0
-329.0 -407.5 5.5 -203.5 329.0923403763508 455.4897861712576 0.0 0.0
-331.0 -405.0 -7.0 -208.5 331.12854134861135 455.51886468863773 0.0 0.0
-329.0 -206.0 -14.0 -159.5 329.29773830361535 260.53880250915626 0.0 0.0
-329.0 -196.5 -13.0 -163.0 329.25721298434127 255.30734886893345 0.0 0.0
-333.5 -236.0 -9.0 -153.5 333.6360112452413 284.54237503724687 0.0 0.0
-330.5 -320.5 -11.5 -176.5 330.70034193408094 365.89010538381115 0.0 0.0
-332.5 -317.0 -7.5 -176.0 332.58491823680777 362.5814946608991 0.0 0.0
-329.5 -307.5 -7.0 -172.0 329.57599477418944 352.33629499362024 0.0 0.0
-326.0 -297.5 19.0 -167.0 326.5548277821693 341.21598672599185 0.0 0.0
-324.0 -230.0 21.5 -148.5 324.71285349188673 274.55489621280844 0.0 0.0
-326.5 -128.0 34.0 -148.5 328.2786120533302 196.06904869785706 0.0 0.0
-324.0 -138.0 28.0 -143.5 325.20902303603475 199.0889821261681 0.0 0.0
-322.5 -155.0 27.5 -141.5 323.6734265170088 209.87912202643042 0.0 0.0
-329.0 -178.0 22.5 -124.5 329.7903635142311 217.2221749535901 0.0 0.0
-325.5 -331.5 20.0 -85.5 326.11889634281357 344.13170461045456 0.0 0.0
-326.0 -408.0 17.0 -49.5 326.4429506054618 411.00885092408043 0.0 0.0
-326.0 -429.0 17.0 -22.5 326.4433733490223 429.5896305613078 0.0 0.0
-319.0 -437.5 23.5 -11.5 319.8644865515902 437.6514653587325 0.0 0.0
-308.0 -479.625 22.0 60.125 308.81333114692666 494.6396077867905 0.0 0.0
-311.5 -538.4583333333333 25.5 156.29166666666669 312.5419971779793 573.2720237148571 0.0 0.0
-310.5 -597.2916666666667 27.5 252.45833333333334 311.7154182034681 651.9044396429238 0.0 0.0
-305.5 -568.5 22.5 365.0 306.33074205086416 675.5965014661525 0.0 0.0
-305.0 -569.5 24.5 359.0 305.9827774470567 673.2096643100417 0.0 1.0
-417.5 -567.5 96.5 358.0 428.5289673801833 670.9845908569123 0.0 1.0
-473.0 -571.5 210.5 378.0 518.0646666937658 685.2492359165099 0.0 1.0
-506.5 -590.5 265.0 411.0 571.636997073743 719.4522474522494 1.0 1.0
-495.5 -592.5 250.0 414.5 555.0681906786072 723.0961981238092 1.0 1.0
-499.0 -595.0 254.0 411.0 559.9329926010349 723.150758172285 1.0 1.0
-497.0 -597.0 250.0 411.5 556.3353770006538 725.0803900832541 1.0 1.0
-497.5 -598.0 249.5 411.0 556.5579033297022 725.6204794557684 1.0 1.0
-499.0 -593.0 250.5 410.0 558.3469354449801 720.9362080713322 1.0 1.0
-507.5 -590.5 252.5 408.5 566.8445151589958 718.0270115893818 1.0 1.0
-516.0 -593.0 259.5 402.5 577.5779168274569 716.6974729010583 1.0 1.0
-519.0 -594.5 258.5 397.0 579.8131599608641 714.8702148389355 1.0 1.0
-520.5 -592.0 258.5 392.5 581.1562189385625 710.2958890638013 1.0 1.0
-524.0 -591.5 260.5 386.0 585.1806989791944 706.3060597219877 1.0 1.0
-525.0 -591.5 263.5 379.0 587.4157814571431 702.5051083341073 1.0 1.0
-543.0 -591.0 250.5 373.5 598.3841601337501 699.1304804170896 1.0 1.0
-526.0 -590.0 213.0 372.5 567.4920438127982 697.7509790382861 1.0 1.0
-524.5 -589.0 216.5 374.0 567.426394879034 697.7085194872961 1.0 1.0
-541.5 -589.0 232.0 379.5 589.1072517675858 700.6760150936664 1.0 1.0
-544.5 -589.0 234.0 381.5 592.6523182473351 701.7599691494535 1.0 1.0
-545.0 -592.0 232.0 382.5 592.3252091639329 704.8207104855162 1.0 1.0
-546.0 -596.5 232.0 392.0 593.2453118230266 713.7771510603002 1.0 1.0
-546.5 -598.0 231.0 397.0 593.3155045133722 717.7835143846876 1.0 1.0
-528.5 -596.0 221.5 399.0 573.0496866100943 717.2288146961203 1.0 1.0
-500.5 -591.0 261.0 398.0 564.4666059236873 712.5203875514276 1.0 1.0
-497.5 -587.0 261.5 396.5 562.039968153394 708.365680063687 1.0 1.0
-497.5 -584.0 264.0 397.5 563.2071492543979 706.4438642908142 1.0 1.0
-497.0 -582.5 264.5 404.0 563.000222024823 708.8881567649671 1.0 1.0
-496.0 -582.5 264.0 404.0 561.882550004892 708.8881567649671 1.0 1.0
-475.0 -581.5 294.5 404.0 558.8889650512593 708.0666766718477 1.0 1.0
-474.5 -581.5 287.0 404.5 554.5442079587269 708.3519715575667 1.0 1.0
-475.5 -582.5 281.0 407.0 552.3270365993907 710.602233646486 1.0 1.0
-474.0 -583.5 273.5 409.5 547.2464068286082 712.8551850795895 1.0 1.0
-465.0 -585.0 264.0 413.0 534.7158169705313 716.0964025129585 1.0 1.0
-460.0 -585.5 264.5 415.5 530.6225304750667 717.9488240932484 1.0 1.0
-464.0 -585.0 271.5 415.5 537.595568199971 717.5411138046377 1.0 1.0
-473.0 -583.5 284.5 412.0 551.9685226532397 714.2942903121959 1.0 1.0
-470.0 -583.5 287.0 410.5 550.7323864682498 713.4300946834245 1.0 1.0
-476.0 -584.5 297.0 413.0 561.0571984611568 715.6880139080488 1.0 1.0
-500.0 -584.5 281.0 413.5 573.593619434123 715.9766057630654 1.0 1.0
-500.0 -585.5 265.0 414.5 565.8843018800558 717.370545812971 1.0 1.0
-497.5 -583.0 257.5 415.0 560.1907845383153 715.6214082879299 1.0 1.0
-482.0 -580.5 239.5 414.5 538.238677908982 713.2955799813624 1.0 1.0
-466.0 -578.0 228.0 414.0 518.7872412780594 710.971509061935 0.0 1.0
-465.0 -578.5 231.0 413.0 519.216910853092 710.7965506716318 0.0 1.0
-499.5 -575.0 261.5 404.5 563.8107428734709 703.0304461654538 0.0 1.0
-502.0 -559.0 268.5 367.0 569.2955570654915 668.7084450682571 1.0 1.0
-504.5 -555.5 277.0 366.0 575.5429214206526 665.2339813930133 1.0 1.0
-504.5 -555.0 282.0 367.0 577.965777952265 665.3675675895241 1.0 1.0
-498.0 -554.5 279.0 370.0 570.8296931701047 666.6110762799681 1.0 1.0
-491.0 -556.5 272.0 383.0 561.3066820328163 675.5754751712027 1.0 1.0
-490.0 -568.5 267.0 419.0 558.0224009840465 706.2287034443832 1.0 1.0
-487.5 -561.5 259.5 425.0 552.2655875666394 704.2068233125833 1.0 1.0
-483.5 -562.5 247.5 428.5 543.1667741208221 707.1202097397168 1.0 1.0
-486.5 -563.5 249.0 428.5 546.5192560308403 707.9164548358394 1.0 1.0
-456.5 -558.0 241.5 424.0 516.4591829052724 700.8200683966097 1.0 1.0
-412.0 -551.0 216.0 410.0 465.1883447592641 686.8124185011346 0.0 1.0
-412.0 -555.0 220.5 398.5 467.2948152247035 683.2480587802656 0.0 1.0
-425.0 -557.5 240.5 394.0 488.33419811533395 682.6729939923389 0.0 1.0
-445.5 -559.0 271.5 389.0 521.7113016748272 681.0303124381321 0.0 1.0
-412.5 -557.5 244.5 383.5 479.51943440192906 676.6681062649154 0.0 1.0
-409.0 -559.5 246.0 378.0 477.28103208241816 675.2218623494339 0.0 1.0
-435.5 -580.0 264.5 376.0 509.5296933627493 691.2145300007367 0.0 1.0
-455.5 -578.5 276.5 374.5 532.855670392682 689.1389714036027 0.0 1.0
-490.5 -578.0 294.0 372.0 571.8622508286176 687.3632058642801 1.0 1.0
-490.0 -580.0 293.0 384.0 570.9197509256749 695.6016492665706 1.0 1.0
-487.5 -581.5 290.0 387.5 567.2361546360396 698.7859114205667 1.0 1.0
-485.5 -581.0 286.5 389.5 563.7309327793205 699.4797804873022 1.0 1.0
-483.0 -573.5 280.0 388.5 558.291310264492 692.7838688195336 1.0 1.0
-481.0 -566.0 268.0 387.0 550.6225483718147 685.6585567005354 1.0 1.0
-479.0 -570.0 254.5 383.0 542.412856755335 686.7284515478556 1.0 1.0
-469.0 -575.5 247.5 376.0 530.3006586895208 687.446342495753 1.0 1.0
-459.5 -573.5 250.0 376.0 523.1067863272004 685.7779155127587 1.0 1.0
-457.5 -580.5 258.0 379.5 525.234706487197 693.5613651110484 1.0 1.0
-456.0 -588.5 270.0 389.5 529.9399653821577 705.7239390805084 1.0 1.0
-454.0 -590.0 282.0 386.5 534.4534349289102 705.3244071195738 1.0 1.0
-463.0 -588.5 308.5 386.5 556.3855418469984 704.0700175415193 1.0 1.0
-477.0 -582.5 337.5 384.0 584.3276068885502 697.6838322357146 1.0 1.0
-466.0 -584.5 339.0 382.5 576.2612443656544 698.559588445542 1.0 1.0
-459.0 -589.0 336.5 420.5 569.133802673867 723.7368953872451 1.0 1.0
-470.0 -570.0 338.5 404.5 579.2084994622664 698.9776608875846 1.0 1.0
-418.0 -584.0 289.5 403.0 508.5929062759001 709.5540067536874 0.0 1.0
-420.5 -593.5 251.5 400.5 489.9752770537731 715.9963690623786 0.0 1.0
-463.5 -605.0 242.0 405.5 522.9801562872578 728.3242256812947 0.0 1.0
-471.0 -591.5 218.5 395.5 519.2171259514856 711.5423960658381 1.0 1.0
-476.5 -579.5 211.5 405.0 521.3297081384355 706.9983415511789 1.0 1.0
-486.0 -599.0 214.0 421.0 531.0292146786796 732.1565034257014 1.0 1.0
-479.5 -590.5 218.0 416.5 526.7594433339573 722.6086988900927 1.0 1.0
-615.9239130434783 -587.5 174.01086956521738 422.5 640.3525664536096 723.6467303683498 0.0 1.0
-603.6195652173913 -587.0 182.05434782608694 428.5 631.9535008195064 726.7608526247213 0.0 1.0
-591.3152173913044 -582.0 190.0978260869565 433.5 623.5544351854033 725.7039951369666 0.0 1.0
-579.0108695652174 -488.09375 198.14130434782606 426.875 615.1553695513003 743.1741389718038 0.0 1.0
-566.7065217391305 -361.5520833333333 206.18478260869563 417.375 606.7563039171971 765.0001235902603 0.0 1.0
-554.4021739130435 -235.01041666666666 214.2282608695652 407.875 598.3572382830941 786.8261082087167 0.0 1.0
-542.0978260869565 -108.46874999999997 222.27173913043478 398.375 589.958172648991 808.6520928271732 0.0 1.0
-529.7934782608695 18.072916666666686 230.31521739130434 388.875 581.5591070148878 830.4780774456298 0.0 1.0
-517.4891304347826 144.61458333333337 238.3586956521739 379.375 573.1600413807848 852.3040620640862 0.0 0.0
-505.1847826086956 271.15625000000006 246.40217391304347 369.875 564.7609757466817 874.1300466825427 0.0 0.0
-492.8804347826087 397.6979166666667 254.44565217391303 360.375 556.3619101125785 895.9560313009991 0.0 0.0
-480.57608695652175 524.2395833333334 262.4891304347826 350.875 547.9628444784755 917.7820159194557 0.0 0.0
-521.0 650.7812500000001 232.5 341.375 571.4507296456643 939.6080005379122 0.0 0.0
-520.0 777.3229166666667 317.0 331.875 609.6319844024337 961.4339851563686 0.0 0.0
-507.0 903.8645833333334 310.5 322.375 594.9767864887883 983.2599697748251 0.0 0.0
-498.0 665.5 272.5 264.0 567.6798404401912 715.954110902027 1.0 0.0
-486.0 611.5 284.5 266.5 563.502130543845 667.0492487990068 1.0 0.0
-516.5 588.5 205.5 274.0 555.8836519516676 649.2078353091756 0.0 0.0
-460.0 573.0 256.5 283.0 526.7057741559184 639.0964483125817 0.0 0.0
-472.5 570.5 273.5 284.0 545.9487273078612 637.2822631209046 1.0 0.0
-467.5 558.0 273.5 283.0 541.6257983018695 625.6620493851881 1.0 0.0
-462.5 560.5 279.5 287.0 540.3955896334052 629.705730426519 1.0 0.0
-463.5 565.5 287.0 293.0 545.1618390100473 636.9001421202215 1.0 0.0
-464.0 561.0 295.0 294.0 549.83938876207 633.3695603674051 1.0 0.0
-511.5 560.0 273.0 297.5 579.8205311914937 634.1188430879705 1.0 0.0
-519.5 560.0 276.0 299.0 588.2656245001192 634.8239580714231 1.0 0.0
-522.0 556.5 271.0 302.0 588.1538914263851 633.1638924419312 1.0 0.0
-516.0 535.0 262.5 284.0 578.9361020585338 605.7708228787708 1.0 0.0
-507.0 517.5 250.0 266.0 565.3017954817774 581.8644854821857 1.0 0.0
-524.0 515.5 259.5 263.5 584.7367382428756 578.9415128175101 1.0 0.0
-517.5 512.0 271.0 262.0 584.1659790921349 575.1421031666974 1.0 0.0
-489.5 511.0 278.0 260.0 562.9357479971097 573.3423515547527 1.0 0.0
-489.5 510.0 277.0 263.5 562.4404951977226 574.0613653255296 1.0 0.0
-503.5 509.0 288.5 276.0 580.297013343742 579.0158114275541 1.0 0.0
-504.0 511.0 292.5 275.5 582.7284449479924 580.5353487429345 1.0 0.0
-491.0 509.0 286.5 266.0 568.474522166394 574.314412805616 1.0 0.0
-496.0 503.5 293.5 254.0 576.3449732164222 563.9401114341943 1.0 0.0
-505.5 500.0 302.0 242.5 588.8418464590115 555.7038010820106 1.0 0.0
-504.0 502.5 297.0 203.5 585.00002675369 542.1438685519852 1.0 0.0
-499.5 497.5 290.5 200.625 577.8360131613224 536.430776558801 1.0 0.0
-491.0 494.0 284.0 203.75 567.2187701239964 534.3716373303699 1.0 0.0
-494.5 491.5 289.0 208.0 572.7600675323471 533.7013191942408 1.0 0.0
-495.75 492.25 290.5 212.75 574.5957975096023 536.2644010106804 1.0 0.0
-493.5 494.75 293.0 225.5 573.9287477486146 543.7495287475958 1.0 0.0
-487.25 493.25 290.5 238.5 567.2776714380266 547.9119714096187 1.0 0.0
-498.25 489.75 303.5 285.0 583.431168719859 566.6952079132654 1.0 0.0
-510.25 445.15625 315.75 288.5 600.0445764682944 556.8365587154631 1.0 0.0
-510.75 323.78125 312.5 300.5 598.7718349446375 565.6769901140926 1.0 0.0
-502.0 202.40625 299.0 312.5 584.3249119262391 574.5174215127221 1.0 0.0
-499.25 81.03125 291.0 324.5 577.8722199903905 583.3578529113515 1.0 0.0
-503.0 -40.34375 286.5 336.5 578.877094464941 592.1982843099811 1.0 0.0
-505.0 -161.71875 297.75 348.5 586.4076248200581 601.0387157086107 1.0 0.0
-503.0 -283.09375 282.75 360.5 577.0288633755886 609.87914710724 1.0 0.0
-477.25 -404.46875 290.25 372.5 558.6721054829947 618.7195785058695 1.0 0.0
-482.5 -604.0 307.0 425.25 571.8988062692601 739.177368957261 1.0 0.0
-467.75 -788.0 307.0 458.75 559.5065562222703 911.8100782648663 1.0 0.0
-466.75 -721.25 309.25 431.75 559.9029936550273 840.7304136634536 1.0 0.0
-468.25 -703.5 309.0 424.75 561.0216671738694 821.7995410889732 1.0 1.0
-478.0 -689.0 311.5 411.75 570.5453647182219 802.663261349147 1.0 1.0
-481.5 -677.0 307.0 402.75 571.0446142949666 787.763233137597 1.0 1.0
-466.25 -670.25 298.0 395.5 553.3472189110698 778.2386894615269 1.0 1.0
-465.75 -651.0 298.0 393.0 552.9284255549412 760.4338666720313 1.0 1.0
-466.25 -622.25 300.25 392.5 554.5703113936007 735.7318087558124 1.0 1.0
-467.5 -577.75 306.75 388.75 559.166866813212 696.4111840986559 1.0 1.0
-468.25 -539.5 314.75 384.0 564.2071005449334 662.2837098685713 1.0 1.0
-464.75 -505.5 316.75 384.5 562.4261101050117 635.120815387915 1.0 1.0
-465.5 -476.5 316.0 382.5 562.6285493724008 611.0315311556888 1.0 1.0
-466.0 -475.0 312.5 382.0 561.081593683189 609.5483178664331 1.0 1.0
-465.5 -497.0 304.5 380.0 556.2467977435915 625.6282535342566 1.0 1.0
-448.5 -538.5 255.0 381.5 516.4274796701371 659.9434628030301 1.0 1.0
-484.5 -571.5 253.5 384.5 546.8139503249809 688.805822965997 1.0 1.0
-470.5 -614.0 233.5 390.0 525.2584476057267 727.3898552973594 1.0 1.0
-485.0 -630.0 243.0 394.5 542.4710109300256 743.3251604292197 1.0 1.0
-480.5 -617.5 258.5 397.0 545.7151962454326 734.1097178658091 1.0 1.0
-482.0 -584.0 260.0 404.0 547.6543150531791 710.1690640664802 1.0 1.0
-487.5 -557.0 273.5 408.5 559.0217843201663 690.7436905912381 1.0 1.0
-509.0 -535.0 300.0 417.0 590.8353677913387 678.330943683125 1.0 1.0
-510.5 -512.0 299.0 423.0 591.618012258865 664.1351785920496 1.0 1.0
-509.0 -476.5 292.5 427.0 587.0583431403512 639.8291657499617 1.0 1.0
-508.0 -450.0 284.5 438.5 582.2408782542943 628.3171053485846 1.0 1.0
-507.0 -389.29999999999995 276.5 497.70000000000005 577.4957384829595 644.4915630903783 1.0 0.0
-501.5 -307.70000000000005 270.5 575.3 569.8012444793499 664.6495128221181 1.0 0.0
-498.5 -247.5 271.0 632.5 567.4006018419202 679.2011327211504 1.0 0.0
-497.5 -232.0 276.5 639.5 569.1735236287788 680.2938340063613 1.0 0.0
-500.0 -239.0 285.0 632.5 575.5215063277064 676.154877952405 1.0 0.0
-503.0 -217.0 291.5 682.0 581.3615594369461 715.6906309777196 1.0 0.0
-504.0 -195.5 295.0 674.5 583.9880869643983 702.4719067124208 1.0 0.0
-506.0 -199.03125 279.0 635.421875 578.1149745771528 676.7520842778417 1.0 0.0
-502.5 -228.40625 297.5 585.984375 583.9859792556058 651.8842756518902 1.0 0.0
-492.5 -257.78125 320.5 536.546875 587.6024670348708 627.0164670259389 1.0 0.0
-494.5 -287.15625 312.0 487.109375 584.7034161189019 602.1486583999877 1.0 0.0
-492.5 -316.53125 304.5 437.671875 579.0308116697114 577.2808497740364 1.0 0.0
-492.0 -345.90625 305.0 388.234375 578.8687468583655 552.4130411480851 1.0 0.0
-491.0 -375.28125 314.5 338.796875 583.087698381086 527.5452325221337 1.0 0.0
-485.0 -404.65625 318.5 289.359375 580.2305411260905 502.67742389618235 1.0 0.0
-485.0 -448.0 325.5 302.5 584.1024941501669 540.6373221902427 1.0 1.0
-485.5 -486.0 326.5 325.0 585.0767468657857 584.6617886600391 1.0 1.0
-488.0 -526.5 313.0 350.5 579.8110118666021 632.4974078757243 1.0 1.0
-485.5 -533.0 289.0 377.0 565.0064755884416 652.8538339251645 1.0 1.0
-475.5 -508.0 273.0 394.0 548.2998458370055 642.8893687727247 1.0 1.0
-439.5 -498.0 262.0 432.5 511.83260734174667 659.602061100238 1.0 1.0
-274.25 -476.5 254.83333333333334 438.0 482.0283167907533 647.2654479774069 0.0 1.0
-93.25 -458.0 248.6111111111111 439.0 477.77026387986075 634.4185001639237 0.0 1.0
87.75 -374.0576923076923 242.3888888888889 414.28846153846155 473.51221096896825 597.7863060020184 0.0 1.0
268.75 -266.1346153846154 236.16666666666669 382.6730769230769 469.2541580580757 552.7536938858348 0.0 1.0
427.0 -158.21153846153845 241.0 351.05769230769226 490.3379751232252 507.7210817696514 0.0 1.0
510.6666666666667 -50.28846153846155 279.08333333333337 319.4423076923077 581.9534935872025 462.6884696534679 0.0 1.0
575.3333333333333 57.63461538461539 317.41666666666663 287.8269230769231 657.0872864632853 417.6558575372844 0.0 1.0
475.0 165.55769230769232 265.0 256.21153846153845 543.9245911116159 372.62324542110105 0.0 1.0
494.5 261.375 270.0 232.70833333333331 563.4172798115877 351.08171267809337 0.0 0.0
480.5 320.875 266.5 233.54166666666669 549.4730633415504 400.01341805461334 0.0 0.0
624.0 380.375 312.5 234.375 697.9788875569434 448.9451234311333 0.0 0.0
546.0 444.0 442.5 247.0 705.9243471483403 508.08125832578236 0.0 0.0
556.0 558.5 342.5 262.0 653.0280294729764 616.9010588398417 0.0 0.0
532.5 419.4078947368421 310.0 255.32894736842104 616.3576702281943 614.616046296092 0.0 0.0
532.0 270.61842105263156 258.5 262.4342105263158 591.4822477106727 651.5601085512707 0.0 0.0
532.5 121.82894736842107 261.5 269.5394736842105 593.2491663311155 688.5041708064493 0.0 0.0
505.0 -26.96052631578948 261.0 276.64473684210526 568.5933322348045 725.4482330616279 0.0 0.0
460.5 -175.74999999999994 289.0 283.75 543.6755710935278 762.3922953168067 0.0 0.0
449.5 -324.5394736842105 274.0 290.85526315789474 526.4320662153036 799.3363575719852 0.0 0.0
470.5 -473.32894736842104 273.5 297.9605263157895 544.2575221797597 836.2804198271639 0.0 0.0
489.0 -622.1184210526316 298.5 305.0657894736842 572.9519282691717 873.2244820823425 0.0 0.0
488.0 -770.907894736842 284.5 312.17105263157896 564.8767552247402 910.1685443375212 0.0 0.0
481.0 -850.5 335.5 371.0 586.559940018705 929.9541574975301 0.0 0.0
498.5 -833.0 302.5 414.5 583.5718277248284 930.4814975701953 0.0 0.0
512.5 -752.25 280.0 388.75 584.0005193676138 846.773320859161 0.0 0.0
583.5 -668.5 341.0 355.0 676.1621274473143 756.9253664902164 0.0 0.0
615.5 -580.0 256.5 331.5 666.8076934169251 668.0865703750483 0.0 1.0
629.0 -507.5 368.0 319.5 728.7586606939294 599.7235424554519 0.0 1.0
605.8333333333333 -451.0 270.72222222222223 308.5 663.7416103268679 546.4470717699708 0.0 1.0
567.1666666666667 -424.0 267.6111111111111 305.0 627.8271549761466 522.3384588304643 0.0 1.0
528.5 -426.5 264.5 309.0 591.9126996254254 526.6730433092005 0.0 1.0
489.83333333333337 -434.5 261.3888888888889 325.5 555.9982442747041 542.9006790615174 0.0 1.0
451.1666666666667 -356.75 258.27777777777777 318.0 520.0837889239829 554.3338409210016 0.0 1.0
461.0 -245.08333333333331 242.5 300.66666666666663 524.3028813591308 558.7786596687274 0.0 1.0
319.0 -133.41666666666666 224.0 283.33333333333337 389.7919430593188 563.2234784164532 0.0 1.0
316.5 -21.74999999999997 218.0 266.0 384.31314529054043 567.668297164179 0.0 1.0
377.0 89.91666666666669 226.0 248.66666666666669 440.5873507506135 572.1131159119047 0.0 1.0
548.5 201.58333333333337 286.0 231.33333333333334 618.6532476616875 576.5579346596305 0.0 0.0
555.0 313.25000000000006 395.5 214.0 681.8037766196711 581.0027534073563 0.0 0.0
508.5 424.9166666666667 362.5 196.66666666666669 624.5035710436701 585.4475721550821 0.0 0.0
502.5 536.5833333333334 346.5 179.33333333333334 610.3872709086334 589.8923909028078 0.0 0.0
489.75 783.5 337.375 221.5 594.7082980979908 814.5303666662771 0.0 0.0
521.0 599.5 450.5 206.5 689.2153154362168 634.103589882404 0.0 0.0
501.5 545.0 363.25 223.5 619.4830920182385 589.0550306848047 0.0 0.0
480.0 516.0 334.0 242.5 584.8110370610593 570.2113449629253 0.0 0.0
471.0 528.5 316.0 280.5 567.1956678451251 598.3545867475932 0.0 0.0
487.0 544.5 364.5 297.5 608.3009672783568 620.473010780679 0.0 0.0
489.5 540.0 354.0 289.5 604.091587609291 612.707685778681 0.0 0.0
467.0 518.5 297.0 270.0 554.3269650875071 584.5878657726882 0.0 0.0
441.0 500.0 335.5 250.0 554.1172517192538 559.0191857596951 0.0 0.0
434.0 494.0 328.0 240.5 544.0076288260814 549.4327103650756 0.0 0.0
420.0 499.5 322.5 249.0 529.5362028625577 558.1231507882289 0.0 0.0
491.0 513.0 285.5 262.0 567.9720597910069 576.0325211934758 0.0 0.0
490.0 535.0 283.0 272.0 565.8531168688514 600.176120353007 0.0 0.0
487.0 554.5 280.0 290.0 561.773460438217 625.7571118392076 0.0 0.0
496.5 559.5 290.0 290.0 574.9889541996802 630.190687761269 0.0 0.0
504.5 558.5 305.5 286.0 589.7933942258935 627.4697579570521 0.0 0.0
462.5 533.0 315.0 270.0 561.1252435019514 597.4855970456758 0.0 0.0
413.5 519.5 286.0 269.0 502.84267880929616 585.014258887724 0.0 0.0
412.5 511.0 272.5 273.5 494.38100282461494 579.5888637340349 0.0 0.0
412.5 496.5 266.5 276.0 491.09929245665694 568.0576534240266 0.0 0.0
409.0 404.4166666666667 251.0 281.625 479.8775603198194 578.1473437584943 0.0 0.0
413.5 282.30555555555554 249.5 287.79166666666663 482.94345909487834 591.5351299706688 0.0 0.0
414.0 160.19444444444443 260.5 293.95833333333337 489.1546249638301 604.9229161828432 0.0 0.0
419.5 38.083333333333314 298.5 300.125 514.872704712334 618.3107023950178 0.0 0.0
577.0 -84.02777777777777 304.5 306.29166666666663 652.8393184525888 631.6984886071923 0.0 0.0
457.0 -206.1388888888889 342.0 312.45833333333337 570.8018056293606 645.0862748193667 0.0 0.0
432.5 -328.25000000000006 395.0 318.625 586.204704252777 658.4740610315413 0.0 0.0
447.0 -450.36111111111114 380.5 324.79166666666663 587.0172565706974 671.8618472437158 0.0 0.0
444.0 -572.4722222222223 342.0 330.95833333333337 560.44625815578 685.2496334558903 0.0 0.0
716.875 -650.5 375.75 403.0 604.3348427306361 765.2335220324164 0.0 0.0
508.0 -597.5 391.0 409.5 641.3004678339009 724.4280881913396 0.0 1.0
570.5 -555.0 432.0 414.0 717.4249071793957 692.4100889094032 0.0 1.0
497.5 -540.0 350.5 399.0 608.5753118216278 671.4178710272978 0.0 1.0
507.0 -534.0 375.0 399.5 630.7132559511927 666.9026371430602 0.0 1.0
461.5 -529.5 304.0 403.5 552.6395307086493 665.7222292688289 0.0 1.0
458.5 -525.5 304.0 405.5 550.2406362993258 663.7624170226482 0.0 1.0
456.5 -531.5 323.0 405.0 559.2151496672013 668.2228296236475 0.0 1.0
445.0 -531.5 295.0 406.0 533.9019029667024 668.8266435371722 0.0 1.0
434.0 -531.0 292.0 405.0 523.1012464331627 667.822200215467 0.0 1.0
468.5 -531.5 270.0 408.0 541.5673492116817 670.0455728654218 0.0 1.0
424.5 -532.5 271.5 414.5 503.9258011702423 674.8101380878302 0.0 1.0
412.0 -531.5 321.0 413.0 523.9954984859073 673.099805577611 0.0 1.0
423.5 -529.5 288.5 410.5 512.4299952188592 669.9858148596622 0.0 1.0
419.5 -527.5 284.0 412.5 507.0868357947029 669.6372285521884 0.0 1.0
511.0 -524.5 283.0 413.0 584.1461673268004 667.5854050957263 0.0 1.0
512.0 -519.0 281.0 416.0 584.0788488106723 665.1549137496048 0.0 1.0
530.5 -513.5 276.5 421.0 598.2353329530226 664.022010625237 0.0 1.0
521.0 -511.0 262.5 421.5 583.3929186894887 662.407537273019 0.0 1.0
516.5 -510.0 268.0 421.5 581.8903955026414 661.6364149040731 0.0 1.0
468.0 -509.0 263.0 420.5 537.8400813501232 660.2285555078777 0.0 1.0
503.0 -508.5 245.5 421.0 559.7170609665768 660.1619086315661 0.0 1.0
488.5 -561.0 262.0 404.5 554.6735093977763 691.6225395397387 0.0 0.0
459.0 -562.5 279.5 405.0 538.0402567397114 693.1315426043114 0.0 1.0
464.5 -566.0 309.0 407.0 559.3282320481105 697.1405884038026 0.0 1.0
495.5 -573.0 275.5 412.5 567.0936670061847 706.0353451873649 0.0 1.0
436.08333333333337 -584.0 349.41666666666663 415.5 559.4466163111186 716.7269147373261 0.0 1.0
508.41666666666663 -593.5 343.08333333333337 411.0 613.9328273532536 721.9164293952439 0.0 1.0
496.0 -592.0 416.5 408.5 648.4344289507762 719.2730109145007 0.0 1.0
504.5 -520.5 337.5 412.5 607.1840838827289 664.1362762181489 0.0 0.0
519.875 -507.5 274.125 403.5 587.7477371196218 648.3596650953461 0.0 1.0
535.5 -509.5 294.0 399.0 610.8979521184704 647.1418448265363 0.0 1.0
659.5 -520.0 569.5 397.0 871.5882725208274 654.2250934953747 0.0 1.0
640.0 -520.5 498.5 392.5 811.2523210007104 651.9037209952539 0.0 1.0
547.0 -505.0 349.5 383.5 649.2843819285149 634.1125113388243 0.0 1.0
585.5 -494.5 368.5 382.0 691.8663346282945 624.8637397254626 0.0 1.0
626.5 -500.0 332.0 382.5 710.2199835024528 629.5286043735459 0.0 1.0
513.5 -566.0 280.0 357.5 590.4757857071754 669.4504580172134 0.0 0.0
87.1875 -558.0 235.5625 356.5 264.4332505067632 662.1605386194503 0.0 1.0
-22.0625 -551.0 131.8125 362.0 180.29060256136825 659.2764946582217 0.0 1.0
-162.5 -549.0 115.0 369.0 199.85132125515645 661.4856004785897 0.0 1.0
-504.0 -556.5 217.0 369.5 548.8950120301099 667.9994009452129 1.0 1.0
-507.5 -573.5 248.5 365.5 565.0974436208762 680.0680284988769 1.0 1.0
-511.5 -576.5 253.0 392.5 570.6498489379412 697.4301379071176 1.0 1.0
-510.0 -582.0 250.5 389.0 568.2027037593352 700.032638367473 1.0 1.0
-503.5 -580.5 248.0 390.5 561.6583424805187 699.6220351279842 1.0 1.0
-531.0 -569.5 252.0 392.5 587.7628807985204 691.6594103861225 1.0 1.0
-525.5 -518.0 250.0 397.5 581.9369703854156 652.9408338327805 1.0 0.0
-541.0 -500.5 253.0 380.0 597.2713199388943 628.4132417139131 1.0 1.0
-529.5 -495.5 253.0 375.5 586.8394155125395 621.7077362506257 1.0 1.0
-497.0 -498.5 279.5 382.5 570.2300307145151 628.3383876744779 1.0 1.0
-496.5 -507.5 288.0 387.5 573.9829588585048 638.5252740087071 1.0 1.0
-499.0 -515.0 289.0 388.0 576.6496015163032 644.8026429471256 1.0 1.0
-496.5 -528.0 287.0 391.5 573.481726903665 657.312362137985 1.0 1.0
-499.0 -540.0 288.5 404.5 576.3967817398012 674.7011866618494 1.0 1.0
-495.5 -550.0 287.0 414.0 572.6162002620003 688.4011115756593 1.0 1.0
-497.0 -552.5 289.5 419.0 575.1691084734009 693.411260186271 1.0 1.0
-495.0 -548.5 290.5 421.0 573.9471070911429 691.4440641103304 1.0 1.0
-494.5 -542.0 287.5 419.0 572.0021853105109 685.0729946939398 1.0 1.0
-492.0 -541.5 284.0 421.5 568.0845362017893 686.2104469667972 1.0 1.0
-498.5 -542.0 259.0 425.5 561.7790726312876 689.0676678408629 1.0 1.0
-495.0 -537.0 262.0 422.0 560.2185181647159 682.9736596368518 1.0 1.0
-493.5 -534.0 248.5 413.0 552.5375018259967 675.0740700100989 1.0 1.0
-490.0 -532.0 247.5 409.0 548.9596424764445 671.0476883202862 1.0 1.0
-494.5 -532.5 255.5 406.0 556.6064235263491 669.6209748805663 1.0 1.0
-494.0 -535.0 252.5 404.5 554.7909902476814 670.7050465476722 1.0 1.0
-496.5 -536.0 262.5 402.0 561.7119736551872 670.0000671641997 1.0 1.0
-580.0 -538.0 284.0 401.0 647.3705435363563 671.0029883849695 0.0 1.0
-560.0 -539.0 226.0 399.5 603.8853281327865 670.9108276387801 0.0 1.0
-531.0 -538.0 252.5 399.5 588.9629264554655 670.1077069065516 0.0 1.0
-487.5 -534.0 272.5 399.0 558.4913043635579 666.6016787236501 1.0 1.0
-474.0 -513.0 276.0 383.0 548.5055676291161 640.2017277319758 1.0 1.0
-206.16666666666666 -511.0 227.5 382.5 374.04990113576247 638.3003523220852 0.0 1.0
45.16666666666667 -503.5 157.5 383.0 414.8540267796919 632.6146865466828 0.0 1.0
296.5 -411.9342105263158 87.5 371.35526315789474 455.65815242362135 636.922004148668 0.0 1.0
454.5 -290.5131578947368 114.5 355.82894736842104 476.26792193148924 643.1956963617182 0.0 1.0
558.375 -169.09210526315792 252.375 340.3026315789474 612.841083989445 649.4693885747685 0.0 1.0
587.0 -47.67105263157896 244.0 324.77631578947364 635.6958049146311 655.7430807878187 0.0 1.0
532.5 73.74999999999994 255.0 309.25 592.011127412674 662.016773000869 0.0 1.0
638.0 195.1710526315789 284.5 293.72368421052636 699.1851856364001 668.2904652139192 0.0 1.0
561.5 316.59210526315786 260.5 278.1973684210526 618.9870502839815 674.5641574269695 0.0 0.0
555.5 438.0131578947368 301.0 262.67105263157896 631.8152377906797 680.8378496400197 0.0 0.0
575.5 559.4342105263157 306.5 247.14473684210526 652.1661775126588 687.11154185307 0.0 0.0
576.5 649.125 333.5 241.125 666.492639114284 692.534173289731 0.0 0.0
540.5 622.0 316.5 254.0 626.3619205378393 671.8816485753126 0.0 0.0
504.0 564.5 292.5 262.0 582.7307527878619 622.4584916189951 0.0 0.0
533.0 531.0 343.5 255.5 634.1338338322378 589.2742123555979 0.0 0.0
532.5 514.5 347.0 254.5 635.6247455250881 574.0043051354871 0.0 0.0
506.0 537.0 317.0 247.5 597.6775906351717 591.291254262364 0.0 0.0
526.0 530.5 270.0 252.5 591.298667788388 587.5268491913234 0.0 0.0
521.5 529.5 343.0 251.0 625.0562157133363 585.9792603232156 0.0 0.0
500.0 527.0 293.5 248.5 580.152092500611 582.6501952286637 0.0 0.0
578.5 529.0 327.5 252.0 664.7732915066624 585.9630420342779 0.0 0.0
541.5 539.0 305.5 277.5 621.7575384853474 606.244578048882 0.0 0.0
540.5 542.0 282.5 274.5 609.8891853311279 607.5477347501183 0.0 0.0
537.0 543.5 289.5 277.0 610.0796160959674 610.0188817296959 0.0 0.0
478.0 538.0 314.0 276.5 572.5915301189154 604.8957676705897 0.0 0.0
470.5 537.0 306.5 276.0 561.5309151120757 603.7758438639034 0.0 0.0
461.5 537.0 299.5 275.0 550.2819724623421 603.3191561513333 0.0 0.0
510.5 541.0 286.5 274.5 585.4354618743212 606.6559558887934 0.0 0.0
486.0 529.5 292.5 267.0 567.240928075186 593.0236113380361 0.0 0.0
456.875 499.95000000000005 250.91666666666669 255.5 521.2679819828029 561.5726413763591 0.0 0.0
454.375 470.54999999999995 242.58333333333331 251.5 515.1574692838336 533.669496544838 0.0 0.0
451.875 448.5 234.25 248.5 509.04695658486435 512.7421379211972 0.0 0.0
464.5 446.5 241.5 259.0 523.555643554618 516.1814119086429 0.0 0.0
488.5 345.0 275.5 284.0 560.8320785143644 448.3479818303695 0.0 0.0
547.5 118.0 376.0 255.0 664.96372411172 281.2192152469012 0.0 0.0
565.5 97.5 323.0 238.5 651.3371551512473 257.7213521764792 0.0 0.0
547.5 116.0 304.0 229.0 626.2418687651814 256.7392251149166 0.0 0.0
619.0 138.5 273.0 228.5 676.7802712289524 267.2010227317258 0.0 0.0
526.5 151.5 256.0 222.0 585.4415073677732 268.7773172538806 0.0 0.0
502.5 152.0 309.5 208.5 590.1769071142153 258.0275218898661 0.0 0.0
528.5 151.5 303.0 203.0 609.2145251772811 253.31032525541082 0.0 0.0
538.0 159.5 293.0 205.5 612.6150015590113 260.13555661875216 0.0 0.0
471.0 162.0 258.0 201.5 537.0725569848123 258.5491320487994 0.0 0.0
478.0 162.5 279.0 201.0 553.4707067536615 258.4714000651223 0.0 0.0
534.0 162.5 262.5 206.5 595.0313425812777 262.7709946090515 0.0 0.0
499.0 166.5 257.5 211.5 561.5966780864754 269.1737732279008 0.0 0.0
487.0 194.125 268.0 213.09375 556.7808118774158 291.80371835017604 0.0 0.0
473.5 282.625 297.0 217.46875 559.7271825602635 367.02591778278065 0.0 0.0
473.5 371.125 250.5 221.84375 535.6850486212556 442.2481172153853 0.0 0.0
482.25 459.625 246.75 226.21875 541.7111448248386 517.47031664799 0.0 0.0
483.0 509.25 245.25 201.5 541.6982644433758 548.0270425323388 0.0 0.0
485.0 503.75 239.75 221.75 541.0469913671473 550.5590826879461 0.0 0.0
495.5 524.0 227.0 219.0 545.0880787391454 567.9240525055998 0.0 0.0
484.0 505.5 318.0 207.0 580.1383962116934 546.2661475670686 0.0 0.0
481.5 521.75 257.5 217.5 546.0756223472249 565.2697366107689 0.0 0.0
457.0 520.5 331.0 214.5 565.5665973239952 562.9705522265035 0.0 0.0
437.5 508.75 322.0 217.75 543.2537033363125 553.3996193639621 0.0 0.0
439.5 511.25 299.0 226.25 531.5706152524083 559.0772104291564 0.0 0.0
471.5 514.0 269.75 230.0 544.0708780752984 563.1151114759346 0.0 0.0
435.0 510.5 284.75 260.25 519.9296662336678 573.0119922584202 0.0 0.0
434.5 508.75 267.5 257.5 510.24604586563896 570.2042855101117 0.0 0.0
527.25 507.0 267.0 258.75 595.2589756823113 569.2126325051697 0.0 0.0
449.75 504.75 303.0 262.25 542.4152193471432 568.8182880641336 0.0 0.0
547.0 510.0 218.25 268.75 589.0867353459278 576.4801168724262 0.0 0.0
570.5 517.0 156.25 277.25 591.5102064972075 586.6525442862055 0.0 0.0
572.0 520.5 151.5 280.5 591.7233167722279 591.2704330998636 0.0 0.0
502.0 521.5 143.75 281.0 522.2939043855382 592.3879166118282 0.0 0.0
568.0 521.0 155.25 281.0 588.8614675457983 591.947667531269 0.0 0.0
519.0 519.25 148.0 280.5 539.8619180757635 590.1704545857259 0.0 0.0
571.0 518.0 146.5 281.0 589.4942616851221 589.3089184745747 0.0 0.0
571.5 505.0 145.0 263.25 589.6087202661525 569.5459887986833 0.0 0.0
571.75 491.5 146.0 247.5 590.096658460249 550.2985999891373 0.0 0.0
544.0 491.0 216.0 246.25 585.7862681727252 549.2905537499109 0.0 0.0
548.75 491.0 261.0 246.5 607.9258858977607 549.4026301356774 0.0 0.0
510.0 492.5 285.0 248.0 584.2308719900367 551.4166306604818 0.0 0.0
512.5 493.0 285.5 272.5 586.657449087426 563.5570911243924 0.0 0.0
510.5 499.5 286.0 290.5 585.1549450542906 577.8325987446194 0.0 0.0
559.0 499.0 363.5 290.5 667.4419946723788 577.4007493526094 0.0 0.0
493.0 498.5 283.5 291.5 568.703512818487 577.472510168233 0.0 0.0
504.0 500.0 311.5 293.0 592.5293696466689 579.5248328553964 0.0 0.0
507.0 502.0 310.5 295.0 594.5310753024294 582.261995665953 0.0 0.0
502.5 526.0 289.5 298.5 579.9337755690152 604.7960428486658 0.0 0.0
510.0 528.5 311.5 300.0 597.6208283108208 607.7107131885093 0.0 0.0
512.5 531.5 302.5 303.0 595.119429346715 611.8016711918906 0.0 0.0
511.5 534.0 305.0 306.5 595.5533629063982 615.7095500315063 0.0 0.0
562.5 536.5 297.5 310.5 638.2688508586526 619.8729708577396 0.0 0.0
545.5 534.5 262.5 312.0 605.3731689037056 618.897634760333 0.0 0.0
542.5 535.5 286.5 310.0 613.540939559979 618.757046993588 0.0 0.0
548.5 534.5 307.0 307.0 628.5804908005086 616.3921511956903 0.0 0.0
558.0 534.0 317.5 302.5 642.0073860835263 613.7281854131668 0.0 0.0
556.0 532.5 311.5 299.5 637.317037990655 610.9472178199583 0.0 0.0
554.0 530.5 298.5 298.5 629.348409629854 608.714431839499 0.0 0.0
557.5 530.5 321.0 298.5 643.3096775097204 608.7139639291419 0.0 0.0
563.0 530.5 322.0 300.0 648.5869690164388 609.450777339729 0.0 0.0
561.0 517.0 315.5 303.0 643.641804035246 599.3218287366108 0.0 0.0
560.0 493.5 304.0 307.5 637.1938480556761 581.4626741335032 0.0 0.0
567.5 494.5 310.5 309.0 646.8899114976048 583.104990371153 0.0 0.0
537.5 494.5 330.5 308.5 631.880455994984 582.8406470357642 0.0 0.0
496.5 494.0 361.0 306.5 614.1265248962682 581.3589682803561 0.0 0.0
501.0 491.5 362.5 306.0 618.3984242861426 578.9718733805964 0.0 0.0
499.875 502.5 361.875 264.0 618.4207123540702 567.6295917470516 0.0 0.0
490.5 499.0 314.0 259.0 583.4563583838085 562.2117444147391 0.0 0.0
486.5 498.5 296.5 256.0 569.8039836201644 560.3913345404658 0.0 0.0
456.0 499.0 334.5 253.5 565.550077514665 559.6996532975036 0.0 0.0
499.5 499.0 319.0 253.0 592.6832343336096 559.4729662816604 0.0 0.0
496.5 499.0 312.0 252.5 586.3932567681221 559.2470384365034 0.0 0.0
516.0 493.5 300.5 272.5 597.1584298974883 564.1378716165154 0.0 0.0
502.5 469.0 321.0 287.5 596.2778295392174 550.147477043241 0.0 0.0
467.0 498.5 300.5 297.0 555.4077599379445 580.269020530779 0.0 0.0
468.5 500.0 358.0 295.0 590.9796837857839 580.5385986769975 0.0 0.0
484.0 503.5 307.0 299.5 573.2740233461589 585.8479262285418 0.0 0.0
484.5 526.5 330.5 307.5 586.5315670953242 609.7201705806399 0.0 0.0
483.5 524.5 335.5 303.5 588.5003333086113 605.9811349863589 0.0 0.0
484.0 523.5 332.0 301.0 586.9244584891344 603.8652581495312 0.0 0.0
484.0 522.5 322.0 301.0 581.3260702910201 602.9987045648252 0.0 0.0
486.5 520.5 319.5 301.5 582.0332247104462 601.5169882816599 0.0 0.0
489.5 520.5 321.5 299.5 585.6386895152 600.5170170905853 0.0 0.0
489.0 519.5 312.5 300.0 580.3252773288722 599.9002000333055 0.0 0.0
468.0 519.5 289.5 300.0 550.3319130756497 599.9002000333055 0.0 0.0
469.5 520.0 296.0 299.5 555.0191547853262 600.0839243350724 0.0 0.0
465.0 522.0 307.0 298.5 557.2775597658562 601.3204253051172 0.0 0.0
465.0 521.5 308.0 294.0 557.7604710299545 598.673224743032 0.0 0.0
471.0 499.66666666666663 321.0 258.5416666666667 570.0375276580407 562.6943067814302 0.0 0.0
468.0 492.33333333333337 310.5 240.70833333333331 561.6361861022547 548.3578502259103 0.0 0.0
472.0 485.0 318.5 222.875 569.4139841152253 534.0213936703904 0.0 0.0
469.0 480.0 306.5 227.0 560.2940698664186 531.1992210155704 0.0 0.0
487.5 492.0 316.5 257.0 581.2445556342375 555.1005679281648 0.0 0.0
464.0 502.0 279.0 255.0 541.5429566686939 563.0554550448171 0.0 0.0
452.5 509.5 264.5 262.0 524.134758756989 572.9174595031894 0.0 0.0
458.5 483.5 267.5 244.5 530.8301773534431 541.8052278785066 0.0 0.0
459.5 467.5 277.0 244.0 536.5364537341466 527.4114706070523 0.0 0.0
463.0 469.5 290.5 252.0 546.5887416380939 532.8751224487457 0.0 0.0
459.0 507.5 281.5 251.0 538.4772202513379 566.1777547731807 0.0 0.0
466.5 506.0 279.0 249.0 543.5680235206726 563.9480983458723 0.0 0.0
463.5 504.5 275.0 249.0 538.9412152685841 562.6022129355696 0.0 0.0
461.0 505.0 270.5 249.0 534.69599146211 563.0506628117123 0.0 0.0
458.5 506.0 264.5 248.5 529.3237207607195 563.7271522309018 0.0 0.0
455.5 505.5 254.0 249.0 521.5584220701792 563.4991126878551 0.0 0.0
459.5 504.0 264.0 249.5 530.0199978773982 562.3759408091039 0.0 0.0
460.0 513.0 266.5 272.0 531.6223404113144 580.6986596382712 0.0 0.0
453.0 514.0 246.5 285.0 515.7241027949035 587.7518126409918 0.0 0.0
468.16666666666663 512.5 220.75 286.0 517.8952598177522 586.9206132594712 0.0 0.0
452.83333333333337 512.0 191.75 287.5 492.7436027252022 587.2121224981051 0.0 0.0
437.5 511.5 162.75 291.5 467.5919456326522 588.7312629714852 0.0 0.0
438.0 511.5 168.5 290.0 469.7800748068857 587.9925824372515 0.0 0.0
460.0 510.5 269.0 290.0 532.9498324995535 587.1203028340955 0.0 0.0
483.5 508.5 313.0 289.5 576.038846947033 585.1345998998863 0.0 0.0
486.5 508.0 299.0 291.5 571.345003526096 585.6939107343959 0.0 0.0
492.0 509.5 279.5 292.0 565.8978158543194 587.2484351688488 0.0 0.0
502.0 507.0 279.0 292.0 574.3217411075995 585.0768026195396 0.0 0.0
488.5 471.5 279.5 303.0 562.8529796876664 560.4652599322541 0.0 0.0
470.5 476.0 346.0 306.0 584.7111676245386 565.873199079844 0.0 0.0
465.0 476.5 301.5 304.0 554.1912612310165 565.2152244941744 0.0 0.0
470.0 477.0 321.0 303.5 569.2392473631428 565.3683065431799 0.0 0.0
469.0 478.0 310.5 303.5 562.5328953786983 566.2124489236089 0.0 0.0
466.5 483.0 292.0 302.0 550.3571411035555 569.6434256638115 0.0 0.0
465.0 485.5 298.0 302.0 552.6280485775947 571.764216916516 0.0 0.0
461.5 487.0 286.0 302.5 542.9354237297017 573.3021189585522 0.0 0.0
462.0 488.0 285.0 302.5 542.8342379547286 574.1518260847947 0.0 0.0
464.0 488.5 286.0 300.0 545.0626020787884 573.2647133170246 0.0 0.0
472.5 487.5 287.5 300.0 553.1148003550052 572.4128154841662 0.0 0.0
523.0 486.5 289.5 298.0 597.8359762699913 570.5141819370659 0.0 0.0
505.5 485.5 291.5 296.5 583.526320208618 568.8782822361916 0.0 0.0
505.0 482.0 304.5 293.0 589.7041679630322 564.0684331044497 0.0 0.0
502.0 502.0 289.5 254.5 579.5050886318746 562.8274099024947 0.0 0.0
492.5 500.0 273.5 253.5 563.3557809080597 560.5913856480963 0.0 0.0
491.5 501.0 287.0 251.5 569.1684166956791 560.5829555025732 0.0 0.0
493.0 501.5 297.5 252.5 575.8211864934963 561.4852446217599 0.0 0.0
489.0 501.5 288.5 247.5 567.7630835555751 559.2481560094767 0.0 0.0
487.5 502.0 285.5 248.0 564.9491880863944 559.9178511174653 0.0 0.0
487.5 533.0 295.0 282.5 569.8082422991183 603.2373536409962 0.0 0.0
485.5 534.0 284.5 283.0 562.7238719222162 604.3551895875023 0.0 0.0
483.5 534.0 274.0 282.5 555.7411717697368 604.1210557495906 0.0 0.0
482.0 533.0 281.5 283.0 558.1816171672673 603.4716231936677 0.0 0.0
481.5 532.5 271.5 284.0 552.7769512216385 603.5001612565715 0.0 0.0
480.5 532.5 282.5 284.5 557.543710808857 603.7356163793236 0.0 0.0
461.5 531.5 257.5 285.5 528.4835767708264 603.3263578015631 0.0 0.0
467.5 530.5 263.5 287.5 536.6660121414785 603.3959672090252 0.0 0.0
462.0 530.5 274.5 287.0 537.4042276654811 603.1577322724131 0.0 0.0
461.0 530.5 278.5 286.5 538.6352793053537 602.9199781065478 0.0 0.0
461.0 530.5 288.0 286.0 543.5750232672692 602.682544960446 0.0 0.0
455.5 530.0 290.0 286.5 539.9828577929027 602.4800826583398 0.0 0.0
456.0 529.0 293.5 286.0 542.3004623814631 601.3629619499836 0.0 0.0
497.5 528.5 299.0 284.0 580.4640847196281 599.9735756829436 0.0 0.0
502.0 529.0 297.5 282.0 583.5382052343793 599.4705997795055 0.0 0.0
456.5 528.0 289.0 280.5 540.3026517579831 597.8831407557835 0.0 0.0
439.0 509.0 278.5 256.5 519.8877283447748 569.9793329071316 0.0 0.0
424.5 507.5 270.5 253.5 503.36044402432174 567.2915916879131 0.0 0.0
437.0 508.0 281.0 253.0 519.5491393401237 567.5149340016228 0.0 0.0
494.5 508.0 343.0 253.0 603.1461207932523 567.5149340016228 0.0 0.0
472.0 508.5 329.0 253.0 575.3559789217991 567.9624112493443 0.0 0.0
479.5 511.0 341.5 255.0 588.705217404987 571.0921131744992 0.0 0.0
460.5 511.0 333.5 257.0 568.5977059590604 571.9881499579071 0.0 0.0
467.0 510.0 349.5 257.5 583.3448160389121 571.3197441013219 0.0 0.0
463.5 510.0 320.0 258.5 563.2807793327654 571.7713257068198 0.0 0.0
464.0 505.5 309.5 254.0 557.7544413956507 565.7263441878354 0.0 0.0
459.5 501.0 301.5 250.0 549.5842206681618 559.9116001663097 0.0 0.0
458.0 500.0 303.0 247.0 549.1567844355616 557.6818550506778 0.0 0.0
455.5 497.5 315.5 247.0 554.2658340967389 555.4415355711353 0.0 0.0
451.5 497.0 303.0 246.0 543.7755741908732 554.5495476546995 0.0 0.0
449.0 497.0 296.5 245.5 538.078466285105 554.3277460131326 0.0 0.0
447.0 498.5 289.0 248.0 532.287536982931 556.7824579152282 0.0 0.0
448.5 499.5 286.0 251.0 531.9288695598422 559.0181565939282 0.0 0.0
447.5 500.5 282.5 251.5 529.2093831743009 560.1361891538786 0.0 0.0
445.5 501.0 280.0 251.5 526.1878701636913 560.5829555025732 0.0 0.0
453.5 503.0 284.5 251.5 535.3645400705848 562.3710963411971 0.0 0.0
478.5 503.5 287.0 252.0 557.9717613094172 563.0421386722132 0.0 0.0
479.5 503.5 287.0 250.5 558.8338594944535 562.372207705893 0.0 0.0
518.0 503.0 307.5 261.0 602.3960801436644 566.7752685450706 0.0 0.0
498.5 507.0 288.5 273.5 575.9763751387809 576.065485555062 0.0 0.0
514.0 507.0 298.5 269.0 594.5971303314913 573.9425432820258 0.0 0.0
546.5 506.5 303.5 266.5 625.1206748361112 572.333192451205 0.0 0.0
546.0 509.0 302.0 267.0 623.9551265916484 574.7814859143273 0.0 0.0
546.5 527.5 304.5 281.0 625.6057064957129 597.6765457436427 0.0 0.0
547.0 533.0 305.0 287.5 626.2860294691668 605.5949553951057 0.0 0.0
548.0 534.0 306.5 292.5 627.8903642920664 608.8614374387657 0.0 0.0
548.0 534.0 306.0 294.0 627.6467659715021 609.5835120412296 0.0 0.0
548.1666666666667 532.5 305.83333333333337 293.0 627.7109041543777 607.7871749222749 0.0 0.0
548.8333333333333 532.0 305.16666666666663 290.0 627.968931711041 605.9075837122358 0.0 0.0
551.5 531.5 304.0 287.0 629.7366975648324 604.0375930723305 0.0 0.0
552.0 478.5 305.0 258.5 630.6576237138438 543.865969390908 0.0 0.0
551.0 455.25 306.0 241.75 630.2674503173905 515.5609472186622 0.0 0.0
550.0 464.25 307.5 237.41666666666669 630.1241468664933 521.568828609991 0.0 0.0
550.0 473.25 307.5 233.08333333333331 630.1241468664933 527.5767100013196 0.0 0.0
551.5 496.0 307.5 250.5 631.4336861460592 555.6711614839398 0.0 0.0
551.0 511.0 306.0 250.5 630.2674035677238 569.1033311338915 0.0 0.0
550.5 506.5 304.5 256.0 629.1029327542512 567.5248923917926 0.0 0.0
550.0 512.5 303.0 262.0 627.9404364995439 575.5923193761575 0.0 0.0
549.5 511.5 303.5 260.5 627.7440230202257 574.0144082160402 0.0 0.0
533.0 511.0 296.0 271.5 609.6764259115386 578.6479673745171 0.0 0.0
556.5 511.0 519.5 282.0 761.4748103697495 583.6481745343003 0.0 0.0
553.0 516.5 437.5 291.0 705.1350997315279 592.8350484632608 0.0 0.0
528.5 519.5 387.0 302.0 655.0724408047834 600.9053500123955 0.0 0.0
490.0 525.5 318.0 324.0 584.1462270555173 617.3588617884179 0.0 0.0
487.0 529.0 311.5 332.0 578.1014981483031 624.5518486729366 0.0 0.0
483.0 535.0 293.0 324.5 564.9731443766208 625.7207777449227 0.0 0.0
474.5 536.0 273.5 314.5 547.6804704819033 621.4571369446536 0.0 0.0
496.0 534.5 285.5 303.5 572.5349246863962 614.6582196332198 0.0 0.0
525.0 536.5 285.0 289.5 597.3692663279066 609.6252610907279 0.0 0.0
529.0 538.5 291.5 283.5 604.0052771841004 608.5695209120828 0.0 0.0
526.5 541.5 307.5 275.5 609.7204012883672 607.5546820558465 0.0 0.0
526.0 548.0 308.5 275.5 609.7936171914871 613.3575235824858 0.0 0.0
525.5 554.0 299.5 275.5 604.8557967832326 618.7272844875656 0.0 0.0
526.0 444.5 299.5 306.5 605.2903755985972 543.447378399978 0.0 0.0
525.0 311.0 305.5 310.0 607.4221031448153 439.1457451950983 0.0 0.0
523.0 303.0 290.5 303.0 598.2682606041375 428.50729282644204 0.0 0.0
495.0 301.0 349.0 303.5 605.728647298729 427.4520634693497 0.0 0.0
450.0 296.5 345.5 310.0 567.5212390098625 428.97022910354406 0.0 0.0
517.5 292.5 296.5 314.5 599.0113282946627 429.49932050133117 0.0 0.0
436.0 338.0 312.5 320.0 536.4507957632521 466.31100219312765 0.0 0.0
436.0 499.5 319.5 297.0 540.5489804900263 581.1457741325717 0.0 0.0
485.25 505.0 397.0 285.5 628.2265390314972 580.1169832099945 0.0 0.0
489.0 502.5 302.0 280.0 574.8921968045892 575.2445457386565 0.0 0.0
469.5 502.0 287.5 277.5 550.5337409213543 573.5952387054622 0.0 0.0
473.0 516.5 285.5 269.5 552.4850416129227 582.582780814383 0.0 0.0
496.5 515.5 300.0 270.5 580.0969914220536 582.1602476763958 0.0 0.0
472.5 520.5 288.5 277.0 553.6141996988688 589.6197984955409 0.0 0.0
476.5 526.0 299.5 285.0 562.808177251341 598.2484377438625 0.0 0.0
435.5 525.5 293.5 287.5 525.3996130671444 599.0045909673814 0.0 0.0
198.0 523.5 273.0 287.5 343.0970858916115 597.2508333437975 0.0 0.0
9.875 519.0 262.375 285.0 269.73145394165135 592.1030315747421 0.0 0.0
-121.0 516.0 210.0 282.0 243.43836900006295 588.0306114480776 0.0 0.0
-302.0 513.0 295.5 280.5 423.19464954096134 584.678757951749 0.0 0.0
-416.375 510.5 236.0 279.5 481.59761012732065 582.0057494075061 0.0 0.0
-596.5 508.0 236.5 279.5 643.0870930793089 579.8139787897494 0.0 0.0
-569.5 505.5 274.0 279.5 631.9865464345419 577.6248782730883 1.0 0.0
-567.5 504.0 273.0 280.5 629.7503017261353 576.7983262139555 1.0 0.0
-701.5 503.0 221.5 282.5 735.8678431467131 576.9014733452289 1.0 0.0
-637.5 501.5 210.5 285.0 671.3937807797388 576.8251997180358 0.0 0.0
-591.0 501.5 207.0 286.5 626.2080408153365 577.5677449442619 0.0 0.0
-660.5 502.0 223.5 287.5 697.2982551292823 578.4983247568011 0.0 0.0
-652.0 504.0 230.0 287.5 691.3808280338513 580.2347036996493 0.0 0.0
-603.0 506.0 223.5 287.5 643.1285657751431 581.9731220253284 0.0 0.0
-493.5 509.0 245.5 288.0 551.1918903612425 584.8294318005659 0.0 0.0
-493.5 513.5 245.5 285.5 551.1918903612425 587.5310512052645 0.0 0.0
-493.5 516.5 245.5 295.5 551.1918903612425 595.0598228983099 0.0 0.0
