d_T d_A d_P
675.9900549280605 656.2063234698809 592.4488001390879
635.7088245303462 629.83342378552 613.5394136475313
732.9708906939632 629.1343258796169 619.6676339629328
595.7530477731366 628.5515094246454 620.268186527007
568.7378912586079 627.8542718386694 621.1690693342405
672.9417779502752 628.4937676001045 588.5792260681922
663.3040700325689 627.7696131256182 605.923487519021
653.6663621148625 627.3359678235806 624.535487166401
644.0286541971562 628.5855217054102 621.1672899058779
634.39094627945 629.2232256678928 618.4912475820063
624.7532383617436 630.0058857547239 617.7984955228374
615.1155304440373 630.9928793208036 616.2921385187385
605.477822526331 632.4162821007355 616.1455415575058
595.8401146086246 634.6295552742947 615.051484931914
586.2024066909182 661.8040035014149 615.746230872121
576.564698773212 660.2098151345525 615.201592975831
566.9269908555057 660.2098151345525 614.7887848684294
557.2892829377993 659.7161573913613 614.9198489399234
547.651575020093 660.2178318113638 613.8118604263036
539.3179713869108 659.8201507733725 613.795021773468
558.1120543905795 660.8146487480434 613.6880596815524
562.0642559190059 659.7160373979095 613.1615464604192
558.735235018713 659.7160373979095 612.7426105841214
502.1556887024588 643.6463122247103 613.643712182768
659.8535950440993 637.6774025319629 613.7833493994441
523.2852869783367 637.3325159393229 614.4024445062346
524.1310446563566 637.5713685541408 615.4399458721505
524.9768023343765 636.586600550153 615.4399458721505
525.8225600123966 636.5435844373361 616.4106320317426
526.6683176904166 638.22380887092 617.7298117813891
527.5140753684366 658.7575102957217 618.0787377801735
528.3598330464565 657.5047528345327 618.9130196488995
529.2055907244765 657.3518785322028 620.5783225450494
530.0513484024964 655.950552598935 621.6171405775224
530.8971060805163 655.7507929148567 622.3772359647821
531.7428637585363 654.5040235616502 624.0392615853589
532.5886214365562 654.5098432101623 624.7324038838311
533.4343791145761 663.7691357447947 623.2062410006699
534.2801367925961 698.4636152023292 621.2672532815487
535.125894470616 694.7990104004903 621.5435814508447
535.9716521486359 692.8611554351107 620.9914846047704
536.8174098266559 691.9008064568452 616.6006618082328
537.6631675046759 661.1686481230613 612.3776762217342
538.508925182696 646.0086592926257 611.2401116704384
539.3546828607159 630.8486704621901 610.5120801425636
540.2004405387358 615.6886816317544 617.1306849326855
528.3068857852624 631.0814190252568 620.7521882269496
580.199112281646 661.9179477418588 615.0023880417617
621.26798707085 660.6957713783537 617.5191166453087
615.3606530553877 663.7895246924043 616.027795732581
607.6421324086853 666.4010056477946 616.4108078246147
601.4193291632388 666.4010910524185 616.3600683710982
595.1965259177923 677.575300402562 617.260951874937
571.2393482576032 693.9344349432445 617.4665982869033
577.2228546080339 696.3064493247725 618.0060028722901
594.8032996359249 696.867647131852 618.637635419092
598.318456440548 698.1247530173858 618.3544396559319
576.1455937936433 705.2257936110325 618.4822114202772
567.5327904576401 710.511243427952 618.7654071834372
567.7885720907449 683.6144224611483 619.5386909766789
580.1940255182672 671.1429177322809 624.2187882059609
584.5025141408073 658.6714130034137 628.4775254533769
579.5715733995335 646.1999082745464 629.8621491833932
485.73465464585627 652.9940661559563 623.1585519793925
507.8401206624061 668.0478545390558 631.5269800797274
529.9455866789558 664.5282971176227 632.9178461696273
552.0510526955056 655.0201247362519 632.366982060259
568.8318099425121 654.7643152375242 631.542753897153
562.6043843831484 655.814436501325 632.3969721821873
528.1650940162747 651.7729152086175 635.9846106097455
491.3559052113044 653.6505187912253 636.002814642785
454.5467164063341 656.9300591887061 634.3457816777595
417.7375276013639 677.3083682910421 635.0484816558572
380.92833879639363 692.1786513604453 635.5833391152704
452.35264781431147 692.1579117215092 633.0725266657294
609.17996541442 692.8508017599233 630.4612336136181
568.766917205786 689.4107991611388 631.401852921982
532.8199109797067 696.201891758465 630.8421351830796
530.1264359749221 694.8740893140282 629.5989639290913
543.8111507901956 693.9908655352979 628.143405273046
539.4078142193869 692.0198189925977 627.2010333937412
539.2914551005892 690.5977556111749 626.658593261718
539.4453169691994 637.9150398581874 626.6475906750923
539.1777799798127 636.518913051169 626.9946172017748
538.3333838257288 635.2725792917556 627.407427106169
538.3331420234897 634.2999473658119 628.5056524809348
537.4892352164225 634.0236122527617 629.5325718113384
535.6510737161902 628.851302858394 630.9774554038196
566.3369637329238 629.5811450946509 631.7345817620892
597.7799527706235 629.2118721730792 632.7052154513048
606.3380229405977 627.3368084049864 634.0952088417871
609.572342171022 665.8162208909578 635.4888831592493
607.3223619443829 664.0030120413611 636.2591446315744
604.6331532539779 663.3027284754128 636.9509562252402
591.6656572835273 662.0008758584358 619.0790625703501
588.7676096660589 661.7002720265423 571.3979704820156
625.0306972066508 660.4001893617561 529.6146895510828
650.4031343781357 659.0003112154704 487.8314086201499
654.0336323401798 659.9025766385156 571.7148120246145
651.6047320509824 665.9298011051916 617.1049723734789
633.8406517315296 673.0739815072664 613.3632691969743
637.244882311391 671.741269851387 615.315004524201
640.5947888134059 657.1548523749939 628.2827143454979
639.31310795259 648.2641566439536 629.0312441095787
639.4659381222732 648.7121576347877 618.998238777011
640.2832864978607 651.9733522705201 613.4223431764249
640.8999552276148 651.5604018886743 611.0681901029604
640.9855692603384 649.2168484756899 612.5709212068365
642.067317505474 652.727115278884 617.3902369311661
656.9330562808456 659.9752254184182 620.3242552525344
635.7147943212658 661.5302959738631 622.6687184457437
639.0913783645841 656.8586055787698 624.0990479386296
632.1376796603749 652.5766238534752 627.2550493382561
631.0517016314843 648.6803247795294 625.5054559902622
614.1184689659725 649.3445442912632 606.3663588246407
588.5587849571576 629.7678392937446 621.3215194573515
576.0251878868442 620.8239805007412 617.8799196841667
578.373864596348 621.1159312076933 616.422333802414
588.4728581622974 621.2956911259516 587.1146832788774
593.1520917746845 621.1159312076933 593.6022084976044
595.9998159767975 621.0533390941554 591.9431884742769
602.4785655889378 622.1576692155978 591.4566608847415
583.4336873052739 623.72930827403 590.6194439519243
571.9665262423104 626.521362643183 589.5104058852735
560.4993651793468 641.1463661848736 587.9185703819046
578.3195105852478 643.219167389554 587.503727288399
615.2523923908782 647.0017387920993 587.503727288399
664.9993936492358 648.9001002265388 587.436233287418
664.1087239695698 649.6000998629645 587.4295542621826
677.5541923794704 633.4318428374074 609.9954410659401
660.4653550396645 628.6827597425296 609.8832792672388
645.3175895376619 626.2289236672765 607.6148937204055
643.9045840687432 625.0637291129624 598.8381523996868
638.3600743903648 640.9753370397593 607.8964006680176
639.2085746944122 654.8015657536907 585.5171074267014
664.841919200048 655.8027523577497 564.3250775142126
546.752573495384 655.6083053165205 543.1330476017238
543.7371416215104 655.2100111256535 521.941017689235
452.4346301640425 654.8116141303543 647.1730290765356
495.9856427542022 654.5093582218668 614.7274514639277
530.936679669336 652.7099978749027 620.0016718294664
539.634130290324 649.6062235725994 615.7642686986648
560.8412023722373 616.9315430656757 617.335234571901
672.6596266192496 617.917807089474 617.9253020100523
600.0789959303233 618.379669572483 617.0059923223489
527.4983652413969 619.136495451528 648.956323641267
527.1482470719652 620.3051565684428 641.5006314082113
773.9938660539361 634.1450036438322 646.6079793809732
737.7627695571234 648.2000771652697 643.86957995938
660.502098106472 644.3052459820578 609.069414821507
758.7370223501364 640.152520888577 607.2623548367192
761.8951700061094 632.5050719652324 614.7636661454808
730.7948511834512 622.0229095459426 587.116359944047
638.0795378171958 612.253481976473 565.3446807804438
624.960569421567 606.7399983493334 543.5730016168408
619.6232071723997 610.1710359785245 521.8013224532376
610.9091630898686 536.4673990977832 598.7962678921629
603.0749818467411 552.860064409361 614.4245348379286
604.9636213573345 569.2527297209389 613.887514996668
604.6249071286001 628.8201746730924 614.6276340354152
603.8485461944186 645.780148605785 615.9951456719393
601.7095917330782 642.4150338412178 615.5095565615377
596.6596795543624 641.994266006374 615.2322065269354
558.9214071460083 645.019881418501 611.352808889562
589.5572771147777 649.0156077109461 611.3604194993945
574.7582113368999 656.1289166149625 612.405111546671
574.739117468479 659.3685330772071 613.1128977308647
573.8068508835065 661.7083949898173 611.6028299921638
572.8915493912051 661.0847146924515 611.4046372718055
574.196588111625 659.0263204208607 615.0617681082749
575.5853572576817 653.9096031202341 615.281841566469
585.3870810620972 652.6013028417304 614.9485420044084
586.5192250320907 632.0777182506708 605.0256806642449
584.9723624222052 625.4170711515399 598.9533555019309
589.6009265870546 626.0019968019271 600.7031039931139
703.3084888839273 625.7093974042583 599.8627500835781
753.0316461657083 629.3820833956249 600.1266312944742
750.340267344247 654.015856795952 600.7958767157943
775.1667423580059 653.4294853183852 601.221875230417
772.6586775733449 653.0323498878138 600.206833824068
675.8809894187161 653.3364370674576 602.3358628726417
612.467429407199 652.2386449759015 603.0095583829791
687.124303914931 651.4455080818349 603.7707726963977
653.5611129661731 652.0554040877201 606.0777728198085
651.0082880218818 652.3123527305451 608.1350698773878
639.3411514677612 653.2085454852233 608.9527682244263
627.6740149136403 656.6326979369821 609.0864312369627
620.4523857679685 660.0850324011294 608.9524803488175
756.669195493791 666.380146763092 607.3147361015589
694.4347086401035 676.9315716979347 611.6279021091842
709.2717025005471 686.9330378524901 613.5418036777097
827.6511462342963 718.6375057389487 613.7412899381986
559.0527042139709 730.0372686398234 613.1225774519467
528.7234265645752 732.6787115509101 613.6151733924411
498.3941489151796 732.7568304892973 613.5531159866521
487.1402865171742 726.3264487106649 612.442075332471
559.8544633346405 690.19512043963 612.7875899957282
613.9333084834157 641.9417187705978 613.4055965506411
660.5964814675831 612.3587560728893 614.7889278202128
640.8590342066773 632.249895511582 616.6545476284562
655.4134320895627 636.3044939675184 613.2693731814215
635.8994877728704 684.2481905048652 600.4766173280201
620.0337744457499 680.2028694650226 601.3201567835913
604.1680611186295 679.6794965604031 602.3730102829571
576.5335021915616 670.6367284927805 601.6335701019952
585.199810605489 662.8065378393137 600.5509395560027
623.2021439793753 660.700196646887 600.1571525940323
626.6108678522647 658.401405279207 599.7156239244391
687.8305806612439 656.4176732471664 599.9287457690288
665.9649729548923 672.9134218443555 599.8464330348341
659.3167357810435 709.6241172180007 599.6676730569216
682.7026887774225 693.6873651775197 600.4378667815283
656.7655823271491 682.6199893872608 600.5683387680493
657.6476394170829 666.1533662224151 601.8489374083099
638.9894191857254 657.4435441292352 602.6191594909392
648.9262703565287 619.9169141031332 603.6497723802909
657.9609108520453 599.9565410079811 599.3782465446313
633.6299991589807 589.0555050845815 603.4122916491457
655.713544873898 585.4091562215451 607.0742255883022
666.3327172969143 583.2077475564063 607.9181371698097
705.7925918355935 680.7470155799459 608.5927841670864
652.9833444239152 683.455647621071 612.034370007018
707.5779708674772 685.2016813707248 612.244338906436
687.981208456679 687.1326291190079 612.5159136807769
670.9124580686387 688.2285230938921 611.8986844241455
746.4114775220335 688.5363098631764 610.8158478625124
806.552783856319 725.9783835931786 611.0862679466608
818.9560624899657 712.5201880245864 611.3566880308091
746.5387027259678 709.7537753228603 612.1979192467427
675.3285938320855 706.9768383759117 612.1976804921757
585.9778462147231 659.843471753018 612.949085027558
662.4656657376552 635.0042645825931 612.949085027558
584.2477260633618 635.122232330124 613.5796606798501
584.9722224408489 634.8331800156318 613.1592968342218
586.0590458586308 635.819419133155 612.66446318866
591.6778982569199 629.2005810965959 612.5899933887265
595.8499849550709 651.0863121534758 612.5899933887265
624.1948933772235 678.9200307530814 613.1333460186291
650.2759085286168 679.8301583821028 613.5530326411392
647.1247554363881 683.7605575053302 613.1462915425759
647.3458857983137 686.517479748331 611.763080148246
650.2584473588877 689.292753479971 612.2320885626307
651.3764664946377 690.1400918477799 617.8634477233985
653.6125007213761 686.3181127080088 616.8750990567743
655.8555481201635 714.0507957151502 616.837298073476
637.2026270915935 697.2177466001166 615.9654819426819
616.3070121162255 691.6608148772825 614.8257831417619
625.7133048464541 648.1498439987577 613.2645680574356
625.8006871201086 669.8798969455802 611.7557581728008
625.0266523487145 671.8132573380257 611.5946691069591
625.4554340638508 673.7466177304711 612.2551102366326
628.2868100360946 666.6387800502514 613.023760868264
626.4863800325688 616.8374119912753 613.7925707238105
626.7426232390217 630.2580726547483 614.6935398162971
625.4554868698231 655.1794350676394 615.7549677873898
626.0570535312762 658.7544220217549 616.817831019523
627.2561279094848 630.9390300163088 593.7688005131379
629.677072876465 634.3208879135285 581.8710240843661
631.26876243332 636.8571205115936 569.9732476555942
626.3520997445814 637.5110794935756 558.0754712268224
623.4547647656599 637.5231344373178 546.1776947980505
623.215293244079 636.6910346242803 560.8994216238051
622.7820644936497 697.3780218079546 601.029306012852
622.0132068732466 683.4927887284798 615.0336730932252
686.2392040006036 687.3830713783822 614.2237529592452
764.4137901091918 688.3661971358471 614.7891739858972
791.1178391876355 689.5196553164069 616.1722741678103
803.3752593242629 693.5692878217332 617.9749359371132
811.0189646365212 695.4639573511688 618.9397591405984
692.3865264740255 678.6745424319522 617.8132975550707
689.2727871037193 648.4196701008962 617.2526336611924
680.476107115004 654.1976016458214 614.3394992072037
657.188740042529 656.7869699639431 614.6147784033906
639.1824159794323 655.5248444339757 613.7898830670194
628.415165355942 673.4575253395135 611.4386893480607
630.9011921563373 692.5307153776732 611.4386893480607
631.5435980250722 686.6058135139212 610.7464865874557
631.3726582247234 673.6353427447289 608.396807461571
631.8887823454567 665.4302235239654 606.8673833936452
631.331557642545 666.1503869568587 606.5939745826693
629.0628014835852 664.1190985720937 605.7568199124976
626.0178228584259 663.1450770200971 605.1943280995492
623.5301231829264 668.2008204623658 606.0183578077483
613.9725650964748 676.3221831983458 606.8452634850668
635.1493984662249 680.4881977491922 606.8455158846402
625.3373960912802 704.2315181632623 606.4973604070261
626.0387073536076 718.9146834436817 605.248403468991
625.4639446149383 720.8706541398394 604.8319974343317
622.8846201344195 719.5809053616897 604.8319974343317
621.5773461340307 715.9842392612836 607.1234957907075
620.0005461535617 689.0930196888476 608.2541992987301
614.4239827228544 668.0108006560505 609.6885840206728
673.5363793200834 664.659499292683 609.1860382327716
772.7889378742077 662.070565484268 609.8169149437008
894.588162601494 664.3997080735726 611.4910056574831
702.4651339690928 642.9010065387092 611.13016824067
691.3161236470787 641.5311592600785 611.7485839571534
679.514900498878 642.1646790483783 612.1611874856894
674.7866847939142 645.8164713209272 613.4750355216433
672.0948308969296 643.221290984327 613.6053963033294
654.2411866047489 666.1117550261222 613.6710072672389
687.6760032031982 655.8882672732171 613.1171008763561
652.2712843948648 648.1674166448048 612.0849546622424
648.7562580362338 644.0505215067426 610.7604728076797
648.269234192091 644.3454042669972 557.8048760035874
649.1998309770123 644.8892741703504 409.2730631848664
650.6958432297755 652.8851454205137 192.8253614824393
652.5589758972452 662.6004116053177 358.94253795371156
647.8307903124365 666.8086272649341 525.0597144249839
660.3067568476911 666.6568931016091 689.9573356053997
661.1322242652393 644.1866311346118 733.4908006423287
630.0887738845072 640.0254156048566 765.8331208344804
625.9876743559838 634.2053455615983 743.6957264469881
810.9566018620296 631.3894776751213 722.5012065561721
812.3949106429968 633.0783916704155 728.2386857327945
732.7219340026685 644.4224349014161 736.0173549817168
653.0489573623402 662.6079193968459 725.5092351017055
847.031186770781 663.2001281391938 725.6578542510415
637.9448131934503 659.3058820042509 726.7481477020538
632.2716383455961 652.3108633103761 726.6161360421797
655.0735855707096 645.7067690814947 723.8161023353105
650.543840218734 641.5163242107085 714.6645169814748
649.4428728933575 644.2456829502236 695.4423776218408
647.6333841478975 646.1115727430938 694.4884551644727
617.2773169977188 647.5774205605085 693.7693588548577
621.7588368292882 648.0953825266408 691.4497244572985
628.4054719545495 650.2637165433895 737.0036214515592
628.1116540870739 652.4662826537476 780.9882789784957
628.1116880554198 654.2363869428236 778.667777835049
774.4051052831628 653.8128554869505 774.7049738904334
775.0781880267355 653.6208089595273 764.6575040858474
773.2867822534884 651.3636951343003 762.7522997159697
771.2798146693701 650.887253565819 768.1397278661289
714.0922496128271 651.7677884032012 761.000686934367
703.7120591292753 654.4258262947048 756.7361406351413
706.0074143626871 655.8073268880121 754.192946982223
688.5079671327746 634.7887928529206 759.0168204492102
698.1407828293225 629.3089353244322 763.6501054675424
623.1959942380863 630.4134882710482 769.5577078275894
321.11727699723446 632.5050719652324 770.7327294616391
289.43986727376205 641.1206640873093 769.1649846403054
282.31221502170587 660.902175876799 768.0380898401381
284.61679185453755 663.5229144542864 765.446246098259
261.4733641026343 665.0424101399155 764.9856492225423
283.37016678919656 665.3816514382524 764.5250523468255
272.73884054774976 664.9860900800858 760.6320448123449
269.82309019059136 665.9942987329064 764.7639086306876
280.7534505576022 667.3097107041077 773.7075422891055
220.2142062842679 667.4447542680967 755.8599252639857
215.92177526037653 663.7139820736038 739.1727572282979
195.7046479826201 658.27760580294 761.0091727538372
202.23215930273173 658.9449901167775 763.7453780193819
179.28042388794233 658.522968468071 752.8800606027195
183.46033971928142 659.92473655859 724.5855065990046
186.87117513254594 659.5553653750671 535.1070478449055
230.41034891224666 635.2015509355333 508.54963698718257
223.6605148608263 636.9023939026596 493.14852488603424
226.81549356243002 639.2078024108146 477.74741278488597
228.03273000046494 604.5544786087028 532.2563788323
312.7910615001503 573.4059443470353 593.0141460403585
422.5160921839437 590.5666427148126 603.4668522729585
627.6172058518156 649.401261753896 606.57826883096
691.142823085778 643.7034985442522 609.5888293753194
655.892799196839 640.705346454286 610.3026373784107
591.3777104610608 644.8119720330617 610.0633389706378
608.6640615394731 671.4341894287288 610.8927749006608
672.7893522919812 672.0019302049498 610.1280710384824
662.2202299514723 670.3380901478272 609.608551037679
652.847481705284 660.3820863712159 607.9204413212092
664.7702511004743 650.6522880957223 606.4365947244637
688.6163650450728 648.7874456806176 630.1001143308335
662.0072958759031 660.07018709419 650.7102540025036
662.4384023125382 653.4164372606178 651.2035978305644
657.8768123164605 643.8032961879312 652.5000689655394
653.3152223203826 646.9307443840889 652.3015717560816
660.78709962461 649.3798221380521 650.9046283643158
709.9363974601281 651.4737233491368 650.5058302997456
593.5390077884883 655.0467438677613 624.4190381435535
616.6036133550153 665.0004812032251 608.1060908865757
689.7521697488944 669.208856045647 575.7105329706521
686.7493066832376 670.6514318040134 579.3466241715857
610.4935470434796 669.950301927116 600.2684982059227
608.3302090955909 668.9777649518704 599.3091363952421
605.6641496382782 667.3098273110706 607.3366255069379
608.4630227055708 666.7429452222777 610.4318893502011
609.761739721778 665.4251688371389 612.9220882758627
614.7261593895626 629.9061808044601 608.1341394425333
777.2567202479394 629.4271114825358 608.1873323084809
942.2402761936578 627.9848625364801 608.5425386851815
953.0174453994181 627.398587321698 607.7777099147877
864.6061703382146 627.8735252045369 602.1492847372497
970.9795649233962 630.5573620042956 599.920411388044
972.7560947813474 661.334524914679 599.920411388044
612.7001381571995 665.0854488689154 599.5963895466655
444.4879933740109 669.2049387145913 599.4862564634078
688.4389415522841 672.8001919992339 598.953111831906
733.987757133986 677.9163667808139 598.1065724508508
750.4153510098433 666.9356762988398 598.3180592293701
648.4425251195112 658.2761177263073 598.8999594190745
615.2446558254587 661.979795764191 600.5997250058658
590.667770647566 666.4329234007894 602.1661790206426
599.4262633368196 664.1915366810952 602.701092646337
696.4912319554735 652.0356887666562 602.5287712972965
792.1762866490983 646.5269819454747 603.1851064438122
691.3609182355308 644.8019000450583 604.0863603474244
626.3521482464131 637.8524273142157 604.8375815043241
609.819933929683 633.2783620505655 604.6274314294267
605.2015999173407 633.8470486587775 604.4172813545291
620.0133631449376 638.7809361043956 603.8760220442604
652.2778784269301 645.4266826962955 604.962040597344
659.6520382975514 653.959874466372 610.3234651057085
514.082094462437 646.3041329138514 611.8596007067571
438.97370752467975 634.4357661929816 612.7040476445378
514.0477777808277 631.1061633293438 613.757901898206
517.4739859853313 630.7797713895345 613.9113417299899
498.3041402150909 631.2941073699326 614.2463512417244
503.06451767734984 633.1355206180393 615.430607413519
494.1867194249168 664.1220800837211 615.430607413519
568.1059711436517 670.7333451881641 615.4951814541259
550.4737880325276 669.7751435719207 614.7353760189287
525.9195248796991 668.0617486430427 614.941525726526
537.3038606412331 665.5118331029133 616.1790072430738
530.4255768878448 663.583194622511 617.5040451721371
549.3860726847159 662.3981053716866 617.0272118874003
571.787649046142 662.0035164084561 617.6453938242034
591.8196330415617 643.680077927009 618.8177074348863
594.8688125329888 611.7007074990289 619.1004401517798
599.6019376196274 581.9167943570735 618.6764097652342
595.8320356645178 569.8611881136436 615.5330978837904
461.9724982424617 606.7069251168837 601.7227351529939
486.4060556772373 653.4227683370264 603.1452385174023
429.94633956849236 651.8006293048891 603.089819397936
416.42257031535223 654.300007641866 602.9807875525553
397.5553718393769 652.2165196178387 602.6906321492377
397.1932831813055 654.1976720883661 600.7650775497574
493.22758467845154 653.3959366264837 600.8424344382358
621.9352825443176 656.1254817524516 601.1100099115899
628.1722253770353 657.0407167242398 601.568990224729
646.8194508117302 639.2964741836106 601.6861609435791
680.0724734729274 642.1109682254867 602.8396392618772
658.7700682076704 642.6826555378925 601.9844938912606
652.7687067870677 643.8380512970198 602.0342969759199
634.0907775033743 670.5335472282101 601.7509867046335
468.9619173900704 680.470795446377 601.0493793017351
824.9259007463888 675.1393538876556 601.1133376768998
749.7102454384956 666.975561711607 601.2500155624008
674.4945901306023 655.873917427066 600.2041945173966
599.2789348227093 646.2134971497703 599.995193005358
636.133965760441 641.105811087014 599.6489112221855
649.3808476911504 639.4008835027496 599.7933863263659
664.4791331604138 642.8230636358342 600.3574821494993
671.8992262110773 651.893581815385 599.8124357450924
662.3272397240383 659.3932224507978 599.9483311086047
649.7893932873021 660.68233369913 600.9967395939354
672.2637989259363 660.0379885638756 601.0832500885872
688.4658734064942 655.5524387873178 601.7134541006757
678.7341829690985 645.9365108372747 603.1707551996316
709.7489034486459 628.8311167562226 603.5770456205239
692.9749650238587 428.87110604484656 603.9971634875264
759.5179164711221 323.6013925326174 604.4172813545291
750.7674755095852 241.93229087866763 604.9597094022047
700.7934302522376 160.2631892247178 604.7498085503064
727.8527120538797 123.36238396387367 604.5283834736749
702.0751159589802 183.62471369389692 603.9728884643747
491.3523148039451 208.44400230132362 605.2203797128552
387.6847457092548 216.75561980567284 605.8385355025223
365.5439125989535 224.79032253966693 605.6290733203568
408.06954956300365 253.80702618011873 605.0839397425943
388.5812519170204 344.16497128108716 604.6645764388716
359.8697199676143 683.3000749864639 604.3924022696029
355.7769681847593 630.7802914282724 604.6645764388716
363.61877944544204 634.7444659757834 604.6645764388716
339.97038941037795 644.3629763131242 604.6645764388716
397.2968607897003 650.0434469803524 605.0839397425943
428.4343590329795 650.4037867266596 605.010749814674
428.99239671420935 644.4725613547915 604.8641420366587
448.70307547036157 648.7590076445953 605.1469829866307
455.3661508409218 653.5007651104931 604.8742274609234
576.0100125013089 660.5080887771687 603.8263409292443
643.4375064767855 690.0771213899426 604.2454586840579
593.8402240574765 688.5304446011567 604.2562424171599
692.2572293184551 681.2799741193808 590.6573121549825
638.9871981322608 670.4080226333673 582.9365924699395
664.6751955906188 660.3065821452979 588.3869055663131
616.4088992502386 645.6016088310648 593.8372186626868
697.2352367979772 629.2000773651143 595.0753141879411
623.6734322140007 627.9844743303771 598.5667102303416
497.727120381821 632.8168469161292 611.3653206717026
401.18435458474664 612.4968717971062 610.843859517873
386.8759993099535 558.8742407233976 613.7892993434086
456.11801061354066 520.8393388984305 614.6288862147762
456.38751117077373 555.5233740852844 616.0215312914579
468.6186968098777 661.3330087307565 616.5132464970918
532.792543372135 661.2687798093634 617.4970308892104
488.1651972127444 650.7477696028743 617.0881206599491
481.3175062577829 634.0143293227147 616.5132464970918
485.03562049385835 620.0440991258776 615.4074365520466
473.2356529369655 601.5201175724023 613.9329533971107
553.5503381648809 601.5534866363305 608.2480385609355
633.8650233927963 610.6147684932886 606.8537093048824
686.2386858888863 621.4072110561758 605.064727790076
654.7892801894998 622.4220945624685 604.3649939695433
696.285119057027 626.1115713858663 603.6659468530981
569.8366675663142 640.7677400240407 601.791695601083
628.2092836799611 638.1367126791504 600.8245419020831
675.6916369099151 632.2025752216852 599.6578831571763
662.4961513682126 628.0644871348801 600.0604764362195
649.3006658265102 615.1151947545411 599.7868040166231
636.1051802848077 604.0416121432636 599.3751294407568
622.9096947431052 600.3970532130074 600.2211472210629
609.7142092014027 610.4667425888658 600.9859741283384
596.5187236597003 622.0352041707592 601.8981857303978
583.3232381179978 637.4825729682848 602.317625372035
570.1277525762953 648.1276097248185 602.6151157205226
556.9322670345928 647.333095054822 601.7745205585206
543.7367814928903 645.1113467680307 601.2325450898795
530.5412959511877 643.2175019178428 583.9637025270856
517.3458104094854 642.2677528464251 573.7841089405591
504.15032486778284 640.3910154793393 571.7923154589832
490.95483932608033 640.1189817052448 570.46884451451
477.7593537843779 624.5023688194071 571.3853778318098
464.5638682426754 618.8418618677957 571.1520774460424
451.3683827009729 619.4649802236722 570.2510826677153
438.1728971592704 618.1364017682665 570.46884451451
424.97741161756795 616.4190990812854 571.3547496958436
411.78192607586544 615.4106352672173 570.2247828527007
398.586440534163 625.4823951310611 570.6639137843226
385.3909549924605 626.5982526042195 574.009844763506
381.42860990055743 627.9328227099384 575.3439846715689
421.15911525608357 630.6289479743498 575.1184229928425
448.7345448443305 635.2250975101045 574.4460375004775
435.5464596249684 651.9987516765094 572.9139532132206
429.04161142798694 659.4602249615456 598.8909217741182
486.4342570280435 663.3268326193368 603.4555270970674
529.6455954319285 662.4523210650432 603.3059534305308
572.8569338358134 661.2321011282305 602.8857686162446
635.6609646184249 658.127077394632 603.0958305891093
720.0838593600781 655.6769402686051 603.5032817123063
626.4932737135854 652.0619059137571 604.8403264927854
685.5834437774488 648.9812423168204 613.1081513393466
705.6198552801898 646.9715990675325 613.9437943276613
690.1759775657999 646.9715990675325 614.0183892570662
688.1503360207253 650.6982787744255 614.2249180878288
684.7528751308753 653.4664108448578 615.0516778842564
687.3035258706539 656.7019841651511 615.5242335886273
673.5824491157293 661.5356595195123 615.8714195015327
679.1719685032547 663.7537172321482 616.6326557368584
599.9814351389296 661.6925245459513 616.5657753607832
493.1032698502014 659.8015954016864 617.8881189319961
386.22510456147324 657.5987743446806 602.2041842343699
518.5142683112302 652.8344742374768 572.019394882489
501.9839686116376 648.9082027866325 551.306250973601
517.0280351559779 613.2272464087479 530.5931070647131
578.4546519844091 549.4503754136658 570.6888282322411
566.3458478924391 497.7170468111059 594.367011702717
564.7280079256216 571.8998482490526 600.3074321176709
534.1582084077438 629.975124921393 598.4089349792182
532.6113281192197 634.9377956741837 601.3828449929359
516.7586172127417 633.9829943316162 605.0007373172696
472.52756752888615 630.1807238637962 606.3846242896986
493.6706637411688 622.2071975457068 613.4601567142332
490.13779408496725 616.6641150819056 622.0713233929409
499.7397803710817 614.4366058636465 623.0163358958137
478.4730922423956 615.8394767388786 620.2341845314409
476.5827716898958 617.6701436616465 621.2301709396265
536.114922924449 619.6856442066082 622.0052916644954
460.0746721772069 620.7821679139954 627.9842556730955
398.1892850188982 623.9837675452507 634.5100399187111
408.50194059687254 623.3708831813469 635.1073718701364
397.98054138406246 624.6487012713626 635.862899752728
379.7662842626475 623.5243843489 634.9564927258236
369.84637675831516 623.3155300487867 635.0112346994656
356.9709265490029 623.905969646162 634.860260816878
408.9454235089778 624.6062759851201 634.1593863636692
608.958798228376 644.559270791316 632.9577898406313
649.5693892039835 650.235608458654 633.0608587377224
612.2595236617835 650.386423597541 628.0232234012166
605.1740027365878 652.1037110766968 605.872305028048
612.2244526950622 652.4158949627147 604.4189253875238
624.3498887901956 652.261067364901 603.3815774332913
636.4753248853291 629.3843456942379 603.0392921021853
648.6007609804625 623.0339818271527 602.5522798894715
676.8368226002106 619.4143672611356 602.3450689294452
682.4051231255119 615.20098341924 603.1745503299876
665.8174247509951 630.2116787658879 607.100592329221
686.635973137948 641.440365672883 607.7957133748763
688.7668025106746 640.0361375090084 609.8169149437008
677.9790946090534 643.8324704455345 611.3634485095108
675.7460385050415 647.8908087015898 613.3871094252552
683.3001946962521 657.4126547986561 613.5468199922113
697.7254744550776 664.5877890101576 615.6734087488867
783.6887903102696 670.3170891451299 616.9442813620794
809.0113889112031 674.3300399444494 617.2318273279661
774.2889523340166 675.3615698275999 604.1878257114738
781.6102671240017 675.1422636992643 589.8524748147945
749.6309229480947 657.60751764532 584.8961699788888
673.5182708116618 628.5509194138813 580.0985515611558
759.6126512248405 622.2036717902107 580.2210916412652
744.3873601631367 618.0295208124601 579.5248053362341
735.3783833748402 617.805257015546 577.4361569318387
697.8478872290625 620.4168693918703 577.4365633278114
691.9118116508347 645.8075651077916 586.520464276746
747.7784681664165 650.5018519929397 594.266006468978
787.767383322578 655.2943935617011 593.4399575057512
709.1468602847594 659.0557250477866 593.8521871697948
708.509191730197 663.6824812541286 593.2222427276839
745.7764753097546 668.2598137336643 592.5273236542577
768.6636991276612 652.3266477130232 592.3863455283237
772.3843062842359 634.8076042645641 593.345648209613
756.7029048744637 630.8125239726503 604.7702970956274
768.1292209841795 625.3282961777418 623.4656253367508
752.7220121921355 627.8082999446976 626.1470424225677
748.2824661521722 639.4353916461281 626.0209624514922
746.7136333984371 639.0163403438563 625.8155330086981
717.5424043257187 640.93006040293 626.3063296652688
712.0259865628155 643.2794153515654 626.6919651533335
716.7707303792263 645.2589546787225 626.3440494817097
745.9665216345993 649.6842397639682 626.4871337677796
697.7672519150833 653.4410081229046 621.8045915900491
643.0032510966303 654.0704478922771 589.1731689861911
675.8365562594648 652.6641514524715 549.9176833608636
716.8286137312089 650.3893064926575 510.6621977355363
719.2841092015351 647.2644359147195 505.921547644635
722.2148786042902 645.9097503176077 592.8993878495826
695.352834229376 632.8333218747073 619.1422195032268
667.2706871183871 619.9003952249103 623.4683791458513
695.2226617608037 621.708123387612 624.0758962381427
705.0353829782562 627.4535839406768 623.2307616454117
704.8243449130082 628.281261757641 620.6553216952964
863.33822932763 647.5384987941042 608.3773005586212
785.357525396259 656.0726720394625 598.7516565972837
784.2010628754465 655.1900487644787 599.2030123422278
784.1277000591166 653.9977023849935 599.1016105116634
769.7059874742615 653.5154933128977 598.4014120972644
723.7992207901414 653.2016545487543 598.2011241085406
696.9918680397848 652.1847897643735 597.6004850391373
652.6623046635923 652.9640112594261 597.0503350307085
642.1801482912783 653.277430934291 596.9512102610478
627.0249705687357 653.590850609156 595.8030407148004
615.7548213371942 653.4408925067362 595.201646503099
621.6574555969854 654.070332609575 594.4005383577643
662.4865490911554 653.4408925067362 595.4020363115369
648.6342037359215 653.9803131593488 595.6024261199748
637.5879629440105 635.9337751627841 596.0034305232383
640.9285375289096 617.9178748021455 596.4044349265018
635.5537033989856 617.6149690543454 597.8036885132109
647.2563149035865 617.1064260647601 598.2048888451964
694.4403447092427 617.1064810141397 598.2566713431249
691.7028441423902 618.1088830322233 596.4560588204815
686.3622734061064 614.4208923307547 595.8080647322593
681.0217026698224 554.2415271418458 597.2589449359441
675.6811319335385 598.3481696987152 597.5117861801034
670.3405611972546 640.4025884879745 597.8614830131212
671.5253338371772 640.88102695925 597.5052620518418
668.9934783321695 641.4361149491428 597.7058763445914
668.375847583673 642.2105576284561 598.0515752476103
675.8058078542305 648.3725633993174 597.4005064452429
716.7497147730878 655.852797321953 597.5508568781567
681.9690439362311 653.7439084629542 598.8001210461955
816.3126719918082 653.5880987424318 598.4000208848503
754.1709875448705 654.0589398551533 598.2501546053741
673.1208271774746 652.4944444207936 596.9721987917441
725.9170067827979 653.8998394249688 591.6597905493621
739.6113996852716 636.2491275624266 586.3473823069802
707.6968691015271 622.4261740991192 581.0349740645983
719.6286443135614 622.1226503268122 575.7225658222163
704.8012959107512 622.6149224527647 598.4194413868231
684.8833716316055 621.9143095122347 605.562640296523
760.1158241155155 621.6116150780969 611.3821589336521
731.5052817344666 621.6116150780969 613.7574784061871
675.9813359500828 627.6025812566421 613.486921043266
672.1172295106562 629.6062335991439 612.5085679305823
669.7740596112667 632.5198875122802 612.779799296738
669.1770546269865 634.9255861910118 615.8078336695487
665.1682048862148 633.6424398263523 616.038072456988
661.159355145443 632.2398674553828 616.40943378945
647.3077998556134 630.0447149740199 618.3681094886101
635.6174132212227 627.2401920133102 618.6522308482831
636.7420960229649 625.0450050911234 619.6326192062063
638.3787595667313 624.3439299410684 620.7393275437983
638.0863969714446 624.6487012713626 621.4982741339597
636.7279621471744 633.7655806303583 619.9014842075085
637.2121214444704 649.7802287607869 615.8575701432424
643.5270222785136 650.0069282510916 589.5765435969104
646.3698003132891 651.7218760285676 589.0230087814567
631.466322458941 652.2624088509164 589.3071724478577
695.1818940581066 654.0568797911208 590.4292793990919
795.6244217146348 655.5506471765752 590.7136202300842
753.632395445583 656.3284196393 590.239990233142
757.7494780323358 655.624892754996 590.1773038672361
781.726922818403 656.3280429785093 590.4630964950933
754.825033017602 656.3280429785093 590.5879116619633
885.8678554087309 652.4233673274871 590.3026900001112
571.3618141181307 629.0718111948554 589.8123284426517
827.4000665261581 628.0644871348801 590.1602364704096
755.6940761671732 626.2661175570654 590.1445422940743
733.5128429288202 625.9604620101816 590.4923758753764
731.1837224108274 626.0511161239152 591.5358561406889
729.9692220084396 625.3499020548417 593.3543247412817
728.754721606052 625.0449983801167 626.5936489373062
722.4549612396543 644.2325503753982 632.2500570903455
714.4601142185863 676.7961411790011 631.8745893056999
706.1064113518125 678.5988652711264 631.3054932383774
704.0801740033053 676.4924828099479 632.25024217496
700.7083915581431 675.7976768234706 632.9000711012758
703.9006517561711 674.6897435117863 632.3052238885849
704.8242793786651 673.0190034991758 632.0990413571047
703.8446368254215 671.3488288512909 633.266794471064
710.8211049514235 623.0374068180154 634.025081276428
630.4375624500099 618.986407708035 633.1238803305246
668.8591645287995 619.6499112148404 632.8827732629339
690.967991092044 619.5290620214903 631.9654934109521
664.8264875569129 611.3803363668326 634.195040741482
661.0569700854455 592.8886948554007 632.1575369345975
662.9339581586114 574.3970533439685 634.6692051769961
656.080594864243 574.8337623881539 620.4791787962106
639.8911227745882 622.8441920481368 587.1121222893509
634.1579603909461 631.1064865801186 562.3018590502786
632.7187576196932 632.4274553813925 537.4915958112063
630.594362486694 632.3325134483343 557.1215168471809
643.1560929220636 631.9355543063116 610.5079403488869
694.1891500008462 640.7451003546432 625.1524796596616
635.3559970947681 645.3491397133196 628.466829522027
638.0399111117927 646.7477246915525 634.3728783476736
637.8466016103514 643.9055593763263 632.1718202474733
638.769659349561 617.5217733479146 632.9159364468337
636.8500608463503 611.2487251252295 632.8385811332977
634.671778313687 605.9416249381504 634.423797533797
651.1935745299944 595.2881952458201 635.388964413611
637.7005304763984 588.0064415702977 636.2143006363895
636.3467729579647 586.4931818189586 634.0545487145677
638.2368290846275 587.0196556844512 633.2777791371847
613.3649570326056 600.1432686480808 640.2680498984803
609.0941388864716 609.7780836807411 639.7780901703635
608.1518445328609 623.2227983995863 638.8789616392648
623.9865528772987 631.4160795042097 633.344557523551
740.5245432683403 632.9514847277376 633.6861366203585
656.4247345440037 627.3993643989083 631.5418264448879
647.6036635095675 624.6274097689598 630.7880939685467
645.1038796046084 624.5399522944547 629.6138107139972
740.9590224540177 631.7258048365545 628.6378967774074
931.6260821732799 656.1416364361917 628.6378967774074
694.8380841310016 654.8492544316962 628.9115456617583
638.0673811590389 651.3295529917684 628.4975506200285
640.2928817138575 649.0843550725899 627.9518826340302
640.035527007799 647.2917874391455 617.8866364498401
640.8388931890652 646.8424441776313 601.1475112819467
658.1048584969947 647.2265831994233 601.1100099115899
671.5098982103256 649.4692063523875 601.0763975395956
668.0277454011826 651.0101765717645 597.9452735274281
665.415201207798 652.0997996832698 599.9639369020462
664.8310421585604 654.529906517942 599.4627853748848
674.2524005372453 636.3184695741602 597.8719404515236
678.5574138969552 620.3491720748655 600.7649349506461
674.6454259228467 619.871962585823 604.9258563892485
669.9934771414609 619.9558452018982 605.1164312937407
670.2675419839607 620.966987850401 606.2285711369921
624.5147633037734 621.3601246614373 604.7922998611281
593.9848380284582 621.9786203818597 605.3701934940595
535.7900251767958 623.3830316484647 606.1378812686085
544.7816430492978 626.1919865490916 607.3840399175904
553.7732609217998 628.2212895825393 610.2985874740148
562.7648787943017 631.035522702179 609.6642518632694
571.7564966668037 634.8570799587037 610.1987381173449
580.7481145393057 637.7403907150965 610.3539956451501
589.7397324118076 660.4905487533435 610.087142270433
598.7313502843097 664.0206318374355 609.6642518632694
607.7229681568116 665.5178300778432 609.2415366666984
616.7145860293135 666.6076981406459 607.0954913931329
625.7062039018155 664.9731772019198 605.5046108143507
634.6978217743174 632.357898516171 616.2335783642727
643.6894396468194 629.899684114688 623.2350683441823
652.6810575193214 629.0422296701477 622.7459353540576
661.6726753918233 628.4539113899034 623.2747524638644
670.6642932643254 628.8385034236205 621.6409064905024
679.6559111368273 649.5635048057927 622.2189456396311
688.6475290093292 657.7362102524496 621.1139299704801
716.1252137305257 660.8945667610858 619.7197060498029
623.5135547372597 662.6229154135291 618.0366204680333
615.8623689193487 662.8470788952758 617.3397228189792
605.4898307158167 663.2639942458925 616.0660135182836
555.3561278904526 661.6705270509656 616.3087031023958
576.2185703773638 659.2546630417237 617.7018147638082
644.8980290832392 657.0054673258288 620.4081973941685
724.2325792256215 639.3419360350455 622.0857403582266
743.6224221577692 579.7933492407112 623.3171996028439
735.3182296610603 555.4087674029463 623.8542145025499
658.7236893203977 561.5986655425974 624.0522192539938
669.2954801508181 627.2833607963947 623.3641253015089
708.9227147049329 642.2829599152635 622.5418321417025
748.5499492590476 642.3563236546934 622.3995870803301
788.1771838131624 638.291326747093 622.6842128826058
810.3912434026485 641.1193376805904 621.9428065413961
780.3657780982487 641.1194508329876 621.1636052992844
750.340312793849 642.843709260712 620.3670953736357
720.3148474894492 647.6274042801083 619.4307196882006
690.2893821850494 649.421358302422 618.7005200292327
660.2639168806496 652.1675398239321 620.4165451126748
630.2384515762499 654.6649906631635 605.5284326647259
620.6609775679939 655.4374493420406 602.8204701124373
627.6183734624437 655.4374493420406 602.1392072042131
640.6275532528562 614.9125179245113 602.7156672167058
653.6367330432688 617.6044410565589 602.4427358678997
666.6459128336812 617.8005261331975 602.71683200231
679.6550926240939 616.8000081063553 602.1945283710239
652.828439620939 610.4109344769035 603.0215951149358
630.2796352514235 608.216985094659 603.7261989863531
607.7308308819083 614.1011724463649 605.1979682273779
585.1820265123931 623.8032150565241 605.0629146510084
562.6332221428778 634.8634968255185 605.4682739715192
540.0844177733625 635.9114761388707 605.1831380587761
517.5356134038473 636.047561114733 605.6641863623652
494.98680903433194 641.2727997682148 605.9229108799782
472.4380046648167 659.8439376536561 605.3673318835787
449.8892002953014 659.215447056881 604.811808727413
427.34039592578614 657.8848683470384 605.064727790076
404.7915915562709 657.8092428660455 604.7187319207668
382.24278718675555 657.8092428660455 604.3088136210672
359.69398281724034 658.9015480327846 603.6168744524916
337.145178447725 660.3834113604005 602.9886604659519
314.59637407820975 660.0700720378103 602.4332795682169
292.0475697086945 660.0700720378103 602.78894121044
269.49876533917916 659.3671951812446 604.3304345991558
246.94996096966392 658.0384884157006 605.3796329577003
224.40115660014862 657.0230209056605 605.5153644433507
201.85235223063336 657.4922052769904 605.9968073213201
179.3035478611181 655.775304506048 603.5548682638305
189.1467477119833 654.8419706696968 581.2924120485936
185.9111465161185 655.1528497097172 555.3260043613566
303.60434044649674 657.2604126219683 529.3595966741193
387.6357154286117 673.9258393303782 537.3999143841841
406.9672494055526 686.0694206856913 615.2506799940824
406.49968675729826 685.939307133265 622.1621024709984
391.211383986011 685.9390790854816 623.5603150626998
610.5883483849462 685.3745451561492 618.9619424935337
615.7761751238214 647.1178717959376 619.3712511579474
792.3768690967779 639.6478497953251 618.413545754168
779.7209008139381 636.5712780060003 616.8833153941798
691.2123287594278 636.0876137916537 615.8158031205894
667.6501192079908 635.9986983064614 615.5587597456787
756.3241907320796 636.305768032171 613.7958302234416
731.1803297504684 653.9804789085972 611.8866899440434
639.6798451429195 655.1620028664667 609.9785418057347
560.8536877552713 654.8473104472523 608.3259095282358
552.6089297335282 655.1620028664667 606.5783108151049
544.3641717117848 654.6078226304255 605.9327520443172
536.1194136900417 652.5737506213378 605.1802903279033
494.868988265128 633.3725541441318 603.4866426858378
608.8323070390591 609.3871802281999 602.8419467959619
600.8627602135939 597.045991774152 601.887814212583
595.4400239048864 584.704803320104 601.8873259719727
646.8831933884015 621.2094045592421 601.0411702242318
602.5281105344068 644.2553073334775 600.5437821493636
610.6004976003502 637.8007614904307 600.1946013018204
574.5476048327656 632.8770542706767 600.5054096366864
583.8012582242579 625.7852547290519 600.1560936408675
624.6479737145539 616.2850395717877 599.806841404747
626.1455501718431 612.7848317313345 599.5124085704344
627.9432219953947 611.0382346023563 598.7589971325552
661.6972767022535 613.7505041362974 598.6496580431259
633.5811204351064 577.9157611818571 598.3548278404712
634.0168423156344 613.5076295178267 598.3002983674139
630.033557120251 600.6007653849019 598.5410702676124
641.3272177231656 598.1620299172422 599.0380491472836
628.8773460782952 618.4004157962574 599.7369238215838
621.6800842055789 617.5099867956455 600.583572771893
607.6695684872036 619.7748886541285 600.6150922159466
587.6173390962485 621.9937700652636 600.7567637623285
567.5651097052935 619.5654110255589 600.4508205552359
547.5128803143384 617.5456153967998 593.1216569006706
541.6616396941596 617.7331543635974 584.7703127848308
689.7309896127756 618.918613389515 584.8065885145008
663.309180070218 619.1111278019872 584.8428642441711
786.4928698012566 625.4010437932211 584.9681533039809
692.9728800173891 633.6041820396518 603.7454681354811
650.8313481498712 635.5018415133867 619.7163549509719
663.0242726913906 634.900385887424 629.9324024284206
682.3114150143006 634.5017730471681 616.3140120255321
676.7748082742162 617.186558224834 608.2808922451811
672.5804894219114 608.525609789317 619.3823565207433
657.3315125694027 603.24656795341 627.696915166649
597.0580476630926 601.170795473945 627.696915166649
654.7855719395297 599.5291902818411 627.5157610035124
712.5130962159669 601.0284571540095 626.0617646229734
687.8712312565727 616.0767190960021 616.8844263897814
757.0013551915415 623.3258875171334 602.8434843588043
728.4748595686676 627.2204783132581 601.942132789831
621.2963217599867 628.5719239760097 601.0943108679986
620.8374043313355 630.044641275521 600.1927405473032
628.654133966224 630.9315829702882 599.2913654768854
729.8774013361799 633.6062610851643 598.9501402427991
591.4865735783117 635.4001968156247 597.2262065145908
543.8250441935187 635.9012577019223 597.7278064787909
554.20341368346 637.1062775894808 597.7555996881135
552.6784196046219 628.0070697404985 593.4768592961502
556.436332325289 617.3116737742596 591.1128239456822
770.2625331379691 615.1265416301467 593.1151464561005
681.2476821287833 616.4186888795634 596.238316123615
592.2328311195972 617.9066428666724 596.5175985826465
528.9540370194503 653.5190242035762 596.3781265661523
532.0130501929528 655.4639578191924 600.2611704388007
525.1631028979723 656.7108591724766 605.5931460748932
522.8769575806745 657.4136084125148 611.7030159109327
523.9259849642212 658.4287374896955 613.72238095749
524.1756026926357 659.6003734829642 623.5744368698681
525.9087373299668 659.0570182067714 629.0115299289246
531.429991749087 658.5170110154054 628.4012937441694
704.7152826033162 657.1949133379374 599.0775774496964
825.8541651583978 655.4809356317521 599.977607759866
732.1439489636102 654.1607218413529 600.1180779460619
861.3766060422658 653.8520474847502 599.4928948259521
766.8120042197193 654.0766445965388 599.8414426090957
807.8302330968872 653.6839100600935 599.1471704551655
428.3300512568359 654.3030643363976 599.5626171115111
266.7092724779202 656.0177207972358 599.3549260697501
271.00047923093666 654.6955399267663 598.9394794134045
269.1028408088197 652.672391020181 598.7318530789098
268.3009700626507 650.257375728678 599.3548614969266
262.20840947612646 649.64040436499 600.1194313781741
252.14331242370875 647.7075685792828 599.7703727260958
226.69161337680248 639.651430903398 600.6017815491392
175.42903845197583 612.6276722992645 600.3938971909138
187.9411854412768 611.17202979194 599.9781927793922
184.51849132397712 609.4343689028376 599.7006504405367
200.04838747190962 608.5254719401646 599.4229155869598
322.81315678297176 607.6665765402382 597.8286271217934
479.4262271571811 607.3806467117635 596.7883956420578
636.0392975313903 609.0996777649518 595.4712419588371
650.0687001607005 611.8696067038838 595.5402968997271
683.747274525315 611.8473688404681 596.6507679209383
666.5278230736917 550.3214180220559 596.7898538774598
661.6592511348679 600.3934791455292 597.352074735471
663.7016538809528 609.9863446388733 597.7039400907443
669.0636772183661 617.764508436384 597.7039400907443
653.174133355928 610.2565237232625 597.7710644505305
655.4100254875445 602.4136495449088 598.3982787408399
671.2421347388117 603.2408962802513 601.3094255243343
790.9688514169206 621.0199053902131 613.2935809083306
634.0399905173617 628.4126455134096 613.0105815025732
614.6243371664241 638.1977634021887 615.2124470706389
602.261097843779 650.7087845009257 614.52955232571
618.1254470395124 657.1266242438721 615.2891562723601
616.2801363213987 655.7001231797091 614.452465606588
617.6166243280966 654.6825154954247 614.3761201052255
625.0300465905075 654.4713246765723 607.2631471539928
623.949496097491 652.9279216943262 613.2200509402327
623.4429651989367 639.8832115842525 618.4592925641173
626.9995603737502 620.7052996909595 615.2662509475006
650.9339945138682 618.5034383429877 614.2039738812023
631.9431067700303 618.0008090609591 609.2415366666984
627.8896828698237 617.3011100164027 607.4393561048303
630.350140122074 615.8083263695967 603.9679348550197
635.7973696485262 624.346820059654 600.9346886309693
619.943214778941 625.88983531935 598.1361010219243
613.3245710895712 627.2187300768164 598.1276411013303
614.5788217603656 631.4423273467619 597.5904073557726
615.798310182425 634.4023102003835 599.7223262844403
605.5999893837351 629.8328109776191 600.4783509836137
604.7960903470866 631.7011511109655 600.9565249995919
606.5690766940301 631.134023031482 602.546822971025
614.386920167804 629.4223117153531 605.0402331134313
612.255431438399 647.8918615599996 607.3279551706391
627.2631845989462 639.729158739061 569.5941903316275
705.2717999614567 638.3382372281951 524.7699305509186
633.4870110923191 641.8426598474115 512.0896737436326
625.9535128944386 646.5248214419713 499.4094169363466
670.0827028727124 650.0751830848926 522.7158133130969
650.6698578501982 652.4985835490072 598.1788371463131
648.2820912396402 654.922213102723 601.0230761347023
644.0077176168323 654.9221285025103 605.338479716951
629.9842187005103 651.7131270735614 608.0369360577522
664.6976771205884 642.9296075326847 612.4621379726854
706.1585414785629 634.5107785287933 613.2963154276999
666.540922635816 630.0059219782759 622.1003839665616
655.5594233179145 629.0094759643218 627.0495882358766
658.5996903520368 588.4104605384213 626.1960228892601
638.5387422570361 536.5768819072669 627.1609922713105
630.0639721215271 484.74330327611233 628.0618035727241
628.170954939892 626.2566268699587 627.366423325422
625.4530591700629 646.0439463772783 627.0187397518514
627.6252115594336 638.6787877382053 625.9894828645038
624.9276527717172 634.0281545160092 625.7201818419683
624.7313999636682 632.1050150082597 625.3880175178448
624.6960678962987 640.5095673389719 625.6904186576617
624.3950486207372 648.5032079639475 625.3257087203929
621.727089732142 647.9038579791728 624.7554183331895
628.6661550642955 651.326722927902 625.3885789928052
643.4566457000741 655.0764507448375 625.6190312094867
701.6671573686262 658.4575952323582 624.3443222800515
834.6058798384545 672.5293804247332 623.4916750865191
822.125577309977 689.7938260595625 621.3804278721724
757.5665536397223 688.5266436069346 622.2063655181196
706.0657426108562 686.3036301451082 623.4681388632008
654.5649315819899 684.9174722565458 625.5539527505789
634.7483520558754 681.734002379227 626.764051675523
655.0700750629626 676.1934278295912 626.3538131312611
657.0870007450321 673.6980187869829 626.6725902247622
659.1039264271016 673.4235447627052 627.8287485490512
661.120852109171 671.895282407171 639.9081926485239
663.1377777912405 670.3595592940658 640.521533980668
631.8495463920158 618.308417530804 640.124078223519
672.1477107785367 618.4118057347484 639.9253862756188
630.2211830811839 618.5165007842553 640.6401985852605
608.3086371933755 619.7235270667073 641.6604683909693
622.6395891710908 620.4226472582684 643.3918461264245
590.9833120871785 630.9192796337018 644.2343591469792
599.6564392950256 643.1536310312443 646.0210961472787
605.3925589842286 645.6908113541969 646.7234931649866
601.70953396182 649.2467981193786 539.0924797512167
597.121268973812 649.555351545323 539.476313457758
576.6923665283446 649.078118829243 539.8601471642994
615.2170400650303 648.2926839869342 540.2439808708407
660.0094377023935 647.6737218692758 624.5640828483865
613.1158533267899 646.9716045014663 608.3764592434461
566.2222689511863 646.3116494558477 603.1026540374162
635.5520121842513 646.7048219951878 609.5344181336076
517.2520861211336 647.5345932487895 606.0833410932948
653.0552572016743 681.3437069129752 606.7534368710094
629.6581510961109 680.4323112642226 606.341061811577
606.2610449905476 679.7330956486198 607.8858856726318
609.1122669081869 679.6613908048137 607.1905957140873
658.7109666784028 679.243562237034 607.4482117366451
666.3516661305359 678.5511079790753 608.0142516903173
668.9700140727659 677.5070072908046 595.7501170216531
652.4776268280685 676.2548558138689 593.3960033131989
657.8605910745096 675.908462737374 593.3993619330433
657.9742804566632 675.3578680966115 591.0618196589508
654.315744785576 675.2204129808956 590.1192051253009
655.5306384951351 674.4691399941419 589.8768321567885
662.0948475916259 674.1310520210554 590.0282435297543
624.2902701182559 607.088497196937 595.1363545611667
643.2965380326648 607.2227060912358 612.6892726610067
662.4079550907593 607.0766868510032 616.7225232043252
687.5946506922289 561.1846036119828 617.9621752178688
671.3753187337984 531.5012918494815 618.1121091448458
649.1144967125393 530.5615998747462 618.9382037004987
656.7013772801179 529.7421483973878 619.0890485221007
655.4809989491682 529.19905187472 620.349296767555
626.2045174660354 538.4072253165472 620.8384432064081
624.107302145454 570.563393884117 621.4567563394899
620.0936902318059 569.5714133479603 622.1646525710978
543.9366991864922 568.4681169599576 622.7056728508478
616.0023571775753 567.3653264180068 623.0532340863307
542.6300189695149 568.5794456451542 623.1305909794281
595.5766845190777 569.2776124177026 623.2224332640085
565.3814510449758 567.4466031310719 622.7014682564779
613.0911193266205 547.422785000831 623.1297046900518
599.9803888891673 559.1469831062764 623.2108822731254
586.869658451714 570.8711812117215 622.9440183515691
574.5538144710772 625.3581628502516 622.7391773769939
548.2178986117942 641.0250849383704 622.5959734859116
590.8257092058534 643.1088482564586 622.5347258582028
550.7956178142772 645.4038199599813 622.1249212794723
580.8905452449463 650.2831803700124 621.8380014119433
560.6214557758133 656.4783788096029 622.4118411470013
563.9449857262891 660.22469842487 622.4118411470013
584.5834573719877 661.1628755625227 623.0475473867044
571.6144544618205 662.1030886500984 622.3509832050648
567.8479557514061 663.4343609069508 622.6992993153287
575.9562799005522 665.1551706438386 622.4118411470013
594.1035926731245 667.5796962239672 622.2905151776051
583.4731294993996 666.8629919256279 621.964897132264
561.0884893203772 665.5408728972486 622.577906771514
532.5528175578925 661.1749784302149 623.5629716773849
599.2095306751185 618.4211700623439 624.2596950461866
620.0574635338389 611.6728236004558 624.3439223195556
647.754512626957 604.9244771385677 623.6138415391558
633.4023707028864 598.1761306766795 623.2915317280881
649.3930356526776 618.8078233124933 623.3503060150726
643.566728127088 626.5599742045952 623.1466493094408
616.9140485871064 632.5854891144545 621.6932523359088
614.8593853674959 630.4232416530931 609.8031645950844
609.8690537693428 621.8244950698265 603.796338547751
629.6538435882954 560.2482770418801 602.6823532891754
633.1129498727382 564.0288338410683 603.0981867528936
609.029483155844 567.8093906402567 602.682608469557
623.0638095097052 571.5899474394448 602.4060255973009
624.0878036262811 588.2245178349085 602.1298250652061
604.0329182826048 616.5948204952579 602.6885430091688
642.9434636226915 623.6834796853991 603.3916015067572
633.2081229546852 612.2378801868729 603.1173186039347
626.2220928103939 595.9400598856198 603.344322108175
513.2242938757331 582.1009010476289 603.1571716442108
400.2264949410725 568.2617422096379 602.4046238699378
287.22869600641184 554.422583371647 602.3441099326305
584.9602188594574 597.2705591429437 601.8793170501784
585.1526453188769 622.7476944077468 600.1520832182065
612.9221959789671 634.7038626401954 599.3857224435121
640.4173359983395 635.8417031078783 599.5802089778177
599.1559114268737 633.467654413953 600.0606892453453
570.4345333980896 631.6743623102017 602.554266323142
574.9821546974546 628.7615412096218 604.0112301329665
583.0563192630665 620.5751449558298 604.3567496085216
623.8675167308204 612.1131954166385 604.5670542947541
717.4220038198366 613.6376711314068 606.6421386279633
665.1291841175441 616.4158931618717 608.8365954835501
581.0697393637718 618.2283299201888 609.2693219232818
596.8958234404836 619.4844101577826 609.7379199082109
550.7305295868298 624.5225377813513 610.9112046770791
530.1793715182707 635.5301048047154 610.9112046770791
520.9169611318387 640.2925112790247 611.7503575806065
514.838375455889 645.9345295089473 611.7503575806065
520.4062966309718 651.4955989550476 578.1942870774276
518.8448708429139 647.9351658242645 546.7413782411178
573.6645133737798 639.8517824476783 548.8216658285038
685.1297100555416 632.0903955843073 550.9019534158898
871.6041063212717 623.8020519363495 511.4230934502657
515.0931862357372 615.657395198066 587.4006214017371
512.9931316442296 595.2115784243447 603.7300953053514
517.9033728961506 585.3854598537068 606.6883432327454
522.8136141480716 573.8766793786706 620.7926152510838
527.7238553999927 562.3678989036346 636.7832433989369
532.6340966519136 550.8591184285983 637.2634264197968
537.5443379038347 539.3503379535623 635.9679251338162
542.4545791557557 527.841557478526 635.4919354327009
547.3648204076767 516.33277700349 634.6060588824578
552.2750616595978 585.1667171154379 634.3591966869622
557.1853029115188 895.0288189883379 633.5663598144979
562.0955441634399 741.2529606257864 631.6977645225911
564.8332559555179 765.3713781939794 630.2342452298935
564.0926812249584 651.6229916891291 628.8328149287637
557.4113916403753 622.9440064982972 626.2632911269332
559.9671661341677 591.5079543045108 624.0418032914458
559.3517967867765 581.4863261712685 621.6165524540062
559.542613139937 570.8844649292536 621.0590712375695
559.3573362679687 562.7312674443674 621.1272861772013
541.8749530610196 556.5961809164464 620.6438087339255
518.9410802981715 548.9845497715089 620.1607497393038
575.8969032661685 540.2344714036165 620.5077211357793
577.637460640361 529.8615993207447 619.7432772712448
768.6035730250217 517.6824777266995 618.9807796293185
698.9822419172538 501.6009341268129 619.1916100852789
629.3609108094859 523.861488015417 618.6339297133668
625.1854573251466 549.5975236192537 617.2446406595294
583.3862463147127 575.3335592230904 614.9602204557441
583.1747734988714 601.0695948269272 613.8711897610187
604.0095408214082 626.8056304307639 611.4839389762674
577.4321980630086 652.5416660346007 613.362268163616
577.214594135793 678.2777016384374 613.8060778824844
498.075363858019 704.0137372422741 614.6315602558585
499.79538185735527 805.6916315009696 613.7696993856426
538.1358975658461 732.2761466263947 616.9475903503472
541.9015325157058 683.5803653058146 601.493111805145
612.2528015731355 666.5015393861943 622.7236506154761
591.632594425759 685.930925304331 621.8222692732195
568.177249375256 675.3881425230145 620.7108374685399
584.3960303348144 673.5676749753859 619.464502484228
590.5994495692757 669.6897579607587 618.9767801944522
608.6641305766966 665.9294232473976 618.76841848225
608.2849423969271 664.4063687560256 618.7016610101566
584.3636387378647 664.2374938576921 617.9483567606142
605.684026407384 665.5198465247984 619.3614654627759
604.3054070371707 664.9391589623979 620.0931185364129
575.8447092473857 668.0906854103564 621.640832222502
323.8627771494577 671.547774062994 623.3172696784031
439.57662686292144 672.6242175028387 623.888145720679
555.2904765763852 671.4172237051112 623.3553873724495
671.004326289849 671.4171661682376 625.773532962688
755.0042989715271 669.9139209910575 627.7973162323128
606.0182549379833 666.9261669303346 628.6157260197389
687.0893111528342 663.6447941293927 629.2704869324714
644.2511213715443 662.7310256137697 628.7311808693437
724.7679909630796 639.9854414459647 627.8522922552461
709.6042743849962 624.6681783412661 632.1617085370149
712.8364402205837 625.5337720699019 632.5574702584051
714.7988101586866 625.704602827884 635.6508904494634
712.5352419657463 625.1799740874623 638.4003329276376
711.9367311316041 623.2055568699282 640.6503157646971
705.7224532545508 620.035819784878 642.1021978559364
698.461653226304 616.2036867494724 642.3509073041026
695.5851133613439 611.0077589909808 639.6500507861904
703.1249653912312 606.7112683347814 635.2524561972632
681.2780285982957 604.6465736761045 635.5067744258209
887.8421471057638 604.9597094022047 645.7717735964627
753.2997219529361 606.0709529419802 643.9460381118903
656.5351035363216 609.2344166783726 647.1358162536451
793.5407334139943 621.4520466485623 649.085120550342
661.3152378998991 643.0277886868915 651.7711949396391
673.3924334555865 642.3960337093395 651.0232398705579
704.9984121734461 643.2762519504811 652.6081462161471
705.7620406489472 642.8716823752621 654.0030654181747
702.4253520171887 644.0855921381878 651.8010165390272
701.1393559851538 642.6890772371971 650.8501381003236
701.2591010139413 642.508574741248 652.3079866608127
708.0544375247575 644.895559586603 652.2269222626737
707.7577375841287 648.093484038197 651.6444245874052
701.9574633339802 649.3786751314276 649.8614289229992
699.3875245566367 651.4737233491368 649.2874575301671
699.908565456946 652.4662826537476 654.0195907150472
684.5371318265145 627.8462225842563 659.8004418834316
680.7530859464175 612.5736039381261 661.1632611634332
686.207702654335 609.9458992402523 662.103131518083
691.6623193622524 611.3634352821568 663.738727010262
755.6456423907347 612.9131259811622 666.1050888847026
751.847370308026 619.9613736324966 683.0876412398969
763.8226486335991 638.0282813084164 680.8092906561242
767.9581574357098 639.1107396156617 666.7881875533832
767.54648403286 637.3009493167259 663.8724571429689
762.5355158994687 634.6062488349078 661.9906161720728
757.5245477660774 543.5420190081594 660.3602540899678
752.5135796326861 422.75076668324886 659.3166082347954
747.5026114992947 343.1473014315741 659.4205350726589
742.4916433659034 263.54383617989924 662.8690374773573
737.4806752325121 204.04217609008924 593.9200050253718
732.4697070991208 187.3953590702252 560.1478052229243
730.5762565530963 187.88549463595055 526.3756054204766
727.710450660151 193.78552186783236 492.6034056180291
728.353219849381 212.860742735114 564.3281219420137
728.9447250616402 208.6554762736221 602.7342188100565
737.1488868044758 215.32243256637037 611.0012652588022
731.3117578445879 226.2752751011452 603.4322298675102
729.4245379304186 235.82275945265738 641.945059691195
729.7680149830245 241.83489781090225 647.4199927637424
728.7158072450983 246.07748646640675 649.2796840249412
736.2546293568337 248.9018380813051 648.6058889626613
734.7633273867596 247.4967214792041 647.7721428270518
738.2650971765349 238.91927939518013 647.9311273955125
737.958182288579 219.31316496532705 648.5811777812331
738.7409738161397 216.76671456364215 650.0239338414524
737.7894186920073 214.4909551330623 653.3745226322877
731.6189889553707 215.05464421862644 653.6287787993108
730.3597363521249 220.01610088362276 654.0784370835258
729.5509057613017 224.71874822488786 655.1647412092374
727.7986498539108 280.6029009065908 654.4607387764012
723.3715155874446 501.1842322578537 653.3090403257751
737.6614972068849 608.040547382796 651.7085562159709
721.5450147851265 609.8426143922965 645.8851658143097
744.9173612072248 610.7802387111096 552.7902665784366
754.2721452001828 613.9324067028878 500.67494676520295
759.3044536918151 613.5228194615095 448.55962695196934
759.1886299527825 621.1320777339845 453.88200107447517
759.1881091820499 629.4267232966837 587.3314229179615
751.0207183787206 628.2436527200375 583.3778093271737
484.14128150637174 629.674717612197 594.6816748148012
401.78158157269297 625.1917018694917 591.4456208666875
406.4469396526256 551.7337804139022 596.0140808641864
411.1122977325582 449.3200761014631 599.3714299654955
415.7776558124908 346.9063717890241 603.2719027065675
420.44301389242344 244.49266747658504 609.6038387418423
425.1083719723561 244.59269109143725 612.8061801579256
429.7737300522888 246.3122056179717 613.3253622670434
434.4390881322214 242.67369767909986 613.6430668015598
439.104446212154 245.35971517928192 615.1537073512217
443.76980429208663 239.00534040715456 614.1952024256911
448.43516237201925 253.72416742048526 613.962724149934
453.10052045195187 251.7880367495763 630.9100770977642
457.76587853188454 252.30481328432802 649.3116434911096
462.4312366118172 289.29494210044595 649.5018349787892
467.09659469174983 368.1656820887391 647.7386340905506
471.76195277168245 371.51244388718794 647.3865533122873
476.42731085161506 371.50168236252796 647.4187887735552
481.0926689315477 372.50302012742634 648.7629479445546
485.7580270114803 375.53361147017654 649.1470270585123
490.4233850914129 404.3469329242294 649.9482763488468
495.0887431713456 407.06337483091636 650.4925841232944
499.75410125127826 406.66498276049134 654.1645887829654
504.4194593312109 405.89565615914717 655.8397264378348
514.4350347377346 375.96964705791174 656.9477262202515
453.3056539955319 372.2960657906974 657.8435494129319
480.2054347568841 370.80082581137276 659.2887521134406
485.89552022894264 368.91090060231875 659.5909717393046
455.50319811299937 369.0138886275149 660.1076488306912
442.742946240833 430.82940550694707 661.1023801181229
448.0059165273482 565.2802766266725 632.6168105747911
469.1817235495686 606.3890474888697 612.3999421366461
458.28038284693037 611.7257083063262 605.3073705205325
429.0174930027085 614.1922124462463 603.3275767790435
412.0492510628193 611.9368083095526 608.0594231246374
450.65840084374804 612.4265547432399 604.7359490138651
454.27817313446366 641.8202630020339 614.2576425645864
460.2773958654775 643.761163944464 616.4778990361293
457.7372250164966 646.857290961817 617.581036085767
432.82443767375855 648.9042000556124 602.6558018427213
419.28896483233694 649.1519447831504 584.7033652967102
427.63631876434306 649.2005584639076 577.9706332079304
435.9836726963492 649.2003737295081 571.2379011191505
444.3310266283553 648.7500308285173 583.5605842984888
452.6783805603614 648.0500154178226 620.3407782275724
461.0257344923675 644.6038789972663 623.462161724212
469.37308842437363 645.0052243588217 628.4448279995066
477.72044235637975 644.9589931273233 625.8897856430065
486.06779628838586 643.5157426220885 629.7182318848418
494.415150220392 615.284944176213 628.9069883536039
502.7625041523981 586.0076822925801 629.6050450217883
511.1098580844042 578.3701999042703 631.001198620633
519.4572120164103 570.7327175159605 634.6741970088199
527.8045659484164 597.3341311415213 634.4919904425506
536.1519198804225 625.8986061958377 635.8210555282703
554.4874383624506 629.3674272820931 637.4452251664034
571.7800974131638 632.2092051134625 637.1538275801221
543.3672661939103 626.4086192639655 637.0963401991892
573.1852399568372 604.7786898407511 636.3107368567821
597.2980158438091 603.6217304601075 636.5721361004532
598.4149258252943 604.3894296270638 635.6427822022321
608.0422674505617 604.2682210046956 635.5565309376528
603.8977285398414 603.9380497572179 634.7145137481867
599.7531896291212 603.651664369587 633.4059389380965
599.3909065201494 603.775827604915 633.5243623711322
612.8998705970034 603.9009284274894 633.4390262685115
596.2372176592705 602.6072168390922 631.8672959282967
564.4361081202483 624.453935072645 617.8471773735864
518.5348755424003 632.1046195053474 614.4306307468728
534.6516312088079 634.6747954410076 613.8615479079953
572.2245414329282 635.6666473408388 612.6765266441497
542.0640322246181 635.5569708507736 609.1746251464625
576.3407993179499 634.749291434002 611.3635736858395
565.8033572190225 635.3192051537835 612.5025866076844
711.3927770041716 636.106236465482 605.1686695695169
645.1163615402761 635.3034707917154 590.836047920982
578.8399460763806 635.7001336811879 578.173124092764
567.2267435095584 636.0001965408501 565.5102002645463
585.5060644466207 635.9011399089717 552.8472764363282
597.5182945097001 634.600070910806 540.1843526081104
608.3875458197202 634.9005116830057 596.5035737457331
542.7234403203734 663.9450693401553 620.6935762436408
542.5787523746387 670.396357085586 626.00840086889
546.316597059784 669.1236806450657 627.869941337725
578.7026261848237 669.3887136783828 627.840107536511
562.0884777429685 668.9648720224403 628.3984495438632
582.2569318111249 669.7624394554862 632.2262126116627
581.615272703119 670.1854221034654 632.9993861718772
582.440966911344 652.089153471485 634.363590861378
585.628952465657 693.8729552205863 635.7080597736701
586.3217973092933 735.6567569696875 633.056657415297
590.6494894915827 639.4246204638891 633.4354742197503
548.1979425103711 619.4310318312862 633.9208885803962
580.7359551233438 624.8997089739253 631.812086625989
583.6309240478827 617.625675222888 619.7946706774119
587.4969313609836 616.7627850789374 595.8052011534712
574.4254154584703 617.0052005236519 577.3554450884117
578.1753908356716 616.9644088930314 558.9056890233522
584.2845405609298 618.2334366557976 540.4559329582928
587.3073351750188 618.7667169458939 573.629269074185
621.9227020815115 651.1742189388818 600.2477585730054
611.7783818193868 649.7832425997431 612.8704032763292
652.9685318017231 647.8003261901051 613.5911257894547
698.8068353413412 647.3290577569308 610.9749310040439
697.319148688601 647.2670742538455 613.014522667102
669.116766686523 646.3955938379484 612.4528817106645
681.1399470669513 648.2556711841171 613.1253378455818
675.0961538721751 636.1244445549953 616.2266844962899
648.4707338809669 618.4467794499383 617.1274301687057
642.1281354942716 619.5540140191047 614.7757832096668
633.0508970335394 619.7122972367945 615.9672320216396
656.3507402346204 620.1590521793582 622.1870005427967
645.4622561961579 635.9364451972474 623.5528568421038
674.8665215343451 650.4000769254947 623.6731682862128
630.8123876788651 653.205362831721 622.9745153316842
621.100181526077 653.3148238628296 619.9585333970199
613.1406593156845 654.6214554992832 621.6992642329928
610.6952006280164 655.7441629242649 622.042269385068
605.0474801374158 655.561901495402 618.1563313596326
602.134421217718 653.7633426129678 617.8682440502199
603.5603634210922 651.0492738960713 617.7479933274178
564.7821382406148 650.8365836135829 616.3542675835592
535.0497673828839 650.625973855239 617.0275964973094
516.3038960344029 650.4038431524175 617.353420890845
520.9681559323234 652.2034504458871 616.57454512817
624.3145887169952 654.6059883624653 610.6154378748988
599.6025195253422 654.5094279576278 609.8305092400675
604.2611872518384 652.1061332085795 608.6487471370658
594.2504760766631 650.6004918534876 608.4637101290476
647.8596774101902 650.8002765826087 608.8129819347132
645.5269567237851 634.7785064586874 608.9052498581063
654.4892658604626 619.7492310758105 608.2068390389685
660.827542877564 615.9824117922269 608.7579568268492
654.0537933030655 614.8760163473557 608.9600431564581
571.6871790589762 614.4306307468728 608.574153246751
609.1378388840797 614.0198846706658 608.0226729896888
610.697898052987 612.3435873953479 606.8840498810296
605.6316687907823 612.3434493811459 609.5861903266937
586.5051668439755 612.1864503564253 611.6129330477204
620.4680666339826 627.2697525931274 613.3359216121116
591.7882115003467 639.247035012037 612.4573752422025
571.4638231814376 642.1031181011872 613.3013809825876
572.0381977582181 642.1029901814817 616.1500511424464
585.864213881817 642.8012245116829 616.5894792598481
587.544557576513 644.4910053730646 616.6252397190636
587.9238274304561 647.1401800702951 616.8827571669465
600.2969158532334 648.3243108720903 615.7795972380043
512.2356965708265 650.6136807248915 624.3627780232985
424.1744772884195 651.0035660018921 623.4474656170012
566.4186020943116 652.800244985362 625.5317571700955
512.1527930144631 653.9000381994456 626.6926839876068
556.8774591728729 653.9000305857157 627.9142059230703
541.0634969751752 653.3003981480449 629.8349219130921
542.6837868979756 627.8237794803259 631.4681529404324
475.8493095971256 624.0209662604641 633.3910719294992
495.58278538969256 623.8511556107836 634.2091531979021
511.51231713298705 622.577906771514 634.004600265722
615.4465580289059 622.0026125347064 633.3693152259996
738.0980926581653 620.3226319111359 632.8773548256378
585.340961164597 616.6790694108173 637.1535365715814
549.8520705896422 609.1238734143288 603.5177971084115
565.3058851565645 597.0128730248091 600.9530070875428
570.4096863577004 590.5126090712914 600.4705969675204
546.8672550063395 584.0123451177737 599.5652728879361
539.1905228614633 577.512081164256 599.2159865555993
518.590676335544 584.3662565554816 598.246171080559
529.9223459249212 613.5800674428215 598.3834963992847
515.7229796318816 619.9202976343538 599.0770622794998
497.6706560163657 636.2933867049969 599.0770622794998
479.61833240084985 627.332657432426 598.0363578716224
458.25697065576696 625.5878177700617 597.6201399976171
468.9196084494504 624.0755162638573 598.2443704396067
470.73393751910305 623.7853523487886 598.7297973294064
457.7447432794832 622.9160587655408 598.799006345201
457.2693857475332 631.1693139102847 598.3137723422942
487.6150668849034 637.4450956749138 598.4537325730133
499.0415515056669 636.8633382117816 598.3148888149377
510.2114991140254 633.9008557101993 597.6211302628618
521.381446722384 631.2289712277324 577.587283389503
551.182833016772 627.8639716492867 554.4200557031469
581.1040511965014 627.984607420012 549.5963204556856
553.0833876156973 627.6967818939332 544.7725852082242
585.1080461672549 628.3933879346599 558.4804404474344
589.1139674485255 636.0589509966375 615.2442290407836
572.8265404041954 650.1206092312705 610.5037544294303
508.6921912035208 651.1798906600234 612.9160087715968
539.2485294494526 653.9409463066679 598.6116391453509
587.5522094419307 657.1169315373011 605.5822998715471
609.0368324830563 657.6079083817583 616.7537091079269
563.6503412523523 658.9042066190988 617.3920958353775
597.1956136508923 660.8002723970383 617.3063401958304
609.4682774402127 661.2006803335009 616.6949537543403
578.0681138461971 662.2001886552789 615.1248112756077
580.2056958700546 652.9028187659642 614.5443326123964
608.982900122825 638.0017709015494 616.5894792598481
596.7298427161811 636.7004081778239 615.5773765237194
630.9691440441509 637.2001255492657 614.6766741706501
640.1712696722182 629.2442201627991 615.1930591285958
664.9434988590879 625.2113702814083 614.8054546023275
634.4421588703894 623.7212919245262 613.1138785170002
655.9181044976643 622.4044103314179 612.6935728154642
640.2140863606965 620.1260012075011 611.9621579517029
624.2771095046708 619.4242042668257 610.5660108968884
575.7135350131789 619.4241277186416 610.3584319299258
655.5709894291978 618.4145050045317 610.3886237112432
661.4863945821216 618.4145050045317 611.900319738972
667.7308231553702 618.4145050045317 612.6563914992191
667.7440137527682 621.7814671977449 613.1781819726101
608.7731893361898 622.9065063714834 613.8464101096693
605.5528563135975 620.2832139516618 613.5610763720762
616.3513115418725 618.8911455175296 614.3830238540124
602.5653770581421 619.1770088449329 615.2645069047176
602.6232200611134 619.5871609386367 614.844180482406
601.7017033198952 619.0530413610204 614.4275077331934
599.3147449905568 620.3225631386571 614.3221578066077
600.2054440013108 634.6679943148158 615.011484877597
526.293662745542 654.6397197169038 615.807933698826
512.2908997666402 654.129383226285 616.1059162189566
559.3179262775018 654.0231265024196 616.7029268618725
606.7992402845903 654.0231265024196 616.7029268618725
553.3853252149972 652.1170050489127 615.9016625854808
552.1584816883292 651.9084205522646 615.15099564246
591.3143674197383 651.9084205522646 615.2525882915713
569.332587456948 652.4141789872217 615.3035836073117
577.437286934932 650.8242174810712 614.2029702388397
576.7487194118727 650.3162692106049 613.5033326872758
573.180991369023 651.2103784677474 613.8531969352343
611.0119123679826 657.0130739644454 613.9516289063249
615.9070366967499 623.7932711826818 614.5061714351184
585.9490947338513 611.255048764996 618.1363118277392
580.3711496640573 598.7168263473103 619.0368035219785
610.9960783931024 597.9922024690063 621.1336485894017
646.7442063867161 620.592056023923 623.0963578788882
644.8090220242921 632.0970859648412 624.4398164153763
660.3001507502893 636.9247623093856 625.5031950546972
656.5846336276736 640.5954005528581 626.4584012100788
648.2780017133723 626.7497530804006 614.6865998759876
620.6764521553387 616.5235308697943 610.0074439733423
600.9310018640379 612.7041843228749 606.677233245043
595.6957760614985 613.5671658555 603.3470225167437
590.4605502589591 609.7961051564503 600.0168117884443
585.2253244564197 616.9317324072799 596.686601060145
605.0476847057464 644.8577639686064 599.2544043240034
602.8596635486783 643.2426935081336 609.5154850424094
597.9893944738164 642.8392190934981 617.2885272996097
602.639957415619 643.0279931698153 620.5951803271062
606.805171598179 647.2225954048375 614.4561283418218
601.6621377972064 649.6170110442126 617.8953224026561
593.2223652624562 650.7185168694839 616.6700912553839
603.3846927196148 651.8199606676362 615.3335139265096
607.39623767187 654.7222779066815 615.020931640714
605.0338779283961 656.2265903237899 615.7176677377819
606.308549172808 656.629271354849 615.7779632302539
609.93941553519 656.5231618196283 619.8913889406301
559.7886936895403 656.8198002496575 615.6344257060871
596.5366487574604 656.9256046159261 617.322428607767
620.7154997075893 657.1168756675393 615.3672630612446
621.4092226907105 625.3131786731725 616.7109634130252
595.2887254083837 618.9611552581691 614.61993261197
436.51502130610146 619.0769338297139 615.8802643371519
412.5253897146205 619.1941666085846 614.1957473071834
522.8977830641452 617.7995224990061 614.3137095343901
531.7101324972359 617.9176725098579 614.5769716779732
476.1872939145878 618.2072194358277 615.1555527170508
538.8945413849748 631.2365836012025 614.9346068942207
533.7840560408498 656.3019582053446 616.9186820364112
549.8283563602273 657.2001217285341 617.654829218499
551.675548359492 657.2001217285341 617.7868790260255
556.2855728122613 657.6004408032575 617.6263739439582
510.57264482301633 658.0007598779807 617.0754435585998
589.6120312304133 658.0007598779807 617.075706366368
550.4767085271899 657.4024642484998 616.1878191264984
542.1727129714352 657.4024642484998 602.8899289406381
537.0111513253712 656.8051461430551 602.9416521696933
536.5368570428022 656.2089310895151 602.9416521696933
506.00738482191935 655.6134531871658 602.7355721878637
462.0276577389151 656.1206062912519 602.387952907784
462.50024461331213 655.0192072206041 602.117166792277
480.0345065595129 607.7910891421985 602.1819091228826
474.66346761733007 612.7040597907455 613.86912543291
471.02215844156444 614.6288166287493 617.3112732926277
491.92908602742074 609.7189926515329 614.9227227436047
498.4266848524856 606.8966405213915 614.2458027800614
492.5282840448324 616.1541065606727 614.5520726512929
497.0495605261002 644.3667094728734 616.190993552133
460.278356670384 649.029622662806 614.5521403322664
500.4301812330718 650.1686966716484 614.5521403322664
592.2777706231641 649.6172935110073 614.6031239751389
594.4535324777773 649.0659320504876 615.1294813779502
567.2549054512563 646.6314194776992 626.7530457106792
554.1433832021711 643.7093592974761 622.8659683261405
580.4829947884123 641.6523111491371 621.8114553689429
599.7754839716399 641.1502843942017 621.2860982092486
541.6202841721981 640.6005700121277 621.1693936139357
579.2929763764748 630.5339262213166 621.4035855167991
564.2144269268993 627.847314241289 621.2334280158852
583.7277722715698 626.4433334308858 622.0491003677521
601.4275798486055 625.2636208225306 622.577906771514
603.1707850941687 624.014076867747 623.6403868842142
638.7555142067354 623.5792543439186 623.2306956496927
626.8765659888016 623.3829080107988 627.2073147409392
606.7064272463751 655.8027816301628 625.0332623011232
593.7028007018259 656.202019644586 625.8526808458064
640.4022794686667 656.202019644586 626.5113726022856
662.7243931868368 655.8027523577497 624.2984062129264
647.2443121828896 656.0023514898301 619.916765489527
651.0406152568319 655.6004881023198 587.3759026422343
648.2403060888137 655.700413713928 546.8798715819698
623.2048759213276 656.0001905487528 506.3838405217052
610.587574842458 655.4000686603565 465.8878094614406
605.2102218045982 655.4000686603565 475.49961200246594
646.4181241649533 655.9025730715275 607.7370364780529
630.0394526312007 622.2753557964891 607.1094081773089
567.7109096981644 577.6501402373942 609.3643404362838
598.5401069816248 567.3863626456678 616.3500095227766
596.9945817511726 572.7338556983709 621.2326276225797
597.2497383842039 603.980705839668 616.4440267000775
597.8444613777065 618.6569003474408 618.8865515754328
596.5578345810237 617.9890792047704 619.6969960005207
560.0665745333204 612.9194482148531 617.805257015546
553.9442459694349 612.1040893070058 617.2215714298561
575.8160299165188 623.9151792682529 617.6265052602585
715.4052277538556 639.6410327445099 616.7582563716426
687.3612516609243 643.8134524983859 617.2536414321464
688.0971682005254 648.5031528531972 617.4561751170589
689.39331344349 651.4044361989825 616.320132385443
587.6405372829813 650.9110922391783 614.9504045042983
575.2776050167147 671.0079511331039 613.3226357950782
579.8034983730822 682.5354302728404 611.0271560221502
690.5574833208043 680.2547316998243 611.7829997075619
714.5702334733853 679.302164261716 614.4271694764763
728.6332654693083 678.3498871791905 612.8012859817488
672.153789491349 676.0216417527424 611.9334114100977
726.5213500884278 616.4062795097961 611.236849131727
667.8406213036845 618.985603653121 610.5758210193123
587.678312869965 618.1344918381436 610.5758210193123
656.0098879889011 617.5688220757262 610.7802387111096
609.5238495202785 617.5688867162623 611.2500541625898
584.8930301060659 637.9199705976347 611.8258707175819
567.8456946558343 657.4657785771059 615.5909556604038
676.8977521303159 657.3563241290317 615.7637643471185
684.1936395748613 657.1394448669171 616.7523127604261
686.0598485508109 657.1394448669171 615.3089703816175
651.500093917613 658.8331825258487 612.9914355029766
606.2468795830516 658.2183617787837 612.5825109981098
560.9936652484901 658.0093758643975 612.5825109981098
626.7956971631104 659.706382131253 612.8100660122147
648.5096462881654 662.4024534857854 613.5911539188714
506.63095820357466 663.5030143111635 601.4495142259633
577.4477176035591 621.694233718998 566.6596299020109
689.0229159207374 625.180106622422 544.2446501185319
657.2173419327278 624.772958761821 521.829670335053
612.0867300805589 622.9190920091601 499.41469055157415
566.9561182283903 620.7758589757111 579.5048814770627
556.8831467861628 620.0356966524675 617.3185437247652
674.9877956242251 620.0356844569512 620.9199842366422
659.5657072797112 619.4630078760199 616.928956953318
644.1436189351973 619.4629382564108 616.8747658804239
628.7215305906834 619.5872968277745 642.6050689946762
579.4516457550745 619.5871609386367 640.7177615768117
591.0746381089205 619.7491427989231 640.7177615768117
690.0590922940062 619.3394320864222 640.2988165576062
645.2820408374057 640.4186956515128 638.6239698572788
701.5586159957822 647.6521155535229 614.5659037076496
668.1943206559729 646.5495627106773 616.0613836475286
629.7468165982879 644.8573485663321 614.0116975782428
622.1393547732707 644.2687044133104 616.6646849165488
618.0991935806104 646.1805088363468 616.0838689214102
614.0560794143495 648.0557460589328 615.7079939489903
616.3812235683482 649.9356987450772 615.6940923380594
623.8294439686813 652.0323995017426 609.7820601468936
619.9021412861142 654.129391917249 608.5329348224986
627.6248970491476 656.3331852039786 608.5329348224986
659.2177640689449 656.8440356984868 611.7350642702011
620.6100028365652 658.1643031948786 607.4742926873687
572.2438185210565 656.5839626430119 608.518209281637
523.8776342055476 660.3706268274445 608.8822008270976
614.3389881755949 665.1514670526209 607.9642211196701
561.8158680275037 665.049414517565 605.1335391033235
541.7015908345763 664.3607830087504 601.607957437795
600.859837690132 663.4097527169765 600.9120840887588
550.9297602709162 662.2964035026523 599.7270003157494
566.6905794221707 612.1269419794911 604.2322688466534
550.3418815677595 612.9543360769867 602.7145620922392
516.5669518033554 611.5660865203452 607.4473692093627
493.96729614487566 611.4316573052058 611.8255231946432
490.2343915408836 602.9743914758607 614.2923275465982
468.3119379690103 579.6152827279769 615.8912343517788
453.18666819766855 802.0754594416284 623.3531522553908
466.3413741805831 600.1677882092354 625.1387402021066
422.3675056721644 649.0902943183053 627.9225736460787
406.6034703303215 646.9762542279291 629.6096930590968
400.3106430576521 640.8259942918073 630.6024188397357
407.8181301765679 641.6107943151368 632.4002410834
462.9466094256368 643.4112277436554 633.6001578880694
530.1188014262135 646.3130131038874 635.4094141954406
520.2670320993317 660.7000075677312 632.0011789706793
517.2076468702633 660.5008248570422 636.7520143228996
512.7429194077921 660.6022550543407 637.7538117992974
511.0015196630666 659.9024549128454 638.4625318315868
489.7436754358843 659.202738161789 638.4625318315868
501.7079846000919 658.9040142539731 639.2370070638472
568.5198333760591 658.7088421777312 643.9569360945864
541.0834939900718 657.8164554019361 644.7088449819039
575.684371568222 656.8198002496575 644.830471876119
630.0736188357359 656.226523389599 641.07360933167
615.428711813069 655.9302554387929 610.1570311211924
654.3024639446845 655.2313237800929 575.04537959197
592.008891017271 655.3384621705031 539.9337280627477
604.7596371021305 655.0430617437207 600.2623070440019
576.7100286996551 656.6577595423704 645.1746166329444
600.4853284867252 657.760214667929 642.0776082395838
709.4741333148813 656.0690817814541 639.6521411549024
684.6193180648081 680.0025571424089 632.818411901914
637.098070658162 678.9819808641241 614.67249649166
640.7329873809995 677.7097461303032 619.3713703745691
638.0921615278594 680.0428814754689 616.2974539612893
666.1295158861416 679.2467738423998 618.3255614965308
653.9634547686651 652.5210037468038 618.5561387894489
652.5074608050409 637.2065991497577 617.9740655577049
672.2577645835408 636.9085491654198 618.0899030875537
681.1956968135694 636.4182286878123 619.1939757856785
617.4856777436678 634.9364141392427 616.1157572632832
623.1569848381038 636.1466299887904 617.363445774994
593.4982697570189 640.1525579797096 615.8355354571083
567.6620707120094 644.748604004029 620.5290081857576
439.73018361098576 648.7270297721584 623.9424042375318
465.73545560443756 650.6135649706046 623.3233510787159
491.7407275978893 652.4026062652313 624.8331882145551
517.7459995913412 653.6040468050975 624.3666086415928
525.900425214793 656.7500719677009 623.4953215214955
528.5864115941587 658.3206624573938 622.5420610989133
536.5230354719039 662.0287002842098 621.1480356649602
594.0599771221105 664.2072388857425 619.4306527018423
693.375758950739 665.0686054836749 618.0124902360379
617.5803422945045 663.7653899399867 612.6617618159
625.3889018090703 634.462235668421 369.2503722072843
565.8004597510264 604.6684176924498 402.51227232937197
675.3097579333712 599.0773993871212 435.77417245145966
658.3669515337311 596.3431694477276 469.03607257354736
675.0834182820938 594.8634297046676 473.87042230957536
650.635744231631 595.0497878329174 574.6253187256219
665.2468313316411 593.2475688455984 598.7958015372543
645.2853685597547 594.0242813282084 601.9425797025431
664.632200064154 598.2456093772958 601.32056978994
679.7800410757573 606.242844943547 602.2858510933777
512.0735739372658 613.2644898262993 603.4023736387136
344.3671067987742 586.0507306908123 600.7566143121146
537.6216149707489 562.1751083493452 598.3881868090741
648.3643249435308 564.1650932551552 600.8808574232389
575.0076669413111 585.2475817194185 598.244564072528
569.8820407579401 628.9731363919456 601.7521683647316
607.9829284113739 641.9251222547778 609.488304328946
592.4615207859583 637.6231552578163 610.4468683419402
560.2198262413697 627.0480953593965 609.9880966674714
574.4733757877264 633.0621886684341 611.7047303239394
581.2239660890017 638.3459925367782 612.5458205136442
595.3586850003669 640.480007905501 611.4769485288764
604.2970988846542 640.757493349126 612.0531022713634
598.4002451661943 646.2273119281381 611.5852607153629
565.201742238663 654.9016609878134 611.8413634178216
560.4273348251336 657.1222917960665 611.7828470154418
592.412417476859 657.451258266344 611.9567661619365
554.221095351549 644.3430712809418 610.9724821747764
499.01685825076277 623.516901885625 611.6699952741692
511.0455460686686 620.6693740455892 611.9953125798613
472.9198957476599 616.3462182367251 616.2338964709563
444.7077828650323 614.3137767282863 619.0795873369027
465.8612530920335 626.2406734528303 618.7625583676255
458.00129069563536 642.8395078409565 619.1455353283973
420.5107014096074 646.1210505214674 619.878317913636
463.0504401987389 647.2065658860852 620.0807720384436
448.2691398317995 648.0007716044789 620.0807720384436
468.3142667747193 649.8015081546056 620.4858882715077
471.003926510342 649.9080002713042 620.339067136169
472.05005316570555 650.5124199595697 618.9776113301161
474.74730424202147 649.4135816257618 617.0863995980645
474.30538590305946 648.5069390530837 616.0606255973887
471.4323917594123 648.6041480378981 598.8369741059294
470.1335920668014 648.8007472768338 598.4140116056924
437.5300753806776 647.6025015393316 597.5546883435845
441.36746740676256 618.3712033900655 597.6941107288911
445.20485943284746 615.5331022780172 597.830855092792
476.4787530148903 616.6370488382935 597.9675994566929
472.79229630653276 616.9286830744701 599.915868610828
477.578167976681 617.9184816786111 600.1952330307495
460.96510162938273 629.787021206611 598.1106991021513
480.42922682655325 641.4462899502223 602.2086104735162
479.75540452832615 641.8426598474115 605.740262181947
482.24635027729295 641.2339666611556 606.5199459240358
485.5699332964631 641.2339666611556 606.1926034801509
488.44165465283567 623.5644290313884 601.3976656193415
482.6052382575847 620.3619910987455 580.2291723500971
496.63213373690957 619.5886937464985 559.0606790808527
490.72355493411783 619.588573167711 537.8921858116082
497.4658260947316 620.2233468678844 516.7236925423639
496.38417426098545 620.9271293799297 585.2709114583702
490.5536857722002 620.6788622145916 617.0662796307813
486.16053293138697 621.0656165011874 598.3698814166383
491.8348035100504 620.3619910987455 600.5815252382024
471.0040046992377 620.0454820592017 607.3441503401318
450.1732058884252 619.728973019658 607.706717425777
429.3424070776125 620.4326312719301 605.9498741645219
445.54750764511135 620.5038275466155 607.6323137670304
440.59217526819276 624.0821817082368 607.3436012670257
442.7315778211444 646.7074625641233 608.1256148648343
443.3835811123366 647.8064911684661 610.7366973214738
441.38986638512 647.9038052178523 613.4724316394116
441.7722401803872 648.205214419014 613.3627256850939
449.2737288010587 648.8089790220453 614.6724856309266
473.71503539219384 627.0633675355493 615.681995596846
461.0698396101577 615.5331129340257 616.9912296059499
450.3072684328772 616.2308820563929 617.3994886550038
440.96436868408614 615.2416299503598 617.2552821076599
431.6214689352951 614.5439365903792 616.6427247604564
605.6205813269958 614.1376067299575 616.1753253236991
605.0360372617998 614.1376067299575 615.3004013681175
603.5749023207961 628.5627274777291 616.8129102515184
588.0783094804749 648.0127242931933 617.6821593667734
575.7821187728065 648.5233226338124 617.2751285495908
558.7841679503472 647.7287240813085 616.8680977324083
555.3764433502504 648.0327210765108 617.9726253075755
553.3966553475898 648.3367180717131 617.4497955299686
582.4331709081134 649.0377492873585 617.3622363143552
582.4853561683874 648.9208349251857 617.3624278872946
591.5308617769776 648.9208349251857 617.8295345636222
601.6331060128 628.7364845025605 617.4498641582325
593.0812416680762 615.0814286604191 616.4913383652515
585.519539938239 614.7879715804465 615.7680137594525
713.9511553910843 612.8060459884514 614.4294836968022
654.0325880725566 611.1178980485363 612.1810901709575
631.3438959984993 610.0141391803963 610.3571365868704
629.9097394145579 610.1281300787981 611.05574901904
589.3844049977367 609.9516374270996 612.3839897788594
577.5285001590687 610.0972084914545 614.4807837489162
611.6449441875257 610.3884859412481 616.1219440987312
623.2171683708318 610.1549669199762 617.817255977076
623.7202509394081 633.5202142273123 617.6084206369342
629.3981623685131 640.702841428011 619.0073999246958
601.8445747837903 641.8687837382131 619.3054577508582
572.3576087809752 643.0933409577854 616.2282542892419
568.341236444993 643.6117353815935 616.4192140571499
619.2195643880846 643.0631047010306 614.6181024271716
621.5555969418137 626.9378428561313 613.1366079431239
578.2715778323404 614.6454832367378 612.6552766771731
479.9349568937563 611.849727729894 613.9434013001525
516.9373334759443 603.0204920917802 614.3470110613382
520.0400912146262 585.5204935585186 613.2447821919931
541.1245225002428 729.1002503727423 613.3538848557267
622.0634764243767 721.4337853090792 613.0589286520506
617.1070774544639 590.9250154749824 613.2860900100407
610.8346412899205 603.6812886280995 591.7453003627747
602.8368198584975 609.419603730723 598.7730850997398
607.016765210736 609.6773286214915 552.4891492270053
600.6773279110101 625.7303825324963 376.85259105258876
601.7140032598502 634.8620471446626 390.46109423853085
601.3017828034133 638.476955072678 404.06959742447293
601.0891507328054 643.0331170639082 417.67810061041496
603.1685430499026 646.3558509819004 431.28660379635704
604.0023618284569 646.9204982237475 444.8951069822991
604.835094669064 648.5851186211543 458.50361016824115
593.552959382999 648.9805406031385 472.1121133541832
606.0240644698138 647.8481689408407 485.7206165401253
610.3234651057085 647.1221925722596 499.32911972606735
609.0692309862712 628.440136859045 512.9376229120094
407.6485962979847 609.4962320808927 526.5461260979514
262.7706605730864 609.9011512893301 535.178144540588
317.25619220817697 610.0819617067857 606.9697281416928
371.74172384326755 611.0400968839933 624.7617228787772
426.22725547835813 611.5074906947239 627.5578096619506
480.7127871134487 609.7005329733264 621.8572989931008
526.621357156712 606.9146631412582 624.7535908506059
531.1778988034094 597.1510754017609 642.0387184176612
539.6465481811672 583.0853282324981 645.6696317709864
577.7963868459436 570.865351900078 647.7409237840388
664.1342757835821 536.9733081030863 650.9618066499127
645.1116795997605 354.36658849068374 610.7916318808111
678.7802116914024 362.0102585672498 620.798546097717
724.5365543265934 369.653928643816 621.7534706851259
770.2928969617844 377.2975987203821 621.0548157820931
816.0492395969754 408.7795595125608 620.0620934378422
861.8055822321662 496.13380586066626 602.2223415966552
770.939969165161 578.273856678468 597.7024123094817
717.052144276607 635.412504882599 596.9432552596603
704.2701461878123 607.4334036109096 596.3114545502741
707.760328986644 526.5677375655127 596.6451565248537
706.6509958065037 597.6436543240438 597.1217372375057
699.8666607179536 584.1376224146082 602.4027338082041
698.4195346000768 584.3392052605966 603.7661729882036
700.4543285091572 511.5792202684563 603.7217161123327
629.2452001263673 601.3604729045203 604.9715582798804
587.7186488063614 675.7043034860035 607.5715646694047
594.1214500418901 629.455114481211 607.977532506107
595.5048413523037 626.7878229861494 607.2225703973791
598.9653290194012 624.4078185765044 606.8736509811915
654.1152187215749 607.0789263239005 606.4677899992303
677.6175623143729 610.811660776277 606.9629787822264
639.6940510881416 599.7176942258767 607.1428430596202
601.77053986191 639.7486882124714 607.7107620051875
563.8470286356787 601.449374476808 607.1970413681913
525.9235174094473 598.035328553817 607.1970413681913
519.1977674012576 593.6924675826546 607.2513894590937
628.7633134102871 587.7442986785886 607.3061394407597
632.4101016016464 578.0632306027194 608.8321303294762
627.575834244441 573.3081632071883 610.3970230402144
596.9174073379404 572.3892562587357 611.2639123046073
515.91588883109 574.2736716932094 612.3366954590058
550.7290459544777 573.8847553477344 613.874851723451
523.6788714940187 573.4982885386282 614.0783744767438
515.7936916473637 600.1410177097673 614.748000412216
517.6729751923897 573.8535331002972 614.3729555649151
522.8186255308683 570.4852682344338 618.2409464280818
525.3043733741029 565.0295962102145 617.6285525312335
526.8491534521627 564.7667174733215 588.1380970482899
530.8800234384962 564.0470333771207 523.1787090345258
534.4804161269128 561.9986654788426 479.2188727326909
534.4006277505291 561.1120178086851 435.25903643085593
526.5155228939113 560.9456787767115 546.5461544661023
523.8544729275603 570.8850609675742 602.9966377274582
526.2619307353868 565.4568711601976 621.9834923653495
525.5021712579954 566.0400294535709 607.4932773165926
525.249702522524 595.9847975271512 623.2496293521401
540.0626404965577 612.2574469981691 619.9230839821394
597.2934688616322 589.5188716232925 621.3464974653789
654.5242972267066 587.1535148493961 619.2616799096993
642.0529765229395 586.2051455073735 621.3062488952329
614.8837140424748 584.6443606031307 623.640584481795
639.7257224780008 602.8298581063659 624.0134087304175
641.3745005844869 605.5483590957773 624.676851868653
641.1884205158312 570.233730956727 623.697255365028
614.3975340509282 566.8062030372548 620.5038470357526
604.4900588649884 558.046066240001 617.3105105871044
610.9118185743766 557.0069114803057 614.529304940643
613.8635972930256 554.7689156382269 612.1867135220591
615.872246286634 555.6668836258931 610.3205726783453
618.2739672311366 550.5236143890651 610.5331658241571
623.2043676649198 548.7551822078767 611.4941418817134
638.1656735684016 546.3682773505836 612.8631123706128
727.7373338109454 541.2637150029859 613.6430833252518
639.5000992041278 526.3429443921515 614.0495368330219
582.104593870484 506.0071639809065 613.874851723451
614.5883012923724 489.2103412625811 614.2819658353635
647.0720087142608 387.4395702910045 615.881992167205
679.5557161361494 225.31412336209337 615.9389146337019
707.2873537693597 359.7564281050152 615.9389146337019
664.8921415341094 494.198732847937 615.0666520682973
656.4097949337388 625.5000817246807 615.7121632201032
653.0760345288879 729.1477200092962 615.362289052608
642.9550373128407 674.9326309824771 615.4309006147055
637.665369792525 654.7237334605916 616.0941043644611
665.1872715233815 645.9676948995761 617.520313885652
676.4056989423441 636.4020458122818 618.219549915576
615.6002662336311 634.4154871360035 601.2277088333643
637.149650493335 642.7017206371316 584.3017672574038
635.788539635784 643.600155433953 584.4724116671376
647.2655352608214 643.0280614147579 584.5815709413469
666.4786466021762 644.6730461289328 585.1295813368995
653.142413988569 650.640196228712 598.9917504953273
691.242732548385 651.0047381322237 612.6543251223939
719.7542560630596 650.3894358105817 596.0833412185593
709.1213285803581 650.2284334833998 580.4167246339681
716.0124025256516 648.3403454508111 603.4398731083319
701.9143572780984 620.3557878417012 623.7956295194087
694.670252267275 618.2110011440839 622.0540543607748
708.015015948871 619.5654416838149 622.49116225227
691.0320311063035 621.955515443096 622.6261621622161
687.0123880975693 633.2254834850628 622.5729899454516
640.4011836784314 647.2001930251024 621.7681463169203
657.162177394807 647.8034038193995 620.7193497346937
663.0517345684914 649.9024926864029 619.4693871760219
620.633552820564 653.5033336297234 617.4151679801047
611.3111013616657 657.3099259007915 616.9167971116065
605.2090734246437 658.5372134832703 616.6633017579675
610.5119786219941 657.5059586924564 617.8171250459152
608.7089010233628 655.7538294489805 617.8171250459152
606.9744323797152 654.1292573023488 618.6059642081252
608.6085103725547 649.9672957465664 618.6526510687773
609.8223185924078 647.9068186591511 620.3042017411562
609.9251146139134 645.1036356525524 622.2024311184066
612.1678626602663 645.9107203189594 621.3006518586634
490.7517122895373 645.8173280937094 620.9048519999053
415.62562050655515 588.4176699386135 621.8510302622965
343.69498491300214 577.3997866894736 621.3526392685894
361.24933275070333 566.3819034403334 621.7518176628749
362.5018913291394 568.5753288200931 622.1511893295792
350.49182586782183 612.8820243858293 622.5012731878983
368.8421779961728 625.3551028580839 622.6517867804251
311.60093037791586 628.7563228254946 622.4508219483023
223.25449047571402 629.3460199984295 597.0946597660441
206.71622889941136 634.7115937253402 532.8485823275103
224.4056464332204 644.6471968266493 468.6025048889765
226.96868395768618 646.8208061827158 490.94071813655216
209.6866081683598 646.8044526748405 597.3728673674278
136.70594457153206 646.2007507997494 608.7644073500194
109.59756104226419 643.3244998317718 604.7899688516695
111.34536454001119 641.1123146532127 603.5065071055067
116.9134510272428 638.677280012459 603.1011370534563
143.81434261576393 634.512621148775 604.971491253812
141.47278564453643 632.2361109585564 604.3650869026872
135.43585025196953 634.1644721056896 606.0067634917539
97.27630095476246 623.3578558092487 613.9096129042616
212.83204602562682 617.4101754128978 610.8414529937272
179.83576481490857 620.3236456378756 603.3502917894123
168.07401368880377 619.6531076855749 619.230368674572
181.95198567215505 618.0600056261053 620.7635163827974
209.40326440440754 618.8315028403281 625.2594935053726
202.65631871566012 620.5243180528669 628.0208425439005
176.85337392530124 619.5695884893671 629.377867421472
359.16462915478485 618.2990581110448 629.005464588542
562.7295748315385 627.0633940811074 627.9080879774722
733.6362391567945 642.2075209774486 627.0091705868424
561.6391969405568 640.8177769667757 627.0091705868424
536.825440101152 639.9955077967345 627.1478938463058
542.9261177286726 639.1811167423518 633.0695201216952
561.1360918949764 639.4829943008649 633.8556567800874
559.9846498969408 637.9903869034465 634.4732066840963
548.5102495763124 635.5236030235227 634.9465732831881
558.9284228040851 632.329487891868 635.1042436765051
577.1320753932773 628.3139490821029 636.1238046826218
583.6220416456392 600.9606150960253 611.5240404515856
482.8835289557423 592.6425988738913 608.8212658981408
560.5873786057473 586.7341817211607 608.1523524167663
564.0759904479501 581.4911865196239 608.8539465155554
571.3186630624759 576.7810827498283 608.1559242454917
569.2425963288408 574.6172762900482 604.9244780902175
548.3626648654108 588.0993531364735 598.4578050621557
534.6542275931645 594.2584214961083 600.8948415238085
575.3984810337806 597.2248493970069 599.928544187796
542.0574288289947 597.8087176044148 597.0575945494583
535.8509870139271 597.2905490630168 593.1816753744168
537.8655836939076 593.869797463496 594.2572208753247
538.3880989431764 596.885530030326 598.2759326218679
540.51017660961 601.70438293428 608.6185340631981
541.6258521770253 605.8269844750221 610.1938216665259
544.0368217445998 606.4113596782429 608.0782260994588
533.2857761983164 610.1950324937199 607.8759443935537
541.8135506015421 609.4570559288076 608.2805786850462
575.8315439910343 609.2730543387783 608.6856035767546
619.6532849150849 608.8690058741404 607.9873238438752
663.4750258391354 611.6142053889257 607.4922023811137
687.1320389341809 629.1144569949097 607.7292229442401
585.4521764661638 628.2408035554258 607.2690976004351
572.7536087012663 627.9326437135348 526.1404315894737
570.9418124903692 627.8865281138746 504.9448231802576
569.7924600632331 630.3859183246745 544.6365607301402
577.8243065701994 632.2729212529623 584.3282982800229
581.3819742647686 636.4818584503485 614.4662226270466
580.7103830354858 637.143217144864 605.2183354376984
577.8072775588761 638.5470579215469 609.7487882032235
590.2537660987343 640.6032373020346 602.1360731139184
649.5184501093295 643.4974747425199 610.0403518742128
804.346349730462 642.9732448836692 608.7078924804104
728.7984343921336 624.3513298527641 610.9481386875254
683.7208042627997 605.2440291323209 611.4786064713114
595.5082291942213 604.139884463855 612.7497424152111
630.8159016333432 600.130265052994 611.8158099945853
598.8353627273334 594.4580192604528 611.5562963556054
600.4652932214051 590.9123552105597 610.0496621816711
543.7150453955722 596.1398324363511 619.5653718535276
503.88352919390627 562.1968059926107 620.35654992694
540.4106414165715 534.5952770208885 621.0727925567962
576.9377536392368 537.0813781167126 620.8704605688808
613.4648658619021 539.5674792125367 619.878317913636
649.9919780845673 542.0535803083609 619.089181014991
686.5190903072327 544.5396814041851 619.4041533278053
723.046202529898 547.0257825000092 618.6733764706945
717.0344968615086 549.5118835958333 618.4967222359078
687.0063277807619 552.4864414082763 618.4967222359078
686.9817027992673 579.9245669834629 619.9559164794133
610.5932916822129 595.3962719389874 621.1491935340623
620.2212132456234 605.6962935333186 621.4421298021402
622.5377499165197 609.7759329634682 623.0410525794712
692.5216676774407 620.8797559871279 624.0883350936789
691.1770249364976 657.3412567863471 623.8858741866025
696.3525392498541 649.9955812795973 622.873984044927
738.0870057357774 655.7000119711944 623.592909524371
704.2215818161662 652.1093782162066 623.4462662077219
700.1271531720582 646.0954639026592 622.3990566692471
687.6357364048915 643.9862951878135 623.0972349597291
690.5467182496268 642.1907816217856 623.6489862027597
677.3381876737735 640.2347989830045 623.9645396861897
676.4340063664981 642.1870881956792 624.1673282512925
675.7569829011326 643.130839097887 623.9079143293565
683.7928109248685 644.079456046645 622.7480879172397
642.0387450815036 644.9363753119019 465.32548065960884
636.4343678595511 644.6269084403175 484.4146034293645
608.3119092379104 644.8234240834786 503.50372619912014
654.6328996178844 644.4723388825115 522.5928489688758
683.9642606831928 645.300803346496 541.6819717386314
667.5224182523752 644.248199669916 586.138555377207
628.6750945540205 644.2055170601195 628.8498131861522
599.834208169154 643.461148788332 645.9548817455943
579.0092794807587 643.461148788332 658.8249603030287
612.0775755422385 643.0261477939964 638.1787286750409
594.4149714642148 643.8830399601759 639.1927889683254
641.3271011475174 644.3062212694791 625.719256635873
586.6567964941615 644.7717184567559 629.8705591509594
583.2207232355684 644.8458368667528 631.7485759865649
584.458767818666 645.3888136466 628.6156354454976
591.8854519793754 646.1301085739252 627.5110871431307
595.8918405554489 646.5993725020314 631.8808009479852
561.3848300748484 647.4589647358071 640.8545603616134
542.5919898534269 648.3184005892606 646.644795588397
565.1438098974502 648.63173406896 653.3608587427397
546.0301319230352 636.2452302574698 619.8993972092364
595.369119990562 615.9522121030323 618.503366491015
626.370345015481 615.1033371278263 617.692692662654
633.1113379690082 613.8020853662848 617.2880101746639
656.8973233833974 613.4014505132136 616.9945995072555
667.5123290710029 627.4528882254926 614.0521247461672
664.4413080057296 637.3583220553646 612.0491220257152
675.2492755518379 637.2285696671172 611.5912468259669
676.3242940534145 638.2385917507653 610.8386580732235
659.7210868446193 638.6323277129025 610.9325556333597
652.7554441491989 637.5367871754285 610.1266981243225
679.4182870789825 643.9141276353614 610.8789797106062
683.6539440966694 644.8457179822162 611.228476103658
656.3018907078593 644.6859700660469 611.175299870903
659.8641520704876 646.0914000869459 611.4299339978149
666.9472995658023 648.4336897478415 613.0431194132227
613.1977125322195 647.8093767712708 612.5855884236698
604.5471012894968 614.7036609788149 613.2990681866345
603.9886191903548 614.5008136691114 613.929814250004
600.6772313875517 614.8015940122472 616.6199210364271
567.9530438207285 614.9007970061236 617.0653813668703
600.5226722599458 613.9001628293008 618.8136540292282
596.5106495280672 625.9137610133658 619.3122117902356
592.4986267961885 633.0333787512084 619.3571242268674
591.3004488934425 636.724750487917 619.7068572143371
616.3534625340835 637.6362599476288 620.4579983212263
587.9514040621311 639.952543775773 620.8596840686389
579.7322404063326 639.5565598145554 620.5099424252285
575.274681632266 620.7213473998172 619.4087993881747
623.8032323155387 621.5164183340032 618.7093420985334
619.0955616969795 620.6006442878895 617.9656972084393
618.6863336505482 619.9027429333797 617.467511510019
622.5516223321587 618.4116839762894 615.973677650431
621.0049256639468 634.5350136618101 614.9783354509289
620.4013994189262 641.304925620514 618.1161391826427
620.0870861377306 641.3551314920223 620.8078697928333
616.740195048726 642.1172761163834 620.5098709932018
615.5506182366706 642.4991460047936 619.6098495048413
621.1293887998529 640.395971579888 619.512913505441
619.839708027959 618.945570377959 618.8139777440242
660.2989582148771 616.3967815662286 618.9715237395778
654.3142982290208 614.6498935973151 619.0368198644405
668.2168835323589 613.1098658462587 619.2385140918173
664.3453970282903 592.7347739164886 618.284175259219
682.910557890508 596.7116856145138 617.4375779255497
659.6844738761087 621.9691967314996 615.636468689439
712.383795368371 593.8547659210792 615.8403167104393
662.8416606319541 631.6625847740095 615.1392804271113
642.3362550985235 633.2904510096888 614.9375984602015
573.2944570835325 633.603762386589 614.6293842666578
592.8310476897195 632.6626495497715 614.714746933287
594.82266432857 633.8362143332718 616.2614647501318
588.6719274316047 634.165912421467 619.7138972409223
592.0613621397856 634.2501630747017 621.7080313712459
604.2434777095467 638.2134468581029 623.1539559502919
609.7793901834691 639.6885912440055 574.4967135294881
607.6895187365349 634.4491245211673 440.5862190539465
608.3822388945434 627.7510596056709 443.4652672412369
605.4690161119718 627.3232818890114 446.34431542852724
615.0732409345344 626.0131787750158 449.2233636158177
411.47739967872656 623.296593658376 452.102411803108
432.89446224580536 620.5839991491885 454.98145999039843
454.3115248128843 621.4567563394899 457.86050817768876
475.7285873799632 621.8958076224312 460.73955636497914
497.14564994704205 622.2190128885487 463.6186045522695
518.5627125141209 634.7618793470031 466.4976527395599
607.2009943386347 644.3929771367846 469.3767009268503
657.964297709798 646.5758650782301 472.2557491141406
659.0468455399996 646.8910263715211 475.13479730143104
638.7268706281964 645.5575109934048 478.01384548872136
642.2480632977522 645.0031007677405 480.8928936760118
645.769255967308 644.6893425661765 483.7719418633021
649.2904486368641 643.672665257738 486.6509900505925
645.0310070066399 643.3593474878561 543.9135700422436
651.6125318365664 643.672665257738 617.2942076932206
653.6597741264115 643.672665257738 603.4823254526866
641.8304975091112 644.30000776036 586.2043075815313
610.512144020778 645.0031007677405 603.3220077557773
699.235180823257 646.334665633834 609.7673742894015
754.1632334036078 647.0378702234555 614.2684221461551
579.2984784160744 645.9461285528425 611.2291572495178
459.96863886145474 645.7062025410628 611.9275246957802
340.638799306835 633.6833969612592 612.0345264287917
221.30895975221523 614.954865661584 610.8541053798047
271.44495135813224 613.0345891118982 610.7448321516932
321.00121525674183 612.7303648424811 610.6907949854694
338.23269756295326 613.1274337362503 610.489027891467
337.8570454073068 613.6189029995943 609.7362826236779
357.08434396125983 608.5053244560178 555.4698788571092
371.7979837258631 565.231645203532 520.5981252830396
364.5861617376245 708.0968482478844 533.6128814334719
359.91800688109424 850.9620512922368 546.6276375839043
392.7720278658602 597.9410317413253 559.6423937343366
365.8547482197879 633.7567748057704 600.9681508031974
399.9237648421372 644.0101755124848 611.5691560886223
371.21492779787457 643.5860435338758 605.770752361545
397.96296036822025 644.6753842961432 605.1256754193348
480.0357819477331 648.263186381302 605.6613686132177
477.67949491430727 650.9692014812796 613.1757395371658
475.32320788088134 649.490954517459 612.4169331427732
533.6266365945745 648.5417489142351 611.4954037530262
576.2181489885415 647.5222003916159 611.2716127400379
472.31787640288303 644.9529828189768 610.5326224207065
488.7347543979335 645.6565649988099 609.4688387831368
492.7504049532256 645.9028564730148 605.8517158074176
537.2409180901138 646.2200858573785 601.6566674811929
535.4349515985523 645.9028564730148 601.7184289152876
567.6629451190089 647.3102038435668 602.272778730701
601.4402134089421 647.3102038435668 602.5524224491929
621.3802414888721 646.6065264130884 603.1122793316206
640.2276417412388 648.5129142892993 603.7397033859854
633.9481671408057 648.0612611635015 603.1861315402431
624.456098226949 649.019260114829 602.8459587655872
574.863015325109 650.1079893986389 602.6392638031416
569.1061923809958 650.1733244712657 602.2919601233181
563.3493694368826 626.2332521018576 607.911340188049
569.3488021252301 620.6388750238909 612.5260223705782
567.1188100329155 619.7065837959123 613.6847725013225
580.2977868412343 619.5443890473063 616.7018157804717
590.4845243373841 618.76186857304 617.98717686028
619.206993854594 618.4504830623063 617.414875130589
616.2025314640555 645.0616993862188 620.3189728265088
560.0777207561896 644.6753842961432 620.5586096353112
587.7930851346745 642.7480066091221 620.4490309445249
604.2582660331076 642.7480066091221 618.5222279649618
598.0555460367219 643.1332664364186 616.4102405501059
589.0401318823072 643.5184535038603 615.413488195847
597.0747524557987 642.110698065302 613.6060128008454
561.6729371913135 642.1106613584326 612.2022417783348
598.5147370157182 641.7922171544308 611.2513782625972
639.7933879116028 674.5391316657866 611.8523696094
632.2072349223556 675.4320242667804 612.2069412092214
621.4542063772651 675.2769679185562 612.2069412092214
623.8750300403813 675.4058631459181 611.8055246563241
619.1001317687717 675.9484077945594 612.9072078354701
594.1447229858231 675.3845201068796 613.7095496466457
616.1791624921941 675.6488206692893 613.9558187253356
614.114412932041 677.0378497543546 613.9043085041837
609.3974483044707 677.881995630508 613.5033326872758
607.3788152732259 634.4690354764844 613.1535267627856
604.4139723732402 621.0511251096805 612.3518167005394
602.7223656045958 620.914043970661 612.4506940057581
602.5672360400893 621.1360559490972 611.8000081726053
558.6296394672328 621.7531664575581 612.7000203835643
564.0854147285996 621.9236287519553 613.9001628293008
532.5861700834872 620.2123873394884 613.9001628293008
501.0869254383748 620.6065581348621 613.500705080316
469.5876807932624 619.8185158170246 613.1004119070444
438.08843614815 668.802644544367 612.2001306762356
406.58919150303757 678.6573024883032 611.1017718795184
375.08994685792516 680.1744261584671 610.3037447247258
343.59070221281274 680.5854097760251 610.2057724569369
312.09145756770033 680.3008525645106 611.0546189692241
280.5922129225879 679.1651124726593 612.104026402661
249.0929682774755 677.9035698386607 613.0515862652552
217.5937236323631 677.7745423425295 613.6018772176337
186.09447898725068 676.7961288305364 614.5503009460585
253.67713421458757 663.5148811296647 598.0837322108531
245.74107112959933 636.3261582878058 583.4005888329539
257.77493547366385 629.6488132810068 568.7174454550546
225.4938603701263 629.0389853109887 554.0343020771554
237.49787248778415 630.873133239992 583.002543075982
256.00439872433367 636.2339424340773 625.8168683331587
274.51092496088324 644.6860885682681 630.0052490372252
293.0174511974328 645.9352840557693 630.802574550823
228.7435672683264 647.3407139984322 629.3001351010281
239.5968628797874 648.6697927297062 629.6000714739477
253.37005576783528 648.3566518755064 628.5005440863473
244.82653822457263 647.653767068312 623.8530967566232
233.79343530716287 582.0310500482378 622.5566217921557
339.0732074048176 519.0543478426653 623.612527632879
444.3529795024723 517.1732429011183 624.8188413735102
534.0339240131527 515.2921379595714 624.9248882496327
546.8422405651955 532.5331980671986 624.8189824406634
540.758842421829 613.8445717737591 625.1273219071247
523.2192972331309 625.0153227374223 623.7409831608793
526.100179168666 627.0419548609707 621.9402030816527
524.2729056460175 626.5702275084574 621.6446607858118
534.3499334888193 623.1374246504538 620.852840856833
554.3303666344511 621.0512496348535 618.9043311320954
551.4151672603091 616.2671904296058 618.003744310985
549.9785789170649 613.9220227357869 617.452495517507
547.9621344120098 624.1421236596266 617.1580968043195
468.51437363889795 634.10479505486 617.0656367032602
358.6968960354674 637.8523927544036 617.176626000512
248.87941843203677 640.0362528963451 617.231923103771
139.06194082860623 643.9144858395889 617.3231353343967
207.76473122273188 647.8092775728329 616.7716451369598
266.1336661227284 651.7203397916587 616.6613738511599
262.14831980641145 654.6285245501722 616.5142766898632
265.4472831944132 657.9350308218322 615.2094180110959
269.2538900671997 659.9098423269652 615.3413591827339
313.28521389034074 661.9547933179413 612.8279403134852
476.70316889395167 661.3177365553122 612.2900221959734
603.2434705656171 653.3092528069765 612.0346497877997
635.2470960726382 618.9227766975519 610.8790773530638
643.842742945425 617.356668680395 609.8305810686237
644.5702052067279 617.9800989646543 609.037424414304
643.9479183711506 617.9800989646543 609.9920057453955
639.1903672630947 617.6681957167618 610.1014040867277
642.9877503207483 624.1532415410077 610.2649014977021
640.4165474454269 637.583208999465 611.3126270784089
610.6076223953839 636.017693195094 611.2209573085768
603.6381854643057 634.2278770284385 611.8834333907974
596.6687485332272 633.7729054174004 612.8751912094338
597.2101594407154 632.6786493008005 613.7758660820526
632.9697294075486 630.0130906851044 614.5677517872389
621.3058832070931 630.1804507692719 617.4803217617452
575.9801736274296 631.3734233058333 619.3142116036372
552.6862484971643 631.6210487575927 623.0019610470437
562.4778710274263 633.91540883455 594.3121528835538
557.8962399070705 628.2857607466614 588.2580140312385
539.5604139559381 628.4563287802496 582.2038751789232
548.2769782553496 627.6514619757672 576.149736326608
565.1471049746813 626.897406263269 593.175067280771
565.2587853635274 624.7330295429617 659.2764773479512
601.7402564650049 623.698645180507 631.578905754648
576.429609934666 623.0417321496209 633.3664692306285
572.8474945860594 622.7137323169529 628.5709806791067
579.1471960628828 622.2877148072264 629.3554427868592
571.739534933575 628.3695122802678 629.4222789555836
577.480673208385 645.4341183920621 634.7945371206856
618.0729875545715 651.0676635771242 630.5850347369953
621.7115699338335 655.3568512154513 623.9317572206593
633.4617449972598 659.1388321135389 616.8403747917606
634.448579476698 661.663509658106 609.7489923628618
632.358654392036 629.1566964462156 602.6576099339632
632.1062271354851 616.5613078945146 610.7703283150463
612.5910449866581 599.9460923269828 617.1294500750093
616.083361485496 588.4448386184368 647.4305740110156
605.0466576563168 614.9160390041056 637.436271324436
608.8041831694617 628.3272095138166 637.2499237148393
615.9988375375212 628.1546287271664 636.2093257074584
623.2371235143584 626.7162379762669 636.0709473006922
624.4225066858107 619.9688590563999 633.6820969539853
620.9405191740066 621.3140480652496 653.3081348469384
621.5566819202422 621.9168039682097 649.2366760604698
626.4311330674552 624.0670772752642 638.9424865781707
625.3579813894089 629.5599697250377 597.0890864720303
593.8371988659266 656.2200452624163 569.0406649422424
603.7486080013102 657.1807672350325 540.9922434124544
624.7844273242465 659.554030118589 512.9438218826665
611.6267099661775 663.2057996912035 484.8954003528786
618.3298281816492 668.0696385387788 508.6790904312169
592.4090531774909 670.2618144010105 582.3342399163407
616.9246091012976 620.5236555710097 615.3755737092553
616.5805774638961 608.208528034462 620.9382698537863
617.9535638684179 595.8934004979143 622.5648646801747
592.7315402206505 595.2059860048724 625.3545955178287
619.9675874072916 638.1620639713824 630.1240633935122
532.2591594194664 654.7046540692057 639.6559547770817
533.446093192681 652.0597588155599 642.7406680630287
572.7354595132675 651.5759701730683 642.7406680630287
535.336915347146 624.6643598819828 642.396670679595
538.2690914332529 628.4764934203398 641.292639907866
555.3978657519291 627.0899902648173 644.3796187743405
558.6991102876482 633.6169584457912 649.1966189067839
564.7387936905909 686.2637096572823 648.9040663644681
570.9290787495083 686.6811946578555 646.2021858765934
574.5653565974906 693.8833231722001 646.7373115958885
579.6428834294675 694.146027461502 648.3618251177008
573.9774447110838 693.0462646685862 648.7550088699712
593.1032730345764 691.854392195352 636.9666433478463
607.484999223158 688.9390393931817 640.871984822988
605.9468877057359 662.4471511307804 644.9176099318499
609.5322007582445 621.2699345140732 642.915537016936
603.6111289210776 617.6812113856236 631.341531317476
608.1946829765718 616.178748416399 627.2885154815144
603.7420939899575 616.3320288929667 623.9557515142503
568.4438780568369 654.749849195844 623.1314291071474
601.3189702410368 656.5840282708516 622.189729416023
592.5432049740094 654.9660388787186 616.5599498217417
562.3769505809373 655.9590307328652 615.4952681068714
560.5526952322962 655.1513183990397 617.4671463836139
557.2156296671355 660.5592642677578 618.9111662301955
558.3307991520796 685.2070574376241 618.975113929539
560.4859944184063 687.2776529621185 619.4661959868843
585.9786379494208 689.2330882945189 622.1306666172525
609.5356868536976 691.4206389745681 632.9349495861679
605.8678954593072 693.4926099101561 644.3315094421448
618.5603501262347 694.7233262241883 656.2528159411971
611.8735866960867 641.8809638362949 656.1267632333952
615.0920060823743 631.3484246573953 648.4414363180305
592.1607063964536 631.4002961692615 647.6375723314798
599.176155882026 628.8427863941829 648.7344792006942
611.8650469605572 622.8405392020156 649.9163368106483
587.1976195872891 650.3480552177509 624.8045004285216
589.748558541466 647.9674854684041 556.1988030482026
559.5235110743424 647.7411511898063 544.9260377412236
564.6836570438008 648.0558225117287 533.6532724342445
558.4449531909678 648.8240113074423 522.3805071272654
619.2557861289315 647.5903411880075 601.8603663816721
577.7063497299396 646.8757608691177 617.2879603902599
413.56647839900916 645.1147114365259 617.4592383125237
425.51411264151693 645.60056559574 618.7024179620107
404.6610962389645 646.8000077303649 618.6254708002755
394.44609313555674 647.4005018073846 616.8731479754315
357.88563803578427 648.5070615562377 616.7408090385625
310.59486623737575 650.2647512162314 625.4027647336065
263.3040944389672 652.5898012844625 626.4473795861034
224.22014966005054 652.6553256637271 626.4704039183546
239.02607517306456 643.7210654692252 627.5075461819596
242.0250796671 631.9144590905778 627.0737479579714
221.00443192247246 630.0 628.7547881946838
300.7112744441956 629.9025718315492 619.198029852313
380.41811696591867 624.3054514912537 609.5677089475416
460.12495948764183 564.4112369398306 607.0147712912892
539.8318020093649 558.8725863139055 605.8178138858732
619.538644531088 553.3339356879801 604.2828911338761
680.2151839334183 581.5122873820977 603.3815128092673
537.3819375153718 646.004628462375 606.712096244677
574.9701638349488 646.9017986589113 612.9112883620653
558.5877137002838 644.5007757947232 614.9427041907472
582.3478592991316 652.5473352290621 617.5941875707254
672.99023414658 655.3320915580894 618.304390018772
654.5770709932888 655.0512569052689 618.2901242319631
645.8154750240319 653.3264110456025 616.4097770534443
663.2586436147229 647.653725382859 617.9284607065553
645.9695958158171 643.1527756445853 617.6582759781625
642.9043437688126 638.8556110402876 618.985603653121
683.3406794082164 635.6095166721424 619.5534682333721
643.2117240260012 636.6022770118901 618.2136112008816
632.3723999728779 641.4057538029633 618.0743694947821
620.5137649960257 647.0278201128604 615.90963521819
589.6719115433209 652.7948556769458 616.0068855860948
673.1927455880514 658.1499781820521 613.8754128260757
667.4683454552563 662.4234141219531 611.2304217076529
663.9636125448383 606.9324782907258 584.4246600929387
659.8533221521459 590.3021833890205 551.9668287126385
660.6800628810342 593.2668929712197 542.740445118803
659.2844833332254 596.2316025534191 533.5140615249675
661.7548288205592 669.2492453944535 524.2876779311318
657.7485916331817 664.9164844383399 529.9680288719321
503.0075926668121 660.5584550368696 555.8639800815668
521.6037406921397 655.8801740704484 585.6570513582852
540.1998887174673 653.8307203939698 589.7669162741659
558.7960367427949 655.792986555808 588.824094394346
577.3921847681224 661.4478941861289 589.9548677992229
595.98833279345 664.9564429844588 591.6774476126087
600.8945457575517 664.2419404849595 653.2869425297769
627.4369573230185 663.167022702426 613.1238332062842
789.9608172647012 661.2485054207627 611.4626599429104
722.6362877732045 665.7088233424395 609.8939484179501
655.3117582817076 671.300003828429 608.3242076510069
606.3887234787579 669.4027188471824 607.3953951406638
607.0114061863036 665.5452485544263 605.9152856743008
607.5735603389785 655.6263395955765 605.0488677124504
608.1357144916533 628.5074385581811 607.9212531241196
645.3831396061964 621.0449261017601 608.3293379960703
785.6958079051748 621.1164612533378 609.0016873246715
703.9632175576326 624.6753847324449 609.3264694214549
686.0153589832694 628.4333813834446 609.9627037778621
648.5916640927362 628.4327422981902 609.0616250077244
643.5996645893492 639.7136289440336 607.2839092523886
648.1921939026814 657.5048738119643 608.1514025963027
675.4733733631803 671.171556353795 612.6574010136592
620.3613322917283 676.0391946029583 619.3823536394947
635.2694310368724 683.3207142385681 618.7754088666119
632.1465802113648 682.5582348982184 619.2714781309404
627.0183586763258 669.4662606197544 618.7570201621958
620.7455613711954 653.9373201857323 618.3531247341466
620.3161505094229 650.779057426615 615.1807894002777
617.8896600506458 653.0093027781718 608.709937613789
621.2409333119964 649.8082372137471 597.7799800245841
732.6572554776267 644.6367351989531 548.8528796093517
804.6827297114367 636.0270032633503 283.18982206328786
737.2332487137214 632.2851468240796 234.83288382392553
669.7837677160062 623.3161665877344 385.2808273347787
661.0426697386309 619.8009761205608 535.7287708456319
784.6197875168846 619.8015811531945 686.176714356485
674.6346325339318 629.5317478554136 798.4850321679289
604.2169712507165 643.019586382853 792.1706494619264
554.6081674267933 637.6254141074303 764.7348566392652
693.3673347936617 635.8320804131617 758.7147597191489
698.5826213563562 633.982058105748 736.2467523427595
731.4453810967602 633.732202678379 732.2353114706824
759.6397542306676 624.6539081456706 729.859232989603
734.6863117967348 620.9272106409483 745.9364861925083
682.5358373495637 618.9547680883093 753.7584993029752
677.2750118588499 615.337589573239 782.2743626644101
672.014186368136 639.4953989318583 715.1998306297656
666.7533608774222 642.2781718227702 723.1828127347405
661.4925353867084 643.7443179004001 721.8185677652522
656.2317098959945 643.8006290770459 725.2528872101198
650.9708844052807 642.1253798212167 725.0228068802602
659.2465230439755 640.3149093961742 726.1306990483417
661.9001804932759 640.9550310249911 753.3451277858471
688.5080349823071 644.289534726777 752.1875316895876
684.6098128811748 646.0830055031629 751.0299355933281
677.9762110880217 648.1946081232086 749.8723394970685
654.5986326485115 648.2624854177511 748.7147434008091
660.610860735469 646.4311641621249 747.5571473045495
686.4599752960403 644.9282948819713 746.3995512082901
674.6995374533948 632.0405026616925 743.7576749601856
701.3871563665986 633.6072551825682 749.2277048263193
697.4475828351285 634.538732756887 757.3286335570313
695.1183934480783 634.5386119063205 760.7575123117047
708.7562068277225 633.6072551825682 748.4066921607866
732.3356139548762 633.1549215321246 752.8389481647332
684.4708669228091 632.368638989115 705.2226961767446
689.2869432999289 631.9592600679655 714.589843444732
744.2323825016664 632.7386948307311 711.1259004496546
734.1633966637878 631.4939836949286 710.3447330897895
721.8219730592511 629.6986591850452 711.5773529392454
709.4805494547146 638.4280328507232 712.3516897906093
697.1391258501781 644.4785515533849 708.6610329897806
684.7977022456414 643.774142546256 708.8899774993265
681.5449073360923 643.1939862629692 707.4687452530266
729.7883905734511 642.8104338922367 705.0594336170426
715.7911159221676 639.9931671161185 703.859754819892
717.806390668314 632.8953520587497 703.8852670237463
719.8197419499473 624.0740353631538 734.0087532176137
721.8330932315807 622.899068870712 720.956105628537
723.2048332806298 623.0571803614818 546.9623427619235
722.6542957959771 620.7197381918922 516.3069893866923
717.0909852575127 617.8497756862207 536.7675414052121
706.6994636489102 618.6941894021634 557.228093423732
711.5455114271489 624.2387363821633 577.688645442252
713.7404483107729 627.5796762164945 566.6674553304524
717.100185396018 626.6260042057646 592.3112367014961
724.4429406779155 623.4621079103364 585.3505729232627
720.2543748739201 624.3128266723015 592.4715992546326
719.3582727797057 624.0740353631538 619.412833292674
721.5608216909487 621.9675549191425 620.4507367884698
721.8180314733838 618.7771442298754 616.4818423999245
722.249769238992 623.2194760534376 615.0254059792977
724.6925772970417 632.5356513493766 614.2646673345952
681.5086148228022 637.7764880741033 613.9889172617754
685.5887631969267 641.1561822208376 614.1307527162235
655.254182287139 646.9723355794442 613.2295037541954
692.891238632679 650.5588652553172 611.8441529722129
828.8135770259188 651.4630487682787 611.2847127157688
964.7359154191586 632.5760243426009 610.1791102902089
989.4582783027523 630.4959156243041 609.5638852333605
707.7712281707231 628.4585103733758 607.6176151398165
689.5255170169979 627.8288026887569 607.0625851301593
741.3652179077053 628.2176383740557 605.4686824226328
774.6849917090444 627.2002482021142 605.4686824226328
739.7160351611615 626.4971279854556 605.3284231735305
794.9486564838396 625.5559527332467 611.2220339501735
753.6265707776329 624.9297960571251 609.8792244112582
686.9664556768005 625.007478028453 611.5984527639243
640.8183786449773 639.1553305836378 611.0681222253374
690.0128919161573 640.1349656770712 611.3564155931742
707.1901055794374 641.156185851912 613.7883056081882
705.5624901706615 639.431000761602 612.683657130041
701.3849894300022 640.7702396335211 612.276625162295
700.8544376156804 638.9094223753474 612.5392838303567
706.999124278711 633.3460781146989 612.9463157981027
636.5284969291556 635.8436135763586 613.5261640118822
604.1899180037258 637.637240129527 614.0200553645636
513.727864007081 636.3692709082566 604.937541333059
442.40534322649427 620.6659487871793 604.276725108346
371.0828224459075 620.4555873385634 604.3463251157436
321.8545043181746 625.9146394354758 603.1693336571324
389.6582383122709 638.6026912269731 603.6539620469875
417.318590320653 626.8887249120123 603.7241353233545
398.1687418300551 635.2642107780173 603.4459488963928
420.7810434474917 679.8879851235472 602.8899113235416
443.1790140008733 696.2953886980274 612.30773069736
428.1072232355896 714.7359096460114 614.5440709665415
401.76222508921717 723.4052407009599 615.655093572972
327.81771472752416 715.4376081769249 615.6887070483092
266.57299545955954 675.6100253423241 615.5772729773918
405.2282623329395 654.5102135648422 615.3750187703472
466.7132492058057 623.8343974345669 615.9629967897245
457.64269095077367 593.1585813042916 615.7608127744189
455.53076260658224 562.4827651740163 616.0732505149043
450.5202120423087 561.5132289349899 616.2755747755168
481.9490532506351 620.6958039748856 617.2318701489426
462.99925678465394 648.9788412689909 618.6840974506252
335.1665404558413 663.1936936618155 617.1714607405218
355.81400092069157 668.9342407937256 607.1946721215661
586.4144359550223 673.6712848266578 607.0521970943721
685.6004390181919 670.7764098408283 607.1229922469576
752.2456708761314 658.9113671610514 606.9814659443895
726.3025998659278 641.8955489076817 606.0114319414297
718.1547396866242 619.9612944732224 605.6645786652527
603.8239900303788 582.9042766202 605.3885077609449
543.6261899927122 571.729269205503 605.4568678219373
593.2147619059845 572.3847066754244 626.2288336897778
686.4105238147365 584.3567362617773 623.5739338876489
692.2891191742697 598.3867132762688 624.3463278415029
696.9533917557824 609.6256218788358 624.2921014417992
673.3309431202176 614.9096921533867 624.6414971805827
695.6237737552422 613.8316358171803 624.8298469693823
665.9905590393819 609.1012558911211 624.8298469693823
667.982384902341 603.5531165736643 625.2327566594699
649.8738164959682 599.536292709198 624.5338353596358
562.17359234427 601.8349634305803 625.3403073527245
561.4821539169918 609.1114418246382 626.5511447178937
618.7188421159425 617.4611382726423 591.3368880580815
553.2252803315107 624.1315861510137 562.7552253565484
556.7990748397137 627.9664176291678 567.0451849627051
581.1263738974233 630.2632621227383 571.3351445688617
567.7937622879908 629.5562655697238 588.5827615881201
564.4593778587109 629.5558954630983 602.3156566943842
563.0205907432193 627.933219360372 621.9009147524042
546.2563512889686 626.6179078573125 623.1090469918838
554.6336408261327 623.7340141683862 623.3234832298533
546.0846671388764 622.5653265565743 624.0774878931547
686.6180951958439 620.2877300275859 623.6154664534869
776.0524192988315 619.2625928753835 623.1463834167566
795.2968241424383 618.1039576275806 624.5416424854379
778.8706107013968 616.0377444055405 625.8774515252555
740.5085099207544 614.8389822329734 626.0521144441572
668.6667543771173 628.3720090628804 626.4586977606745
590.7621934152586 634.5372408071605 620.5907861816912
589.7545818532046 636.4097997261229 605.7998004692013
588.4192277526511 636.7274843638291 602.6708367493266
589.7221366288859 634.5550435957011 602.9729552416538
589.6202406566648 632.0862257289054 600.398316427054
588.7338080679483 616.5301306027097 601.0186616868777
607.5217755249842 600.8469686782835 599.5638933337552
600.783647609105 593.8487968779871 598.9411490288508
668.7974004756273 593.3671773619744 598.8708083152693
618.2341576214089 598.240215718771 598.8004676016878
644.5823342742865 606.3210976825546 598.3836403106894
677.4095632665665 614.1737503881617 601.603013725078
660.2549963117506 619.9331668583498 613.7407814892158
643.1004293569349 621.1818486892797 615.6328556213948
663.6418719566582 620.0939444955095 617.1031950042636
625.5734373408228 618.7094227855483 616.7538684193773
725.428035929948 620.4680399023736 617.2127699195931
798.3234256424448 623.8392063401388 617.8018317178664
744.4455111652953 628.1807043544981 618.5551776734037
694.6514558554213 632.6882270894303 619.16112604071
644.8574005455475 631.9987261994263 620.5767531547287
635.2952126573985 627.8317037771906 620.4662493174363
449.48377057809296 629.5587740632324 621.1646377999498
586.7671996566132 630.262841995306 622.2125280844018
638.6485364995806 630.1977864131228 622.8014155955029
578.8176864882372 627.8944154985895 622.7470066292103
680.964172488508 625.0146823592697 623.1899767235686
620.4585350482807 622.0138692877777 623.2982295138092
640.4533851549827 619.44523076943 621.7711286221845
644.8054613558543 616.0810121821905 620.7789461636082
640.9387646257636 610.5852823326504 621.1838182684564
644.3465894367257 603.7688552145303 619.878317913636
651.016103006262 497.2721218007572 618.8682455976036
644.9810050138415 417.01625650970743 610.1560597456307
641.5588303060529 416.0120996203705 609.2162410945009
650.7005972343379 415.0079427310336 607.6820544223317
629.0568934498053 414.00378584169675 606.5004797760828
623.4863959341453 412.9996289523598 606.2217992820792
599.044008486921 411.99547206302293 605.0416700042479
577.9428019556044 410.991315173686 606.1505588548113
574.9648110870197 409.9871582843491 606.9817206227183
535.972582786078 425.5878894294693 607.8128823906252
562.1295690254724 498.1882858679121 608.2337731916352
548.922593060478 558.3662495597712 608.6546639926454
546.6010104122355 555.6991906212128 608.1064227484085
617.1750345800747 528.7515329686705 608.3868013032499
591.6576861220019 516.3817208160301 607.6259092441487
610.5484146959466 429.2651289695641 607.3527085374473
610.1518258799945 380.60686877561807 606.5177207600991
603.8650617405716 409.0048759601534 604.8480217838791
639.3705911664742 484.79265566290826 604.9096619494036
635.1909953075251 578.4105386852236 604.2778795663664
631.0113994485757 605.3388945011674 603.5163167959483
626.8318035896264 609.9162617538818 603.0346134131953
608.812996850792 609.9411866992397 602.341883785974
606.2185024357098 624.4506253508576 605.2539775014897
603.1762610202388 635.5153757399139 618.858312378399
506.658596786876 642.7715533716134 615.5145603669557
422.3870060180087 639.4695108796893 615.9332061010904
658.6226545866851 636.4911580790499 619.2560502636028
511.457999299662 632.9759921396688 614.8388740866188
512.2925667797017 631.9073393408219 546.4941012480807
588.0376420812577 633.5307302862673 506.89133090287055
520.0563152583129 637.3123224531587 505.39407683592947
659.1884630222812 640.2767005712659 503.8968227689884
523.2265743011269 642.2228997884143 502.39956870204725
538.378805056645 642.9280200695966 500.9023146351061
619.8823413209991 643.6880067237544 499.405060568165
602.2418438683474 646.6771642035003 497.90780650122394
643.837886909708 650.5584139798669 496.41055243428286
635.5142357872913 655.3009985991575 494.9132983673418
505.411824356509 659.3672360065269 493.4160443004006
536.8689558174406 663.1231032018112 510.1136426269561
557.2086182140597 666.4067826785679 609.9653450664116
556.9875420737633 652.6061886960921 611.0486838943982
556.7664659334669 635.8377312260527 610.5527015343398
556.5453897931704 628.8954992122792 611.6355118355204
556.324313652874 619.3967907157191 609.0610205599505
580.1320740251806 615.019012543388 601.2641552007219
609.7562813936922 611.9814187350423 598.252664709039
619.1982097418565 573.5371915391731 602.7597944262668
626.1174471597476 542.2844951866921 604.6415312141263
600.0945884628592 548.6436673469268 604.9148700437112
789.3342074302743 565.8959075477064 604.4226546272516
675.3544826125112 604.1480710515345 603.4496804680261
584.790951042134 625.0551577898784 603.3781441093944
708.1584588495025 622.6668680574652 604.1383365978206
795.93362143756 615.7960264095256 604.7623970176619
807.1060992710721 612.6179063537179 605.2602754876131
803.4741011307519 615.9391184424924 605.6123554984308
812.5399642977751 611.6517568319241 604.4457873488539
813.2535216908366 610.565674932988 604.5285723700788
781.4957763682012 614.8223951313685 604.5400534143996
744.4326876348355 616.6335733786491 603.1347673223217
784.6856783209778 616.7532676555761 602.4332795682169
816.8103090537687 611.9266300835757 602.7066917593988
778.6710285276697 610.804466464521 603.2622295889912
684.5704955621252 617.5983973522307 604.0838274798308
664.6717256914023 626.4971279854556 605.7436042795849
673.0737493588862 633.5189468702363 606.7822879085218
640.2538761985084 636.2553509325795 606.3051618231293
609.7116700508502 635.3221623711863 603.8269224095635
608.1829712326311 626.4435161752865 602.4535802653186
606.7783779931516 624.2023296557339 599.7908482450033
583.6538178896816 626.4473983985877 597.1984912531391
584.8703081429562 629.9081356048622 597.1978505586716
654.0742893978957 641.0356517853968 597.0274081847319
819.4637264711802 649.9000292945523 597.3091480265907
667.012600285981 649.0243872751244 597.4160367117181
658.229652420211 651.6105048263111 596.4503179514713
663.2924405291508 655.6920504862758 594.4720875871363
672.5473182426116 658.1892551617062 592.6425988738913
673.6611011988241 639.7791299061153 593.0697198202731
676.0332495563482 620.3236988481592 593.9874866246275
679.2261183819244 617.2172698552156 595.1120467212356
685.8073718539185 617.4082927852525 606.8534772427529
765.6960934390523 618.3032127955064 610.7612742748499
653.6154933341688 618.5073493223537 611.6622743898895
661.4870800724258 616.5164231389136 606.6780347024894
547.8916837250706 613.247171200074 614.3730515496534
322.1574747145585 625.6636072172887 613.8167939830624
348.71764491276286 636.0256537156492 613.6433143433078
375.27781511096725 642.1176799093939 613.7888453709265
618.1208347161604 643.8325453851575 613.4974558421699
615.7138043258192 641.0152104279586 608.2749146884287
595.2962606146539 638.3780228046702 678.2688368509025
574.1913671949684 625.2577404688349 658.4746301045163
531.7125768559836 622.5176748653535 638.6804233581299
523.9948308615111 623.6846947845415 618.8862166117437
538.3500720044998 626.275577880625 603.3394637033174
543.3009295055324 624.3375688936158 605.4890828758518
538.3009382264565 631.485136752889 617.8193281289907
576.7991270661012 641.0814386765458 625.4502980226055
594.822066056921 640.440553415423 634.7515242254676
601.0065577984419 641.3400034303178 643.1052577532355
623.9857132062992 641.1446794601044 648.3041712089941
611.3694824090315 640.8346148651451 650.8646714557003
596.4199801234481 637.515686081527 651.2405190653333
558.1698153424074 637.6344927946719 649.8992192154014
561.832882094721 639.2263707792879 649.5136007303229
588.407754183838 640.185324730269 649.651358613602
580.9036759126941 604.8075151250542 648.2869203349337
590.2558347773818 578.8602957703441 644.784479753973
619.7126930483474 570.5401318218818 641.6974683265105
599.9489436549709 580.8206005725729 638.3367560522072
620.9893967006736 636.1286028288254 635.6896769914836
628.5023157607018 626.7194478141763 633.7566296504915
653.5738436224837 607.8045014021955 632.286207919577
639.7180793956775 608.2602239173625 630.1351020954378
650.5241528969573 609.5983507549856 630.2638066551666
611.3407176512135 611.2155920786053 631.1344184698398
605.5762520772548 614.3463190795135 630.7300353205028
659.2673102470483 630.6499168522848 630.7719454766423
606.7212649090071 632.7023932485279 629.6702709321585
543.7582271911012 633.6694722013993 628.4317863543192
609.7003847220021 635.0787352761861 611.8595544842609
649.5855841243703 636.1067100501311 591.0898279140024
650.0165785101656 635.3434934097309 570.3201013437439
648.3299538739329 633.4390262685115 549.5503747734854
644.5237822935917 625.7930036008557 544.2652403006414
640.0352948226473 578.2792054978604 594.7711212491517
589.7792379905991 567.1848429115064 623.5289299917381
607.1458929952001 551.5381008362269 631.4421984631689
615.9136826220729 535.8913587609472 632.2864990807727
635.7224212800031 520.2446166856678 632.1392882341647
637.0907417107653 504.59787461038815 629.7188703381096
624.0598033113986 488.9511325351085 627.96975525381
619.0941867237424 473.30439045982894 624.4829797175405
626.6432603814113 478.1726466515885 593.1456169472897
624.3574695754501 685.4823993838651 575.9929378706819
619.5246935983178 709.2978610973073 569.8905040317759
579.850110085205 724.0783322762785 563.78807019287
546.5016907534521 671.91930893514 557.685636353964
642.603880752999 631.558676053118 551.583202515058
639.111929212284 629.5229670138799 545.4807686761521
637.3157051341644 643.444147264928 539.3783348372463
635.1263856148003 624.6317158477353 533.2759009983401
634.2982510354984 616.2814437266586 527.1734671594343
636.6327902802151 601.565317000073 514.4236269718007
639.4737968851646 609.585515654978 488.5034394908736
619.7867839689418 602.8129494697248 501.1019794739299
635.2606817886949 597.5378624397695 573.4035862713165
638.9428938535036 592.954779527981 572.8293406850826
629.7116823129211 592.8410433430447 587.8211263462739
622.8032212017574 589.0617263632817 586.1033237624969
564.9687293754747 588.0180694502508 585.8380871702618
622.5708470688327 587.9154398776145 611.4201281653579
629.5330652566776 586.2681266603945 609.081367887987
624.3494806701065 560.0380432311728 612.2948995743945
590.1914454772866 519.2208209150722 619.5502634994219
598.7803206962948 471.1069530322346 624.0982245756088
501.9335115331512 422.99308514939696 630.1139574539725
568.0312541224548 374.87921726655935 636.5938682458466
626.549806866572 283.68738240844795 643.658756348382
630.695707327245 367.913000080069 643.4070323560268
627.376297082425 553.6890689035413 620.8246765513672
627.7866499503507 739.4651377270136 620.2470610273882
626.4027633645496 779.6736672239138 619.0948371083741
625.5322348584668 718.0359437122369 621.5841985107166
594.5000640051032 684.3108545223138 620.8529499147132
607.3597526726726 674.2640849464319 621.9995340744306
627.1427778267694 663.848711434724 620.4595212149766
600.401679562804 670.2284523160461 621.0244061817064
573.6605812988389 672.0316746069128 623.2596117721102
546.9194830348738 669.1753405993983 626.5299037154211
540.4408482424344 670.1280243501677 627.4592967442476
615.7089048491482 669.7156227101286 628.5027812189865
562.3115760255835 669.303996115998 628.1713962775314
562.3915831230222 667.3991109788985 626.8989083448948
577.4597472134444 664.5245748899688 624.2362681823244
573.0004168960947 659.8943715502357 621.209178896938
660.5062534087102 657.9715254719032 617.8587179442078
656.8985263266773 655.761071799539 615.3578040744051
599.553510420676 653.4319663474021 615.1598029390524
598.0062722571813 651.277657956993 617.8959070444432
608.3106337757088 649.1332056794711 620.2274610524386
597.0497368860258 632.106021116427 617.2227194932013
607.4883505016096 621.6359465153217 622.6326385183518
613.7633576919404 620.9382698537863 624.3177182919962
613.5918173801763 620.1261281451849 623.5590407531678
599.1925623773063 620.9382120361063 621.5769271558488
598.3184770671887 625.4190008886427 621.4357000542943
597.4780330689991 637.5196075416034 622.3469657184016
599.7636901955973 642.8227033695217 620.9030265535224
603.6806479469832 647.7287278486788 621.5631148926363
599.0831903884214 651.1192010868647 624.7092820398814
597.2742414875801 651.8184179662309 627.1635217221556
648.1653954778244 652.5191568069093 628.3940506551689
653.7710765867714 653.0683910141308 628.4130715123176
651.9560686317955 628.0615566693585 628.6376796015334
650.5716213089818 621.4632479196773 627.1222627076922
648.9540301695887 620.176846961675 625.9763028816278
649.8717756594591 619.3632515289871 625.1563148653736
634.6439716172463 619.7514318768826 626.5486812690615
638.5330100239967 619.169201430433 626.4259075599981
639.0143232400153 618.6601331327543 627.8187776505548
641.8580110721623 629.6468759783697 626.5911862702628
646.2715800001149 642.3119113482367 626.4702706433882
659.130935440251 643.0603605457347 626.1122103904379
674.8303026035078 643.4106387059511 626.6917104924877
627.5817641991462 643.4106387059511 627.9145929322528
598.3331118177939 642.9093043842948 628.1522506526583
625.8218588331304 641.5566227604318 629.378253054909
600.9697223621868 622.267954455726 629.2116098738167
581.6168853761708 628.6090271742969 629.3343586145179
562.264048390155 630.1533637956063 628.7608967571084
542.9112114041392 631.3106430340838 626.1952570883941
523.5583744181233 631.0164395380743 627.175169420665
504.2055374321075 633.2221150156638 567.3967768455202
484.85270044609166 632.7258986913979 514.1368661951605
465.49986346007586 629.8430429245741 525.4417086104949
446.14702647406 628.3782675728435 536.7465510258293
426.79418948804414 627.5199200025446 520.2839967120497
407.44135250202834 626.4711752172841 571.4525175259398
388.08851551601254 625.6141689508086 595.4233594939628
368.7356785299967 625.2122931407982 608.5389087972504
349.3828415439808 635.3107288136137 609.01511482679
330.03000455796496 643.4011190540471 611.2207628134188
310.6771675719492 642.3015257649635 618.811943281589
295.896399385431 643.0017496088171 614.0718004978173
298.50291001007673 643.2052549536578 608.8227756761721
294.127637908179 633.1049996797303 620.1230751984605
288.62583929605125 622.4026745657034 622.042269385068
277.66317043298227 622.3011744891883 623.0901527068024
264.8779370188475 623.0008107747278 624.5480365832559
264.63909394185936 622.0019377609726 624.5480365832559
244.9274643761861 622.3009721991442 625.3648934821973
252.86633643125236 622.7017026950112 623.3572010121354
249.72231932494776 632.7034795687991 618.1627839776658
247.3596297353538 640.0053798573492 617.287394115773
257.07103950315195 642.3118401524293 615.1844719942131
341.0815639482963 643.108466745696 612.3401428664363
382.7870434563643 642.9037641824785 607.7090317096536
363.37937616716187 640.6018145593774 605.2869671541093
374.1214006722577 633.7011542029595 603.2250928600531
418.010707069714 621.1061550433413 595.6535249948327
461.90001346717025 618.5165007842553 620.0035465431517
539.9745983079706 617.3302095600743 616.5236543791218
546.9594090906018 615.636468689439 617.0510513725749
550.1437502158228 615.3409623940211 617.0510513725749
515.6645904795079 643.1264406636491 617.1358179644291
488.78840733473555 641.5383132542836 616.3462878454558
484.40448032861883 641.327211502668 615.2742778219773
529.0289247568663 641.327211502668 614.5522083705368
558.5931297462196 639.7165387888608 613.7499376446864
558.3639575034404 637.4254858412864 611.8080649664256
558.3549956130581 637.4254858412864 615.5920207699326
557.471709400118 637.7292468610646 615.2147037676692
561.955069259287 637.6363833979108 614.2284851376077
564.181684562435 610.7160775591601 614.2887141879089
566.30115662958 609.5132579132446 615.225246782031
598.5347365805526 610.0204914590985 614.7330691675834
616.7594757907174 610.8256707113741 614.4681303727473
591.9581842288428 610.8256707113741 614.985043838119
567.5277281336187 609.4276002939151 615.5905589147658
621.3481476736023 609.4276722650291 616.2001329238742
640.2468401849923 609.4276002939151 617.1320819528598
635.5646601388289 610.8256707113741 618.3012845385092
625.8181041001633 610.9324839947537 619.0698475851318
618.9995441364422 610.1268916664559 620.247529507345
578.8712957932223 546.9072753407606 622.0341715143802
523.0379443922961 535.1873821147224 624.0774395438433
522.191285268231 523.4674888886843 624.9778820605075
591.0923443667807 541.4888328745086 626.8207479016629
599.2919126386636 591.8864295719541 626.2277940174805
600.5473419311213 616.9381949903354 626.6308801581499
630.231341745018 614.8607809232014 626.4826984098262
708.2552518386159 609.5668444301755 625.932224473323
677.8494339943666 609.6773030056554 626.5147580587743
609.6453026561052 608.9789291563895 626.8055208709858
602.5653770581421 609.3837050660281 626.0033232867756
597.0414043858608 625.916296601257 623.4052170501775
591.8564112763006 632.103955718115 624.2031225743676
588.4694129689325 633.7007098459985 613.2515667508868
588.1553585827023 633.9001576938651 609.49550934799
588.7987495940374 633.0017772486899 607.1955936305501
590.628553521494 634.908136041288 606.2124438120991
600.0088921487362 625.0129922500505 605.7841951385515
619.8908233265302 614.4024815505264 606.7653712186743
617.626356269566 615.8034483794092 607.4207844297331
611.2696250726462 616.7079201630854 608.6272798642785
618.0297087844413 620.7466528716589 574.9276998231232
579.5309358887453 627.6244896432898 557.640441283025
549.4895398787639 635.9435902656776 540.3531827429266
577.9181483454546 642.1870881956792 523.0659242028283
615.0101915832377 613.8680971202692 600.5864177048605
563.1451764839745 581.9850372398381 605.2514527319349
512.7469153170126 579.64524404056 600.677768306198
504.7907345582381 577.3054508412819 619.7840353497741
569.422683215706 608.1541802396854 627.9530262777674
573.113223707715 642.5403762279891 625.8985203802044
581.533887812052 626.9037530411056 628.190409879898
632.4187111765877 615.2066937105637 629.2577208170047
626.112803313459 621.0547744399377 631.1117138441905
645.3228157874091 623.8098619713887 630.3533162278864
586.4633558908929 627.5893068383039 630.469082111553
593.6998220272974 632.2518649549086 630.1786130365319
524.5304416798679 634.7337172604684 625.8783544535333
531.8465379615654 640.3629510107187 621.7509647268873
581.5194681961669 641.2553619979558 626.5748832914994
553.0990356902953 644.7764099232847 623.6107755083176
580.451436554385 640.5311674639258 620.704541904214
609.5034294557838 638.6650034054709 616.2016810398658
628.918874596236 638.9651139540388 614.9866690339611
531.046137355315 636.4660242306733 612.9916651402771
615.4142947266291 630.1957372761512 606.4984689549774
608.9364490873277 622.5353188008269 604.2860484728984
606.5946163237564 616.4769475724725 591.499529086142
612.685095266864 602.8768352055426 581.1952794459835
617.253738838406 595.4252816029832 426.8053988889484
596.6646142811564 595.3361806401153 435.3781196033285
600.8424939770175 592.6382397850723 443.95084031770864
613.649734183047 599.2894962959567 452.52356103208876
609.8861512521362 625.2985348347174 461.0962817464688
631.8012815539073 629.8163663832358 469.6690024608489
627.3983571408994 634.9023546971613 478.241723175229
558.948611279299 637.5785000931538 486.81444388960915
499.8429503557195 639.199896492043 495.38716460398916
506.15964162234604 638.2385917507653 503.9598853183693
624.402627816829 637.2837639550203 512.5326060327494
657.5916856025153 637.8212915856603 521.1053267471295
641.8353315914492 638.4427121260118 621.482072802406
547.5654059122569 638.2041257606546 616.6569687211327
542.889755550941 605.7333012234224 622.0476232378523
485.95804041190104 600.8901673466631 614.024375985114
553.1317572983113 601.821188924361 591.542506496412
500.5875010026725 603.9488013415839 582.8096410118104
554.2085517253411 608.7681466676993 578.3780987709176
485.7101724951831 612.5067038440375 570.3246242269774
485.382508001691 611.6012504315321 562.6135857959673
492.4252568859501 615.8161178272138 560.7375339441323
495.3415383411997 607.3656163697506 610.9423835010518
494.70416458266635 604.7420868249635 614.6902706213771
499.334921705044 610.0055250288402 615.2868628868695
493.0838262649403 611.1005555647695 615.8399636041382
551.4002318729299 565.9254890188481 618.0904923929595
580.3327564962274 596.9492327223813 619.6943635133716
540.3125767445453 627.9729764259146 618.674089103873
618.8384739256633 595.9484602121978 618.1216170031944
618.600605666764 626.9300100023929 618.2662278575222
619.0400282545271 635.8885648258915 617.1023123421246
618.7682877656068 646.1128133379632 615.707937224312
623.035278917225 652.6163374221168 614.024655509653
624.1208481269466 651.8430943632655 611.6447089610111
625.2703085429952 648.035926509478 603.467394379561
626.5301912881255 639.1613154389305 598.4562744141156
626.971257186244 629.2620498073213 515.4286543474957
626.771749403486 626.8305430370798 511.8829975831532
607.2360038769438 624.2584685206639 508.33734081881073
621.6549029684707 623.657872022392 504.7916840544682
504.5913043202713 620.799071951923 501.24602729012565
526.5497494229008 617.4272923976523 497.7003705257831
548.5081945255304 610.4581872691165 494.1547137614406
570.46663962816 584.6686504739778 490.6090569970981
576.3971669747568 579.5243576094992 487.06340023275555
649.4590710223592 578.9912136972423 483.517743468413
657.8809098271992 581.975992828084 551.1749359533951
650.7893823599056 590.107905073075 585.586599758873
643.8119812240654 593.3875655620227 594.2459507644961
635.2729003669253 597.7864166755329 593.879149901454
642.3933551137995 600.6113521318027 596.0791358845806
652.0189195609079 602.8450598723175 601.797385471634
652.3357085246131 614.9197747509617 600.1372085193138
807.3273045155286 620.6935762436408 602.1361322132088
757.913876007108 628.4936465626739 604.0197706426441
727.6930923496157 638.0968781174574 606.0713424103716
663.8155803103234 649.1116639641539 606.5868681164566
643.5854702019319 653.6001530549595 607.2838122024486
690.0522062099452 653.5231441961332 605.3049881991458
649.7848655661448 654.2456762621341 601.495896270178
558.4373553056218 651.2452703223807 598.2140784312112
530.983557000948 650.5814744865922 596.8756445150907
503.5297586962742 648.705445089031 593.2113340555705
476.07596039160035 652.2612088784156 591.6863587221419
448.62216208692655 657.7214524517084 585.5149743853906
421.16836378225264 664.2101948500472 588.1263214504743
393.71456547757884 677.0482535792735 588.110450613662
366.26076717290505 658.5215348524736 585.7313175558145
338.80696886823114 662.2828340262404 584.9903955786119
356.17854548872623 662.0625400402892 586.9511287739688
387.7372425591153 659.1774536617271 584.1824625372846
395.6082848624005 656.5337350177286 580.7182939989945
387.3837985153191 644.89979303424 583.0415105645108
386.8358825135021 586.2571389329769 586.5501449792334
388.99300532815494 586.9776944225957 585.6501749962845
406.68065738942937 587.6982499122146 585.5511313555164
506.0221918336318 675.6827266762189 585.001354808933
561.3215311683666 695.0612639799001 575.42586443503
524.1963611448143 713.0215835470195 596.4688671358849
524.7691496476766 728.1329914522441 567.9486277816497
526.8622584822763 732.5752884553731 568.6447576627927
524.3767326210066 732.1550304724324 567.3369958836811
539.8370558618717 727.062635930075 567.1355611683932
532.8904733556225 724.6392235082898 564.5371332469715
455.70175752311127 713.8085387477181 561.9688799902179
259.2089089447336 697.4105649449598 561.6848373786619
310.0893763990613 686.9627969971157 561.3275911132016
730.3084940318265 676.8192233397119 559.8456540354878
549.4817947309098 595.7936690417733 557.8280613316026
550.4297510137686 560.612170202299 559.9699338946475
537.4045267117648 548.4029083848645 560.5246254988624
536.8090954995936 537.409062061806 561.2876802972802
530.1987496192106 526.0894654639025 562.0538922367613
527.4975743297805 585.3091501520881 561.4315024896156
525.4716928627079 590.7245543120869 570.9386288025644
347.95629591325235 584.3957833633826 562.7735595438073
434.757590520939 583.1662562384043 560.8515028100151
519.3835288108394 589.6207993253042 560.8961494556958
516.8970203497549 594.1745098264787 560.3420128291289
529.9399653821577 600.9238442514618 532.9157828197064
501.275918792266 609.7696951407535 507.79761429694577
496.52599114068477 620.4610248927277 504.5654126797248
497.1543003678994 627.2459432282245 501.3332110625039
501.482861281124 628.6673726994619 587.4857784803086
501.6736987325527 629.3811753086646 708.1911210589265
672.584033182978 629.5335574852226 794.7275235884362
598.1676360367098 631.5072534330646 815.7901722971185
596.3241328819178 632.6003872904284 818.2882537495342
581.9265172316614 633.4011444073183 820.7863352019499
570.8874638768743 634.2075764290427 823.2844166543656
539.1184359583852 635.0197570895116 825.7824981067813
540.3589051053814 636.3274768300078 828.280579559197
543.9574854770744 636.6311726580784 830.7786610116127
543.7539097883044 637.4528664155653 824.4836505541358
543.9967830787238 641.0530813073833 808.8960046594425
548.1172576855813 649.4494992358464 795.3502151772341
550.2040773722453 653.9973241535473 792.9749517100429
564.4100358514701 658.321616346313 790.3154188482763
588.1539313764684 663.56499304891 780.7046956301817
581.4303890711128 667.01622824604 798.2661207235403
673.5695373140319 668.6758544272013 800.6838106895075
665.975562460821 671.493109555446 816.7094714061125
608.4546488274748 674.2223883366579 823.8151962105804
730.381474803331 677.7021046838677 825.4343380240643
722.458603351422 677.2261508199636 825.9480027913208
606.6535307258953 643.070410259078 825.9928831544285
661.4592289312693 643.975462207775 815.1898349802177
613.0380837015695 638.4016611702484 809.4662539552567
680.3159145508546 573.5595212298565 816.1274957159808
740.6667044836258 429.8312648331192 822.7887374767051
700.6153902068231 311.4902544890188 829.4499792374293
661.6870844435018 193.14924414491838 836.1112209981534
622.7587786801807 123.29702448681729 842.7724627588776
605.9143366440769 198.61665206611164 846.3564594428178
659.4441119258166 188.1381986791443 830.1182534821127
653.1996826155178 181.86157955658433 828.7812079207334
685.9327232481203 166.76292416163648 844.6374734065266
734.2878465308384 164.51150682437236 811.9787772336294
718.4005154813799 173.61840970230634 804.9201420898823
656.6465143522657 183.29537152827038 834.9754237555778
506.93015829526763 197.819236915969 839.7315510112298
591.9772493243476 213.81031888450428 822.1667836280732
589.055175953609 228.48291530225953 821.7748751846639
557.0717119191827 212.09970325920338 813.768698574934
514.2008269706716 197.08094372943444 788.7997204683825
503.31056492621747 192.05524227475888 776.4046507804447
523.9076187979254 188.4128755934567 804.4503768256557
559.1181373241914 185.22439315661506 764.0235135473633
629.1492234430596 182.9217436008591 811.307870696417
521.9695740027196 183.6680346522943 807.955972744689
529.029447262584 183.95668502949357 782.9191251324137
557.2928738765678 182.87881060642306 802.1458738240954
616.3602262876935 194.5046253549006 817.7151596873501
596.1820542642984 198.9890912366472 794.4862331978429
612.3775514369613 192.58518214841558 795.3242509654535
605.4260270693835 188.786263788077 815.3044405867213
655.0699617086816 185.10875181903205 838.8248719980095
616.8407411966236 178.0175554525614 814.7486954602609
587.1479867510648 213.8282105985307 799.1741645922903
570.7276078145485 266.9415198245117 799.985400277893
448.0504750217925 261.61124437935746 783.3317271955581
605.3191673457015 299.15961855406067 768.2560841022608
605.545415369621 303.8573585963718 777.4567960801504
604.8730846327733 301.37734194755194 792.8891941668558
598.8732731428574 309.15124300543334 795.1687049826046
599.9772573378925 307.5034665387823 813.4184388602196
599.7486538710868 311.36963622240125 803.6249465940007
598.8472652733858 411.5171729802712 782.7210021677572
597.9391832221133 527.086789492655 866.0300440593435
598.6036259913976 604.6471139050511 864.9021772267847
596.6014563036763 804.5246922337003 868.1268861326481
637.1934032633662 628.9960721550312 879.2058487998006
645.9600315288874 556.907915417947 874.6743911050204
642.7850441025166 543.2657830478186 870.1429334102402
664.4159489900167 563.5464200007468 831.2252418899318
664.7844856655786 554.7730943562369 832.9814886821655
610.5114877288341 547.3812270802406 827.3914194493432
604.9058997057095 670.5971927546539 829.6814220606454
607.1310310364127 680.3863767853173 819.661261892536
596.5162940274433 613.8563490914637 818.0180187864053
588.0217043676951 599.1659487342561 805.9721294592923
584.8355103331907 634.619072061949 789.7718283285951
585.551236016115 654.8051963702409 761.7305479526773
580.3919156147708 648.7581845248957 742.2816894972675
576.3672874131564 621.2607851226503 745.0263439745273
575.5295387727723 556.74662648545 736.9413560173122
578.2936580897384 526.720217360086 730.8581212300842
526.3478596645848 500.4029815207291 731.1454143997898
511.7863323692808 538.9256836812885 740.2460504754306
518.0381395763072 355.4167649386662 737.8948920404009
523.3299915642611 393.9427820284064 735.8251317301415
611.3625463433125 472.37199311196343 732.8731953411448
528.2295902351552 550.8012041955205 731.5600516743721
529.1070482366054 629.2304152790776 722.839043265706
527.420901485307 692.6592067012575 720.2105803185979
524.0039685756357 690.6825206475592 717.0176934659276
515.2758835035683 686.8060195925236 717.0000316087828
513.2999814987155 678.0221745880867 712.3777796725192
514.5331335222395 680.1841907666069 710.5268539143472
515.9373465561287 691.9843992531078 703.9750169704535
519.0713989050605 708.7141213959808 706.672402545322
514.2046316198926 716.3956830028553 694.1423864774088
544.1195456538208 713.8621608383512 689.322873457138
551.9121917423395 710.6315932764128 684.7356156395479
526.601377060046 709.3407231754077 679.8677155062989
556.5118822967461 706.7338505742946 678.2939391717339
553.7538007556655 703.6192466409154 675.5955394394342
550.5321654751972 699.2142883212139 675.9455367307346
547.091803793886 681.6254249354386 677.2017788097938
543.0154211158613 674.2546743514845 678.2263682241278
541.4541106481486 674.32739805249 677.2417863474325
541.686907635117 673.020846980161 679.2232700464908
538.8250825621776 673.4562423734225 681.3885178410119
642.8231496742635 676.2396285859763 683.0956375185232
639.6995172135473 678.3035509312335 685.887994528939
624.9392247745285 682.3938063037106 689.5402458789645
610.1789323355097 695.1172968244857 718.1116642023305
614.4079931344947 703.845371132644 707.8896527357142
603.150574799556 704.3218774571683 717.2780607518647
595.0348092328493 698.4945019139842 720.1691392246935
621.4924134796754 683.1557459349269 723.9100078432573
614.8794428299557 679.6099982709159 726.6164875472346
609.1993125865288 676.4882778983543 727.4752797069959
613.1744109077717 662.0612626508607 720.5463662794809
617.1495092290145 649.353469859207 671.6313767734623
611.2116641786811 645.7377091436906 672.0556199533839
627.0971933542253 625.0851806008648 672.4798631333056
650.4779168182164 583.6422054496478 672.9041063132272
635.5687686771461 571.3169094832299 680.2596748275369
633.4148545682979 558.991613516812 681.6612630793425
619.6661012549907 595.9980975791996 718.5089496084371
618.0878050634615 622.916663112014 860.376221861316
614.9315517994751 685.7791203080733 739.3207257403571
622.652554259766 674.4615640567929 727.0373466099923
669.8319939268879 669.808052083312 718.2134355784675
670.0225759574062 619.0061835284126 713.1958275227769
682.3704976204347 684.3115595778398 712.0297210523659
716.0037019408428 674.1931412179932 714.0301159308178
681.3949242644212 687.0491446547119 713.1708527453272
607.9039452523393 688.5336599070465 712.1243337015876
683.6890928539756 679.0695630385364 712.0968630095996
710.5685137345729 675.3436965929759 713.4833971800671
640.5832655512613 673.1633554102071 712.9986278182022
630.3516856017518 659.422324228699 712.3070897850864
571.7029165275994 646.0128887789631 710.7258938982523
541.4064564563973 645.631550391173 711.7139233640339
540.979221605568 647.0639419724656 710.4135701164105
537.2392557892525 649.8079335462749 709.1158333721041
500.10632867142 661.1894171135783 707.8569616848931
528.3653217706066 673.1092759238252 705.5423338497988
556.6243148697932 673.1092759238252 704.0699685247178
584.8833079689798 675.2173724068421 703.3290340765296
608.2152214154886 673.5797975239127 701.4537644507548
616.7658959039637 673.0380747030587 701.7910160649371
625.3165703924387 672.1742705578665 700.2621867562866
633.8672448809139 673.8120306412457 701.7065058192363
634.2150125034916 676.0778431512158 683.1107882916181
669.8296717061625 678.4246457787335 669.0273465195876
724.4270578641833 679.367647895782 677.119679308285
693.3861026494039 680.070879380121 670.6795062368819
734.0640594951869 679.2940458698627 672.0215809011868
740.4367264141805 675.2990035831222 673.9487252772063
716.2583731940438 648.9302052092225 694.4589152041692
683.8469745131955 611.675522931813 689.4569979461135
683.9798030905833 574.4208406544034 697.960778067778
578.4363363662874 537.1661583769937 687.9893427570439
604.0162408430559 532.2504895130767 681.7842465494402
631.7344531175922 589.1673061128845 670.1884468324823
654.653821641118 641.132454726564 671.514386979994
641.4745909585745 641.5548736898926 672.2752633951159
660.429616519639 650.6005230115659 675.6883441480259
636.5327355132882 654.4654413399189 690.0966481400048
660.6411319711522 652.4257902448423 689.2613225406417
664.0892376235392 642.0116130176946 702.4154415682599
686.6055594003408 636.1045436875445 703.0921047531067
712.2938673731487 632.9485775222984 694.6699021517956
720.1024954528722 630.1974246551058 693.8867827132495
714.7817852115692 626.1993747481429 693.4865879457951
711.6613126938724 654.8978209827765 690.8481216441187
669.9331557530663 674.1253688134054 691.6944145303963
658.9698399845106 686.403853427412 691.657690611348
651.8151210735999 696.6948250834585 698.9995559892633
654.2864391249891 702.7833905948721 699.7584259622624
652.9664794006949 705.7087928505578 698.9319968739239
686.2700843411221 705.6381152398152 695.3904359889846
700.446286306095 700.7606330005148 688.7753780774507
703.1524435870349 685.1690956426205 690.3431194323041
700.5101585291707 672.7628528931484 688.5077012369793
700.0557926159561 662.7661599453518 686.3543516301718
696.7711015234927 652.4577975993479 678.3393721817498
696.621619898893 645.0135657488144 677.2602637681891
689.493360016571 638.3686239156808 675.924989870485
692.1771810743257 636.8614762743565 676.7651464181649
832.5680993553658 667.7025504948837 695.9197074287407
885.831249142444 672.8769907898255 716.8921604755262
718.685247762559 680.037330236667 698.8520065048735
718.6746130908418 691.9965609356666 682.4355085017164
716.6599263249059 685.984624432769 706.987243410394
715.097931927472 674.7563395533983 680.9225155918765
715.5426609838762 651.1512496354192 637.7149307789789
704.5173853388571 687.7036652909414 621.7735318755042
675.5846158904026 690.8013041953893 605.8321329720294
671.4267856952661 687.3106734382055 589.8907340685546
668.4174215373794 682.909404453647 634.2804250241684
672.4235905385938 677.0544905060246 698.0859464749844
741.1849637263568 673.6996184356146 697.6713918239606
753.6244438589803 668.5777972241181 708.9994901278792
735.9220971144848 664.9587791293574 705.3523877543353
724.9731347025354 658.7361197993409 701.1554374775902
780.6275967405195 652.1447097439843 696.9063866379718
731.1393334535433 650.1120054366315 686.0415699007697
776.9009119004093 651.389288275684 683.127178966769
718.9517573050255 657.0479014315811 678.967882033571
662.3256392220903 655.0807851581148 676.8888180714965
645.7205832146974 651.172189606157 675.8775680080373
644.1953365725558 659.452433997034 675.9445000563652
643.9543953533068 664.2027847834355 676.9000298836751
641.2255190737606 663.6046017747126 679.0980944569533
638.608230579114 672.7344206214 676.5561367962573
640.3719622219573 678.0311635183614 677.6720957835562
668.2717502167707 667.6014471724488 677.4932313461502
542.3754673746415 659.378474729571 677.1004124875711
541.4827468759149 652.5199020763382 676.2692020294357
581.7292941052029 630.9836474850075 690.6998079240243
585.4139002153754 617.9438258826194 707.8625251784565
575.6009902701697 612.7375049725616 711.4886933722183
577.9517768426354 607.4505602926472 712.2033957892407
582.9101845261011 605.3122447729788 710.2669375404382
583.8978438865219 606.8589973491702 711.4960290061891
587.2433189961951 609.3371338733525 709.6267248907908
589.291199606171 611.8307724290123 710.3046612875185
589.1069211082148 616.9751598432791 715.4928371409458
581.56226001561 619.1725116636246 714.8504825350265
668.6248094044465 624.7512095048289 712.2826540592357
665.8596475704535 629.1718284063404 807.7022594137613
669.5324828804005 643.5261589882084 727.3469726560365
655.2345153842314 651.179956892363 726.2698390859067
657.7241606949443 655.6134531871658 696.9131525530382
666.6198644657916 659.7034631069841 674.6844960793671
600.1678547616899 663.5482273354364 673.8640939457568
599.0602776477295 686.877531246441 675.5121094521504
606.2281109746623 691.7726519988175 676.1540867160833
622.1082480191305 700.3688988501078 676.6836331649346
600.2845131243046 706.779020445711 677.2696645237747
606.6497587295082 711.7503424241527 677.5156160193869
612.3912953257814 715.7671015101711 676.4918665993971
685.2034058929285 705.8996583628098 677.0605569847864
681.3251565472565 680.5560695709303 678.0305348260613
634.2669808059916 685.0012709907712 678.0513348262439
628.9842087681731 682.4402530053982 683.4891260797642
625.0745572740741 682.5034766598213 686.4710731171222
641.4426836597019 683.4114794916438 687.0374709765663
630.7817515907743 680.6092858608381 688.6883158638178
636.3637307502134 672.6408749053489 693.6346634370187
632.0863160702431 680.7630784137673 693.8201674994724
630.5341016923876 677.1064289756482 694.1294070042189
635.9668869455137 673.0987100859822 699.1539143973171
590.5597835792519 667.5422513181527 701.0278041663175
620.4035142071023 665.5127767246559 690.904078202851
616.7224388509533 663.10060300861 694.6912780265937
592.2513487741442 658.5153756747067 672.871410632883
603.1948337246336 651.4032928992607 666.0450969980733
608.4035870817727 643.5545931120791 675.6429637203332
614.1141994775891 627.1564726035563 666.7019857689766
631.52960847184 619.2198859993124 657.791974797951
641.8802404939205 618.7668528402173 653.9068749471568
647.3424144627679 618.1368379028709 630.8763746272441
648.2733093029159 617.1546739385285 630.2718433121454
652.9202004500189 615.0567312876844 635.0889518094507
659.4152941435505 612.9587886368405 632.3411714901365
659.9406539641425 610.8608459859965 639.0445091807708
654.0120135000325 608.7629033351525 634.435435014226
645.780958410639 606.6649606843084 633.2671460913775
656.4761110091408 604.5670180334646 700.4352101955269
629.0157837319498 602.4690753826205 693.6285983966798
632.2300581265288 600.3711327317765 709.081246514666
632.6584897923749 658.9760586658217 702.9930030896903
633.6896836097151 873.5846385599546 695.3499326510178
628.0406898451081 618.1197425596955 710.631096388794
624.6977810633448 606.2649736696133 722.0360331056954
624.2707745842343 571.9969231956445 714.5563473441455
625.6454838853681 600.1390482867232 720.9080750852418
625.9836551160058 610.2632176307886 732.4902421884883
626.5810493800235 613.5436007217022 738.3316228774652
634.7678973062942 612.8774307089935 726.3018604721283
632.874678426883 613.6621790349136 754.4019502714783
631.501611532585 612.2320390624391 741.4427772409873
630.9881767378449 608.4630314365645 742.9703897195366
633.5165273223768 601.603999725425 741.854509041425
636.774443216397 596.7378004377221 743.3757379640087
641.0636591724224 593.0163414337467 739.8089394151687
644.0826667763495 578.1898507948598 749.3014406412873
644.3254085531667 571.9006938674813 756.4552166895304
642.3291111098367 567.5999663513901 849.4894018503264
625.6839638342403 561.0422047971397 776.7002317496757
607.3990722861045 559.2184087589618 872.2201537012174
607.4888364084159 561.283431430558 872.0774094555919
607.8845106903836 564.9248505009559 871.9346652099664
606.4820961055013 570.1558884187145 871.791920964341
603.2601542790809 575.3865555326121 798.4898152217936
628.1530506417936 582.5817461305026 718.0234313962517
635.2385554629491 582.1327634631116 710.2097392725609
634.2018838975355 578.9761215823327 698.2886537448184
633.4325855932648 572.9006724187773 691.7835730937417
636.7831683176862 565.5718928839215 692.5515058635146
637.6364649160266 562.5447330058907 692.2979910131633
634.0360706354184 559.6838379328487 689.1556455595238
634.7288368725964 555.2066681231943 686.6800329510575
634.0356938959815 552.2655875666394 684.5047898059937
634.8953555926646 550.1260847337601 682.3799201198481
613.4548916898483 538.5463780851185 679.2573244369029
610.7316254745331 327.0298841710353 707.9679559190915
607.8159727897437 285.7764498253475 702.135335732258
596.3215969341671 284.0422503783548 717.924262566939
571.1395551103994 285.27628228928495 751.2258848463639
553.3145080543621 286.03967619237744 711.440200342648
535.4894609983248 272.8902978704248 714.7909139651674
586.5023449757693 230.65875695584248 716.2249141247785
623.1680703715067 228.34294219621128 717.4888252602334
626.1305423500481 227.32899917532066 729.4685806426721
606.199424076581 225.66437849801727 759.7007156984355
616.6038888350688 227.63009812274785 775.5313196470242
602.5592307506488 222.8567678488597 746.4102010316055
598.1869136573473 203.70632920334918 717.2890824161866
593.8145965640458 183.6298017521743 715.7249448000514
589.4422794707443 179.84899871344322 707.5858586083609
585.0699623774428 178.84607876526795 701.3054648723653
699.633288326665 192.3784649503835 697.3868835831968
689.6731431984844 253.26487273125008 694.5033507796031
689.6413760799632 339.57206356599613 684.3837754504463
662.4266683945422 355.62434044731333 680.6780805121452
696.340378523541 397.4389869308476 677.4748311907385
709.7658992328468 420.9238681959221 674.4513275089073
731.6857575612302 423.17188652442996 673.1832296083726
722.5113925901832 599.4160197669014 671.818598440725
663.940082314618 642.6361049344046 671.5163112424152
637.5982755579721 609.263393868569 677.6092584055132
615.0867933717218 584.5434073192373 685.3550650277265
591.293395138775 557.6768804713327 710.8297742308133
579.3292238105109 552.9096828435003 711.196495714127
581.1626933571968 585.4129753473387 715.6675652592795
596.2867099129185 625.9594049515288 711.2175512342449
583.9103326792533 666.5058345557188 709.3044908019874
586.1375919404312 707.052264159909 823.4355049379943
588.5289444631507 747.5986937640992 909.3597960005981
590.0034483092167 788.1451233682892 861.5831127016068
588.3027022004827 828.6915529724793 813.8064294026153
588.4645497708657 869.2379825766694 766.029746103624
588.103284360421 909.7844121808596 714.8701493898842
588.8596797577488 950.3308417850496 713.3932690721222
589.4531127038331 942.0350998252832 745.5524442485382
721.0046842881632 864.233990066065 704.2597836297432
728.5600992823877 801.0537860729867 694.6416827802805
736.3255940866284 728.8777125075211 717.8631307956142
740.9794198045131 670.0243053850038 715.1400876397258
744.9849428310866 605.3148922699853 673.653069824918
662.8080695070872 540.6054791549668 677.4294702705117
660.1916693264939 492.70108183336447 680.362276408096
644.7982061281563 479.13486139062286 678.1847768475236
635.8162500690601 507.71109634596047 672.9549675726469
615.7802860236604 551.0892137976178 672.0705789878839
610.0267902423674 616.322079659724 684.25933160614
609.2622056861514 679.1651148701351 696.2464289190841
610.6321455276728 719.4745817161445 667.9608539339299
750.145324592243 730.5993479918435 667.28944191257
800.5003438192858 720.6977043341537 688.09835101503
724.5134359396791 689.8535662692987 791.2452930476383
648.5265280600725 656.1358625922762 751.216906612909
598.1128651111853 644.3969405061324 732.647516947867
643.6626926219726 643.6529374811332 721.5174958463961
666.8683453917326 652.4468558607223 681.4484051981483
672.887883042843 662.2630095635919 677.7850584990389
678.4519146010398 664.3726500720702 680.3633685542977
655.2833844841782 660.462032831393 679.2255330952866
644.6751031481938 658.8274701265512 680.9658907962989
681.471222203292 662.1943329735877 700.6136573898499
682.1420855287641 662.7312076671979 721.292532946263
657.1001527133357 661.0059003801337 691.2466070105431
651.3004052386354 647.4195390965792 695.1442847150923
652.3954326546414 622.5002008036986 700.7957226369822
614.345588991912 626.738502515212 703.3478786393299
606.2545224415926 625.1915968832463 706.860838351994
618.5263770685935 617.545676775623 708.0639095448942
639.7505019732273 629.8336315621829 723.6493061572771
617.692498868844 644.0700723055456 712.6719445614758
611.8141671744377 644.6060812620372 671.11123481957
604.3528643587412 646.601376802462 666.0993140162872
605.6603521797175 648.5069390530837 666.3792790053956
607.0427734367047 648.2446242146677 680.2317590262431
607.1165149313088 648.5496294687644 676.7018997168962
585.09119984579 642.9441260061872 679.7396813295363
545.7861852564693 640.5501343714017 683.6051328135815
543.8314628787205 641.338058659759 685.9476564342458
539.7084309172808 640.9774569369515 686.4057654607229
561.8764433288113 640.521076936583 687.7333706107871
594.9764467816892 640.5233991239243 685.9793910277152
628.0764502345669 659.681326737195 684.987694762928
661.1764536874448 657.1807269876117 683.7827309122197
661.9190922973971 655.1660807921648 683.1042687927668
676.3833190744004 656.3905803743835 718.901377455881
695.4667594968589 659.416598213906 692.2276854489025
698.2685469937395 659.5041639991617 698.8593285084535
701.1288849680841 660.6893404092896 705.6714700713983
675.6393722118482 631.6108460409752 703.4553940381354
749.3722823576902 630.100516002466 685.6970513508729
768.3970339898719 630.5019107256281 686.5843906164487
797.4213508891637 631.2134412686516 685.2438602008162
884.8652608714744 629.1316695174587 686.3337652661869
819.1555928825633 627.2406867373659 688.7745100516888
791.7769928146784 623.4317969985589 690.7766559875377
633.3888817005484 619.1331988835913 697.8815736585285
632.4365860738385 611.090724381649 701.0172264403207
634.6409120805404 590.25553298161 701.2309355640482
633.0570669378867 614.5058416771378 698.3283974652068
639.7549498923087 647.6889362595655 696.7709339791213
658.7088971897516 680.8720308419929 689.4651334936625
656.4046407833875 714.0551254244203 685.9441776304084
653.2044772651041 747.2382200068478 684.0914885150227
653.5036751221262 780.4213145892754 685.4429368584097
657.0125486852539 813.6044091717029 681.8833053207888
653.8128638202204 846.7875037541303 678.2360951896901
653.7088501321823 970.3563549471385 681.1290566636015
659.4088805404155 849.9271183689928 715.2170709710342
658.0274217823942 799.7169092725175 721.688842115509
657.6978870667311 709.6499542317932 724.3350980548436
678.388812539654 649.8069957326126 724.8601589272237
673.116025911743 620.3293263570524 838.3601055895804
677.3537935670238 586.7801247458106 770.0507016964443
654.0361929214755 607.1583985857656 728.3395083551172
653.6521555752579 606.2173025123487 728.2708948078844
654.867516704452 612.7092933337822 747.2532478178921
655.5200170109188 619.6379991575726 746.3135294669551
653.4787104172394 624.4887909322313 723.4581849459166
650.8918970525757 627.8662277906019 787.3314330014741
672.8369671563012 627.803064708085 851.3875367569965
667.6918839397908 625.9414417362912 850.4946432376104
650.5622597265002 624.7036800279255 723.3000679679681
648.7288668973702 626.0245576770687 724.4613747926417
647.2133787851103 614.1281632717755 718.0703826318583
645.0606871819565 522.0683733434973 720.0347650229578
643.8876380628085 511.0524476419317 720.6837574013504
699.4311935014968 500.94458680997366 723.6404256897556
783.3623297410943 488.63183002089266 726.0796252853553
784.4018421701978 490.42710207618 725.7548658517794
783.9255746554803 497.70791326046526 725.0770951048288
783.213226897376 504.9887244447506 727.8159803987444
784.737730632186 512.2695356290359 774.0453217148608
785.56036010236 519.5503468133211 773.3756362232364
786.6237706385505 525.4537127634741 773.3980957069989
787.0192525721964 542.5074704165762 749.9925642553574
788.3693894378512 543.7834310351441 726.2566726034029
735.6257435322377 560.5499039348547 728.343754264734
712.6287304190573 576.3279785224453 726.571845370017
727.3036141872142 591.1873466402076 718.1783626134115
715.5253724544748 599.0455026113693 681.3088708770392
686.1352279853973 598.2580197652728 689.0337288309929
693.2204917839654 590.2896013268396 696.7585867849464
706.749288413822 583.6782588159439 704.4834447388998
735.1898723549231 581.1035291757452 712.2083026928535
721.548682775702 579.4594463808489 718.8645814837753
717.959803436195 577.5823018736613 708.7859199614072
700.7277542116406 576.2640805397743 708.5360337696868
704.7229899719268 576.2641024195386 722.9682791479138
706.3430480022876 578.1387882837457 716.7655500786414
703.1457077965804 578.2159117480403 716.4519724366359
702.7779928798254 576.8705871073042 797.0740289128084
709.6368589102582 575.4806995431013 756.816118003461
709.7708938608154 573.5263725409669 713.9094969330799
711.2174421370725 568.3249510623302 711.0348791901038
716.768094551438 560.6284698293359 710.6138398209745
718.6876929515352 557.1292489180585 700.5096194875601
719.6283962859536 558.3659194470952 701.970935111442
720.569219436967 560.9761581386504 707.445912588025
709.7238160566227 558.2855196936988 712.7080360121025
709.2998713119555 548.4166093719772 713.7584543727139
708.8210281869465 538.6895819084966 717.6147597316971
708.1826689102522 535.46495373171 719.9786897748706
707.9429708670042 538.980951033195 714.0938332576605
706.347334585251 531.2046332216743 886.368044835459
705.4691295741793 534.8145165534976 707.1445888081662
656.6507961328557 529.3514936807373 698.2465952712743
651.9386936146064 512.7718642096884 687.2316758836016
644.6141033331934 484.69241333429903 676.2167564959288
638.4084460731672 444.58139204511315 665.2018371082562
641.324460161854 404.4703707559272 654.1869177205834
632.8608534608034 364.3593494667414 643.1719983329108
581.0529347658083 327.71240147152037 632.157078945238
577.6804283589443 382.7737731753403 621.1421595575654
592.2095694724899 464.94051148487557 658.1569456232389
601.8782618048247 547.1072497944108 658.9284134509869
591.4216965085574 629.2739881039461 659.078497291152
587.898432237608 711.4407264134813 650.9218001183023
585.76301942081 731.5826276469354 655.6239612477846
583.3433522967571 722.7916755839922 650.1993026876021
588.6177266273893 662.9101713904072 645.7414457523629
702.987710195602 702.0456373938054 651.2896169108456
688.3925996080634 701.2311289473091 660.6345820592522
728.3842663050361 700.6751560404061 657.9303145205464
735.3366127699983 693.4123153191108 657.9915036428447
661.9013296716843 695.8322531604641 660.4849537021398
735.6101693006436 700.3617259025805 664.3256275057148
751.202470977501 702.9449058751063 670.3985873249135
762.2549142681639 700.9112234492268 668.1995995797324
673.4619162377846 700.2248102563811 665.8796147774312
693.2586994066805 695.7638048424546 668.6886341951787
789.3856061546644 689.0464587710642 667.2666823019035
791.7398301051013 685.5308326944288 672.309475107787
797.3245793486656 679.2049724156675 748.7175033874507
802.9093285922297 632.0009876734578 729.4983251114265
808.4940778357939 632.614739288862 911.5486835424454
814.0788270793581 635.6543139589231 740.927991208084
819.6635763229223 638.805511945526 570.3072988737226
825.2483255664865 643.6873507039452 544.8065839182909
830.8330748100507 664.5870564463983 699.3742000464924
836.4178240536148 673.9890577746793 630.8672475987069
842.002573297179 678.6216879678057 637.6328877481264
847.5873225407432 680.4566481415256 644.3122302114092
728.083025727441 682.4151139216722 642.2540154140852
623.2884642423555 680.782693379483 640.9662969821611
608.2601233335137 667.2053955630877 642.5625947649949
635.8674621697778 655.6876408276328 642.5003620715256
702.8507415338519 653.5035011850186 639.7727142483466
769.8340208979259 652.6964418823811 630.4690986016034
836.817300262 649.8544739062997 626.469933837242
654.1013903138329 644.794655631958 622.4148469502784
721.3269941168774 642.2461748487663 617.4565330650474
671.3083332720636 642.9195353549292 615.8500393241497
644.5592835956497 661.2399737191972 613.5132453485913
636.3633735360754 664.8406567162684 613.0262022468974
610.2982304093268 662.8612983468738 610.6677762725867
593.3470818385179 653.2310018005658 606.5942004451899
587.3485200345826 595.9831655679836 604.3696259974388
582.9399151957705 565.1689963912182 604.9716755038621
578.6633508397938 567.3931245052798 606.4836317315496
577.2083675325498 571.3753303884001 550.8472708696615
575.8478153489177 577.6648870082931 475.95688475079567
576.492958060763 581.5659593068827 474.4382609793503
576.2676693320827 645.7820935871397 472.9196372079048
576.688371221142 654.8104415525463 539.2222486057533
576.838979600881 651.7977076156214 593.8375734949366
582.2801284527909 646.3988071231305 600.0514694543097
585.9613845083657 630.6659257537447 688.7670354515611
590.6442810475594 584.4121416008325 674.076280700838
592.6457626609676 570.6443166639041 651.3197125203856
576.1433192982915 568.4536436731764 658.4069688707548
575.0775572061401 567.5601781147093 663.0138201931597
574.2324996354582 563.0658164416527 670.0417036483174
575.4042168433187 587.3531907221204 673.5446856522427
577.827427732647 600.9392703302433 714.4495861742525
579.1899204321752 602.0528678670427 702.9766611683497
715.8037550308161 603.4204652930475 694.9781574326931
694.4641596307745 613.6851308753174 692.096325727853
716.208112903148 616.641118060644 693.9754794495059
692.4785803560526 612.7056509410183 686.7460310869697
691.0125043519902 611.6411840951737 676.757030861882
740.1658019520196 610.311635663815 674.4103285991255
713.8324555633744 649.2870359040321 674.4281502017496
737.804663698726 671.9766529853104 673.5268163218598
671.9948675572463 665.3294520358022 673.7331294656267
669.5286412997935 666.1882024631011 672.728595958185
667.5749279017034 663.8800212995952 672.7143351284585
668.1324978795158 664.994310284884 672.490987987052
666.4643077993508 665.7736610262871 672.9197695294508
664.1464504854802 665.7737470670575 673.7169089503602
667.5785648456633 666.4608523926514 689.6311751649087
671.0115757879346 710.4608656077797 673.1089968589596
694.0938781714245 735.1063173577267 671.0991945607544
720.8293590889612 740.7195188928326 673.7801531812318
720.6420748193933 750.064659025792 751.1070609573462
699.1548106896826 755.96726119588 672.0326127810649
744.3066795733246 730.0151765277512 673.4753767806161
645.3805125524174 682.4552759577881 672.6676271682818
712.5988458695892 679.8098531198482 672.7553444432241
716.7683003868779 674.654659497874 670.6147229309636
711.2547012146914 670.1772945327721 670.2590916951444
702.9679935815001 665.2407573762888 659.55027961778
703.6096218784959 662.1125075825496 632.0096544781791
704.6745911147832 623.3184119936019 637.1009080937408
701.9411369338484 610.720084598492 643.0829040976766
697.0288790066896 610.5286575880882 641.836140123791
693.6618244698076 619.7911023977128 520.525913811862
693.5722771588128 617.3751411963258 367.7491178804264
696.8382289153622 606.9288971892611 251.66227799041707
674.0619569821047 605.0971377185265 135.5754381004077
672.0327964986882 602.1120715096399 48.17820782628946
670.9141622915317 537.757954521413 62.08859176461621
670.6977362580839 516.1744882038606 58.16654244000166
672.9149279848823 507.8250719646269 55.92130847766475
675.8359983519986 508.3684967621006 20.7607719892679
649.5701196564478 489.741225525741 22.76748456452708
665.0012974830474 360.79763555662987 22.611809922738367
666.5526721757024 329.3617810919483 22.852736741590164
686.9863089455638 329.89316393611136 22.255900924037583
697.9753715573606 331.4667446623456 22.154892803996567
692.8453724360648 333.24051312858614 21.9658826364888
681.9854789553544 326.8437976013343 21.408904079240152
676.9548161704804 294.98562469153546 20.862646045025063
672.2593804314068 254.67117360509695 13.62083240699566
668.2611935784253 214.35672251865844 6.873478624546312
665.2022931496731 196.41859942562377 7.466517186829627
661.7592393095722 221.05385235617788 8.49265665226346
660.2836702266461 231.16336218941507 9.139942069266834
665.7803505621102 230.81174275350213 10.301697102515575
670.6910764344291 229.26529965796988 10.636810081887404
675.6018023067478 230.22187531601094 12.030329992945315
680.5125281790666 227.06990600155189 12.237084769067382
685.4232540513855 229.25542617238796 13.100189391222042
690.3339799237042 208.71672049338267 13.911466581031668
695.244705796023 227.1698137044197 13.402288040981297
686.0570572395053 237.45578732094793 23.86626464029816
644.9657770462395 250.0885928482952 37.60813731589188
693.4771620263946 387.79888064198053 37.989490642564064
724.9797347083781 553.814833844322 38.41273578550783
738.8717737647942 637.7182563723824 38.61822208227039
744.9285626980073 633.6124157694792 83.02895264924157
758.0809144016016 620.4494243403547 256.52572277502105
773.2372893430916 605.7057115205004 430.0224929008005
775.2721604074407 577.2096508734687 570.8165162686714
676.1942781179764 538.8126177753222 650.2041911933411
645.8168149091337 500.415584677176 653.5758738517109
623.7368230746658 462.01855157902975 637.446390976
619.3837676623831 423.6215184808834 638.0652368496753
618.7062772697761 385.2244853827371 645.4380662322947
619.096636456544 369.73939498634246 644.108934285878
624.0365384799136 422.9901326952027 647.3403049717163
625.1021052088882 476.24087040406295 650.2315304635331
739.1351733733595 529.4916081129231 649.3852821319931
627.8540395634429 657.1713113136364 664.0126714247186
710.4471307326675 611.0205405418897 684.0212692515563
735.3992929121509 587.5331774123847 733.1505234016413
697.3738440319449 575.9587519394574 696.3107603324875
673.7450175994422 566.4237103348081 699.5351364169937
656.0706668790554 552.8329590642454 698.0781935373147
655.4809696139042 526.1609782632929 698.2047278260704
644.6111617792093 489.68486054437165 697.3139732163565
613.3812102577867 453.2087428254504 693.6873032038079
640.8869778169656 416.73262510652904 691.111649849506
650.4926643419544 380.25650738760777 683.9731933662504
645.8170214073158 264.1566077955835 670.4237159182373
626.0334411634822 337.8623022489879 659.3504210982117
636.213786355884 554.4603099239714 662.6693446649415
637.4049855662804 736.3106139556055 661.5875397822155
642.4976963733305 714.1007447297319 661.0504699733027
641.8694990232058 685.6689835135098 654.285927760304
635.8585258605551 660.4088511525117 656.4757232517279
668.6075329128006 647.4453245991915 655.9468391207561
823.2574486564407 662.5965699914145 653.3584556905031
775.4741413299354 665.2985925093607 656.0219839652766
747.4724190298484 661.6014721340462 644.3928182628883
720.040946662451 653.3379414207718 643.7417184200028
702.863951489353 650.0457564024598 642.9440848757605
634.3651449986462 649.4655432635848 644.6942961400582
596.8774621417372 650.6021233801916 644.6984716097834
596.5729194096376 652.9820956277076 646.6574276595006
599.7266192071689 652.0561488721467 647.8177444870361
599.88210481978 650.9965307286218 648.4068959617541
595.0630228216405 649.770927355626 655.827400412837
602.1687525375075 642.3340025095838 648.2459286913249
618.0070288463706 637.8230102922954 651.1049222669974
621.5614883960252 641.8232629287536 653.1566159481868
649.3806743160915 641.2943158572637 654.6188601702856
664.861252990431 641.5423609287275 651.0521373018157
615.5245850321278 648.6934474676716 648.6052018361297
602.4773604998977 653.9793526386356 763.1736720715398
615.6835343026896 655.2338105269039 766.3755194170931
642.4591435597802 657.1122430757168 686.286566659018
680.8599648430329 657.0535783189667 693.36023474382
697.4671363827665 655.1660807921648 691.5680798522274
706.1304663654453 653.0323498878138 691.6165787823195
715.0759041494923 654.0374607008379 689.1238245442993
671.7962289796434 652.3313958411017 691.2122513441077
624.4495651389137 649.9250665347474 685.693464811959
720.9504639780098 648.7335739731682 680.5150344739147
698.4488257587147 647.2389435131356 655.1909085588956
675.9471875394197 644.1991211514626 579.6580963432223
653.4455493201247 591.7567063836347 502.20701071598774
650.8416103378963 585.037901481447 424.75592508875314
678.4757340570317 583.5628631699456 347.30483946151855
660.7127745819512 582.0878248584443 360.5812797333341
617.4362977550395 580.6127865469429 369.9255792816447
642.2447193988744 579.1377482354414 370.2929578364136
662.0559324831199 577.6627099239402 277.6350977825422
635.4709417568046 576.1876716124386 255.43943160468052
644.1816572654162 574.7126333009373 255.3833295445881
649.8409488015982 616.614303302196 254.28351911641883
584.2661248796028 718.2231088902457 254.18546177594106
581.8466505697345 627.9470551995342 249.03199586706683
595.6484130494453 606.4798994168993 243.00463054592097
597.2354538537375 595.5107265991155 245.10875888354428
597.1689176635855 592.734655707155 245.2587312129728
647.3958134086595 592.7096594327982 244.9139549483259
685.1867900413598 592.3596880274687 243.3281859493507
670.1899936322428 590.1297022456592 240.54237273305304
651.4631340528713 591.0080638739432 238.53781185591112
637.2623185131156 597.9542293579436 235.99704074432628
611.6425424669603 594.9643382376369 234.0069166512016
584.7492008065776 589.3648403757857 232.55359438632544
581.2523727963433 579.0960918767416 227.8182257435335
578.9183880306446 556.795707459502 217.39486638392015
545.7929817092847 509.85126036836874 206.9715070243068
441.4148093926335 445.6039580036341 196.54814766469343
386.965901373164 381.3566556388994 208.86122011283885
332.5169933536945 317.10935327416473 247.53982638572734
474.4916878302776 252.86205090943008 247.82019347249732
584.4190475634994 243.57281738745056 247.1239149979667
580.580711689267 399.1577903937366 247.20205158648892
581.3013750471404 554.7427634000227 247.48518730481717
587.297510858353 701.2021519332998 249.70438412266074
587.5636855812845 724.322313614128 249.53303916083598
541.1386793749804 689.3163312650494 250.6070559717441
512.3285681501851 677.5766235257786 251.00049800747408
510.7296915789933 669.3076469521425 251.1510548109423
545.1391192781206 665.232577130676 250.7520148341367
547.85797758986 675.3476632725442 251.10009978471214
581.3825485976272 669.5993455684129 249.5523446328446
565.2158372725743 665.4285498179903 248.9106265308896
549.0491259475214 655.9298789088768 248.76264410317134
532.8824146224684 647.8482406681658 248.96410963454935
527.8078464883195 641.824901409407 248.21193024143432
524.6127108579514 639.6627374451409 249.97516442283148
587.962429755821 643.9641856899266 249.23965865660807
620.3878058785624 643.221585078367 250.5826726636363
646.5440355781676 642.4908152363123 251.54625933358926
663.7201043891293 647.3343317578524 253.34861504588667
663.1098564631266 650.8182046113709 254.47573187880494
670.88615954691 655.0764563369598 255.45889371417167
678.9593709868922 657.3266580003522 256.0969855827776
658.1061898528412 658.9570673756682 257.37324339030624
677.2044622506271 657.4065859905827 252.839955683778
665.5285512880572 658.0092464165235 245.39263278238587
664.0086817190213 655.8363609856491 237.94530988099382
621.7962083048135 653.051096698678 230.49798697960176
621.2683169821628 649.2476990916365 223.05066407820965
602.9561872971187 648.2676615416358 244.9718399043544
604.8243514387187 649.2023839186481 248.21632781652232
593.4234136641259 650.814297630284 256.2218588706802
553.8874719947655 652.84892497098 256.27275908523677
552.8399143368883 652.9637519191956 255.99685211136097
584.8258818745908 647.1319422016825 251.7842588340206
568.4199163056212 643.9057314604487 249.3425637358814
576.5034223827012 645.7203281215939 251.984337454954
559.9903914716062 647.4251633342378 251.8341369529104
560.2306762474377 646.6116565213317 251.5610201943348
562.9836101023584 643.3075383089727 250.04514492864752
569.2703959848734 645.4474017617724 250.1744391419715
622.0953733983991 650.8866933599461 250.1744391419715
465.62797214685565 654.0157983475085 250.58752158967633
440.61408186796865 650.8706979547387 251.2795712941042
436.3485093775515 649.882554277121 251.6964552674504
433.0520839967521 652.5578418980039 244.60496866012423
433.0003316251705 658.5446719871047 211.36284440968728
478.58850298046093 677.1059891161025 178.1207201592503
607.5567411870252 707.6919066591132 144.87859590881334
621.0232365105115 735.6836956192518 111.6364716583764
618.6548088079467 750.7346624589848 223.492133988756
624.2657131832684 770.8026182452953 236.9050007249398
646.2440516345474 790.8705740316059 246.42492615688553
629.0451559784367 810.9385298179166 255.24367018382026
622.4511404968516 831.006485604227 255.51422598752717
669.0319650781092 825.1826889683973 255.16783687122995
617.8876637526864 810.728308191854 254.76027285896853
631.9234096291453 796.2739274153107 255.32446039144824
744.5731932452957 781.8195466387676 253.39350070274287
682.0050937564556 768.9314393845345 252.2871172553033
671.5018189290714 717.5334421399134 250.04652997942395
669.1602752662735 701.1422127165143 248.6516337453076
675.7550486099909 706.6217191125337 245.45522963702354
611.0828621600872 705.5158672552982 242.69054301885976
700.3735926253273 697.7358896704461 240.68624265520623
706.5284724764921 700.7583531961279 239.37631878214572
668.4446419207881 712.7827124923381 184.62129779706876
662.8185804690802 713.7338294874144 265.4938434464633
633.3303186875472 712.1721526587186 360.3539190387663
392.2563998329713 710.5429292653291 455.2139946310692
319.6866609648894 707.161441763967 573.8787743422073
353.4314952467034 706.5772403354101 625.9258769622518
344.16101545409856 709.8683844156327 627.765032901136
352.22535845122917 713.0694970956358 614.8221560774391
367.6467213154017 723.120072433417 620.4504773778406
340.0908530906456 712.4643602535666 618.8632455302692
225.32964382577444 700.8747452855221 630.1513890823196
407.93548096431175 688.104824863189 632.2944382422576
590.5413181028491 669.9123119353778 630.2431908573354
624.4758333605708 680.6048410707906 618.7758351401234
559.7357868166129 693.9241104623469 592.1111675789232
594.3427051693026 707.2433798539032 580.0017391251747
544.0419841339304 720.5626492454596 588.6761019850184
566.5480552321842 733.8819186370158 588.4710587266874
515.2255518698679 747.2011880285722 584.6947002484558
566.1751301588879 760.5204574201284 580.9722312510949
574.9639103212078 773.8397268116848 575.9480452410173
570.1950833626754 787.158996203241 644.6524172133815
565.661766198696 800.4782655947974 636.3208338310319
564.2725935706566 813.7975349863539 637.1556775795311
576.7589039433084 786.8675759527171 642.1472014160854
583.7538924652205 605.365321628462 648.0769865050181
586.7670769851688 706.291995826443 603.7856295968942
588.961013089174 603.4009062745911 636.1756777241785
587.5851432972296 633.5566187821249 648.2656737368859
639.1265131927921 614.111713705208 648.8873398107108
611.7264686748501 599.3972286770235 662.111149921854
589.2832701489176 588.3588089755881 661.9893877519096
599.3200698833964 576.5230141708212 667.4404974944227
589.5521952266843 572.4566995314791 668.117504635225
576.6543490815196 560.7193023473884 668.1824132053856
574.102640436442 549.1289570018979 662.0986258301684
584.7073772030589 543.3214513428547 508.95193149917327
567.2411349619788 539.2674447443391 215.7248004367504
563.1911321734651 537.2659036469817 286.3689927328809
569.0423838311224 537.5958054151837 357.0131850290113
567.4103206230234 541.7016047522327 427.65737732514174
571.2633806698904 554.2696336843287 566.8161294306755
569.2421585765974 565.7235278023586 601.8017554776352
535.8357821225507 575.5704655255463 605.0901255070135
549.2789629937747 581.0554877469349 590.0024948299285
555.7670248497163 585.6479880856122 591.7277356414729
558.5123360720947 587.3111311217287 597.7222188402743
538.8319949843931 589.3866183656105 593.0015182719652
581.8612220131745 589.8110617289236 589.1884348144308
540.5613521634408 591.7003383871893 586.1457016981294
512.3967306520117 592.824594631498 584.3452393219434
555.2372485530186 592.8913005187469 578.5562406246343
555.4305072772906 591.2284836776871 694.5354374237023
555.7846074859874 587.8585201460778 694.0955961849547
555.5349003529152 582.0744256105702 606.5793265753673
552.6381759413714 580.5886581871065 605.7386862553058
633.6144495685385 582.7769700966879 605.5974712474379
642.8324029920509 590.5886178658461 603.5190171052013
657.2680199127294 586.1307623272294 696.8843485072182
624.7603486789051 588.2245356476976 602.4430013867961
658.1553484156518 597.332164186051 601.5322173197733
658.1551870989922 607.416830471278 598.8920315745357
581.8473484228763 618.7143927623333 593.9611285259618
591.774411348284 602.4256770153627 593.9669078747713
585.2799080915404 600.6226314033956 591.9783135313419
614.1983186757801 598.8195857914286 591.177569144517
652.7820863925115 639.3436258167527 591.6199009001183
643.43319307196 667.9290563936877 590.5296583209497
656.3460385728349 693.2957452151554 590.9860150448435
658.3180749075805 718.0244087718179 591.018247229533
664.7069809894034 727.0930572485761 579.9009644335243
675.751381867288 705.2285145842401 528.6866089104184
676.3401135282897 692.8520172364578 385.65690282454887
670.9048429341615 664.6846683142087 401.3817667285299
696.8962288402909 651.4824966932031 417.10663063251087
636.775926078706 638.4959452863087 432.83149453649185
597.048787129196 630.6557214154743 448.5563584404729
595.6403900135948 624.6825665982732 464.2812223444539
592.0856726682147 619.555502737084 480.0060862484349
636.6996788166613 610.6582363213986 495.7309501524159
627.3714549386729 601.6181169076327 511.4558140563969
626.3676862868126 591.5272502243179 527.1806779603778
620.650159238313 587.541979209543 542.9055418643588
623.4726827515517 578.1704269478523 558.6304057683399
610.1909598599666 568.7988746861618 574.3552696723209
558.9717667067717 559.4273224244712 590.0801335763019
568.9035723315483 550.0557701627804 605.804997480283
603.9129969604028 540.6842179010898 599.7755692016235
573.1464881007025 550.7040432237728 654.2392736245356
615.1878379635921 618.8980012995768 633.704912071638
609.9453368665723 687.0919593753807 625.6467179263802
630.7283500119997 746.2329208053714 614.1324863256946
628.5145477797215 808.6001207030024 592.6651293618854
568.4013746298947 857.4608462492706 593.3949831194534
488.73778519892846 854.6333894602701 592.6314888095046
429.9030895881763 851.8059326712694 593.1160710834703
583.7280820915367 848.9784758822689 593.1153337960968
598.8280366622116 846.1510190932684 601.7842840663188
551.000422293828 843.3235623042677 616.6353155939341
503.1728079254445 840.4961055152671 617.2000834774217
488.29722171391734 837.6686487262666 624.6552753466316
540.7075630039297 834.8411919372661 622.937994023431
551.7223453573215 832.0137351482654 623.5620432038302
575.4974605997943 829.1862783592649 620.0569377526174
626.8449298500435 826.3588215702644 494.72849902142843
636.2597319018835 823.5313647812636 380.9863204986385
642.8535367920063 820.7039079922631 417.12630864841617
631.2027362033825 817.8764512032626 631.0502713310533
670.3361293270683 815.048994414262 633.015990325777
625.5775057890121 812.2215376252614 633.0046891630211
622.2738242494149 809.3940808362609 627.6953492438439
625.3473932495999 806.5666240472602 626.5526879266971
615.8329887297559 803.7391672582596 625.9748641411447
611.1079550536135 800.9117104692591 623.0460736331308
611.888882120297 778.9829171318322 645.8967670903301
613.7990306281039 738.7662842232019 654.8296241997302
626.6012153771886 696.8876952880883 659.6083443249499
644.1894164380692 664.1706470712402 662.0381822797619
646.4222530206796 643.8388244840424 665.109423923827
637.6257962860534 633.0585511481781 648.7298764682521
637.0799840035864 636.9159544023928 640.1536542669176
637.5797293926338 641.6019370964175 641.0703329743894
640.7972777095151 648.8458434004127 640.0044914371526
635.9843520846964 657.297246243608 636.1051809056873
636.7780225478891 658.9225916618861 635.855127504998
637.6897756746614 659.1712832389107 641.237085639937
635.8706313352926 659.2669762631659 635.5039508640962
640.3198465526791 657.7379320102291 631.1831141726936
641.2466496381307 654.5798552735123 635.9188366849651
639.1263820523553 652.2867590108443 632.2498871232433
635.6809085981199 655.0014407330534 630.3627118212485
638.4491231642824 654.4891232408686 632.4871540197477
639.7438940701193 653.0275645024489 644.2898994164768
640.9959785745884 655.303372838555 652.3980247800318
641.4441405490822 663.3029129397604 658.2067104761097
641.3868025557802 670.4036181407705 654.5622491287581
630.5360441730832 660.7483096182943 655.1321952849842
642.6407168700689 651.4743628099552 657.9013264243397
772.1324149498487 648.8638814483738 656.8776522306114
668.3540980048788 648.4307305526936 660.4118155251238
606.7495625735442 650.8127346480541 660.4319449406912
602.1888221076465 671.352558886613 660.5916003583675
611.8797588723174 668.761985521327 660.0419450009647
613.0918754927966 673.1867542756374 697.2351645392887
625.7154726179408 674.721539172027 735.159272089873
634.6975674762652 624.519752702651 751.6252766968541
639.00912840823 567.1191698275209 659.9513728647601
643.885632804343 564.8331020631795 662.654110280324
651.5992095271326 561.4874746843655 663.6069677828592
650.7362130105597 558.786655639783 747.0206620590092
652.3634268047274 561.6734586946086 663.6540186333298
646.3222972312703 562.6523077192896 745.7041546617961
651.7047357407699 562.2664716050198 759.8011438706443
660.1282024118236 624.5645817660862 670.8127776559691
653.0271658818945 617.8772992111917 705.2252117700774
649.547218539162 605.5881396133084 699.4487932736719
646.1557486141861 599.02434736702 691.8710757101708
643.6386216823723 651.976229306857 739.48187296892
640.8832144288035 652.1067596731195 647.5083779092206
636.3824945283013 651.646607919101 646.1645906210547
633.6397206304719 653.9644793332734 651.9368477259986
631.6178091029435 666.0266565885761 652.8542364662094
631.358532844969 673.4943072452961 713.1087806521364
626.7257412132042 667.0879477689559 673.0763870614608
624.6267199303086 661.6211737487063 658.2854929338728
627.382383899715 658.8471582932364 653.3115718691926
629.9440146272711 656.4887512926714 650.8755496864803
628.7739489066056 656.6350298158858 649.8656518241163
666.8544607394615 657.6399609611226 638.1886693002107
657.0318085671179 659.4423910446237 635.8234436649416
538.3281867273698 659.0297188628732 633.249104836594
482.22474967682444 657.0762290095697 635.4158639130087
520.2932430241096 653.1651640569114 634.7304535170474
558.3617363713948 650.9419951851787 631.4479685389451
596.4302297186802 652.3303800254764 633.2965897447662
625.7881825539267 653.8692392921749 636.1844537434584
623.9849539472311 657.0768243913759 638.0960770882383
648.6349686894537 659.1824030992511 642.4522860464317
712.8719513603155 665.2207864644715 653.5185462969766
672.015658078456 667.6793658289746 729.7493475305378
677.390067247999 633.0551579781322 649.1351939311255
677.6408131602516 634.0534116554691 650.8699412974901
674.7343452451504 634.0737167363002 675.2641136301829
593.7183876668578 636.0015891348733 666.8430231829473
592.7830234591886 638.8782541904138 672.1916162203563
591.8476592515192 635.031441886241 672.6382498342437
590.91229504385 641.2227415223387 671.4650426396646
589.9769308361808 650.2294765218303 668.9441290987236
589.0415666285116 659.2362115213219 673.1918606581969
588.1062024208425 668.2429465208136 673.2981613840223
587.1708382131733 677.2496815203053 671.6706073639059
586.2354740055041 686.2564165197969 671.6126175553709
585.3001097978347 695.2631515192886 669.2171689492443
584.3647455901655 704.2698865187801 662.9477846855507
583.4293813824963 713.2766215182719 662.3358260383601
582.4940171748271 722.2833565177635 676.225830254552
581.558652967158 761.894656069656 697.6829005257302
580.6232887594888 657.4195503179726 668.6179731975926
579.6879245518196 594.35844956907 707.2336606894282
578.7525603441503 556.9406808203147 680.3507764341628
577.817196136481 536.3886155131406 685.7531903900667
576.0002220217959 544.2180002265145 691.2962301463905
634.555441382106 536.2408890864017 693.5189385152527
622.303399431917 510.4318265731994 689.9928495485174
617.251541463786 493.9771850206214 679.6099320892088
543.4387469909908 508.4845260538815 544.5676571340515
547.1735693730329 521.2000499235339 549.3388032686627
544.0120238932607 510.6846107715187 554.1099494032738
542.3322577399649 451.53352999373726 607.2403519526956
548.6475275063398 474.1144596797846 666.1326689534685
554.9627972727146 503.1028817059897 689.396702946767
558.1297220029857 509.07114953445955 687.2833237142822
649.9383606216265 507.8940151893273 668.4339672438269
723.9552060658601 510.61332959139384 684.1324904188068
738.9269290557996 521.7091348786857 682.441545795976
708.1750260704061 525.455994271611 683.2134781586306
697.0250825828241 550.3824673433645 682.9103168600637
692.0526269050775 608.9697712174132 683.7674248846229
694.3725655433318 612.5311593300487 686.0030412479275
670.616512884774 614.6264714170425 688.5856838211287
767.8691067633227 612.7392921328752 737.8701357275199
612.9624833201176 602.3566992056064 732.9367711427419
633.1013258739051 580.4094827518968 683.8701098340518
643.3785039054845 569.800404704496 681.0040935948252
639.2708114121493 563.471088775408 795.2925616184109
651.878141468063 560.738157121088 686.044514801614
660.0394542753876 562.6221427552201 687.5922147780553
667.8657962768302 567.5257363334041 710.319624205593
678.7195691599438 570.6940151266476 742.6380617153452
690.3191413421196 576.3303634099186 696.1670608925153
673.8301552550914 576.1467369240368 688.3959183907245
652.3362166562824 578.4539641113879 691.9477770151168
653.0780881446381 575.926653080255 716.6558388927706
662.3755154409832 573.2050365581683 705.2308060947731
678.9415534495731 574.041975527535 693.6100489240343
668.5603024176886 574.041975527535 765.6675855582724
658.1790513858041 572.2440791443325 682.675666212386
647.7978003539196 573.1711694459975 687.1692788653338
616.7571953096442 577.5679081153135 691.7582514658017
578.8301389279054 579.6319953211693 691.3496182663633
540.9030825461664 579.4232045750325 693.6994088568506
502.97602616442754 578.3867650629637 602.5461080864792
465.04896978268863 574.2004752615228 524.3709674161576
427.12191340094967 565.226844399317 492.7360400788603
389.19485701921076 556.8385683686039 461.101112741563
351.26780063747185 553.5367168954551 429.4661854042656
313.34074425573294 553.4511628105693 397.8312580669683
275.41368787399404 553.2661988836544 366.196330729671
237.48663149225516 554.0022011210294 334.5614033923737
199.55957511051622 547.8163496237133 302.9264760550763
161.63251872877728 532.1665801070144 271.291548717779
123.7054623470384 502.08644294248063 239.65662138048168
107.14163853050688 460.839599468045 208.02169404318437
128.31692587168715 419.59275599360933 176.38676670588706
213.11446713929115 378.3459125191737 159.6106854564049
326.00640500466244 267.20839792967934 176.8623843052747
530.2677678363085 298.29915874192193 197.375143496789
651.4847549753921 446.69001580313545 223.39930943843132
648.3293380668239 595.080872864349 256.3862604011562
642.2284131170397 703.9872536966341 261.6223423180826
647.1524274400335 663.6750786830216 260.3660940880848
595.5420618409569 613.1078612830386 270.2494127734266
533.086547212901 562.5406438830553 443.83465645722004
535.5149237322901 511.97342648307216 580.0051244601266
668.2201901400203 461.40620908308904 586.6282254363848
624.7305617254572 410.8389916831059 574.2687214189395
614.3378404620797 438.6336371434403 583.6357811313064
613.8213487612798 492.54890355721386 589.1018829775101
597.8589954493727 546.4641699709873 606.100787494619
609.7274095643593 600.379436384761 608.3196287297776
591.4909953986559 631.1129881161291 609.8862398530733
599.9254092792489 588.2398963108094 608.6785227699527
608.5875436077106 509.99181936543664 610.2910174281034
611.0985403809987 573.4641473975648 613.1942113349303
611.1925810867115 572.7513306156154 628.1139331291353
644.5889821417181 570.7286988388623 623.9733587516596
718.7815537410455 570.4497802770258 623.1543795220011
721.9476352220995 569.9437155408717 622.3443580526781
725.0643683711287 579.7928918177751 623.4607074739911
674.5982140003725 582.6816545232135 623.1544481416047
600.4081615944671 580.1399936913082 624.8883626990958
681.5551097627718 575.4561890305779 624.1550023288166
612.3265656346922 571.584519851987 625.3407623892541
624.1330608339672 565.0328421089836 629.4179581903377
636.699425752276 556.6713199842832 621.8643289849824
637.9071050573983 537.271272688523 619.8880947396876
690.6613687479207 509.26734377410156 619.2029676205577
634.0068298807073 488.45122888455387 619.1235740948651
629.8123493746778 461.3906770070744 618.1847907378186
621.803001262057 434.3301251295949 618.0343326123523
623.3911737733519 407.2695732521154 617.4500620726029
613.4233728486483 381.7701113025777 617.3505631464217
608.3124927538393 344.4592938029199 617.2784515468752
611.1190081640234 414.1298129649965 615.4792582436795
616.1563549853245 483.80033212707326 614.6880325202409
610.2527974335733 553.47085128915 614.1157248788383
636.3035334617709 612.6667484391401 618.3841067314893
568.9572892136088 683.9548001982657 617.7394812273249
565.1179243180835 675.3503000330304 619.2405151578431
630.436454281185 664.951666871182 621.2996135991988
629.7699005549955 657.7386907203578 622.558575361619
650.0685723669548 655.6581298179797 623.9552688329507
627.4760983600349 676.2070921644329 625.9776151004482
622.5966114853676 685.2392261806209 628.1444114436888
625.9491023046386 687.4429023604666 629.2603861139548
619.8914156966655 690.1985537192909 634.143298454125
648.0528895353032 694.7717579098475 634.8667840678386
614.4768630205047 697.1239509663544 634.1704457649384
621.2907913041238 698.5137771956415 635.2336130151693
585.2326665087919 695.198519344712 634.7598940658869
586.0298325779385 696.4977037975057 633.8596059065446
557.4375781352438 701.5135315712762 633.4313827281607
629.6681231454224 684.6436512861892 632.3611145640191
609.6083925105165 682.0830847335553 630.7300548209654
658.2292466653983 681.909473330137 632.9589058325676
614.4503818016515 684.7162413071989 634.300219522555
639.3966012676673 688.2777529180044 634.97734621682
604.9853497284117 689.3134445053047 640.6331314409529
554.5207870478704 706.4400079708976 644.838014910489
550.4437724470466 717.5409503190128 646.9872565655115
582.8231664692814 712.4568808406223 649.8234422513065
567.0477095445348 712.6419134139237 644.6717224043371
589.2794691899505 711.735580179932 645.6018905313128
597.2101819989682 676.935531101788 649.1784461865533
598.224685740892 640.0122842842441 650.7332205083171
604.5350967452914 603.0890374666999 650.5168968461178
605.6624401373059 588.0419585095003 649.9813264751915
612.0828944884654 622.5845868733737 650.3477019842354
605.8420341984781 645.3346610408203 650.223098650257
593.1248959577943 647.6125977961638 648.8579027704482
597.2896830380466 649.1912276055492 649.1672616346409
611.615329898292 647.3198470170273 649.5765505891566
592.9068241121784 644.8588875105582 649.206928986352
615.1945816363548 643.1798596357168 647.6579947108035
593.7422165065179 643.555177074613 648.5917437032327
579.2018681318266 650.2284839863595 649.3660306366908
613.9777082731989 653.0125008519437 649.1846746574415
639.0554892941333 657.725084760739 648.6980468728632
629.3370475872582 662.2760557691882 650.5874758945938
686.7922585151856 663.541594770998 651.3261220899865
663.9487551016144 634.9969964622479 651.9052132735662
676.4869270060783 629.5320270941652 651.5299238138933
656.342342470977 628.300883335365 651.3099771745617
753.4068639831544 626.9556826305686 540.8192719502613
704.3967302987908 626.8416865525138 515.3524277208821
686.3914302477989 648.6425862292447 489.8855834915032
665.1718864929492 652.4836771584681 586.4880985817842
718.1068475254513 652.055772142726 599.6115948709156
613.2435201266256 652.0506115325711 592.8883041049919
717.687874199501 652.8826317889042 588.2625785614712
650.497855739854 653.8592649690404 589.8353269264258
643.2349423783033 653.3090170441853 607.2904332150651
648.8852694690944 654.7111824640228 622.248901790201
647.85236885535 654.5786812904923 642.7031649795539
660.5105680009381 638.0584444094836 648.1246886482515
662.6231903745231 637.511042129584 649.6927051425598
662.7116999527391 636.1221020685097 652.8272713555485
665.8919017858948 633.2111979432746 570.8450736657235
612.6321870276217 653.7217090047588 407.2025514917191
607.6857763656841 658.5487940988219 242.30504675954774
636.0958617337799 658.8378659466719 223.8308794605024
701.4893802191148 657.5631148414576 323.11270771817254
645.1723022163561 657.5631148414576 422.3945359758427
618.2230286683057 657.2746762199195 602.1197974824008
629.7084545660942 656.698688265253 698.2460957034373
631.9161955729821 656.1234639913437 681.1514863301657
594.2284669039423 656.6985609851753 654.6606741419657
297.26057181218823 632.024457016707 648.3939163112498
310.8710235213382 625.719722665543 679.1418358206183
324.4814752304882 624.8793883622662 673.7640407382827
338.09192693963814 625.4295900854149 672.4442499296755
351.7023786487881 624.5936679153896 705.5562578504878
365.31283035793814 622.9285673333661 705.3263853466682
378.92328206708817 631.6867674987968 696.7396832036175
392.53373377623814 642.7022400523009 693.824831376165
406.1441854853881 641.8793351079935 658.5591339745661
419.7546371945381 641.626970017516 639.7926418042346
433.36508890368805 641.9121824673527 614.493665612951
446.975540612838 634.2580815688616 568.6856336380799
460.58599232198804 630.9074943139616 544.9573001179493
474.196444031138 629.9287020798853 521.2289665978188
487.80689574028804 630.2120866671181 527.16655790205
501.417347449438 652.9285834464081 591.3859015133683
515.027799158588 655.6417973724602 607.8706272074181
528.638250867738 657.0358942830834 613.6347516226366
542.248702576888 656.62800254604 611.7788572014035
555.8591542860379 655.8126637996555 609.2653363420782
569.469605995188 655.2337369214134 622.7255295684081
583.0800577043378 654.8259950143529 622.5012672683506
596.6905094134879 654.4182637536549 612.478737184005
610.3009611226379 627.4328377465225 613.9782049520809
623.9114128317879 625.474419940576 609.2714121690336
637.5218645409379 623.8020519363495 604.5646193859864
651.1323162500878 622.4122428101813 602.5458206517117
664.7427679592379 637.0057446921542 603.0645682650577
659.3231052127846 654.1291921325634 601.6640752840756
647.5600709811305 655.2991683193258 602.5053876727353
635.7970367494763 656.1794066513787 603.0276727607045
624.034002517822 656.7672723271158 603.0574184934632
612.2709682861678 656.6576443923841 601.1973332203784
600.5079340545136 657.6511323035245 598.717219522932
588.7448998228595 658.3498971352658 599.1865812656936
585.7256819705967 658.6450768084669 600.1101982136281
552.8284786947061 657.3098584381646 599.5266805078779
547.5313876348071 655.2283952943432 599.3805626877652
644.7477292093082 649.9249956725776 599.8176806330404
691.7071049734452 642.5986264875442 599.5754258745367
707.3707121835278 631.6210487575927 602.3957920244662
710.4371769650272 606.5002637792675 601.8116217966316
484.78908112365536 583.6392000492979 600.8974237336306
626.9947671995533 580.0886435984326 598.7821684158008
631.9466219716069 574.7641483790727 597.8218462573595
625.3391084345022 582.8258114668504 595.9895174320802
612.1402084969411 601.6071383696703 593.9725285602823
618.8552549664239 624.8559874139141 592.9803112508444
657.7685510044828 638.6393080163386 591.3385240283268
788.810659691237 650.1250947672997 593.952893814502
740.3166499470208 657.5593082498249 581.4463446740956
724.3447793545565 660.7946402808125 582.096214257115
743.4637949770936 663.7744949301987 584.8563943211147
809.7021221166804 673.9973217994686 585.230968669352
579.29686680802 674.9226027295276 432.4931120820976
581.1874679721925 672.7344223211021 327.2712592353687
562.8408707376441 637.2018224554256 280.2738584418272
563.1568089547596 600.2085158847013 233.2764576482857
576.4445402317526 620.4070588063614 207.19576387767086
583.6277943019923 710.7253107239561 253.7564241513478
593.4227119044987 720.5706710965426 275.576689247686
624.089364723658 719.5355475229144 266.0619289751511
634.099609244015 712.9835943384795 251.60343232755176
615.358929620095 697.9447643140711 249.6631405967765
614.1239988491536 686.9975638835905 247.90976180860648
611.1162824305562 665.183058643892 247.90976180860648
622.7244466354533 638.9558681997087 248.054890976825
634.3326108403505 619.3427941895768 246.75221291472346
645.9407750452476 620.5843995770254 143.78462274793006
630.3901402109642 629.5334236774268 56.28664010307019
682.7052536781638 637.1932630883562 54.475379974339134
699.8473615425376 640.7060706699335 52.32709628583187
631.8430931917841 643.6218798627185 43.1568803166187
672.1961542294016 618.7927427718954 6.5
677.9904510922645 609.5142406206489 5.5901699437494745
608.0452741937636 604.1792168518036 4.817355019603445
613.8292952021102 609.4713572410255 5.0124689052802225
632.9082459891724 609.043048045201 5.110076627227638
636.9087942663378 627.6409734926185 5.220153254455275
634.2058032669968 643.9911301922906 21.142158987341556
630.200922790093 644.3616996687497 33.665468985318114
629.2996106784112 641.8734847336576 34.22437921896935
626.6133179781433 642.1356240421111 34.02202467451991
623.0265276580051 646.3377635836739 33.15493930020081
619.9234200474526 643.5475885881533 33.254549730258326
638.4346769174751 642.8409601137749 34.34767712723021
668.3619883673068 638.2681646455509 35.674068934461125
667.0267600203861 631.9492083707478 36.9120576505835
682.1924797939671 642.3196433540822 47.492739780349275
697.704808640445 643.4783519271214 51.28088741549293
700.0318532363033 645.4786137838778 52.002403790594144
715.5083073086953 650.1795070699184 52.185643840849394
733.8718328910783 652.9562116261233 52.755334889700244
694.4706591637298 652.8662884075882 52.37364966975261
695.3473984769811 651.6998081114214 52.3450093132096
693.2549133959486 649.9141403277508 106.20027864908852
691.7799543541437 636.6818908199798 256.83941375876293
699.8583819139816 626.0132930101329 344.6661248310348
668.6150327606524 624.6547633541104 482.11607508947947
735.4662974277854 623.6227974632393 619.5660253479243
802.3175620949183 631.3829132965712 610.1764044063071
795.5992077805707 647.6882925399512 679.3122353860085
706.0636341993205 652.4485118230302 744.5837236593935
671.8998902580756 653.9468632847779 788.7758964781962
625.4672258357534 653.6614184728971 661.1542932405407
602.744917469447 652.5803712568917 684.6265317969275
629.9966656924751 651.0798722123116 682.2322050220984
576.9733540315381 647.5511562803359 664.697121670224
687.4816119859881 641.6529435761984 663.5848633068395
664.2877368845344 622.8894887303595 664.8660881489452
657.0562298333307 570.7524353430947 669.0889379821954
655.3752517001412 512.5449512007033 673.3970455555151
667.373623897706 454.33746705831214 673.4851410207847
672.1796396770387 396.1299829159209 684.7357915957089
683.9137421522917 337.92249877352964 678.1154997868334
658.4787925986748 308.58844804391174 676.5029576984983
752.7636686458632 365.87469755261407 677.4040987051392
625.93875597118 423.16094706131634 677.0958668228798
606.8749430278144 480.4471965700186 674.3115932744481
605.3757080624034 542.3695282958374 675.17799958039
604.5535347248658 618.200106673006 673.9069924978844
603.913327763015 643.4889613837671 671.9536780650853
605.6734638585556 618.4609704730618 672.725832154583
635.346616517628 643.7145792189194 681.8533286742183
598.9813490032316 588.2088473804046 692.9039973124907
578.2553727563745 565.3296061760212 703.954665950763
593.0218774710746 574.477118817566 715.0053345890353
623.703386748842 577.0173426222045 722.332559773483
654.3848960266096 564.5631892936083 704.0309720380571
685.066405304377 559.9503533724729 688.7782644276781
701.7411716702793 568.771043034126 765.2664464784305
684.3869943422601 572.356788558848 749.9832011251638
637.5494903411259 567.6522206232805 697.6871195349211
683.7800131137609 561.8071682548385 677.8731699047307
684.3174699482943 554.8904808555939 705.9497740427455
678.1553805546662 548.80864087329 752.2298158186939
681.4336085318739 545.8248014426031 774.0319634276949
686.385646938639 544.9482196080369 761.9944418728662
691.6645756431442 543.283017500389 806.9860126768085
693.2784790996141 544.5811542199586 895.3043071582694
551.6021788621556 552.3506585494399 674.7190851353067
698.5410106756278 560.0226079605214 775.6882599947935
647.8203446069941 561.7559537383404 721.7039272363447
320.45128675978196 553.6291765129082 695.2083282710337
327.4914825418838 549.2891415976142 673.6294089518559
492.33368209988794 543.8370545872199 704.1354617490174
609.6678341983661 527.0313083679185 712.0385483628758
635.0283165243457 505.9275468868341 728.432176475806
647.4925610474559 491.77554021626526 731.2452022274415
626.5423013108609 472.56029865784535 697.5417393655207
620.8317630431959 453.3450570994254 712.1585713158681
651.9497812067675 411.4847094961028 708.8053057904617
657.1995468436119 309.60082543561293 730.087967383162
654.5113901714053 414.20156416924857 784.883515629421
622.6024630604368 626.6298309380516 781.971903727584
624.0646361630353 674.5801468197092 769.3753938888867
623.8494778657644 667.7695381938443 690.0705587649979
622.3603579689849 630.4686250688907 721.1226946543491
620.5410060566876 615.8000863042714 682.2949740088286
618.8650381543846 614.1593211932463 672.787333408882
617.0229096562448 619.6997849227643 678.2689876224249
617.0642060830041 643.8417352105223 672.064304878637
600.4929257308559 677.5848564585874 670.3083245790701
594.2886027193277 701.8027213844277 660.0219894706031
598.1916381428964 702.9046211547899 653.8680644411463
601.1254081027139 677.0879867237186 705.6638249789786
603.6035771134964 636.9003018323872 648.8935843802419
607.6044289385884 589.5024725532514 645.9798884722709
606.7867436709303 542.1046432741156 747.632738517983
603.8913627101161 494.7068139949798 584.8181878793416
610.4416087827049 447.3089847158441 500.9628377324234
611.6229753096313 437.0256854420091 458.6451070790398
615.551523928599 467.61860191063835 416.32737642565615
634.5164794433597 498.21151837926755 374.0096457722725
653.2377822350282 528.8044348478968 331.6919151188889
671.7137040186242 559.397351316526 289.37418446550527
683.2939717829349 622.4927096894601 265.7823546736977
699.6851819079718 599.000710787473 279.20365424346596
662.9413100158542 621.5856086622571 287.1188374980694
487.83327818710336 598.6314733643505 291.0004295529476
417.54343380113005 582.9120175689602 268.6381312008853
447.60978442214446 578.3749535896993 265.3989097229724
513.793576699841 576.3138091406913 264.55213818158245
643.5776954999385 583.103266471385 263.5053380032431
599.6252027327573 605.9252537004642 260.1949892052954
579.2138614763617 606.8560908703728 257.721966772409
570.5563203289378 601.6582804094717 254.46760329184173
581.4183849225249 600.7224289193321 250.952029227266
548.7144713275302 598.4908373676817 246.885810680803
520.9024055051952 594.964289186538 246.9681153509497
531.203621700938 591.515431736207 247.37539110925465
584.1819213951665 578.9084674769302 247.55443423591885
613.301830878909 564.0502540134632 245.98875106079063
629.8131448062068 562.3737636127773 291.11507229156507
626.378254249616 560.455562557429 353.8340914858843
603.658141605698 557.2454575857931 416.55311068020353
597.7306552135769 554.8342094716222 519.4335144810088
625.593513481356 552.8555417104906 631.7091076000505
646.5330657607713 552.4242029455263 616.9396586652022
648.307458625046 569.3746497027826 595.5908781757262
648.2924229601765 579.6609389442588 607.9567156815506
648.5075859008157 580.7736440663006 615.1201733543478
607.266608442292 580.9347826050735 617.3942716862116
595.9964341356035 580.4073403548081 613.5768447450052
561.7590605691628 582.8635038170191 613.9516538642138
614.4688763476959 589.0529952443748 613.1774318026844
613.6000325945232 585.2567232450915 614.1350156413196
611.8016928060031 582.5843355632842 614.8172086080183
608.2664173797314 580.6948674349693 615.7167444005574
608.9488388263475 580.7833319043178 616.1495870599392
609.5789802460927 580.9528810497458 616.8672665193092
608.7540025223919 582.675105134674 617.4593614282908
612.0585565882618 583.5505781033663 617.5501058697823
610.0994170502978 549.1035402431048 618.4158993998644
632.8484934081475 546.1872708836206 618.0738493721212
644.7432847715347 542.2181864898587 617.4821791984261
644.615845604084 535.2910423311789 615.3038106554443
587.4212506456311 525.7340727091762 613.1271439398181
552.3560749015219 510.3413751600152 612.4574886619638
601.9797105087421 492.5891544787521 611.4839385338344
643.349790536291 520.2359251766552 603.8047859761623
645.3405680853789 556.5406882304035 602.6139015269582
625.8309403592198 592.8454512841517 604.2012424241327
615.9282324674951 629.1502143379003 603.563670765499
645.1889202914532 665.4549773916485 605.448912878677
643.219168616097 718.8785179952627 606.4677235011104
664.1990058854706 721.4414981971446 609.3519485424222
662.4916806927499 785.6865051013906 612.2673414415106
651.3237254490591 674.2688478976944 609.8168893737798
661.5516538490486 659.0903372788264 607.7407904731494
665.5349173143555 667.8172639124948 606.0983631161621
654.7661620836751 659.9335004373953 609.9824804167231
655.2555685575401 657.622943214378 606.4434673194716
560.7021390815537 657.431323856037 601.7993410122201
618.2383507426961 667.779563548878 599.265321449694
600.8494207637075 666.9402901064773 599.4866705559202
587.4695920860445 664.5940829217775 593.2697816010731
595.0187110830552 662.0772593150677 633.4924835778477
587.3885205377992 657.6173283257009 636.26209508272
589.0129455283644 654.417616014739 637.832622102559
617.6206334391264 650.1127213447036 637.6981311445584
584.1720430967164 630.4231142395647 644.4180542106333
593.0103406636695 634.3000528831553 650.8449561347927
575.8505551231408 634.1611207130686 655.3872696598402
564.598319586346 631.1111390044157 600.2657031535235
589.830094680414 630.280536629615 450.426953020602
580.1448059743595 628.0623596724886 349.3894249150659
613.5042702838027 626.4027633645496 392.7698835909744
569.6886620011028 651.630357431226 436.15034226688294
605.666638790862 653.4863546301335 479.53080094279153
610.9456623939233 656.5673320327367 522.9112596187001
590.804284003658 657.4406817348619 566.2917182946086
593.5088375089049 657.1491459326414 609.6721769705172
603.632771336951 640.7801472916917 636.1063398432432
600.6736250772187 619.6542745865756 718.8306078947808
589.3060997454252 618.5250601228701 660.8957528558246
596.7404386018882 616.8541156545849 677.3316508095652
599.1770034148317 617.1356582905772 685.2309783180476
609.5720269091871 615.8785017392754 744.2968047299275
594.9165966714904 627.3558177613088 735.2653356087869
580.2611664337936 641.3972372131807 679.0664032555662
565.6057361960969 642.5018801281304 678.490068556787
550.9503059584002 641.8044873635585 678.074312395178
536.2948757207035 640.4100249059192 671.2444713847403
521.6394454830067 639.5422190911246 667.0589907308962
507.0371909202808 638.1482978117234 669.658859737224
515.904896810018 638.200595424354 681.1387988312756
518.9611425757353 640.9338991357745 682.9047623685267
523.3606390668588 644.6731848115825 688.9115495097681
515.4845832206688 648.3506087171121 688.115270124521
513.0911162963534 650.2316220819881 688.5925828021461
512.3499780423534 652.2223633025704 688.9384552224368
683.1899947512167 644.6562171532221 494.7913354943118
648.0193958407551 628.1548441539819 388.9945060870415
639.2910613721497 628.0645241890591 454.72571405031636
625.9259728982015 627.0091766116318 576.8961265245763
628.0473604783275 627.2041135069189 624.7058509085343
631.8547256089328 629.9272991362825 619.9826457093232
626.7441079944447 631.6901930535253 620.5998359497969
628.973185167428 634.3589283678444 617.5708396583314
654.0143117876514 638.5219290482192 615.7244222581235
559.3474000649695 651.8359821963707 612.3036185488963
565.1447436614582 674.9429148552765 610.8699312432444
570.9420872579469 691.0271381117569 609.0838035537175
576.7394308544356 698.0321379151775 612.7905522882236
629.9205161307962 705.037137718598 631.986083727862
671.4513133557855 712.0421375220186 650.3760009253156
586.6525178998343 703.885355397439 605.1164312937407
587.1658687091422 686.4878072169455 603.7570960475673
547.7182706246873 701.8751951930153 605.2097075540737
548.0754859626462 638.5893256500665 598.1374036407769
513.5141740454035 574.8847790077409 609.7206855511731
528.0476107339744 536.7639336811162 610.749628330781
540.1059553036673 569.2808763343769 609.6428944709785
540.8239084951774 647.9445186638558 616.5736163405475
541.7019108799118 596.5355644167955 620.711915263774
542.8188003376449 587.3134103077139 619.3228372081785
574.4109705978013 573.0118689819875 618.6014050634894
668.6409415260324 567.9469390544996 617.1363796300905
540.6590934175085 565.1418348163024 613.817206099786
516.5767506535743 556.7074528667692 611.1503094698016
545.3310160105797 544.9935885873442 607.9300373715589
627.9507707181621 553.1410621748128 607.563500368185
555.3216404212153 561.2885357622814 607.6892499093667
566.7432470191325 569.43600934975 608.6949437188744
518.1168641700215 630.9275627742102 595.3889909687946
555.8713204352115 631.5829374751086 573.6102494308265
543.4603520211036 635.5684294649598 539.7252622994124
571.0318358280748 637.122430252904 529.3726441239642
574.4539271112083 639.4139179128067 519.0200259485159
570.0963904409584 639.0384631325754 536.115303162564
564.2989012925685 634.4353789000106 599.0534392492578
579.6471360929019 632.0284803709402 604.0298931656505
598.8473833142848 630.2131326334634 613.9167936661181
578.1589202186765 628.9001034157708 609.7046819864584
562.9327714419528 628.6001033436786 610.0986469788265
576.7995016875244 626.4001038287527 608.2630677186863
591.7747342759139 626.0003273228369 612.3370054433365
606.7499668643036 625.1004000617736 608.5690120106283
631.8281160364951 643.6761360188432 610.8866804655329
592.421628540437 646.4390764784653 612.9377791760496
576.503683192994 651.0194668942984 613.0655781145522
690.164452367934 651.5599334142162 610.1267036221911
666.5184984763099 654.8368539617627 602.6871225894121
624.4462629471049 656.5554475702783 601.6617842249723
582.3740274178998 659.2154427802795 599.4606822210776
540.3017918886948 660.0123104912514 598.127696622963
498.2295563594897 663.1789735727182 597.418352235268
456.1573208302847 664.7048984037142 596.1197167678389
414.0850853010797 663.4969094640517 595.5048807733501
372.01284977187464 659.8442956375851 595.5771321067282
329.9406142426696 650.3077368109617 601.6350530293992
287.86837871346455 602.0146340710785 611.2553655344636
245.7961431842595 585.5848651293331 610.1352309119676
203.72390765505452 576.7548813526308 610.1352309119676
180.61943542332855 575.8606232369086 612.0711088357602
166.0195544923928 573.8047013852781 615.7615216898635
111.51056628840729 503.84589691952226 617.4856273536752
50.17632345344456 383.76419572026714 619.7113411851408
55.157321381402824 263.6824945210119 590.6992590849385
61.26397073247452 143.60079332175673 583.1283914907904
64.62525051427836 125.14961563470729 575.5575238966421
66.04922406811453 144.45451456588103 595.2263484150383
62.70021672615967 146.61159319700403 636.8764130493446
64.70743232230971 146.43611707259646 630.5936438805916
68.2609097342417 57.12532496474613 636.3955508612647
165.38077134653903 28.29520760437052 647.7408997754615
264.88081845157865 29.564322535783486 647.4621112659415
275.2804731015043 47.22240099834916 643.6660786671861
270.5592417288278 84.52058148087607 643.6592125301938
264.0109547022222 134.53384066314732 644.2323227071081
257.9544625218097 184.5470998454186 643.3391043414731
306.44376358589324 234.5603590276898 639.9944369706243
595.0157551727111 286.75861537493483 641.8417702774431
557.4598783157695 382.1778344136698 641.8816704190208
549.6346199057332 489.8190438512611 639.7763048939833
546.2188363764867 597.4602532888523 640.6352448572893
536.3015734705491 675.2604931198467 637.6340241915237
600.2249023239636 656.7157946219813 640.4144606327768
593.655184409829 652.6104640606832 639.5474054636784
647.8604637447891 676.543490456989 637.5325990303613
652.3016691322243 663.6201872077984 636.3854424340566
669.8437071677856 659.2308503234076 636.1404181608166
580.6577143337954 639.3583488052249 635.4726382647734
528.6792712708284 654.9490696418266 635.2575546678409
518.8933047242924 635.9611523274589 634.5179466256411
588.7484433558351 616.5820568482119 633.9071255394274
609.4745624259165 610.5949962098459 634.197587623767
593.0304216086854 612.5042848070295 635.232142126107
592.5321005015218 608.7099947841002 635.685571958322
592.0337793943582 604.3043643572979 636.5092128368099
629.050064027678 613.3534840212471 638.3457780402532
625.8459310198047 612.3131334746696 639.2679405526785
620.5425963184302 611.6696156259379 639.4472394454056
627.9589861067972 620.2396675966932 640.588629411977
633.6772288069492 634.8879301759778 638.0562049188773
643.071307053428 642.357847397615 637.0950102085262
652.4653852999066 651.1967308341723 634.5361979641368
633.9248256390322 657.3621528503143 620.3717372007193
620.3611877654877 653.9290587401902 605.5274554472182
575.0347733423506 646.121067443464 590.6831736937173
566.23344238822 636.7787394561637 613.4589684428659
567.2904323421335 589.1067332559629 641.9159306666413
557.1489975630952 582.9751306985714 637.9442859436533
602.7291352881298 578.8113343953225 658.4270208204999
603.5034994253435 575.539963860026 655.3477686489939
629.6766672018572 584.9025583318885 652.8537545967289
629.0437763208001 595.1891044237416 651.3431310327979
614.9043265554252 595.295245701773 651.0288918218373
605.748645303357 597.3156822329834 464.0990894260142
615.3720006136041 598.6953076661225 151.72197242884926
618.7040522731904 598.1182393280925 172.5552571798283
609.5617594686526 596.7380278633503 193.3885419308073
602.7228917303956 595.0907696823676 214.22182668178633
615.1635806090699 592.9116713305617 235.05511143276536
558.0041375052945 592.1148537234985 234.48271934153894
561.41476596556 592.1700639134514 226.2848468365355
562.0528825073984 587.8779742554432 236.97069173774884
561.1748836147249 579.4668676584809 252.34519746177128
559.4208709074526 575.6742340832641 254.10905952586515
558.7150984428139 571.8816005080471 251.19480697906522
552.732842128989 562.080267514689 248.9707916408486
571.7672534511737 556.9190812134381 243.63169343963867
548.6050884676064 562.740517136438 240.44884604923817
541.4657614265418 557.8649096361972 233.90145186199206
571.0714825998762 565.6861718312279 215.7493620624394
553.1245282710954 558.6453531361462 206.8586473899508
548.2805783886663 558.2965242372852 208.33890381453844
551.7431611733193 555.9920057441118 209.74508337503408
575.7847414390201 554.3525622937344 210.4483309508536
551.2710171535828 595.7754209453785 209.98904664710648
594.9850663319204 593.5241898780972 212.10011334484977
579.8036991257959 596.8159201578137 213.8973316711602
571.7599607081972 592.6156283012517 275.6668213565125
564.96231967688 586.5287773821393 359.47543437873776
557.8899981179086 583.1435359229358 443.28404740096295
537.5069471451129 581.0873775539083 534.1699377668026
522.6667386023119 578.8169022375682 614.413906998853
524.3340050046636 575.9115837367278 628.7166427702875
521.1414600600333 539.9625694260922 631.0496988718369
521.8425927648075 524.0100413681344 631.2205180300435
597.6908509095499 516.3122354191762 627.2564154788839
586.0453805892478 513.3531078304873 627.7713303342816
559.660664977247 511.65588505127926 627.261730398559
559.3899153416475 522.9397915893442 625.1133364919795
559.3899153416475 574.3970669869199 625.8883686409263
558.0131965054014 578.5510173929831 627.6279182942187
558.1632825616533 581.2944859935665 628.0402279722553
534.9401378998853 569.4720784745971 631.6053492864448
504.9067808386132 572.5924576581742 635.23333268349
501.6981164006897 580.3613098751501 635.2309735753572
559.4128760139656 578.8120918530088 633.9547555010013
589.6611608730339 577.4463471665305 635.4487857856441
590.0953607248091 582.7780592492106 635.4892699982062
588.4838570428249 589.353277171824 633.606040406532
589.2395523044936 588.9185003037347 632.7525127103154
585.8355457917953 589.1065268692921 633.7767910827536
598.5909360424423 588.6716494631295 624.3723254992162
601.5056525315658 576.6625038061582 611.6959046130258
611.5739521093556 561.0320828665695 608.8224986173502
611.8000081726053 559.5949037345052 605.9490926216745
614.727010132311 560.0370038680766 616.0717881827275
621.6801399087624 559.128786595718 620.3564859776366
623.6943984247763 559.3615147839453 634.282114067654
637.559954773764 558.8965055316355 631.1284975364521
644.0121872806039 560.2700241847675 634.5128909478938
642.8938890974146 561.6478478786246 633.4466184660931
647.8152463422992 562.5588858066327 632.7617525270514
658.262136164215 588.3816093514372 632.9279123851236
641.5382002313171 589.4443863438571 633.4779859439685
633.2544907065405 591.3277433031533 634.3742461521089
631.3192305359896 592.1866823496189 638.0683740791421
564.726595844287 593.576027143954 635.7049000044692
580.0596326007242 594.2358538492945 632.5751471607107
577.3828784508712 594.5573778308815 631.7645141103928
605.9955809798114 594.8241132354333 633.0205815113799
671.4432830327846 596.2503460341792 634.1431155230691
656.2336486893748 597.4156630406632 633.3884135702972
639.1537758972975 599.175035682414 633.7881879602944
623.6635915729748 599.4069419425307 643.1676343917998
644.9038430241227 597.6800747268758 641.5359233755921
645.774279361555 596.1292051867342 641.5355244942054
648.4458786252367 560.9381280757829 641.920143710877
644.4372844751297 556.5603688507017 640.5482470845475
638.5075038498351 556.708816860254 633.9899268996886
632.5777232245405 557.1503387776049 634.0355394482629
638.6883034163174 558.5020143204499 635.6285181178675
648.8123372137848 560.3237188989763 639.2633363366531
656.6509268235243 564.5893930108256 641.4047313606272
658.4485826845837 567.0912624966109 646.007265872501
661.0635911612942 569.5632098371523 647.2146746587104
651.7824052917729 570.7159204271695 650.4389453150848
642.0330787419495 590.0134220094851 652.7319083442032
596.7711020818407 591.8704939757297 654.2596055616607
618.6105313290927 591.1827128731015 653.0660577057333
638.853073875363 590.8269628241419 652.6416935348232
639.7661894561188 590.8269628241419 651.6887875636396
641.5925498320565 592.4426132728357 650.4730970609007
642.5426055912557 596.2167098233444 649.967447984723
641.2628166360498 598.9703124337675 648.2273654229571
624.7039249013599 600.4387443403382 647.6413633495592
612.7401579354766 601.5541835385079 646.4334078870736
592.7026578050238 603.1005837735671 645.2733698651555
574.7388221440958 604.3943249237207 645.0083276942554
572.839628904335 604.2925082076088 644.839658916607
582.9924302552192 603.4312305474419 643.1750334087433
589.2695305179182 603.2555967061387 641.9881734068219
570.8133879630616 586.6042368191328 641.775004888961
588.0086041108098 572.3320428157417 639.4518645834125
576.8657516740946 571.1649859717647 637.3195094034263
580.7915885162436 568.4013178151552 635.2716495268578
586.3285329743934 566.6050723713734 633.5693088070254
602.0301515496512 566.1240520323536 631.7883305824367
635.6669923481929 565.8845021833204 630.6995398382178
635.2352668685955 566.123933172356 629.9834183579746
604.2387521797914 565.926062276174 629.2151627192286
605.4546196822095 565.7289545356504 628.5795494605277
606.0204467863603 564.6578090736393 628.6883735077072
616.7504506973605 592.1925870799566 613.8805428555324
644.7723780683136 585.2565676692574 616.5376579746006
664.6754277455439 576.8038494885939 617.70102345949
624.8764052571148 569.0610067087299 619.1641839020776
668.3553228284928 562.3844325725953 618.8205724691472
660.520099322346 558.3571249904005 620.1027344440921
614.0854708423766 556.8214964198334 622.1175759859973
651.315819125814 549.147499605092 577.4295742126174
652.1187832531277 504.5541153357109 426.1125916270281
626.668105344155 476.33963655312635 376.06689075861664
636.9393418507175 437.4591519572948 372.05552504127576
679.4992909956567 398.5786673614633 370.47134727200455
660.6697392941729 359.6981827656318 370.7105671319879
649.1330703617466 348.7101470785568 354.80546360143546
666.3717418474796 421.3994581177517 304.0333097021582
665.6924637123695 494.08876915694646 301.4822698343681
659.9527665192442 566.7780801961413 299.31833464535345
657.8902407003784 639.4673912353362 379.7016773134262
647.3258170457184 635.861453787172 488.31522990239534
644.2085946445504 664.0137018671475 577.4587355541948
651.5005324344081 652.1945014981068 612.9551576743607
653.697562902193 638.5498211708665 616.2126949834868
643.439949440366 642.1764695090483 613.8912700586944
695.0989773819581 653.9128140728596 612.5086962845498
576.4400312112605 653.3836483211961 612.4230061098904
550.0105371504183 651.8228172781141 615.8575569633877
540.4463460740888 649.5325868207011 618.1476772091776
538.6432254467027 646.5420077888602 619.4023328984159
536.9977527799222 642.6274799764115 621.1292167793603
535.3664927626435 640.8254032269522 621.7416560302192
567.9408568145036 640.1790582062561 619.1340576836715
537.7469991858419 640.8880443391911 617.2087390520063
517.3676966156943 645.7129041472434 615.1600897026156
560.8442973892313 653.06593714211 612.8290151791666
511.7179398848549 661.7590164670485 611.1221399486155
512.9076271404002 672.6166382445249 609.8874532162324
528.6721277392219 680.3500949688622 608.4425816030509
548.666183904557 672.6203668967262 606.3255301341945
578.1670125577012 645.3400558667868 605.4890106187503
637.6168239100721 624.5895975988165 606.4707943835028
587.8275584152066 603.8391393308459 614.802686850552
584.0948044959878 597.5619438494574 619.2785154042006
604.8426204051189 611.5253706288256 620.4472169931347
606.2833762498751 625.6388696542767 620.0560357230501
545.9651593420014 633.552975238164 620.038811149947
598.9627008149243 637.6601709399881 621.9621140422515
599.4084205265049 635.850708008697 622.1474780811059
597.7890492801978 635.2670127281513 621.9995383754385
591.1227288542809 629.1944592250093 623.2575886334548
597.1539823954886 624.0217146353058 625.6705177687575
546.8239012500248 631.3380212447275 642.5145663019317
586.7254443782297 629.9039751025527 630.5837222156744
545.4786967451035 618.1071149172562 630.3501159302488
426.73965946982094 599.0113819210464 630.6791415648208
448.9609290925566 585.1856124098019 629.5666452436174
471.1821987152923 580.6220939320834 652.1100246113492
493.403468338028 568.653502985591 647.6585283054553
515.6247379607637 463.8425274139745 660.4806887998778
537.8460075834994 337.1886497268079 661.9157368862354
552.7065746152177 210.5347720396413 661.3950315240686
547.7495502150755 196.97751583666258 660.2206245529155
545.1302277130737 181.16979092813696 621.5902417835888
548.4706008529537 191.77081806359453 621.0517276842561
544.6827754529995 194.8054735824291 621.888141107582
540.6256170605465 196.12869832922644 620.6789275376739
549.5539998600503 238.49260754640997 621.2248636093543
575.2681717958422 294.73308257719367 621.824068486459
597.3024652701451 350.97355760797734 621.96119643211
619.336758744448 391.61797826681664 621.7511441024895
641.371052218751 395.0924078884809 620.2285410502213
641.9732750141478 405.2619085594681 617.5398459965788
561.6222265725507 474.91662029189115 614.591653715272
541.8278838081671 544.5713320243141 611.8886745517486
555.5872830742264 606.3042991775701 610.4330777498792
529.509654789922 666.2554984568674 612.667945367597
519.1769996342784 659.864036977883 625.0347938607575
519.4991772772813 645.3526682616188 625.3698023618715
489.4364100582278 616.5528638222106 626.530424649641
496.6709522610972 587.4255895825366 625.118137566004
501.564589156078 581.0824529234253 627.8563964159007
505.18243060160717 576.22946720144 629.7005751999959
503.1376300418616 574.9485420376037 602.3845594140377
503.12652617406366 574.0333667402455 468.99389373869474
514.7081152686377 568.2440045977003 372.44021982159586
510.36574737090507 562.9309460315715 352.90059887616644
507.8772938086937 564.8632501290269 333.36097793073714
509.266542600596 572.428071680728 313.8213569853077
507.18831795794256 576.4841322724876 294.28173603987835
511.64878014687724 578.2296737506742 274.742115094449
553.2214490492449 580.8292332396331 255.2024941490196
553.9004449077383 580.6729064545724 235.6628732035902
584.7899683711919 581.6755968750967 216.12325225816085
574.0611507800031 583.6353741849443 196.58363131273148
582.9792199812505 581.4750639537348 177.04401036730212
575.6501309551505 576.6879572177661 157.50438942187276
608.6291994218789 570.4573464478171 137.96476847644337
587.5534733139971 565.7026005297365 183.35786039778492
576.662649938123 563.9017902967132 184.71311334898118
589.2918805335082 559.3428588281901 220.02744084663465
585.1813911684239 555.5702624179559 244.33317576063033
618.8900893698169 552.2272103175094 243.10388623455202
651.641870833874 550.4263271736259 247.528410131096
680.3861898029579 547.3401593159413 248.6332175863928
597.8237616555568 544.8527323965624 246.5341656926558
596.5383833924855 543.9087431925033 244.88100362789754
633.8926248839205 543.3092766244899 243.88934814551973
667.6993151557908 546.0624370934863 243.24969641378175
661.5559311199621 543.5026513636966 241.74022349585528
659.5156746402205 542.1671805762359 241.11584205448264
658.9694331860771 540.234871058287 241.41103105516402
659.7326833294342 539.8634650733343 299.22889527795905
659.2705642583992 540.1342082543223 375.51251182694216
627.0538095276459 541.3044964705173 451.79612837592526
622.2558861278364 543.6968890573887 523.6839608496393
609.5838414898586 548.1290998968498 571.8111301755878
583.7759422068376 550.363567703839 602.3189257093997
577.3305232510335 567.018434189645 615.3813907785367
619.3921943088684 569.2918906992842 628.0570932419214
565.7556453960096 562.345593665844 616.333641377239
565.6840684894089 556.7901310188606 612.9220882758627
563.5548463444547 560.6540991225705 610.8158478625124
573.5503323454828 567.9580589038724 595.9818462709047
578.0896658385805 573.625646044735 422.3929029119707
564.2440264742378 570.0221719157519 381.8025042763663
551.2326937150914 570.2850876521211 346.36580152038067
601.4240814023073 570.6110797373572 310.9290987643951
607.9818563827062 468.3714260095197 275.4923960084095
589.9180394056668 319.4712722430839 240.05569325242388
562.9410002413495 249.48315031718144 204.6189904964383
584.9191444694452 179.495028391279 169.1822877404527
580.3315314180268 137.4022391089251 133.7455849844671
584.6145357620801 161.7855305409655 98.30888222848148
584.0605521130594 170.4239536188636 81.61680419151953
545.2513158470584 181.08415264756582 126.36585591795793
582.2349199569853 186.5818322466066 115.74838288013026
575.1737436206997 193.71176485024284 122.94767386348158
478.645658562165 200.0024999843752 68.49152492307316
528.4459879474831 208.50599508661963 30.567294932911906
487.37355106359416 218.5057286060055 25.955545760041563
575.0552800873558 226.00277036702357 20.40555641619566
470.9710181069381 218.2468588992329 21.124140840149053
469.37932766469316 210.1513530291407 21.67307141772406
469.499334043849 198.28675950968235 18.582707793162292
462.93713667057756 187.37155669822545 22.09271689216024
385.9139137887396 184.24525983011927 22.58483461545599
390.90159208560556 186.3582496253971 23.707674799865163
377.54574420582014 223.15826096821826 24.530421662095073
361.2703764644622 225.53991791233807 24.654179525295824
345.3069230635411 216.3458178227693 24.3162794557881
339.65629690567556 218.69843445328428 25.213925455281107
329.4934794390921 224.47298735314666 26.91317606587613
337.03647030685886 231.5323820895054 26.092630687217294
329.45219128095476 242.64161913216844 28.307860443664936
338.31721015922824 231.56894720311166 28.85101846724161
328.6574012092679 227.7447768991186 29.261749776799064
368.91305258145945 258.95699426140334 28.47253348174569
322.17724687105544 284.22940231555964 28.654139267311322
325.86534291932264 268.84958641952585 26.859661887073816
350.5637704236477 253.469770523492 15.913838232170106
340.1654510800409 239.08947807276326 15.71110255092798
345.69269640417036 268.788235429653 16.330868674891907
253.99426769786368 148.0117286543354 18.12456896039186
131.1939132454006 146.57195331182356 18.5
139.8008699211581 155.66716333906058 18.202353773151735
62.09295102519965 158.86978797210577 19.81772444717162
153.34626286116642 162.24661059603935 20.651965176651487
151.96321440655265 164.3020715991035 145.36520933875192
177.84457768333937 163.62771867400437 370.2211921965811
170.24409844191393 159.58037004283747 609.658516310245
175.36562332513523 160.98534767708006 701.165552821501
173.34026444673015 163.4189557173397 701.8045209685497
172.5109095360162 167.79821939049532 718.6677685658649
192.5934565919339 171.78735253498178 698.792450811904
158.87819816591866 171.30389268743198 707.9449987940056
183.08092220647632 168.71800433731033 709.9392568890241
207.283646247034 167.83946640764196 709.664070263545
230.5962247599341 172.17533612801162 710.5017184399004
238.16504050342675 220.16856836721746 707.6658975444135
317.91932279699165 250.37146723456513 706.7492483193739
513.900258923502 220.45218570006227 707.1640139716419
635.3252803691807 233.0322597407728 725.6928764346592
628.081527827904 275.50200748045205 695.0717017647622
631.4786252229171 290.30571925705465 701.870633913247
536.2206115141812 314.4565152870474 705.4619256179371
535.4667988163687 336.30950989891585 734.1967355080521
533.8962914274643 335.01281410948206 723.9277589404362
640.221740351257 455.7642714823896 747.1850945301117
641.7863741141864 576.5157288552971 698.2457671475711
642.2640579055785 677.0946921649834 718.5096486095977
642.919630733949 671.4997036172163 729.3016426210144
638.3465205016938 660.1056072239558 728.4000941935433
638.5808335427912 649.5702760026124 737.1410991119678
642.0376754239405 637.772698806906 724.8425647281224
533.6724738851856 636.0605443018173 738.1775254841779
529.6253431985759 640.9839585133333 727.7344128179075
518.5356868807987 642.2250403813935 734.5755225649112
508.96609902755927 635.0309673190264 731.9500028770103
496.5925290913352 624.3684270359701 733.8591907382547
462.44181324203896 626.6947164660276 734.5423319469699
428.249486917185 633.8947211135912 734.3863350562247
394.057160592331 636.8941512407362 734.418163357358
457.17404426718656 633.9783694769544 733.0628066600509
479.51245996714545 630.1388973939497 729.6057262750994
486.89332720385477 635.5466046053812 734.2593596648524
490.19850012138386 641.7427809070558 718.7057939524759
488.6607642796727 637.088610526961 711.8826120037476
479.17609481925376 625.8088869052468 718.2145278602178
474.93633262151974 613.6117033811956 711.2678748230373
473.8598895279996 608.5988101135348 716.3840213395708
519.7767230374889 609.1352270570248 718.7159213723259
498.29271650686655 606.8011993567707 724.1092504347753
401.6681856452795 596.7646026844138 722.452623667453
305.04365478369243 590.4818089525829 724.7990866076204
221.1163576824136 596.596324899904 723.9614969858867
232.8577250641956 605.4777587269713 720.7433942560103
235.37686051633727 614.2752283256411 720.5592793540966
233.11477859629576 617.0052005236519 722.7246565927691
229.10772305379456 617.8019946601513 720.1668111659752
224.90224883251102 620.8913505311134 717.9284379749155
251.70287052398675 623.5727605949312 717.9284379749155
356.0076380706844 628.7305768533051 718.8496634444407
375.0278893984464 632.302342405176 713.7874766375328
363.2727385616585 628.8070053681018 652.6996228412327
374.3141380773297 630.6301196683273 582.2987804503201
373.1958048181533 634.8916052984467 572.515100262885
391.0526187366503 636.6161022131794 562.7314200754498
482.4421650253961 641.5070924340101 552.9477398880147
502.22020470470864 653.3671243386764 560.167674472816
558.3902292248754 661.2507876892278 590.974698586507
539.222946743451 664.214741869315 608.5469163915386
519.1439515908207 657.447024990234 613.798445074576
517.7402472056295 637.8211369918756 618.7842761221162
542.8062579471837 621.619701769989 622.1352963344261
536.6311639530458 609.3231909146205 619.5437586679424
549.6626355593326 605.4287044825126 615.317465749079
537.6490760366894 620.6494806753706 617.2734920120884
530.884403613442 627.738880936324 611.2119480427162
531.4049773948302 634.8282811972773 606.304605631791
540.1521352746056 641.9176814582307 599.738871040281
539.1922417617975 649.0070817191842 594.9368881498788
523.5139517376151 656.0964819801376 588.6185645314883
517.1481319132406 663.1858822410909 580.0931975740676
519.5712513761094 670.2752825020443 572.3994816764089
485.7289526009557 618.4044342242223 567.1218894898815
492.3254788184079 634.670404266562 524.191052015678
479.9432919846623 639.044519648691 352.04483743236204
486.66038964303976 629.791158949067 443.8273353433911
480.75994283168404 620.9010289855828 616.7756123099455
461.4581702668413 619.9151013014734 730.754680332783
451.82241197754945 627.0982195333659 637.4077944016974
400.45908836817733 628.1898391583935 641.6966911101454
371.08419318276265 621.2859888480159 642.4762766139684
391.89492412715344 612.8778384358864 653.139701035394
377.24859199013434 609.4125475009264 662.2600440271561
372.8823552680566 613.3276220402515 670.5876844509003
393.7490406247807 620.8241223902224 673.2267636791202
314.08492522193455 624.8898575986836 678.444299950221
234.57697082398658 629.0202832882636 673.286000798757
233.60330046786794 631.8050619849989 679.0590412998515
234.61033147564558 628.3267403301238 680.3348830971537
232.5544790946925 630.4118829637031 681.2550452487176
237.22546965871766 635.5132234379 677.2397725693183
229.92119632946816 642.9372181367493 678.810378552537
223.66678932021097 649.8776182236907 673.4782142741285
218.8319627554672 651.1689504670637 676.7631617480093
210.58362035751958 654.747732392919 690.640403674027
210.45232346776663 657.522813601231 688.318010148324
209.09459468976007 647.0031863108575 676.5507545781975
208.83725721240447 639.4879300780474 683.6018254557086
217.2174703584069 632.7679328197878 721.4540387550359
335.65383972497693 626.0479355615282 711.2884852572136
482.2301319101913 619.3279383032686 666.4742001472927
612.4596079437031 612.6079410450089 655.6976555266806
654.0960960308224 605.8879437867492 690.6854173858488
548.5168404796955 599.1679465284897 698.9382078287358
597.1288348152498 592.4479492702301 647.9740216704278
600.0384123651554 585.7279520119705 525.0812943585006
604.3379411476885 617.9727685039963 402.18856704657355
605.0485502153908 645.6807474010427 279.2958397346465
589.2503858330322 617.3605243039929 214.40421009651118
568.5179559851979 589.8794814861249 273.5882595978477
568.1066718190714 596.4139301005458 287.08622400270883
589.2391523016189 585.9425911241872 286.9099927547918
590.3846223008751 586.0304047363957 274.98449605985763
579.1144538667493 575.7647566387845 264.100391550376
593.2905920519995 568.2996586081977 266.153477114226
598.706352195697 580.0465335520944 267.7066733600834
604.1221123393946 584.9036486602788 267.03027835363366
621.2152564642478 584.2167833946573 268.7111284017347
642.2008619161529 583.0285392134776 260.4296681254086
663.186467368058 582.3718519257704 236.32659192794648
626.2739348163816 592.5605550351193 212.22351573048434
612.4850843957563 599.9995034444232 188.1204395330222
615.9851315943522 559.2015142548439 164.01736333556008
543.5251158631605 517.0544681674153 180.65301189340178
525.3159035774329 516.4847314042648 229.89026013430845
513.879730590657 528.1888876676292 184.99783394344053
510.4833643035829 519.4657622420984 211.23331195687456
507.8395623429338 517.6632592718938 242.0887650530236
516.0425352048774 517.9736727831362 235.99037171922646
507.1357375336264 529.7269767002481 237.79534624850209
512.2720119936071 542.6232578870905 236.6839658427031
513.182472420873 544.7719802011873 237.53644537020728
562.491080348172 560.9183948282148 235.43194984944066
656.6576721738559 591.4495076092948 220.21276346224596
658.8879446450567 596.3027754421406 216.53181134662884
655.352032296625 597.8305174263173 215.7790320932933
654.8093233911686 599.9118840042612 215.1518603203475
653.8077217291872 609.9782133190847 215.07290107296444
652.6923088255293 606.0175522846389 192.03762911548063
652.3084009883669 604.6373473298722 274.10404756194595
650.461566889236 604.6372879669265 396.7117226639198
650.9233542611587 606.194894402782 519.3193977658937
650.7314832158474 607.9550362770779 641.9270728678673
558.4991668315827 609.2047456560073 670.9982667485255
593.3398351516366 610.0567596543784 683.4714371081634
598.9076502405346 607.8606582380537 684.1116299264429
595.1206867968236 599.5219589204505 719.312787442578
652.3082386849246 586.4575199870485 714.5850243164316
622.8820495421346 566.8387699850391 714.213616579706
700.3984879924956 547.2587716105011 711.8050804922495
665.4973514831247 527.4388116908224 709.8035113059127
666.1765287171951 508.846771350993 711.570587595651
664.5279501547238 523.5596039473838 708.6972887322474
708.6447897479218 542.0248977320583 708.0032345610928
668.3983415422465 558.6805750338411 742.2608543093286
660.6313598974461 566.0240562275272 703.7217244341415
660.3820878565944 488.9039509034436 728.4956894450679
615.6037806584104 455.7412349228418 702.7513874917257
540.9346815602502 457.5564124826907 709.2344067821714
526.4177263290836 465.7572940569585 711.4138888163434
516.3635741303132 469.0469982510539 684.5509879982084
513.636567678061 473.9781162687298 573.6565820855765
514.5117285245516 479.8305567151051 535.4545841252371
509.94149105567635 472.4822955316637 497.25258616489793
620.1828346387111 510.2959529505823 459.0505882045586
621.2338452123001 574.4861235432163 420.8485902442194
616.5312561983217 579.3274138466958 382.64659228388007
621.9109550165979 576.5784360538515 344.44459432354074
607.898655047328 571.7105566517182 306.2425963632015
562.0150310858132 566.5026478314113 268.0405984028622
577.875910274389 565.2993529149824 229.83860044252296
621.0580191041529 567.5852358897296 199.82213809690592
601.3166904503632 569.5617302703905 203.96136991927327
570.5173091151573 572.7202751067521 206.88481043277824
577.989503300213 576.7534715674519 239.11053723108387
561.8185039809655 585.8132430017262 246.186313626053
569.7474098129744 591.7999098322919 245.64974691876353
593.3236309669035 597.7415074690791 246.8405339976939
612.456138703 600.9947400478684 247.19295175009194
593.379906525446 612.9879669987752 247.06089815462286
674.826537278825 619.5534682333721 247.9542933285805
637.365786760419 622.3726888483529 247.16551285528908
594.1060245457388 623.2312339382797 244.97372258949633
623.131198327209 626.2844800887214 369.4713634873684
667.8791058267956 632.1060164008011 529.7327879083231
664.4886704104033 560.400311451937 620.4522494906548
598.8224260643236 525.4647188717956 624.5557367409638
537.7466956464684 535.1433387991167 623.7133418827865
666.0902721929814 543.6788315556643 624.9085672690974
599.3048691124982 539.130129010957 625.4664120121804
592.282810248413 534.2627810323524 653.9277976157769
606.3490439107135 539.806565821295 626.1728054417188
548.7221659066207 545.3503506102375 627.0099718632547
546.6596119179559 531.9841715748751 636.010451746499
566.970119275147 484.9665595119241 643.6636337587502
597.5377681253369 521.3399510198728 634.5724005827255
607.4945439965976 528.7375538368177 626.2282719451921
617.4773083519923 533.7105346334031 602.0824010090746
630.6599199478537 553.0861944830551 386.85966119417503
670.1479087260605 561.522705049051 312.5962720929987
698.058555798941 562.7561938015418 296.55825701185637
663.3508263044464 559.4360707392136 280.5202419307141
626.9967548462773 554.8922179091492 264.4822268495718
597.0035092507446 550.6245455356325 248.44421176842957
600.6095584900692 546.4452448069446 232.4061966872873
588.4128773241569 544.0980874667232 216.36818160614501
583.414576283998 540.722175523842 200.33016652500277
576.6621692624574 506.845566072868 184.29215144386046
602.1036194059782 493.1458570674964 168.2541363627182
596.703846980289 492.74247879479884 152.2161212815759
574.5113905591597 492.0511488987255 136.17810620043366
579.1314254004526 492.68961160002743 120.14009111929138
593.206233773443 548.4011363857603 104.10207603814911
585.1049932972061 571.44635480122 88.06406095700683
598.4012356980422 573.2299519077385 72.02604587586455
576.5352107567385 579.2695831821312 65.89092746559037
568.241679118812 575.7141420712895 99.6081038705448
570.640050266842 565.8526611384343 97.0486569651506
560.422692444349 559.3029536155098 147.91702698028507
562.9194293763755 552.7532460925854 95.84884262611732
567.8785319474985 546.2035385696609 98.63174487316564
612.7278624822723 522.9547197944125 101.41464712021397
605.636072626392 526.8163271451797 104.1975493672623
584.804810238533 535.1215508147345 106.98045161431062
634.3591966869622 543.1379011411086 109.76335386135896
612.3877653040618 538.4133059119415 112.5462561084073
596.7419414820753 544.0743100660522 115.32915835545563
584.0286769605741 541.3823963410798 118.11206060250396
590.7463793138902 512.5101733800311 120.89496284955229
631.9562738158477 489.44561520705827 123.67786509660061
630.6277712184844 488.80800160319444 126.46076734364894
621.174108657639 488.0996312229707 129.24366959069727
533.8394560923267 489.8441190281121 132.0265718377456
291.09639317234 491.4038475221703 134.80947408479392
113.66470823700297 492.31259467459415 137.59237633184225
45.17845470121757 498.5420351728741 140.37527857889057
67.11928911912543 489.74966142803544 143.1581808259389
93.1360336429538 486.2916834157188 145.94108307298723
43.69689319217906 482.8337054034022 148.72398532003555
103.48312262319065 479.37572739108566 177.47855959042488
278.7526708731325 479.55278964052036 220.83138983657028
454.0222191230743 468.2954183635879 226.90683576969147
772.4903819111931 469.20619339321945 227.03410246920183
523.0446132383647 478.0577121389937 215.6817702097194
524.9465294627712 494.66064087236043 216.4046757115587
578.8727397474581 528.7500462156713 215.0023260215985
639.9449361399281 599.9547627036237 213.2281645710388
643.4860425110323 598.521216351028 213.22846798529685
643.3351903520568 596.5871325049379 212.53529173724286
643.003282908662 596.848325236494 210.7474792257312
643.0798414980329 597.6616650051417 209.70784553356373
638.5096095446105 596.691956077869 207.586728862902
633.9393775911881 595.4106304596706 206.5529427439546
629.3691456377655 594.4829280630094 205.5766261462455
624.7989136843431 592.4870094809373 204.89814542840548
622.8369445542181 590.8758718975955 204.13537175119848
621.7443963651924 592.1964707175079 199.41020669729113
620.6518481761666 593.5170695374202 301.69900963540636
611.727831945178 594.8376683573325 490.62564303514273
604.9081036179933 596.1582671772449 670.9757867449491
603.5988405823848 597.4788659971573 711.5787602044073
600.8849442634306 598.7994648170696 731.1041307301205
600.388269128782 600.120063636982 712.3752823990054
598.430480498866 601.4406624568943 710.4886467158781
597.8614597190701 602.7612612768066 708.5704230213605
597.7594214752164 781.5918901676937 694.7046440644933
600.9154120220089 736.2827520102321 679.1514010533186
609.3628403725891 676.1816368194691 665.3467349488933
616.7900091967601 695.2151812123076 663.1930844506326
611.774679117387 669.2720198561124 678.0173071321555
609.9634468450733 684.1230108677241 660.3345070666064
611.4381005341797 681.1081044885606 657.8736872076199
610.0918123847878 683.0222751940141 660.2720137892692
605.7465936904393 675.7011030133967 660.7141495013083
591.4114582780194 660.1867985318087 657.7008805400985
584.5650834823372 703.4785654569173 658.1415635752818
583.6278519787871 682.6773852437419 666.3002776132107
584.1524507284327 663.4462061784072 667.9217704093428
583.8022971041082 670.5664551790504 672.2084323731265
583.3922085355235 662.3348801144703 676.4179739741494
583.7452087299682 644.8557802900223 679.0371162895834
639.1559267500094 635.8618241053778 678.5382311058723
653.3466055521328 629.2707185976617 688.1218561714876
668.6967710434692 636.0016308303132 664.1211005356083
653.8096751293361 634.3014344243306 663.1935887494387
652.1913025584378 635.5485359138789 665.2849683902737
709.6644874036693 649.8781417287901 658.2986718261122
802.36954085146 650.1501914662689 663.0060189606539
650.9413860724285 656.2137456003509 669.5498515375821
668.1417595033045 655.0362710909922 670.486808230373
806.9591987732972 653.7475468541026 666.2109296907784
852.1671519528606 677.6301398308551 668.0958635778474
729.304638892183 710.236286618758 664.7448567058043
606.4421258315051 702.6009038928952 659.8560095446389
586.1953611326645 687.0308030100583 657.2812096556672
588.1700579428174 668.2070451757609 661.4522728331219
539.9156658580605 676.144980216431 666.7652611490475
512.8100802595108 681.5499129162092 667.2955547475091
603.4242192741075 661.6112857480554 673.7060192082354
602.11897243407 657.0128037427163 729.6227611245112
604.7390517064728 667.75936406038 731.7259715121992
603.0928775409316 671.6934069869415 678.3053476674547
598.2979232242647 627.9167258466695 683.3306508004483
595.2800091499726 623.0294128043608 770.5763327476287
574.8288232996214 627.2515592444399 681.7438408383998
578.4394316573062 640.2360994897697 765.1595612599037
571.872275631695 672.6950447803015 711.7062946115786
573.7017177050382 626.7013555798252 735.4828355029642
633.1873862996467 638.3880312886313 708.8692347241874
670.1010631247943 669.9324085985236 731.9650360943072
658.1167741649135 667.8517490212282 686.3837000830564
646.1324852050326 640.1260273640472 684.3034779978836
634.1481962451518 642.5074690231274 680.5505662437506
623.5868224849902 659.2362342167069 680.2313729288637
738.8253802220502 650.6483269188923 681.7662635373894
639.8222391282818 637.7418280037241 699.9266393926066
623.9769294303453 622.0034615991724 716.0117865265563
625.6812237629177 619.0169478244047 707.5495735000303
550.5636180369447 624.0514037380658 701.6964741841883
625.7315952075319 622.9301230095625 736.6801392251393
627.8267837616056 605.493446421807 738.0705322198556
628.765831209652 589.1547682973834 781.3571590336376
632.8665992374533 596.9394163027519 726.7561940747312
636.3256553302163 601.5300791716886 698.4496479801235
641.9135944403442 614.008083279374 713.8830589948593
642.7956419257514 617.8785700227118 771.9325752381244
647.5732900456605 616.0276699856886 829.7143381176506
641.0451639047412 627.9453795016985 887.4961009971769
635.9444744804273 635.8258853534841 828.3670519135724
643.1198410642996 615.1123934331041 698.5933414122778
639.1045807005526 598.2101516704722 664.0688222387889
607.6728514178792 593.7902780764124 658.4870946240728
591.3104363489588 598.3911587817805 658.1710060354239
589.0849107503327 606.2403970675766 719.6727562427664
587.9721507010345 632.4599232777477 678.8426304657298
588.2603590248114 681.305456209386 721.7162425284268
584.7811837403801 763.7020266421971 680.1230659138641
585.4286609494255 750.1576501272989 732.2742737301343
585.1446119325635 686.159810249312 662.7995370606166
583.5658158355474 675.2757612578991 683.0610813154484
536.2964432478575 644.1257336357294 726.925237625692
528.6062530177594 645.1126401374568 717.3956919738303
542.697410754761 637.1831906493829 673.8268693758484
556.7885684917627 644.7295925708268 675.4010391512279
570.8797262287644 648.9776356686862 743.0450059062944
591.3835480471879 651.7444161337055 681.0094855920076
592.4733297576822 658.9419670667107 691.4893343916963
593.740773465953 661.8232882130878 697.0494542500817
582.4519577785919 671.4318937468353 774.9858685403545
578.8546173337859 677.3298393271095 696.9947187000121
578.2480299764654 689.1392033251693 680.3406724916572
482.1633320689063 686.2667899698824 682.7156242013768
694.368859809176 683.7256229044276 684.9420836969907
667.2755499948235 661.3285743256718 682.4549760591703
657.6146009132202 659.6330678476613 696.6255127054437
691.7332733290657 656.5441819681051 685.3696314002798
721.782096687434 657.3071517734317 691.4409002390535
739.6213728733704 639.581991243911 688.5247252563571
739.0518508179034 594.349171723761 690.8812827830088
683.2559340382263 552.0942884702928 690.6132834678226
627.460017258549 509.83940521682473 690.7930719857293
571.6641004788719 467.58452196335656 717.2516332897001
515.8681836991947 425.3296387098885 691.9666088966742
460.07226691951746 309.1594023683503 751.1158491223157
404.27635013984025 322.1568070829263 751.8684944330698
348.48043336016303 452.12544523761045 816.2657824384225
292.6845165804858 582.0940833922946 747.0490660293536
236.88859980080855 679.4294942218589 735.1552506470623
205.82739831426633 636.9377259452958 693.6645722290291
271.181156389385 555.9160813814216 711.7108312849134
308.14624901174864 605.0840572473277 697.1432272975799
323.3604670679796 608.0193087847531 793.0723974572699
313.9874302454009 615.5999546373964 760.8286620641657
318.59384613860453 615.3854702203055 746.8510079545645
316.78801165643847 623.8641339336557 737.040615985877
329.20189369206577 623.2099919022652 720.0283127976998
323.6414356156556 620.6790844136237 723.5602685799911
283.9126622527685 613.0693095286315 709.5776296289374
237.5367412173996 608.3077714076576 714.6658853051923
191.1608201820307 610.292711371631 725.019380006081
206.95533120093842 614.9462134646756 717.978520170541
217.4447710146443 641.1933967097732 698.7924282077531
217.77166941546827 653.3251583981285 696.8272105664366
213.9661108377892 644.9891910518227 697.5197917685678
247.0770686159931 640.5238485596553 733.0211859966471
290.4393616623638 623.3842929861959 721.9871079803967
288.0212904125689 594.9705614980683 715.7929019261818
286.3297688243756 580.1948501959008 867.7342304380577
287.53521523458653 572.262432945075 698.8574520865816
286.0779869977433 567.4924119401078 698.0003373453159
284.01586912093177 566.2100064400372 696.9743413263127
297.8239187076264 568.4446854703842 698.9493850807125
456.4630145346654 566.9347451934775 699.8047266148631
610.6685578740107 563.116435601199 700.2876494336597
674.6263763059602 558.1858617451811 700.8177048864554
824.8830710719213 553.8857745831762 702.870730763987
738.8437894997098 549.3025117727959 781.0667537821543
692.450206627952 544.3899013185817 794.6098675430567
665.9200022776399 540.1819022328327 758.7045543673304
679.15337631292 537.4004562884004 740.7519331335303
658.5488414805181 533.8993897847888 731.1317000494109
662.1832803600805 533.3553364244268 698.7544926266633
664.206441245095 538.8046504985696 696.1731861173064
662.8974686703602 545.3808656312665 698.3074055278632
661.3853300051392 555.3416104925186 700.9775046896847
661.1777695403673 566.3538418010271 698.8429458460392
659.1769489294965 576.2145908937997 697.5343043240272
656.2944900632413 581.3616024926473 695.9976642330647
654.500148691124 582.5472626689725 695.6196042368845
654.9713309426322 586.0748667412174 696.2717571223274
656.3575198563376 583.0645059243748 699.7831992334948
626.1170018455017 585.928666378999 699.8046121328034
625.46382789095 585.7339735016244 699.5873430025483
626.770556029938 584.617019079642 710.6471858523785
626.7702978263058 587.3084794211642 701.7495534584152
626.8850993222907 585.0001586001197 705.1305814985933
626.4233791933376 590.2731312922609 703.8762156345757
627.0033592013292 596.9653001017485 702.2981133735884
625.6210346200091 600.9727335553279 686.4837769015139
627.1255855089952 617.2045432117206 532.4487210142455
627.3915939721389 628.8353556711103 450.00037075725106
650.732802381923 642.9209288811097 401.4160809569439
677.7335307152828 668.6843179892702 352.83179115663665
766.6638244875805 666.2425925849827 304.24750135632945
721.2336480333196 668.9544525418037 255.66321155602225
675.8034715790586 672.3117688055189 207.07892175571504
630.3732951247977 655.6124724106522 174.7190378754076
645.0155824266444 657.4575656922635 195.72844800249402
645.3876524625441 648.8528755877519 215.08092832790737
667.1674280018321 631.6323310358473 220.13394804091087
685.2250109253285 608.8615666353348 221.6945948996791
668.1131058597557 591.7408811740595 222.8594222659779
637.0773136814914 575.97764713572 209.8832906178257
623.4431410333807 566.8439118570337 49.696561097028635
621.2331677183238 559.8986267725271 23.275015543244802
620.1265999777787 555.50276454538 17.127526071351266
618.5454910237183 559.0041013664237 12.441723295539148
618.0705865837655 559.5926176982837 18.953817990092006
617.75842829113 561.4388849156796 17.217174460098825
619.0284726892617 558.0407643364866 14.594731106589705
619.6589982616297 548.0764244450394 16.928482201719795
621.5606545130496 523.8055831730351 18.554371882126212
622.2029221389654 491.5130979702747 16.009532633331688
621.2515402360623 443.70277890759075 13.423089804804608
619.5038531062249 395.89245984490674 13.559706150791962
617.9228128775269 356.09972736389716 15.366437079258382
616.6625707321293 233.47276157470088 17.249715374623825
609.1392663125174 294.58433973736646 20.746300043395465
607.2898090267304 355.6959179000321 23.109874153879304
604.4945456540927 416.8074960626977 41.71014753932575
602.6215469070349 477.91907422536326 48.88497281960798
600.1746944354489 687.234189623249 50.798641347760324
602.377508746386 744.716080583898 93.76802461360973
603.6224912876116 660.2480415550907 255.7392080066627
605.3472160887568 674.0677533922462 417.7103913997157
605.5379669003514 672.5656138516182 579.6815747927687
642.810189381103 680.3599305355744 633.1349995608921
631.237471304121 689.7499389050627 621.7459545839556
463.84253127654245 700.6117261019988 627.7746629792067
448.8490553681928 719.3859309164338 635.3918672420477
433.85557945984317 758.119335137505 721.7807714864964
418.8621035514936 770.2494453578668 728.8470114390385
403.86862764314395 819.9506486217081 703.1956298190925
388.8751517347943 661.9287548700656 765.933534865876
373.8816758264447 658.0385408314845 668.1321568895136
358.88819991809504 655.0164998247918 665.7223072852933
343.8947240097454 674.4063567984142 666.1018027493246
328.90124810139577 675.8463229051754 665.1689593452786
313.9077721930461 678.889558889171 665.4543745750275
298.91429628469655 686.4943057689961 663.3735639648467
283.9208203763469 696.0165791652519 664.2324119362422
268.9273444679973 703.1601159642256 668.0327117750983
253.93386855964764 704.5076102680962 671.3979110361759
238.94039265129803 710.7741610414897 672.4448552580612
223.9469167429484 701.1881183586415 675.5013922313728
208.95344083459878 691.6159735930069 660.5859008508678
193.95996492624914 699.3286065934956 426.51493744945753
178.9664890178995 696.9581552320169 283.33495623362916
163.97301310954987 683.4956399952654 248.144627223976
148.97953720120023 681.0010810979444 212.95429821432282
133.98606129285062 692.6689138678341 177.76396920466965
118.99258538450101 693.4362396883923 142.57364019501648
103.99910947615138 688.3284145287637 107.85991527140553
89.00563356780174 688.3904401496648 135.782825779682
74.0121576594521 687.1025845908437 180.91683389944137
69.12405498141291 690.9697795161387 185.81160654822645
55.73814162766725 691.8829525919809 212.04521622292035
40.24351416198506 697.4436737325352 247.41722885478742
25.954402803556732 700.9199240661173 246.7073164703471
39.667163358022584 702.8036172201007 245.72800594873652
15.040822104756057 696.2901433949904 245.0229581080108
19.17821621201682 671.2189717113986 123.6623745209269
20.624445725585083 651.3458002660321 88.38952069748746
21.966839836491445 643.153964259096 87.69112823184535
22.9464274322498 632.2508679298389 86.11884283602237
23.698907892760452 625.2964566940348 73.21804394009658
24.902554626398874 627.3586021914969 59.60934564628526
58.660032296098336 620.8936211475881 56.13801808259922
80.51784369718641 618.8731186958677 53.64018597547364
168.8687884801978 616.1949424823597 51.72503238981244
263.04795509120487 615.0708971745927 48.90733746868502
357.22712170221195 613.0843244998962 45.12617694678489
435.3192291932521 611.4492945806758 44.515444720173875
462.6802767551609 608.78966080692 43.29277893285152
457.2935231742964 597.7704300891849 43.20278593290381
474.46501977377875 583.4586410155123 43.68065933568311
456.89563955435165 574.2323159535156 43.965895873961216
468.24732851242305 563.8479264642767 43.32435804486894
506.5376346281598 557.7666771655864 42.549629463710914
496.04940720827744 551.937973318923 41.437797038794585
482.2630944487529 557.7689711693693 40.32713752220498
491.0192251904234 577.6637668572075 40.209090268833634
475.99992805565773 582.0375538103426 41.43937095966295
500.6510511293076 586.8230440266568 58.375154341569434
511.8503696167552 596.5110999630379 156.05125570699397
552.5184924937937 602.3680724848741 260.9670666542887
626.6764564629532 615.9679067984616 365.8828776015835
577.6288273128057 628.9203390323778 497.88931725327564
524.4593354631895 638.589267743041 578.4290964099613
537.3979654848138 645.7620633614974 579.9345000976809
561.7044187241868 646.1899046508227 577.6958512806714
560.293733460135 643.6959686062978 584.026687134022
600.7551284268363 637.9533701126254 588.2474060722164
559.0061243851821 629.4453308913672 594.5083092310427
581.8890539600559 612.6521438240586 593.3858237306845
570.5470976814175 591.9312779549886 594.2016317577534
582.7451631653196 590.1732604564604 594.5975457768345
528.1869115746343 589.2353688237032 594.6900453177268
524.3260854771688 588.297477190946 593.8851931700665
528.2691177741754 587.3595855581887 593.1815229447661
509.5199806358215 586.4216939254314 581.7802928527492
544.6512497866594 585.4838022926742 565.1692314006082
550.6482442424835 584.5459106599169 600.4282901907123
543.7953156189415 583.6080190271597 514.3477830480485
536.197568479618 582.6701273944025 512.5276933979843
544.7497133816238 574.297777723491 510.7613550572372
546.3289847191985 568.6018012695897 514.4331461270859
545.7962316585856 578.2970431119816 513.9053661275763
553.8188035244414 583.9106983697939 511.9377415293503
531.6067639807695 596.273884277765 505.78380478898987
524.1583329121767 614.2069327574254 454.8582290498701
506.96101280687606 618.5450706797834 421.0202542666588
511.49439280915374 623.1935229479227 418.1769457994859
516.407374995651 635.8194384572436 412.5353478286754
512.8754638530174 620.2545549934575 410.2705913874942
495.97153382150884 606.6239120233051 410.77885350919973
402.91741975022404 591.6273766981817 411.4081249680248
401.592021375074 577.6118348347425 421.0912400913648
419.41833297346966 577.6090237754787 476.8948721673423
429.8100599092496 584.501814297997 532.6985042433198
365.31714021138373 598.1292520620916 588.5021363192973
355.0368571512872 612.7650442690109 752.6292846818662
344.7565740911908 626.5064550430673 856.7519988982647
331.9361929258656 621.4541299601444 766.7510380057133
364.22264037423355 607.0360946460869 752.1602136444649
362.967704030568 604.3676628761068 739.3368017618387
362.2499137335991 606.1707361822696 735.2904315817552
364.98333146671985 617.9100463970897 728.9972129412306
364.48680623005487 630.4016700526058 736.7876286634664
365.60398005153644 638.5591076859946 738.370248997288
372.3946892274227 654.5497520173053 737.3158845852852
378.64362896036175 647.7571489649794 734.6810852243525
376.50531204751945 634.8625328310052 738.388798523197
379.52694162358875 614.0165317390795 735.3605279625649
400.8420778892298 593.5034996732657 732.7459285764685
399.11528714344024 578.2748629933224 737.3381398615933
393.8074224881319 569.6799703577933 741.3232950486448
395.27235163412354 571.0100699637442 740.8428322656198
393.37146328337803 580.4435175552009 744.3887720283903
394.6195924997254 601.4835192160508 744.8087267078436
385.56643919740907 631.8068515893335 739.372386934528
389.23789611708446 658.8349410010803 736.2869315466721
398.67609492339295 680.630347710274 751.3539506443594
393.1350888619542 680.9430816471365 751.804357631952
472.296510819075 671.0787355207509 776.188419832949
460.2446322057085 647.7855025401429 746.6274107528407
468.7740679164583 622.3370032113382 738.6558548690623
459.27197962265234 619.711007538536 737.9683237487861
454.62056535272313 620.8069384257982 733.7264146099387
460.1388295509271 641.0131569580815 726.363722094639
464.58263108916026 661.4668438867959 725.4571497067484
475.3447059177412 682.2226656024962 722.1044139528458
538.4554438468135 696.1863962292041 722.6149125415589
559.1461590052559 688.4404211789165 727.0218848105837
526.3919479036158 647.7168939584387 738.8872542791494
574.6818120481403 580.1993940688235 740.64191806841
552.6571883184424 508.9271234163749 738.3825035079606
546.9613821931341 472.4269690940653 736.1774960590624
527.6430703488563 505.05613259362224 734.2966449341382
555.049919603874 554.6867352083475 733.462039639143
556.8960949336383 622.2290367831571 749.2580173980921
537.9094672136505 666.4278129639265 745.0411197134182
536.4708752579212 640.5960129625756 741.9421002650733
551.1707115959302 614.7642129612248 742.564007067604
551.9352317074894 588.9324129598739 778.8325171176534
550.2624797255653 620.6460231977651 731.452196211678
552.1120106367831 615.4925821218644 729.8706218241086
540.916733363336 623.306630670183 728.0948134962237
535.6066865987555 649.1100794097937 727.4366480223669
563.2683504946197 650.920251831616 726.7008280749831
500.08903806536006 635.5331543287562 726.262564758985
486.5965519975314 622.8525294515666 731.0970131422444
473.22432657624165 622.7823251550974 732.5687138461881
492.3937863130203 638.9420852768599 734.0404145501318
491.01544416740717 655.7007697107988 735.5121152540753
491.1260314155489 657.1209241797874 736.983815958019
493.2458192836083 638.4374005761097 738.4555166619627
499.8087174155443 600.619148299219 739.9272173659065
508.4317741712797 570.1738665493472 741.39891806985
516.866631315566 556.9500787763345 741.5607613430118
530.5376881047871 567.7377049574859 741.7391000161106
528.0452010822396 644.0661996489556 740.2813726751785
495.10722477925765 651.1106464352908 739.3346018737902
465.28703703840375 636.6173065550604 739.5960045862877
505.3907037770491 616.708553795529 738.7771338580112
570.7526953983995 602.1065876414167 746.3405901225399
565.124020970321 601.7202547883824 740.2013239653115
660.4592594266549 598.6664196621938 739.771920049038
689.6664328282372 597.4539734194318 739.4216086469495
684.3608462276688 592.8989021797161 738.3936906550689
679.0552596271004 596.254888041216 741.2735849727742
673.749673026532 609.9450918346672 734.8719226563999
633.5943391564549 620.2833447152195 735.0430209545025
594.5032380083196 610.4804264988052 736.6303079685586
591.2228852133517 603.7686102917937 734.657486995027
589.4934265960902 610.1978784752912 735.0442610926004
597.7368370882944 619.9706167752215 736.3322959099377
605.848695582501 626.1895453667638 737.5408530371933
617.8187373377934 623.2319751356697 740.6592299176918
631.348333409016 614.03854599123 747.2279038438273
615.4609558704298 615.2988486480594 739.6883552992138
614.2825513315554 622.5947728599435 738.9519555978791
614.0972201762133 630.0749855567549 738.2155558965446
600.8260981161515 627.992485432657 737.47915619521
732.585173918262 624.8870602396771 736.6376895958647
834.9328180720286 625.5583259599325 738.7949791201966
675.5601284735806 619.4731467869026 737.3138496299166
688.3652356193312 606.3481288094289 732.7824155951732
686.3526987678199 580.7110527136674 735.4509332623508
694.5044996254524 548.3886020280709 735.4565014281889
688.4845937112659 516.0661513424743 640.8307093862038
719.5734940259659 483.7437006568778 444.7564428323818
630.559487182987 451.42124997128127 434.78808337220744
644.4494019065851 419.8978828281953 424.81972391203306
639.9636321062 390.77176631264086 414.8513644518587
635.7198361796379 361.64564979708643 404.8830049916843
633.2830774811598 332.519533281532 394.9146455315099
624.5176944374928 303.3934167659776 384.9462860713356
621.4861969286386 234.10539873780522 374.97792661116125
634.735666325044 207.93388322214957 365.00956715098687
616.3446551354962 219.50677733823971 355.0412076908125
555.4848240061672 215.462548094167 345.0728482306381
625.1667317091421 141.47148828877704 335.1044887704637
649.0982467190823 133.74550436332083 309.3272103724412
651.6053650244285 135.87588768907756 273.07389907269123
648.3682270093072 135.8621368417766 233.35429329711155
650.4976702577128 137.05470192167672 241.32396922620688
652.9052853756252 169.58877718212426 241.54224372862438
655.3208539267744 226.49628226705823 242.86023834696647
655.6982918995595 249.39178939200866 243.08691861143
657.0939811016382 266.15222166773594 205.2531939667034
659.3212673206713 283.3651112453165 67.4711453193136
659.603694178553 342.23529917295207 42.08648339467087
688.7233128248287 374.16602568135113 34.67789800342287
662.2500201586372 416.74032769254995 30.530688085660962
635.8192822403757 459.3146297037487 22.3562453599297
630.1957000203709 489.6165304876452 19.770799399175278
598.8024453499838 741.9433926743704 14.536188250648236
558.6468892218185 1041.179725003456 12.06505498327429
518.4913330936532 732.6967252436543 18.27768283311417
478.335776965488 740.446812115498 24.490310682954053
438.1802208373226 680.6945284919591 30.702938532793933
625.9858347613597 638.0493323002561 33.084126510836285
633.2419190786462 692.6739211420503 13.287225368543353
643.5626126777331 689.9115964028135 24.527798487149838
539.9581680461174 668.1072641485355 27.685204769381723
426.5003076246991 643.9967904695762 30.36590093321857
573.8922239952342 661.0893924807483 33.60426158814195
577.3383493779371 680.9040299822648 37.61920829881766
581.3146001755317 677.9721250108219 42.0192491441598
585.2908509731262 662.1970774714504 43.354007750025986
619.6654895395793 628.152112811785 44.60100895719737
604.9526051947993 621.0004552662758 44.60105970247156
567.9133027680962 625.5562300241523 45.84825806508083
637.3844517877053 633.5321226790951 47.71480985416882
711.3592435089645 631.2224679399092 48.901394423461184
693.0802623073319 635.3321220919211 51.33851319912263
692.2189044702582 664.066956502352 52.773168103960984
691.0704273541597 658.8321394975196 81.12778820210173
689.9219502380613 666.7927059075577 84.5628459057626
683.6993174863418 683.4683900369903 84.58353786140194
674.2304676468339 696.2101002135091 84.8443435882312
705.9312599299574 700.3061287673586 85.08304695172495
640.7125238473791 700.934316255963 87.08102682299594
663.6817482271855 692.7194223475711 92.0797851575218
692.0640856954612 695.7964411720757 93.34730340018766
696.9836798663223 689.2153694691629 96.32342835814725
704.3655229145377 639.7488014656421 100.06123736804014
703.6927529066411 626.4228738581742 103.55916321392206
659.0270940489688 637.0099113251681 103.81324416582606
656.3208531112954 641.1257689268132 106.04767339246233
652.5015777811573 619.1790670535519 107.35626331119022
641.5852251345259 608.6714675199928 107.76662758990898
664.2727563376941 603.7922591831841 108.08908363012428
635.5568739675243 600.0044028831987 108.26919026943204
650.4216729896556 586.6089165703404 107.98394997513
656.3133037001828 519.4375647776362 107.98394997513
662.20493441071 481.877504527024 108.91525550896384
668.0965651212373 477.983788452353 109.65453287073039
673.9881958317646 474.130364071675 110.11954864890748
679.8798265422919 421.7255758392839 111.60757142774858
685.7714572528191 433.41326607964027 112.62604291749439
691.6630879633465 445.1009563199967 113.56596141486858
697.5547186738736 577.0697312884552 113.54832451776801
703.446349384401 570.5019719646501 112.43776056112112
709.3379800949282 570.5177473274197 111.81620485647878
715.2296108054554 567.5797084628716 111.28058058703883
682.6748206165838 534.1601326783899 110.72528540684692
689.2565667194604 403.34518232465985 109.614229278084
687.8455285823633 396.12850707038956 108.20582239417618
686.565707948187 391.0014601529673 108.08923035163382
684.9852883749322 389.26384091803243 107.47897253111196
683.8749222362933 387.4994146204605 107.33592129385204
670.8519864007437 384.79456724456895 108.23700396680208
676.9113577172579 383.29688012236795 107.33629743380124
667.9023681746596 381.7204474481292 108.32276028251002
669.3538132760642 313.2110847276376 108.32276028251002
670.6723826814983 285.71550885477336 108.68220073134981
691.4992987088351 276.86507990017276 108.03566033855583
654.3863048973301 263.15330175735505 108.08923035163382
752.358953161913 248.57092093771348 108.79054623547624
656.4185517739968 237.77796415322572 109.08349148045397
655.5587809525368 226.98500736873797 110.42871003502668
654.014002447263 216.1920505842502 111.19564201640776
667.5150755457034 219.63034757241005 111.73101422791504
671.3724273841262 226.15350595706298 112.6064897351207
532.3971854499937 232.6209362890624 112.49758333163582
569.8195858707752 235.04467762099168 111.66467659918244
607.2419862915567 243.81111700318775 111.4955156048888
644.6643867123382 298.21677993455074 112.10820665767515
615.5233670041517 338.00596156712237 111.63568750921155
610.0684896555788 357.59519630173145 111.94741688242821
698.9075738584356 347.05147505244815 111.94741688242821
678.1232757203363 340.61525437393436 113.52752970094964
548.4332522973673 316.25113268829296 109.20578568967701
516.536488984269 249.05520427526545 101.58021725592897
596.9642487986408 241.8225162730418 100.62554040971155
599.2739273381773 239.78266257837242 102.06003135410062
601.5836058777136 242.98187578643282 100.56092831139982
603.89328441725 247.9189567528632 99.10222255568749
606.2029629567865 255.61820044145995 99.1526600752597
608.5126414963229 266.7644134208241 98.4551512291141
610.8223200358592 273.9184778688496 98.90130783157451
613.1319985753956 280.4955432131588 102.06110373403496
652.1200467720198 285.0602512503501 102.41810080270258
822.3204493906513 246.59400395933244 103.53018883398214
814.1833397990563 313.71597438810375 104.46306628248
669.8645475770052 380.837944816875 105.11050054606987
649.1038366045526 447.95991524564624 104.8260463816126
628.3431256321 515.0818856744175 108.33743581975716
623.3052527186578 582.2038561031889 108.54166030590275
615.059997538828 821.79687672165 107.59414482210452
631.6985659313837 901.6631443591755 108.5917504280061
577.4004634198914 884.5489416492342 108.47255847715314
567.5974353855069 845.2080574070465 109.13960617970392
604.2160906285903 813.9738532525656 109.35492672943457
572.8903546201159 820.167036007805 109.68882582739403
581.8392310556553 812.2432286177852 97.13020114894222
562.7690529908664 804.2663331999662 85.03036895338622
560.5098641728961 808.6378820458556 83.73558958978172
569.8186241723417 813.009430891745 82.44081022617723
587.1985711902134 797.4197358456697 81.14603086257276
585.4447873441056 773.2580282000695 90.98874759963141
599.32021656844 790.5971073660824 91.25637880282986
598.1962620035838 793.7866278655629 97.52856513985142
608.9345204687008 802.2591187686367 99.23502270523318
612.3875018767444 789.52263720565 100.3678755879258
605.1152900558196 764.6023960506425 102.5369142259321
559.5793717912277 752.1302140177169 103.56761076707332
509.20727755808446 750.8802796782375 105.85942149162352
458.8351833249412 742.5101068889221 106.33305032051501
463.9823174847233 728.7002560005519 106.02037124171895
534.3293153077775 715.2407218964917 106.65699608871341
543.1544489662786 714.974243687878 106.18481215303842
565.121715315985 724.5720936581787 106.72992140228007
561.2932680532565 724.9870775312999 106.09653305309486
585.5177420719078 716.6817847800284 105.9363016156407
563.3266126663666 707.2706063378761 105.3865192707472
535.9711349189224 709.9178787695447 105.3865192707472
541.4471941214654 717.0015049458141 105.71056329524905
541.2693705142825 715.3471021600609 105.7858743244971
536.4068255832049 709.5843325783524 105.09933229947741
521.9772724041843 703.9661050333482 103.6857153365287
512.8775300599856 704.6625091364219 104.23604360074492
501.7192940342313 707.4484185181091 104.88207663848004
489.28979158610946 709.9472229540867 104.23604360074492
513.7287746314587 711.1486597706244 105.02628758565149
503.6098668433234 709.9825796600592 104.78701157593804
513.4691445328742 711.326248726986 104.64333914472742
513.9929560213695 713.0849082086236 83.7810000860367
514.200897687238 714.3714104547607 36.47716324387358
512.2658331873191 715.474151954302 31.53893141698451
510.83705817021536 718.1589391437745 31.32491021535417
509.7211338917765 718.5628621349281 30.566313668465966
510.4671271088322 721.2489168102785 29.677145263483037
542.5383139906901 720.4422859674332 28.231188426986208
599.1035071846352 722.0292584099345 29.618988693604578
600.8698605332654 724.9127533710522 30.463092423455635
600.7950450880442 726.1050199523482 29.675403037382107
601.3771158631 725.2016889996544 29.06139603335911
600.0855649037128 724.4004417447576 29.850812176111212
597.8806273697353 721.6009977820153 29.96780705785746
595.1861335236542 722.2001107726306 29.807179480391696
593.3221252465426 695.0198468922097 28.88022327018072
577.0202881666584 694.5116351652802 28.266329172601036
599.4675795224139 697.6024364781861 28.748690752938167
602.954158680044 704.4971611014483 29.142085964704666
606.7003226814834 714.0311577799419 30.053369261798334
608.9934318200812 713.3120907749667 30.547835959889554
608.8207323457503 712.2524988325124 31.81980515339464
609.2497680293322 711.192906890058 31.405869794009057
612.7204131271728 710.1333149476036 31.38011953335962
596.2279081872165 709.0737230051493 31.734831837664004
592.7454875771592 708.014131062695 32.88271798825701
591.0178118675772 706.9545391202406 33.90978475120791
589.2901361579951 705.8949471777862 33.74475502801638
590.5622582391555 704.8353552353319 33.211692878705804
591.7439410411303 703.7757632928776 33.168780005777485
579.4948233201083 702.7161713504232 33.74413303356174
578.96080492953 701.6565794079688 33.95207562968159
585.5343758743061 700.5969874655145 33.8710791088799
567.7709723340774 699.4745474872874 33.588242037820834
555.770489253041 694.0051971477244 32.96515783607806
549.5638321463778 706.2582765462985 33.18964438887508
544.5773057711931 720.3225302676547 33.24159473787029
535.124812854198 733.3410916325433 34.2345353946496
532.8883945769769 741.1882562818959 34.482797755435946
531.336305567356 743.6919599558081 33.43632668899128
513.415466464044 741.3602700968646 33.84641642476854
515.2157771705407 733.06717048887 34.30834756155387
514.7523676487559 724.6250186923917 32.25724485542232
512.5075609198366 721.5931085290388 29.53179733178604
510.7205210402094 724.9916413357125 28.907527107500762
511.85979712050187 731.4770320137459 28.283256883215486
509.4183546811911 740.7328870219346 27.65898665893021
508.7366344474216 751.3037799107321 27.034716434644928
525.8454033487972 756.6055775633696 26.410446210359652
529.8153311224346 758.3860269476993 25.828512641696637
530.3105222414505 754.223118503566 26.91963324214055
528.0782466799576 744.9757741969122 14.993957870630588
526.6537658360369 734.4961661781772 15.619062933813474
525.3708781340471 713.3884306979619 17.592147171621164
523.6305712891699 698.4462631237103 27.32289196224211
523.3465977763859 696.9696878522661 34.43307027783788
524.0100544364286 698.8908018816464 27.284641142199423
525.0440798000359 701.6461738580876 26.100813409171494
527.6439977487566 731.8365579920876 16.81881881234071
579.1723668932843 731.5554598224412 14.504309064273453
613.5829585190894 724.3236487908628 14.008937107326602
616.040827457276 718.72873783422 12.316206553993336
616.2735177664531 707.319685665271 10.215996214851222
609.177679565285 694.6086034869728 9.192388155425116
615.7528617642828 686.1356728828695 9.72056669151496
597.1647203047438 667.967386320395 12.050271372617754
546.1756668086242 649.9379384905153 15.060249026414205
518.3223410448717 623.0802167922934 12.184952157699888
517.0080037626149 586.7103805906625 12.882748450113604
611.1550950474859 550.3405443890316 13.892443989449804
619.1991887239124 513.9707081874008 12.137253668763707
627.2432824003388 477.60087198576986 9.678288268306803
635.2873760767654 404.8637577009649 9.724631201545389
583.2613585589695 378.59370274580704 10.087806071860555
518.3980145134383 404.17994565037213 10.741147867838713
516.8043728577871 429.7661885549372 11.720609912934286
518.5990744303349 455.35243145950227 12.658988901172163
519.7542688617382 480.93867436406737 13.64734406395618
519.0761409876072 506.5249172686324 13.64734406395618
566.5916625641436 532.1111601731975 14.609877783176808
566.6536084029207 557.6974030777626 15.572411502397436
565.1696646589448 648.9364538527778 15.88523857404789
559.6235341727509 705.0097368728702 15.1681351822163
560.3081168180838 697.6797112079817 15.132745950421556
560.4859498685047 679.4632044335374 15.020813699088272
557.5708803482089 688.0374823303148 14.791715780114123
573.126979819343 691.7547381528063 13.772462466862248
565.281698903419 679.9942941916543 14.142135623730953
550.5346064232263 649.494471722503 14.023675640511167
592.7190490015253 626.3976527537712 13.355142601746575
570.9460040342208 603.9514737169924 12.864151884864565
563.0625890223007 598.3898824794746 14.22173459365407
559.0274526479021 543.2364029114849 14.923342459991858
558.3498007521808 529.326577590583 14.855062843767405
546.9570844493242 545.8360905772099 14.54299893283008
546.0595681633703 565.1668997745448 15.508062419270823
545.383625551481 578.7398616960432 15.508062419270823
548.2815119322893 588.8858110937529 16.130365385338038
520.0312682682668 598.9752309685438 17.47017301564788
514.1315620129504 599.4512516423251 16.902781018451165
550.9541137252983 616.6644798300524 16.688319268278637
550.2703826618257 663.6909648114654 17.272398661548344
535.1165872663216 639.9341996919311 17.18265393905957
454.8742542795918 594.2438482351022 17.12030167399086
364.99035082756427 605.0473233399739 16.977926846349646
373.42544770258553 614.3454850532457 16.624375121574396
388.27228361798467 629.1417444478178 16.147154034242227
373.9829699493992 643.9380038423899 16.00781059358212
382.0414294204878 658.734263236962 15.897731998714534
377.5413293663499 673.530522631534 16.204211771220802
366.38640860989517 688.326782026106 16.5755226967056
340.66488588273273 703.1230414206782 16.076497352801866
342.75681341770553 717.9193008152502 16.62077013859466
359.9663770847709 732.7155602098223 16.204211771220802
365.5682412449361 785.1052456384366 15.462779074433069
358.6616190589974 741.5408987582289 15.08156364404843
358.949857222426 697.877318528909 14.229978343503653
360.05482482214137 670.137806857726 98.37696150460832
353.8240789070928 654.6896649733662 210.69006267911146
348.6219298896729 647.220025754526 323.00316385361464
352.0170683811172 640.724198199083 435.31626502811775
432.7571606353649 637.8543523614508 613.0477870081518
514.9201117871575 635.7105590911938 630.147044787871
470.67959867237755 636.4564183958221 625.2930025697908
466.27286276516185 638.7809361043956 655.5879991892648
461.54139604885654 650.4485828551682 652.199316717984
461.806650235715 658.2044474573881 654.3229087874988
509.5403562527048 666.9025277171636 653.1117547887022
519.7225568726885 675.0433194172176 652.7711904311925
517.6101134648361 679.0189478672069 642.7800840300699
517.4178678785648 683.537420455242 648.1238202740547
517.4839235383397 687.5267267532223 641.7650464833832
552.134255118044 692.8336057545689 639.9619197397896
562.5701958443935 697.1011638325458 639.3124475980535
551.8197491328456 677.2126733306811 642.9282358644435
539.8023014489892 681.61445731185 645.9271041476372
541.8571288744749 685.2542656200033 648.9259724308308
535.7376941188314 693.3920274050937 651.9248407140245
518.9567045950951 703.7778433578619 654.9237089972181
540.0619376897862 716.4337618386978 657.9225772804118
536.1981800598319 717.5419254335648 660.9214455636054
521.7826944657384 720.0794615050938 663.9203138467991
501.7673932316702 739.1319882290195 656.5693613811767
502.3804862752387 745.6270611056159 650.4588838146631
502.2530806135658 750.857506422517 642.4285221353138
495.4422366036488 758.839620189179 634.3981604559644
502.0573907008277 766.8001952976201 626.367798776615
514.5730463671059 771.3000051128392 618.3374370972658
527.5817508685454 771.4997559680778 624.5016826409977
535.4564083901614 767.5266756766125 633.994819403521
524.2365616915364 754.2648628980533 636.7408409696193
532.3351820870155 734.8171744486967 631.1804635040135
522.6684588236585 713.5450843847693 630.9805860721865
511.5452992354376 702.0124302953543 632.1282028267626
500.42213964721657 692.6045760537985 636.5252048515094
552.8633276938649 673.9195018214424 637.2486453053064
499.62899710734075 644.2227701022161 639.8205675029559
471.1954907977632 656.0292882177343 640.154372938563
472.1408688092993 652.4967150072671 638.8132433715905
474.8822849289117 658.4738499192373 637.1821065140728
489.8809463355062 665.389290183409 638.0925726440305
494.4843157506688 675.5150153122236 638.9405266660337
497.736978215088 670.0011194797689 636.3442978593495
498.52513222458344 659.9685729472345 634.9665972424211
501.31786056858823 647.0010185667898 631.7755355160251
513.690995518861 640.7469749281624 631.6200256137176
515.3023980739429 645.5215170990423 626.2118439799201
517.9127623222578 654.3074100813528 629.5055023450457
499.06592443473227 665.5266773968524 627.7021761562136
524.1341084740661 672.5145012111045 627.8382536491096
502.79146850405255 678.5192091825604 627.7225747957896
507.226499739805 673.7886578559276 627.611017610358
542.640011428459 654.3317787379137 626.964776451787
535.4273253716203 636.9873009952573 639.5278868667128
542.213959230771 633.6546552325098 640.473325385191
525.9004183303147 627.6515149724048 640.111592696285
515.5254906440755 624.8705402476633 641.3745109621526
534.8871038068659 634.8724289161322 639.3119996743299
532.4871424616985 651.3146392983249 655.32462092936
544.0956147908043 662.4870527408455 554.8220175136182
544.9828463529832 667.8814453072291 501.1226260980545
546.5448289024424 669.7224011571813 447.42323468249083
567.1271575909607 675.166651373831 393.72384326692713
592.9007982973046 672.4175814576722 340.02445185136344
592.9002478806949 672.1366277574332 286.32506043579974
560.8317598176168 679.7371973679824 232.62566902023605
571.5955952872177 684.9237183803756 233.9913144535251
586.4362519621473 677.17845235493 250.41034780778494
583.0774041451399 655.0053434896543 257.19927660253063
551.4534014907281 640.8501069353077 331.21474665320324
524.5923298736705 621.976458196179 453.1918233487353
515.4853259400019 603.1028094570504 593.4284070970489
527.6576188849924 584.2291607179218 593.2219156834208
545.6933266404283 565.355511978793 595.3728670030312
549.9621882411946 546.4818632396643 591.9462090650943
541.7289373729143 527.6082145005357 591.4430634612495
548.6345018118172 508.734565761407 618.7220953928822
549.2381727629702 489.86091702227833 612.4681624378528
552.5225903495268 615.0911452398927 609.5284884219659
547.5782347938375 772.4637324849692 606.4674739681298
529.2445611874718 649.4372712095931 603.8264025724015
520.0427549716298 620.3921034874452 600.7938331351118
514.6358056757608 630.6137863617143 594.2484926914224
504.59051060939487 647.5660688129653 587.6817206888569
547.0063992821094 648.0419523097685 501.33145158633255
550.7196765454173 647.2168280620574 233.4760370359873
552.6401665606793 617.5064324538073 353.42932671242426
551.9152572064612 616.8649502389483 473.38261638886127
551.1883276955061 616.4234392566134 577.9897127588417
575.9194770789335 619.8489074785375 595.8347760949507
536.526750367748 620.9700056012737 616.0142041865024
535.7384079648828 615.2080375961928 677.7402768573977
536.267386666944 610.5627230156184 659.5009540638489
536.0093657976726 608.6554576936703 659.0728843792897
535.1506797155358 605.8556683435274 731.2128875899098
533.7651890458492 605.0393920860886 664.3106308172585
531.1028499249066 607.1020905337467 669.9478599870718
529.1331035846804 610.6764293064775 718.2225711915236
527.6611128366387 614.9356134663559 714.5944955454343
527.2726641824781 617.1915855010393 686.8852110725018
526.7402472295387 620.3784772780484 686.3978108198938
527.2006619732209 627.1778495255996 687.4858053627584
527.5914249694022 635.0912992803899 686.7179645420226
527.5236961502299 642.4733781060941 685.0660614425785
516.1777080819526 647.6332444793261 740.0006650956341
537.2218165054788 650.5060491631411 796.9753548288039
539.3637319052763 650.4615918657173 686.546937149412
540.2207881968261 649.7463208534607 690.4358849911209
540.2207881968261 648.533340464513 688.207603790306
540.6499013796972 652.381204148691 688.5431692218888
541.5925590330797 653.2585109120259 685.0464082135773
548.5804224908816 654.6643976386812 701.3008790496995
557.2443579933935 657.571079888876 680.3489845674146
558.8904823971615 660.439648280134 795.3929800894552
560.537762397733 663.4249601953957 696.8927751518445
504.4792142004459 668.6200990185775 692.5088219034817
505.7600047428955 672.9156159910729 717.4904082377363
547.9464843022032 676.3981924773256 692.3934095420527
586.4919039508786 675.0469815575668 685.2480053195302
592.3598438352396 670.5022139325067 684.3133223553755
585.432361052178 662.9534579788985 684.3652645376573
576.4315090083037 659.0702249373555 685.8675001080401
568.9064803252807 659.4165304264206 688.9827783079456
559.5230931537949 661.9017961084201 747.3327007781246
589.7021580948904 663.1851174445941 712.3718602547588
588.4156451062581 658.5241834744352 707.7910229246222
585.8502944754542 598.5666970078997 750.2270872983283
584.5000205975696 591.8410486215769 711.6921741566641
582.6345112444055 597.3224799547029 693.4484187053857
573.9526822487418 603.6658870370543 691.8672669425007
545.2476901440059 611.3109373162056 728.1194190187924
526.0773759683691 619.6148613347702 720.6376299710491
530.8493439208736 628.685221623814 734.6128514455095
532.0662552727808 631.7882227365992 738.9095832044468
510.5091225417161 629.5786438311129 703.110192775508
508.6072788031215 658.3564802202799 733.1683548911051
530.4252740438415 685.3125071228944 706.8189627827257
524.5404460338862 676.239584592691 680.4695706743464
521.7840263959226 662.0357902050732 677.9038001984405
520.5662111897528 658.4358475035037 680.3506946297873
520.3020757214024 653.8335473641143 684.5942826238811
520.5660380777832 645.8950972534507 686.8937504071546
520.8886637276722 638.6479859828887 727.342561304643
520.2004674987812 633.8345021549635 713.7596858621869
521.2151009081142 629.9772243182615 693.3100394414182
522.3287456608605 626.5927334249002 685.1927198825922
500.7527664246886 587.9612718989897 686.139259750083
501.97905979296854 446.87184687392624 687.1535490703661
501.9434729130363 426.4002343895856 682.413796952487
523.5735830439734 425.6035842865913 704.9959160337885
506.6602143928874 427.2355502228553 694.4901465675548
505.8186433891104 424.77424328169013 685.9218045907357
503.7809543839465 412.9878721851478 686.0155963605825
502.669054022732 349.66095786692335 718.7013373336995
499.9080291921616 286.3340435486989 715.6122875773162
497.41574988922673 229.94657489187227 694.4596998735929
496.88123781074324 337.84723137604465 694.1467609090893
497.1933728440072 351.15659226675865 713.1245168912163
496.504208762738 338.12173628264804 692.211570118852
496.3469048961623 323.4907262967518 714.5847191760743
497.5100501497432 313.63075423178765 688.8812486977072
497.5100501497432 316.539607926376 698.1553988616158
498.094549559397 464.6556700595127 705.1960237217022
496.9811364629446 619.876494512665 708.1551626483914
504.9368001590884 634.284123171655 695.5275743962794
519.9378029368518 633.6197993339559 695.1781435227158
520.3635087032791 628.8295697672578 696.4068594931567
519.3501413614263 620.3556462334122 695.8070325223061
518.6041361192562 612.4973399132359 693.8338636835213
516.6984130031753 602.4189519618469 695.1517794670599
515.483686361327 599.413337048805 689.8315908097995
515.6599287975073 604.8490967896819 688.4506455765736
510.5894267394243 610.5933687381081 687.8873423070911
502.549748781153 616.0212407336126 689.0094536601157
501.88375791229055 619.6039008903815 685.6889415060792
502.3883537748583 620.0326604300776 688.3406053992439
505.4234390723672 615.7785722156951 715.8467798339824
507.5760405117934 611.4266249180937 715.0783110144016
510.1100776954952 610.270334842231 706.9001723784818
512.247050192712 606.5085861495822 704.6293657457231
513.9384305706164 600.394137188392 695.4870559071417
513.6056571733324 591.6444891084352 680.9835860294177
512.8207261204217 581.4633689833815 679.3826180722932
516.3871961878099 567.3678260176549 683.0631495129112
472.344803383696 554.6895528131029 725.7096132868076
471.46882947450786 556.5631141209413 742.8100536327307
472.77614876957034 569.7888747420486 717.3125467910091
473.5108871752666 590.9410128562557 705.6192767530025
472.9685507515272 606.1422637284943 702.4386973461737
472.04508163245623 614.3036480978374 678.7111882801361
533.8780227076461 610.8942866643032 702.1607485141722
534.9042590202564 603.6845368459453 727.8577968632783
535.3329022317325 596.1175660165022 705.1465594059772
537.0486477033528 593.517215993756 688.5841062672681
537.3912135707542 600.222379623576 703.568675488764
534.2181474059582 609.4888976174173 685.916318322996
521.1002212684712 616.4149486005551 681.0276989899326
530.1857646323929 623.5863015923067 678.8938066898263
544.7051448390198 622.9152330136226 682.9696930960616
563.3111238004595 626.1805784597389 741.3217378765762
564.5638780351615 623.5789468020714 700.424400620969
566.0658270929046 617.4241146112824 697.1069742592774
566.5027803374509 614.9766575694161 716.1750455440095
564.0258779534979 613.0181467112545 678.282895172222
551.9794364648458 612.9437529605334 707.8577836093687
542.9716244292356 617.0666483854513 734.5952132931267
542.7165466429045 622.0653668003248 766.7612670502
541.6013293927555 625.3652649027538 730.9472913631867
540.4861237811754 625.9484302159631 701.9485017915006
540.4861237811754 622.3011334114973 706.4452854623504
540.2314376163176 605.6347465110988 677.8873512961727
509.4875336378402 616.8488076881731 680.1013688629288
482.682703685032 632.1102066050868 680.3308469724509
513.2961818219981 647.3716055220004 655.5916643134456
520.1563304388172 662.6330044389141 667.9062148076716
528.2163382554538 677.8944033558278 680.2207653018977
522.6435920873646 693.1558022727414 692.5353157961238
517.3300417282849 708.4172011896551 704.8498662903498
525.3138027294025 723.6786001065688 705.7492556712494
533.9899984940466 782.7211045133367 672.40316171217
501.49688958665774 851.9199107034517 684.1789091465988
500.1724842819216 766.3997175659189 676.7830628171473
536.8275767952703 719.9902960979036 674.9313991207191
532.8462423166225 722.6436895793959 659.5298802636776
538.8623876942606 735.77084736654 643.3160100167588
535.0087186659937 736.5176548004993 637.6468824312465
558.4923352083952 727.2804533543479 633.9592275459677
556.9388252484412 746.5890814314254 631.888120540038
557.6721707239836 747.0665399534539 637.9315317922558
562.0053648306442 739.3678639156922 641.7335334261337
564.5445066600153 708.2251214063316 646.9888951718616
563.9240059652116 675.001489940262 566.674224852804
565.9086167595653 661.9123730524071 463.0808466819677
569.13992128474 673.1460230948271 359.48746851113157
566.7973648094967 679.0520395330909 255.89409034029543
569.1306231298634 682.9137939740272 152.3007121694593
578.174263982793 673.9549084197947 48.70733399862313
581.9651871131977 661.3495422299629 23.17450719079733
587.1534983909105 635.2371635190033 22.976841000939487
591.2268873887294 630.0810237248761 26.058918193020432
595.6953935569932 629.9104648979489 38.16385749256429
595.6953919580039 628.5990245706187 36.76373547886698
594.9741591027295 636.8611976200762 36.76568248011631
593.1007502945853 650.4982922796103 36.37478928280622
575.3547019084772 657.2671259617321 36.16257372567635
544.4137721371897 652.800130378264 36.092312058284186
530.5594048375036 653.3769815025009 36.092312058284186
544.9125447616893 642.9498679457988 35.23008720101285
508.28701275269833 634.4765739518741 35.40005797911671
512.5470771895577 638.7823819242021 34.81616618317403
511.431506542442 647.8943099502671 34.44551677907165
517.0859212552202 634.6616328455432 35.241837599913985
481.99082861994117 614.7942377683794 36.12487926352088
470.76152760221464 612.2267169888745 37.08771850691949
459.5322265844881 626.3594087533681 37.03376283697065
448.3029255667616 634.1905810725193 37.00844463540013
514.1879260376777 636.2354717117087 37.75331125825904
575.5993599675995 654.4719236772852 37.75331125825904
527.879199137418 677.6781281165711 37.5082669208266
520.9057785563298 676.0092653656523 37.55330490408935
544.8214112651033 674.2154899290053 36.838547390878894
539.1191432902382 672.5121722660213 36.62308015445998
541.6069732550537 671.2603807180024 36.91933414315838
546.7208614950695 679.641923616157 42.113112613014714
536.4462248407992 684.4875020545592 59.25105040162448
540.9235560454958 692.3339871991855 59.776114319513226
560.825507622469 688.5690175560806 60.07495318350236
522.1223042652534 688.4165604160551 60.32464384126463
527.046017281871 677.4807513041221 60.603210856818144
530.6198752672071 665.2380113952033 60.91833110350341
523.6930930160578 652.1302273034571 59.95887267304778
512.7868183958448 669.8249884439185 60.17090083355852
507.4316909866184 680.5819636038702 60.61690759723531
506.08012452461173 680.3926710687883 61.84911236347945
504.9457891694909 663.200015062509 61.07576767281089
504.9327162023145 638.4710785635748 62.06129806957114
505.1421072366935 604.5658098149836 62.06146048300777
505.5833747811546 570.6605410663924 62.01007930155162
505.5833264655788 536.7552723178012 61.502032621081355
505.6011273721608 502.8500035692101 62.00201609625287
526.3870173639716 468.944734820619 61.502032621081355
554.6705713489348 460.58327239972283 61.00204914590984
554.8705317664948 398.70689011001707 61.00204914590984
534.9271751814146 662.8525367197991 59.005351673129155
648.1889267377361 720.1960513164204 56.50550167666478
534.42610383994 664.2744070623019 55.50566112813646
530.4074396554017 607.2144998790454 55.50900900883103
548.8528172713786 586.3679381172792 55.25454507895013
510.23657942717597 569.0931931420312 54.75
507.32366935100964 576.4281724772366 52.75485391144745
506.882629412372 577.4376392826059 48.53916869157634
506.6779055771033 579.4135727534178 43.8378180515562
501.2945740779567 582.3051176144685 42.91957287709718
501.9414256006496 584.433451057126 44.68327802387915
496.5425799517702 585.5538663315897 47.82724410101546
496.76324040242855 586.0910607445583 50.51267879898445
502.14808076226774 587.1449607226721 52.50238111434315
524.1420204572792 587.9393745687918 53.501157382601214
495.354741410253 590.8948605918038 52.75485391144745
517.8239750683776 594.8110611680613 51.76960031034969
526.861296607322 593.9549035356365 51.10440843822636
524.4632590646597 593.9583911236145 50.390259225467524
535.5215292138747 542.2065399816593 49.16301104605176
536.2139870350488 279.50943101097914 47.218084083375395
533.2258756734404 227.50442079259506 45.83390011867892
534.0798161323829 229.5116527172002 45.432306651689764
511.5651559006998 208.5416209262895 46.42371980069447
590.7163440555928 237.51530067374614 48.37358624867998
600.057554266491 243.96972176022499 50.458101754629624
609.3987644773892 247.8154703667428 51.96025511525792
618.7399746882875 281.61090405844186 52.76116089276647
594.9957965348938 321.0096350671347 53.6312400246902
510.3385575470693 332.34675971774715 87.67819670545204
534.5024587442731 341.4326391312834 106.45833630694533
532.1258838071753 411.8985831899606 124.9356123693913
565.473449468768 442.5512575501609 225.5697475061295
598.3321953136318 447.2729448989113 337.78528102947087
592.3036148517454 445.55152996673087 450.0008145528123
586.2750343898588 429.85947576065587 562.2163480761537
585.6950698171702 400.35406873212776 674.431881599495
590.8900877753937 370.58952368584266 759.9849908449518
579.327293762846 340.8249786395577 675.324187385304
568.1905201781224 366.0879793582109 676.3712131345881
522.5990451797479 463.1256015459448 677.311228313838
491.9285875765398 469.62734686908755 675.7312230270686
484.8966432289956 472.76316839946765 679.8673332624226
497.88125301214893 467.2278179909007 682.2775730095562
498.1859778486507 452.79353657804694 682.856590246734
496.13374982784944 446.9681333753275 678.7542850908324
498.72356708451844 441.4393978702482 726.4330891103607
503.72834568647033 436.6671598126064 675.2855632427315
524.9773804651015 435.4356333466807 635.1472911630156
534.7792060424115 461.6128575450273 706.3247028328021
546.5967008067817 508.56390928800727 628.3917555321354
549.4781615314662 510.3980182584653 629.6498615508613
548.1727902415385 515.9827318199875 719.2563075432379
542.0028320156047 536.1327743222639 613.8712449720297
553.5679407648379 626.5118740543519 575.2734493550213
555.8618878511362 641.6701364279329 568.9086883732084
557.6607082750733 639.8494507282851 564.2470449238707
558.1581012102564 637.4250377307192 562.7367556075998
562.608543966563 635.0088178691389 560.5951911683202
547.0495625791905 612.9027447371958 558.4006178363344
559.522646428459 603.2716164808755 562.998181045666
571.9957302777277 604.9675051189561 606.9872820428966
584.4688141269962 607.1442686528885 650.9763830401273
595.4698009887295 608.3127774145946 694.965484037358
602.0544968878569 611.245151265984 738.9545850345887
606.9156075825499 581.1125884761545 782.9436860318193
487.8935371979903 570.0383751883371 646.5176803274728
558.0387490388425 565.6677313478992 683.2385065276933
540.0824020924495 565.3256334582182 704.3272551751802
543.8920376833831 553.2047040548032 764.1551400047273
533.2063648798817 493.89676324658274 663.3490837345671
531.9985902236959 434.5888224383623 684.4057549613033
520.8097360890492 415.07906780996746 686.8789436317556
515.8985452027619 419.1632014973803 682.6296965640034
540.914444930561 418.03313487019335 680.1448072591447
594.7159406403287 415.4810417864884 682.2051305070183
600.9241327233657 415.31493794586527 684.6623831101425
576.5861418658744 371.84543438679043 683.0093173510691
534.3951560691096 324.5323573968364 666.9952075450866
534.7335785229875 321.8474852342211 738.2496479804076
601.6250547372757 319.3572499055407 754.835439480525
571.905655042256 316.65293856028256 815.8918999516316
572.5997729653759 205.5766227087501 745.5433141288564
553.0882074508122 142.7861599609252 673.5611733032404
557.5784814987609 117.1003842863037 675.4267355585025
552.9511381157428 142.05387577964106 656.9623596583035
551.984246939566 188.0864163090998 638.4979837581045
552.4828051773065 192.86584072577702 627.5666590740468
563.0219044538055 175.14656116975323 641.0906467606594
573.4224684906808 143.11953089982288 649.0827831393186
573.4224684906808 129.28333677990344 650.7545753852153
574.1161271252025 118.9631437849109 658.0035344435851
558.1671585338854 122.12199698587003 656.417796634892
558.9995701877103 127.00481627326936 672.3247746841271
556.6418713696986 100.4259787605878 667.1403038846449
553.8682328200575 167.4389049449622 664.4900458256482
550.2626821145029 243.76827406677026 689.9420417003703
549.5693768761138 320.09764318857833 780.0616367051066
551.0954304157905 380.03847622077194 688.9389346370428
552.2048985657407 320.4856578056754 688.7341698913367
553.1749271252269 244.61375389719035 687.9757103913149
553.7316410363037 271.0455771244954 688.2013727065364
555.1239282495114 271.356807094464 686.5479803481251
556.1025761513288 247.8739493448454 682.1925614906322
557.358217497524 152.1927725853632 680.9263080033745
560.9627997590273 143.5645419123431 677.015694057383
566.4863618785162 144.5857061321193 682.8991506803915
569.3272128461689 145.7512268796105 717.3460375913739
570.4395235255005 220.37550643488913 700.6250294158187
570.8630051626249 289.03805973101146 709.3743731883368
571.0211726445868 292.8079224087479 736.491295417148
572.2929756689313 289.6537433542695 688.7459321568493
571.604102504522 283.84012935245914 704.251738476481
572.4528364852426 236.43546517642415 706.6223621821204
571.7641559244511 139.94741930432804 708.755191769138
571.604102504522 135.23207364650625 694.562168249196
571.3398114522038 138.17949218552923 676.7377227498155
570.6509440980537 137.26412889340224 681.3895055708556
569.9626954704393 135.17911512619 674.3767992238845
569.1719632333152 139.94863727703586 672.991956880214
569.4973661045326 148.11724609743553 672.301329599486
570.3492351182738 212.51010643973746 674.1722668164414
570.1852769056738 261.4152286092135 675.1401671181261
569.9233006114032 257.2172979422904 675.2782155282966
568.4516250306617 264.61608991730554 687.9686852554573
565.537299762362 234.45848870459523 699.3211157795669
556.9463448461315 230.2474954743835 690.6970355029557
550.3924482924668 219.86686318119382 670.1217796058916
543.838551738802 207.08684666799027 654.7972492744199
537.2846551851374 195.04682018144183 639.4727189429482
548.3990738459327 186.04904987654697 624.1481886114766
556.5802698079463 185.11883092365358 632.6192441555538
544.9605504878194 234.51192815596 641.5080990388846
531.9808053442878 508.57265408929544 645.9122753567924
545.3026419317298 752.0644787736699 647.7613479365211
535.3501387144156 737.233804549674 645.5594943088015
563.9625639280725 703.0735772349658 639.5486139826938
566.0368026797519 691.4440256047819 687.9690041935912
571.9988547894931 701.2176296128209 768.749098311625
561.4779975030622 711.7391314997888 686.9237839816117
551.9204626134131 704.7362421018349 747.1447270416921
566.2593604158492 696.8392928071723 688.3887779491104
561.5771921638876 706.6097499647597 685.6100284478403
548.584135191531 715.1227783336071 686.2277099021087
563.1607418143439 703.102505095615 685.8400851452752
576.827794555232 690.9012230413259 687.0322918201941
565.3530701763802 699.6370569741978 688.3159519777324
568.4224060193028 710.1806145692055 690.4684087928445
594.3493560875451 703.4108318415581 691.5366682959473
608.6642810381829 687.7094889982806 696.6662993586635
608.2762978263768 686.405426154912 674.4262233462146
624.5414317721443 694.101295447297 656.8810001424798
635.0643640902618 688.2049773924407 655.9014082666604
640.1259829439094 667.1210802189612 650.3933363498463
637.1877983403956 662.0007626805473 763.0221159606783
632.6393601654893 673.3847382450535 669.279420725506
589.9862366376324 677.6749465816508 681.4142813459534
646.0384048264259 670.9813808992974 728.8348585863239
642.1961745083787 666.766272444042 670.097398611935
639.7396225704224 658.8379287767966 688.1545851589707
647.1502738453626 657.5560914003504 682.8664565840651
660.3128599299732 648.8343315141658 648.5186690068047
680.905979145413 639.0006969883253 588.0450570766518
693.8580008061955 640.6022637915954 573.9126703764214
661.208178849374 646.8203057509252 574.7588351273491
707.5147592153969 653.7088501321823 572.9876398102996
778.0319204271359 654.0155515388344 531.0738948763566
797.8517967249204 669.364110927064 490.66934984254
827.4281263766545 673.3513669445688 485.57473560347887
857.0044560283885 668.9372280130242 495.6737376905261
886.5807856801225 661.5992730901153 497.4411694175084
932.8439627392088 654.2613181672062 499.26811807155957
967.9695476826728 646.9233632442973 495.4138101122385
940.3134304865912 639.5854083213884 494.47431716370744
921.4240218465777 632.2474533984794 498.641236182518
902.534613206564 624.9094984755704 495.33821218151326
883.6452045665505 617.5715435526615 491.8671075525922
843.4973308406101 610.2335886297525 488.4736656016089
784.3508508097996 602.8956337068436 488.90924686839514
750.1621163669889 745.2146595511134 447.77891839402434
698.6391443238401 681.27161630387 448.5096808337374
697.5516722884893 632.4621640302423 510.4873493061125
680.9834618050882 613.8856970035338 593.2718351438702
682.0118484346142 614.4550158297927 656.6373224126711
697.7881230151488 622.7296200804918 659.7861323923823
719.2200208396891 625.6913597498738 651.9467995729327
740.6519186642295 624.8513914894143 650.5848899702235
751.463778694238 633.7874602211838 652.8210737697968
745.6649062678698 637.6884359934472 657.7657064989015
775.9663172930649 635.4058744468358 654.3402279927631
780.8945771376407 631.3942946049565 652.5618597279234
787.2537315084426 626.2659369175612 651.6638313525414
765.8483937057499 622.8677595310094 661.9505922490432
746.5349220224034 624.0566388628142 678.2125087111898
741.2822002143072 625.6288493623215 679.219049554476
696.1722587789171 624.7599880223808 668.5777972241181
678.3032933472185 620.3347886423911 669.3234954860625
693.7191495314853 616.0718645812011 666.7692746240715
688.5254327331734 613.5055061867072 662.1631280472113
703.5792240255388 594.1316463350306 658.7793079475714
717.5097213668644 595.3990605471656 656.3599457651787
698.6210611711118 596.0591951949527 662.6225755942463
714.0895900654054 595.5549913735463 639.9422255069417
694.2087652630944 610.4631016915391 637.7690696648342
704.0159370090987 611.1451939465403 683.1677952459622
681.8389066504241 611.8180301267084 728.5665208270902
675.1269786821077 609.8102547967932 788.3932311533093
688.3933175318753 606.6634582344841 657.2353371991787
678.1338034066061 617.3967919283268 654.6473594204335
655.0767163913662 622.1130898863139 659.2806821244989
654.5519110362497 624.1445767566656 661.590712983364
628.8967950842432 625.0449983801167 654.738939735972
651.7109713580969 625.7291746434714 659.7523430311044
639.3431383877682 625.7479152625784 682.0948239742345
607.9623609789103 626.4146363374025 685.0699374795977
600.8952103459712 624.3776524700531 687.3460857894559
575.8710451954946 621.6761616790529 686.9503558320841
582.9324184322458 586.1226386977241 683.3592044464717
581.2294926490133 574.4488222424793 676.3354886052583
580.283057235014 567.4399152713606 666.0086718248398
580.2575052593666 566.6749509198373 662.993845892029
634.9130535113052 534.7490146052438 661.1633447001971
593.4116619658028 476.49484970150536 641.1391386273165
582.8702540963275 458.44897871922666 636.1115418600898
584.6606501472229 451.36666479559824 644.3893351837788
592.6991870500789 440.02746467643846 648.315140121563
677.248466263156 431.0150378339471 646.5135889302665
622.2061897178642 534.0170199490024 765.579069525777
646.4681586575576 607.8318436009729 658.1715086211002
625.6038448996021 630.8260821845543 646.2336377442605
600.6028135131414 707.8977590899564 640.7501450995553
559.5763636879838 770.1261492397473 638.6032160930529
544.4955846229802 712.6210480238202 641.9047636728726
555.0576993636867 674.9490829549294 647.20234348257
574.9899640482995 836.1485792289465 638.8537041858481
592.9619619937341 781.1853140159699 549.5208174127857
544.1579170240882 725.6103229240568 423.6882282232864
554.2612144471614 650.5664978477282 303.90674296247016
554.1897298460643 579.2695569221006 184.125257701654
550.126020632652 494.0993893300905 64.34377244083778
581.7024978842222 486.6046502695339 55.77519638662723
586.3488564041047 481.34447944061407 65.01577534206511
573.8779547990059 480.2092229102508 65.81193646208466
556.2899067510426 472.41835052698764 65.66300298714387
538.7018587030793 470.8074667467206 40.30980759367009
521.113810655116 477.23888200706807 40.07830572520417
584.3776494588353 483.67029726741555 40.021338137129135
599.8095252493969 486.1411469391485 39.62592808832946
596.5246538933411 481.7876654941909 39.21512364505624
590.4851078528216 493.33977240543277 73.56531708028544
583.0696578503646 609.9683372382538 81.7988764390904
576.7529928725246 665.1653007142984 84.88996121243127
578.1356770118324 644.1023590271134 86.58530306203191
568.481586939745 648.9326137336611 100.07469510132515
526.3076093436323 652.2620380710044 209.8606422657924
493.19035394677144 651.6258242211261 340.1972230766154
491.51545426955283 665.4543186436488 470.5338038874384
483.5623229880099 654.7490469693147 590.1089385967755
499.8799102899227 642.5053581217376 655.9586338962006
505.2460969732533 634.2567771022441 655.5970356585599
510.61228365658405 625.2593939175899 658.135068874254
515.9784703399148 616.7600830144571 662.0232161408987
526.1450172594707 617.6993171485582 662.7931043885454
536.6815267845325 621.6176922784026 660.8594570018165
534.3225985624506 622.324874964837 664.4440567638005
519.7012592714582 617.95954560149 671.5146576025355
497.21145745438224 613.2699723853626 677.5627314655353
474.7216556373064 603.8180603459953 676.5828853094364
452.2318538202305 619.9573232734899 676.5834568765956
487.87072711175165 641.4763405101494 677.9283731821954
550.2237707746515 662.9953577468088 685.4878736786097
531.4415713708711 684.5143749834683 686.7718477940989
496.8267317574447 706.0333922201279 684.7611476605472
547.1833392354265 727.5524094567875 684.0288872457883
501.36118451226037 749.0714266934469 682.3190236245799
530.0414087688016 770.5904439301064 678.5751616438669
533.9220353921887 792.1094611667659 682.7997712897536
536.4445561319187 850.888841387196 677.5113694169196
543.6247817603014 796.6020582482963 674.4833013231884
561.2529440116579 745.1621950841395 672.2002649281999
577.9132473835475 712.4960580404406 665.9726683914778
583.277862445496 679.0640242016381 656.2994749981233
581.223305709724 654.7476659957886 650.6091060206168
578.5162336779126 654.6397949170821 647.3560460705944
573.2324822140132 659.6214149230984 643.0028887026853
569.3297025912738 650.6094907964978 637.6983063306303
569.4447392797254 634.9306996995585 634.7546480739131
569.2319948800302 631.3467756665098 636.6936366332163
588.5034437484378 641.0153293091735 641.2242071911512
568.7433036782943 641.7491260663003 633.1537376902054
561.3824307463694 635.5924454111639 634.9942903439086
560.0616484791453 629.7354184892719 638.4959074532039
582.2822084672215 656.5274916818655 639.039821933384
578.5473858973628 642.5053598204579 637.7337809056041
551.0494538483756 644.4659094211324 638.2413257576761
549.2798054679174 644.2703165201149 637.1256273698541
531.7656433935014 647.2921447860142 634.6407130222323
578.528444118726 653.1184014382952 635.247102891869
578.0533509682646 662.1772559796356 636.2849249749119
571.2716843783985 662.15195735423 630.1773706161457
582.5030171601409 658.288879725269 645.7060758425473
649.1805161988182 659.8305035182343 651.0395649910265
645.367660017948 664.970797076676 657.5556365700345
627.4619961096064 639.0501405425613 662.6018526206017
624.5382456920645 618.6870041518728 662.5959038463415
626.3552093001181 621.8589782893232 663.1695568171742
623.3450204643734 629.3828091409064 666.4509921139588
616.6952399490665 620.5027268135673 666.2006195048132
613.6121454403742 540.3144478349415 666.3641821432745
613.8242382789899 523.6891470253222 665.2302338392748
616.2627880188597 511.8400603631968 667.2705598181295
603.4459384765008 496.9449813556267 670.0586227629201
613.6075167730062 487.21115619313116 670.1782527235082
606.0413562118695 483.50462926693524 674.8879429254623
595.8172179247758 479.7981023407393 672.1006357788392
595.0237626375364 476.09157541454334 673.460579824004
592.5529529803816 472.3850484883474 670.8511902562698
590.0727743215182 464.87050139951975 674.98699953211
609.8068836273062 455.3206297301483 677.7308644343141
603.7115898071753 374.4701582799881 679.0684515449199
615.5328495049029 384.9592000157529 681.4077933572773
620.4178377515514 481.31341327997325 676.1946948476034
615.048553492716 577.6676265441936 680.7146758755393
610.9097997697459 582.204432849188 679.6213902157424
607.6973515369536 571.8469845358159 678.7830426178291
596.1591069207852 578.3554460706443 677.143753253117
591.0772229923568 587.7764299152283 677.0444696676491
578.2224917797646 590.306960712558 677.5339068008952
572.300838720336 599.6492978063466 680.8161166942815
578.1699509520831 614.6323573846969 684.0719381651008
592.4912807737646 620.5099123054963 683.9851280242891
580.8939857761447 616.4953247966082 684.6050033355139
539.5148036850193 611.8041197455824 609.35151267174
549.5573095967176 606.8137146017139 485.2800358677579
529.9095347828189 602.5445666830716 396.53237276147155
546.784453370691 590.5095414751945 307.7847096551852
502.1520679059548 583.8420463320358 295.74121915571004
482.1364621834166 583.918786837686 363.4701784039503
491.26924361610253 564.1499907573414 373.2797601623618
494.2167124843462 411.0507575140896 378.4531613372425
509.0032327512515 329.561056747741 382.83360083299715
497.6132332476076 327.88143566231906 382.85784002064315
431.02480581802496 326.7204172220879 383.5122235729379
391.8389875788205 329.3852908868724 384.62092069563187
425.4424373292669 335.33544771280185 351.9563043436611
459.0458870797133 277.9230433715499 324.884077846913
492.6493368301597 288.8814635797873 321.09305411125746
526.2527865806062 303.401549106131 321.4212587576821
559.8562363310525 313.6267685053612 321.3508848502345
593.459686081499 317.26053962004164 294.305132400205
627.0631358319454 314.0702237966477 250.07716534320792
660.6665855823918 436.8775195064854 247.85177021760404
737.5429277150163 579.8275872641259 247.87143767120742
738.7295937636721 584.7709899403392 247.24835596501734
722.6719615450227 575.8407297135486 246.96387636656814
679.6450853657032 573.362060308968 246.1663739027608
627.6232015089454 569.9879835748812 246.02304095243187
640.6398645969166 567.5156830200203 247.53935054633473
638.6221648550018 565.7266961031162 248.32257456883352
675.8267929140816 571.8131653629787 248.45245899323027
668.9096626581147 573.4284577910678 247.77170917292185
646.487553899057 574.6187388244439 246.5093957577709
594.3621861996842 575.9710885619045 245.85183015184106
571.6058155168816 576.8288302157835 246.75402407970535
531.5721250995782 575.8413748749697 248.4043865439366
573.0377628157132 574.6803458944978 247.8006448995732
540.1654878182205 573.5518285212491 247.100364815026
609.9329711442365 573.3351986164992 246.65207810401478
688.0764353405377 572.0115399737382 263.0318102616883
726.0239215227946 572.0115399737382 351.79584430281756
701.5223277097757 573.5612885891755 457.93963718162036
700.4626872827289 592.0882894102938 564.0834300604231
714.0904986699481 596.0915973656238 617.9019773938132
726.219273850334 598.8956503431963 630.9109563641443
748.0465452497775 599.6736612525183 649.1881671763279
695.3589811956313 600.4067371374175 608.9547152581881
649.7623978738793 601.6349064996696 625.2969963484447
661.4949068840522 601.5236404958589 604.8846764821913
705.1571768246039 601.1428196288114 605.2663292033203
661.3708590253838 601.0876059374552 606.1672389251219
627.488224448181 600.7905208972592 580.738062940024
619.682762368514 600.9836180960168 579.0956077765815
610.7346185447173 601.6637349882408 578.6926108367627
596.9219448321915 592.2154555779125 580.2969676434348
617.6812479014947 578.5041276167036 584.0672837894248
611.449186770637 578.8526950310682 598.0103773097106
514.5080379423222 579.4692045293523 596.1709121420328
532.4795366753802 579.32654867527 591.733412966222
574.2930298833821 577.7739291948503 593.937856919995
562.2020970359301 575.9762931618184 597.4041439013507
553.4133497985688 578.0023488259856 598.7125154084019
499.5397084471075 582.8716100662502 599.4663399094932
575.227346355576 585.843632171084 601.6883018854975
613.0226119675086 587.1254688261204 605.6206425398914
590.6881563971476 586.6117703947267 607.6668302428678
583.6309196557611 584.4753687565606 607.0529170516487
583.999258004247 579.2470990498979 606.6718585579381
592.7320675279225 574.480013710158 606.7495364645943
567.0781552906058 572.6294108167523 606.3736267316942
589.2643187105971 572.9506466086068 605.8419968182336
573.5741823036083 573.56020242965 605.418392105605
571.5537777842121 593.7144730770002 606.6395854922386
618.0984015161291 605.0431298235021 597.0720251120264
617.9756449483353 601.7545180553279 578.0293539804015
620.0804684941168 599.9563608915025 570.9085576454238
628.4234575226511 597.1233122228607 563.7877613104461
615.2404481097134 582.9240945440496 587.4110514582753
599.2631347794606 589.571298043784 572.8545290431509
593.6960590965139 598.43423604343 581.3221335510249
576.7469195524858 607.297174043076 591.3826532351914
570.3037302057635 616.160112042722 603.9210656131988
556.9970545151822 625.023050042368 610.3540866253388
568.4675907284444 633.885988042014 610.236656769354
581.4372763521899 642.74892604166 607.2226014325724
612.8149901466074 651.6118640413059 605.7667208682783
688.8681500263492 703.8681093135247 650.1524183196489
590.526192301287 714.2886437900684 641.3641707128959
622.5206757223539 708.1844742427069 623.4172371036025
747.8091736331606 639.0672352652834 607.3808584142118
636.4487066689935 624.1975022714234 602.8813203843237
606.1486768363075 623.5201115034613 607.379269933554
630.4293421554389 626.3524718653616 608.8530299249312
612.1288239658188 634.0471152720532 607.7198038130862
632.1832947506339 638.9004202189486 607.4748882583659
583.0641276887387 639.859570373759 607.1533973167213
595.0996402313511 641.7166088471788 606.7623578423031
604.7701280963395 644.617202883949 604.3594355521343
603.112147022011 648.1137335007988 603.12821152119
581.7693094123881 650.12498798308 609.1103395641182
508.79250883996315 650.6650443968847 610.561820910433
504.6810349867824 651.6296877828695 610.1895788847983
499.93046420892364 650.6967419620295 610.7194458623577
525.5877932453357 650.8860860830503 611.7437679714315
616.0286491659533 646.3750747494342 609.6498431894306
616.8122077692688 640.1493493444493 610.1519782012139
648.1978086133169 637.326809779493 609.5228537323192
663.3337713551542 634.771200140875 609.181596166125
653.2877589444247 633.101419638514 607.6890454402819
643.241746533695 631.2978585661799 603.2221021517203
633.1957341229656 630.4728255410596 606.4070126310646
623.149721712236 627.4621278238264 570.0232155758806
613.1037093015063 612.9938969237323 415.4838426438624
603.0576968907769 581.9455155702204 458.9693375666859
593.0116844800473 553.9045051120435 502.4548324895095
582.9656720693177 517.0612157021815 545.9403274123331
572.9196596585882 490.0949460879664 598.3695446532817
562.8736472478586 463.4086662855234 626.8337159239472
552.8276348371292 407.93662513403217 634.6929088027866
542.7816224263995 201.18258699378276 641.4860548503138
532.7356100156699 329.3066979299696 645.999908680277
522.6895976049404 457.4308088661563 645.7414925440133
504.80553509290473 585.5549198023432 650.0839477239949
531.0623547865918 673.6850836371166 653.9272830902382
536.1164764031413 628.2875214170354 642.6894265886542
760.2814039162015 639.365075866288 642.6601686069555
769.7360544647111 584.5668813739462 641.5176854081751
762.8920163141856 605.6096252106706 628.2421989334352
699.7317930643728 577.0220508457016 467.7356685239913
656.1044436121995 585.1901107688769 391.158576535753
556.1930652122202 599.049706597081 368.59020342101167
490.4937588941998 627.4477767835773 346.0218303062703
424.7944525761794 654.2955795005996 323.45345719152897
483.9601932047153 664.1131676876579 300.8850840767876
614.8925659766899 654.7577686206366 278.3167109620463
503.917585462273 629.778771262052 255.74833784730495
591.1196224510278 598.5578723419737 233.1799647325636
530.7790666692465 597.4168755258363 210.61159161782226
603.8246827965921 589.2423759226328 196.98911114517557
625.2744257256519 581.147252830501 208.21447225936527
614.9920674627423 569.8084057435334 227.50359237695454
615.8591505723687 559.6793953436218 233.76633615800188
688.3664341107722 556.2902064092475 243.570574227743
656.0885699684583 561.5489738215181 246.71622664169902
637.4470933916068 569.7798629201777 244.80825201651248
664.7262939075729 575.4253464563998 243.7106676695766
657.1625714784982 590.5030901572843 243.66042155762443
599.4246104360936 600.7816798814486 243.70693033068514
608.514370967859 583.2818325667273 220.70398149435312
592.8383149004528 561.7553726654194 199.1434773821265
601.5286317661097 559.4462122723507 192.2007075231602
605.1692032008141 553.3413127234026 194.46188738820683
620.2091136543112 544.964197449922 195.03140772706328
649.7058038368625 542.0306436560988 195.8245889616673
724.922502801259 544.265204283648 192.98882085738086
504.70995142521355 547.1923708411961 195.60326100973657
686.0191782434661 548.7323115606732 196.650561870069
520.3866273904443 550.6856050446809 185.74489551570917
477.3446475311714 557.4700278046505 186.33056083955591
606.9820972477619 563.3079678810439 186.7172994994688
481.02047622596046 569.9233348965993 186.17223324977584
217.08966060891137 560.4380630056603 185.82047458878066
164.99110143446563 542.4485301667911 186.59529688147765
167.4073443658044 517.1783718395059 187.09649319276463
156.61968061394577 491.90821351222064 187.09649319276463
109.5 466.63805518493535 186.590594912656
149.9840146951856 420.8016289092498 186.51162723715902
134.24793119731495 429.7606727628705 187.7994998265901
82.62968373543043 477.55114127466027 187.91776697236918
92.24816382219163 525.34160978645 188.0382958731965
113.81700455170275 573.1320782982398 187.96635390964968
110.80563199344783 639.4466677749942 187.8973094021053
107.79425943519291 609.6417117714282 187.57931655702345
104.782886876938 632.6710665384339 186.5592399666979
66.71226203175894 645.9846487725686 185.94508201289653
83.98902658370572 655.1968990431216 174.97208929181556
107.01059701552256 653.6326430976244 160.6439410033173
75.16849541363241 653.2064467293317 146.31579271481903
90.8020364552581 641.7172805177161 131.98764442632074
84.96934300660013 626.5920200868161 164.5528428211702
78.49988604294731 624.4785192619659 134.77926820273905
60.02886444519157 633.2292407889295 179.25223611028406
203.66645253882834 642.6084158858004 178.89801564019652
400.4806881970201 645.3514789430136 183.673876319385
597.2949238552118 648.0523099066313 182.08033941610836
794.1091595134035 658.6795128895351 182.0830854308
688.7424839753577 664.1360203725623 181.5601638044009
664.6823000572974 658.976932078928 180.86208235504898
888.3065571265226 642.2855578141596 180.32504556969008
731.7521991288777 629.262631265196 179.98402629726036
615.0428854328878 625.3308292239071 179.82795990273195
617.976320683697 625.9658161244064 180.0010566655367
617.7571260950692 621.2222797734028 180.3621364828763
753.3742736685326 616.05489019651 180.01768974068756
850.1984641777503 619.4246468897168 180.38015411901608
676.5860331631277 631.1424852972494 180.57294324552805
794.1745037500245 634.7050378776469 180.76573237204
796.388538020422 610.6118599325748 180.58333735995564
794.9727646745537 604.4155912004726 180.56258989632948
735.704255003973 602.5095988384867 180.7076374467598
667.6958685797458 608.1024081346986 181.76113664990487
649.831517429215 609.8106328914128 182.9783990937987
632.4552137316095 607.2001317522913 183.51123025364944
615.8333484474705 602.0302065474873 182.2638041290004
602.6273569729422 614.9547139323224 182.43937880385738
672.9863219137998 638.8277397787439 182.96610082732394
632.9618001221645 645.2108225663401 183.31964828868183
630.6584690417795 642.1474963547735 183.31964828868183
704.366227606877 637.9861379750168 183.8477631085024
683.8440875349658 639.6180500892701 184.201993801956
685.408613390103 645.4290473601421 184.5562244954096
684.8223282173981 651.9838057351305 184.5562244954096
686.2368393777526 648.9849458377694 184.5562244954096
672.795309493079 647.1285417474413 184.20471340319187
672.2110506828445 644.7996702692533 183.4972751841291
694.2334061071109 646.8146850795331 182.0834246827809
694.8808491256254 623.4839476772321 182.43903091169932
695.5741506171994 621.9749862679921 182.43903091169932
694.383637270453 619.667141101508 182.44623292097017
662.2462364644346 619.7632612538436 181.375990693366
514.8628702312953 621.1723500291205 181.01933598375612
502.89244302107477 621.7527613647133 179.9590231135966
483.13717366706345 625.8886746606202 180.31361568112376
463.38190431305213 639.7649081402938 181.02486017119307
443.62663495904076 662.3761937287179 180.31361568112376
423.8713656050295 686.0981298369787 179.61069010501575
404.1160962510181 699.5139852072548 178.54481230212207
441.29248506599436 667.6153047556711 178.89941307897016
395.5933116368039 627.5734503696407 178.89941307897016
351.197199652426 615.5564404218455 179.25226499933424
361.3759085494373 603.5394304740505 180.31257582454026
355.00317364730853 600.3597727635022 180.66612853548392
352.0271872313608 611.9412410691548 180.31361568112376
358.07406222967063 622.9579751318454 180.31396501895694
334.99416938081345 626.4876598591409 179.61069010501575
379.8703117903328 634.9859942135076 178.89941307897016
404.3957646665164 637.2398762910857 178.89941307897016
360.14586560996577 637.8187344813368 178.89941307897016
358.7486391228849 633.9821754054472 179.25296371872105
356.8567821494805 625.7103182609203 179.42921603045275
252.0178913713671 620.8837686101315 179.25191770243353
250.10408493665895 622.6661649136198 178.8997651999997
222.4704871439084 621.2623092820894 177.8377069127917
232.50051654684285 617.5111335028705 177.66145878213553
233.72586950345544 612.5200928177393 177.66145878213553
181.99520792768112 616.4322946392554 179.2519177241378
103.0066378044772 610.4858379017044 182.2576276806023
188.72677561295194 608.2196220356234 183.85048270973826
347.9623802301751 609.5482738768785 184.92531372144697
507.1979848473982 611.2678205197099 187.20869115805226
640.547924433342 627.6603990270988 187.9204466766521
732.5615145186566 641.2170603165384 187.74017574312364
619.1429956559095 643.008634184031 187.74017574312364
647.01408505976 645.9489942639199 188.09040379562165
661.0001918774525 647.740881834704 187.7434984607193
653.353978645051 648.1242164894011 188.80082096234364
647.3242110641372 647.9956774191364 188.44727752749526
670.2361849989331 646.9236817430631 188.7988347421668
773.385227127576 647.1346459586289 188.7988347421668
754.2668224460233 611.1202486648342 188.09106836731604
735.1484177644707 616.4482192297512 187.73751497672276
682.78443582549 619.8181948854583 187.73685040502838
614.6532060579093 621.8956906105718 187.91379355657602
692.6524717790481 617.6265112216071 187.73851495691218
857.3109686930734 613.7678648886495 186.67786678501676
805.4730279095108 609.4369062067391 186.15005819362347
644.149581809359 611.1785745590237 187.03843819703042
634.2519115719881 613.6377188537224 187.38863359339595
633.6955383022113 613.021410719071 187.21069236803842
665.5787234980011 609.8649440654873 187.57023857193258
655.3252761286944 610.6564158231629 186.69292964125216
639.6909482528888 613.3295647863968 187.564240094845
637.608378940449 616.0318632359806 188.44428884951648
635.5258096280093 618.2921255864928 188.26734632256907
633.4432403155694 618.0592609127381 188.80082096234364
631.3606710031295 616.5054689864564 189.50593658247223
629.2781016906897 617.207820191443 188.80280718252047
627.1955323782498 621.1819329130949 182.38632543328305
625.1129630658099 623.535484154671 167.13442938897072
623.0303937533702 629.1233980706805 155.34681485458773
620.9478244409303 631.1666965522714 143.55920032020472
618.8652551284904 630.108244874256 131.77158578582174
616.7826858160506 629.5500377253583 149.47822060496475
614.7001165036108 631.056732943181 195.05852045950382
612.617547191171 633.2115317496306 199.332916168854
610.5349778787311 632.1903793385023 199.78585208523583
608.4524085662913 632.0558900236771 349.00697974691457
606.3698392538514 633.0791848146127 502.4618345506255
604.2872699414115 631.4179664952949 587.8513300436249
602.2047006289718 628.9460627824658 588.3440426245982
600.1221313165319 625.5564381570049 590.8579131481799
598.039562004092 624.9343913323935 591.8075948913347
595.9569926916522 625.9478760690881 599.1217862383469
593.8744233792124 628.7575049253885 606.131875576435
591.7918540667725 631.1275664109696 607.3264141966135
589.7092847543327 649.9163543195705 606.4266151198742
587.6267154418929 660.337178689381 607.1930783651947
585.544146129453 673.134832001014 607.063692663763
705.9375681439867 688.4135756157813 605.5690433288408
685.9922844418081 711.6252329625721 603.4624049008662
703.6964144888639 710.7150352328488 602.7514293757459
786.4158233289712 708.5327635960257 601.3328444660058
712.31699178737 706.3504919592026 601.1573172917092
767.0020037014865 704.1682203223795 600.1578214349579
747.6244161499767 701.9859486855564 599.7494015644547
716.0748445671993 699.8036770487333 599.6243342465239
653.8332752365014 697.6214054119102 600.2103797836222
697.8842792687185 695.4391337750872 599.9120308501929
667.2788741804009 693.2568621382641 600.0013022347337
689.2676151092472 691.074590501441 599.4294160534124
707.0015750460664 688.8923188646179 600.313618504123
716.32623294188 686.7100472277948 602.0829367044148
657.6536674087745 684.5277755909717 601.9437059697487
651.4164513777475 682.3455039541486 532.2170705175477
649.5550548523536 680.1632323173255 532.2273841572028
634.1787320845447 673.3228585291763 578.381062716828
645.4195969191583 625.4044665961351 579.6701500215299
644.3766355903808 595.9577859710843 580.9127118913475
623.1519759905125 582.7582713771225 533.860714709609
595.9276918021875 582.0057874868401 583.6670407717793
585.114670941374 591.239881574031 594.3197961590557
574.3016500805604 614.3006905584231 593.1667379473183
620.5752934376646 636.000196543887 595.7732337153714
612.0988178173561 634.40206265025 596.0579912710591
618.2949978201617 642.2034632338308 596.567241783766
645.7904072174663 643.7143493428879 599.4416765671635
674.1850866138573 651.1306273494183 602.7356967014837
681.2061260531013 656.1675685056161 605.7760982956731
680.0000407083407 649.3218423533104 608.6105003712516
671.4717710834506 644.1787445533209 613.0942568625827
689.3701988355242 640.9775956053994 613.9357705207183
690.6422216637825 638.7273289602207 616.6949586181813
659.8269075708251 638.0235589023256 610.4761159995799
625.4232230803784 640.273816974253 626.5908050120015
621.987520520883 646.6766650799582 637.4207012824465
618.5518179613875 653.3263114159768 635.7890693178986
615.1161154018921 652.3064918613588 639.5008863209425
611.6804128423967 651.0399334131395 644.6430216926103
608.2447102829012 653.2944223555132 648.2785470214399
604.8090077234058 652.5181989799212 645.1732953400461
601.3733051639103 665.5044023382618 641.9327755609784
597.9376026044149 697.3271209696991 599.9773080419843
594.5019000449196 688.3476677622921 588.5848170736401
591.0661974854241 681.9164799226699 577.1923261052959
587.6304949259287 677.0288648280948 578.4806123850354
584.1947923664333 658.1311321735726 602.3872549986412
580.7590898069378 625.0799948806552 612.6822618082988
577.3233872474424 623.8440631453389 610.330212031346
573.887684687947 625.1259619698794 596.3116829468129
570.4519821284515 626.072211190732 594.2068046355535
519.7844025621341 630.5108658648287 594.4595728875515
514.2112239809671 636.5164045017227 594.5341290983981
505.0339344836375 647.9876180152273 596.6996964984944
503.5940196798847 689.7434060887608 607.7067273630585
592.3417730220308 696.6686802203757 611.4250012000348
533.4309677817167 704.8299440290544 621.2427645281742
548.5384443476155 711.3230630311377 622.6610043620037
577.9521711325988 713.3824651580258 625.0001421972581
602.684000406991 708.6296099035233 624.0054134749598
562.1932396045897 703.7367593748877 621.4206658721725
631.4849179108719 712.2036691682562 621.032185709897
635.5080262825848 703.3069529196781 620.7638515366153
612.8857559143948 696.3992459869398 619.6120284173955
632.1821617088829 688.7838348952866 618.4231760022615
582.1001183193817 607.557632748508 618.8660567036695
648.0625202371825 576.8598836010808 618.4573456902622
656.5207147051763 546.1621344536537 606.5288758086801
624.2464562245168 578.5999189784677 612.3368622015715
670.8539721987352 665.6771951890295 606.6217920132915
670.221837000443 669.0161917057935 600.2756729785006
619.6474046123876 673.9520938858634 598.6198496320723
705.1797869368751 673.5171528966794 598.078327102662
726.2392855757757 673.4248261475761 596.7559721793432
714.7971495065153 670.1472402702066 595.7029208884423
712.0648007088444 665.2903536247177 595.8176884118897
730.4724123071992 662.3427017599395 594.6686024183562
703.8637178020429 656.9493941763037 586.796630822842
674.7379533599292 676.1578572895007 586.925948730508
616.2523607629428 690.1152933051812 584.648498170355
628.0914752011983 688.6504327891489 584.5004071192812
610.1345930072812 688.7294461542936 583.3861769387909
597.2287913863306 689.5247755363011 586.7261230115319
593.95863257514 691.2175617618831 588.3445352348294
613.5725999884185 679.732271895794 588.8108732416345
605.0565612682578 651.6465958882011 588.9964302008825
621.1346742850981 650.1656321080877 588.4212751568141
674.226079301317 648.6697927297062 589.9251672541926
638.0673162773729 648.4336943785339 588.277765384169
629.2778861926176 657.6183147609554 588.9696511705845
658.7445290737054 656.667724195426 587.5681354463273
633.7295086846789 654.3128074552722 585.1808243034902
595.856993515393 654.6286353748401 583.953739605018
581.3493208956761 655.824023203362 581.9159200095221
535.7757216572971 657.5337616856308 580.271925508596
587.6665653194636 660.7424962304555 578.1225258067776
600.8200055937511 664.3541186932737 575.465452278774
604.8609298376261 667.3324838618943 577.0963268752495
563.6077678183035 668.636298745439 574.272409723605
570.1356624062246 704.9192286937647 575.0662409743848
605.74886914227 698.5005297778798 574.9022253901915
619.1591435256163 695.9104908739603 571.1443502952886
644.7480822817578 693.535444238538 579.162250251261
638.9769994873402 691.0654189624479 583.9798155191874
642.8516441026813 690.1830092783714 584.9461689949253
671.3436004164093 689.0800652751882 585.3643521951343
731.8004961531058 679.9641151844693 585.9915208906533
707.394942545627 629.8515749194081 584.379389464971
708.8767124445234 632.350575234972 584.6502127546215
661.0597610190853 633.9878526365563 586.3433049604171
650.7166328005861 635.7840850229559 588.6601063084895
684.7904814597536 636.4866455786798 586.3615046420764
695.267819786495 649.1111092844811 584.0429656085892
660.7052757078376 660.9322193420528 583.9576183251658
748.378961945302 659.9776511367638 583.4821104763054
690.0778783093831 657.6179365884982 581.8096904295139
676.0105960087276 654.6285206130268 580.437119764062
707.7678738955726 654.4864398900867 579.5802360329413
705.9199442012155 655.6866629724902 579.7944283292659
656.3318550527 656.1908988288827 579.5006226851757
632.7881359552714 658.3687392330926 580.7662792643702
620.9144780521959 648.9008448912799 582.7366227988684
618.8379329012771 633.2382253129642 583.2125788536389
616.7613877503583 632.2905981014255 583.7581032058499
614.6848425994394 631.1047852773737 584.5040833442943
697.2017366511462 628.5995565779137 583.5849315775321
715.7052884450839 626.0282768952563 580.9573090031199
650.1193657942315 638.5951359656407 577.3713111222219
632.2998889438636 644.0623074263273 573.977649217074
625.940980817388 645.7816968604793 570.795153331756
619.5820726909124 645.631473830079 568.7477166904557
613.2231645644367 646.1876662394602 567.8693786209321
623.4147303777397 650.4433817653444 567.8414999080721
700.8589696747028 652.9899250285569 567.099268197896
703.1395033068156 655.6770526874967 566.3585436805911
671.509431248807 656.4452739268622 565.2454602033173
657.0883483320804 657.7897820349106 564.5865470224985
667.2921093195037 673.6690649252669 563.9790153670838
669.470707518223 698.2340114395142 564.6171269099087
648.0670342626506 695.3641132529058 569.3641537879289
635.5212639133985 696.5136394931545 572.4419778184663
622.3756281465178 696.8016812571852 531.935697654658
572.3505635228873 694.1744712548775 479.75250256082023
536.0314241539045 693.1314810337213 390.57490031539726
499.71228478492174 693.0182794067421 329.6394711794503
584.8815806959556 691.80241824744 328.3119305494257
613.281838868466 663.881253384461 334.2371371624887
604.1179886050089 628.3526450388325 318.8706337628111
614.0591479530533 610.3729697201661 303.5041303631335
567.3406610188229 592.3932944014996 288.1376269634559
640.317754634549 631.4393763208712 272.7711235637783
624.4303082603017 662.2270834070366 257.4046201641007
655.0084310318098 658.890329896187 242.03811676442308
625.2186498717729 657.2812538801261 226.6716133647455
632.6185970676331 656.8373875491965 211.3051099650679
640.3509839777886 655.4026284441256 195.93860656539027
577.8654807450293 660.9526399144816 191.88962598966899
610.7671481350172 669.9124232333102 208.07862182181026
582.0337893140538 674.0573833446401 207.4563200421797
553.3004304930904 663.3495370082046 142.18047779158354
535.6512702311114 658.3854162960465 112.8493316456146
621.8671797230652 660.9654444861304 112.20952297846779
593.1245500914633 690.861677710751 111.56728786697039
583.4165604211983 692.0585235368466 53.235009430422856
591.3352010855035 695.7077321635379 53.911591143411
591.4850531082343 697.0650831404716 52.58565216618483
585.699279143778 696.9543110110773 50.00999999970011
587.519595466088 696.7074276244488 48.52319033204639
578.9319465189019 696.2160451797465 46.100786321959376
583.1299038419797 697.32668097528 60.58782577346754
584.4220468981398 696.7487888659816 65.28391642713049
582.5281928481954 695.104693607916 69.98000708079343
585.365705420066 694.3495308974473 74.67609773445636
584.7282198936914 691.2376599919826 79.3721883881193
558.5379010643444 689.5255401107831 84.06827904178226
657.0721586947236 689.4733393557074 69.39374087381307
645.0848769248832 690.902766357757 58.55672185542754
625.7531700430673 690.902766357757 28.049000672350743
625.1640741675749 689.5329915235923 25.279962803782194
537.1751723548948 654.4471126991812 19.813394838468007
542.2775500591968 628.5230223901223 17.283388108534258
546.9762923216167 602.5989320810634 22.109311525557523
551.66225918094 576.6748417720045 30.96133305102753
548.146144749014 595.5892691833399 34.88628092622404
474.3865288980114 646.193946306999 36.48314560567091
538.1474880445153 661.0919749270606 36.677001288507405
601.908447191019 662.3812992182477 37.83295057713717
640.4147677869682 661.1677750592572 38.34756510983965
664.3306120182659 661.8337107151408 37.69661109422365
657.9719785637695 657.5320431824409 37.70175641599717
653.9767650172179 656.0048770701237 37.179107745354095
605.4356944549215 654.8484557514051 36.68546929942589
557.4984125951436 654.8484557514051 36.007587171695164
556.2869248250474 655.1017129106643 36.11423171407465
553.5665700019438 659.2832902104333 38.361954283752276
556.4445483942014 630.5296103209675 31.71962472303435
558.0432330922041 635.0818985313186 34.90699454787081
555.7944265058682 639.7915208608911 41.84295560988922
597.3207255665238 644.7950746039769 45.152179196383806
612.2772758087201 651.4709786683002 47.76312161212071
513.4441004138475 661.560604172237 52.50975188941001
566.7927247901255 681.0840181671401 58.2494635168428
425.18507336167045 671.6523924775838 55.161098525349146
380.1099982973987 641.3074736616692 55.10444628158421
366.0624995951954 637.2359482809459 30.422027050735196
357.51957988339603 633.1644229002225 14.014939931910536
359.254784240934 669.950416600513 13.601918773319516
347.19302987200683 639.6156943269293 12.747548783981962
360.41691758713876 635.1662299608349 12.384182032076634
382.98877353575085 632.1436915777343 11.479453522116678
366.82580177593377 629.1211531946337 9.250252100314746
620.4629126119996 620.3327494484607 13.104264849393585
664.7497516442077 612.9506995567858 58.886354041115396
616.489670726821 602.3730857211733 221.05602489420042
612.9929575710128 595.214915209935 383.2256957472854
615.8733636065128 520.3702287934024 519.7939933928016
615.3342238704985 483.0828254113983 575.0301775796206
610.0283331909775 574.375335877928 610.4067347909855
609.016816724866 575.8955309783657 597.9808936553359
623.0638193672585 601.1528382420925 585.1021595838383
619.3702490600319 637.282278151182 582.548987126398
591.7609780178173 659.3860643244033 582.3382441619228
616.5252833736087 681.4898504976245 582.3565324368749
618.1905787906956 702.1841317690198 593.6241030439087
618.4265457833883 711.2559356093357 601.0432742285532
617.2241001345858 696.841447345439 601.5312396639158
621.8833859512209 681.7033894447761 600.7048629286253
523.3039796328417 672.2108406832142 600.0854105875263
497.0419724808879 662.5611921327429 600.2170296454638
567.224610628596 654.5931918413728 599.513701146669
546.8750538858486 656.4039910800254 598.2584712001267
583.9871076387543 661.4127432443101 598.2527293344793
595.2649627179012 675.2178243505407 598.8037519436791
598.7011791771848 679.8894811473763 624.4212534570172
603.3639052458884 686.2865263265306 624.6076041572062
610.0664427386357 695.5394829469197 635.2246656099751
617.8863400535884 646.6976262872283 638.3188988766025
622.3975719605374 615.4907535893004 641.3216300759357
617.099416011843 671.4566018051552 640.3363243441984
616.2896170803803 664.9528174482231 641.2434659167757
621.6091945536991 578.3146842982106 635.8421165702284
619.8085875676404 563.5098484759175 638.4039228968065
622.1397164678526 548.7050126536243 635.8244504252434
589.9245583473389 594.6059453066077 655.1027756226247
611.0286265045952 666.7071126141477 655.3506694892437
630.4057570124544 668.1124123085272 655.0659653374963
600.7301946813511 669.1344301271415 725.810186056684
616.5450686816718 664.1305071658808 652.443959429611
612.4122578229523 663.0110014489642 716.0154762978276
614.4201711391217 653.661504397506 640.5497267328528
611.9367554216658 652.7351419434076 607.4459456385179
584.3646651446252 653.7770923537332 603.2787543933499
591.3589543447658 660.2613090571737 600.4385896992297
593.6750000300297 670.9155614492233 600.1736364972589
592.4663670236087 694.1428325352144 600.0793885710125
599.9874296267861 699.2862607030576 597.4156291743732
571.3337649927744 698.2214906460557 597.8488370798216
289.09344793581937 695.8408582427451 599.4073975152444
192.56206900620748 694.2406409870518 600.2886583535233
222.3489722067104 662.0346588848893 600.7327867576842
239.57077654044696 659.3572627946097 600.674730104099
166.2097391539852 658.6017385339944 600.8598006190796
98.55977797287878 657.732468409459 600.7557649965494
80.74022012617623 655.9590398526409 600.3885664678207
77.73692404485894 655.4215528468137 600.2886583535233
153.2626961587897 660.6006727143504 600.4032508669674
73.93866522325122 668.8544167822718 547.7662245526841
87.62843826285875 672.3586061346398 540.0034772096233
132.08628941831057 667.982641276574 538.5190218104025
153.59790662540922 662.8957128860565 538.750161423618
175.10952383250788 661.2451537950614 538.1693635026693
196.62114103960656 660.2330136608207 537.0647857580889
218.13275824670524 655.4813063874049 536.5414583600793
239.6443754538039 650.6017643202326 537.0353833464493
261.15599266090254 654.5924442531833 535.6465590258554
282.6676098680012 658.4577607808291 540.5317696147267
304.17922707509985 660.5613143380408 554.7238716782595
325.69084428219855 665.3390826744101 559.9706614718409
347.2024614892972 669.9076475159397 562.8591181554482
368.7140786963959 675.1726445822916 564.3728616036334
390.22569590349457 680.5800864941316 566.5767433116164
411.7373131105932 688.8123860716619 567.6330470702653
433.2489303176919 694.4542802444843 565.6700183101268
454.7605475247905 672.1306911515122 565.2453007323458
476.2721647318892 680.3906207978681 566.6776281706776
497.78378193898783 684.2968288923641 568.7163122101203
519.2953991460865 683.5972237083149 567.76183115696
540.8070163531852 680.8011525781992 568.0269886402207
562.3186335602838 678.0433984932324 568.1064820108859
583.8302507673825 682.5697733979026 569.139816962004
536.6764761872512 675.6123190841811 569.3780116050197
563.3746315533839 664.7233218765567 569.8021586480697
577.308767875146 654.2073733837917 569.1936223145256
597.6242964389164 643.0279931698153 568.2649030161901
630.2632897593597 632.6235057283282 565.6197649551113
662.9022830798029 628.3903779405559 567.1723723877953
654.1327971057497 633.0063108364195 567.6957812068009
669.3118636368246 643.6789171010432 571.774124298641
662.1108222721537 658.4329906293967 573.9070445204768
677.3054686250612 673.2287182827253 522.4278306075068
684.4607004958744 685.5562757946465 477.41669227134685
702.7069830510676 690.2140267636559 482.1291228060893
707.5031805394474 673.5572152099916 486.84155334083164
710.8887171063609 671.8355108543578 510.44111906322814
682.8963653086087 663.2212956891419 581.2177315415616
681.9657047680696 657.6739278079206 617.1880793949172
681.0350442275304 652.7686089620014 617.4595145125722
699.8108814826405 645.8275168523674 617.9115577067164
672.4673010615259 639.4311137354778 616.7941524373218
673.060010556982 634.701245496814 618.0031226473502
699.4967215208628 644.4196943884348 620.8014559762645
756.0348150619634 648.5203571981259 581.854621057282
781.6153603924197 653.4410564912489 577.1650460404408
789.642037624641 660.9332389922449 572.4754710235995
770.4904996421232 667.712849848559 567.7858960067583
743.7133961104224 668.7376167077788 563.0963209899171
734.0580680967298 668.9293716296309 590.8707783663285
724.4027400830372 668.8776800963159 611.0887660261961
720.1784085595589 665.6186230928395 610.2519940351644
725.4588403859676 659.1604127656075 610.6549541518557
682.5037526859568 654.3419650894151 613.7970036948236
626.0925882341729 650.8149955050901 614.6024373261171
649.716285875661 648.0123455614098 615.3715837982145
612.891526927916 647.4251261454663 614.5464413352558
588.6152190994973 622.8005219086855 601.3720219128925
585.5691675626373 625.7055289843317 599.3808991128956
584.9480220950334 627.4081606099812 598.0697624972772
653.9688365552869 628.2055069844107 597.0998896782637
696.731223377557 638.6051970490255 595.1102761554384
712.8129536409513 651.3088744981139 593.8455186325817
713.0515808884895 651.9004986748666 593.4090574819902
714.4889782214979 651.0377581771182 592.4850209077019
704.863101723045 647.0930503541265 593.140325366659
794.4889426580789 629.34516090236 593.7956298256161
861.6825482837301 608.5926573696164 598.6697742310248
798.6996255898785 604.3613852747917 606.3404571375311
782.8222341261969 615.41144611 606.4634889616498
734.2579324517458 641.9877779600158 609.9357397667545
689.0632586391623 664.3806221712227 613.024008020067
691.1084707438545 644.096484606099 612.3393611377588
705.4301981862503 619.999077116031 612.3358903527351
700.4797030673813 595.901669625963 613.107657756776
643.6160638619881 637.7108054736923 613.6232428550978
588.1915562595032 646.6847717675125 617.6823063986894
597.570531956449 631.6745003089744 616.3079027383017
653.1156338930924 623.0700201675209 614.7189379763441
686.0867619044532 621.4087389776198 614.7668257152462
690.8399475984725 630.2823288688169 615.5855244309596
661.0319784333731 638.6411257922948 616.0606444249624
663.0306991994084 636.5164962512755 599.1064526788316
645.9259425741798 633.90658085219 599.3734637221206
630.1378004656656 634.936542153777 597.0832183079415
636.4283614002857 637.8723724976486 595.4284697376208
622.333905318295 638.5710514979777 590.4534790935961
591.7266700965107 637.4145040709382 589.4219626040414
561.1194348747264 634.8029746778213 588.7156402655864
560.7035483578816 634.0005835086461 587.8796791483536
578.160812192447 637.903793686791 586.8377296309851
606.653793725002 640.8372200427507 587.7387643733721
552.2869050058467 645.3480823706527 585.2412505730118
584.5970704156587 657.7344126033295 577.4766916750481
572.8760464181305 659.591777221007 576.5216441630673
481.4791514006211 661.6949050360482 583.8615671729809
494.63960565933456 661.7587533326475 585.4579333790292
528.7576911400818 659.3933723101825 586.6415004071907
516.9179630166215 657.5490439992566 587.3365873620722
490.5869127625722 651.6022522398675 589.3455150338075
458.6930920617584 652.546395881458 589.5518808723568
444.16264971699684 653.7121502381788 585.6641544008422
426.88956943139397 654.8779045948996 587.6193495793003
412.14351543349505 656.0436589516204 587.2072293125193
401.86876134785507 657.2094133083411 587.4908369366289
410.78150004292127 658.3751676650619 586.8246850158969
377.1746993840732 659.5409220217826 586.5106137294986
279.6375538112669 660.7066763785035 586.8774186175435
242.629029744481 661.8724307352243 593.4852530823277
219.96103785362249 687.9169365083847 593.1474310051906
226.29091160219224 678.7672308162024 593.6852704274164
222.07744845576673 626.5681549984928 594.5751745853286
248.11772358776872 597.6306470009745 595.4052148914014
218.46959294443914 587.9372851553138 595.3339399026398
224.6096960869948 614.7678734212809 595.5416289943475
275.77172807243295 625.6879542308207 596.5804639778275
249.02504421911493 619.8484056928601 596.3029204771726
328.6233845128084 617.1561364401125 604.576134597975
464.26830023948025 608.4359555484154 613.863254246363
580.0329598147181 601.2792213399969 613.1642477101042
583.7349608605525 595.0199174053462 615.4062313282286
608.274816505331 595.7024861528907 616.2487619745361
596.2597736275086 595.7214115155454 617.8686879828376
600.3635865961678 594.3876710060979 590.3860381407248
605.5099971577423 591.262587587645 562.8307787912606
655.9550183725453 589.9296568235911 535.2755194417965
647.6782063605216 590.1595123354363 532.8251809745507
646.0864877624776 586.1486586182724 621.7257870879957
661.3700553847416 582.2674214338364 627.5154380685184
674.2004192570068 577.092438521255 624.3988895029206
671.6121322052585 571.9174556086737 620.3125396276816
675.2460342022863 566.7424726960924 622.3266627761303
675.5336322760572 561.567489783511 620.7904505026959
701.7614922496773 556.3925068709295 616.9726249604937
675.5343015879191 551.2175239583482 618.0852934876212
677.4445418983967 546.0425410457669 623.2795733895734
678.5889944166854 730.7330551367704 629.3841169521679
709.9123751005955 832.6274963099858 623.4794365767693
664.6492836922921 719.1873678018471 624.1354019762058
624.086852338884 670.610666430882 624.0542792250521
630.287782943951 645.2534666322106 623.9731564738984
626.8263316102795 644.0549251606137 623.4472712266852
639.8225638585297 651.0872259497523 623.4472712266852
644.8505759161287 646.81760649493 620.7143312661406
640.2393217077497 643.7344173250851 618.5897215152401
633.5072419799967 644.0449936365105 620.9265566804472
592.391638224938 643.3472194502558 621.2521936954254
608.500027992108 644.6110899551368 621.4649976454398
656.1731982461822 645.0707308445091 621.965980168603
688.3155892633181 644.7515593390435 622.7298772341022
702.1535387625102 640.7373256752508 616.3816230862526
710.2648676073962 638.522420691379 614.5686405392648
703.5764873281181 636.5180765585327 611.3971952361317
684.3592239180148 638.1777674760222 609.3415012320877
677.3717416797181 640.2105742108346 608.5772873342962
569.0299012914309 643.5099547930429 606.3466951468811
318.6208701731227 647.6889836609299 606.0924021962328
306.10183386623964 649.4712327472356 607.2077486330359
301.1087849344249 650.8226348622139 604.6485952509431
300.1054134427235 653.0629988882945 605.5848412898064
299.21605906100694 656.8667891566217 606.1940695849803
315.78668917793493 659.8503025370203 607.131369639224
205.04609980705368 662.5053221377088 606.0159087128827
228.68422241998266 664.0240361324047 602.503900784026
235.0052134517145 664.8023380886352 600.0119216477539
231.28685602122152 663.4431089971038 598.3490230910286
188.0695210378172 643.8035680237839 596.6861245343032
204.93264281059538 620.8553228949015 595.0232259775779
179.6202781522018 620.408267680396 593.273754431369
179.56012050245323 618.5890030816522 592.4086427458668
161.99666437622096 617.2465887245476 589.5671498344941
166.26177492218488 615.2891562723601 497.2747964319225
179.11724687788555 613.5512040282969 437.1390050677704
241.96922086238237 613.1388505061476 456.4703329180201
242.9917847776265 612.5744292971253 475.80166076826976
249.65213899678832 615.931280601061 495.13298861851945
239.75982485391063 619.0395787023638 529.4911188342596
260.28471515617434 619.3442096282164 586.9167816435552
308.1547632240763 620.0454879176166 669.5172124228511
364.09692758277754 619.3442164062863 633.8521605738199
390.39723712831744 618.9479727702098 627.7533367440499
388.43716267332593 617.7305167592242 624.27393335824
392.15111883048354 617.5202425831885 620.4813280060744
393.3768314601691 616.7254998660034 612.1780986947315
376.0070462762517 622.6162231056663 592.6136640043037
409.94528519811126 638.7090579903006 594.8951471338266
390.2177275990708 642.2066731842326 611.0218739500997
391.8651982141255 644.8010077464289 610.988830953816
333.26938479493043 646.0001934984231 610.5647144218342
361.1766019415317 647.9041136386257 615.5718836074238
357.4650545299791 648.1084014267983 616.6296354288344
330.2354099087962 648.2201338222662 616.1910606363504
328.0142662858842 647.7287240813085 617.2427857361758
320.99878038170243 646.8185603397602 619.1273553698337
306.7227551248395 643.1085376772575 619.5660834883784
314.6606329328443 640.201015629163 620.5152352811107
258.0919471308533 634.9028396585529 625.7188507640634
262.9140460988776 616.8998831822496 626.0635808697322
290.59886150390105 602.4953801928009 626.5418698538219
303.834146049564 591.8564065209903 625.985614324316
302.6779043411477 581.2174328491795 625.2955942795954
229.26379575382538 608.3217465083094 621.450498964332
232.22941292440936 619.9600693065221 621.0952020423279
195.09263014201963 627.4214699514797 621.2252876998181
285.35562699277557 629.8172334400647 621.4388489882324
411.68635475465106 630.4734313364894 620.8818041572308
538.0170825165266 628.834219479661 620.2412836953051
664.3478102784021 622.8412456716061 618.9502931691721
645.9396891931668 608.7156477435072 612.1245362387803
604.6093750557214 609.3567489544293 586.4836390218569
616.3055476648883 632.7822938327679 560.8427418049334
647.9245505920989 626.676950270233 535.2018445880101
618.9767597419439 619.7412784434647 543.6178888077536
666.3064150835854 621.42311387262 606.5595480554387
634.5952926365369 626.6614787818871 669.3892708698122
591.3003056653187 637.0844970755716 632.4857694097843
583.0271759822756 623.6148428278746 660.3882695856629
632.1396206535388 626.4134891521919 635.1990860758824
621.7512315043402 635.6425070336697 623.6320488387494
649.7412516484137 643.645865363866 618.7970108819941
633.687899240892 649.8725948432472 618.8308395670249
616.6386776475299 654.814272743296 616.723659165754
636.2075734088932 660.9282371193681 617.2367860067966
624.1562983023211 660.9573800322241 618.6150104309363
655.0732996099645 656.6318951775861 620.0993629085123
664.0211761750367 653.3624588529096 618.2876609939588
687.6072578606775 645.6192337093266 619.8871070656328
683.3426655531534 639.2512298794654 618.0141364265344
646.812143241933 629.4411402505457 617.9065484281391
615.8940344904036 624.1501437070459 620.153669373873
613.7539291939979 616.791217394833 621.899206739607
654.0106416974658 609.700262553218 623.6127590392699
570.0814664221671 603.6192922695562 626.4139882704521
561.9058067965102 599.3151665252035 625.0899896026257
569.3781080273388 587.3031414321188 625.3403334609968
633.5511933668074 574.2561462658755 626.0597538623149
588.1505217612373 572.8935180699016 626.7979205145307
586.1239607109255 572.2251660142297 626.3658284622775
580.5322440741581 571.8770222821172 626.5277835791346
546.2483840924831 552.451497892861 627.4276100868901
535.6853618413207 538.5968915836959 629.2272291078921
549.9118385842041 545.2050179736236 629.9111670930516
537.5655030778742 575.6950312507631 630.5231700949143
550.2371177029554 617.3687188250141 631.1708855289226
560.9073446856355 627.43005673874 628.9011130585933
623.6232066898206 633.144811072535 600.762793997972
564.3056521834545 638.925073854517 588.7148001833693
580.5343777072026 645.5357734420936 576.6668063687669
575.6369692399014 650.5094657897293 564.6188125541642
590.422124997613 655.8528785996166 552.5708187395617
605.0831778382033 663.0214079369891 540.5228249249592
596.9768023766868 667.9314401677871 562.246576653846
576.9966980067887 672.1698759879358 630.3766754122764
583.023969069457 666.5882195610241 626.3400520330707
601.6500449835746 666.0818701195813 625.3445242831465
609.938003217354 661.2951806057256 629.0554171346581
590.3229663064034 656.6617670764813 625.2912854173271
567.4372901611193 652.763033626383 620.5362141699876
583.516896988258 650.3873598710866 622.2345145497098
566.1522031110927 647.6849550386696 617.0107038728058
543.1046609604209 644.2887590960229 613.9499471202091
489.74668828153926 639.4956367781781 669.601183485965
426.72970778795633 635.423224000318 603.8977454928032
327.92209232612026 616.1550776484917 601.6952442609733
229.11447686428414 604.7422175803547 593.293468839603
520.5139338646625 596.0390087905321 591.170116909858
527.6903957268942 585.6674860572662 595.5310655205151
534.8668575891259 571.3304647924876 594.6730084231338
536.8885500875961 573.170546568062 594.3139170930601
646.9413386919393 581.1397427192998 595.1894442307218
736.7514253373605 586.7509633316922 594.3553315574425
762.4734262913212 605.005354827216 592.1204103056926
746.3160664186444 628.3052349381538 591.2999214024791
901.9040703792882 655.7305948136739 597.4216979263196
805.2181384567323 681.1549055745538 595.4298353647913
816.1656999199131 697.1288549749383 647.3695382927996
751.5315345203709 699.7871904776099 611.0484063677322
748.5246174988426 690.8411192473048 597.0039472695291
744.5671724378929 674.5857988490345 596.0794331481443
743.3057754752771 661.7877411844842 590.2611978250461
741.8898327404223 644.0712513809628 573.8372209685872
814.8556542192289 632.4408695119048 573.8574381198039
807.9274171131366 625.0973155676797 575.4307760690231
806.1304500662995 624.0724367658111 577.2266744277354
761.6169857499269 627.5389668553576 575.7693214030348
795.6776340644751 636.742160611743 575.3045924274232
802.5588275309344 648.5898923567902 575.6150048080135
653.415971139866 626.9851535237572 577.477445020196
640.4498675201572 601.6175771255213 578.7824095931171
625.0453721471853 576.2500007272854 578.8490657951643
668.5843626706039 630.0977014465739 580.9889034745249
679.095334991539 642.2816033745255 581.4509094257885
671.4958641918097 629.4900982796081 590.0644133890921
677.5368993867667 620.7255015308722 602.6586773090183
652.9052132667184 613.4528521302163 603.1386302399561
654.3923019868851 606.3466417817451 607.6771993915561
649.0347938562625 609.0341943088574 607.8043540053249
666.0177439828881 613.3002386986492 610.544178668693
623.5090641757711 622.1406211537837 613.0776526513503
620.7487334135151 637.5838420141573 612.7101569289298
618.0878296315439 641.1443792796771 610.1160367705241
618.1693259414664 642.64492528923 612.2781288676401
611.9928512654376 637.2854886129538 610.2623030498792
613.0231915353683 624.526546062885 598.3452491617176
613.2813618212073 617.7890022945317 563.8071130703337
609.3344971456991 610.8113986271247 529.8089497099539
610.1084457604927 606.3912864676013 495.81078634957424
608.5775366689037 605.8721525354767 563.8458351522794
727.4825633376704 607.6462786852233 608.078874982019
651.1241665982056 611.1934113882643 600.7950450880442
649.7664616840866 617.2800963668864 596.0548306864636
649.7403678410926 620.4052162942883 599.0451520156503
650.1925153473971 647.4488169962962 597.0725520434796
649.5024583600707 650.9322673356501 596.6436577202417
800.1063679828526 645.4236415812744 601.1082377613977
806.2483277048084 639.0336325533244 595.7385208601204
692.8441184861622 633.3819152307865 591.6349664598433
694.5626069682269 631.8830983655125 591.4972881285528
755.4138440730451 632.9942691496084 589.5997061662426
748.2342198605684 635.843651438176 587.3045092966765
732.1001634734578 640.1205474282968 583.9248592830915
668.5040519244511 643.8582106225435 582.9025336956138
616.2378091047017 646.2392319452254 585.2605171400025
582.0003235440321 647.0007727970656 582.0332366594591
606.5231811954437 645.8873740831291 581.6922754475888
603.0649720719359 643.268676691809 580.916762302407
597.3511625520234 602.2244257977331 580.2346508094807
594.8456080319236 601.5257683590953 580.7625450784517
602.4699687412809 599.4382787243404 580.9796751118591
582.8621629109383 598.286093771199 580.2318556218063
606.3762927979164 598.5738610981651 570.4177570344154
648.3465688289897 601.1748913585797 582.9950271520956
636.5518465042002 605.3421769719039 582.5939547495285
631.1039358454941 630.6680065637014 583.0271759822756
632.3322393044384 643.0493008064889 581.8471119428978
641.9709971316975 648.0435942126117 582.3138936115133
632.3172035988841 649.6108450449392 581.9145646912364
610.6196073204834 648.9077361227866 581.2059017411552
622.9308242917755 648.2803419078045 580.3213421117725
639.1717884703066 642.1175852717192 580.6361995681798
638.3506622886565 636.0871591846085 581.1242504853133
613.4828748874265 630.418022290019 580.906296388028
590.3897403812623 605.7468854178271 582.3217131242852
602.096633379097 598.799215096346 582.0491817707504
612.8616534298726 596.4128184403819 582.0491817707504
604.6485216253891 592.8096957805857 582.2407464593414
575.6616253015003 593.1714223518883 581.0281468980559
628.8039993042369 619.2789298323968 579.9813568871614
636.3736670145247 640.8385918776692 580.225238524515
625.2645812426363 644.5405310363283 579.5710136110786
614.1968761837454 646.5077339057901 580.496554684005
624.4871807849051 649.1658108680709 580.5519446701669
599.3196408969193 648.4606772966268 582.1989643125341
581.9721750780332 648.5678453330846 581.6971928564046
586.0624966673777 645.649011046573 581.8794775620902
572.5409308474759 642.2986695916403 581.7553848175644
569.5263658950487 639.0091159904246 552.8074990342241
572.9481283587543 635.2374769400503 534.8986479926864
530.373545232723 634.4582334559148 516.9897969511485
560.2645133180322 635.0118109137813 499.08094590961065
554.2194058638505 637.3486094752227 499.98219307761485
544.3904915555211 640.547621892135 575.0267891325586
537.07154595973 644.6371032666666 586.6379240576803
519.916575271998 646.9722931662035 582.8937384683104
623.6484216927681 650.1143004103899 581.5345316716202
626.7729325729522 650.9634049362495 580.707966292298
627.2800590296653 651.9916446799084 580.3434328050935
618.7678875193773 650.3170380668186 579.4215292764823
596.5861656954537 649.9798042803967 593.5783620441505
519.3818098415941 648.262867470181 589.6553240651763
551.3059863982173 647.0383329710389 587.0741009446763
566.7277614113414 648.7502317220547 574.3879895841737
551.7211190485505 650.6897540286257 527.3385786366164
528.2520811767837 653.5231509715782 530.0250342281597
535.241390853862 608.3080649666836 530.6811926861837
571.7350071915986 585.1729073538386 531.1662720093665
513.2643639652305 603.248610581134 531.3465181114856
402.4528000009351 621.3243138084295 532.0467387758106
413.51490698944053 643.5406069453247 531.0378988358552
431.80580130492604 656.7027407194706 555.0940622322844
413.17354555150786 654.9007426484518 575.3408169716423
400.5721373077738 653.5035523514111 564.5684631299166
387.8076232914365 644.6219239123081 562.3350196008246
378.9754509257151 644.4138202051877 624.9006686168644
362.4518459392061 644.8019000450583 562.686485840871
346.42141310354975 639.1013236419508 562.3402939140719
365.1103028639685 634.2157729409843 588.8940366418778
374.9079146848468 631.4456784697301 598.8391961437706
375.6224246964217 629.4547243448094 602.4757312543702
356.5743445214641 630.1257810945367 599.0890623688156
260.39970501394953 631.5280941410774 599.5198981370646
264.8192792258616 595.9688089630828 601.8751700193711
264.5453647297567 595.3273222907007 585.2529416970619
260.28532813661377 594.6858356183186 557.8686267456017
263.3112007584167 604.3401550198411 530.4843117941414
182.3302599874283 635.1956461645391 539.7382919909919
200.21745928306729 629.6104548425811 586.0994913656607
194.53268154094923 628.3941475407614 602.8109413555403
196.33043449472348 624.1570895606103 610.0682155257451
223.46913167275275 626.2124824432235 608.5384775136681
463.2242374447877 627.7298204297094 655.4609564312416
656.1461312042045 629.3101021806524 648.600136945362
613.0369111909392 635.584447559553 606.851282808288
577.1532709814296 637.2191766972054 609.5970806182245
584.1320306642422 639.3643286634702 582.2366254102612
565.1176402709268 640.2709387288357 548.3889050909839
558.9007780568647 641.663852807683 514.5411847717066
563.0096622976862 641.8632870021665 524.0280506385973
582.5161026537814 640.4784805797215 588.5340397371524
582.8711077137567 638.7940713291216 602.0996112863138
557.2225972384298 638.066477488705 599.4694015535517
578.5291863071451 637.009180150287 594.1778598838553
583.2968903083531 635.7358102604398 592.9141383123904
629.0423288042891 634.3825495528206 587.2623036959022
624.3114134426486 628.8478790469813 582.9103166578102
641.6210703753261 615.1620441964326 583.9152305686366
618.6918849198149 617.8758235550736 588.4269120356328
628.2396443706842 620.562610501956 594.3345108349816
675.2136225655304 621.7457082967703 573.8568540995109
714.7338134968852 640.9669881608763 437.9058103833531
721.7582744266979 653.518098004008 273.93950528839116
728.7827353565103 652.3736484053563 291.91276128705715
735.8071962863229 650.192888542701 309.88601728572314
742.8316572161355 645.7429975216038 327.8592732843891
749.8561181459479 644.4312885208035 345.83252928305507
756.8805790757606 644.6399306661017 363.805785281721
763.905040005573 644.4363816545432 381.779041280387
770.9295009353856 645.8213762333978 399.752297279053
777.9539618651982 646.7822276469878 417.725553277719
784.9784227950107 648.5866729557847 435.69880927638496
792.0028837248233 669.9538712542898 453.67206527505095
799.0273446546357 667.158526888475 471.6453212737169
806.0518055844484 668.043826412186 520.4594832134809
813.0762665142609 667.5599224039742 551.7224678239284
820.1007274440734 660.5703725603689 584.345242113651
827.125188373886 551.2481541346557 560.835775916119
834.1496493036984 521.6580355748438 559.960306472156
841.1741102335111 492.067917015032 588.095787341121
848.1985711633235 462.47779845522007 601.7605342907551
855.2230320931361 432.88767989540827 602.8307292469422
862.2474930229487 403.29756133559636 604.6513282173419
869.2719539527611 340.47663369585683 603.0958390705268
876.2964148825738 537.6674224100259 602.7079512051318
883.3208758123862 563.1440685008123 602.1494530590779
890.3453367421988 565.8792478807635 619.5729176560815
897.3697976720114 568.6144272607148 596.8576910388706
904.3942586018238 571.349606640666 594.8887496256971
538.7101081002851 574.0847860206172 593.1894932384921
684.0331783769219 576.8199654005684 592.4650784500625
675.4246678428633 579.5551447805196 591.905982261544
791.9150325899097 582.2903241604708 592.1471523194214
707.5285758253805 585.0255035404222 567.3212436233621
743.0216868682428 587.7606829203734 568.5276310418162
649.1584168824206 590.4958623003246 569.212335270259
575.680478195864 593.2310416802758 570.1589935348213
539.1170921448586 595.966221060227 570.105220162029
502.55370609385307 598.7014004401783 580.4895979700694
654.9917097292002 601.4365798201295 588.2883450750037
601.3712976205725 604.1717592000807 579.9435314612213
583.1328157769171 650.5754189077572 609.9181353911888
628.7398988237858 692.3021356084225 655.8556082734317
624.9704150499217 680.5876823266658 648.7879282180838
672.3890285128514 670.9971432384677 611.127650013817
734.7853889134589 665.2537364855764 602.9143963585354
796.6687177258473 658.0313909131623 603.5921736389832
796.2169642409553 659.414982201235 597.9338402453564
797.7419698297207 659.7487549522681 590.513592004163
800.3316136419814 663.7866976763742 587.0283212929339
797.3987131633535 675.1847895206171 588.6701206987804
797.8316235249696 684.4250493044422 588.991239767012
404.95226073772665 691.0006434915175 589.5780270668166
400.7057330862136 693.1107208898936 589.8412334877751
400.8222969717418 691.2058664858782 589.2339362269403
556.3146832131321 687.4382690284841 588.0542743571739
725.0409197556882 685.4458649177845 587.7264072000446
759.9373950131701 683.2440782005567 587.0882123079666
561.550062605864 686.9083960805413 585.3875378180221
553.3700893928458 690.601504124799 587.3731490219923
559.1163219758002 689.7036588817746 588.9335120213914
581.5099212640548 684.1016474985943 584.5308835056661
588.9857404055929 680.0418373551599 580.0201665773077
619.5953050640198 668.667832391081 578.9155810651498
608.091471502293 643.7654151130916 579.1200506783675
632.7890001736266 598.2403483451207 579.0810774704075
588.537958785563 561.4012148467627 578.4655345258502
630.8848881048409 550.8575275785419 579.7448253801645
615.3098391897466 593.8114178760795 580.112111617889
621.9812605232728 592.8211220544111 581.0447494799505
619.2313213651576 585.5218102303354 579.4581366426601
467.29386156911744 636.0237929773522 581.3246746950774
494.37933266572134 642.0648435892081 581.3622997547197
555.2190567938221 648.089509514161 580.9140274002239
657.3152791404125 652.4302644727634 581.2520132326171
634.2453170834867 654.6038878589097 581.2945175588441
627.6981632293218 657.579325263846 580.8232288686311
630.6591708839728 641.505235117887 562.8158876796408
585.5805086928674 633.0821694572332 560.419126915462
571.4383229418765 629.6020297838195 563.2418690739107
506.0894788056321 626.8098286935183 561.8027717740644
580.8349074022371 625.2011545307168 561.8835806435204
620.1689961339816 623.588778359463 562.1773116804472
630.4901046671122 623.0296452863215 562.3088505585822
608.4375211357103 630.961592514171 562.916091556649
632.2387913972345 635.4063145705236 563.3920303561913
631.521804891142 637.5464171581054 563.5037940644513
435.3120266395928 639.262413551153 562.635510446688
292.6264649289817 640.2076952354832 563.241128480852
348.1467198294497 634.8041263341156 563.1598289923302
501.92344862966235 633.0031823306202 563.3228485552254
668.8962993433471 630.2579068067995 562.7341676052674
717.4057473010166 627.0847464666416 562.0461563794097
661.0677573893597 623.9986510970566 562.7341676052674
655.2889469728656 639.4640687280835 563.1798363864077
613.1206420516478 643.1867315798178 545.455319071773
602.0498137107583 646.0534033653875 520.3592883443953
590.2754642810348 645.8854387582987 495.26325761701753
571.8235253945809 644.9484475522055 512.6250860904611
489.1826067666546 641.7056703311339 542.5647550539197
406.54168813872826 636.1875358107909 546.4308156227837
705.6815546248097 627.098533256909 558.9833222463117
581.1989963767473 593.0552821186498 558.0885322415689
602.7395991539722 579.6658520216625 565.7960777353119
702.9540539017466 565.0232296109604 565.3580303440438
549.0379003147686 557.5706518867585 566.3789184867983
529.3412164337691 557.5419266745776 567.9589663519757
588.9170277815706 585.6868546572948 566.4946341905998
619.2624038241743 611.1178964370029 565.4482761758873
654.8161513407931 629.3464476881929 587.1504217235424
568.5657078628979 642.012751283492 572.6757531916077
598.8765068549799 647.5435605194398 502.3981426884511
649.4356070826882 569.8543833862365 478.84932313478157
544.2079138326169 514.0374533280092 480.13065561515884
659.3907978973504 503.4914740752458 481.4119880955361
635.0612073532769 593.5421586809455 482.6933205759134
560.976119690811 603.6816793767333 483.97465305629055
583.0865839916664 596.9878012375932 485.2559855366678
575.6784704884949 588.6380230847112 486.5373180170451
573.4654517785082 603.1027018414104 487.81865049742237
658.2449704665146 624.3936366533185 489.09998297779964
760.3171308585931 646.2120639088012 490.3813154581769
517.2826541102996 645.6004956627589 491.6626479385542
518.5561642140719 642.7015248153687 492.94398041893146
521.8852676570132 638.6216781464412 494.22531289930873
519.1516485427313 635.1534478743902 495.506645379686
537.4819206117293 617.7211397327178 496.7879778600633
613.7162907550834 605.7433618223117 498.06931034044055
539.4282949051621 606.7114056869034 534.1799796882754
522.7796804170654 608.3721508827898 597.7805311510101
646.9470013471926 610.4506532063014 608.2220140342212
587.3175063387218 613.0831781949605 607.7056296322114
502.9656089640167 636.0577149678751 608.7349826059533
499.8465040121291 633.1035323236013 610.2780104182027
498.51447112095616 628.7245150208859 610.7066122946692
497.43126948213967 621.0058373316631 462.9326085541849
681.0563499551411 614.1924970149066 270.4724639604647
684.9433041120767 613.2212080481236 235.492738822293
651.0090346003708 615.7661893933443 233.3031612676279
616.0298285412443 605.5787921933465 233.71286997816722
546.5721842844339 607.8030325058244 232.90505840533808
621.9921702763661 606.9358833552061 238.29673632684108
610.5771505812227 606.1140569232824 257.22810721854967
595.4713870156315 615.4961772995275 256.11091658366695
666.3199594708935 624.0845848366052 256.2152514461883
573.8338800983252 631.0359183428159 252.7725759966263
487.2256577213967 637.9800267774242 251.3635198214011
594.436845167062 639.9446578163689 274.8751382829874
643.8865067233446 639.0201703602988 350.67769999706894
674.3759404443867 636.2971937494381 418.42356075699183
664.3179082880106 635.8209260475783 486.16942151691467
678.9047901099318 619.5521185223415 566.4769292552864
657.7119191897427 610.3107190398453 590.4038187658851
678.3464526663688 609.7576772703517 602.2259182190596
780.885657343664 607.1323466832763 599.7488013180593
786.4203584468656 600.4570494095552 598.8002270242457
660.7370615955632 613.519382380656 596.7738820676373
560.1321619692751 630.5544501883669 598.6639658020862
515.6810848565088 647.5895179960778 599.8319349845235
439.000490295448 664.6245858037887 601.1893400093776
505.3365751475064 681.6596536114996 601.6644155684799
505.69207961119275 698.6947214192106 601.9275069540131
575.1535388955118 715.7297892269216 602.7977534023579
642.5780951266072 732.7648570346325 603.384821987737
650.3607080994846 749.7999248423434 604.4173599197713
609.5127319715308 749.9385231295892 604.9154633794466
599.642160401216 706.2456860650296 605.1278510569944
672.8484549086577 646.9160308524157 604.8930669351843
739.7057579721393 621.4425522477901 603.9749578517212
483.05577440804643 606.0772367691036 604.1984290265013
513.9680992835617 598.3136824723272 604.4486192278346
505.51594850951585 593.74804648117 611.2720512040252
514.2611033005497 583.7607635878883 599.2372324089413
523.6940097424631 579.0148245257121 594.5782865783683
535.9369211076705 574.5078339260442 593.0633918104952
521.9126512823495 570.2405687555736 594.5308016430793
515.2105497838909 567.7688425909846 598.6886033985882
569.2651638933637 568.9430036546689 598.8805037204072
522.8141871327172 573.6215804876789 586.6134755416961
501.3484366621279 575.74690620098 586.9506595296607
562.5165334016477 581.6392782472656 594.9639346762456
541.5472614702326 586.537320139591 600.9023393598113
543.3024955433839 586.8255930199284 594.437129631179
585.2292618082909 583.9103326792533 590.3782492151456
628.4760203914498 580.5399301711175 588.661374738531
513.5961430590621 576.753572190902 593.964436162526
558.1391288945761 563.982411666421 590.531517004911
516.8903155619644 545.0009626746399 590.5045944292485
572.0002755004119 538.9105079664789 601.9213666015328
516.0627551580656 536.1914700192847 602.0683069414175
492.5711799085936 551.259434927879 588.0908384909101
596.3993327220107 553.1365236621521 538.292774933883
489.8716594990095 555.0912208834013 493.1710882535367
531.757479930457 557.2960272916368 315.4721959983797
468.08770342345684 561.6104284226072 360.4881782021285
483.4398058032693 552.3896156257483 337.7510059784015
552.1060595376371 548.2865405185357 315.0138337546746
451.08882356750456 552.5770803341848 292.27666153094765
482.078520731124 554.0097280303347 269.53948930722066
631.6432841600185 555.4463448190945 246.80231708349373
643.3865865534383 563.7370379130562 224.0651448597668
698.2571115403975 580.8205704377457 201.32797263603985
489.47162034564803 591.6014946703912 178.5908004123129
495.8493505922929 590.9072079807784 190.47567190283638
503.56168065542295 590.4931595254689 253.1859972157007
520.8559264257457 589.2389158906598 254.02797935620197
581.7966786183059 587.986540836419 254.33541553475865
531.2309795331597 586.735607054529 250.57730582779806
548.6460226239317 585.3483344932288 249.01258047735
639.0985682937071 583.8240156275165 251.78611944375572
712.4778128796893 582.9931388961623 249.10655245647644
697.4583497039359 559.840132677325 246.9652652871749
682.4388865281826 558.7267601697198 245.72011444028612
483.81436912193175 556.9250166532918 245.01352005424155
571.6563536317442 557.2477244238269 243.60853970835808
543.4189265712627 557.5745225232907 230.91886700485105
630.6261250236716 558.4973747815989 228.1306837546088
678.8395973185986 560.2064351647524 228.8101794700107
611.7422804009809 561.4895623484504 231.7236868571042
577.1712871599457 561.3207639131124 233.44241154166065
635.9963561374691 560.7257061738694 233.4644074612431
608.5974663160299 560.3929424966021 220.90752626735878
637.0864628255933 559.2791627199556 180.67756431334183
630.4835688883406 556.7225520849681 178.7235164006305
622.0229095459426 554.9209403149245 176.60080496871694
611.6962072793978 554.3972195916554 175.71745787491972
491.8556780221162 554.3015262846905 175.19088178942542
533.3942226584986 556.1027944427635 174.1323949133342
477.07953934331243 557.8102881549081 174.6682572013299
468.5345418423883 560.6340759562813 168.7470364863329
489.39274591318883 561.8296264853853 161.79481503991275
466.50294303942576 564.5760050759566 154.84259359349258
544.248224306996 564.8462180098226 147.8903721470724
483.3800797202188 563.9376959049007 140.93815070065227
501.28459980334526 566.3843158027446 132.563228772147
495.9830068787253 567.1571840208999 136.34579567333117
560.2009852235456 568.0151517531755 141.0682570869751
491.6188506904583 568.8042817738758 187.58720541217468
483.239596096014 569.8719911827246 369.3266104187121
565.3921180462423 585.782382980708 574.4207895150578
508.0273421612727 590.2894381465696 687.9103985980305
485.39672363476626 589.4196103784585 755.1733510436472
562.4861929443359 585.4159926407174 745.7670931321064
509.44333279613375 576.521058005098 818.2313601480244
512.7935785094411 564.0622939315892 700.8224711846825
510.37644065311326 553.9717811648641 715.153342010196
512.558367524689 551.5070776014998 712.7192381570678
531.1190077200212 555.9368270591544 688.0308442671676
535.869429880876 555.4610565227531 696.0254121718593
561.151517937028 563.2912477152321 720.1397345062547
570.164469887888 572.040024594826 718.7770935723066
573.127121349841 576.3096668111624 711.6102377227508
516.0762151603552 572.1389229832024 705.7103674076463
521.0317942621052 567.5577493086901 701.8608359491328
580.6905906228844 562.902115928492 695.7174342808053
611.4928865540894 557.1863264987932 691.8368258709613
496.2357325224867 555.1973440838424 687.1582345677099
517.7403538830445 556.4320993783156 687.2816314592149
522.8661440551413 557.0624212408634 687.9574165299481
582.7609559332986 559.0354776267825 687.6662285833557
584.56391520683 560.2710012338024 682.2216010593909
586.9466694194898 559.7558962377766 683.0410489829774
589.6791439667111 558.731588929987 681.830088107019
593.5715232849782 556.6356211702247 679.1351788133715
591.4391614260037 555.5656168457691 531.7881081209794
581.2914197519215 554.168535630604 510.2106832240303
570.8150494349155 552.9328500887127 488.6332583270812
619.450750264904 552.2957393136537 467.055833430132
490.8089779271981 553.4736511595493 488.22856573526246
683.7377668634397 552.8304294602788 583.7384681310128
713.0308724279625 552.9164302493016 573.3536134199579
732.7250161542856 553.1766648168125 575.5285052827222
752.4191598806086 554.8390964609348 583.0073324884561
772.1133036069317 554.4312401010607 596.439628580174
598.3671117775035 558.6382366368495 603.6773999732748
472.93102300676367 560.3464797628483 611.3371814858574
579.2346326396023 556.8214964198334 614.1282807899709
515.5941325253805 555.5481273857395 619.4727102880877
503.81649734339305 556.2970709253774 624.0782823440543
632.1997399501595 559.4152574279948 629.2916558827404
653.4084112135333 564.1329800020708 630.7888528826937
592.3330072845679 578.8750744478208 631.7297697034613
574.0666091679532 580.7753438292641 629.736836337039
629.9886872325078 581.0545774955735 617.4553775641195
564.7029028954444 579.945687112164 586.6841088251872
591.5532281857531 579.6619704620962 584.9342181813741
623.1739026633521 577.0322781266226 586.35067899914
648.8702578012894 559.1577114547727 587.2068734233353
630.5237960284873 557.2449783830622 587.205245208181
688.7213978707683 553.906602584842 587.0096554685266
622.9807942557661 549.7238593208003 587.595899758097
764.2416092925885 543.0815298569265 587.2656979596203
798.9519355418317 520.0840363644489 589.4898550265596
833.6622617910748 490.5377938277408 590.4301174771293
868.3725880403181 460.9915512910327 581.4537322384988
877.7583780936402 431.4453087543245 591.38482236496
795.6108950703017 401.89906621761634 602.2573032868961
755.879195930373 291.41771035583145 593.7121927576709
780.2855167085095 298.8407245512044 569.7505869227396
833.6681273953704 426.5003087573733 576.0562623671759
803.2754072970472 808.5411246101207 579.0124844006864
809.4636113573157 734.359342009478 565.1935167545207
795.7663737958329 678.2566467238538 554.3672668154148
791.2676346790345 660.1246968857248 543.541016876309
786.8346831650397 649.701063576993 546.0056970058549
782.4017316510451 672.9618136876354 582.2120551227426
716.0978451168498 685.7675638227199 611.5616490208258
636.4008639049752 687.490262633358 613.6795280748875
607.1155068821759 681.9023540065765 616.5210780391672
650.8507132422118 671.7697808586568 619.8951221257034
730.8686120497414 665.2113052882862 619.6166038657284
767.252130434117 647.3499380886037 621.7915070125443
715.9523340712342 635.5427970706836 623.5059395935108
664.6525377083514 630.9160630716407 622.4072155566092
653.7728997319506 631.0240259317236 616.4503758703981
630.6172677536323 633.360876594063 615.2105572230028
608.0952239865978 635.9673733769681 613.5673748182137
601.0427493132461 635.5111935922364 615.3376880424373
613.5632668090052 635.0373420395532 614.9510785872772
584.7710201408836 634.6002088217529 614.7367322683751
611.620457585761 632.2254186283519 615.5517530972099
626.8386491643416 602.5254067856521 615.4256598699291
636.8829395727383 587.8219796805645 614.6543977138209
626.6690468239052 586.2849736661133 614.1379902322667
642.4439142831654 586.7282164682384 613.7947429033513
645.8517301491313 587.7298059549078 612.98271958731
643.6764914288894 603.8223719516835 611.6944922752758
572.5577551949582 618.3984765095273 611.0129771156644
561.2258287582696 624.0923527269158 616.5117864345638
549.893902321581 626.262325228015 616.9330187176033
552.0835569385448 624.9383165295698 618.0878296315439
550.0522942231714 619.7516886214999 610.410391768273
556.6658260336969 608.5074113165483 619.67316288855
482.03772706175687 606.4284159812161 619.7550555688555
511.0047852140283 604.6331700697667 620.4120577347331
507.6773244798493 602.6991544025511 621.1132933398052
563.8111333241882 603.1173358545136 621.381174188164
562.4121637212327 601.8632115235727 621.9229752001792
581.1793303578131 601.7203051664924 622.7208713869576
627.0047164478024 601.302752363566 623.9886441079568
587.7783188215506 601.9894737436515 621.5871146887712
550.168085620427 603.7915617164585 620.5262651434386
512.5578524193033 605.8723688583198 621.8967591553453
527.1628237060904 613.4992009255051 622.797265402785
548.919788870279 624.3156871574164 621.5148736845521
544.6843910435866 630.7138953103681 618.3038356099006
543.0514823353551 620.6944521131788 621.0035985998034
626.8747176976092 600.9370258583616 620.1435562266088
638.5618968734719 591.2015328709599 619.4582310374122
650.2490760493347 581.4660398835581 616.8814823253254
661.9362552251976 617.1732729897265 616.4538752676498
673.6234344010604 635.9344325418834 598.5481537966496
667.19690171324 624.9061180176293 595.1870156755141
712.8043718073277 600.6392565290682 591.8258775543786
708.3502664649577 589.7836350845088 588.4647394332432
701.3959149334607 589.5192575697727 595.8799025898392
692.3141947317362 594.3778259659423 649.97525935918
685.7557023888091 594.6541417543942 599.4864020910229
682.6483280880448 596.8588491343638 594.720603184869
679.0660791420838 591.6636746109402 587.5554780091021
680.6087483587471 586.5161168205773 585.1533986913175
660.2415619854552 588.6366447487677 583.8684069745713
696.9178967516889 594.516751448522 576.7347908235481
705.3442955954376 591.4458681842495 589.6238207535378
709.9600813917614 600.3791554093223 590.2603875867633
711.9620776417801 613.0343458856158 596.1795708275667
712.7245401146622 620.0096085804123 632.397805268595
712.0500476226497 623.4793005349985 643.9682099967192
709.848127136165 617.2864003037812 650.9407172180183
759.4935881242609 603.9406662116888 655.2681670860931
727.2830695949915 600.6017815504374 653.1039311442887
537.7254319571305 605.0646659655479 647.5617067527958
418.39723506449377 605.1162802277664 638.4253207221814
528.3038680708969 595.778254720957 631.5306204112671
638.2105010772999 591.5969466399487 628.0024897301814
748.1171340837029 593.6686958057905 624.425490174671
881.1363292789747 599.6422230452903 623.3035880695022
891.019255635297 606.7803842800316 627.8673603265165
925.3569065576438 614.1989907822337 633.6881150302522
816.6656857736411 622.9227548925522 631.4930263761172
757.0783478715281 628.8091994055665 628.7356004336518
771.7020389339078 630.9123595628481 623.2790470831208
774.107152265977 631.9592550157012 615.3299553394106
762.2906434294131 632.7515352810891 605.5824937279142
777.7846139746562 631.9773593665936 603.2602213153019
774.702140009762 635.2784032563532 600.5426750573284
761.2281350763 635.9534138567335 599.6792892871989
804.3414003831782 628.3274595649267 597.270222222902
786.840146336187 621.8064362662492 599.0995300776073
760.5158071807098 613.7293492425442 606.5919120410558
734.1914680252328 605.7665933228391 609.1561509130219
713.9246990631914 597.7976246189006 610.4318617697463
719.9518294862795 595.4871954962592 613.7018001315207
645.9351989262794 598.0229259000002 619.2021618074566
589.1957352846248 601.727658855556 620.0128238770844
532.45627164297 600.0167692683684 619.9281073387956
584.5952069391033 604.0535180466304 619.9732359231855
691.847557518442 604.4282328055658 619.2483181458091
688.8907527035303 601.8848195402242 618.0131471093475
767.168885374213 612.4195112783191 616.722176532309
697.2625474758975 628.7138727023671 616.6758533819794
771.9239973914804 629.0162898408566 615.8137537203468
711.8351170816135 629.9534957950468 615.8137537203468
775.2436923110695 633.4991363338387 615.7689770651334
853.3005830748946 633.4990134167534 615.1671579450347
838.3818068281041 632.5790464439998 613.8799629180429
840.2694432097187 631.9673582837568 608.3922616473126
839.9586401890662 632.0571572255155 562.5733827934799
837.7663933045244 632.2728904399162 564.0894683316606
833.8652469074365 632.4906370219596 565.6055538698411
834.4412052287155 631.6141269919838 567.1216394080217
830.158156933641 629.9031671614297 591.8334073136934
830.321172065459 592.7615284087046 612.8169957791333
833.3112893818311 563.4139580139815 605.4329637417045
835.5807389112254 556.1522166502446 616.7984113427254
690.5589143726602 565.3809712018417 618.8547891064592
586.5710289816582 588.5861677625537 618.2549414872467
753.6561129875731 585.7467456162262 615.0826603550855
755.0814525599209 586.4820235866483 612.5468294512095
618.6428731199176 588.9815362131482 616.302255204952
620.672673791578 587.5185103466954 613.5296352745777
580.5771802462523 586.2974808482969 612.0663125965995
576.6480393347348 606.0576801832422 613.4229778226377
587.994153882464 609.6773869011361 616.2359614440468
577.7290985301786 615.3173260930265 607.7097409357079
558.5926977537122 618.0008090609591 598.1212563968174
547.9555972870808 618.8011704932067 597.076064745455
562.9592370754906 620.4206934062997 597.5140803964064
546.961883287775 621.6319992080604 596.8560415388591
546.0338457722977 622.0289382335841 593.609969481123
551.106340753867 622.2405826908625 451.7981221780045
552.8621669652296 623.8566796597818 472.9368602990726
560.2253625343396 622.058471386102 494.0755984201406
562.6683702922246 619.8331690984442 534.6223174123702
554.7947945368494 594.8421158088934 606.1650376563066
558.4006943676031 589.8061122097668 619.1515753628073
564.9428068108697 587.2686083959079 619.8417802984409
564.9765481858517 588.2504413990241 619.3080782844377
564.097742214775 590.0932129757128 619.7729955717423
564.9638623267583 592.6382397850723 620.0556462766624
563.5919685109559 593.7947171335367 622.0379811554918
560.10906785048 594.781822088619 621.3562958547338
582.2125269742082 595.7693896794154 584.878045328628
587.9954052446105 596.1765885699293 592.2234319400052
580.5460825913229 605.0690740474517 595.0945737929935
572.724023954866 604.8961348341127 595.7941740087833
589.6512035595321 605.8302272274387 596.7566143845396
568.4362143811568 608.5000114243799 598.2810707031949
569.0067513730226 604.9021554118901 599.4709814143047
569.2284194910496 599.2738637275199 601.8249540222722
563.511464331917 600.4507999042239 617.3348932184929
565.3529908678067 599.7521044991443 619.2830959390478
566.4691625995857 597.5838133651623 623.0412234812511
569.7720431088467 595.131299085885 625.4579829306057
631.5793953301518 611.1578027150304 628.072112840198
637.9737934595047 614.3055021729823 628.3312435865807
639.9611496849727 616.6012978147617 627.9494340792969
639.2204174383546 620.5018208388938 627.5670265986028
639.3381381805928 622.8067592428156 621.0041959868806
638.7855724739286 622.0099206224072 616.8469574421754
606.9052288386013 621.6117425936345 583.8721730353225
500.6650096873845 621.8193065513485 502.60270598897864
377.3529506554703 622.4262267902984 421.33323894263475
461.41259332956133 622.1225763464946 340.06377189629086
428.18087758982404 621.0243554000117 258.794304849947
386.3643643679613 620.1150363702724 275.7281588540079
421.2379917952993 608.4385740841184 297.5107762953849
477.3350455725377 593.9679390552616 296.07267642866736
540.234887722561 591.7031909976362 264.07706400368806
571.8671787755618 591.1247753224357 254.29216459326142
576.4352100444007 588.852485772116 252.5274355821661
599.4009765587513 590.8599863931299 254.61330830690366
580.8758748501657 593.5366538878151 255.17298054457092
561.6756507010255 596.2133213825002 255.6085553807426
574.77578215979 598.8899888771855 255.84630736560322
587.8759136185545 601.5666563718706 256.3386137503288
570.5233332348289 604.2433238665559 255.35811028716205
563.0861738515002 606.919991361241 253.83918558642074
514.7576762743486 609.5966588559263 252.69619665323535
621.503729421948 612.2733263506115 252.1122841588458
641.823543684606 665.5765314290732 251.90977500887107
666.7664331443291 657.9513351696232 251.56080607556032
668.8486733274781 619.4019945786961 248.64029809228578
648.7138335376225 600.6859094684254 245.83018708602458
612.1746646960326 594.5194455141141 243.02007607976338
590.4968339547304 564.4597083257979 240.2099650735022
568.8190032134282 519.8103238971116 237.39985406724097
574.7959134986409 531.6953257600568 234.58974306097977
635.4448204872151 555.4734581440885 231.77963205471858
617.5230290763363 541.9736187637618 236.46584187911475
628.9968998968855 537.9210392258215 249.8219967874785
579.9629931140937 556.9868863671204 243.68883626927425
620.3729376328056 571.9704048432768 249.43224636033852
637.9412205219033 554.7996143630678 247.49343425634547
642.9172205320637 552.0307154641969 247.4498297670261
613.3927675514144 562.3931942399518 244.5409504007049
604.3313146004205 556.091134328406 242.20721073257522
609.9508669104785 547.3683631753074 239.9964134691009
601.3483870411094 558.2178827742515 241.1570790145765
613.5964763372074 572.6797401925513 240.0522547962868
653.3012590634737 574.0886607618327 237.14657914462944
667.3824798275621 578.5054797026385 236.22570193725022
682.970052815743 584.0383249890654 251.81466576594272
660.7381060462251 589.3565235973654 320.38275148273715
656.0840535253876 589.2559313936245 388.9508371995315
655.4029343613099 505.9191177468276 457.5189229163259
689.0815835531107 503.24411262356 523.0102004514832
575.9535797901034 525.9296220063692 597.2698348958886
578.2725426272626 540.572322230214 599.8617901669513
571.1065418649679 529.8382740749123 604.5736138044863
571.0233789235283 543.1475827073459 602.0364048331525
571.997989045822 549.8624261968038 598.817396327621
571.4410332936461 555.6910544568292 594.7856846725266
570.2362287287633 549.0932938464329 591.7610220531554
571.8683701654347 540.1716999109362 592.0496135878343
581.1769093432199 539.6170515812096 594.254601095743
594.5187185734047 539.6170515812096 602.3095318089656
596.9111288578731 534.974428524915 603.3470940715621
592.9114241521578 589.3898122324952 604.6185660857597
565.9544401813696 601.3994097103854 607.9635599353676
548.8879715705002 602.7180573750754 610.0758599208444
551.8861217397543 602.7181707183513 611.104865296225
574.33003254956 601.6006205936694 611.6296619222828
540.7800683857677 600.2453193835988 614.698778052237
302.296711018858 600.0074999531256 613.2450450474018
188.37115288667485 600.6850596717283 609.2369893507878
366.46899287664564 600.4475756582494 610.6935225635863
591.7890704989425 601.9722218182835 611.9162871261925
552.3398858733609 601.0911258144554 611.2786616546866
556.3869355108324 574.0065041778257 611.235383278352
551.7907984250755 574.4669688488852 623.4273286848083
560.4095470982834 571.7818640005994 638.0909777477693
569.0282957714911 570.8933788370645 634.2211462175791
609.086790982126 563.9421057910135 632.2678210807076
596.3919568398825 554.7695861753925 631.5859029702528
604.0159184985636 549.6266962404815 631.3415144087286
636.8381789775724 536.2218151651666 628.7232350119176
632.2941823805628 534.1767020106445 626.3486937525736
611.0070246661946 537.7464551254615 627.3234469092445
555.8492797023288 537.5707216164012 624.9481978224703
606.8316242371493 538.5109381151373 626.8290294942806
585.1978298665204 577.0130018787115 627.2619911215395
541.1404482050991 589.6658379597116 627.4308193968604
496.6383039957539 599.7805346346067 628.4606136062544
602.2405810833956 599.2901551312152 629.231674345785
629.1395295581503 598.2282677884025 628.5601934159768
683.8100805349925 597.5470692757182 630.5664739715721
648.5960805432098 596.1849545233425 629.0175863032537
674.3940460150232 593.2168659099301 631.2440724201068
693.8879353311572 547.140252470341 631.8472570957465
695.7834507853624 552.9825512252271 630.6498308427431
692.2114219746868 513.3760966747084 629.4860764368069
642.484676195987 528.2391164142988 627.8588083479849
629.2919951079045 538.2485623270493 613.1129532765632
670.025099574847 525.6846947456158 618.226817088808
595.8031670354744 548.4907825094429 621.9960175989293
582.4033184564944 571.2968702732699 625.0330528680684
575.3704694517367 611.8665428762941 624.943411143197
601.0004243721522 604.9169481065996 627.4283352265397
611.995829777678 579.0350127012093 628.6344845663034
606.7146273150507 597.4987277194118 630.6974253088601
588.5455902172885 622.9759829200423 630.873396352867
583.7952831731296 630.7333046231023 630.5310741013104
604.4947501273891 635.27912403146 630.785224937934
559.1910860645461 627.3523613952632 630.9619392420234
551.1228408054758 615.8919536589108 630.885438001138
604.2357974644658 606.4123260562446 631.0636369507704
604.8646817455872 605.6514905789097 631.4950514453775
588.5139447680556 604.937767392747 631.2064467060081
571.1719526613593 605.9244823780227 631.6745098875796
588.8638633785013 606.2199051575507 631.7481445539676
596.3038860478159 606.1950394986818 633.3698528150032
603.5637020042527 608.525615657557 632.8009961539492
603.860265340842 633.9230142311937 632.6649982415654
595.4341737455572 598.5307826301157 634.5529782483158
583.0008128500297 610.0937127926491 635.6679497525683
575.097147919789 584.3854181850193 635.7554561307359
571.1966054130131 581.3937412129608 635.5808127214664
579.4294928609032 591.2421246832806 636.656086575136
584.9506156680293 628.87662555049 631.5321887376681
591.5238912509408 602.0008221163271 634.3084224866968
584.8881655865782 567.8996668835225 635.9315757075558
570.6815199722437 533.7985116507181 636.2740936982802
602.5176113160587 499.6973564179136 635.9640146054733
581.557418026145 611.8926615172531 637.0750183190673
585.8422912873452 615.596946593178 637.3745493869201
580.1053784360672 609.3436533770779 632.0587919695081
585.0809797272049 600.4208474621909 633.1735637627743
576.8456055731731 609.8940886091207 633.4313827281607
563.44557914147 612.3646703874138 631.8010202749631
550.042246285815 611.8488104593104 629.7430148134818
546.6008843851018 607.182233810272 628.9726587623529
601.9230333417011 602.4128735858069 626.099413328768
559.9475281055377 598.9378583725893 624.0423194299443
556.5964880582089 599.9083263299485 618.6815733417006
556.1127958627144 598.1059538438624 514.7215770542632
555.2841614885122 571.65578942762 457.6330975089353
542.3186310761266 576.3917431114437 453.94376386607
542.8086584914402 577.9113860838282 450.25443022320474
555.0636147624748 579.1298032178581 512.4192465183779
555.3183771495411 578.5577567715577 796.6464315446391
564.9882293894676 576.8882707449658 787.2730202175378
562.419068663228 576.8948712167161 724.447771617876
565.664581159172 579.8132762604316 716.67117460826
580.4353405672366 578.8307179132773 774.5182923442811
577.7776868248393 580.771320821262 822.8463114766023
579.6824533397111 580.0875484724038 719.7638134209807
579.1896836786549 578.1707952978572 766.4811704899014
580.0072760507613 578.8620716597186 711.5050305203181
582.9693532544673 569.5403323808232 707.1573415881236
585.8896566775396 549.841422367839 736.7394254277351
584.2828425515676 529.5859231512862 713.2314987383069
584.4744993141592 525.383563809062 708.6152516828872
589.2345512468919 534.3514958868775 706.3382719144297
587.2466974213344 542.3683957634437 703.9482391275357
583.306472394292 551.8118247129657 703.5924061558744
587.3890726429315 569.162739226653 700.3735494928726
585.8356767974708 581.935886748578 645.855173303197
584.8121621487012 587.3675122408703 469.9859209810659
583.5500754672726 587.0659373757633 203.34573360099586
583.6019619569489 584.5767699797863 239.0989360630992
580.306332638466 584.6733218485219 274.8521385252026
580.2518333546832 584.8959875130349 310.6053409873059
580.149151170055 584.9259084873457 346.3585434494093
579.4225555055788 585.6574448156906 382.1117459115127
576.3787471716302 584.4164157626936 417.864948373616
576.8173800445056 593.8241440293525 453.6181508357194
580.1695379845908 597.2899870606311 489.3713532978228
582.1034605236375 597.2899212275393 493.1937709145781
582.8202476368294 596.3154185746091 567.8938540542676
582.7728472241712 597.0104266542596 574.8000745957935
583.4065906381244 599.9214001165659 604.6768081512691
580.493506650798 593.1167342213882 612.7305520277768
570.8685077987303 603.7921827913972 608.960549695224
557.0117109476379 618.0748957592639 609.8856764938471
549.4111010744703 627.0890930653075 607.1833738919499
545.9057663758845 650.2791654003905 599.9926575167683
553.2528761930203 646.5418938794681 600.3757693867051
567.9089173229108 631.0131657849174 601.3563061471549
559.9957951882074 621.9997623213721 601.9206816042714
556.1573465926131 615.380476455273 605.9219815985543
563.2089452035136 612.3154067334921 611.5153639960811
550.5533633056009 612.5982210591933 619.3292451385588
548.1126699747579 611.0535329052027 626.9953563831436
545.5846068988843 608.8010612578521 628.6817264003023
549.979396030013 605.7336302115768 628.989268897953
533.3527811977424 571.7804873251588 630.594983092816
540.5782571109376 570.5810062994572 630.332758928608
535.516799993891 573.5793319149496 652.891189979963
537.6494871540273 576.9375809499951 639.3782310259205
531.1835538178051 579.4258171616775 634.1311494169561
537.6643230743799 583.7894421110418 630.8653852509335
549.6572069683035 584.554802159156 629.4076758488255
586.8291769555839 582.3249227792385 626.4922155891446
572.8390426032188 579.1692326082248 619.4924605822498
577.8326116314804 572.7987757110518 593.7323448687359
574.9567353728975 565.7344251937373 565.2871292356535
572.5079221757737 561.3065116315684 536.8419136025711
561.9000287961414 561.5024146181563 547.2529214895443
524.3826833921539 521.8400084783807 605.4815733316075
513.7912442651183 496.3029653541154 635.1970194980736
503.19980513808264 501.08667726862825 642.9449253569229
558.8889124349805 505.87038918314107 642.6238634009599
512.2697178740211 577.4141256058294 631.4572775708589
657.214236156221 578.3789910181538 625.9258108773213
580.3548698919294 577.5274979198225 630.1578849911872
566.4521317065785 573.5926326831805 621.1187991009119
547.9257626260833 576.3318793584025 624.6323233254893
550.709489990914 577.2642949087594 626.0020004402386
536.6333844979575 578.9991601814218 627.2814180394871
539.9911093397586 580.934316777714 626.2855982569672
545.7137544191928 580.1409256212554 626.2390258840062
544.3633222227238 576.0684270526297 626.4993792317846
545.3035414848162 572.1960101725169 626.0510143728527
544.4860162193638 567.5344649349388 626.6258640533381
538.7453663066269 560.8867848591378 627.3354096887409
530.0202209753498 552.8270531978894 627.2811916426054
523.6715057332631 547.0790075049957 626.1543325801255
529.9377588031653 543.4976635921815 625.3291274623707
539.2311307593818 556.4424930679581 625.8276120488727
547.4361336255363 576.441694254771 627.0615387924422
545.2103451761072 583.6353955881356 627.7535404218654
545.6889501940313 592.7377341990186 626.8496815687079
605.7156850332353 600.1889596045933 628.0119173792663
585.5083525845823 608.5063837429107 634.1473398437746
628.0462639684474 610.5872632004139 635.1051548835396
593.1294065326217 608.3707929278928 633.051703976545
612.8623768714532 604.1202281003343 630.9017188402615
591.328794260616 600.4975221550592 630.6034748255123
583.7348129487485 596.198524347052 628.8139928315902
585.7143106264687 593.9337911403348 629.5729919951959
605.2608383868527 594.0324282906415 595.1546313969577
617.1475096499271 598.4757133057494 488.9293367719225
617.3834543797855 608.1453956870165 454.76156659422634
582.6019885516764 592.5610646939306 457.09425430703914
595.4650564878573 590.6017505476714 458.80284512821277
581.3030017265452 589.6426884139241 487.1304879772988
582.6358789785122 587.1921991465556 553.6024889329838
576.2383214395381 584.3776006155435 555.5451461092078
574.6318111080753 580.5398587785814 556.9083898532565
577.4731553862317 575.7266580651326 557.1794343943304
576.507810897026 570.9997263571499 573.8351072852663
573.769743496433 568.458661645682 611.9454244847444
578.3796218722499 580.7285768718234 611.6689869501226
576.4966081630438 594.0765689227362 610.5017355983757
573.1703995986336 597.2740355962849 609.607515825089
563.9737566008519 601.332001160345 609.7444478559896
559.7363525765527 604.7627164058767 554.2379169534391
564.6865481643845 608.3869420277304 498.06363147597574
548.828359874906 609.5118297444336 498.6771310166895
546.0774096456844 610.6410565954438 544.9964955128095
544.0148728365536 610.3584357780874 595.8368882843212
545.3902023034295 608.6677427561773 590.5563632255366
544.8686984808046 605.8722582889567 591.7357109343264
558.1462784846906 603.5357694717277 590.0197442932974
545.7091786441066 602.1702417091034 588.5031046741996
554.4696096656681 601.8981857303978 587.5852948318297
561.4290433088411 601.7512527494629 586.3104311952656
556.5127882365238 576.8047674920431 583.1014109716432
553.796245450974 579.1841854697027 580.9982102341371
561.0068874033033 581.0529235792554 578.4132450421548
559.0086192830688 581.5897848326797 576.0709679485306
552.6848771352393 581.7432235019646 574.8314863931139
553.5255849472162 581.4750639537348 558.2070339143538
552.4389409969788 580.6728855388376 510.94030161352964
538.3893438922928 580.1899945494738 526.7054613229913
540.9181770946058 579.8209375573117 557.1649005048298
541.7848426966987 579.4561510281388 562.6854074700716
547.0788358787821 580.0449821613054 561.9546830232877
549.2149849228449 580.73274986052 573.0709470781717
555.8715970851295 582.0474859866403 783.8506517553135
552.4522671969446 621.2670036570246 809.5582765008401
563.2615368357428 621.8241804597849 819.6524888927594
568.4523147271011 619.3272559802289 778.814196817859
571.5524370296331 620.2945017395577 857.5702245226614
574.3477026863721 619.3921531556584 778.1378808320392
619.7616821107378 617.5901103948917 800.8690241533751
617.7104904403033 617.5305923240855 724.724569841339
617.584900420296 615.9634827914839 751.6788053054397
616.6506069069095 613.926632950959 736.6253267091852
613.4356607351292 611.4282062441888 732.1284031644841
589.7567601450091 609.9244688218073 735.097100128907
586.095264041465 608.5450379053782 715.5651285351929
602.9675654688143 611.6240522263033 699.1229956860234
602.2200938438035 614.3106744970289 702.6329736097186
590.0248905375081 616.7226706833503 847.0430681917848
586.0744032501016 592.557945548754 745.0782914321303
575.4786315673109 593.0615127880246 708.7965179160407
579.7142519613083 593.1960946657593 748.754880926497
582.0280976142981 591.3940503458277 733.4840154858407
550.4659388094888 588.3976314225138 700.6156992340022
573.3462896963035 583.9575781215697 707.3383177940239
588.3012367109516 578.6145093589978 717.7769490708741
585.4548674257674 572.525168723337 710.157432476343
623.9457382599724 549.5082915625037 708.3590064464208
610.7847546719634 514.0389105779486 706.7319668910993
612.5794978157464 488.6355172573911 704.5987343116881
610.0293204516502 463.23212393683355 701.6279979447072
608.2092640606061 554.9970129119862 565.8545447299028
610.7571732352784 575.564031522296 526.8484775401587
612.1327986588519 578.4150059127435 536.5441131576297
605.3105756970841 579.2642733869081 546.2397487751007
634.094766409818 581.2102906665696 555.9353843925717
623.3543659552545 589.4900140719478 579.6183412598557
615.5639031613944 588.1092386461582 625.974189019473
612.0277293223094 585.502073716707 582.0836861783373
598.8672132357283 585.7073093269107 582.4305777163154
586.9136955009855 593.2840527910237 585.0062551938372
586.0389487972182 588.3777933102182 597.4824274353217
581.748616929212 585.7033628781467 613.7162244206661
587.747799808167 583.4777202258883 613.1407466147576
564.3456646773391 586.0795801264098 612.5134362721278
562.6457912944195 595.6194401469329 614.8666319565694
558.3103499062843 608.043124676639 615.5012501028054
559.9847646146317 623.7284257238949 609.9637244032908
562.2411420641512 631.2198566701903 610.6878428453844
574.53018744601 634.4576424001842 609.4052293116969
561.6272689540413 631.9751572668115 609.3108802904032
597.5588359447687 625.2639515923895 608.6731446028514
608.570143750479 613.9550460630444 607.7774238656152
616.8739342559766 599.2346507370999 606.4944364447118
626.9499733996404 496.07269457092684 623.3235585021429
613.6827491651679 482.05518832994665 613.4289879806886
555.0196312326132 468.03768208896633 615.6504513362705
556.2366596892027 454.02017584798614 622.0624268368738
554.7580788984369 465.12820968144166 634.5901447315603
565.4537254103519 551.6128637382046 621.8611129434232
567.5015558997804 567.5344649349388 619.7609225430862
555.9514610844051 561.8985520644908 616.3786372971607
601.1831045582916 557.5044080909654 611.886404389073
570.3855306580981 535.892944955656 608.069287242994
545.8926917463947 524.627526810505 612.8998910816399
569.4553953561788 512.7868921937959 616.3886345601371
555.5947030677012 481.260258678219 542.7732657941078
572.1773643785301 304.2781597447429 345.2841465929438
607.9040344498665 222.56313429394152 318.56704738514145
604.0865825352214 225.4804668505427 291.8499481773391
624.1030487098733 293.8250929705147 265.1328489695368
552.6152656755241 378.1775775619326 269.2936664577793
539.1070111188626 462.5300621533505 267.53862474402445
564.5869670066609 546.8825467447684 268.6722902033189
600.6062379992153 631.2350313361864 267.695893465184
604.3335403762921 715.5875159276043 253.66247410218182
574.2230366182946 768.3465283318067 248.8054692740506
573.3337544303267 709.3492296790087 248.71410116855884
559.6873923238529 679.2202435434893 247.5315629195413
567.3123409904788 637.1631172803748 248.13564844453873
562.5417983493913 682.1151322472263 249.81620962757893
625.8105149284456 616.9875448939107 305.5245079276974
630.445204908943 605.2617395546764 512.8629458443826
568.6829370286187 598.8616976989167 628.7891496127643
552.240655166383 592.8380234517143 610.646144726667
568.7046800083122 591.379681888832 604.5207398987741
563.0739557802464 589.5103900695899 608.0523121358391
561.1729618772883 592.3532713228251 607.9712164239356
592.72108829706 604.2586265049906 607.1986109014963
572.0351180604935 609.354185836692 606.2209440046036
544.7717411907486 612.8462973143994 605.5099090848968
545.9848966727751 616.028178169124 604.5022722029802
541.4473714854644 690.9425006174026 603.566949894499
532.7301942664474 686.6260443052605 602.5084921296059
547.1912995432326 658.8308950932856 607.2497332439095
542.9793480574706 658.171140357886 609.6607876278662
546.9942975033731 652.6030684690788 610.0880030232734
595.9212290583961 624.5485533846495 608.7810109759405
578.3020153768935 568.4371961858039 607.4914593737242
564.8693662404472 522.1365163332297 607.5337983564135
517.9418896631153 475.8358364806554 610.809209284193
535.4621605379646 429.53515662808104 610.9026332679844
528.5673033134607 383.2344767755068 611.2124422736156
509.07912418390737 356.26164645073317 611.9925361797182
501.7651343008998 387.2723647093619 613.0159564605585
489.8518489166068 418.28308296799065 409.4831068127786
553.4427059530028 449.2938012266194 263.90137601002414
414.6377828819715 480.30451948524814 251.49281552359332
423.51500723910976 551.4566242550071 279.1266196773704
432.39223159624805 590.7948095473148 335.8967794201722
441.26945595338634 551.4236875566819 335.43441120558055
450.14668031052463 570.8084715861663 335.88475231558954
459.02390466766303 559.8011336526044 336.85807808348613
467.9011290248013 546.0297610936606 338.16518697810477
476.7783533819396 538.2922563804007 338.8898836025669
485.6555777390779 541.6650751910138 342.7509743029042
494.5328020962162 552.8007454731287 368.4752137362485
503.4100264533545 565.6330965086305 506.769222532139
512.2872508104929 578.163695728892 661.9200559983602
521.164475167631 585.5837883225008 701.693303545261
530.0416995247695 584.4674359569328 708.225681732943
538.9189238819077 578.5715074608711 779.1766511688288
547.796148239046 571.3138281027909 746.9683099544333
537.7574767240963 562.3008743153505 731.8263204038917
525.9719574273898 560.8183752339077 784.3395740988225
515.1306420971155 563.0554328906542 715.6967380137987
624.4218403983082 567.9876759226383 727.3643461890892
682.1604693937317 575.8283323763205 803.4546915837673
665.9599106893006 580.8084928437534 731.6904576073103
649.7593519848697 582.3320251315661 706.592892657056
633.5587932804386 580.3138168922108 741.9076507538405
617.3582345760076 576.7534135035312 617.3720070798765
644.7385669359915 562.7528999891912 352.7807825200099
639.4609249328782 553.2407171987734 280.64763043728084
651.4007547985318 557.3847060334354 306.8163750919106
635.6810343052032 566.9653923344558 332.98511974654036
631.5635276103604 578.8156129919214 359.15386440117015
637.7561459700262 589.2250815486325 385.3226090557999
663.3058312059634 599.657152724568 411.4913537104296
608.6472016888724 602.6992822491072 437.6600983650594
603.1696622942774 598.9691984860301 463.8288430196892
635.9957087215232 598.2681226185437 489.997587674319
690.2911283375992 587.4413377928306 516.1663323289487
685.9384679924779 577.9222161392092 542.3350769835785
652.565740456284 570.6224875043347 656.4353806571241
648.2363224244118 568.0959625372375 586.4861253892202
645.2056382251159 570.3948194014388 589.9565823302098
645.2613499365734 579.9594727316735 596.5174713716135
651.5436411505267 588.1267096843775 619.5594393474107
668.7557695411201 598.3549003428121 623.8986077628965
673.5462211215606 603.800802949243 652.8736383058488
682.692463705291 605.0218360606243 648.2652947968785
681.7333228186028 577.970817279386 671.0854284970287
678.1972159185907 574.9535186973117 644.9439789545418
671.0443904575666 568.0159358675132 617.2626705426133
665.552402144264 559.8601312401113 623.8566558391698
599.0693649063674 555.5604369179682 628.9618174825907
598.8148896982784 555.4920682019706 625.2016815609818
623.3462129464605 559.1176654534017 625.8621763301807
622.4594781849653 564.0591136480176 620.5782996269203
625.3207912758483 565.7045383376135 617.10845175531
622.0214296095712 571.7741805873277 614.8161195990238
618.4466699192686 572.6942268396456 615.3789387638046
620.4365147634028 573.7590244359046 609.3599831948741
611.0758123416956 587.7099536517037 602.668986584539
609.7861099158816 581.6152254608771 595.9779899742041
609.4925405148078 579.2808041010853 589.286993363869
611.0981225351669 578.612196228922 593.6602555442344
642.017764540759 578.761240368405 589.9516419570041
649.8343492567585 579.3317270787092 602.7693071493169
622.9069438731948 581.2550443460746 600.7533578541239
637.6737625321332 580.4439751499528 596.1245016242633
621.1873625646631 581.0158581720855 598.7582530774355
667.0519749124583 578.5606521586608 609.2565970868918
645.4926291385545 574.5768097284581 604.5863351717742
645.2698621776103 569.5656836375997 589.831675748992
632.6873373955135 566.5569009652593 592.0299275870402
625.6791662362543 565.6023923009066 594.7930732136135
605.6746303124589 565.0029017803596 599.3711153617055
599.3300691105139 565.1737045165295 602.7943113766253
581.8641556896791 577.0723681054592 601.8140397838713
590.8608663456821 591.72708467745 605.7687282789307
590.4289584048199 590.7567016103048 595.1274179326297
591.4392417431284 588.6770537109378 593.0387092087558
591.7705008456102 587.2908138222494 594.3272267547015
593.5964002223451 586.046073274107 533.5954193192158
597.5555930433613 572.789841090538 516.1806378202966
594.9644289008363 560.5590353955308 498.7658563213773
565.955634722121 561.6033462448554 481.35107482245803
567.5153047309037 563.5037098537496 531.1090186319577
571.804393696654 565.0853298458973 586.4711723902051
555.5551293030627 565.245720217156 597.4242348616868
569.777902375798 564.5566844879263 602.4498142122225
581.9025173074132 563.7663523127289 613.155173619686
554.798487151606 560.3930032658708 600.9440636346715
560.4186448067101 558.4856757339439 619.5272883678981
573.0111988285853 556.6087045672211 656.5202171700107
560.7132850543293 556.7081820846538 679.4267726159176
587.4774521711148 558.9391737926409 666.2971288126646
602.9709338795403 562.6948279105907 661.8192451346076
531.9995284202599 565.261163788447 659.6975631348378
586.9880143727701 568.0252475755085 658.6586768634513
611.671576804121 576.357160756622 657.1879836212474
585.2377724343703 599.4750305001513 522.9220142678407
575.9247022604948 592.486859260394 313.50132970519644
592.1645476741817 587.1681371401246 286.2069433973176
611.2530455416614 583.6833637679947 280.7124699860366
591.4420015395408 583.128910879648 278.1657626909511
573.7990285079424 586.3203517665293 265.5598703586894
602.3134488519372 592.5762999725207 238.12336359795654
571.4341067475013 503.7607771403207 241.2640094217375
575.0585596449533 420.5074574346911 243.6022667340206
578.2960806902046 422.0696882721959 246.20538491844013
593.1074202313105 496.8776920075094 231.41226337790243
542.2536072296277 537.7998353371192 207.81051261348966
544.4013643573014 552.6684389114629 179.07377188251183
547.4757952995451 549.2324189266326 180.87603229670896
547.5784959964626 546.1979952361597 182.67829271090613
545.350961125671 547.5648663438681 184.4805531251033
523.6301660113332 549.3643480413127 186.28281353930043
481.7230723878806 555.1623572355188 188.0850739534976
531.853369683987 556.6888990820707 189.88733436769476
533.6902909401849 559.4300928958062 191.6895947818919
527.3807357300482 560.0387776772011 193.4918551960891
532.6838493306499 571.0260136347122 195.29411561028624
579.6815365807031 580.9229076349966 197.0963760244834
533.0562364210348 573.2681067048231 198.89863643868057
580.9005709573302 576.8280447480054 200.70089685287772
592.8349772376384 580.5051029117201 225.84866987748902
598.2489752651884 588.9541171912382 244.53447678064975
617.9508730661585 594.6387558846127 269.37429876046417
613.1576454559004 596.0276996058775 315.6177907305603
580.8590242870196 595.8913491568744 318.7023035105291
541.6151691966693 595.0617615004345 322.18594307987104
544.2024015439201 592.9798292490516 324.6043628058808
577.2892141219705 590.6193782801238 326.1621273166162
608.7976454912928 585.9022299641484 326.8768435245337
614.9419862992936 580.3562901509257 325.3214944986778
615.8228933676331 576.7507464412155 324.82998651372475
622.6334197148449 576.3341044914833 325.38318591510915
639.2911979247128 556.1903432332991 323.5472798561234
644.6830657697756 558.0985576042998 311.4113135562857
627.1042337191117 560.8511388951617 293.71994188968995
623.6277588984535 561.8026788828975 276.0285702230942
620.75279842602 559.9002143239454 258.3371985564985
617.0972557223733 557.574210307471 281.13823894154035
614.0528995001719 553.6140352267092 318.01357241205807
620.9078015022982 549.0640377895445 319.6269962000059
642.6650129134714 545.4615637543442 319.0743129943727
700.8684305050585 545.651279153572 318.64177835018
672.8339242568163 553.0613771406609 320.732235398875
676.4769757178046 561.9288212956203 423.8473557305944
571.3957272150185 562.2297837415105 505.65510452958836
567.161869109116 557.5896902425745 561.29825278725
544.4079887434455 553.2061098722609 573.7416464525892
575.2285004316245 557.2674452673587 570.7301494072206
572.7843527056037 561.050285126241 590.188059717208
604.25539290192 563.4165845870698 606.6706398181043
563.7459070160601 560.6485199242401 618.418969834483
619.9970328267705 558.0253349809456 611.1440476083765
687.7799893195717 551.8454157126304 606.0600607230872
685.1359588280328 542.4038846083174 609.6785309170347
585.448453686721 534.0849629745042 607.0101584035256
578.2822488377292 540.7476039676899 611.5315489278206
533.03928834416 550.5320583970104 611.5254830838309
530.4522065849358 549.8814730826557 619.3796845816496
536.6601995480373 553.2361939345118 621.7004272298054
574.7061498962535 556.1361931494193 621.6894153504917
599.7260048135181 565.7867646538514 619.192215990702
558.3886042105343 580.1895254665342 616.6960367682382
538.0663489616745 542.3378356820294 613.9340186209873
540.0243036982727 453.54191686349304 621.4712305134899
538.3694303945254 471.6817448895793 595.2098499863332
536.8517915065145 489.82157291566557 532.4944623322557
496.92912684366706 507.96140094175183 469.7790746781783
499.18349775842603 526.1012289678381 471.43195700096396
538.6961762818569 544.2410569939243 579.9881316515757
577.9340921727797 562.3808850200105 630.5919781558056
524.354976283684 580.520713046097 670.1531986321618
547.3317201129316 598.6605410721832 668.6976031088573
585.7802577934501 616.8003690982694 666.0651818035042
597.0515825819723 634.9401971243556 661.1281754434157
638.6511755406748 653.080025150442 656.0308929391549
630.2410919531242 671.2198531765282 653.7174154231027
629.4773513785876 689.3596812026144 650.0880456004193
622.693864300526 707.4995092287006 612.5715830659791
623.82872877085 725.639337254787 635.9272583523589
684.0369568081226 671.7966466410744 663.3413424027108
576.5178035127637 703.1803130591456 666.2999966613118
595.3027102629308 752.439558871161 665.506979079119
551.0446103651308 637.4073417923066 666.8376261865862
547.2276644789494 623.4285760997266 671.3773738770144
554.7973883676193 618.1945426961715 661.2319750161962
526.9839271442128 727.3889730235669 654.6587111890282
520.7196801293488 768.4039643331314 648.8653616753566
575.676270252002 787.4802454828571 644.1523068699194
566.8103182149503 719.9100673014732 639.3217479716672
556.7218296257934 678.0659228758672 634.7970078552819
543.5675826216943 668.0312334070388 628.4751848092432
507.31958273314723 702.5149547899583 623.5055473346134
507.05534989131576 689.8170571105511 621.8575977732736
503.1135258318794 685.7822699611391 622.682969654737
588.0196197433893 686.1384880442235 624.8658195350881
592.3443024929879 683.8068121286694 628.0317140356761
595.1346299143554 677.9259466584617 633.0310044822825
597.7068328164804 676.7100758486727 637.4300470764828
602.3551745191107 674.6148155142037 640.4532323581864
617.9774349185727 673.9274063540952 640.8782816166677
604.2849079697423 672.78798904824 637.3938075932232
603.5328210358473 632.8342711394225 632.9472517664432
569.4506996800841 626.7446460110691 641.8747919975926
565.9650159364087 623.0645198726806 642.4865860591153
574.307517369125 618.6760753037863 633.1512776941129
575.0397614396381 603.2621232467195 570.277294575289
569.9590698779211 611.386717718015 551.1626127642553
504.24266901839746 624.9877928817227 525.3572273611566
466.8149547001554 638.5888680454303 499.5518419580578
460.67145333717696 652.1899432091379 473.7464565549592
454.5279519741985 665.7910183728457 447.94107115186046
448.3844506112201 679.3920935365534 422.13568574876183
442.2409492482417 692.993168700261 396.3303003456631
436.09744788526325 706.5942438639686 370.52491494256446
429.9539465222848 720.1953190276763 344.7195295394657
423.81044515930637 707.679631547371 318.9141441363671
417.6669437963279 646.2660659761582 345.6934696078224
454.30475852379425 632.6124908111508 398.6715485384607
512.3157508778504 556.9448294693639 413.5147770545255
532.0649508993665 605.1636426794427 417.1667523316271
542.2488003175024 606.0454672726547 422.25888835028536
548.9701735328651 595.242810261612 424.6172570043876
521.5226050175465 592.0732827884658 428.5367086013328
472.14221847590943 607.6983974137991 435.6417438489786
488.93626682849384 607.4343013049963 439.3083342558324
493.49293062233477 605.530701810382 438.9657585801777
450.78743442733344 603.3036352053507 437.39146930771267
480.820716647925 603.2035392898648 436.491922672099
504.3324921939096 603.0407788184455 435.6009622892673
512.2810801597354 604.0949603744535 454.692762061849
483.3547395328838 605.1528732477439 480.45152472556185
553.3159238948044 606.3268507991379 506.21028738927464
500.31497520387984 605.3275379134207 532.4621426730872
516.2549112574217 604.4834766500062 620.6932622229374
502.2847254094811 596.7875373256468 614.8609407245583
529.5615812410656 577.5476880481294 611.8710554962981
532.6279028012299 574.415761364246 611.9377398083789
599.38700086982 572.365704772744 612.9625564344109
624.9308630386015 573.9827959094245 609.5321469965776
598.0507851200773 575.2414156181696 611.5939244483916
594.1448331130981 578.738659054038 607.4780455549981
603.6311326177926 602.8461659094028 605.5279800687674
613.6209693031565 606.8535656348416 612.0305602299044
597.4540927093719 607.6791916792939 615.1207351168216
579.7629339375732 606.1523520269061 616.7639357795913
582.2898430624618 605.8764939936246 618.1564663173895
631.8398505488245 605.4690161119718 618.6862443113473
669.6533438241892 605.775597222168 616.9665230449642
674.4826289998731 605.6786054447091 601.1707429493387
628.1362629589514 605.5958124082654 593.810132325561
605.897903921288 605.3273907564402 620.865885700057
593.4991545925512 604.1021672945069 621.3611022945431
654.8182941043851 604.2151934534583 622.0649917104345
591.3999924435304 610.2763122904082 622.9768616775059
574.1168345758457 609.1644619748246 622.5445586971368
556.833676708161 609.6761616090159 623.1559642668108
556.6886172638303 613.0974805052458 621.2795797123777
581.4683418401731 586.2450667491973 603.2161803525532
587.4222151938463 580.7850496356124 602.2347513451148
584.0424041486513 581.6495938277616 606.8667928255882
585.1361635070392 582.9922812525051 611.3335605309705
550.1654301518518 584.3808689544859 617.2014592536351
507.5374391280994 584.2454983489796 622.9543482057886
504.2118562864031 575.0890329261397 624.8711975539304
506.80930719398975 579.0090064788121 631.365540657389
504.2762497411146 575.4272413365657 636.4883146803303
504.07208956453184 568.3513339024307 620.2897128182749
505.7483222612477 565.670122249516 594.3049093156296
507.1341045522377 563.9241423869021 580.1381822393394
507.41395495566707 563.1808669196223 565.9714551630493
613.4713717269503 562.9337785478592 581.1250822729148
556.6323142775686 563.3050098182347 642.7780393960554
541.7599357340582 564.8054957713478 639.0940845437875
515.917062547139 568.1995136016645 638.4913665255103
590.8372924344865 591.7545335926791 637.2169289720068
651.5728300713611 593.1780331834309 635.7077438629874
651.4018163851858 588.4645861516075 639.7382277150554
625.7989325080669 582.5843286598086 639.1656061652259
629.6797104108275 578.0382772792819 638.8283218283599
656.6072951998427 577.3692492677454 635.984121414328
610.6632659184786 577.8004587059195 635.7594539038989
619.945378439486 562.1257075055953 634.8040532087342
605.9806828512337 568.2718680888495 633.0883187394563
605.8609625730376 576.5105032331642 629.6926273413712
597.6071640974169 583.2643273511511 627.8752462728357
586.1288986117355 585.9710193127739 627.7156537709601
576.4760527789142 586.1274707968105 627.5051181718223
584.3751319523583 607.0263272820239 636.3932318457012
588.8228946236811 595.9065991832294 644.6519725749204
589.5116509754229 590.959240346553 644.0967641417371
589.5894696934092 588.5047518810106 638.8924854912565
570.9649977460028 582.4162812278896 634.3012051167514
570.551516910954 575.6573910546949 633.6075283643653
568.8095023819486 573.8669699413911 632.8438447052781
573.788566282919 564.6242355008512 632.3584212894799
573.8342545245407 559.3171419961539 632.7746287338439
574.5768235824808 562.959053551005 632.2889621885467
564.8217002101416 565.7233123571882 633.7462634753879
573.5762112165368 569.0540960731719 628.151378826285
600.7111224725345 571.95241735892 617.0497530288933
621.9877300047262 576.066836400083 611.0005178754811
600.2228823319958 596.1803345495294 604.9512827220692
595.3189994152622 600.3486487034013 598.902047568657
586.5616471427309 600.2041492441721 599.0897947554444
585.8617313042344 599.2382039713519 604.3228189113086
575.1366341582536 598.145676236149 608.3023140587761
571.8639496642875 595.7987714558312 614.2795997700034
576.8942844145361 594.2930861970362 619.6353097647532
572.7330926079155 580.3142269507082 620.7766303800804
555.7804411200632 566.1294021687975 621.9896352448192
585.5979514659309 564.8331764826765 624.476233995792
585.6412820768235 564.7500024265901 624.6632741760588
586.2207030453013 562.7170692275115 623.9745255155403
588.3593189639026 563.5080146758189 625.7811598478806
575.4649082641718 562.7549975105971 626.746199337586
454.1983684156377 572.9237515199202 623.8448536743172
239.48972446494147 584.5040746960279 619.8975864705712
226.21023758077618 587.5348925808577 617.8216312282099
212.9307506966109 589.9968220253394 620.5022818822547
199.6512638124456 591.4805575841018 626.682150839694
186.3717769282803 593.3991239273714 627.5113690988185
265.99668187258976 598.1074956353436 628.2779000895216
252.96766071381933 601.1566097188272 628.2104387904828
297.14432900976124 602.8205180451356 627.8633068498835
295.86459441181967 603.3761103185875 627.8633068498835
284.1617413746553 602.4061533614044 627.5161892623598
268.05201094824315 599.0770147014623 625.9209358812993
251.94228052183087 587.8775191278061 624.6721796787187
235.83255009541864 421.15127486054405 624.4602210422697
219.72281966900638 309.5067967618562 625.014599829476
237.65234131743472 307.10789802212616 625.2223914851617
240.90729053860244 305.100803014348 609.4859038504194
291.728472265831 303.00575113306127 595.3570679179285
193.59390132318256 253.48282467373343 590.1135965480223
189.75089792924234 237.55199667403042 593.3507630206522
184.0967817137601 221.6211686743274 594.9027319049775
181.51249527162264 239.63017294957484 584.305793769388
227.68972288061894 258.5119993719843 583.6062456828233
206.2435550178196 259.02633442126466 581.058308620336
218.313010153317 261.71087194015536 591.8125417819608
216.23385092637778 259.9100013873971 591.716496120194
197.04414073897658 260.8882308579694 609.3633477922117
339.84762867453634 261.5573878656205 613.5781560587546
380.9545451625295 263.2299375071156 616.281252885809
350.919555325483 265.587701166402 616.0754823883191
336.0856447152378 186.12903169727412 616.0754823883191
360.1227640072434 179.80967108232917 617.1689816777564
386.7252321173481 179.06547929781752 616.7440852741145
445.7206005482278 178.56860591589373 614.812638392191
591.9846733858931 178.9265141685929 613.7194838179689
604.7489377878715 183.33365901163438 616.6290163032224
605.8331764761745 229.5137855757904 616.5510894447757
552.2142006728013 232.11045079901072 615.7278180628888
547.2334948461425 231.89059920574616 616.0755023007484
613.3240629955242 233.8931379925457 615.9485213489725
646.0352005293062 238.71165905675744 615.6644653104349
678.7463380630882 246.11876633673754 616.1540657372036
711.4574755968702 259.3246553190355 615.8062639999196
706.631834446814 282.6325876167018 615.3162837460725
634.5865916280978 293.10334985235113 615.649742050301
610.7147605948517 301.9545570369136 615.0325389868166
599.0547152971837 296.43441259097926 614.4150509270453
606.1905665769657 272.89859639969245 613.9891444135394
593.2693810625589 234.09842391725502 612.0969392442564
625.8273972750037 279.9614296197773 580.755551040595
621.3316344755029 339.5385787164792 436.2873959618572
621.2837043731299 368.8000087266902 416.7423993891569
605.9716010720904 391.7047115212848 458.4573009809401
620.3170583097811 448.80511225341263 500.1722025727232
622.062124757793 552.0562944066983 541.8871041645064
622.011655839342 655.307476559984 583.6020057562896
620.6517040132626 724.5497384859666 625.3169073480726
620.1204755425372 702.623295288777 667.0318089398559
621.5901299372083 684.6908529755144 708.7467105316391
620.7127416304747 677.5461107294766 750.4616121234221
624.5428357188641 648.3571598610209 792.1765137152054
628.9395578537647 641.4356270613944 833.8914153069884
629.1615499554794 645.9543327511628 805.3178636400305
646.8430999277381 648.0327923801387 792.597499211345
695.380140636606 648.0330271983569 769.4116262986556
632.0591119020623 650.2775985997462 774.4960068720549
630.5166770377584 679.0060323864728 752.225726596251
606.6850440994076 681.2299256932198 747.7033091428239
615.4185603623555 692.7261853237137 753.8568991042553
607.5683116478015 698.6455092595726 721.3813672071549
587.7102350289085 695.9164336367003 716.670683231586
574.0196441639719 688.2861555335412 710.4833182202549
566.9592750123678 687.0255368220924 707.2911141786826
567.3542276342573 756.3635967407075 791.8923530230584
568.0458383401215 688.669745405314 857.0565218528127
566.9843671629989 689.9134003626832 838.7949805498033
563.3405463266837 689.0161997093917 811.2517789419221
563.7637218873223 747.0336911898236 814.207672166493
565.520943556108 681.6570162376893 818.2192082035332
598.5919025542967 658.4312140398713 789.0665344855281
613.9902173418727 646.2089025760316 800.9473983872213
617.2224676123814 644.4075897007182 683.1787780362985
622.5888073859687 642.1956874441471 694.9964900509368
645.1528244220564 645.1343007632574 694.2807359426416
669.8793382243646 654.8448679497935 693.0625856883464
621.0477233324971 667.3092359051527 690.291908457793
602.0823527654429 634.3320356360389 684.6556021213615
703.6935012067484 626.511385131475 682.8930176618112
720.9272592871935 627.5699952022164 682.1293328103268
726.5613801559696 627.5747274007749 681.1945440764202
727.4598672061463 626.7033809007495 683.9371316137178
705.6215717491235 623.6365813823973 685.8285972703025
795.7901464069893 627.4329285602842 685.1431855897576
819.5222309391703 624.1445776195583 683.5982006997971
825.0865264328145 624.8779487099282 683.008283049299
832.679291904205 627.3649357335113 698.240069315088
886.2837221099812 632.1286312424702 724.930995199141
920.1462563088646 633.0869097183593 743.5564107541024
917.4240719838723 633.26552181228 687.29342350993
863.239071629524 633.7598942903253 686.4079713746181
860.4065232706321 634.2796555375049 708.0744349272237
820.5857931592783 631.3710056667071 705.6878450098997
823.1483309657074 586.8444252435936 802.9654424037856
760.391055244314 598.328831416335 704.8637902263076
749.8767379835404 616.9061508056828 703.0168497329419
694.3452159314147 644.0361727578941 700.49272555162
721.8083497920045 664.8120728176184 705.7084685983364
705.0436411177162 655.7299949151441 703.4737432005279
699.3390759324504 639.4558731515992 699.974969949433
680.9257488538856 626.9166861321381 697.0869744874021
683.1994371311455 623.4076104521572 688.7322358681388
687.6136047621436 619.8985347721763 676.2065143134898
651.8680141988726 616.3894590921954 678.6593092073567
668.1856686697042 612.8803834122144 620.1988218312009
656.2779927858305 609.3713077322336 545.7979686796335
653.4272560176707 605.8622320522527 501.57102768424807
656.7352993685759 602.3531563722718 451.3624557363752
682.7099067570255 598.8440806922908 401.1538837885024
652.5663086944342 595.3350050123099 350.94531184062953
648.3312861212984 689.4267824549293 300.73673989275676
635.4182122303496 666.1911456371272 295.8441800666643
634.118936784901 621.9765420215869 356.04519202330556
642.1432662862832 613.7463118242812 368.6054717630914
637.4000579894889 603.8103459371346 379.381645016242
631.2128384916541 579.8509621424652 414.6366044554039
652.0488417119234 583.3053011094441 509.4210263163959
701.6458678761849 579.6999223736364 533.596756145768
821.9941933526019 563.7202498932586 535.3781847165219
862.345979667661 547.6323586245882 532.1898183619561
882.6480284102215 559.7016466614432 569.916608443832
902.4987170578033 550.4369339050917 577.0464048329818
919.7790417996555 558.7274182962612 571.4163484263679
797.5796472486345 579.0984826602278 568.4001320407378
675.3802526976135 603.6867608933444 568.2072659638633
642.7662532960986 618.5005204252959 568.6137812314737
643.604155764109 618.1379320751112 570.912808173149
644.5468999950674 586.2763868845027 576.5408303565537
645.9096635927822 554.5117270255488 577.6938705078114
722.7032658736425 513.6484745512798 580.0916910452784
657.0555532068806 477.200538811195 580.6419033655379
651.3733339018943 420.99932223224323 582.0810333467396
647.4816736746543 438.2098791262854 582.6205716862328
647.615819757362 453.7789845360089 583.3803514995511
637.2132081372706 468.29787879713024 585.8811171579915
633.7453533359409 471.62611863229364 587.4929411788652
628.7545835728017 468.89892734071736 589.0025083819373
624.4633696222702 463.1317470453603 590.307223128588
620.8584359180737 457.3645667500033 590.7883048860574
556.9682194631616 452.76972888574755 591.9557109772013
534.5371694002293 458.8670580338682 593.2623787161967
570.2055551718524 501.26476681275585 593.2623787161967
605.8739409434755 605.5450463033515 592.1631792205415
641.5423267150986 702.6685126847508 591.4751245509526
677.2107124867216 693.1409676781345 590.8566833488828
703.1620439610142 703.8469820418105 591.3373174881901
698.9162000411866 664.9341638745884 591.6122040661434
704.9306609665697 654.469836374519 592.0248767587801
651.7911634929906 657.2794794984466 592.4746818398114
597.7613440130629 662.6814736487108 592.9932699452772
650.3617212338102 673.7172271817028 593.8505567489133
621.8537133612515 672.2607776455409 594.9117986173342
617.155936240766 665.3492195531105 594.4625475289313
635.0901201627653 656.9456153865001 593.8785273460842
576.6427093957261 642.1349267165867 592.676742076809
455.3256231445431 627.5099521031534 593.6046005067457
457.2996681904949 614.648710891488 589.3060850433096
459.2737132364467 610.1477843649295 546.4046368596014
461.24775828239854 609.7886929092733 540.1219422296097
527.1645662822912 614.3223659095806 540.3156484870673
530.4562553913379 626.8441948331892 540.9992261261765
555.062300306193 646.7833989297487 520.4452607779957
566.3472589040255 664.8103246023122 503.5086001480006
567.8818264750707 679.5242267009331 486.57193951800554
572.4344726814484 688.596051511637 493.60876141902855
629.6263001944556 689.3902949330683 535.8469473758594
692.0429022138626 678.7083766572414 535.1574999383255
699.0536482220417 659.2375379877839 534.7125108820953
683.8369253834721 641.0186791464566 501.0829661607286
702.791299162705 623.3324461525282 388.53206344131877
669.1688129281604 591.3207681969698 379.1844965976777
676.1473496813975 598.1527553134349 379.6316909806684
699.5474075432645 612.2263938670569 379.60042216272166
692.5526069267868 625.1079389133604 379.91014867195236
690.3135629551966 654.423238620292 268.4479105181844
715.8941430868213 671.9565358893535 253.4399162475028
647.2735511945825 680.2039939471733 252.37491876530765
688.5203933392627 680.115205984726 252.1827216489596
644.0608409678077 678.8051501191057 250.4156544627352
643.5877950986951 679.9340090942212 250.72570727195364
643.3354490466074 676.5619195144884 251.0717029057636
642.2201474538841 673.163273995151 251.5876761124241
643.8405296459903 670.6936486780248 251.39262118084685
645.566949621479 666.478425782929 251.56529280170747
649.52650972054 661.2044530308995 251.20478687252051
658.2189490249373 651.9132043712696 250.6735925382278
665.5057399851756 645.3961961462122 250.84725261685617
671.5067914128074 651.0873634984997 250.49370240018322
683.5178997701212 665.5420815956786 249.4335444339108
689.2702912018304 675.393799603483 248.55708601668312
693.7595559384428 687.2286338006859 248.0586705020291
680.4454697264564 678.0392928148759 249.30838783273163
689.3646539866429 684.0836671866755 250.06849061807048
698.2838382468294 689.1617510365775 250.64077380178514
709.0711929492729 692.7595270731688 250.4790393088322
689.7073646704825 697.099467936632 250.92155338662315
680.3361359700832 682.3851360893718 250.24867065317397
712.8713325516107 655.9791687747258 250.08877232592232
687.1266374378072 639.9441583081411 249.4485909505082
586.8313274887407 623.9091478415564 246.86232406330964
539.1172983338238 621.1783186630854 243.9559386446659
578.3566220343615 578.2458182387038 244.31204061892635
583.4217878473316 555.6222297070036 244.6681425931868
591.326850788487 535.3058792924658 244.30795338184308
627.2731760159438 536.2251989443332 244.65996811902025
625.244218351638 567.2354826026581 244.48280842309168
623.215260687332 623.8399251401286 244.48229750885426
621.1863030230262 672.2141261528948 244.13027981742465
637.8069059750449 709.998195692443 237.9491951561789
626.4100524235625 726.2591153018186 234.05691398760683
571.1150966979947 716.6875534145886 230.1667773518186
571.371022418861 689.001807187969 230.69426128856475
566.9325412257679 649.9000292984935 229.6346968351791
615.6936157805918 611.9197881477388 228.4001389061995
608.0988627308849 591.800700816075 228.7558742415154
595.0248285894606 590.2176886460702 228.9341460314929
578.4845474133954 605.296465792753 229.2909573525216
567.7451439462573 626.4189719923284 229.82737418296932
580.94139264359 654.2271169505993 231.94854612309473
587.3066375406675 674.4097202019304 232.30744694518995
636.3229048077777 685.5265141626196 232.31713238588324
634.4612609115245 688.6053579954785 233.037014227354
604.7790423507855 673.9143025720871 233.38408159992167
575.0968237900465 651.4456473547233 232.83920342481167
545.4146052293077 638.0695126887881 233.5467640585146
532.3715961644198 632.7423541661492 233.19271611673778
568.4816844171057 632.9873670769895 233.37202060229927
550.0222580618583 642.0564103881225 233.19808049132348
531.3386201178807 651.8053610563434 233.20397222283418
565.1699409608888 661.1209165339421 233.21096545640728
576.5553881182366 663.6085711349145 233.02521292926514
572.6888585355023 663.3673567488831 231.5950262054422
520.6485754191906 662.8458832948937 230.01708417676375
484.3948870998913 650.1949673593199 230.54507377100188
567.2562037217771 635.3397416555292 248.92669623980674
575.1276787488939 638.3028988772078 250.50368350411878
566.7320074944926 641.3927469981113 251.2027946856678
579.4653264950787 646.5618686560475 249.96324730047877
609.7912979916966 651.2572456410754 250.66985189216524
634.9644262259127 659.3101760843346 250.32080547474766
648.526350716646 671.0238406911836 249.97124836469112
649.1662911212081 668.8204126334222 250.32478902417955
649.5980480054625 665.0049122006701 250.68181532018622
650.3959377384715 655.9310067720234 251.92527850749403
647.4120112247411 646.209142060644 251.56777555679514
637.4151073396949 637.7371400088052 252.79314873860224
584.6242747200807 632.6537740155892 245.20809344160512
587.4195576398963 607.2721261090707 234.6252643741973
589.3058855505948 608.2937806185461 224.0424353067895
589.3057355906185 609.8551807809795 213.45960623938169
588.6470323800984 611.3887782243887 242.83195378650004
589.8768321567885 613.1598134448635 256.42860686662806
604.3273171294588 617.5285274866503 257.84733935910367
611.7739982361838 621.026042125219 260.90151498982436
609.7584740902355 637.4802025880322 259.1227514014204
601.5286102512729 651.8189033529127 258.5986272198675
603.2055410664461 661.6589054514561 259.29378464620515
592.0622425555364 667.1761386620477 260.84640209510496
585.9584048059522 671.7614154043997 261.028254981849
588.2193393075975 674.4350578008273 261.3816789652456
590.363670597599 678.6797845818012 261.5737721594751
584.0376744505595 678.3569456967728 262.06917025854074
580.2211493032164 675.1396808600148 262.06917025854074
580.7210896642634 666.0302235715835 262.7513081643193
581.956514436871 656.970045514023 261.4901349058149
579.8440397001036 646.5161508463494 260.59810296645986
590.3853494851302 637.1174630840471 259.702412439373
592.8358624154446 628.4365520877983 259.1616290594275
573.6710997520297 605.9043645672265 258.4477703521545
571.4673900376499 598.3497533838272 258.6249091287493
574.6317264012348 596.3605119700462 258.0988289067582
581.7235289949731 600.5455949965163 245.3726906278191
575.7266580651326 601.6162510607674 242.53969349299686
578.2984584505039 601.536524212807 240.80153454119642
581.4884554919172 504.8925407116095 240.0841067488338
589.5089547925286 541.9743681573066 238.65900470630856
545.2731423453517 579.0561956030037 237.77004650700871
492.2088479143128 639.3250967074107 236.35269676246932
439.14455348327385 653.9056030656614 234.7605162713696
386.08025905223496 666.1269358835402 235.114068062995
346.6102166683952 673.2668728971535 235.46761985462035
333.5851682634299 679.8889649624259 234.40643203068768
231.1916875174673 686.3476423916259 234.0592873458981
331.14292418964754 694.6115841791498 234.41923478995352
509.3537437193043 701.3083430097677 234.7860728407884
636.591730989702 700.9325124638422 234.60678348105262
541.7268778270313 696.3719015459494 233.5515847873943
587.3510971197948 690.0222049680963 233.19808049132348
583.5359272132157 686.975558680402 232.8445677993974
594.0706527411878 665.5487849307615 232.65639885054193
608.8205811238645 656.3952276316356 232.28888265397728
605.5614700760223 648.8341152929072 233.34630916301205
609.1185798393758 640.0827014678669 234.055019759611
614.2359307519337 630.2716843113711 327.03455267203213
613.1537276057107 609.5676514988224 478.2196583215798
616.9144742142823 599.5585183965516 610.8651831160832
618.1852473166923 590.0953985366806 608.6989012041514
615.4634868190676 582.1589298455763 630.7646329722527
615.9066922272891 581.1895300030853 608.6529574900228
611.301373335684 601.7862846975042 616.8319727333028
602.0790804952321 624.929456670946 619.8858135875031
679.3776891441837 645.9742216202538 620.098174077329
664.9956579535624 667.5542705137731 620.2452773746913
644.9920365869036 680.3111736776194 619.632955869844
627.4430948920808 686.9183607396326 619.8395617528854
625.567377548223 691.5725420651811 619.1450713724947
627.5702412829089 688.8522043250875 618.3021389042938
634.4622542783181 680.9639825287288 616.3506499953355
602.0866036826789 673.8338443902501 615.3050247436815
583.9128821883048 671.4715320596771 614.2646518474894
536.2147877785311 676.498352855313 614.4732898255086
535.1562760222414 682.8728168076426 614.8195907155484
535.1248959925747 696.4627135687358 617.2451381753241
536.5 727.7301537788202 620.0178897788264
536.3307805791657 767.7865457502141 586.8793070675458
561.790856743608 798.8099746294788 556.2313432921907
535.6364839088881 828.7770923572645 560.1047274467787
536.1976269858948 820.3913717711359 563.9781116013669
512.9692803242797 803.1973285905447 576.505525247376
498.61550035838064 769.5698628849555 612.1227905077453
479.6532259848133 738.3250708890964 615.9266435617915
451.5698781810062 718.335723787123 612.5998938587032
527.6728459746718 713.6330787243786 610.4661376136482
420.8632381124284 709.1456637244175 613.3642844343294
482.87934762493705 674.7312257719873 617.8674644634509
530.5466159187132 640.8650759748316 621.5462981424789
578.2138842124893 635.0447228352447 623.0246730268765
625.8811525062654 630.1570854450317 623.4787187418649
822.9254396277311 635.0165859330468 622.2105752878201
737.9075153992192 646.896057077464 609.4598242070749
696.3510266103787 652.6444339647062 598.5913632193243
693.2135320761677 665.2153960130781 597.4814971667086
684.5062856990238 669.0790377787591 595.1934719875567
695.9991955584647 655.9796542585144 591.5879216953185
690.0002453804627 641.4327857026401 589.230446741175
694.4080238079141 613.0706379779512 586.8742825915026
703.9790337245047 584.7084902532622 585.3534608369157
704.4729662969002 578.6085591418639 584.2537975914234
641.9614142868007 587.0934103075151 586.0483591097191
619.9360563180669 601.0642219495289 587.1685746792706
587.0001164965172 617.4384354060176 587.4668075729896
607.7803871429711 631.8391271055455 588.5976979227833
605.9141859651552 637.7637306951033 589.6068739920967
603.1205157150499 645.6167155615817 590.0177963417714
612.3676560395866 630.4110901938643 589.8919392566744
610.8568389859893 625.0451366174011 590.7135515628535
623.2936096551833 630.1995922708846 591.5088996049546
641.2935512617314 646.7512669907685 585.6276997995545
640.6352261825257 668.9721899455592 583.6854235625594
642.6501075201397 673.0632882199312 583.4183571984122
640.5065365227485 663.8007667993417 584.124494611626
639.0928083132578 649.6094873398047 584.2704441487665
635.2453265448869 633.3473441629415 584.2699072549794
629.7096937422889 612.6650763554601 584.2698434798771
560.2514860868255 616.4206888022818 584.2699072549794
545.2018513126052 644.4557645150437 584.6719165480757
556.5559006279982 667.3056328920075 585.1552092949858
540.6471172560207 690.1555012689712 584.7321680980708
562.6776454981223 710.5498870956776 585.6968467355797
563.8484742508067 702.7683440333194 586.4568890896994
560.3263062609816 642.9186466002466 587.3587596193918
566.7673943596898 569.6380308110517 587.2929264384129
573.4965222394294 577.4547790865346 585.3540193922684
565.8652879371764 653.3787475462364 583.4836166920134
585.8620503850887 670.9309517726562 581.1229913741606
574.6315137995052 685.8777231333814 578.1393143209912
580.5704111667105 710.8815307104594 576.751771223571
582.2199709065908 725.6039276716849 576.5442266954147
560.58318612161 720.7054652086196 576.4759318479827
575.7866166634963 692.2010094600989 576.6877015799631
563.574827476998 668.7503899594558 577.6609474026811
526.4246417797075 670.2958986914823 578.6297019991464
537.2558116663665 679.528388324071 578.6973349680504
563.5922403135821 686.2176509075186 578.8331517618622
560.537699743408 680.00527917411 578.6230541925772
580.0370899810409 667.551425995872 578.4137792272933
594.8214047190602 644.6778254175181 578.2750376236804
591.8737385495021 637.7406257124701 579.2464932997005
583.2208408243375 606.3043379000164 579.2464932997005
602.4357368346862 601.2964497257892 578.9022642359951
587.4500665108732 588.2942167666857 579.0403656459116
583.8236510008646 591.8806018307503 579.3235235427851
601.6463965309999 597.43822872566 579.6820249067587
611.9142313624004 607.6878103696049 583.556016994225
598.2915172247314 600.5601954092663 585.0988239766732
602.1174608429149 583.8022725948131 553.1661807280155
620.761992440457 571.4237080972765 463.7559318243732
600.465922906425 571.4000698323937 381.7426608535199
605.1421891983052 584.2057289037289 299.7293898826666
612.9000440212808 595.0619059772763 194.31485445505712
605.4337345740107 589.7889451029919 266.4584017680299
641.4067193608682 589.7893306629845 271.17957225921907
638.430129913409 602.959513296506 271.37584442105776
669.6754512604418 613.0878565646041 271.198727833955
678.2899914097243 619.5028146670527 271.0209355522795
672.3457086784724 619.4306882784088 255.38587167360424
626.9999110583421 597.4636399223741 253.26883903323576
621.9090806549516 565.38619813672 254.16452801675484
617.0653801990875 533.308756351066 254.86876759383432
613.7805423383124 507.8699080301394 256.23637303945475
613.517047226085 510.280560084352 256.6188789394539
627.2244689036031 493.46446805739794 256.6188789394539
633.4081051277891 386.23595022156013 227.79742188782325
629.217549108923 434.56891324780435 227.75890496960136
630.6550086548145 482.90187627404856 228.68723169607972
621.1999027858528 531.2348393002928 229.06571915450127
604.4897012579556 579.567802326537 228.7364015299978
604.0075236035573 627.9007653527813 227.86019824958422
596.5525681904983 676.2337283790255 226.86208766892216
591.6556284409158 647.80537648566 226.30640969122626
587.3740823643132 621.6937068999341 226.03672848294866
578.0022796110204 613.2793931957083 225.2198925494816
571.5120638216638 601.5254097292946 224.88750413916893
572.9384333137848 586.5329537236412 224.3682019878339
584.5090252615475 573.063581792414 223.684214726734
589.4487198072143 611.7935580840948 223.16529641233416
553.59915337434 650.5235343757756 223.66492796144863
548.088333835665 624.7473738234878 224.63158534530817
602.0982957516172 609.4583476005466 225.2629350024191
601.3994570456739 594.3571777700924 226.82007401501534
611.8203589621014 591.6014889939358 227.8713229527827
621.2285396320013 601.6586575044944 228.57842208548783
621.4147295163334 618.8551448983392 228.41328353622475
621.6258443842627 618.0355976802631 228.405609997912
617.889409033351 612.6759313533007 227.69524590455217
609.1187770420995 622.6358950260749 227.5172393183875
591.1773906684837 627.0411349681119 228.94177695854984
587.3608348525447 633.682253219193 229.46295997393565
575.8573447037222 637.3582039383032 234.75866196166234
574.0237700496239 636.3343095682924 244.3370644227785
569.6115298502825 597.395027755504 246.91525074804224
573.267170104451 542.6802850701347 248.8304554706305
586.8269166679411 487.96554238476546 248.82040113088868
589.0432038501067 433.2507996993962 248.6387942377456
588.6716204622674 378.53605701402694 248.48763351013383
595.4907639921882 335.0977156440689 246.220573233117
598.0589435833227 375.68992577760815 243.44609429355796
603.1005305917082 433.0159184302353 242.76943991041588
600.1541330004789 490.34191108286245 241.70979550009838
595.9821234046096 650.2662922009956 242.4481909031222
578.2197848716812 662.8933788599181 242.77046576055977
559.3150354737637 609.5885928683739 244.87390579913193
560.0966761787531 593.9598710325893 245.9337012566194
559.4160073834278 592.9880935747576 246.67051644780844
553.5877503604938 591.3854486408011 244.45895869336655
567.4603744526635 580.2375514958218 237.41713609003958
576.8865682364019 576.7796569539184 230.3753134867126
570.0021929782375 581.2182820220964 223.33349088338562
562.1888028056055 581.6595526983622 216.29166828005864
553.9425171329132 584.7747356966147 209.24984567673164
545.0821039072921 583.336471387169 202.20802307340466
536.2269236225093 581.0441569068728 195.16620047007768
512.837850187037 579.0935278517031 192.2515247600467
324.409214825611 563.9776329282311 175.46571431555037
381.23343718402407 546.7442099673772 211.55885668070698
438.05765954243714 543.1621013535391 204.80543005592156
524.2693529434708 538.5430055174552 191.8849483293752
664.1997730252758 537.4720922987536 189.81964810863798
674.2003484864154 539.8043920664287 187.7543478879008
639.5723900558141 550.6705355219374 185.68904766716355
612.7528032565502 562.5946850354995 183.62374744642636
627.1269705954837 562.7002145082567 181.55844722568915
580.1735138464328 559.5199462069911 224.62988257134052
562.784382080034 558.7802080112336 239.66721359740177
560.0186400341295 560.7397530114974 244.66097818980535
563.5710983261146 563.7667723964707 214.53576166154602
572.3787071247696 565.5366677057543 170.73669477561737
564.6008102269293 563.8094938688905 171.73270480448184
582.2117163096912 549.857472711393 172.36162946863004
591.7994119892101 545.0110090631198 172.0583644020048
594.3599300336571 545.8802524363746 172.9731694817745
594.401109244131 549.5457214827534 173.49534106848722
595.985118097238 551.4607873638886 174.0533772020819
594.7218195026414 561.1410963680592 174.26990560621763
592.0356255309114 563.4971162304205 175.38653818120312
588.9265409100486 562.3848552155332 175.80119159991898
591.7611190435161 562.7001240876796 183.2280013441931
616.5276591786526 562.7002145082567 182.54451678345913
583.5546550750748 565.245547420718 181.99752608292744
556.2460787304956 566.418854706136 181.08735966738612
557.6225265485025 567.7359155501581 182.29680628314648
568.4794693793278 566.5962605262804 184.04914791616235
582.8892057421879 560.9450310301513 185.09549722633164
581.3603936828242 546.3401067007899 185.62429092440934
584.1111334674476 416.7097808300556 186.14871644710314
605.6719059109721 275.60438138240346 187.03141446883546
602.8914199851578 263.26129124539193 186.67786171234187
581.0667571427463 262.6246840852699 186.85514029425713
571.1343408784155 255.90212522585244 187.0978517585941
566.8396862644041 383.7880183657145 194.39277384650953
569.4098854197082 565.1634657699328 201.687695934425
573.0141231945768 705.4152605621589 208.98261802234043
569.3371499294569 694.0458611619566 216.27754011025587
565.405986161508 749.444109431832 226.89429947020963
572.0172169600039 746.565229319009 239.21917758525535
576.2374041865257 660.3720290565368 249.64390806822354
565.3585402029962 643.3669746037559 255.40078108758632
552.828586023719 610.8565923391942 254.6344674361499
546.7287649881991 560.7190974915345 253.63404454156773
520.5701704960088 510.5816026438748 180.43310630831408
519.4477663828173 460.4441077962151 170.16630204336388
528.4666207057619 403.85782079037216 171.55055991578786
537.4854750287066 417.97053020264605 171.93530360350468
546.5043293516511 462.0983639124754 172.34083741308305
671.9119854959021 506.22619762230477 171.4353715553343
732.9722114798788 589.0492361268031 170.53186117977117
659.8702053100823 571.3548618243553 168.5180675247284
708.9108401128342 514.7657357646302 168.1482753460383
662.8251732951201 512.9868689494303 165.1340627345573
643.8580662946963 569.4219968791424 163.72000939837045
406.0761152256983 581.1774685928559 163.00690169437613
100.03464585202089 581.9164321001111 163.34204908897658
19.221907806040544 578.6235295273525 164.93961751059678
29.715663352253692 571.8938356784931 167.0616447747683
32.1455776466994 562.3338245205545 167.59809616014712
29.764526715326735 545.940231099464 167.78213473927997
40.49252778096805 535.5297867790719 169.02218789259592
38.70723446592381 541.783066055598 170.44280552852328
40.69708116628776 554.6614466681581 170.4494059831245
65.41298935891811 567.5398272807181 170.2632971709112
83.47065587107504 580.4182078932781 167.78214707324247
160.25616189849325 593.2965885058381 165.65578637736368
115.63248742281814 606.1749691183982 167.60855950327618
113.79945785450158 619.0533497309582 168.1267256724177
119.2634020618539 631.9317303435184 168.47579398787735
115.1740816141932 644.8101109560785 169.71926268121103
109.55123869695451 737.6897228687405 170.24348543804786
86.6247570425673 714.8052887961245 171.12277504966363
135.02313107064916 689.388850577546 172.5347761440443
183.42150509873102 667.4443997587983 173.06673299403195
176.7175610585045 654.8915193476425 172.00390601901677
231.6311519730575 653.4836871887693 171.65543888207242
245.89206502866224 653.2140189832164 172.36471311410227
238.77330008149872 652.6053112795087 172.0191643833203
257.0136791792879 650.2527016396141 171.85640821002988
213.69620386706288 648.6040209054793 170.01763239406773
219.23914011462892 646.9328176651123 158.36278293614427
151.33264791573893 645.1171921547557 146.7079334782208
198.726617324919 641.5965905926631 135.05308402029732
98.68456290574275 647.9647664166357 123.39823456237384
111.1663561136858 647.6901452333802 145.4492046557648
123.64814932162881 649.1299859189301 160.41975907659798
136.12994252957182 644.4567155360148 164.94214308240518
148.61173573751483 620.0364004667442 171.52775365931814
161.09352894545788 619.5250196723293 172.91226017797524
173.5753221534009 619.3518649183961 170.79551497861655
186.0571153613439 618.0829232392689 170.94618059818907
198.53890856928692 615.9953955079628 171.29753046535689
211.02070177722996 613.3634109224854 173.24260448379857
223.50249498517297 613.0874733673817 172.53550359273885
235.984288193116 612.3896444337913 173.5975891516102
248.46608140105903 613.7774280294045 174.32050051095842
260.94787460900204 615.4516487280653 198.70269595203973
273.4296678169451 616.8542541715624 202.08990538282507
285.91146102488807 616.178748416399 201.05937942043573
298.39325423283105 615.7663275557745 197.7394443056584
310.8750474407741 616.3319561411292 172.1009877915032
323.35684064871714 616.4870233832988 181.28577478666168
335.8386338566602 615.9485213489725 181.2357137747562
348.3204270646032 617.8238683542887 184.2324848357016
396.51431383597344 617.4595801380426 184.06270344817386
501.34686192980485 618.6147945376656 197.2749947044136
554.6681179620776 648.5033593147831 201.61428298950835
572.0118499850453 647.7016369583016 200.6638980982877
584.5594539686158 647.310135354455 168.84502869574155
501.5893003589821 646.8201149729973 165.40103332638046
392.0047839678716 645.8244049861805 165.75313613147188
591.3856663246773 643.7270472206633 163.30110226204843
576.1425827832791 642.731864777218 159.26413674927258
551.8998745324443 641.2272123029313 153.88151606557145
714.9979578217554 642.8165848154883 148.49889538187028
615.5671988210812 643.6056634306444 143.11627469816915
570.2943159301878 643.0009023112759 137.73365401446802
572.0588939520273 643.1004975896069 132.35103333076688
613.0974804066501 645.4038729207732 144.95694108716003
645.0215678977659 646.0070888806082 160.15900234981777
639.701946120166 648.3149311869965 165.69573489007482
703.2860419498309 631.2013021767857 170.3637088081471
740.627951486447 615.3007281942953 174.314739888798
767.7132118758648 615.7079258869419 172.92373690146212
689.6810466529387 615.4186919030835 175.7384529836743
706.8853288323444 615.3693338425945 176.34766797437385
795.5964180847917 615.2070238795933 176.93077742439272
745.4720890059668 615.9826442853728 176.93077742439272
740.0197679811362 615.0385499130307 176.12069725049352
705.8458368473316 614.9569765255562 175.24387380335568
716.6907719203913 614.7334311341597 174.43169011125016
724.9311941205126 613.8775874806645 171.17982084617805
711.9131377827764 613.2301374980317 166.8429394016863
705.5707388119893 613.0099917619614 147.30050824607704
709.9391765635064 613.0099917619614 118.10243161642717
699.5444396550602 617.5950171283555 92.85547938136028
700.9290303479208 628.2124199491295 130.27737187429932
698.6220913154118 629.4865714932585 172.41356617005596
696.3151522829028 630.9929998731695 114.38291498652127
681.8044319370077 627.2186467883635 165.10019629767407
675.747984949725 621.1254143013313 150.73848902771795
676.0583830946543 619.0947019640856 144.88450293769898
690.7102151878555 618.3981442463632 139.03051684768002
692.6285922061982 617.1274179616395 133.17653075766106
679.7327423041637 616.021645460545 127.3225446676421
688.8780918260608 615.3695925550421 167.05578778281887
681.1703141476406 620.1268073230581 171.83635668552432
691.0140454857774 628.0765883907031 179.8698370038211
701.3571439001769 631.0930557385735 179.9152421828092
721.7336587776697 634.1725443557552 183.5824065644636
648.9831700045668 637.5113654874159 183.75111302555422
636.1496827179724 638.7292331049392 183.0873951832255
651.5094463505909 638.2045126759916 182.71527526822672
628.2519376484548 633.0010768013525 183.6144057529256
628.7410370360255 629.1011526525813 183.5091657780278
616.6399353076959 627.8001595101283 183.60306463598386
615.4012965533223 626.3006544782006 239.3566625482232
606.6391997134663 625.2010400043471 313.15216797538284
597.87710287361 624.4023868099628 386.9476734025425
600.0287644348565 635.1177132521043 501.2726811333222
598.080404454711 646.170814646618 572.5113073255982
632.0701911607464 647.4184099872583 586.9250006988211
603.2004887462391 645.7005885083271 593.323557696322
577.5119131923661 645.4681223509042 595.7207497423728
543.9796917576566 643.9833121066042 603.1940109854634
556.5293300576434 642.6578818857248 609.9249303856402
509.47476231305757 641.3334518973948 608.2849264115146
559.2756188382871 639.3079040358169 610.4233548981678
613.9531351094464 638.2133316553097 611.9547225734256
508.6453720186912 636.4165302692884 613.1389158030576
525.9168536201123 634.701701589022 612.5206792904687
634.9685954359069 632.6779625308513 605.2332620003128
551.7698478675052 631.835823061906 592.2129745391908
609.4622109736399 629.1145321819677 594.0225430670064
566.5531981813981 615.2488385208311 591.9395503094021
628.7832023544771 597.3108487211663 587.4276713039083
573.0449661967202 596.5075439590014 583.6852916911064
537.1886409081685 597.3109228501737 583.9633388570215
592.6529023434252 598.1147465160844 585.8335977572124
567.7926539770469 598.4122003445617 585.0099449896325
560.0680649781989 599.7070858686959 587.4975415811388
624.0784775955944 608.8304762888013 589.370586646776
596.5435017174253 633.6787169827418 593.115940020836
578.8839728421422 637.0447394021867 596.0372599007726
558.4933342881461 637.0447394021867 597.7025649515463
538.10269573415 635.6382619068805 597.9773040087367
586.3794728025125 635.7126699466323 599.9314851951856
772.905713106909 636.8804787873764 600.6402214930267
694.5058526821596 637.033162402084 604.7816492538939
616.1059922574101 615.8581443473599 607.9771741657104
537.7061318326605 615.4746136113171 609.7042914520872
649.0750777105235 615.1538425467243 608.7280128165623
699.8030222004179 614.7703660276406 610.2603630963403
714.5271296886517 612.9781806883504 606.8701487055364
699.977273346661 611.8905130822017 605.175769582982
685.4274170046705 611.8905130822017 602.4497210475255
670.8775606626798 611.8905130822017 599.7236725120691
656.3277043206892 612.4004000651861 596.9976239766127
641.7778479786987 612.3367129284345 594.2715754411563
627.2279916367081 613.1045995586724 591.5455269057
612.6781352947174 614.257765172526 588.8194783702435
598.1282789527268 614.708667260702 586.0934298347871
583.5784226107362 614.8425417157257 583.3673812993306
569.0285662687456 615.6149326404012 593.4759283761778
554.4787099267551 608.7951264097861 611.7312517692183
539.9288535847644 592.0003590798735 625.5204673047206
525.3789972427737 573.0699129693508 624.1317130474919
510.82914090078316 568.3222624715297 621.7608133408971
496.2792845587926 601.1340048886175 622.0284321037382
481.7294282168019 615.6707705104416 620.7127022548643
467.17957187481136 613.5165753616665 606.7398668302776
452.6297155328208 612.9063957897649 605.6928849839853
438.0798591908301 614.3055021729823 605.0008102165666
423.53000284883956 614.2029387751251 618.1124800724019
408.98014650684894 616.0033772460281 653.8559576123273
394.4302901648583 616.8056103915146 657.9393969052165
379.88043382286776 616.0165080991092 659.2497693230271
365.3305774808771 615.1264811258011 660.4571169836515
350.7807211388865 611.1487238945842 671.943972385938
336.2308647968959 606.7728158050589 671.9488598942512
321.6810084549053 604.6094487032585 671.7011450557623
307.1311521129147 602.3382230054426 671.4534302172735
292.5812957709241 600.4775183135501 672.552395292993
278.0314394289335 600.4775183135501 674.0311837460597
263.48158308694286 601.6998139720681 623.9590472375246
248.93172674495227 602.6867044996661 616.8632897023097
234.38187040296165 603.8488348006424 615.1262734850559
219.83201406097106 606.1189361199773 614.1502182044036
205.28215771898044 607.2891931271092 612.7800333122632
190.73230137698988 608.1695898349407 612.7800333122632
176.1824450349992 610.9633786079162 612.2162696994508
161.63258869300864 610.8537058903711 612.3473950966581
147.08273235101802 611.3356279491651 612.3566193759958
132.5328760090274 611.9274875342666 612.0749510277584
117.98301966703684 612.3304562213423 622.3064224416298
103.43316332504617 614.1312970367168 626.4018232582337
88.8833069830556 613.835482845363 628.645078453578
74.33345064106499 614.4274470926996 629.5463295664322
59.783594299074366 629.3274931610675 630.464309913493
45.23373795708379 637.7579870138828 631.3834664667038
32.67924463416596 638.1539782842382 632.3658574778856
20.194098946046097 637.7579870138828 631.8131643296417
28.226168286440135 637.1478690631174 631.6892863159156
23.194827009486403 636.7515213959052 630.464253209179
10.547511554864494 635.136526600882 629.3407922428617
13.007038405564941 634.5283681601635 628.488077811315
45.544670230083845 623.2148352847294 628.615409134655
32.89959073469437 608.6223476388186 629.4922557109023
21.19487510405346 608.0296045424104 629.0797483926123
18.447859320716574 608.1370426437801 629.5687961943114
17.681206124017443 606.4439380519851 629.2333273502875
16.03115802423723 605.3417110978912 631.0985625683979
10.5388651539045 604.8307614531523 633.061805829415
11.686950397563152 605.1269187085194 633.3490080810545
23.728374495340454 619.0329705830775 631.8771521729698
39.24169165919729 633.0640515981119 632.5380094255497
54.75500882305413 634.8623866634406 620.1100459659884
70.26832598691098 634.8623866634406 620.3411569053787
85.78164315076782 635.4740356615681 619.3476125914804
83.32406337317218 635.5637996395719 620.2334145338873
29.80567940238906 637.0567086217678 620.1261968341605
26.419750741894358 636.4466536275379 620.0317460251891
23.524946358248084 635.8374399168391 619.9372952162178
15.277538594036109 634.2260270191323 603.5469918576064
8.514743979800336 611.5237117234294 585.4444098614947
12.727303343834706 610.8259450594717 584.5307947405338
40.444020140171574 610.0141391803963 583.9234697900221
74.99012452206884 609.2030978154618 584.7180944694632
109.53622890396609 609.4958279021175 585.2112084718054
144.08233328586334 609.9010867804922 581.3099851766424
149.25373741607496 609.2029628949616 571.8292602502663
101.59353746184169 608.7975854091408 563.9866515363709
92.66117044075088 606.9962225973163 556.1440428224755
92.85945160665328 607.1089276233714 548.3014341085802
126.1495713886764 606.5247315650039 570.2637141225335
129.5159734190537 605.5353705269847 579.0620304447721
120.07028016278902 604.8375815043241 583.5633347245065
113.40317408175173 604.5463174976753 586.675880419542
109.4920088408282 604.5463174976753 589.128257235164
110.119253539061 603.9646098903478 591.2787529976317
116.44862297907085 605.766526323565 592.1054410469899
135.79490961281536 605.3596038719465 592.3854666557529
155.14119624655987 606.7546868380994 592.8179837505454
174.48748288030436 606.1734487751835 593.3269748090679
193.83376951404887 606.1734487751835 594.0077114064643
213.18005614779338 607.5683089167834 594.8046956696652
169.46585256019895 610.0141391803963 595.5042693159767
145.51388324683117 611.2972129232511 593.2048550899647
141.08696987855154 629.3002942370699 593.0625997883682
139.1859633914844 631.9024128406716 590.3015486429967
136.3257725132505 631.8045583881142 591.3023005611768
128.3208686326594 631.5031670546078 590.0053719961938
126.43107870498554 632.3016759967525 589.6041044633255
130.58298207842756 614.6044609611592 589.2031391861779
135.73795808277583 610.8262017774847 588.8021739090303
140.89293408712416 608.9438913946709 588.5005312817958
146.04791009147243 611.7159567337308 589.0507172130818
152.0839956586853 615.4008852065417 588.9009550791028
187.59248935701996 580.3773782823737 588.3507691478168
186.13305977650828 516.7230068802467 587.7504251697605
170.8332819316646 536.946269449579 587.1001534003349
187.61287045493378 636.0235057846819 586.850579294404
189.76449613906885 650.9433539103076 586.3527968003982
190.64075682395926 647.4908921914125 594.529655532456
263.7902248206731 644.1089965561725 601.0725951573243
279.6523110101007 641.1951840018588 605.7840094197315
273.10272953760597 640.0817538682749 605.0859565012767
277.49031473975623 639.4549647414553 605.7231087493001
245.5090624600217 639.922184581843 611.1676689647844
227.48446815112044 639.226214708116 613.9757731376703
209.45987384221917 637.676451637749 615.0814313489582
191.4352795333179 634.8154019864323 616.4747903181419
212.7567181794027 633.8937956369336 619.2616799096993
217.70935035101803 633.7654088542413 620.8142500860431
183.49793003813448 631.1422185213091 621.6331981608032
187.7378904112563 630.2295216823788 621.6134218016705
330.9591375655997 629.0160967733656 622.9072667137127
465.9012085647197 628.7134947112174 607.8405866779906
600.8432795638397 612.8089668998955 609.066248863481
721.1288241043846 552.9011885213879 607.7842223018545
750.8416955808608 493.82671834894234 606.5942396231501
666.5786134523834 434.7522481764969 606.3272431922617
710.6435199651837 546.825579436651 605.3394728664696
699.9215725511522 607.6709788895241 602.8216734413149
687.2064882566449 620.6027228532876 609.9932846049599
634.2780060475002 619.5008071019763 615.9405952282211
683.6541371139181 617.8237272046813 620.2254751020284
693.1019083141814 635.1284349860741 619.7406715715856
690.233089698909 642.1173759593672 620.7799890614671
690.1918990396246 641.8070192822762 620.2945017395577
691.1697873576284 640.2392131071011 619.7399500269578
630.2063883514501 639.4562142946146 618.631110449952
701.1553158447928 638.5236878926263 619.3924947083377
654.350448884532 638.5238081709033 620.9914057766273
636.5789806014998 676.5231109113422 621.2672692458993
637.0600617773304 684.0194933365424 622.3048542745566
577.6314404175589 682.5842550443749 622.0271257473244
577.420770570287 679.38944301996 621.9575950175381
605.4662650196867 677.3008932520316 621.8189895689336
714.7557032180928 678.817710806404 610.3846078159015
577.7688578560853 647.1459382930188 608.9440177980425
598.1429468944575 613.9435339211763 604.9487250319112
595.7524101425082 613.6483113314987 600.3927704635244
608.0675322785846 613.1690223747446 596.2781053919275
605.0199169416233 612.8752615812975 598.2923248704049
585.6122043960718 612.5816272138759 597.9460750036467
543.8459357390104 626.9318467402445 600.1702880582193
552.3519243511718 633.3701461008643 600.7656921488913
582.9878506104535 633.6759079151273 602.6009593867352
580.2447176884909 634.2887008060718 603.8830067459833
596.6047577274387 634.6835825826913 607.8271752424329
630.8421928263876 633.8937213760679 607.5596062309459
612.8534028274446 634.5078801717123 606.8674277154065
586.0624545211866 636.5267080021073 606.1610759525887
559.2312987557857 638.2385917507653 607.1295021818545
532.4001429903849 637.6225372428424 607.1216766704683
505.56898722498397 638.0167275346422 605.8718291362716
478.7378314595831 638.410917826442 604.5019067336543
451.90667569418224 626.1897943054942 570.0811755676855
425.0755199287813 622.5924842125772 525.6442655616622
398.24436416338045 620.872492231856 481.2073555556388
371.4132083979796 620.1693317151373 548.1660094899571
344.5820526325787 619.1529279399201 594.4363418269857
317.75089686717786 619.1530239921406 599.4535578207144
290.91974110177694 615.5292438219325 601.9760100462956
264.08858533637607 617.1178979741229 598.7357253451734
237.25742957097518 616.7156962490901 598.9954618014997
210.4262738055743 617.4149739032898 601.4948909242512
183.59511804017345 617.8171250459152 601.7289704652794
156.76396227477255 616.5245331696055 601.7559721348846
129.9328065093717 621.6154025376838 603.2090339272345
103.1016507439708 640.8690634327219 604.488775493602
76.27049497856996 643.8046331409229 602.9324487764521
83.48678452148211 645.4289271484506 600.1199775502957
97.77869899828863 647.3646576698484 598.5021479486418
88.66855823712248 649.5332197223444 596.8485260470152
79.55841747595632 649.6837692293075 594.7525425122542
70.44827671479015 650.0931234392835 593.5573919620834
90.83905513689606 650.4250167203047 592.5475398428102
175.53994983805632 651.4016430060985 591.3369067885508
169.0765999749355 651.1666991698248 592.5475398428102
200.47962008280106 649.2277415737096 594.79647388956
187.1729062897091 674.7300428625347 597.363809733768
180.90066881834395 672.5087969188993 599.1320901938924
181.1600967640814 671.4048768099146 600.7456508827663
295.9662594970807 671.6898466129038 602.1432653981803
442.82012637121323 671.9771168831431 645.8241471743279
589.6739932453457 671.6298616206568 651.4187209998745
681.9194648648163 641.4603030883004 652.1917096736995
738.8912563831373 621.4527763455676 655.0561691911574
694.1946103032853 617.251189807183 657.0228650821051
695.6545101372499 614.4093872562742 653.2447424229645
722.6585719908064 626.8799235424021 655.677018492419
731.6920860072967 637.1193563112273 656.765178735901
719.5014306627259 637.8405968141956 658.4940035218572
697.3838506177965 638.5421888489586 657.3464500371531
699.5907472975572 639.5508714631151 655.5611034290686
690.9897563558012 640.7818829557882 652.5769650874279
762.7612057845645 642.7595728648021 649.7525197062454
671.8856705085302 643.8414797346768 651.4230576207754
679.8931665686832 643.9964316932757 650.3094552781669
681.5627435312839 643.3355475402482 649.2322398456777
680.351640520748 641.4403443173101 648.4909405689489
661.3603138026826 640.5161980777691 648.7428545629205
652.2033670192983 639.0709991658653 628.7993343250832
696.1215786831985 626.3453545058337 616.0254215877937
739.0787607569108 611.8158099945853 614.776167705756
730.4574034277983 610.1843983583979 614.5442445060316
738.880551033666 609.4343689028376 613.7021928732247
737.201320609234 608.4030447770451 612.8878543508968
708.3997794070503 606.97034523937 612.6855111027191
616.0008620458218 605.1334695599242 584.3688181681657
609.5052361439509 603.9971026420574 535.2406466130278
617.1518972098966 603.1479255456388 486.1124750578899
641.3621367602673 602.3011460794389 500.9635913548989
646.8981959953787 603.842901755084 582.1191629575926
774.1096440810506 608.8595245604121 590.75688557468
647.0694713962915 613.8675863262656 613.1155793973726
703.3282346333947 616.6112320073491 616.2402149694971
699.7322609855967 618.4018855222434 608.9876849615692
672.8333596798213 619.8014937893314 598.2030045978487
587.9935104619615 621.2099667882213 596.6653371209223
564.9464623029057 628.2191800099654 598.6495615301021
608.7543477103579 628.2436527200375 595.8097070664503
612.4173814577648 637.4145734011868 588.3964399426634
619.1216367298124 652.1000766260541 600.9895031819708
620.4717519841037 658.4012119868271 600.3763280783663
649.2035044177999 665.7411283674759 598.1649142078625
680.2739897053134 663.7293032580034 596.4011930980797
688.4332736000649 628.6134978130389 595.909389085287
739.2606777272085 610.1355915372468 595.7046945426434
712.449647343586 626.8199389893293 595.0908187585418
704.1601205512068 637.7692597641545 594.0683874136972
689.1380696886358 644.5492607589542 592.2299666264605
814.6923091543048 645.5915891571101 591.8217637093114
693.4067847579757 636.7766536232897 596.4119823592451
655.6442318403618 630.9026558863845 595.8351042095744
617.8816789227479 616.8484495370651 593.1580538523131
484.0551790785489 608.0232371229521 592.4300985966526
546.889784091908 603.5337589686593 592.4225687799393
624.7004230514447 600.0471983858424 590.8967594002634
623.338218013945 594.4459466048722 590.1361033501039
640.3975188805523 590.6345082534282 596.695638179893
629.7516820957792 582.4112213600496 607.8424672393578
692.4142862382402 569.7251339449899 611.2624031682155
589.1209966789606 556.0673968788321 610.5103230137161
570.9714590380511 541.7188113121833 611.9088984481268
552.8219213971415 526.0622574012478 611.5595181903093
534.6723837562319 532.4400286553337 611.9092982060743
516.5228461153222 538.8349745199223 611.5074906947239
498.3733084744126 545.2299203845109 611.3141492223804
480.223770833503 551.6248662490993 611.8213284974522
462.0742331925934 558.019812113688 611.4835264551548
443.9246955516838 564.4147579782766 611.0402300504292
425.77515791077417 570.8097038428652 610.5430650576909
407.6256202698646 577.2046497074537 610.0469142566931
389.476082628955 598.5146568660916 608.4468983656964
371.3265449880454 683.5391197764997 579.9810466204683
353.17700734713577 679.9106577084988 354.945678614706
335.02746970622616 633.9239234904546 238.36743702535634
316.87793206531654 620.4901145667759 231.93427208088855
298.72839442440693 606.1600228938869 225.50110713642073
280.5788567834974 612.7441821970161 226.40383085908297
262.4293191425877 615.8341654997662 248.93885257830675
313.9142394161296 608.2195361270685 248.9507987487832
336.15440316653724 601.9978161903913 246.82331728719527
356.16951887994605 595.9560699095355 246.2779787313903
373.1864830672611 596.6071023843328 246.37673960553565
400.37139052562634 602.4169061870248 250.6618213891332
378.865834635159 610.6245302576474 249.62032213776126
377.06601745383455 616.8300564588898 249.13723334488026
353.3843539934966 619.05754982877 249.56577513671365
345.92506245218834 619.3878574738723 248.74725800377126
629.1633866814625 616.1422355935226 247.6936683913725
585.9409717659428 612.0165891225861 247.5080770405304
597.5672740633119 604.6804819040867 239.5767414761084
579.6801828166076 601.0771363336528 230.41917100871916
595.7936235840555 601.3401699537459 230.8085156451969
591.9089983596223 597.2102386184221 231.0179310314515
589.6428129866658 591.5855597316977 230.66510668415717
584.5692934565384 586.9253113463176 230.66510668415717
596.5223998797234 584.8902228135232 217.97381032475752
595.1901910553165 584.5282930658186 128.7282346134151
604.6805143410405 586.5987365209169 126.55317281953542
609.3975066456265 586.4737175060552 124.37811102565573
614.3812961544705 583.966378812027 122.20304923177605
639.318540835397 566.9335235151988 120.02798743789637
620.8618622900281 548.9942725193354 117.8529256440167
614.4935579908122 543.553905879301 115.677863850137
625.4317969679688 540.1504420066691 113.50280205625731
621.9681860123342 484.8619161395519 111.32774026237763
611.9619491799297 397.5101512640328 109.15267846849795
601.5025291683557 335.8567379260027 106.97761667461828
593.3909930464956 274.20332458797265 104.8025548807386
593.5077348738942 225.69695129548438 102.6274930868589
595.5547644137409 209.1471844505635 100.45243129297921
600.1932457582144 368.55807564449 98.27736949909954
601.027806681914 557.0305061047808 96.10230770521986
600.3681516295183 729.5628425333781 93.92724591134018
594.7493017133547 724.3191390857356 91.75218411746049
594.8833954553877 703.4843563060451 89.5771223235808
593.9868974149854 771.2319273017445 87.40206052970112
589.1886425993778 658.7080199835855 85.22699873582144
592.4465569352037 629.2506974968745 164.48785572273144
594.9338130526118 609.5301375206799 167.70649338174684
589.3635847315572 628.2402641802244 195.5853628475678
584.3941246028978 631.9816428177343 208.42955824636127
586.6705622936129 621.2650207856982 209.66103592991144
590.5016133226577 627.6871946341711 212.84296437439232
593.7623751579372 639.3046406550545 213.54770935914325
595.1207574859144 649.837490406756 214.25830987442976
605.5574101694601 667.2626751224846 215.32243256637037
590.9213841361834 646.0295203727951 215.1588862214112
609.5698184499228 627.9274938553176 213.58199557502854
615.011107414698 614.3390863978027 211.6839261076528
714.5605128194704 614.2444671381727 210.83670605595344
742.2565421163786 619.6172726217287 211.54345499733523
719.1779911668566 626.8288857870036 208.6655467467051
661.6914246832949 654.542009079646 205.28371893573737
676.0010415523652 660.0159505327838 201.90189112476963
724.1319352575772 658.6017385339944 198.52006331380193
623.7218834447938 657.2926016140597 193.1313218159496
582.2382858492882 658.054675273225 209.74772913262717
532.3448354855243 665.6280239417318 207.61968649883454
482.45138512176027 665.3943472089722 85.03529242510146
432.55793475799635 657.4248941035577 41.77432174834303
382.6644843942324 655.6256822277243 30.44608227507051
332.7710340304684 649.9507690816247 25.48186765741658
282.8775836667045 640.3909739366093 23.22272902049762
232.98413330294045 649.2757894406514 17.224698338853184
241.44395530959116 678.5443569869901 14.150968941118624
294.71294897318535 693.4721809707293 12.020888508822997
317.91708239616264 700.5723085058138 11.914725264086233
307.6893023298232 707.3091226768181 39.16954085374467
309.6611140810123 702.3084970706993 67.3003353187416
317.8843722961269 699.2904028132627 68.85308832562241
360.264082654874 698.2554253481669 69.22489881243835
250.36139420638833 702.1164084131601 69.27012973312505
255.87520794794682 719.6219992247561 69.588103740169
296.7112900906599 702.0959046019539 70.90990633820968
267.0831474523107 692.9889683746603 31.067137612720888
277.2484563210333 692.3774027824821 23.866134788333888
269.30318294619417 683.0258114133635 21.237557503938717
268.7767888534786 671.5649627405213 20.23355627141717
249.7450578701429 666.3639260991829 20.10812412799342
238.32140970653967 664.5797587755607 20.10812412799342
226.8977615429364 659.1320933704985 19.91230775173988
196.00394407157492 645.9648819415555 25.49811616782673
250.8021972184255 597.0914460790257 26.206160458360937
288.74706980854467 595.4316780230927 26.14056585159615
327.42791025188205 534.5516716719546 28.439028393244723
332.5206437502021 543.5211923970547 31.275762999308476
361.5920460352087 570.9522452046704 31.06956170313172
304.54084272881556 594.8621082683482 29.586435077239003
264.62576405022963 592.49400869564 26.796729146963195
284.67731702407144 604.9113026975027 24.915025787910054
312.3121043158862 621.514418437995 25.24465253213694
339.94689160770093 636.6301015336217 25.53206603770535
391.35130094507406 643.5271877867808 29.014497327059765
484.7627555157368 641.8430493508519 32.00482231517294
521.3869678703583 640.2198020636104 31.691632387597636
564.7322541645184 639.2483893997336 32.62992977812368
566.0407164246849 630.0884456239296 32.59601202601324
693.3029249695755 619.4003129369187 33.187865308265756
547.3496783485275 619.3425104081155 32.46316917333383
514.8726570507529 621.7248819195258 32.97088286020432
591.6860614144568 627.2012385911878 31.98683063294716
463.1691532306645 634.2533516293187 31.51292440298868
438.1111222238569 642.5631156338961 30.660484502278333
462.5633791382028 645.712894564173 32.07023542164915
461.67748854530174 649.8035405320541 31.35055277021913
430.54833642096094 652.4481460231468 37.913270299252176
368.2204577984081 638.9592453912819 46.370017764284
305.8925791758554 636.2603645148954 49.07348462913997
363.16879132041186 629.9997606123048 51.77695149399594
398.4028376693958 656.2206797656482 54.48041835885191
419.9335439239538 656.9611103234722 57.183885223707875
509.83416566285047 656.4452394062714 59.93930495637326
595.7931076205014 629.438454222792 36.248013949418656
604.8554229735562 611.4714528255602 42.58082812091288
589.9468299266262 634.7487484446058 33.52076827063718
532.0624445034599 615.9810137243345 18.55767450556772
563.2572838247004 549.6176711992323 10.528926607218827
575.6456075246406 546.6615459477324 13.288018216270466
680.136241726216 543.7054206962325 14.624190411655396
522.8155441442716 590.5845869304053 15.608729322967797
475.1664524595468 615.3604734087274 13.951460900374682
445.37337905476306 626.4023258055871 13.697292366434583
541.3919329402893 652.4014923291134 18.389462489434653
541.7403024776071 661.1064267793345 18.203639745422667
485.44369823215715 661.6038206580715 19.44595155937558
467.7647838743216 662.602304601997 21.213203435596427
540.8711335704274 659.8098210848335 22.487099192322958
503.7329785352002 655.119434630343 23.50531854708632
552.2559808506959 615.1374861475426 24.25265927354316
538.3759345732235 626.9747863203548 24.010412149464315
545.8473286173921 637.1189813031694 18.5
565.1174227594281 648.3063152991197 12.826473218982951
561.7990314087906 619.0373395028594 10.835927237427462
528.4244347205795 559.8776698117043 8.782290095603447
523.4751307496479 555.5710047139328 11.546693311223912
545.6938124417111 563.0315266483751 11.322599018101227
550.3033717562073 569.9162781175678 13.61476510887299
486.48360100801085 573.592407550867 14.71393896956216
559.4605881869775 574.7090568278875 13.943374877252687
588.1587879747276 582.4080361000608 14.750023756982664
661.1692909429466 593.5564116998135 15.498688504442969
646.9084175140955 597.2449184082784 17.56437635952574
642.6460594115549 601.5179989472854 20.030606997112812
618.9218704637094 602.749170167675 20.554804791094465
658.9512400665601 600.24889069355 20.056206003351207
675.9601730781376 588.9129964904516 20.056206003351207
615.484047763774 539.6417401220663 20.040991483690874
645.7917820178898 559.2022047377684 20.78893951160055
564.5848850878958 559.5186134635376 21.255882352603287
611.598778465589 564.5998564287531 21.801669566726126
584.3425301607315 572.2787086243086 22.505557612660034
593.9102360158922 571.0562520420492 22.79707406840386
575.3718694767604 570.0087580489027 23.33587279568595
585.4689226266811 568.0232918466655 22.588757397802453
561.1734770554441 568.571455436658 21.27351964582976
549.9189733048966 567.7484429325212 21.772979397788063
437.95242618865257 426.7791582728653 22.642774521930463
419.1002274255768 396.97046427326495 23.56681103702624
419.49145046705485 405.5446148281576 24.5633508603955
405.76078195313744 418.27180283263306 22.600254047075893
424.9749529862156 397.3110653414145 25.75624709607701
460.2949659627433 433.7552426428359 30.757001777959175
495.61497893927105 519.9989180261211 35.75775645984134
530.9349919157987 606.2425934094065 40.7585111417235
534.4312452566026 703.4558076520455 45.759265823605666
523.3649708696248 691.919226216495 50.76002050548784
524.469864703424 691.9603168901526 55.760775187369994
524.1613929960205 692.0014075638103 45.64713205069448
537.8461856133013 692.042498237468 15.643263525751848
592.0468631970451 692.0835889111256 29.667408179085445
611.3858252772185 692.1246795847833 27.6854668213971
578.6753647694779 692.165770258441 28.13056637698238
670.4947799572657 692.2068609320986 29.39815995889394
630.4071204808965 692.2479516057563 27.346203968373633
653.5243179562144 692.2890422794139 21.082314900979412
708.5669759694562 692.3301329530716 34.40411419820099
644.4436225018787 692.3712236267293 37.031478650449614
576.0215517232534 692.4123143003869 35.78058132562969
574.6794313594717 692.4534049740446 37.40274019514089
353.5582140775708 692.4944956477023 37.35304539123952
361.1852135100745 692.5355863213599 37.795502377928514
378.92689108125955 692.5766769950176 35.79462106435626
402.5604080371111 692.6177676686752 37.792904394478754
484.27543529357445 692.6588583423329 36.0097720157754
502.4749931649177 692.6999490159906 34.79363519969034
565.6563446557245 692.7410396896482 32.889967197053366
594.0296013698536 692.7821303633059 33.68601046667948
572.2677957986116 692.8232210369636 32.77706203648269
573.8049656856512 685.386031202433 34.55700600835236
575.3421355726907 668.6644649521979 34.062392054242125
568.6307204216953 674.5735453974248 34.40532975408142
675.1950474230628 655.2321062345712 35.1241710888478
888.0822053942045 649.5556074914193 36.2497284813284
861.3546021883997 655.8620054350888 36.70490430446591
708.0949549865701 664.1831741291799 36.968641343364425
656.2826870163747 662.8407014147172 38.079374978519816
691.6638940522366 658.2809744341017 38.53894134508627
730.8551103306536 651.8718334086832 39.85285435197835
595.4190845628608 661.0986217077875 38.211817412057755
724.4079863487489 649.1635226548162 37.55853593064608
709.3659309888942 640.0487298009508 36.697697398654654
773.2372351141257 651.569284300811 35.93288954450698
757.0911694633463 654.0801982506207 35.23089497583984
773.7603189107922 651.6984527165346 35.20089370721177
886.9967044565417 648.5493685025838 36.78066875100623
906.4555343369118 644.6001397081349 36.47015741607458
707.4924434567408 634.8358348177551 37.16517186829626
704.8954725024378 641.4754688643341 38.50154117729855
677.5605434153375 644.8955378675756 38.86350709261508
668.5124578470545 641.9908488444364 39.88394683963905
659.9296683384896 641.3655089002484 40.85380896788346
651.2958363884377 642.2201716603187 40.38873605350878
644.346855804353 646.4478046323236 35.151956302616
784.6462775511247 644.3426163421802 38.665805134273
630.2351802189767 642.4252874848561 41.20223500412848
625.5467514662448 643.0329248437185 41.38484381183325
625.6550567205543 644.3194441529147 41.83670687604018
622.3586463932185 653.0007735183259 41.96382388647736
617.4112476983391 652.3101298785766 41.38290363651676
612.9278097786068 648.8335687986558 40.597283416046054
622.5428860536472 644.1587537245769 39.82533001859622
661.6812656966492 640.4474997999446 39.38591118661596
650.1315623162582 637.6528546744876 37.78012596449442
672.4852769053116 634.968238181863 36.07235520657385
714.9814039461477 636.2556587822698 35.3737730687387
657.1303828737572 618.390946623111 34.3537872979534
664.033341849889 623.7565726886132 33.15954576539433
674.4562982161115 619.0222128486182 32.71849629796577
771.9468554547599 616.6384905925452 31.322714277972036
823.3914834486227 612.85767566789 31.00654974485993
795.0760951991901 609.7786817970199 31.629101156814464
766.7607069497576 602.3456924447139 31.248934441363858
738.445318700325 590.9563579510789 31.158484309778675
710.1299304508923 573.9950630297094 30.952724115583628
681.8145422014597 550.9004138956038 32.501384795636625
653.4991539520271 528.0805557193368 32.46311984687268
625.1837657025944 512.2708959348734 33.714483049277575
601.1605312565691 504.82424436954807 34.702473717728225
597.4807996008017 427.5575420281477 34.15665810783353
593.1175398388049 325.6762633992587 32.99021063130013
583.6674654330361 223.79498477036964 31.8693646452828
574.2173910272675 121.91370614148059 31.6587108995343
561.7371888751605 43.991076972666356 33.94913912111048
598.1249626363294 96.68677363528892 32.96458031466953
592.4092097609381 168.96326278164895 29.76009856024519
589.8302942942354 241.23975192800899 29.850825437543875
577.7705868508563 339.83355392827076 28.78719963943483
587.4736793606083 420.16088057862356 29.193240767610234
576.2185191692528 403.22166867934175 29.78221178247669
533.6963969712274 414.40467216889317 36.964643159131214
521.2362588185679 400.03832815641806 44.147074535785734
520.783352929785 414.60145199237064 51.329505912440254
539.6843311584338 422.3677776002774 58.511937289094774
551.8237218234847 420.60372329656116 60.91228970647954
549.3534568611258 494.55979134076506 52.92274932316916
552.1789150471045 700.5933997663033 56.16128507873429
542.3802696011603 671.3979046981933 57.591224188890884
554.3250957354717 637.5431747021289 48.87346896540014
559.7088528869273 647.1111208007485 49.91168066658486
558.8818689129056 659.7596288979653 51.25009757212004
548.7067867100859 685.2733637220377 52.23932818078723
555.95105415805 689.617587556414 52.45136275058367
561.135491833154 675.2117510193802 51.70500179968448
583.9351031138278 650.7437149203034 52.320201981773224
576.4722818332626 625.9176480486731 51.228803759150566
571.6342088925035 612.4793253542643 49.8196748283246
565.4453486972841 613.9613189937413 50.212999271922286
558.9404938378296 614.5308093320996 49.052033698407385
476.77773000961133 618.1379320751112 48.35104130355654
462.1802794811916 623.7610572609782 48.858809140931356
464.41053726085136 626.6981251786847 48.263004515928735
398.9686311672793 625.7452041941042 47.362941387454214
77.98351005077672 620.1904137901988 47.197786294657604
77.27718177917745 620.1471304720144 47.22637739975144
76.57085350757818 612.8104636077194 47.087717521459766
341.70676094492785 607.5911591339882 47.72690547814025
483.3396434813827 608.7078390166241 48.7101784614554
476.0491462293004 606.9163783256131 49.43539920723755
531.5375043486548 603.8902020451997 49.52649453263177
554.8050810389318 602.3226805337604 50.36119537898202
552.5544596522768 600.8599152397865 51.69780303721231
554.3359039048803 599.1921838540447 52.243351590033996
551.8816011723463 597.6276642661196 52.55187920662118
551.0027223163239 595.2323664494713 52.88537529732477
553.6967095714909 590.082059240628 53.66865457137823
555.9087222516171 578.2185483569892 53.01179114121688
559.9357650597459 565.5442603442438 53.11886233495097
608.2181215085345 558.2215119703665 53.33045713446969
606.6193910093681 551.9605660885785 53.556150475639214
606.5682496263744 549.3136351621199 51.664145313768614
606.0635280232593 548.8315844787144 51.1228412316367
605.6073743968687 555.0201687415166 49.925546669030254
606.6791135174752 562.3509243547587 48.32990180968075
607.1347154284304 505.328226826107 47.16990566028302
606.473412442788 505.02706584218026 47.16990566028302
609.163832606223 512.737454075843 47.72646272492646
617.2341602083955 512.3218787298692 49.40552049847507
625.30495912168 510.31275559044224 51.97118949427217
626.8782352454555 504.8610638288337 53.474082331904675
623.9834066317298 499.40937206722515 54.810271975630855
623.3719309065629 489.6625991104546 56.4636103526293
619.9718249415896 464.2272128522245 57.13594924967265
618.6026689917937 425.1737591697424 57.80257058285753
541.7940703546695 313.8345248103888 58.2531881535064
539.8457469152306 267.2977301089742 59.03559527319147
539.5085190813522 240.50067943301354 59.71631209230624
536.1152488212426 186.72914327326689 83.58934876298193
528.8942826219474 201.7209477285706 144.3609491484141
533.5669875701769 226.60220139542767 211.03669662388222
611.9509601536938 223.07988840529487 277.71244409935036
695.3602793187456 213.48429448359167 344.38819157481845
694.1131133564036 209.06024309780778 706.8555134111323
707.8562765865486 204.6361917120239 766.4368194728191
696.6855245221473 200.21214032624002 773.7187115864015
691.2481464712944 227.89871133855453 770.391597524857
692.216389278006 273.4253689840332 725.9302128439556
679.9328362433179 267.91614102962194 712.1548163468528
672.1163203557692 275.8415447454913 712.1400893700278
667.3930184746109 281.38904235570885 688.6942860564719
674.496337634692 282.8149459562787 679.4042584536326
553.5534371796564 286.3240294976368 678.029816911104
573.4634420200125 293.79720822927976 675.8013262492293
558.3032330194766 323.9185149619731 673.0994389857246
557.1860453675359 341.3536059516623 672.8836000801452
510.3125196648583 355.7483600805918 673.2183790244381
413.14340656767996 366.20958982553077 673.1337650655412
353.05214589400526 428.8885607439073 673.1763950403806
332.3675132875859 517.7999051731608 673.4826488084858
351.1317174846752 606.7112496024145 672.8171176603206
360.0347205478938 661.3342915275847 674.2660245230727
358.1092123733152 685.5670902956417 674.0369953473837
455.60627243501494 677.6735874342971 706.4210913312804
533.0189861432963 668.5946765903818 677.2311530232587
523.5456818625509 657.87237327917 676.5649172607468
545.6112984428866 646.684824300087 686.3863058663649
544.4928833327392 637.3069647534938 694.3700164475472
542.9263301774929 627.2706520333707 685.1739351045887
571.8018066516589 632.372115502682 690.7980947662925
598.0019130014525 643.3345116808143 681.6541214816137
598.9075169965653 665.6518407837582 699.0137072075136
597.7412036785513 680.4470626871844 701.26697997259
599.1204278011439 689.5904481668144 700.734795821674
597.5413647307591 698.1314117481209 698.0489103566987
595.2898453694637 700.571610398192 691.7565675258659
594.3874558294151 703.9408974666483 683.1705934471873
592.60973892372 709.4119650552298 661.3881211921523
568.6803158271834 709.4126758433297 663.3243785582702
560.530106920813 703.7850909628969 656.0460951329757
565.2472398078128 705.6230092238619 650.181504497471
567.2188737073295 702.8161387606056 674.1221851168882
567.0771742354459 687.1214736590632 738.5890719850233
568.5513853812895 680.5600562215318 742.0736921415305
569.8485101000979 684.2766661783262 768.8463313665263
568.4476008643853 681.5514662739081 716.5756140646768
567.648218529751 680.3447361136875 520.4963558497876
564.5138311498956 693.2581444841719 451.1649731973514
564.3983487388676 697.417198081856 381.83359054491507
554.5664577373432 700.5224827239037 312.50220789247885
548.4664731639476 705.3488964139542 243.1708252400426
548.9815046942322 708.5337843060688 173.83944258760633
549.4965362245166 678.5668593711475 104.50805993517008
550.011567754801 669.2519539942525 51.024955254965214
550.5265992850856 678.5685773995571 55.11894274092013
551.0416308153701 687.8852008048616 58.511402674701586
551.5566623456546 697.201824210166 32.646960241855865
552.071693875939 706.5184476154707 29.530133356035748
552.5867254062235 715.8350710207751 25.126973520219703
553.1017569365081 725.1516944260796 24.520503619443993
542.5470438677837 734.4683178313842 23.014402113696505
529.2202683337115 743.7849412366886 21.641310473772734
536.2765397446581 753.1015646419933 20.511579522821002
534.9161169136082 762.4181880472977 20.766503825799653
605.8690527808267 869.5456732655291 20.579162268190597
673.4913720207518 700.8829756144703 20.75196856208674
653.9015130368755 695.8030842541957 20.491634072876188
661.6716862206404 668.811061458417 19.24045995144933
648.662980353168 665.1454699837755 20.252808477230943
643.4303083025534 662.1854933000553 21.781806337234173
629.0532615779812 654.9873142482519 21.711825052288965
639.5254980822874 655.8309991122106 23.43110012114684
604.5061987035159 645.5422747999605 25.12062814425476
616.2558637786714 601.7039893740043 26.35772672891833
628.0055288538268 585.2798507373112 26.5
592.6076741823442 565.501521706797 26.424312126255398
595.2835461706181 543.613461273704 25.656799859075328
589.5467055402345 524.2847387975719 23.92346973764508
624.8565516948847 504.5238350290283 22.408285991004348
690.7330589803565 364.9121854009982 21.460279269205564
716.9257252200623 272.9720171540386 20.551223653793805
702.2996727344082 278.3452945216196 20.071118037941893
700.4476718413434 260.6963872478947 19.474342094150447
699.0471796323807 249.65799745226963 19.802147354761548
693.6578879108954 239.969898909427 19.802147354761548
681.6086343234579 311.67273215520527 20.557428743034443
678.1755863980834 413.73287513695396 20.230022802612478
672.1487942513975 492.5407393615395 19.8530301301886
679.4546409990855 490.3295915187491 20.557428743034443
698.4525225271343 473.8381999002972 23.637293083984275
705.3272591467976 496.2249511131124 28.24643576848256
702.1776443890444 508.1590180214233 32.855578452980836
710.0007059856981 489.95095165366035 37.46472113747912
629.271431535381 478.69067684219135 42.0738638219774
581.0408606494616 470.19499905917314 60.960919213026145
591.8703606131706 464.2861496961365 35.92650522758825
612.3369348897663 386.18894832559255 36.13307650707385
593.903178332544 380.6871935983228 36.82641385681547
567.5755334995824 381.767593033199 41.48937649351669
565.0055888289526 386.71888396518324 36.38696907326457
564.575973745446 389.23643730438755 35.724199329255526
564.5759470611549 359.2971695107932 38.268786236304905
564.3201662177244 349.367050478848 39.0547770999128
565.7853608654416 342.83865055727716 38.81776630903893
570.4231033459232 337.95931707825423 40.73339748215342
570.8722219118922 330.2003275586179 42.69074841227312
610.4792797529255 318.74213907726056 43.21253649248693
600.500586739927 221.57718424226164 43.962743361984565
572.8930392177008 191.56359434234156 45.23825814507008
610.7622622837482 193.52241321180142 45.59056920021947
637.2637110936325 202.18230277965958 45.776254988672534
615.3147243816845 209.5020683186827 46.706176037906594
584.0269379182407 212.65632892113854 45.881222701441274
541.8453545451173 212.53870217536002 45.23825814507008
539.9915679819046 209.89518388190208 45.23825814507008
538.142865771805 212.70807271647513 45.59056920021947
539.158894179245 210.9194672170956 44.30011286667337
538.4915565284085 201.8103561508895 45.07185719185274
541.5305634947706 192.93037896476824 44.74760255025647
542.289106685294 189.08066387324146 43.965895873961216
543.0476498758172 207.47678485939926 43.20033903113538
543.8061930663405 262.4259707769537 42.38513890504548
546.1329143079304 271.61827028237707 42.243103887543626
553.6560895448315 314.0434597900498 42.24038352098617
553.2082937031391 356.4686492977225 40.87175063537161
557.6039137051166 398.8938388053952 40.87175063537161
552.6283720129892 441.3190283130679 40.7506930874261
557.8109531404536 375.8339445109725 41.00304866714181
564.8174922412588 406.3027272476194 40.39027743676971
554.317802368589 515.5697878743996 39.90613987846983
552.1968930201215 614.7549981193351 39.90613987846983
550.0619374609083 631.0073569966584 39.423977475642914
551.5402178489048 645.5601467224899 39.084972503880834
567.0391326937506 620.0569158921694 38.194513990778084
564.2538868486417 595.6965984120995 37.025478020113546
530.5719631758002 587.0547848911382 36.06398147451349
527.2217184457511 575.268377948823 37.571530224718714
526.5406537227345 563.5362337843377 37.717627705415616
522.812230295808 553.1991401342389 37.64306044943742
517.4176691525503 546.7513473550194 38.77139154423954
524.8598231212111 493.596820048457 39.53671750262646
514.3940610077065 310.32646125634574 39.29965786988204
516.8045503894361 287.5075702519283 40.32812891083054
522.429029300811 286.0383384591266 40.95424275945045
525.0667457110735 288.47389036275496 41.26924729315697
525.4414282601738 289.7856727052542 42.77345290501043
577.3236356700746 244.37875889007563 43.01162633521314
530.7297694746509 248.09822497611393 43.8932765515861
539.3789980604561 249.62637030684533 44.04110969175972
538.9214199968429 249.48292419752374 44.64302857109943
539.1634724274262 248.24480638818318 45.19207396387853
541.1707815663915 246.16771988956663 45.6095680120271
541.6290666760008 242.79566272195 45.47801666739657
541.6462911585829 227.00117370245266 44.6914875110112
548.3895538390949 173.04711661479178 43.66077319956702
538.123028483659 187.0859412046326 43.66077319956702
515.7270140819502 200.83641553954635 43.06376473983744
493.33099968024146 209.48388798402988 43.09992516108325
471.5055397498737 215.71528961056023 43.492121294797755
562.1634500245008 213.30375787140838 43.2511431828312
571.7637195402377 206.02209652584915 43.54882317583335
582.9481512875167 191.63758859399678 43.54882317583335
578.949852214735 175.26330834359158 13.223442101699263
594.0060989872302 219.17435784303234 7.376625719176156
614.9404003364064 193.34718378311737 3.9525624189766635
601.949582390949 199.82806866449323 3.7203293719430324
504.8575013938952 209.35922301091543 3.9183482697270255
471.85286759520557 210.75168077209742 5.1478150704935
465.61143187272626 202.78989601665933 5.7754696539631745
458.33292140968956 203.7624377725847 5.928009501496435
449.91970733690505 202.1584085357867 6.865152478065314
426.18091038888383 260.7872999503992 6.40574087018311
388.5195569103955 310.7193771449415 6.415044915701853
379.3946230988671 315.93528983365877 6.233619419272889
377.94522699579113 317.5993851067485 5.678865687494035
378.50887111605135 313.48888026338034 4.931040384497288
371.61386727148727 287.05404840980043 6.763773638952289
357.18262080091813 173.61108159075505 7.216452007802298
354.12118192448554 164.28541788708839 7.847213254767711
354.0361321056115 169.73854926484847 7.610584139968363
354.44498867948465 173.08272783868108 6.9335572320687735
403.79075913264694 176.74056564485335 6.324555320336759
500.1852638270451 173.00090139901243 7.293858000525965
461.31396834743396 152.47914232456517 7.541510582198616
454.6627840648481 134.65624622424127 7.009601202601324
452.5465721198084 116.83335012391737 6.509601202601324
470.85360779898804 134.94854732386233 7.0
497.30697722858645 146.53796172156632 8.80700326122463
523.760346658185 149.2012380812472 9.533938667693905
492.0869808063843 131.51409056023283 9.756246098625198
497.20924005514007 153.18101937905806 9.801181104196145
572.4667321376077 164.89622149000112 10.298693587992691
583.7525544919458 185.16358962395375 10.77268050859363
590.9474542794237 194.5415505860467 10.75594901040716
576.0247242271836 205.62650091176246 9.783641579475868
577.9152698320543 217.66429590993724 9.055385138137416
538.2388467157748 227.94390585636012 9.303935862704407
564.9271573443705 257.2704418768389 9.801181104196145
548.0605952163387 347.21647285061556 10.04987562112089
550.5002653359536 352.71525919118585 10.006246098625198
551.5886647856375 353.939143399592 10.10526561221798
551.8235678185556 354.9284151430773 9.655137166349693
546.9119176697193 352.28615476221864 9.805530673081716
531.3518683230071 369.9284907564712 9.215552445252149
362.48180218681114 469.276604639943 8.280022507931534
338.014832135465 278.22873189294893 7.615773105863909
327.41650331784285 397.50861690558145 7.413437828395944
326.5095150181767 443.54851523296907 7.421635656082426
329.0923403763508 455.4897861712576 8.401467500235494
331.12854134861135 455.51886468863773 8.332291507670588
329.29773830361535 260.53880250915626 7.847213254767711
329.25721298434127 255.30734886893345 7.847213254767711
333.6360112452413 284.54237503724687 8.129571132170799
330.70034193408094 365.89010538381115 6.247605120920693
332.58491823680777 362.5814946608991 10.965951887695338
329.57599477418944 352.33629499362024 13.617702627997204
326.5548277821693 341.21598672599185 15.005334517433354
324.71285349188673 274.55489621280844 15.117380160928107
328.2786120533302 196.06904869785706 18.47292221895376
325.20902303603475 199.0889821261681 18.43908891458577
323.6734265170088 209.87912202643042 18.43908891458577
329.7903635142311 217.2221749535901 9.302775637731994
326.11889634281357 344.13170461045456 17.92621103840022
326.4429506054618 411.00885092408043 21.82782575626718
326.4433733490223 429.5896305613078 25.72944047413414
319.8644865515902 437.6514653587325 29.6310551920011
308.81333114692666 494.6396077867905 33.53266990986806
312.5419971779793 573.2720237148571 42.77531589140129
311.7154182034681 651.9044396429238 42.64550108964832
306.33074205086416 675.5965014661525 59.677611221108435
305.9827774470567 673.2096643100417 32.6508350148611
428.5289673801833 670.9845908569123 38.33416814925181
518.0646666937658 685.2492359165099 39.217056012613725
571.636997073743 719.4522474522494 36.13683141089298
555.0681906786072 723.0961981238092 31.049816517866237
559.9329926010349 723.150758172285 31.244236974595417
556.3353770006538 725.0803900832541 30.69998034152772
556.5579033297022 725.6204794557684 30.59411708155671
558.3469354449801 720.9362080713322 30.704087294023246
566.8445151589958 718.0270115893818 30.562489736544897
577.5779168274569 716.6974729010583 30.942241805561075
579.8131599608641 714.8702148389355 29.633444371999058
581.1562189385625 710.2958890638013 29.031759715232038
585.1806989791944 706.3060597219877 28.64089051659673
587.4157814571431 702.5051083341073 27.544924933724495
598.3841601337501 699.1304804170896 26.25245074485685
567.4920438127982 697.7509790382861 25.8104445848501
567.426394879034 697.7085194872961 25.578341014389753
589.1072517675858 700.6760150936664 25.01249575324679
592.6523182473351 701.7599691494535 25.01249575324679
592.3252091639329 704.8207104855162 25.049932207181257
593.2453118230266 713.7771510603002 26.759611831257686
593.3155045133722 717.7835143846876 29.916605392394082
573.0496866100943 717.2288146961203 32.16599275800614
564.4666059236873 712.5203875514276 35.30290609968837
562.039968153394 708.365680063687 39.52847075210474
563.2071492543979 706.4438642908142 42.21936094523018
563.000222024823 708.8881567649671 37.06096038669449
561.882550004892 708.8881567649671 31.26600511324925
558.8889650512593 708.0666766718477 32.18553955443995
554.5442079587269 708.3519715575667 33.8710791088799
552.3270365993907 710.602233646486 34.11837983187953
547.2464068286082 712.8551850795895 34.93812118200428
534.7158169705313 716.0964025129585 39.05831536994509
530.6225304750667 717.9488240932484 42.55257881581656
537.595568199971 717.5411138046377 33.185128921780446
551.9685226532397 714.2942903121959 38.319056713544825
550.7323864682498 713.4300946834245 44.50134621667317
561.0571984611568 715.6880139080488 50.6836357198015
573.593619434123 715.9766057630654 56.86592522292983
565.8843018800558 717.370545812971 63.04821472605816
560.1907845383153 715.6214082879299 46.59001471068417
538.238677908982 713.2955799813624 24.7408879905186
518.7872412780594 710.971509061935 28.3753248334248
519.216910853092 710.7965506716318 28.97355978600122
563.8107428734709 703.0304461654538 28.341656862189133
569.2955570654915 668.7084450682571 29.36637605121294
575.5429214206526 665.2339813930133 29.163010597683602
577.965777952265 665.3675675895241 26.74732842061665
570.8296931701047 666.6110762799681 24.304473115308184
561.3066820328163 675.5754751712027 20.683628791873055
558.0224009840465 706.2287034443832 17.4928556845359
552.2655875666394 704.2068233125833 17.9161250960424
543.1667741208221 707.1202097397168 18.050537618869136
546.5192560308403 707.9164548358394 16.251230827480672
516.4591829052724 700.8200683966097 15.30694493520431
465.1883447592641 686.8124185011346 14.002892313842809
467.2948152247035 683.2480587802656 14.094647136510845
488.33419811533395 682.6729939923389 14.512643484183094
521.7113016748272 681.0303124381321 16.11287884235086
479.51943440192906 676.6681062649154 16.32709377267573
477.28103208241816 675.2218623494339 18.347955539957205
509.5296933627493 691.2145300007367 19.03943276465977
532.855670392682 689.1389714036027 19.82748044637404
571.8622508286176 687.3632058642801 20.797761175540998
570.9197509256749 695.6016492665706 21.524760754914567
567.2361546360396 698.7859114205667 21.633307652783937
563.7309327793205 699.4797804873022 21.84219236199194
558.291310264492 692.7838688195336 22.541521581717127
550.6225483718147 685.6585567005354 22.47220505424423
542.412856755335 686.7284515478556 22.052756353514084
530.3006586895208 687.446342495753 21.42620141335344
523.1067863272004 685.7779155127587 21.50966226525729
525.234706487197 693.5613651110484 21.600581957812167
529.9399653821577 705.7239390805084 21.40093455903269
534.4534349289102 705.3244071195738 21.600581957812167
556.3855418469984 704.0700175415193 21.005951537600005
584.3276068885502 697.6838322357146 21.20344304831635
576.2612443656544 698.559588445542 48.66426582497278
569.133802673867 723.7368953872451 182.1881201772875
579.2084994622664 698.9776608875846 353.7332786086339
508.5929062759001 709.5540067536874 525.2784370399803
489.9752770537731 715.9963690623786 666.7053156574509
522.9801562872578 728.3242256812947 636.4449552147631
519.2171259514856 711.5423960658381 611.2538608830333
521.3297081384355 706.9983415511789 611.4053936182871
531.0292146786796 732.1565034257014 611.230710745037
526.7594433339573 722.6086988900927 611.7404303917349
640.3525664536096 723.6467303683498 613.8444667739292
631.9535008195064 726.7608526247213 634.379438883407
623.5544351854033 725.7039951369666 636.1311298270325
615.1553695513003 743.1741389718038 639.1376009653701
606.7563039171971 765.0001235902603 631.3704317972577
598.3572382830941 786.8261082087167 632.8314592572922
589.958172648991 808.6520928271732 633.3727180736473
581.5591070148878 830.4780774456298 637.5571786107508
573.1600413807848 852.3040620640862 640.8089851207994
564.7609757466817 874.1300466825427 639.8786071790407
556.3619101125785 895.9560313009991 643.2124977084275
547.9628444784755 917.7820159194557 644.0241697620838
571.4507296456643 939.6080005379122 644.0235753011824
609.6319844024337 961.4339851563686 645.6592644152611
594.9767864887883 983.2599697748251 649.8501260378902
567.6798404401912 715.954110902027 649.5979557971851
563.502130543845 667.0492487990068 650.4630043521199
555.8836519516676 649.2078353091756 662.1489659044614
526.7057741559184 639.0964483125817 658.3711365772474
545.9487273078612 637.2822631209046 658.16429881051
541.6257983018695 625.6620493851881 658.6190329124613
540.3955896334052 629.705730426519 669.9772630249645
545.1618390100473 636.9001421202215 669.6772955758628
549.83938876207 633.3695603674051 689.7700132294783
579.8205311914937 634.1188430879705 685.7501015706575
588.2656245001192 634.8239580714231 686.5304752964951
588.1538914263851 633.1638924419312 679.8939704144127
578.9361020585338 605.7708228787708 677.6564274474556
565.3017954817774 581.8644854821857 667.7288962980738
584.7367382428756 578.9415128175101 662.3519141002221
584.1659790921349 575.1421031666974 763.0375665048562
562.9357479971097 573.3423515547527 796.8597426536472
562.4404951977226 574.0613653255296 579.6436142461139
580.297013343742 579.0158114275541 300.58951670011413
582.7284449479924 580.5353487429345 291.75148046853064
568.474522166394 574.314412805616 282.91344423694716
576.3449732164222 563.9401114341943 274.07540800536367
588.8418464590115 555.7038010820106 265.2373717737803
585.00002675369 542.1438685519852 256.3993355421968
577.8360131613224 536.430776558801 247.56129931061332
567.2187701239964 534.3716373303699 238.72326307902983
572.7600675323471 533.7013191942408 229.88522684744638
574.5957975096023 536.2644010106804 221.04719061586292
573.9287477486146 543.7495287475958 212.20915438427946
567.2776714380266 547.9119714096187 203.37111815269597
583.431168719859 566.6952079132654 194.5330819211125
600.0445764682944 556.8365587154631 185.69504568952905
598.7718349446375 565.6769901140926 176.8570094579456
584.3249119262391 574.5174215127221 168.0189732263621
577.8722199903905 583.3578529113515 159.18093699477865
578.877094464941 592.1982843099811 150.3429007631952
586.4076248200581 601.0387157086107 141.50486453161173
577.0288633755886 609.87914710724 132.66682830002827
558.6721054829947 618.7195785058695 123.82879206844481
571.8988062692601 739.177368957261 118.48390315464138
559.5065562222703 911.8100782648663 105.80649485948058
559.9029936550273 840.7304136634536 108.0091184611837
561.0216671738694 821.7995410889732 142.7453116496613
570.5453647182219 802.663261349147 189.80342096984708
571.0446142949666 787.763233137597 191.2025395451714
553.3472189110698 778.2386894615269 192.2008337639648
552.9284255549412 760.4338666720313 193.70660804422755
554.5703113936007 735.7318087558124 194.40743298547
559.166866813212 696.4111840986559 195.2331938989884
564.2071005449334 662.2837098685713 196.55191291459818
562.4261101050117 635.120815387915 196.69278855425546
562.6285493724008 611.0315311556888 197.14236636839104
561.081593683189 609.5483178664331 196.04174498679686
556.2467977435915 625.6282535342566 195.18100927025682
516.4274796701371 659.9434628030301 193.43248424748936
546.8139503249809 688.805822965997 193.30372188235935
525.2584476057267 727.3898552973594 192.8256871578444
542.4710109300256 743.3251604292197 193.4368834888015
545.7151962454326 734.1097178658091 194.4925815128957
547.6543150531791 710.1690640664802 195.0032051018649
559.0217843201663 690.7436905912381 197.0818330345009
590.8353677913387 678.330943683125 197.91311064551417
591.618012258865 664.1351785920496 199.67370428721162
587.0583431403512 639.8291657499617 199.83430391656324
582.2408782542943 628.3171053485846 200.53854744451058
577.4957384829595 644.4915630903783 201.65838019600912
569.8012444793499 664.6495128221181 200.76256779810183
567.4006018419202 679.2011327211504 201.40348028058264
569.1735236287788 680.2938340063613 202.26869732356556
575.5215063277064 676.154877952405 203.13446606331192
581.3615594369461 715.6906309777196 204.3239902969826
583.9880869643983 702.4719067124208 205.41076231376385
578.1149745771528 676.7520842778417 205.24904938170337
583.9859792556058 651.8842756518902 203.73416962734132
587.6024670348708 627.0164670259389 203.92788975715445
584.7034161189019 602.1486583999877 236.35057412779236
579.0308116697114 577.2808497740364 238.11886563015014
578.8687468583655 552.4130411480851 238.6498481015704
583.087698381086 527.5452325221337 238.29734577304134
580.2305411260905 502.67742389618235 190.16414859938703
584.1024941501669 540.6373221902427 142.10847923326358
585.0767468657857 584.6617886600391 140.8032703614997
579.8110118666021 632.4974078757243 139.4980614897358
565.0064755884416 652.8538339251645 138.19285261797194
548.2998458370055 642.8893687727247 136.88764374620803
511.83260734174667 659.602061100238 192.68112369391656
482.0283167907533 647.2654479774069 221.4544860873637
477.77026387986075 634.4185001639237 236.92814321458252
473.51221096896825 597.7863060020184 242.38572415987636
469.2541580580757 552.7536938858348 242.91302333560708
490.3379751232252 507.7210817696514 243.80952477731452
581.9534935872025 462.6884696534679 245.41597381464817
657.0872864632853 417.6558575372844 244.69675079512317
543.9245911116159 372.62324542110105 244.684490722236
563.4172798115877 351.08171267809337 245.05023206125094
549.4730633415504 400.01341805461334 244.38931597442183
697.9788875569434 448.9451234311333 245.51367673370743
705.9243471483403 508.08125832578236 245.8213276008184
653.0280294729764 616.9010588398417 245.6151703126395
616.3576702281943 614.616046296092 244.16301579650695
591.4822477106727 651.5601085512707 256.9186761962069
593.2491663311155 688.5041708064493 255.6005192501789
568.5933322348045 725.4482330616279 254.90652857275438
543.6755710935278 762.3922953168067 254.9731537505766
526.4320662153036 799.3363575719852 251.33186585268578
544.2575221797597 836.2804198271639 246.0021173463517
572.9519282691717 873.2244820823425 240.6723688400176
564.8767552247402 910.1685443375212 235.3426203336835
586.559940018705 929.9541574975301 230.01287182734944
583.5718277248284 930.4814975701953 224.68312332101533
584.0005193676138 846.773320859161 219.35337481468125
676.1621274473143 756.9253664902164 214.02362630834716
666.8076934169251 668.0865703750483 208.69387780201308
728.7586606939294 599.7235424554519 203.364129295679
663.7416103268679 546.4470717699708 198.03438078934488
627.8271549761466 522.3384588304643 192.7046322830108
591.9126996254254 526.6730433092005 187.3748837766767
555.9982442747041 542.9006790615174 182.04513527034263
520.0837889239829 554.3338409210016 176.71538676400854
524.3028813591308 558.7786596687274 171.38563825767443
389.7919430593188 563.2234784164532 166.05588975134035
384.31314529054043 567.668297164179 160.72614124500626
440.5873507506135 572.1131159119047 155.39639273867218
618.6532476616875 576.5579346596305 150.0666442323381
681.8037766196711 581.0027534073563 149.47132320823314
624.5035710436701 585.4475721550821 232.1600088530296
610.3872709086334 589.8923909028078 234.78846231486028
594.7082980979908 814.5303666662771 236.6383025988757
689.2153154362168 634.103589882404 236.82638779659612
619.4830920182385 589.0550306848047 239.83585090497337
584.8110370610593 570.2113449629253 239.71154538009085
567.1956678451251 598.3545867475932 239.48502084838913
608.3009672783568 620.473010780679 238.3669947159945
604.091587609291 612.707685778681 269.18143226658304
554.3269650875071 584.5878657726882 313.09937101905615
554.1172517192538 559.0191857596951 322.3924180611744
544.0076288260814 549.4327103650756 322.273420451496
529.5362028625577 558.1231507882289 321.6094222279452
567.9720597910069 576.0325211934758 321.24951361830887
565.8531168688514 600.176120353007 321.9226179233056
561.773460438217 625.7571118392076 322.6593601206971
574.9889541996802 630.190687761269 323.94780993400093
589.7933942258935 627.4697579570521 324.42952479774794
561.1252435019514 597.4855970456758 335.19818397030224
502.84267880929616 585.014258887724 320.84003594448905
494.38100282461494 579.5888637340349 309.24297179439225
491.09929245665694 568.0576534240266 301.2580060168475
479.8775603198194 578.1473437584943 293.5096026196538
482.94345909487834 591.5351299706688 291.13914240257174
489.1546249638301 604.9229161828432 291.9050709279989
514.872704712334 618.3107023950178 293.6703088326806
652.8393184525888 631.6984886071923 298.73667852760354
570.8018056293606 645.0862748193667 304.8255580755533
586.204704252777 658.4740610315413 310.91443762350303
587.0172565706974 671.8618472437158 317.0033171714528
560.44625815578 685.2496334558903 346.0120450251166
604.3348427306361 765.2335220324164 256.8894621118593
641.3004678339009 724.4280881913396 265.06801174133875
717.4249071793957 692.4100889094032 264.68688877802435
608.5753118216278 671.4178710272978 265.88845323534974
630.7132559511927 666.9026371430602 260.7535831072916
552.6395307086493 665.7222292688289 213.55060737154756
550.2406362993258 663.7624170226482 209.20124118040854
559.2151496672013 668.2228296236475 208.25044407591906
533.9019029667024 668.8266435371722 208.2506379451773
523.1012464331627 667.822200215467 209.45464358806367
541.5673492116817 670.0455728654218 208.80193964616325
503.9258011702423 674.8101380878302 208.4036741148451
523.9954984859073 673.099805577611 205.7511109305214
512.4299952188592 669.9858148596622 206.124355669096
507.0868357947029 669.6372285521884 206.6527117428468
584.1461673268004 667.5854050957263 207.00626461511808
584.0788488106723 665.1549137496048 207.89089076670297
598.2353329530226 664.022010625237 208.42047306104655
583.3929186894887 662.407537273019 209.1275788299917
581.8903955026414 661.6364149040731 234.58846577056607
537.8400813501232 660.2285555078777 233.67146575163065
559.7170609665768 660.1619086315661 233.29239532109187
554.6735093977763 691.6225395397387 233.12174900863428
538.0402567397114 693.1315426043114 226.9477148917984
559.3282320481105 697.1405884038026 218.6999408544799
567.0936670061847 706.0353451873649 210.4521668171614
559.4466163111186 716.7269147373261 202.20439277984292
613.9328273532536 721.9164293952439 227.48906893576088
648.4344289507762 719.2730109145007 240.90744247562444
607.1840838827289 664.1362762181489 242.63965051079347
587.7477371196218 648.3596650953461 246.0880975503847
610.8979521184704 647.1418448265363 245.03213850531176
871.5882725208274 654.2250934953747 243.44007438084168
811.2523210007104 651.9037209952539 241.49818158021344
649.2843819285149 634.1125113388243 241.1400008293937
691.8663346282945 624.8637397254626 239.89391873654358
710.2199835024528 629.5286043735459 239.71571706251927
590.4757857071754 669.4504580172134 239.53568299346847
264.4332505067632 662.1605386194503 239.36035241071392
180.29060256136825 659.2764946582217 239.7102417594017
199.85132125515645 661.4856004785897 239.88975937483957
548.8950120301099 667.9994009452129 260.76177517048376
565.0974436208762 680.0680284988769 344.4215710678925
570.6498489379412 697.4301379071176 370.29643416052255
568.2027037593352 700.032638367473 371.86059313081796
561.6583424805187 699.6220351279842 373.98414205386223
587.7628807985204 691.6594103861225 413.063766764126
581.9369703854156 652.9408338327805 489.12333529643297
597.2713199388943 628.4132417139131 497.91894551297594
586.8394155125395 621.7077362506257 497.20349576694247
570.2300307145151 628.3383876744779 496.25106647109624
573.9829588585048 638.5252740087071 493.875310836133
576.6496015163032 644.8026429471256 495.3728393846396
573.481726903665 657.312362137985 506.39595759148574
576.3967817398012 674.7011866618494 528.1256690544976
572.6162002620003 688.4011115756593 527.940100420675
575.1691084734009 693.411260186271 527.5001061721247
573.9471070911429 691.4440641103304 526.6047116795496
572.0021853105109 685.0729946939398 547.9153184131229
568.0845362017893 686.2104469667972 569.6725068236404
561.7790726312876 689.0676678408629 571.9697386869714
560.2185181647159 682.9736596368518 573.0043825214774
552.5375018259967 675.0740700100989 573.9763027658264
548.9596424764445 671.0476883202862 574.6986645592544
556.6064235263491 669.6209748805663 574.8993972982706
554.7909902476814 670.7050465476722 617.6803896799652
561.7119736551872 670.0000671641997 622.1646184896433
647.3705435363563 671.0029883849695 622.9544646135192
603.8853281327865 670.9108276387801 619.6235576616715
588.9629264554655 670.1077069065516 614.6161757412149
558.4913043635579 666.6016787236501 612.1969180798476
548.5055676291161 640.2017277319758 617.0982238964298
374.04990113576247 638.3003523220852 619.7065027767773
414.8540267796919 632.6146865466828 623.3363861274267
455.65815242362135 636.922004148668 627.8810237832831
476.26792193148924 643.1956963617182 630.9046110058755
612.841083989445 649.4693885747685 634.0526918737069
635.6958049146311 655.7430807878187 636.9597969199647
592.011127412674 662.016773000869 637.937423239497
699.1851856364001 668.2904652139192 629.8765094718135
618.9870502839815 674.5641574269695 627.3987715890244
631.8152377906797 680.8378496400197 625.0023288719364
652.1661775126588 687.11154185307 624.8209111367266
666.492639114284 692.534173289731 601.5412233567226
626.3619205378393 671.8816485753126 599.640934324452
582.7307527878619 622.4584916189951 602.1515233388109
634.1338338322378 589.2742123555979 605.1508263870455
635.6247455250881 574.0043051354871 606.1616945997165
597.6775906351717 591.291254262364 604.9120294199301
591.298667788388 587.5268491913234 594.0816098357554
625.0562157133363 585.9792603232156 570.8579464102826
580.152092500611 582.6501952286637 552.6674010488364
664.7732915066624 585.9630420342779 534.4768556873903
621.7575384853474 606.244578048882 553.9732924611865
609.8891853311279 607.5477347501183 595.9168395996608
610.0796160959674 610.0188817296959 599.0789657960422
572.5915301189154 604.8957676705897 601.6982931503185
561.5309151120757 603.7758438639034 602.8901801970435
550.2819724623421 603.3191561513333 603.9872212858158
585.4354618743212 606.6559558887934 605.1786926189652
567.240928075186 593.0236113380361 606.008526916399
521.2679819828029 561.5726413763591 606.892302240137
515.1574692838336 533.669496544838 606.3450428440779
509.04695658486435 512.7421379211972 607.8101114101149
523.555643554618 516.1814119086429 608.9699467366823
560.8320785143644 448.3479818303695 610.2421240450369
664.96372411172 281.2192152469012 608.3103239488003
651.3371551512473 257.7213521764792 585.6595591136539
626.2418687651814 256.7392251149166 581.381345129234
676.7802712289524 267.2010227317258 580.0745480840151
585.4415073677732 268.7773172538806 577.498161182865
590.1769071142153 258.0275218898661 573.7941771248338
609.2145251772811 253.31032525541082 455.90971461029847
612.6150015590113 260.13555661875216 469.33311626188697
537.0725569848123 258.5491320487994 519.230855339614
553.4707067536615 258.4714000651223 569.5011499882967
595.0313425812777 262.7709946090515 572.725287079588
561.5966780864754 269.1737732279008 574.6148700709584
556.7808118774158 291.80371835017604 574.4118627189308
559.7271825602635 367.02591778278065 572.7305276068405
535.6850486212556 442.2481172153853 570.8406757007789
541.7111448248386 517.47031664799 569.1603293358139
541.6982644433758 548.0270425323388 569.2432871859587
541.0469913671473 550.5590826879461 571.360000350042
545.0880787391454 567.9240525055998 572.1208178367841
580.1383962116934 546.2661475670686 574.5200170577175
546.0756223472249 565.2697366107689 575.9600850186804
565.5665973239952 562.9705522265035 577.7415079427823
543.2537033363125 553.3996193639621 578.7022118499289
531.5706152524083 559.0772104291564 579.8016902355495
544.0708780752984 563.1151114759346 582.0657179391344
519.9296662336678 573.0119922584202 582.8898969578627
510.24604586563896 570.2042855101117 582.4089895701202
595.2589756823113 569.2126325051697 580.8291487175898
542.4152193471432 568.8182880641336 561.672262833494
589.0867353459278 576.4801168724262 530.4910074178244
591.5102064972075 586.6525442862055 511.62259888551137
591.7233167722279 591.2704330998636 492.7541903531983
522.2939043855382 592.3879166118282 473.8857818208852
588.8614675457983 591.947667531269 498.09956176714854
539.8619180757635 590.1704545857259 522.89126154927
589.4942616851221 589.3089184745747 537.3011478058395
589.6087202661525 569.5459887986833 535.7202588289001
590.096658460249 550.2985999891373 539.5294245914674
585.7862681727252 549.2905537499109 540.1580572515534
607.9258858977607 549.4026301356774 542.0534302107967
584.2308719900367 551.4166306604818 542.6065522285926
586.657449087426 563.5570911243924 543.0818214028841
585.1549450542906 577.8325987446194 555.0392877388028
667.4419946723788 577.4007493526094 569.6909867268952
568.703512818487 577.472510168233 571.2862457535077
592.5293696466689 579.5248328553964 572.4052980528365
594.5310753024294 582.261995665953 572.2563844122337
579.9337755690152 604.7960428486658 571.6308997069818
597.6208283108208 607.7107131885093 570.4535667450981
595.119429346715 611.8016711918906 570.8987582173011
595.5533629063982 615.7095500315063 571.122202715914
638.2688508586526 619.8729708577396 570.8701493660087
605.3731689037056 618.897634760333 571.5995986709191
613.540939559979 618.757046993588 574.6868106639072
628.5804908005086 616.3921511956903 546.3570753056028
642.0073860835263 613.7281854131668 579.6590121877729
637.317037990655 610.9472178199583 587.4606212068617
629.348409629854 608.714431839499 594.7292423261144
643.3096775097204 608.7139639291419 592.9172815725944
648.5869690164388 609.450777339729 602.8953814866446
643.641804035246 599.3218287366108 608.4173963979501
637.1938480556761 581.4626741335032 616.2571469444491
646.8899114976048 583.104990371153 616.5288565898195
631.880455994984 582.8406470357642 615.6901258412464
614.1265248962682 581.3589682803561 601.4651010110545
618.3984242861426 578.9718733805964 610.7794470848814
618.4207123540702 567.6295917470516 619.7480966430282
583.4563583838085 562.2117444147391 617.7137818879571
569.8039836201644 560.3913345404658 624.9131075772194
565.550077514665 559.6996532975036 628.2465309564508
592.6832343336096 559.4729662816604 630.4346081493748
586.3932567681221 559.2470384365034 632.0921012325107
597.1584298974883 564.1378716165154 631.3408309126738
596.2778295392174 550.147477043241 628.6658577253786
555.4077599379445 580.269020530779 586.1984070269609
590.9796837857839 580.5385986769975 577.5825934948675
573.2740233461589 585.8479262285418 568.9667799627742
586.5315670953242 609.7201705806399 560.3509664306808
588.5003333086113 605.9811349863589 551.7351528985874
586.9244584891344 603.8652581495312 543.1193393664942
581.3260702910201 602.9987045648252 550.0827324819277
582.0332247104462 601.5169882816599 603.9384345717442
585.6386895152 600.5170170905853 593.815385195125
580.3252773288722 599.9002000333055 601.5752793991239
550.3319130756497 599.9002000333055 584.3530119463803
555.0191547853262 600.0839243350724 559.2968588877084
557.2775597658562 601.3204253051172 534.2407058290363
557.7604710299545 598.673224743032 541.8332226309519
570.0375276580407 562.6943067814302 629.9315417357952
561.6361861022547 548.3578502259103 637.9090226989342
569.4139841152253 534.0213936703904 639.2521251892215
560.2940698664186 531.1992210155704 634.8675857387389
581.2445556342375 555.1005679281648 632.2360974107762
541.5429566686939 563.0554550448171 630.196935679452
524.134758756989 572.9174595031894 626.5621557396253
530.8301773534431 541.8052278785066 628.4872201327775
536.5364537341466 527.4114706070523 631.7594550349633
546.5887416380939 532.8751224487457 603.9091611895656
538.4772202513379 566.1777547731807 628.0000178380468
543.5680235206726 563.9480983458723 622.010686836549
538.9412152685841 562.6022129355696 611.3771545917355
534.69599146211 563.0506628117123 602.8460243333745
529.3237207607195 563.7271522309018 603.5407367316253
521.5584220701792 563.4991126878551 608.2468667993112
530.0199978773982 562.3759408091039 613.4364232936052
531.6223404113144 580.6986596382712 613.788806162986
515.7241027949035 587.7518126409918 614.4897279502882
517.8952598177522 586.9206132594712 614.747157310335
492.7436027252022 587.2121224981051 607.7488567590873
467.5919456326522 588.7312629714852 607.0765469214882
469.7800748068857 587.9925824372515 607.9238589933034
532.9498324995535 587.1203028340955 610.6212103952687
576.038846947033 585.1345998998863 614.4933649794677
571.345003526096 585.6939107343959 613.4253954916386
565.8978158543194 587.2484351688488 611.9909920557639
574.3217411075995 585.0768026195396 609.9139136155964
562.8529796876664 560.4652599322541 608.9073994524624
584.7111676245386 565.873199079844 610.668157840615
554.1912612310165 565.2152244941744 616.7679846641238
569.2392473631428 565.3683065431799 623.9444552436032
562.5328953786983 566.2124489236089 615.9190511288137
550.3571411035555 569.6434256638115 612.0814152490335
552.6280485775947 571.764216916516 613.13348957286
542.9354237297017 573.3021189585522 612.8397148485458
542.8342379547286 574.1518260847947 596.9070813169947
545.0626020787884 573.2647133170246 568.7038998661944
553.1148003550052 572.4128154841662 543.0763963953866
597.8359762699913 570.5141819370659 517.4488929245788
583.526320208618 568.8782822361916 491.821389453771
589.7041679630322 564.0684331044497 541.4937089055072
579.5050886318746 562.8274099024947 592.9079632728265
563.3557809080597 560.5913856480963 607.0780259893095
569.1684166956791 560.5829555025732 604.6364083938513
575.8211864934963 561.4852446217599 608.4437796578172
567.7630835555751 559.2481560094767 609.7506239158391
564.9491880863944 559.9178511174653 614.8187256722106
569.8082422991183 603.2373536409962 618.5964539565337
562.7238719222162 604.3551895875023 622.3197899104209
555.7411717697368 604.1210557495906 623.1931959042247
558.1816171672673 603.4716231936677 619.9379714218898
552.7769512216385 603.5001612565715 614.1424943301417
557.543710808857 603.7356163793236 607.9683008138986
528.4835767708264 603.3263578015631 603.675568847741
536.6660121414785 603.3959672090252 562.2081114096254
537.4042276654811 603.1577322724131 431.1589931256342
538.6352793053537 602.9199781065478 229.88666440789717
543.5750232672692 602.682544960446 245.59085901469635
539.9828577929027 602.4800826583398 442.3718684902742
542.3004623814631 601.3629619499836 577.7598676801664
580.4640847196281 599.9735756829436 625.324999490452
583.5382052343793 599.4705997795055 648.6329835567294
540.3026517579831 597.8831407557835 723.2231309958823
519.8877283447748 569.9793329071316 663.500625561968
503.36044402432174 567.2915916879131 664.5100549329873
519.5491393401237 567.5149340016228 722.5969127843412
603.1461207932523 567.5149340016228 681.8148227587235
575.3559789217991 567.9624112493443 691.3485570036999
588.705217404987 571.0921131744992 692.5255399415577
568.5977059590604 571.9881499579071 694.0892009699645
583.3448160389121 571.3197441013219 691.783721844193
563.2807793327654 571.7713257068198 695.4707611545534
557.7544413956507 565.7263441878354 695.2581186586646
549.5842206681618 559.9116001663097 699.5465316649595
549.1567844355616 557.6818550506778 772.7646258052775
554.2658340967389 555.4415355711353 708.5072035419944
543.7755741908732 554.5495476546995 709.5812890624393
538.078466285105 554.3277460131326 710.4404783067565
532.287536982931 556.7824579152282 713.9943208807115
531.9288695598422 559.0181565939282 714.1920501863044
529.2093831743009 560.1361891538786 720.7494286283186
526.1878701636913 560.5829555025732 717.98734677265
535.3645400705848 562.3710963411971 704.3525930349635
557.9717613094172 563.0421386722132 697.3695676540676
558.8338594944535 562.372207705893 698.2586498341523
602.3960801436644 566.7752685450706 690.2111627128244
575.9763751387809 576.065485555062 764.7097037417611
594.5971303314913 573.9425432820258 758.4287697512107
625.1206748361112 572.333192451205 742.7819366966685
623.9551265916484 574.7814859143273 757.3082143309244
625.6057064957129 597.6765457436427 776.7057038680259
626.2860294691668 605.5949553951057 743.2066203703307
627.8903642920664 608.8614374387657 702.8106900945727
627.6467659715021 609.5835120412296 774.1742017507931
627.7109041543777 607.7871749222749 726.8169379721035
627.968931711041 605.9075837122358 698.6037199161119
629.7366975648324 604.0375930723305 693.1562356491895
630.6576237138438 543.865969390908 695.9826665069431
630.2674503173905 515.5609472186622 676.5962469453804
630.1241468664933 521.568828609991 709.1556864721603
630.1241468664933 527.5767100013196 717.3295696808641
631.4336861460592 555.6711614839398 686.4219594298117
630.2674035677238 569.1033311338915 690.2209712189917
629.1029327542512 567.5248923917926 691.8111371412672
627.9404364995439 575.5923193761575 713.9599688969527
627.7440230202257 574.0144082160402 769.2360006875319
609.6764259115386 578.6479673745171 749.440742277526
761.4748103697495 583.6481745343003 709.8957831021557
705.1350997315279 592.8350484632608 762.5432936678928
655.0724408047834 600.9053500123955 675.8032132726469
584.1462270555173 617.3588617884179 675.8123779138189
578.1014981483031 624.5518486729366 671.0853372225392
564.9731443766208 625.7207777449227 700.1010465432373
547.6804704819033 621.4571369446536 681.2436037065555
572.5349246863962 614.6582196332198 663.6463110170557
597.3692663279066 609.6252610907279 663.7092473904713
604.0052771841004 608.5695209120828 667.8146050032927
609.7204012883672 607.5546820558465 669.289111102242
609.7936171914871 613.3575235824858 669.257120866799
604.8557967832326 618.7272844875656 675.5345422003531
605.2903755985972 543.447378399978 674.8204591272854
607.4221031448153 439.1457451950983 683.6467177445436
598.2682606041375 428.50729282644204 691.4829112010648
605.728647298729 427.4520634693497 682.0233077730065
567.5212390098625 428.97022910354406 674.7815493258051
599.0113282946627 429.49932050133117 693.4310834314647
536.4507957632521 466.31100219312765 767.3610602544546
540.5489804900263 581.1457741325717 710.4127953418299
628.2265390314972 580.1169832099945 737.1840553821005
574.8921968045892 575.2445457386565 737.3475742227797
550.5337409213543 573.5952387054622 740.6759653758616
552.4850416129227 582.582780814383 618.044441042234
580.0969914220536 582.1602476763958 702.4768251507248
553.6141996988688 589.6197984955409 786.9092092592155
562.808177251341 598.2484377438625 752.7412479068415
525.3996130671444 599.0045909673814 668.2763074334855
343.0970858916115 597.2508333437975 677.2369380594793
269.73145394165135 592.1030315747421 666.6844979319067
243.43836900006295 588.0306114480776 670.9631802460906
423.19464954096134 584.678757951749 684.849122366534
481.59761012732065 582.0057494075061 703.9901516758907
643.0870930793089 579.8139787897494 808.4687012233632
631.9865464345419 577.6248782730883 698.3570500208098
629.7503017261353 576.7983262139555 713.2541127277025
735.8678431467131 576.9014733452289 683.1877107982225
671.3937807797388 576.8251997180358 602.8858914975415
626.2080408153365 577.5677449442619 579.3241965797049
697.2982551292823 578.4983247568011 555.5272545512877
691.3808280338513 580.2347036996493 547.221760433858
643.1285657751431 581.9731220253284 548.6047514115724
551.1918903612425 584.8294318005659 533.4906987559009
551.1918903612425 587.5310512052645 525.7162248696025
551.1918903612425 595.0598228983099 523.5822440304652
