x_T x_A x_P
554.25 524.0 -483.75
526.0 511.5 -522.25
589.0 511.0 -531.25
496.0 511.0 -532.25
463.5 510.5 -532.25
568.0648148148148 512.0 -486.0
562.3240740740741 512.0 -505.25
556.5833333333333 512.0 -525.0
550.8425925925926 513.0 -520.5
545.1018518518518 513.25 -515.0
539.3611111111111 513.5 -513.5
533.6203703703704 514.0 -510.0
527.8796296296296 514.5 -510.5
522.1388888888889 515.25 -508.5
516.3981481481482 529.5 -509.0
510.6574074074074 526.0 -508.0
504.91666666666663 526.0 -507.5
499.1759259259259 525.0 -508.0
493.4351851851852 525.25 -507.0
450.5 524.75 -508.0
463.75 526.0 -508.125
469.5 525.0 -508.25
466.5 525.0 -508.25
406.0 516.5 -509.0
482.875 519.0 -509.0
341.67073170731703 520.0 -510.25
348.3536585365854 521.0 -512.0
355.0365853658536 520.5 -512.0
361.719512195122 521.5 -513.0
368.4024390243902 522.5 -514.75
375.0853658536586 532.0 -515.5
381.7682926829268 527.5 -516.5
388.4512195121951 526.75 -518.0
395.1341463414634 524.25 -518.75
401.8170731707317 524.0 -519.0
408.5 522.25 -520.0
415.1829268292683 521.5 -520.5
421.8658536585366 528.0 -519.0
428.5487804878049 587.5 -518.0
435.2317073170732 584.75 -518.0
441.9146341463414 583.25 -518.0
448.5975609756098 582.75 -511.0
455.280487804878 557.6428571428571 -502.5
461.9634146341463 544.2142857142858 -502.5
468.6463414634146 530.7857142857142 -503.0
475.3292682926829 517.3571428571429 -511.0
419.25 536.0 -517.875
479.5 539.5 -505.0
516.0 538.0 -508.75
502.0 537.5 -506.25
517.5833333333333 540.0 -507.75
511.9166666666667 540.0 -507.0
506.25 555.0 -507.75
482.0 576.0 -508.0
482.0 576.5 -509.0
502.0 576.5 -509.25
506.5 577.0 -509.25
454.5 581.5 -509.75
457.0 584.125 -509.75
460.75 565.75 -510.0
480.25 552.75 -516.5
490.75 539.75 -522.0
492.5 526.75 -524.0
416.59375 530.5 -512.5
442.96875 544.0 -526.0
469.34375 545.5 -528.0
495.71875 543.5 -528.0
507.0 546.25 -528.0
456.0 548.5 -530.0
325.42499999999995 542.5 -532.0
185.32500000000002 539.0 -533.0
45.22500000000002 536.75 -532.0
-94.87499999999997 571.5 -533.0
-234.97499999999997 580.5 -532.5
-374.5 579.5 -529.5
-531.0 580.0 -520.5
-495.0 578.5 -523.0
-453.0 584.0 -523.0
-447.0 585.0 -521.5
-462.5 586.5 -520.25
-454.5 587.0 -517.75
-455.0 587.5 -516.75
-455.5 529.0 -517.25
-455.5 530.0 -517.5
-454.5 529.5 -518.0
-454.5 528.0 -519.5
-453.5 527.0 -521.25
-451.0 517.0 -523.5
-485.0 516.5 -525.25
-523.0 515.0 -526.75
-536.5 512.0 -528.75
-543.0 530.0 -530.75
-542.0 530.0 -532.0
-540.5 529.5 -532.5
-528.5 529.0 -514.0
-525.0 529.0 -488.0
-552.0 528.5 -476.0
-571.5 527.5 -464.0
-574.0 529.0 -497.75
-585.0 536.5 -514.0
-580.5 547.5 -511.5
-584.0 548.0 -514.0
-587.0 536.5 -524.75
-584.5 529.5 -524.0
-584.0 532.5 -512.75
-584.0 537.5 -503.25
-584.0 537.0 -499.5
-582.5 534.5 -505.75
-583.0 536.0 -515.5
-597.5 541.0 -519.5
-569.0 541.5 -523.75
-574.0 534.0 -526.25
-565.0 528.0 -531.25
-561.5 525.0 -530.75
-541.5 524.0 -510.25
-515.5 508.5 -528.0
-504.5 504.0 -525.5
-508.0 504.0 -524.25
-520.0 503.5 -487.75
-524.5 504.0 -492.75
-528.5 505.0 -490.75
-534.5 506.0 -490.5
-523.25 506.5 -490.5
-522.25 508.5 -489.5
-521.25 517.5 -487.75
-540.0 517.5 -487.25
-545.0 518.5 -487.25
-577.5 519.0 -487.0
-576.5 519.5 -488.0
-611.0 510.5 -524.75
-595.5 509.0 -526.25
-583.5 508.5 -524.5
-559.5 508.5 -513.5
-563.0 516.5 -527.0
-602.0 523.0 -502.5357142857143
-643.0 523.5 -482.67857142857144
-476.0 522.5 -462.82142857142856
-477.0 522.0 -442.9642857142857
-396.0 521.5 -570.75
-443.33333333333337 521.5 -521.0
-478.66666666666663 520.0 -524.25
-486.5 518.0 -518.75
-509.0 503.5 -519.5
-598.4583333333333 504.0 -521.0
-540.2916666666667 503.5 -519.75
-482.125 503.0 -561.75
-477.0 503.0 -549.5
-697.5 511.0 -560.0
-658.5 518.5 -559.0
-583.5 517.0 -505.0
-703.5 517.0 -504.0
-705.0 515.5 -516.5
-669.0 512.5 -489.3928571428571
-575.5 510.5 -476.96428571428567
-541.5 508.5 -464.53571428571433
-536.5 508.0 -452.1071428571429
-527.0 467.35 -501.75
-517.0 480.75 -514.25
-518.0 494.15 -514.75
-517.0 507.0 -513.5
-517.0 510.5 -513.0
-514.5 516.5 -512.25
-521.5 520.0 -512.25
-486.0 519.0 -509.75
-512.0 516.5 -510.75
-509.5 517.0 -512.0
-510.0 516.0 -513.5
-510.5 517.0 -513.0
-511.5 517.0 -513.25
-532.0 519.5 -515.5
-532.5 521.5 -516.25
-540.0 522.5 -516.5
-544.5 511.0 -511.25
-547.5 507.5 -507.25
-553.0 507.5 -510.25
-640.5 507.5 -510.5
-708.0 509.5 -510.5
-705.5 520.5 -511.75
-708.5 519.0 -512.25
-706.0 518.5 -510.75
-599.25 518.5 -513.25
-547.5 517.5 -514.5
-616.0 516.5 -516.0
-604.0 516.5 -519.0
-566.95 514.5 -522.0
-422.75 512.5 -523.25
-278.55 512.5 -524.0
-519.0 512.5 -523.25
-650.5 514.5 -518.0
-642.5 519.5 -514.0
-654.0 525.0 -514.5
-768.0 570.5 -514.25
-447.70833333333337 595.0 -514.0
-440.54166666666663 592.5 -514.75
-433.375 591.5 -515.0
-427.5 589.0 -514.0
-473.0 575.5 -514.25
-530.5 549.875 -514.5
-584.5 524.375 -515.5
-572.5 508.5 -516.75
-588.5 492.0 -514.5
-578.0 542.5 -507.0
-574.0 537.0 -509.25
-570.0 537.5 -511.75
-544.5 533.0 -511.5
-537.5 528.5 -511.0
-556.5 528.5 -511.0
-556.5 527.5 -511.25
-603.5 528.0 -511.5
-567.5 549.0 -511.25
-570.0 592.5 -511.5
-578.5 581.0 -512.25
-579.0 573.0 -512.25
-580.0 560.5 -513.75
-561.5 554.0 -514.5
-569.0 507.5 -515.25
-573.5 488.0 -507.75
-578.5 476.0 -510.0
-600.0 470.0 -512.75
-610.5 465.0 -512.0
-650.5 540.0 -512.0
-595.0 541.5 -514.0
-653.0 541.0 -514.25
-635.5 541.5 -514.25
-617.0 542.5 -514.0
-694.0 542.5 -514.0
-742.0 601.5 -514.0
-783.0 591.0 -514.0
-714.0 588.0 -515.0
-620.0 586.0 -515.0
-512.0 541.5 -515.25
-556.0 517.5 -515.25
-529.0 518.0 -516.0
-530.5 518.0 -515.5
-531.0 518.5 -514.75
-536.5 510.0 -514.5
-539.0 526.5 -514.5
-559.0 540.0 -514.5
-579.0 540.0 -515.0
-577.5 541.5 -515.0
-578.0 541.5 -514.0
-580.0 541.5 -513.75
-581.0 541.0 -519.0
-583.0 538.5 -519.75
-584.5 596.5 -520.5
-572.5 590.0 -522.0
-525.5 591.5 -521.75
-536.5 581.5 -521.0
-537.5 628.2857142857142 -520.0
-536.0 636.0 -519.5
-536.5 643.7142857142858 -519.5
-539.5 637.5 -520.25
-538.0 550.5 -521.0
-538.0 545.0 -521.75
-536.5 560.5 -523.0
-537.5 552.0 -524.25
-538.0 508.5 -496.725
-563.0 510.5 -485.625
-562.0 511.25 -474.525
-557.5 512.25 -463.42499999999995
-554.5 515.75 -452.32500000000005
-555.0 517.25 -469.0
-554.0 590.5 -502.0
-552.75 578.5 -512.5
-592.75 583.25 -514.5
-666.25 584.25 -515.5
-692.5 581.5 -516.5
-705.25 581.5 -518.0
-713.0 579.0 -518.5
-632.25 546.0 -516.5
-577.75 513.25 -515.5
-556.75 516.5 -513.0
-539.0 521.5 -513.0
-535.25 526.5 -513.0
-539.5 544.0 -511.5
-541.5 557.75 -511.5
-541.5 556.25 -511.0
-541.0 551.0 -509.5
-541.0 548.5 -508.0
-540.5 551.25 -508.0
-538.0 552.0 -507.0
-535.5 551.5 -506.0
-533.5 551.5 -506.0
-537.25 553.25 -506.0
-570.5 555.0 -506.0
-576.875 586.5 -505.5
-578.0 606.5 -504.25
-578.0 608.5 -503.75
-575.0 609.5 -503.75
-574.0 609.0 -504.0
-572.5 581.0 -503.0
-567.5 566.5 -502.0
-619.0 567.5 -502.25
-721.5 567.5 -502.5
-851.75 567.5 -503.5
-652.0 536.0 -503.75
-638.625 531.0 -504.5
-625.5 528.0 -505.0
-621.0 526.5 -506.25
-618.5 526.5 -506.75
-602.5 540.0 -507.0
-637.0 539.5 -506.5
-602.0 539.0 -505.25
-604.5 540.0 -504.5
-603.0 541.0 -427.0
-604.0 541.0 -208.0
-606.0 543.0 161.625
-608.0 543.5 306.125
-601.5 540.5 450.625
-616.5 538.5 584.0
-617.0 524.5 636.0
-583.0 524.0 677.25
-580.0 523.5 667.25
-785.875 524.5 644.25
-649.55 523.5 650.25
-376.94999999999993 525.5 659.25
-380.5 532.0 646.75
-750.5 530.5 647.0
-596.0 529.0 648.5
-590.5 524.0 650.0
-580.0 526.0 647.5
-577.5 523.0 635.5
-576.0 523.5 598.0
-575.0 524.0 594.75
-571.0 524.0 592.75
-569.5 525.0 588.5
-573.0 525.5 634.5
-572.0 527.5 677.5
-572.0 527.5 674.25
-688.5 525.5 670.25
-689.0 526.0 673.0
-687.5 526.5 659.5
-685.5 527.0 653.75
-682.5 527.0 644.75
-679.5 527.0 640.5
-682.0 526.5 642.0
-665.5 514.0 652.5
-674.0 513.0 658.75
-579.0 514.0 665.75
-279.5 515.5 668.5
-250.5 520.0 666.5
-244.0 528.0 664.5
-245.5 527.5 661.75
-214.0 527.5 660.75
-246.0 526.0 659.75
-231.0 525.5 656.0
-228.5 526.0 662.5
-195.5 526.5 676.75
-90.5 525.5 649.0
3.0 523.5 618.0
37.5 520.5 657.75
63.5 522.5 662.5
51.5 523.5 646.25
-23.0 524.5 614.5
-53.5 522.5 359.75
-38.0 509.0 177.67857142857144
-17.0 508.5 -0.7499999999999716
-20.5 509.5 -179.1785714285714
-28.0 500.625 -394.5
-175.60000000000002 503.125 -476.5
-356.40000000000003 526.5 -485.25
-581.5 520.0 -488.75
-657.5 514.0 -491.75
-600.0 511.0 -493.0
-522.5 513.5 -493.25
-531.0 529.0 -495.0
-573.5 530.5 -495.5
-599.125 528.0 -494.5
-604.5 516.5 -493.5
-613.5 504.0 -492.75
-636.0 502.0 -507.0
-610.5 514.5 -522.75
-601.1071428571429 517.0 -522.25
-585.25 516.0 -522.0
-569.3928571428571 521.0 -521.0
-566.0 525.5 -519.25
-636.0 527.0 -518.75
-481.5 528.5 -486.75
-542.0 532.0 -485.79999999999995
-590.75 533.5 -468.20000000000005
-586.5 531.5 -490.5
-530.625 531.0 -501.25
-527.5 529.0 -501.25
-525.0 526.5 -514.0
-526.5 525.0 -514.5
-528.0 524.5 -516.5
-532.0 503.5 -510.0
-651.25 507.0 -509.25
-772.5 508.5 -510.0
-782.5 508.5 -509.25
-721.5 508.0 -506.75
-799.5 509.5 -506.5
-802.0 525.5 -506.5
-547.5 522.5 -506.75
-363.0 523.0 -507.25
-572.5 524.0 -507.25
-520.0 524.5 -506.25
-407.0 516.0 -506.5
-242.5 513.0 -507.5
-102.0 512.5 -508.25
40.125 512.5 -509.0
119.5 510.0 -509.0
132.0 507.0 -508.0
90.0 509.5 -507.5
105.0 515.0 -508.25
234.0 518.5 -508.5
235.5 521.0 -508.25
222.5 521.0 -508.0
201.0 520.0 -508.0
213.0 519.5 -508.0
253.0 518.5 -505.5
155.0 510.0 -506.0
60.75 503.5 -506.0
142.0 506.5 -506.25
137.0 510.5 -505.75
124.5 511.5 -506.5
129.5 510.5 -507.25
115.5 529.0 -507.25
133.5 528.5 -507.5
116.5 526.5 -506.75
109.0 525.5 -507.0
112.0 525.0 -508.5
109.5 524.5 -509.25
116.0 523.0 -508.5
120.25 522.5 -509.25
122.5 509.0 -510.5
110.5 499.54999999999995 -510.5
114.5 494.95000000000005 -510.5
112.5 489.5 -509.75
117.5 494.5 -508.0
117.5 525.0 -510.0
94.0 521.5 -510.25
121.5 523.5 -510.75
114.5 519.0 -510.25
-147.0 516.5 -507.5
-339.0 505.5 -507.75
-560.5 504.5 -507.75
-565.5 501.5 -507.5
-594.0 493.0 -507.0
-626.0 495.0 -507.25
-602.0 494.5 -505.75
-600.0 496.0 -505.0
-571.5 514.5 -504.5
-426.0 519.5 -503.5
-693.5 518.0 -503.25
-643.5 516.5 -503.25
-593.5 515.5 -502.0
-543.5 514.5 -501.75
-583.0 514.5 -501.5
-597.0 512.0 -502.0
-611.5 511.0 -503.0
-618.5 512.0 -503.0
-613.5 507.5 -503.0
-606.0 505.0 -504.25
-627.0 505.0 -505.0
-639.5 505.0 -505.75
-626.5 504.0 -507.0
-636.5 499.5 -507.0
-622.0 311.0 -507.5
-694.0 239.17857142857142 -508.0
-687.75 152.75 -508.0
-634.0 66.32142857142857 -507.75
-671.0 8.0 -507.0
-600.5 20.0 -506.5
-287.75 33.5 -507.5
-94.0 36.5 -507.75
-38.5 24.0 -507.5
-48.5 111.5 -507.5
-35.0 211.625 -507.0
-25.0 591.5 -507.0
-23.5 519.0 -507.0
-28.5 520.0 -507.0
-43.0 524.0 -507.0
153.0 524.5 -507.5
190.0 520.5 -507.25
200.0 506.5 -506.75
178.0 504.0 -507.25
185.5 501.5 -507.25
175.0 503.5 -506.0
182.5 513.5 -506.5
118.5 515.0 -507.0
298.5 515.0 -492.5
254.5 513.5 -480.92857142857144
136.5 516.0 -483.5
192.875 516.0 -486.07142857142856
215.5 510.0 -484.5
136.5 508.5 -488.25
77.85 509.0 -503.0
25.64999999999999 485.0 -501.5
21.0 447.45000000000005 -503.0
57.0 418.04999999999995 -503.5
55.5 450.5 -504.5
44.0 502.0 -504.75
53.5 501.5 -505.25
55.5 500.0 -504.75
52.0 491.5 -504.75
49.5 488.0 -503.75
-1.4166666666666643 483.0 -503.0
-203.08333333333331 486.0 -505.0
-404.75 491.0 -507.0
-554.25 495.5 -506.5
-547.25 491.0 -505.5
-581.5 487.0 -504.5
-471.5 492.0 -502.75
-528.0 496.0 -502.25
-568.3723404255319 496.0 -502.0
-546.2021276595744 497.0 -501.5
-524.031914893617 489.5 -501.5
-501.86170212765956 479.0 -501.5
-479.6914893617021 472.25 -503.0
-457.52127659574467 481.5 -503.75
-435.3510638297872 491.5 -505.0
-413.1808510638298 494.5 -505.5
-391.01063829787233 499.5 -506.5
-368.8404255319149 499.5 -505.5
-346.67021276595744 499.5 -505.5
-324.5 499.5 -517.0
-302.32978723404256 500.5 -514.0
-280.1595744680851 500.5 -514.0
-257.98936170212767 500.75 -513.5
-235.8191489361702 488.75 -515.0
-213.64893617021275 484.5 -514.5
-191.4787234042553 484.5 -513.5
-169.30851063829786 483.0 -513.5
-147.13829787234042 482.0 -514.0
-124.96808510638297 482.5 -512.5
-102.79787234042553 490.0 -512.5
-80.62765957446808 493.0 -515.0
-76.5 494.5 -515.5
23.0 496.75 -515.0
14.0 499.25 -514.0
16.0 504.5 -510.5
15.75 505.5 -504.0
-14.666666666666666 505.5 -507.5
24.666666666666668 503.5 -507.0
64.0 502.75 -506.5
65.5 502.5 -506.75
96.0 503.5 -506.75
62.5 505.0 -504.25
-70.0 507.5 -507.0
-40.0 508.5 -507.5
-30.5 508.5 -507.25
56.0 508.5 -507.5
55.5 506.0 -508.5
40.5 504.0 -509.75
28.0 504.0 -510.0
45.0 503.5 -510.75
21.625 502.5 -510.5
11.125 503.0 -511.25
0.625 506.0 -496.0
-31.5 506.0 -472.57142857142856
-18.5 505.0 -460.0
-22.0 480.5 -447.42857142857144
-63.0 452.0 -482.0
-39.0 438.0 -499.25
-28.5 460.5 -503.75
-26.5 487.5 -503.75
-25.5 489.0 -506.0
-15.5 489.0 -506.75
98.0 489.0 -507.75
151.0 488.0 -507.0
144.0 488.0 -511.0
149.0 487.5 -512.5
155.5 488.5 -510.5
155.5 488.5 -510.5
140.0 489.5 -510.75
124.0 490.5 -509.5
103.5 493.0 -505.5
101.0 493.0 -506.25
84.0 495.0 -506.25
112.5 495.5 -506.25
27.60000000000001 496.0 -505.75
-101.59999999999998 497.5 -505.75
-278.0 498.0 -505.25
-538.0 507.0 -504.5
-570.0 509.5 -504.25
-534.0 508.5 -503.0
-527.0 509.5 -503.5
-533.1666666666666 509.5 -501.75
-543.3888888888889 508.5 -500.5
-553.6111111111111 497.5 -499.75
-563.8333333333334 494.5 -499.5
-592.0 493.0 -499.25
-599.5 491.5 -500.25
-582.5 500.0 -500.75
-603.5 505.0 -501.25
-607.0 504.0 -502.5
-610.5 504.5 -503.0
-606.0 504.5 -504.25
-612.5 507.0 -503.75
-627.0 508.0 -504.25
-731.0 510.0 -504.75
-756.0 511.0 -504.75
-721.5 511.5 -493.0
-730.5 512.5 -482.0
-700.0 506.0 -480.5
-625.0 498.0 -475.0
-707.5 496.5 -475.5
-693.5 498.0 -475.0
-685.0 501.0 -473.5
-647.0 506.0 -473.5
-641.0 518.5 -483.5
-679.0 519.5 -490.5
-705.0 517.5 -489.5
-673.5 514.0 -490.0
-672.5 511.0 -489.75
-686.5 509.0 -489.25
-707.0 497.0 -489.25
-737.5 488.0 -490.75
-699.0 489.0 -502.5
-690.5 490.0 -514.25
-677.5 502.0 -514.75
-674.5 507.5 -514.25
-673.0 508.5 -514.0
-659.5 509.0 -514.25
-670.0 508.5 -513.5
-672.5 507.5 -513.25
-648.0 508.0 -513.25
-601.5 508.0 -508.75
-547.0 508.0 -488.2142857142857
-579.0 507.0 -466.5
-619.0 506.5 -444.78571428571433
-623.0 506.5 -444.25
-661.5 509.5 -482.5
-663.5 503.0 -505.5
-635.0 495.5 -508.5
-664.0 495.5 -511.0
-673.5 497.0 -510.5
-672.5 496.5 -507.0
-777.5 504.0 -490.0
-689.5 506.5 -479.75
-689.0 507.0 -480.5
-690.0 507.5 -480.0
-679.0 508.5 -479.5
-657.0 508.5 -479.25
-654.0 508.0 -478.5
-562.5 509.0 -478.0
-551.5 509.0 -478.25
-535.0 509.0 -477.75
-523.0 508.0 -477.0
-529.0 508.0 -476.0
-600.5 508.0 -477.25
-602.0 509.5 -477.5
-592.5 499.5 -478.0
-595.5 491.5 -478.5
-591.5 491.5 -479.5
-606.25 492.0 -480.0
-659.5 492.0 -480.25
-657.325 492.5 -478.75
-652.425 492.0 -478.5
-647.525 472.5 -479.75
-642.625 487.0 -480.25
-637.725 502.5 -480.5
-638.5 497.5 -479.5
-636.0 497.0 -479.75
-636.0 498.0 -479.25
-643.0 503.5 -478.25
-671.375 511.5 -478.25
-632.5 510.0 -479.25
-774.5 511.0 -478.75
-710.5 512.0 -478.75
-633.375 510.0 -478.8888888888889
-688.5 511.0 -478.44444444444446
-697.5 501.5 -478.0
-661.5 494.5 -477.55555555555554
-673.5 494.5 -477.1111111111111
-651.5 495.5 -490.0
-629.25 495.0 -500.75
-706.25 495.0 -505.75
-676.0 495.0 -506.25
-619.5 501.0 -505.75
-615.5 502.0 -505.25
-612.5 503.0 -505.75
-607.0416666666667 504.5 -510.25
-585.2083333333333 502.5 -508.5
-563.375 501.5 -507.75
-548.0 499.5 -508.75
-551.5 497.5 -508.75
-554.5 495.5 -509.25
-557.5 495.0 -510.25
-558.0 495.0 -511.0
-557.0 501.5 -509.75
-557.0 510.5 -507.25
-562.0 510.0 -485.5
-563.0 511.0 -485.0
-547.0 510.5 -485.0
-612.0 510.0 -485.5
-714.5 509.5 -485.5
-720.5 510.5 -484.75
-724.5 510.0 -484.5
-749.5 510.5 -484.5
-719.0 510.5 -485.0
-851.25 507.5 -485.0
-485.0 497.5 -484.75
549.0 497.0 -485.0
-451.0 495.5 -485.5
-697.625 495.5 -485.75
-696.375 496.0 -486.5
-696.2083333333333 495.5 -487.5
-696.0416666666667 495.5 -519.0
-690.1875 520.0 -519.75
-682.4375 558.0 -518.25
-674.0 559.5 -518.25
-672.5 559.0 -519.75
-668.5 558.5 -519.5
-672.0 557.5 -518.25
-672.5 556.5 -518.0
-671.0 555.5 -519.25
-678.0 491.0 -520.0
-535.0 489.0 -519.25
-571.5 491.0 -520.0
-592.5 492.0 -519.75
-568.0 492.5 -521.25
-564.5 486.5 -520.5
-567.0 480.5 -522.0
-560.5 481.0 -504.75
-545.5 499.5 -490.07142857142856
-540.0 503.5 -493.5
-538.0 502.5 -496.92857142857144
-535.5 502.0 -499.0
-567.5 501.5 -497.75
-647.0 508.0 -509.5
-586.0 511.5 -512.5
-588.5 509.0 -522.5
-588.5 503.0 -520.0
-589.5 480.0 -521.25
-587.0 469.0 -521.5
-584.0 459.5 -523.25
-601.5 448.0 -524.25
-587.5 440.5 -525.25
-587.5 442.0 -524.0
-592.0 444.0 -524.25
-568.0 457.0 -531.5
-567.0 467.5 -532.25
-568.5 477.5 -530.5
-577.0 484.0 -524.5
-689.625 486.0 -525.25
-605.5 485.0 -523.0
-595.5 485.5 -521.75
-589.5 487.0 -520.5
-683.875 493.0 -520.0
-872.5 507.0 -520.0
-606.25 504.5 -520.5
-541.5 502.0 -520.0
-543.5 499.5 -519.0
-541.0 498.0 -512.75
-541.0 497.0 -507.0
-557.0 497.5 -507.75
-570.0 500.0 -508.5
-569.0 502.0 -507.0
-570.5 503.0 -507.5
-572.5 504.5 -506.75
-617.0 496.0 -505.5
-632.0 488.0 -507.5
-628.0 487.0 -511.0
-623.0 487.5 -510.75
-622.5 488.0 -511.75
-563.5 488.5 -511.0
-529.5 488.5 -512.0
-444.27083333333337 489.5 -512.75
-381.96527777777777 491.5 -513.75
-319.6597222222222 493.0 -516.25
-257.35416666666663 495.5 -515.5
-195.04861111111111 498.0 -515.5
-132.74305555555554 499.5 -516.0
-70.43749999999997 512.0 -516.0
-8.131944444444429 513.5 -515.5
54.17361111111114 514.0 -515.0
116.47916666666669 515.0 -511.5
178.78472222222223 513.5 -508.0
241.09027777777783 496.0 -506.5
303.39583333333337 494.25 -510.5
365.7013888888889 493.75 -508.5
428.00694444444446 493.0 -509.5
490.3125 492.5 -507.5
552.6180555555557 503.0 -507.5
614.9236111111111 507.0 -506.5
655.0 508.0 -505.5
530.75 509.0 -504.5
522.75 509.5 -504.0
515.25 510.25 -503.5
408.25 510.25 -504.5
466.0 510.0 -505.5
525.75 509.75 -509.5
414.75 498.75 -510.5
291.75 477.625 -512.0
319.08333333333337 478.125 -513.0
227.41666666666666 476.5 -513.5
232.75 488.5 -512.75
270.41666666666663 498.5 -511.75
308.0833333333333 499.0 -511.75
94.5 497.0 -511.75
235.5 497.0 -510.5
185.0 497.0 -508.5
-22.449999999999996 498.0 -507.0
-153.04999999999998 500.5 -505.5
-283.65 502.0 -504.25
-414.25 503.5 -507.75
-544.8499999999999 505.5 -504.25
-572.625 506.5 -501.5
-573.6944444444445 506.5 -502.5
-576.4722222222222 475.0 -505.0
-579.25 493.0 -505.0
-582.0277777777778 494.0 -505.0
-584.8055555555555 493.5 -506.0
-535.7209302325582 487.0 -506.5
-502.6046511627907 485.0 -507.5
-469.48837209302326 492.0 -509.25
-436.3720930232558 498.5 -509.25
-403.25581395348837 502.5 -509.25
-370.1395348837209 501.5 -508.75
-337.0232558139535 500.5 -509.0
-303.906976744186 504.0 -508.5
-270.7906976744186 513.0 -508.0
-237.67441860465115 513.0 -507.5
-204.5581395348837 512.5 -506.5
-171.44186046511624 512.0 -506.25
-138.32558139534882 512.0 -506.25
-105.20930232558138 513.0 -505.75
-72.09302325581393 514.5 -505.0
-38.97674418604646 514.5 -504.5
-5.860465116279045 514.5 -505.25
27.25581395348837 514.0 -507.25
60.37209302325584 513.5 -508.5
93.48837209302332 513.0 -508.5
126.60465116279073 514.0 -508.75
159.72093023255815 513.0 -506.0
188.5 513.0 -489.3928571428571
183.0 513.0 -471.25
154.5 514.5 -453.1071428571429
29.5 542.5 -442.25
34.5 566.5 -499.0
116.0 566.0 -506.0
63.0 566.0 -507.0
-100.5 566.0 -503.5
-30.875 511.0 -502.75
22.0 507.0 -501.75
38.5 503.5 -499.5
25.5 502.5 -498.0
18.25 502.0 -497.5
93.0 502.0 -495.5
242.0 509.5 -493.5
66.5 509.0 -491.5
82.75 509.0 -490.0
184.41666666666669 509.0 -488.75
286.08333333333337 509.5 -488.5
387.75 510.5 -487.75
415.5 501.0 -486.75
519.5 499.75 -486.5
507.5 512.0833333333333 -485.5
505.0 524.4166666666667 -485.5
545.5 499.0 -485.0
509.5 510.5 -484.75
533.5 510.0 -484.5
490.5 512.0 -485.25
484.5 515.0 -485.0
544.0 515.0 -484.75
546.0 519.5 -484.75
547.5 519.0 -484.0
529.0 516.5 -483.5
552.0 495.0625 -483.5
552.5 505.3125 -483.25
507.5 504.0 -483.0
555.5 503.0 -483.25
544.0 506.0 -483.75
538.0 503.5 -484.25
486.625 504.5 -483.0
241.125 504.0 -482.25
-4.375 501.0 -480.75
-249.875 498.5 -472.5
-444.5 498.0 -478.17857142857144
-612.125 498.0 -497.75
-610.5 497.5 -517.3214285714287
-708.0 500.5 -514.25
-636.0 505.5 -496.5
-567.0 507.5 -512.75
-579.0 507.5 -524.75
-582.5 508.5 -505.0
-593.0 499.5 -492.5
-579.0 498.5 -504.0
-581.5 500.0 -513.5
-518.8 502.5 -513.5
-558.0 502.5 -512.75
-597.2 502.0 -511.5
-604.0 507.0 -507.75
-704.5 508.5 -504.5
-693.5 509.0 -503.75
-567.0 508.5 -501.75
-566.5 508.5 -501.0
-546.5 508.5 -500.25
-624.0 508.5 -500.5
-500.625 508.5 -499.75
-467.25 508.0 -501.0
-476.5 508.0 -502.0
-476.5 501.5 -496.25
-478.5 496.0 -493.75
-698.4583333333333 495.5 -493.5
-608.2916666666667 496.0 -494.75
-518.125 496.0 -494.75
-449.0 512.5 -494.75
-449.5 513.0 -500.75
-456.0 513.0 -508.75
-452.5 513.5 -517.75
-454.0 514.0 -520.75
-454.0 515.5 -535.5
-456.0 516.0 -543.0
-454.0 516.5 -542.0
-631.625 516.0 -498.0
-768.5 515.0 -499.25
-665.0 514.5 -498.75
-813.75 514.5 -498.5
-700.5 514.0 -498.25
-676.5 513.5 -497.75
-332.0 513.5 -498.25
-179.5 514.5 -498.0
-163.0 514.0 -497.5
-160.5 513.0 -497.25
-160.5 511.5 -498.0
-159.0 511.5 -498.25
-158.0 511.0 -498.5
-132.5 507.0 -499.5
-68.5 497.5 -499.25
-71.0 497.5 -498.75
-65.5 497.5 -498.75
-88.0 498.5 -498.75
-217.25000000000003 498.5 -497.0
-377.58333333333337 498.5 -496.25
-537.9166666666667 498.5 -495.0
-584.5 498.0 -495.25
-630.5 494.0 -495.75
-615.0 483.0 -495.75
-590.5 481.0 -495.25
-591.0 494.5 -495.0
-595.5 499.5 -495.0
-582.0 502.0 -495.25
-584.0 503.0 -495.5
-583.0 503.0 -498.0
-730.0 508.5 -505.0
-562.0 505.0 -505.0
-543.5 504.0 -507.5
-534.0 506.5 -506.5
-548.5 509.5 -507.25
-549.0 510.5 -506.75
-550.5 512.0 -507.0
-555.5 514.5 -504.5
-553.5 514.5 -515.25
-555.0 506.5 -524.0
-560.5 498.0 -521.0
-581.5 496.0 -521.0
-562.5 495.0 -515.0
-561.0 494.5 -513.5
-563.0 494.5 -508.75
-564.0 504.0 -504.5
-545.5 507.0 -501.0
-541.5 509.0 -500.5
-544.5 509.5 -501.0
-540.5 506.5 -501.75
-525.5 500.0 -502.0
-526.0 498.5 -501.75
-530.0 497.0 -502.5
-537.0 496.0 -504.0
-534.0 504.5 -505.75
-547.0 504.0 -431.0
-626.0 506.5 -369.0
-559.0 509.0 -385.0
-556.0 509.5 -401.0
-590.5 508.5 -437.5
-559.0 508.0 -496.75
-558.5 509.5 -501.0
-536.0 509.5 -506.5
-533.5 509.0 -508.25
-575.5 506.5 -510.75
-635.0 505.5 -511.75
-596.5 505.5 -513.75
-563.5 505.0 -515.5
-568.5 481.25 -515.5
-577.0 460.25 -516.5
-554.0 439.25 -517.25
-534.5 489.5 -516.75
-531.0 500.5 -516.5
-532.0 497.5 -515.25
-528.5 499.5 -514.75
-527.0 505.5 -514.0
-526.0 514.5 -513.5
-525.0 520.0 -513.75
-521.5 517.0 -513.75
-527.5 517.5 -514.0
-571.0 518.0 -513.5
-641.125 518.0 -513.25
-786.5 539.5 -513.25
-771.5 571.0 -512.75
-703.625 571.5 -513.75
-640.125 570.5 -514.25
-576.625 570.5 -515.75
-547.0 569.0 -515.5
-58.775 565.0 -515.0
84.12500000000001 563.0 -514.0
227.025 563.0 -514.0
369.92500000000007 561.5 -510.0
512.825 559.0 -509.25
578.5 496.5 -508.75
608.5 497.0 -508.5
556.5 497.5 -508.25
521.0 499.0 -508.0
532.0 499.5 -506.5
515.5 504.0 -506.0
516.0 509.5 -506.5
518.5 510.0 -507.0
514.5 511.0 -426.42857142857144
514.5 511.0 -432.1428571428571
474.0 510.0 -437.8571428571429
528.5 509.0 -443.57142857142856
584.0 509.0 -531.5
508.0 508.5 -509.25
432.0 508.25 -500.5
553.5 508.75 -502.5
440.25 510.0 -499.0
590.4642857142858 570.5 -500.5
579.75 569.25 -500.0
569.0357142857142 568.25 -500.5
574.75 568.0 -500.0
602.5 567.5 -501.0
608.75 567.0 -501.0
610.5 565.75 -495.0
598.0 564.25 -492.5
603.0 564.0 -495.5
602.25 564.0 -495.0
598.25 564.0 -495.5
597.0 564.25 -496.5
601.25 564.5 -497.0
554.75 491.75 -500.5
549.25 493.0 -507.0
559.0 493.0 -509.5
575.0 408.0 -511.0
562.5 333.0 -510.5
534.5 331.5 -511.5
537.0 330.5 -511.0
532.5 329.0 -511.5
513.25 328.25 -511.75
512.875 335.5 -512.5
510.5 334.5 -512.5
404.0 334.0 -513.5
511.0 333.5 -513.75
437.5 333.5 -513.5
471.0 334.0 -512.75
469.5 335.0 -511.25
529.4583333333333 412.3 -511.25
529.2916666666667 465.5 -511.0
529.125 518.7 -510.5
516.0 509.5 -510.25
464.0 514.0 -510.25
506.5 512.5 -510.0
469.5 515.0 -509.5
502.0 515.0 -509.5
451.0 513.5 -509.5
445.875 515.5 -509.5
509.0 515.5 -509.75
469.5 515.5 -509.25
483.5 516.0 -509.5
500.5 517.0 -509.5
512.5 518.5 -509.0
514.75 520.0 -508.25
511.75 521.5 -509.0
486.5 523.0 -509.5
508.5 500.34375 -510.0
530.5 509.71875 -509.75
546.5 519.09375 -508.5
547.5 528.46875 -507.75
559.0 550.0 -508.0
554.0 506.0 -507.75
525.5 510.5 -506.5
547.5 507.5 -503.5
554.5 504.5 -501.0
574.5 492.71875 -501.0
565.5 495.59375 -501.5
516.5 498.46875 -502.0
532.5 501.34375 -502.0
534.0 504.0 -502.0
507.0 509.0 -503.0
546.0 510.0 -504.5
539.5 503.0 -504.5
535.1071428571429 496.6875 -505.75
363.5357142857143 490.9375 -506.5
191.9642857142857 485.1875 -506.25
20.39285714285711 479.4375 -506.5
-481.5 494.0 -506.75
-478.75 512.0 -505.5
-505.75 521.0 -504.75
-533.0 526.5 -504.5
-515.0 527.0 -504.75
-488.0 527.5 -506.75
-477.0 525.0 -508.0
-505.0 517.5 -508.25
-555.5 510.0 -508.5
-652.25 510.5 -510.0
-595.25 511.5 -511.0
-518.0 512.0 -512.0
-533.0625 512.5 -511.75
-485.8125 514.5 -512.5
-467.0 518.5 -512.5
-460.5 521.5 -513.5
-456.0 527.0 -513.5
-461.5 534.5 -481.5
-460.0 535.0 -449.125
-517.5 531.0 -448.625
-633.5 524.0 -448.125
-824.5 515.0 -414.0
-455.5 503.0 -469.5
-457.875 474.0 -501.75
-481.375 383.20000000000005 -500.25
-504.875 264.1333333333333 -514.25
-528.375 145.0666666666667 -525.25
-551.875 26.0 -523.25
-565.9375 -93.0666666666666 -523.75
-551.6875 -212.13333333333333 -523.0
-537.4375 -331.2 -521.75
-523.1875 -497.0 -523.0
-508.9375 -803.0 -523.75
-494.6875 -682.5 -522.0
-483.5 -701.0 -521.25
-480.5 -580.0 -521.25
-474.5 -550.0 -519.5
-477.5 -525.0 -518.0
-478.0 -515.0 -515.75
-478.375 -503.0 -515.75
-481.0 -494.0 -516.0
-461.5 -487.0 -515.25
-438.0 -478.0 -514.5
-501.0 -468.5 -514.75
-503.0 -456.5 -514.5
-622.0833333333333 -442.0 -513.75
-226.41666666666666 -424.0 -513.5
169.25000000000006 -327.046875 -513.5
522.5 -193.109375 -513.0
485.5 -59.171875 -512.75
472.0 74.765625 -513.75
507.5 208.703125 -515.75
478.5 342.640625 -517.5
478.5 476.578125 -518.5
397.5 610.515625 -519.0
383.0 721.5 -519.25
416.0 634.0 -520.0
434.0 577.0 -500.0
516.0 557.0 -519.25
477.0 575.0 -518.5
460.0 566.0 -517.0
486.5 563.5 -516.5
492.0 560.5 -515.25
514.0 556.0 -514.5
514.5 550.5 -513.75
489.5 545.5 -512.0
513.0 542.5 -511.5
512.0 540.0 -510.5
497.0 541.0 -511.0
43.71875 542.0 -512.0
-133.40625 541.5 -512.0
-310.53125 540.0 -511.0
-487.65625 540.0 -511.5
-618.5 538.5 -511.5
-512.625 537.0 -510.0
-601.0 535.5 -509.0
-554.0 534.0 -506.5
-662.5 520.0 -503.0
-668.5 510.5 -508.0
-670.5 510.5 -507.75
-671.5 510.0 -509.0
-670.0 509.0 -510.75
-669.0 508.0 -512.25
-662.75 508.0 -512.75
-655.75 507.5 -513.25
-652.5 507.0 -511.75
-658.5 506.5 -509.25
-640.5 506.0 -506.75
-849.8125 508.0 -513.75
-717.0625 509.0 -510.5
-620.5 510.5 -513.75
-757.0 515.5 -515.25
-624.0 522.0 -518.25
-633.75 520.5 -517.5
-660.5 520.5 -520.25
-660.0 520.0 -522.0
-657.0 521.5 -520.75
-655.625 520.5 -520.5
-656.5 521.0 -520.25
-664.5 522.5 -518.25
-664.0 525.0 -516.75
-658.0 525.5 -514.5
-656.0 527.0 -513.0
-656.0 527.5 -510.75
-637.5 515.0 -513.75
-624.9 505.5 -515.5
-632.5 503.0 -515.5
-640.1 503.0 -518.0
-678.5 503.5 -517.0
-708.0 506.5 -518.25
-720.0 514.0 -516.75
-723.5 513.5 -512.75
-722.1833333333334 510.5 -510.0
-716.9166666666667 506.0 -506.5
-711.6500000000001 437.0 -505.0
-706.3833333333334 318.64285714285717 -503.0
-701.1166666666666 209.5 -502.5
-695.8499999999999 100.35714285714286 -505.75
-690.5833333333333 20.5 -452.92857142857144
-685.3166666666666 38.0 -438.6428571428571
-685.0 38.0 -424.3571428571429
-682.5 46.5 -410.07142857142856
-683.0 152.5 -450.0
-684.0 151.0 -486.0
-700.0 153.5 -492.5
-696.0 160.5 -479.0
-694.5 167.0 -491.0
-695.5 170.0 -496.5
-695.5 173.0 -497.25
-700.0 176.0 -497.0
-696.0 176.5 -496.75
-702.5 148.5 -498.0
-702.5 54.0 -500.5
-703.0 57.5 -501.75
-702.0 58.0 -503.0
-696.0 56.5 -502.5
-695.0 57.0 -503.5
-693.5 56.5 -503.25
-690.5 118.5 -502.75
-686.0 371.0 -502.5
-694.0 496.5 -501.25
-673.0 498.0 -495.75
-697.0 499.5 -437.08333333333337
-706.0 503.0 -421.41666666666663
-711.0 502.5 -405.75
-710.5 504.0 -416.125
-710.5 507.0 -482.25
-701.0 507.0 -476.0
-339.5 509.5 -486.5
-204.1195652173913 506.5 -485.0
-178.94565217391306 410.8571428571429 -486.0
-153.77173913043478 268.2857142857143 -491.0
-128.5978260869565 125.7142857142857 -492.25
-103.42391304347825 -16.85714285714289 -495.75
-78.25 -52.0 -497.0
-53.076086956521735 -61.5 -498.0
-27.90217391304347 -60.5 -498.75
-2.7282608695652186 -55.5 -500.25
22.44565217391306 -51.0 -499.25
47.61956521739131 -58.0 -499.5
72.79347826086956 -53.5 -499.0
97.96739130434781 -49.0 -497.5
123.14130434782612 -23.0 -497.75
148.31521739130437 -11.0 -497.75
173.48913043478262 3.0 -497.5
198.66304347826087 1.0 -497.75
223.83695652173913 -1.5 -498.25
249.0108695652174 -5.0 -498.75
274.1847826086957 -68.5 -500.0
299.35869565217394 -75.5 -500.5
324.5326086956522 -76.0 -499.0
349.70652173913044 -74.5 -499.5
361.0 18.5 -499.25
273.5 31.0 -498.5
298.0 36.5 -498.25
307.5 37.5 -498.0
272.5 38.5 -498.25
270.5 195.5 -500.0
276.5 422.25 -495.0
309.5 481.0 -494.5
298.75 486.0 -491.0
253.75 487.0 -490.0
203.75 485.5 -491.5
204.25 486.5 -491.0
187.0 516.5 -499.5
192.0 517.25 -499.0
191.5 519.25 -500.0
207.75 520.5 -487.0
231.68548387096774 520.25 -482.5
249.26612903225805 519.75 -490.5
266.8467741935484 519.75 -498.5
284.4274193548387 519.0 -500.0
302.008064516129 518.5 -500.5
319.5887096774194 517.0 -504.0
337.16935483870964 517.5 -514.0
354.75 518.0 -507.0
372.33064516129036 517.5 -511.0
389.9112903225806 502.75 -510.0
407.491935483871 491.375 -510.5
425.07258064516134 492.54166666666663 -511.5
442.6532258064516 493.70833333333337 -513.5
460.23387096774195 493.0 -514.0
477.8145161290323 516.0 -516.0
494.0 519.0 -518.0
468.75 521.25 -518.0
435.66666666666663 514.0 -517.75
472.33333333333337 492.5 -517.5
462.0 492.5 -518.0
461.0 494.5 -517.75
526.125 494.0 -518.0
520.625 495.0 -517.5
515.125 495.0 -516.25
513.0 495.5 -516.75
521.5 496.0 -517.0
487.5 496.5 -515.25
470.5 509.5 -507.25
424.0 512.5 -505.0
432.0 513.5 -505.0
469.5 514.0 -504.25
444.5 513.5 -502.75
478.0 512.5 -503.0
471.0 511.0 -503.0
674.2 510.5 -496.5
605.0 509.5 -484.5
535.8 508.5 -474.5
488.0 508.5 -464.5
489.0 508.0 -454.5
501.0 507.5 -444.5
479.0 507.5 -491.5
447.0 552.5 -509.5
447.5 569.0 -517.5
447.0 567.5 -519.75
483.5 567.5 -518.5
447.5 567.0 -515.75
459.0 567.0 -516.75
486.0 567.5 -515.75
486.0 548.6 -516.0
488.5 579.0 -515.5
489.0 609.4 -514.75
494.5 546.875 -514.5
467.0 523.5 -512.75
517.0 522.0 -512.5
520.0 507.5 -502.0
513.0 504.0 -481.5
503.5 505.0 -467.5
507.5 506.0 -453.5
504.0 506.5 -439.5
520.0 507.5 -454.08333333333337
552.0 525.5 -478.41666666666663
541.0 526.0 -498.5
555.0 525.0 -501.0
592.5 525.5 -498.5
597.5 526.5 -501.0
576.0 526.5 -499.25
590.5 527.0 -500.25
589.5 518.5 -504.75
590.5 508.5 -505.5
579.5 509.5 -500.5
564.5 509.0 -501.25
595.5 508.5 -506.75
580.0 515.0 -507.0
580.0 520.5 -506.25
547.0 521.0 -505.75
535.0 520.0 -506.5
529.0 520.5 -506.5
528.5 520.0 -505.5
524.0 519.0 -505.0
521.5 517.5 -505.0
524.0 516.0 -504.5
492.0 516.5 -503.5
452.5 517.0 -504.5
444.0 519.0 -505.25
439.0 520.5 -505.0
529.5 522.0 -491.0
499.5 521.5 -491.5
500.5 520.0 -491.5
495.5 520.0 -492.0
522.5 521.0 -492.25
524.0 513.5 -492.0
550.5 508.0 -491.5
582.0 505.5 -492.0
534.0 504.5 -492.25
462.5 505.0 -492.5
483.5 504.5 -492.0
482.0 503.5 -491.5
481.0 503.5 -493.75
469.5 504.0 -496.25
481.5 514.0 -496.75
505.0 519.5 -496.75
487.0 520.5 -497.25
489.5 520.5 -499.5
496.5 521.0 -499.5
495.0 522.0 -499.0
494.5 522.0 -499.5
536.05 522.0 -498.5
446.25 523.0 -504.75
356.45 522.0 -505.25
342.5 522.0 -508.0
278.5 523.0 -510.5
317.5 523.0 -512.0
302.5 523.0 -514.0
297.5 509.0 -516.0
169.5 509.0 -518.0
181.0 509.5 -519.0
250.0 509.0 -518.75
268.75 509.0 -518.5
295.0 508.0 -518.25
272.5 506.0 -529.75
282.0 502.0 -501.0
297.0 496.1666666666667 -498.75
292.0 495.05555555555554 -498.0
244.5 493.94444444444446 -497.75
225.0 492.8333333333333 -498.0
246.0 496.5 -497.0
311.75 505.0 -497.5
326.125 507.5 -499.0
304.29166666666663 515.5 -499.0
282.45833333333337 509.5 -497.75
242.0 509.5 -497.25
233.25 508.0 -498.0
233.0 508.0 -498.25
218.0 508.0 -498.0
217.0 513.5 -497.75
227.0 518.0 -497.25
287.85714285714283 518.0 -497.25
359.0 516.5 -496.75
430.1428571428571 515.0 -469.25
490.5 513.0 -441.42857142857144
487.0 513.5 -440.0
455.0 513.5 -438.57142857142856
490.5 514.0 -454.625
493.0 519.5 -509.75
478.58333333333337 527.5 -496.5
416.91666666666663 527.0 -498.75
446.5 527.5 -476.75
501.625 528.5 -486.75
523.0 528.0 -502.75
474.0 528.5 -503.0
515.5 529.0 -503.25
526.5 529.5 -502.5
494.0 530.0 -500.75
495.0 522.5 -499.5
528.5 509.5 -499.5
518.5 509.0 -498.25
549.0 510.0 -497.5
540.5 500.0 -498.5
581.5 493.0 -496.75
535.0 491.5 -495.75
563.5 491.0 -496.5
574.5 488.5 -496.5
527.5 488.0 -495.5
500.5 488.0 -496.5
576.0 487.5 -497.25
595.5 487.5 -498.75
600.5 487.5 -499.5
601.0 500.5 -499.25
531.0 511.5 -499.0
530.5 509.0 -497.75
538.0 508.0 -497.5
522.0 508.0 -497.5
523.5 508.5 -496.25
522.4375 507.5 -495.0
519.6875 508.0 -494.5
520.5 518.5 -494.25
425.5 528.0 -494.5
429.0 527.0 -494.5
476.5 526.5 -494.5
527.875 526.5 -494.5
484.5 524.5 -493.5
474.5 523.5 -492.75
524.0 523.5 -493.25
507.0 524.5 -493.5
512.0 524.0 -492.5
511.875 523.0 -492.0
508.5 523.0 -492.25
532.0 528.0 -492.0
506.0 511.29166666666663 -493.25
483.5 510.45833333333337 -498.5
480.5 509.625 -499.25
506.5 510.0 -500.75
564.5 513.5 -503.0
561.5 524.0 -503.75
563.0 517.0 -505.25
563.5 519.0 -506.25
558.0 509.5 -496.75
547.5 503.0 -487.27272727272725
537.875 501.5 -481.6363636363636
534.375 501.5 -476.0
530.875 499.0 -470.3636363636364
527.375 503.5 -464.72727272727275
526.5 521.0 -467.0
524.25 519.0 -490.0
517.0 518.5 -500.0
521.0 518.0 -505.5
524.0 521.0 -499.75
519.5 522.5 -500.75
493.0 523.5 -501.75
520.25 524.5 -502.25
529.5 527.0 -502.75
531.0 528.5 -503.25
533.0 529.0 -503.5
535.5 528.5 -505.0
463.0 528.5 -505.25
490.5 529.0 -504.5
515.0 528.5 -504.75
515.5 507.0 -503.75
471.0 503.5 -502.25
349.08333333333337 504.0 -501.5
271.41666666666663 504.5 -500.5
272.0 503.5 -501.0
265.0 504.0 -501.5
131.5 504.0 -501.5
260.5 512.5 -498.0
233.5 526.0 -499.0
291.0 526.0 -499.0
206.0 526.0 -498.25
217.5 526.5 -497.5
180.5 527.0 -497.0
251.0 527.0 -497.0
233.5 527.0 -497.0
231.0 527.0 -496.5
229.5 527.0 -497.25
230.5 527.0 -497.25
204.0 527.0 -497.0
142.5 528.0 -496.75
142.5 527.0 -496.25
151.5 499.0 -496.5
148.0 501.5 -507.75
148.5 503.5 -508.5
160.5 501.0 -503.5
154.0 499.125 -501.625
155.0 506.75 -502.0
221.55 522.75 -504.0
298.95000000000005 525.25 -502.0
419.75 525.75 -502.0
495.75 525.25 -501.0
502.875 524.75 -502.0
470.75 521.0 -509.5
439.5 517.0 -509.0
487.0 514.25 -507.0
507.75 513.25 -506.0
442.25 512.0 -505.5
482.25 498.75 -506.5
462.25 494.0 -507.0
480.5 493.0 -508.0
504.75 491.5 -509.0
507.0 490.5 -511.0
509.25 489.75 -510.5
503.0 489.5 -515.0
497.5 523.5 -512.0
491.0 524.0 -513.0
535.75 524.0 -514.5
568.25 523.5 -512.5
560.5 523.75 -507.5
563.25 524.0 -488.25
561.75 524.125 -466.58333333333337
543.75 524.5 -444.91666666666663
533.625 524.5 -423.25
529.0 524.5 -425.5
557.0 525.5 -499.25
546.5 508.0 -492.5
491.5 484.95000000000005 -492.75
515.0 481.54999999999995 -497.75
513.5 482.0 -500.5
513.5 494.0 -497.5
513.0 511.5 -501.25
511.5 505.5 -502.25
476.0 500.0 -501.0
456.0 499.0 -501.0
488.5 506.0 -501.5
643.5 516.0 -500.25
639.5 517.5 -500.5
639.5 520.0 -500.75
644.0 522.5 -500.25
525.0 523.0 -500.0
508.5 554.5 -499.25
511.5 578.0 -497.5
646.0 577.5 -498.25
657.0 577.0 -500.25
668.0 576.5 -499.5
606.5 575.0 -499.5
667.0 506.0 -499.0
586.5 509.5 -499.25
500.5 509.5 -499.25
591.5 509.5 -499.5
528.0 509.5 -500.25
506.5 521.0 -500.25
494.0 531.5 -501.5
620.5 531.0 -501.0
624.5 530.0 -501.5
624.5 530.0 -501.5
596.125 531.0 -501.5
561.625 529.5 -501.0
527.125 528.5 -501.0
579.0 529.5 -500.75
574.0 531.0 -501.0
426.0 532.0 -478.5
508.0 506.5 -456.4375
639.5 509.0 -459.6875
616.875 508.5 -462.9375
584.0416666666667 508.0 -466.1875
551.2083333333333 507.5 -469.25
519.5 508.0 -514.25
634.21875 508.0 -513.5
625.09375 508.0 -509.75
615.96875 508.0 -509.0
606.84375 508.5 -539.25
554.5 508.5 -537.0
545.0 508.0 -537.0
639.0 507.5 -536.5
590.0 519.5 -534.5
651.0 523.0 -497.0
604.5 522.0 -499.75
559.0 521.0 -501.5
536.5 521.0 -501.75
532.25 523.0 -501.75
526.5 523.5 -502.0
526.5 524.0 -504.25
534.0 525.5 -501.25
527.25 527.0 -500.25
532.0 529.0 -500.25
540.0 530.0 -501.0
541.5 532.0 -500.0
511.5 531.5 -500.75
481.5 549.5 -500.5
510.0 565.0 -500.25
391.0 565.5 -497.5
336.5 565.0 -494.25
291.5 564.5 -493.75
298.5 563.5 -493.0
307.5 502.5 -496.75
330.0 508.0 -495.25
260.5 507.0 -495.75
224.5 506.5 -499.0
242.5 500.0 -497.75
250.0 524.9166666666667 -499.0
233.0 690.5833333333333 -503.5
166.5 514.5 -504.25
163.0 534.0 -505.5
142.0 527.5 -505.75
136.0 516.0 -505.5
134.5 515.5 -506.25
160.0 517.0 -507.0
207.0 519.5 -506.25
208.0 528.5 -505.0
229.5 529.0 -504.5
232.5 529.5 -503.25
235.5 529.0 -502.0
206.5 528.5 -502.0
235.5 528.5 -502.0
307.5 529.0 -500.25
280.0 529.0 -500.0
267.0 528.5 -499.75
482.5 528.5 -497.75
495.5 528.5 -479.0
496.5 528.0 -457.0
485.0 528.5 -435.0
492.5 528.5 -473.0
474.0 530.5 -507.0
474.5 531.5 -505.0
574.0 530.5 -500.75
554.5 577.5 -501.75
527.0 576.0 -502.5
537.0 574.5 -505.25
532.5 576.0 -503.25
572.5 576.0 -504.5
577.0 536.0 -504.25
557.5 511.5 -503.0
571.5 511.5 -502.25
596.5 512.0 -503.25
531.0 512.0 -502.5
532.0 513.5 -502.25
503.5 517.0 -498.75
486.0 520.5 -500.0
299.2857142857143 522.5 -505.5
60.42857142857143 523.0 -506.0
-178.42857142857142 523.0 -507.5
-417.2857142857143 521.5 -508.0
-451.0 520.5 -508.0
-450.5 519.0 -508.25
-455.5 519.0 -507.25
-509.5 519.0 -505.5
-577.0 520.5 -505.0
-514.5 522.0 -499.5
-566.125 510.5 -331.32142857142856
-453.0 499.0 -356.6071428571429
-585.5 499.0 -381.8928571428571
-583.5 500.0 -407.17857142857144
-583.5 500.5 -370.25
-553.5 502.0 -456.5
-590.0 500.5 -488.0
-587.0 499.5 -490.25
-592.5 498.0 -489.5
-576.55 498.5 -491.75
-204.74999999999997 499.0 -496.25
167.05 475.5 -497.5
475.5 462.75 -496.5
585.25 467.75 -499.5
480.0 490.0 -498.0
476.0 511.5 -498.0
496.5 521.0 -495.25
514.0 520.0 -497.5
453.0 515.5 -498.0
470.0 519.0 -499.75
468.0 523.0 -500.25
503.0 523.5 -500.0
508.5 521.0 -500.0
505.0 520.5 -499.25
471.5 523.5 -498.5
465.0 522.5 -498.25
470.0 521.0 -497.75
469.5 511.0 -496.0
230.0 501.5 -496.5
75.0 502.0 -496.0
42.5 501.0 -500.5
49.0 501.0 -502.75
41.5 508.5 -502.0
1.0 518.5 -501.75
3.0 520.0 -501.75
43.5 519.5 -502.0
45.0 519.0 -502.0
46.5 519.0 -502.5
48.5 518.0 -502.5
49.0 518.0 -501.0
51.0 517.0 -499.75
51.5 517.0 -499.75
52.5 517.5 -494.5
49.5 518.5 -494.5
37.15 517.0 -496.0
37.75 499.5 -496.0
38.35 500.0 -496.5
42.5 501.0 -497.0
41.0 501.0 -497.5
44.5 501.5 -497.5
42.5 505.5 -496.5
43.0 508.5 -496.0
41.0 509.0 -496.5
41.0 509.0 -496.75
39.0 509.0 -496.0
37.5 482.5 -509.02777777777777
45.0 480.0 -487.1388888888889
25.0 479.0 -465.25
26.5 479.0 -443.3611111111111
21.5 479.0 -421.47222222222223
19.5 479.5 -493.75
23.0 480.0 -516.25
24.5 480.5 -491.0
-3.0 480.0 -493.0
11.0 480.0 -496.0
25.0 480.0 -497.5
39.0 480.5 -495.0
30.5 481.0 -496.0
31.0 486.0 -496.0
33.0 515.5 -496.25
35.0 516.5 -497.5
35.0 517.0 -500.5
33.5 517.0 -501.25
48.0 517.0 -502.5
121.0 504.0 -502.5
109.0 500.0 -503.75
182.625 500.5 -504.25
282.7916666666667 500.0 -504.25
382.95833333333337 499.5 -503.5
539.5 499.0 -502.75
531.0 499.0 -501.5
536.0 507.0 -503.0
520.0 516.0 -503.0
498.0 515.5 -502.5
485.0 514.5 -502.0
480.5 514.5 -503.0
478.5 514.5 -502.0
508.5 515.0 -502.25
508.0 516.0 -502.25
513.0 516.0 -501.75
521.5 505.0 -502.0
516.5 498.0 -501.0
509.5 498.0 -499.75
602.5 497.0 -499.0
535.0 496.0 -495.5
516.0 495.0 -493.25
520.0 495.5 -493.75
489.0 496.0 -493.75
488.5 496.0 -495.25
526.5 496.0 -496.0
538.75 496.25 -497.0
542.5 508.75 -496.0
561.25 511.75 -497.0
530.75 510.75 -497.0
506.0 510.0 -496.5
505.25 509.5 -496.0
546.5 509.0 -494.5
552.75 500.5 -494.5
493.5 496.0 -495.0
378.5 496.0 -495.5
432.75 491.75 -496.0
432.5 510.4375 -495.0
448.5 586.1875 -495.5
550.0 606.5 -495.5
537.5 512.25 -496.5
519.0 499.0 -471.5
509.0 501.5 -502.0
508.5 500.25 -513.5
501.25 502.75 -309.76041666666663
501.5 505.75 -328.80208333333337
501.5 507.25 -347.84375
499.25 510.5 -366.8854166666667
501.25 512.0 -385.92708333333337
501.75 511.75 -404.96875
502.25 512.5 -424.0104166666667
491.0 513.0 -443.05208333333337
496.0 513.5 -462.09375
505.5 514.5 -481.1354166666667
505.0 505.0 -500.17708333333337
277.0 494.0 -519.21875
-8.22727272727273 494.5 -497.75
-99.86363636363637 494.0 -514.0
-191.5 493.0 -523.0
-283.1363636363636 491.0 -526.5
-374.77272727272725 488.0 -520.5
-448.5 483.0 -520.8333333333333
-452.0 473.0 -540.1666666666667
-457.0 457.5 -544.5
-497.625 441.0 -546.0
-604.0 393.0 -549.5
-600.0 161.71875 -483.5
-383.275 68.59375 -501.25
-94.97499999999997 -24.53125 -502.25
193.32500000000005 -117.65625 -501.75
481.62500000000006 -272.5 -501.25
769.9250000000001 -426.04999999999995 -493.25
713.5 -517.45 -491.75
662.0 -582.0 -491.0
646.0 -554.5 -490.75
648.5 -480.0 -491.5
649.0 -549.5 -492.25
642.5 -535.0 -488.5
642.0 -535.0 -490.0
644.0 -464.375 -488.5
558.5 -539.5 -489.5
490.0 -614.5 -493.25
498.0 -563.5 -493.75
499.0 -558.5 -493.0
501.5 -553.5 -492.75
555.0 -532.5 -492.25
449.45000000000005 -526.0 -492.5
242.04999999999998 -519.0 -492.0
34.64999999999998 -560.0 -491.25
-172.75 -521.0 -490.25
-380.15000000000003 -518.5 -490.25
-438.5 -515.5 -490.5
-549.0 -511.5 -490.75
-551.5 -506.0 -493.0
-565.5 -502.5 -494.75
-529.875 -502.0 -496.0
-391.5 -502.5 -497.5
-447.5 -501.5 -499.75
-450.5 -500.5 -500.0
-444.0 -526.5 -501.0
-445.0 -499.5 -501.25
-449.5 -499.0 -504.75
-451.5 -498.5 -504.0
-453.0 -499.0 -448.5
-456.5 -499.5 -394.375
-459.5 -498.5 -398.875
-460.0 -497.5 -403.375
-453.5 -496.0 -460.75
-451.0 -492.0 -485.5
-453.5 -487.5 -506.5
-453.5 -487.0 -486.5
-453.5 -518.0 -508.75
-464.55 -534.0 -503.25
-508.75 -500.5 -505.0
-552.95 -500.5 -506.0
-552.5 -500.0 -508.5
-543.0 -500.0 -511.0
-540.0 -518.5 -512.5
-541.0 -524.0 -514.0
-539.5 -489.5 -513.5
-543.125 -487.0 -511.0
-545.0 -483.0 -508.5
-548.5 -497.5 -506.5
-550.3125 -496.5 -504.0
-551.5625 -496.5 -502.25
-553.5 -491.5 -497.25
-559.0 -488.5 -497.0
-553.0 -484.0 -497.25
-605.5 -475.0 -498.75
-508.0 -456.5 -499.25
-396.65625 -433.5 -499.75
-123.28125 -412.5 -500.25
150.09375 -158.0 -500.25
423.46875 79.33333333333334 -501.75
630.5 246.66666666666669 -501.75
585.0 414.0 -500.5
577.25 555.5 -499.5
574.0 638.0 -499.25
553.875 561.5 -498.25
542.0 537.0 -497.25
590.0 522.0 -497.0
600.875 509.0 -497.5
524.5 505.0 -480.0
535.0 513.5 -462.75
548.0 515.0 -462.0
566.0 518.0 -461.75
577.0 521.5 -462.25
570.5 528.5 -477.0
618.0 532.5 -491.5
607.0 533.5 -475.25
563.0 534.0 -459.0
574.0 531.0 -484.75
569.0 504.5 -505.5
565.0 501.5 -504.25
574.0 501.0 -502.25
572.5 502.5 -501.5
569.0 509.5 -501.25
522.5 518.0 -500.25
531.0 519.5 -499.5
549.5 521.0 -498.5
525.0 524.0 -496.5
516.5 528.0 -496.25
514.0 531.0 -495.75
519.0 533.0 -497.0
517.5 533.0 -497.0
517.0 531.0 -496.5
518.0 525.5 -496.0
518.5 520.0 -497.5
518.0 515.0 -498.75
524.0 514.5 -496.5
400.0 514.0 -495.25
316.0 491.54166666666663 -497.0
266.0 491.70833333333337 -496.0
240.0 491.875 -496.5
229.0 499.0 -497.0
242.0 514.5 -497.25
273.0 508.5 -497.25
225.5 508.0 -497.75
157.5 508.0 -477.625
129.0 509.5 -446.125
141.0 511.0 -414.625
139.5 514.5 -426.0
147.0 516.0 -476.5
7.5 517.5 -494.0
4.5 518.0 -490.0
17.0 520.0 -489.5
28.0 522.0 -489.0
-7.0 522.5 -489.5
16.5 523.5 -488.75
30.0 526.5 -491.5
42.5 520.5 -498.0
111.0 517.0 -489.0
79.0 519.5 -476.0
90.5 520.0 -492.0
107.5 521.0 -491.25
114.0 523.5 -493.25
102.0 525.5 -495.0
-50.5 525.0 -497.5
-281.125 523.5 -496.25
-540.625 527.5 -495.25
-629.5 535.5 -494.5
-493.0 533.5 -494.5
-486.0 530.5 -493.5
-492.5 528.5 -491.5
-512.5 527.5 -491.5
-508.25 525.0 -492.5
-490.0 522.0 -492.5
-502.0 519.5 -492.5
-517.0 516.0 -493.0
-523.375 494.5 -496.5
-406.0 487.5 -494.25
-502.0 481.0 -494.5
-502.25 476.0 -493.75
-510.25 472.0 -493.25
-504.0 469.0 -492.5
-475.0 479.5 -496.75
-463.5 483.5 -498.0
-499.0 485.0 -493.75
-468.0 485.0 -489.75
-460.5 484.0 -488.5
-464.0 480.5 -488.25
-465.5 483.5 -491.75
-466.5 488.0 -494.0
-467.5 492.0 -494.5
-470.0 492.0 -492.25
-459.0 494.5 -492.0
-468.0 492.5 -492.5
-504.89285714285717 493.0 -493.0
-550.75 492.5 -492.5
-596.6071428571429 491.5 -492.25
-622.0 496.0 -492.0
-519.5 494.5 -491.25
-507.5 494.5 -427.5
-506.5 496.0 -421.9642857142857
-506.5 498.0 -451.25
-514.5 500.0 -480.53571428571433
-519.0 503.0 -501.0
-518.5 501.5 -494.625
-515.5 502.5 -495.75
-522.0 505.5 -489.25
-582.625 508.0 -495.75
-740.5 508.5 -493.75
-663.5 499.5 -495.25
-617.5 492.0 -495.0
-526.5 491.0 -496.75
-570.0 487.5 -496.5
-549.5 480.5 -496.0
-551.5 475.0 -494.5
-476.5 457.5 -501.0
-288.45 437.5 -501.25
-145.04999999999998 423.1 -502.5
-1.6499999999999773 428.56666666666666 -502.25
141.75000000000003 434.0333333333333 -501.75
285.15000000000003 439.5 -501.5
428.55000000000007 444.9666666666667 -502.25
571.95 450.43333333333334 -502.25
647.5 455.9 -502.75
619.25 461.0 -502.75
618.5 463.5 -502.75
540.0 470.0 -503.5
527.0 478.0 -503.5
528.5 482.0 -504.75
620.5 491.0 -505.5
619.5 515.0 -505.25
626.0 508.0 -504.0
654.0 510.5 -505.25
621.5 507.5 -505.25
609.5 503.0 -504.5
609.0 501.5 -505.0
605.5 500.0 -505.5
604.0 499.5 -506.25
602.5 502.0 -506.5
606.5 504.0 -506.0
589.5 506.0 -504.75
548.5 506.5 -417.8611111111111
542.5 506.5 -421.30555555555554
508.25 506.75 -424.75
546.25 506.5 -428.19444444444446
571.5 507.75 -431.6388888888889
551.5 507.0 -471.5
516.75 506.75 -513.5
487.25 506.0 -537.0
465.0 506.0 -555.0
494.25 505.25 -523.0
473.0 505.75 -523.5
524.0 505.5 -503.5
470.25 505.5 -509.0
469.5 505.0 -513.5
467.5 504.5 -510.0
470.75 504.25 -509.0
472.75 504.25 -516.5
470.0 504.75 -529.5
435.0 505.25 -538.5
458.0 505.25 -548.5
448.75 501.25 -502.5
511.75 493.75 -501.5
544.25 493.25 -500.5
554.25 492.0 -500.0
584.0 491.5 -500.0
593.5 498.5 -496.0
582.25 502.75 -494.25
590.5 502.0 -493.5
594.75 502.5 -492.75
588.0 503.0 -492.5
584.0 502.0 -491.5
582.5 505.0 -492.25
596.5 505.0 -492.5
588.5 504.0 -492.25
590.5 505.0 -492.75
550.5 506.0 -494.75
527.0 506.0 -494.0
519.0 490.5 -495.25
519.5 491.0 -494.75
516.0 491.0 -496.25
482.0 491.5 -496.25
528.3214285714286 491.0 -497.5
538.75 498.5 -497.75
549.1785714285714 502.5 -497.25
551.0 506.0 -497.5
546.5 506.0 -498.25
500.5 507.0 -498.75
490.0 506.5 -498.5
486.5 493.5 -497.5
551.5 494.5 -497.0
547.5 496.0 -497.0
546.5 497.0 -496.75
540.5 497.0 -496.0
532.5 505.5 -495.5
533.0 506.0 -497.0
535.0 504.5 -498.5
532.0 503.5 -498.5
531.5 502.0 -497.75
536.5 498.5 -498.0
535.0 487.0 -497.5
548.0 486.5 -498.25
564.0 487.0 -499.25
571.0 488.5 -499.5
566.0 476.5 -498.5
573.0 473.875 -498.0
572.0 482.375 -496.5
606.0 474.5 -496.75
588.5 492.5 -496.25
559.5 493.0 -496.0
498.0 493.0 -495.25
514.5 495.0 -494.25
516.5 496.5 -495.25
512.0 498.5 -498.25
519.5 499.0 -499.25
520.0 500.5 -499.75
508.5 500.0 -435.75
508.0 487.0 -317.6515151515151
508.5 474.5 -326.25757575757575
506.0 473.5 -334.8636363636364
524.0 473.5 -343.469696969697
314.3181818181818 472.5 -352.0757575757576
171.59090909090912 471.5 -360.68181818181813
28.863636363636374 473.5 -369.28787878787875
-113.86363636363632 474.5 -377.8939393939394
-256.59090909090907 474.5 -386.5
-399.3181818181818 490.0 -395.1060606060606
-523.0 500.0 -403.71212121212125
-608.0 502.0 -412.3181818181818
-593.5 502.0 -420.9242424242424
-584.5 501.5 -429.530303030303
-586.5 502.0 -438.1363636363636
-588.5 502.0 -446.74242424242425
-590.5 501.5 -455.3484848484849
-583.0 501.5 -476.0
-583.5 501.5 -506.75
-581.0 501.5 -476.75
-569.5 501.5 -462.25
-542.0 502.0 -480.75
-629.5 502.5 -490.5
-685.0 503.0 -494.25
-468.57142857142856 502.0 -492.5
-280.8571428571429 502.5 -493.0
-93.14285714285711 495.5 -493.5
94.57142857142856 487.0 -493.5
141.0 486.5 -493.0
104.5 486.5 -492.75
111.0 487.0 -492.5
115.5 488.0 -491.75
58.0 486.5 -461.25
97.5 499.3 -443.59375
119.5 574.5 -443.71875
134.0 649.7 -443.84375
150.5 481.5 -443.96875
133.5 496.0 -488.25
123.0 499.5 -503.25
130.5 496.5 -496.0
136.0 497.5 -495.75
163.25 500.5 -496.75
168.25 504.0 -502.25
173.25 502.5 -501.5
190.5 502.5 -501.25
148.5 502.0 -501.5
160.0 499.5 -500.25
156.5 500.0 -500.0
113.5 499.5 -500.25
182.0 499.5 -498.25
160.0 499.5 -499.0
265.0 500.5 -499.5
313.0 500.5 -499.5
327.5 500.0 -499.5
333.5 500.0 -499.75
328.0 499.0 -499.25
331.0 499.0 -498.5
356.83333333333337 500.0 -498.25
406.16666666666663 500.5 -498.0
455.5 485.5 -498.75
495.0 486.0 -495.75
469.5 486.0 -497.0
491.5 485.0 -500.0
494.5 484.0 -500.5
532.875 484.0 -499.25
537.5 498.0 -501.75
485.0 497.5 -501.5
514.0 495.0 -501.0
500.5 495.0 -497.5
518.0 495.5 -495.25
495.5 496.0 -494.75
517.5 495.0 -492.5
488.5 495.0 -490.75
513.5 495.0 -489.75
558.0 545.5 -490.5
546.0 556.0 -491.5
530.0 556.5 -491.5
531.0 557.0 -491.0
526.0 558.0 -492.0
478.0 558.0 -493.0
521.625 559.0 -492.75
519.5 560.0 -492.5
515.5 560.0 -492.0
515.0 503.5 -491.75
511.5 488.5 -490.75
509.5 489.5 -490.5
509.0 489.0 -489.5
465.0 489.0 -490.25
477.15999999999997 490.0 -491.0
431.8 489.0 -491.0
386.44 489.5 -491.25
341.08000000000004 488.5 -490.75
295.72 546.5 -490.0
250.36 557.5 -489.75
205.00000000000003 559.0 -489.5
159.64000000000001 559.5 -489.75
114.28 559.5 -490.25
68.91999999999999 559.5 -491.0
23.560000000000002 559.0 -491.25
-21.799999999999983 558.5 -491.75
-67.15999999999997 558.0 -492.0
-89.0 546.0 -474.75
-96.5 511.5 -467.75
-86.0 499.0 -460.75
-79.0 499.0 -453.75
-28.6875 499.0 -453.75
49.0625 501.5 -498.0
126.8125 504.0 -502.5
204.5625 504.0 -505.0
-29.0 505.0 -503.5
-61.5 505.5 -503.5
-75.0 505.5 -503.25
-72.0 505.0 -500.25
-74.2 470.5 -499.75
-231.00000000000003 441.07142857142856 -501.25
-387.8 442.5 -502.75
-447.25 443.92857142857144 -503.25
-447.0 449.0 -502.75
-437.0 480.5 -503.5
-429.0 490.0 -503.25
-443.5 491.0 -501.75
-444.375 490.0 -501.75
-464.0 488.0 -501.5
-479.0 488.5 -500.0
-476.5 487.5 -499.25
-476.0 488.0 -498.75
-472.5 501.5 -498.75
-391.5625 506.5 -499.0
-280.3125 505.5 -499.5
-169.0625 504.0 -499.75
-57.8125 505.0 -499.5
31.875 506.0 -499.0
61.0 507.0 -498.5
58.5 507.5 -498.5
53.5 508.5 -497.25
39.0 509.0 -496.5
91.5 510.0 -493.75
367.5 510.0 -494.0
544.5 502.5 -493.5
549.0 485.0 -492.25
555.5 483.0 -491.5
561.5 483.0 -491.25
565.5 483.0 -492.25
562.0 483.0 -492.75
569.5 488.5 -493.5
565.0 496.5 -494.25
553.5833333333333 496.5 -494.5
541.9166666666667 497.0 -495.5
530.25 498.0 -496.0
527.5 497.0 -496.75
560.875 490.0 -497.0
550.0 489.0 -497.5
502.5 488.5 -497.75
460.5 488.0 -499.0
467.0 488.5 -458.0625
464.5 476.5 -466.3125
458.0 475.0 -474.5625
461.5 473.5 -482.8125
467.5 472.5 -488.25
450.0 470.5 -548.25
499.5 470.0 -510.5
444.5 470.0 -508.25
441.5 470.0 -497.25
489.5 469.0 -496.5
481.5 477.0 -496.0
494.0 496.0 -501.25
537.0 500.0 -500.75
540.125 503.5 -508.5357142857143
549.0 508.0 -502.67857142857144
549.0 512.5 -496.82142857142856
546.0 492.5 -490.9642857142857
546.0 513.875 -492.25
523.5 509.375 -497.25
529.0 500.0 -523.75
502.5 503.5 -514.0
504.0 512.5 -514.5
512.0 509.25 -514.125
516.0 504.0 -514.5
515.75 498.75 -513.0
514.25 499.5 -524.5
515.0 500.25 -523.5
517.5 502.0 -515.5
515.0 505.5 -476.825
486.25 517.5 -448.125
510.5 522.0 -419.425
545.0 526.5 -390.725
515.75 532.0 -362.025
536.25 537.5 -398.5
479.25 541.5 -463.5
528.5 512.0416666666667 -498.0
529.0 512.2083333333333 -504.5
529.25 512.375 -506.5
493.5 527.25 -508.5
531.75 544.75 -511.5
437.25 547.5 -520.0
438.0 544.5 -522.0
489.25 544.25 -522.0
454.0 520.75 -520.5
456.0 523.5 -519.5
472.25 522.5 -521.5
474.0 529.0 -526.0
476.25 591.625 -526.0
482.0 589.0 -521.75
485.75 595.0 -521.5
488.5 596.5 -520.75
484.0 597.0 -520.5
495.5 596.5 -501.25
498.5 594.0 -511.0
497.0 558.5 -521.25
500.0 516.0 -524.0
497.0 511.0 -514.25
497.0 508.5 -513.0
496.5 508.0 -514.5
480.5 528.5 -513.5
538.0 531.5 -514.75
513.0 529.5 -511.0
480.0 530.0 -507.5
481.5 529.0 -508.0
480.0 542.5 -507.5
481.0 578.0 -506.0
483.5 579.5 -506.25
505.5 581.5 -509.5
528.0 582.5 -524.0
527.75 584.0 -540.0
538.75 584.5 -557.0
533.0 522.0 -560.25
533.0 515.5 -545.5
510.5 514.5 -542.0
524.0 511.0 -542.0
527.0 502.5 -543.25
514.5 515.5 -504.75
521.5 507.0 -411.2142857142857
485.0 503.5 -416.07142857142856
481.5 503.5 -420.92857142857144
471.0 506.5 -425.7857142857143
477.0 508.5 -503.25
452.5 511.5 -497.25
302.0 513.5 -498.0
331.0 516.0 -504.25
310.5 517.5 -505.75
300.5 517.5 -503.25
246.45833333333334 517.0 -504.5
114.29166666666667 515.0 -511.75
-17.87499999999997 512.5 -512.5
-91.5 511.0 -512.0
-59.5 507.5 -511.5
-63.5 503.0 -509.0
-41.79166666666667 504.0 -511.25
71.04166666666666 505.0 -504.5
183.875 501.0 -501.5
296.7083333333333 472.8 -501.5
409.54166666666663 484.0 -501.75
522.375 495.2 -501.25
607.5 480.5 -500.5
413.5 518.0 -503.0
478.0 518.0 -506.25
464.0 515.0 -507.0
483.5 517.5 -508.5
549.0 508.0 -508.5
555.0 506.0 -509.0
556.0 505.0 -507.75
555.0 505.0 -509.25
556.5 506.0 -508.75
555.0 506.0 -509.5
607.5 506.5 -509.5
553.0 508.5 -507.0
539.5 511.5 -505.25
543.5 514.0 -501.0
517.0 515.5 -503.25
614.125 518.0 -499.75
604.5 519.5 -497.75
602.5 492.5 -483.25
597.5 508.75 -457.5
597.0 517.0833333333333 -443.5
594.5 525.4166666666667 -429.5
597.0 530.5 -415.5
586.0 508.0 -394.75
378.8863636363636 501.0 -420.25
202.4318181818182 505.0 -474.75
25.97727272727269 508.5 -484.0
-150.47727272727275 509.0 -482.5
-326.93181818181824 506.0 -484.75
-503.3863636363637 502.5 -483.0
-545.5 505.0 -558.75
-557.0 509.5 -500.25
-653.8333333333333 507.0 -497.5
-615.1666666666667 506.5 -495.75
-576.5 515.5 -495.25
-549.0 518.0 -495.0
-549.8 517.5 -494.25
-549.0 514.0 -494.25
-548.2 501.0 -496.0
-586.5 501.0 -496.5
-733.0 504.0 -497.5
-649.5 505.5 -498.25
-631.5 506.5 -498.5
-595.5 506.5 -497.75
-592.0 513.5 -495.75
-598.0 524.5 -495.75
-626.5 531.0 -498.25
-559.0 532.5 -501.5
-569.0 535.0 -500.75
-567.0 532.5 -501.0
-563.0 526.5 -500.0
-557.0 515.0 -499.5
-557.5 507.0 -495.75
-556.5 505.0 -488.25
-559.5 502.5 -475.5
-679.5 499.5 -397.5
-752.1428571428571 494.5 -134.5
-681.0 496.5 -13.142857142857144
-609.8571428571429 496.0 8.0
-590.0 496.5 29.142857142857142
-746.0 495.0 215.5
-636.0 496.5 723.5
-564.0 497.0 711.75
-511.125 490.0 704.0
-655.5 488.5 689.25
-660.8333333333333 489.0 656.0
-694.1666666666667 489.5 651.75
-723.5 483.5 651.5
-675.0 479.5 672.0
-585.6346153846154 479.0 681.5
-584.1730769230769 478.0 709.75
-582.7115384615385 489.5 632.75
-581.25 488.5 645.25
-579.7884615384615 490.0 643.5
-578.3269230769231 490.5 651.75
-576.8653846153846 490.0 653.0
-573.0 491.0 648.0
-567.0 493.5 661.1071428571429
-593.5 497.0 661.5357142857142
-594.5 498.5 661.9642857142858
-595.0 500.0 662.3928571428571
-576.0 500.5 662.8214285714286
-593.5 501.0 663.25
-633.5 501.5 663.6785714285714
-628.0 495.0 661.75
-662.125 497.0 663.75
-666.0 497.0 668.1666666666667
-662.0 497.0 668.8333333333333
-678.0 497.0 657.5
-702.875 498.0 665.0
-643.5 497.0 626.0
-647.5 494.5 635.75
-712.5 493.5 632.0
-693.2272727272727 491.5 631.25
-668.8636363636364 490.0 632.25
-644.5 493.5 633.25
-620.1363636363636 493.5 630.0
-595.7727272727273 493.0 630.0
-584.5 493.5 627.75
-682.5 493.0 624.25
-689.625 491.0 622.5
-691.4642857142858 488.0 622.0
-692.75 486.0 657.0
-694.0357142857142 486.5 642.0
-695.0 487.5 447.25
-695.0 486.5 227.1875
-689.5 486.0 13.4375
-679.9375 485.5 -200.3125
-683.6875 485.0 -414.0625
-685.0 484.0 -454.0
-688.5 484.0 -478.75
-696.0 484.0 -468.875
-692.5 485.5 -476.5
-692.0 486.0 -515.25
-693.0 486.5 -518.0
-691.5 486.0 -513.75
-691.5 488.5 -512.5
-694.5 490.0 -512.25
-626.5 493.5 -512.25
-611.0 495.0 -512.75
-598.5 498.0 -512.0
-614.0 498.5 -511.0
-664.0 498.0 -510.0
-714.0 488.0 -509.5
-677.375 489.0 -509.75
-400.0 488.0 -507.75
-392.41666666666663 488.0 -507.25
-562.0833333333333 488.5 -506.0
-471.5 488.0 -506.0
-347.25 487.5 -505.5
-210.0 487.5 -503.0
-262.0 487.5 -500.5
-294.5 488.0 -500.5
-76.5 496.5 -499.5
40.0 494.5 -499.5
104.0 495.0 -500.0
96.0 494.0 -499.0
101.5 494.5 -498.5
111.0 492.5 -499.0
196.5 489.0 -499.5
223.5 491.0 -499.5
173.0 492.5 -499.75
142.0 492.5 -501.0
166.0 484.0 -502.75
190.0 500.70000000000005 -503.0
180.5 522.3 -502.75
151.5 538.5 -503.0
183.0 497.0 -503.25
159.0 503.0 -502.75
151.5 555.5 -501.75
187.5 577.5 -501.0
179.5 602.5 -499.5
160.0 611.5 -499.25
134.8125 595.5 -498.75
110.5625 545.5 -498.25
138.0 546.21875 -498.0
157.0 521.09375 -498.0
149.5 495.96875 -497.75
146.0 470.84375 -498.5
146.5 448.5 -498.75
148.5 462.0 -499.75
145.5 498.5 -501.0
-41.5 518.5 -502.0
-301.5 527.0 -503.75
-533.5 533.0 -504.25
-617.5 530.5 -504.0
-710.0 517.0 -504.5
-703.0 498.0 -503.5
-696.0 474.5 -503.25
-567.5 445.0 -502.75
-500.0 432.0 -503.0
-546.5 432.0 -508.5
-631.0 443.5 -504.5
-619.0 461.0 -504.0
-605.5 475.5 -503.75
-598.5 482.25 -504.0
-597.375 485.0 -503.5
-590.75 482.5 -503.5
-578.75 478.0 -504.0
-572.5 473.5 -503.5
-476.0 472.5 -504.5
-503.25 472.0 -506.0
-564.5 475.0 -477.0
-497.0 477.0 -454.75
-500.0 476.5 -459.08333333333337
-525.5 475.0 -463.41666666666663
-467.5 472.75 -466.5
-462.75 472.75 -466.5
-458.75 473.0 -503.5
-452.5 473.0 -510.0
-456.5 472.0 -506.0
-457.0 471.75 -508.0
-615.25 470.25 -506.0
-733.875 468.25 -506.5
-762.0 466.5 -507.5
-744.75 465.5 -509.5
-705.25 466.5 -509.0
-612.25 478.75 -509.5
-511.25 484.5 -505.5
-507.75 488.0 -499.0
-505.75 489.25 -496.75
-505.625 486.0 -499.5
-504.0 481.5 -498.25
-496.0 470.0 -499.5
-489.0 457.5 -499.75
-486.5 450.0 -499.5
-578.0 448.5 -499.25
-521.5 454.5 -499.0
-561.0 465.5 -497.5
-598.625 476.5 -498.0
-572.7916666666667 483.5 -497.25
-546.9583333333333 485.5 -498.5
-556.0 482.5 -498.5
-539.75 479.5 -498.25
-647.0 476.0 -499.0
-750.5 474.5 -499.0
-699.125 475.5 -499.75
-634.625 478.0 -500.5
-570.125 480.5 -502.25
-576.0 483.5 -501.75
-366.375 484.5 -502.25
-498.5 485.0 -503.0
-573.5 484.5 -503.0
-460.5 481.5 -502.75
-577.5 479.0 -502.75
-536.0 475.5 -503.25
-544.0 470.0 -503.0
-548.5 462.5 -502.5
-545.5 452.0 -503.0
-549.5 439.0 -501.75
-557.0 313.5 -500.5
-563.5 237.1764705882353 -503.25
-571.0 203.41176470588235 -504.5
-581.0 169.6470588235294 -504.0
-582.5 135.88235294117646 -503.25
-577.5 102.11764705882354 -503.25
-506.5 68.35294117647058 -502.5
-502.5 34.58823529411764 -503.5
-498.5 0.8235294117646959 -504.5
-429.0 19.0 -505.5
-448.5 51.5 -505.0
-446.0 61.0 -504.5
-443.5 59.5 -503.5
-520.5 66.0 -503.5
-528.0 59.0 -502.75
-548.0 169.5 -502.25
-554.5 303.65 -501.75
-534.5 347.85 -500.75
-488.92857142857144 409.0 -501.5
-148.64285714285714 463.5 -502.25
191.6428571428571 472.0 -503.0
531.9285714285714 471.0 -503.25
560.0 471.0 -502.75
547.5 477.0 -504.75
546.5 488.5 -505.5
441.0 497.5 -499.25
352.5 496.5 -496.5
600.5 495.5 -500.25
444.5 493.0 -499.5
432.5 490.0 -455.5
517.0 488.0 -433.7857142857143
435.0 487.5 -435.5
597.0 488.0 -437.2142857142857
436.5 488.0 -438.92857142857144
459.5 488.5 -440.6428571428571
538.0 489.5 -442.3571428571429
508.5 493.0 -444.07142857142856
541.0 498.5 -445.7857142857143
508.0 505.5 -447.5
409.0 514.0 -449.2142857142857
460.5 520.0 -449.5
342.275 523.0 -530.0
149.97499999999997 516.0 -516.5
-42.325000000000045 504.5 -510.75
-234.62500000000006 496.5 -510.75
-426.925 486.0 -507.0
-523.0 482.0 -495.5
-575.5 480.5 -496.0
-582.5 420.5 -499.75
-569.0 384.45000000000005 -500.5
-560.875 419.04999999999995 -501.0
-688.25 473.0 -501.25
-607.25 501.0 -500.75
-538.0 503.0 -501.0
-626.0 487.0 -502.25
-698.0 472.0 -503.5
-708.0 464.0 -505.75
-705.5 464.5 -506.5
-715.0 467.0 -506.25
-715.0 475.5 -507.0
-712.0 484.5 -507.5
-704.0 489.5 -505.5
-713.0 488.5 -504.5
-715.5 482.0 -504.5
-706.0 479.0 -505.0
-583.5 482.5 -505.0
-563.5 487.5 -506.0
-574.0 494.5 -506.75
-545.0 498.0 -507.0
-516.5 498.0 -506.0
-517.5 493.0 -505.5
-518.0 492.5 -504.75
-519.0 496.5 -503.75
-524.5 502.0 -503.75
-576.0 509.5 -502.75
-774.0 513.0 -500.5
-624.0 511.5 -498.0
-624.0 514.0 -494.5
-628.5 518.0 -490.75
-634.5 520.0 -487.5
-633.0 506.0 -487.5
-633.5 493.0 -487.75
-633.5 491.0 -488.25
-635.0 492.0 -495.5
-680.0 493.5 -493.75
-547.5 493.0 -494.5
-552.0 490.5 -490.25
-414.5 486.0 -501.25
-63.5 492.0 -499.5
108.5 498.5 -498.75
280.5 503.5 -498.75
519.5 504.5 -498.75
534.0 500.5 -490.25
521.5 495.5 -569.0
465.875 485.5 -545.0
416.0 484.0 -521.0
427.5 485.5 -497.0
429.5 486.0 -478.5
435.0 483.5 -482.25
431.0 487.0 -499.75
467.0 492.0 -507.0
484.5 492.0 -518.25
490.0 494.0 -527.75
513.5 492.5 -534.25
517.0 490.0 -536.5
507.5 486.5 -535.75
463.5 487.5 -531.5
463.5 490.0 -530.5
479.5 492.5 -529.25
473.5 475.5 -526.5
488.0 463.4 -522.0
529.0 456.6 -518.0
500.0 487.0 -514.75
516.0 536.0 -512.75
520.0 505.5 -512.0
533.0 469.5 -512.0
530.5 470.5 -510.25
524.5 471.0 -509.5
495.5 473.5 -508.75
499.5 475.5 -508.25
526.5 483.0 -507.75
526.5 484.0 -506.75
439.5 484.0 -506.5
504.0 485.0 -501.25
544.0 485.5 -494.91666666666663
543.5 484.5 -488.58333333333337
542.5 482.0 -482.25
542.5 474.5 -468.625
541.0 444.0 -467.0
431.0 365.0 -502.25
490.0 259.6666666666667 -509.5
503.0 154.33333333333334 -512.0
539.5 49.00000000000003 -512.0
526.5 -56.333333333333314 -511.0
551.0 -161.66666666666663 -511.0
547.5 -266.99999999999994 -508.5
555.5 -387.5 -470.25
555.0 -631.625 -459.47368421052636
552.125 -656.5 -460.10526315789474
506.5 -671.5 -460.7368421052631
461.0 -621.0 -461.36842105263156
561.5 -578.0 -462.0
560.0 -574.0 -462.63157894736844
558.5 -581.0 -463.2631578947369
556.0 -563.5 -463.89473684210526
554.5 -553.0 -464.52631578947364
555.5 -541.5 -461.375
554.5 -531.5 -434.75
527.5 -524.0 -370.5
522.25 -518.5 -468.75
545.0 -513.5 -468.75
536.0 -512.5 -480.75
528.5 -509.0 -479.0
469.0 -507.5 -478.5
522.5 -506.5 -497.25
527.5 -502.5 -499.0
527.5 -485.0 -501.0
481.0 -413.3333333333333 -506.0
498.125 -320.44444444444446 -510.5
405.0 -227.55555555555557 -520.25
463.5 -134.66666666666669 -529.75
521.0 -54.0 -540.5
524.0 132.60714285714286 -540.5
520.0 366.75 -506.5
521.0 600.8928571428571 -506.5
519.5 682.0 -506.5
525.0 619.0 -510.75
494.5 575.0 -511.25
499.5 563.0 -513.5
529.4285714285714 550.5 -513.0
515.1428571428571 555.5 -513.0
500.8571428571429 557.0 -514.0
486.57142857142856 551.5 -516.25
465.5 553.0 -516.0
522.0 552.5 -516.75
474.0 552.0 -516.0
478.5 549.0 -513.75
492.5 545.5 -510.5
486.0 539.5 -507.5
539.0 537.5 -503.75
541.5 535.5 -500.5
503.5 533.0 -499.0
505.5 530.0 -500.75
503.375 527.0 -502.0
505.0 512.5 -501.0
507.0 505.0 -508.0
504.5 504.5 -512.0
506.0 503.5 -513.5
505.0 504.5 -513.5
503.0 507.5 -513.5
502.0 507.0 -513.75
503.75 511.0 -512.0
505.5 514.5 -511.25
500.0 518.0 -513.0
497.5 518.5 -514.25
525.0 519.0 -515.75
540.0 519.5 -515.25
538.5 490.5 -515.0
534.5 483.25 -513.5
528.0 482.0 -513.5
526.25 480.75 -512.5
520.75 481.25 -513.5
522.0 480.5 -513.0
524.5 480.25 -514.0
522.25 495.0 -512.5
521.5 511.5 -512.0
517.0 512.25 -510.5
528.0 512.5 -510.5
476.5 512.5 -512.0
445.75 512.25 -513.0
480.5 511.5 -514.5
480.40625 503.25 -515.0
456.03125 508.0 -515.5
431.65625 509.0 -515.5
407.28125 510.25 -515.5
382.90625 510.25 -516.0
358.53125 512.25 -444.5
334.15625 512.0 -391.82142857142856
309.78125 508.25 -418.25
285.40625 506.25 -444.67857142857144
261.03125 505.0 -414.0
236.65625 504.25 -457.75
212.28125 503.0 -487.5
187.90625 502.5 -493.0
163.53125 509.5 -492.5
139.15625 514.0 -494.5
114.78125 513.0 -500.25
102.5 513.5 -496.75
102.0 513.0 -494.25
103.0 506.0 -504.75
102.0 499.0 -505.5
103.5 498.5 -507.5
73.4375 499.0 -510.0
28.6875 498.5 -510.0
65.5 498.5 -511.0
64.5 499.0 -511.0
69.0 505.5 -508.5
74.0 510.5 -509.5
92.0 511.5 -509.0
165.0 512.5 -506.75
168.5 513.0 -502.0
174.5 512.0 -499.75
189.9 507.5 -497.25
289.5 498.5 -485.5
389.1 497.5 -507.25
462.0 497.5 -503.0
466.5 496.5 -504.0
467.5 496.5 -504.0
435.5 511.0 -503.75
396.0 509.0 -502.25
404.25 509.5 -502.0
467.0 509.5 -502.0
497.5 509.0 -502.25
497.5 506.5 -495.75
498.0 506.5 -501.5
496.5 506.5 -501.75
500.0 506.0 -501.25
502.5 487.0 -501.5
501.0 490.0 -503.0
515.5 491.0 -502.75
491.5 492.0 -502.25
464.0 492.0 -502.0
455.5 491.0 -501.5
507.0 491.0 -501.0
523.5 491.0 -501.25
550.0 492.0 -501.25
528.5 492.5 -500.75
528.5 491.5 -500.75
506.0 462.25 -501.5
457.5 455.25 -502.75
459.0 448.25 -503.5
524.0 457.0 -504.5
525.0 479.5 -504.5
524.5 501.0 -505.0
559.0 497.0 -505.0
620.5 493.0 -504.5
575.5 493.5 -503.75
531.0 493.0 -503.0
522.0 493.5 -502.0
518.5 503.0 -500.25
516.5 507.0 -503.25
516.5 507.5 -497.0
517.5 507.0 -497.75
518.5 505.5 -497.75
519.5 506.0 -497.25
528.0 498.5 -497.25
551.0 490.5 -497.75
550.0 491.5 -497.5
540.5 491.5 -493.25
545.5 492.0 -453.40625
504.5 494.5 -455.03125
461.0 498.0 -456.65625
499.0 502.0 -458.28125
541.0 478.5 -532.25
481.0 467.57142857142856 -508.5
417.5 489.0 -485.5
418.0 510.4285714285714 -511.5
476.5 543.5 -516.25
477.0 540.5 -513.75
483.5 512.5 -513.75
531.0 501.0 -514.0
528.0 505.0 -514.5
549.5 510.5 -512.5
489.5 516.5 -513.0
497.0 522.5 -513.0
432.0 525.5 -509.5
439.5 526.5 -505.5
517.0 525.5 -510.0
505.3125 524.5 -507.25
525.0625 520.0 -504.75
518.0 519.5 -502.25
526.5 522.0 -502.0
429.0 520.0 -501.5
518.5 515.5 -497.25
519.0 510.0 -495.25
519.0 504.0 -481.5
520.0 493.0 -483.0
521.0 489.5 -374.67391304347825
496.0 488.0 -381.3695652173913
482.0 484.0 -388.0652173913044
518.0 485.0 -394.7608695652174
519.5 493.5 -401.45652173913044
541.5 496.5 -408.1521739130435
532.5 501.0 -414.8478260869565
478.0 504.0 -421.54347826086956
423.5 504.5 -428.2391304347826
427.5 502.5 -434.9347826086956
544.0 500.5 -441.63043478260875
531.5 500.0 -448.32608695652175
537.0 500.0 -542.0
471.0 498.5 -509.25
467.0 474.5 -514.75
411.5 471.5 -507.25
477.5 471.5 -489.25
427.0 475.0 -481.75
477.25 481.5 -477.75
414.0 488.5 -471.75
413.0 490.0 -466.5
418.5 490.0 -465.25
421.0 480.5 -500.75
419.0 479.5 -503.75
421.0 486.5 -505.0
415.5 489.0 -505.5
471.5 470.45 -506.5
502.0 498.25 -506.0
464.5 526.05 -504.75
544.0 499.5 -504.25
544.0 515.0 -504.25
544.5 515.0 -503.0
545.0 524.0 -502.0
548.5 532.0 -501.0
550.0 537.0 -499.5
550.5 537.5 -494.25
553.0 533.5 -496.5
553.5 529.5 -389.2368421052631
553.0 532.0 -390.18421052631584
531.5 534.5 -391.13157894736844
548.0 535.0 -392.07894736842104
354.4375 528.0 -393.02631578947364
118.1875 517.0 -393.97368421052636
-118.0625 506.0 -394.92105263157896
-354.3125 485.0 -395.86842105263156
-521.5 482.5 -396.81578947368416
-600.0 484.5 -397.7631578947369
-607.0 490.0 -463.0
-595.5 499.0 -484.75
-597.0 503.5 -491.5
-598.5 506.5 -489.0
-592.5 507.0 -491.5
-573.0 504.5 -495.0
-599.4166666666667 508.0 -493.5
-761.0833333333333 509.5 -493.5
-712.625 512.0 -494.75
-676.5 517.0 -495.5
-612.5 521.5 -495.25
-589.75 523.0 -495.75
-640.0 519.5 -493.5
-595.5 515.0 -490.25
-369.4264705882353 508.0 -488.0
-303.13235294117646 503.5 -486.0
-236.83823529411762 496.5 -479.5
-170.54411764705884 493.5 -477.25
-104.25 492.0 -466.75
-37.95588235294116 494.0 -479.0
28.338235294117652 500.0 -480.75
94.63235294117649 489.5 -479.25
160.9264705882353 490.5 -473.25
168.5 492.0 -470.25
145.0 493.5 -471.75
167.0 493.5 -471.5
140.5 488.5 -469.25
139.0 483.2 -469.0
154.0 480.0 -468.25
149.5 476.8 -467.75
157.0 517.0 -467.25
149.5 525.0 -457.5
159.0 537.5 -501.75
174.5 551.0 -471.75
148.5 556.0 -474.75
143.0 558.0 -474.5
139.5 558.5 -474.75
146.0 559.5 -474.25
120.58333333333333 554.5 -472.0
28.916666666666664 547.5 -471.5
-145.5 544.0 -470.75
-647.5 544.5 -467.5
-435.5 418.0 -462.75
-437.5 385.0 -466.0
-459.0 383.0 -466.5
-458.0 378.0 -466.75
-454.4375 373.0 -466.5
-452.1875 491.5 -465.75
-450.5 511.5 -473.0
-241.5 506.5 -465.0
-345.0 504.5 -462.5
-445.5 507.0 -463.75
-443.5 507.5 -463.25
-456.0 508.0 -404.0
-436.125 509.5 -212.60714285714283
-433.0 513.0 -8.75
-434.0 514.0 195.10714285714286
-437.0 511.5 456.75
-437.5 509.5 636.0
-619.75 507.5 717.75
-541.5 507.0 743.7321428571429
-539.8333333333333 506.5 749.375
-525.1666666666667 506.0 755.0178571428571
-512.5 505.5 760.6607142857142
-467.5 505.0 766.3035714285713
-469.5 505.5 771.9464285714287
-472.5 505.5 777.5892857142858
-468.5 505.0 761.0
-465.5 504.5 753.75
-468.5 506.5 735.5
-468.5 507.5 735.5
-489.625 509.0 731.5
-530.0 512.5 728.75
-523.5 514.5 745.25
-601.5 515.0 747.0
-610.5 514.5 767.25
-542.0 513.0 768.5
-681.0 512.0 768.1875
-675.0 510.5 772.4375
-543.5 492.5 772.75
-608.0 492.0 749.25
-557.5 488.5 731.9230769230769
-625.5 454.5 739.1538461538462
-703.5 334.0357142857143 746.3846153846155
-677.8214285714286 218.75 753.6153846153845
-644.25 103.4642857142857 760.8461538461538
-610.6785714285714 23.5 768.0769230769231
-591.75 11.75 771.5
-621.75 12.0 754.5
-581.5 11.0 758.5
-615.75 16.5 770.5
-623.25 8.25 726.625
-626.75 5.0 716.0
-567.5 -1.75 755.5
-436.0 -3.5 764.0
-534.0 -11.25 740.25
-531.0 -10.25 737.0
-474.5 25.5 725.5
-411.75 56.75 702.0
-404.5 90.5 698.0
-433.0 67.5 735.5
-471.5 78.0 676.5
-527.0 75.75 735.0
-396.25 74.75 729.0
-403.5 69.0 695.5
-449.5 63.5 725.0
-510.0 44.75 748.875
-503.5 28.0 719.0
-502.5 24.625 718.5833333333333
-503.5 22.0 742.9166666666667
-559.875 15.0 772.25
-505.5 2.5 738.25
-503.0 -96.5 715.25
-499.0 -188.5 718.25
-164.0 -193.5 702.75
-539.5 -226.0 678.75
-539.5 -239.5 693.0625
-539.0 -245.0 715.8125
-532.0 -249.5 719.75
-533.5 -252.5 743.0
-533.5 -272.5 730.9375
-533.0 -384.70000000000005 704.1875
-533.0 -504.3 787.5625
-534.0 -582.0 799.8125
-531.5 -756.0 813.25
-551.0 -599.375 825.05
-552.0 -513.5 821.25
-549.5 -504.5 817.45
-550.5 -520.5 768.5
-551.5 -509.5 768.75
-516.5 -499.0 765.5
-510.5 -617.5 763.75
-512.5 -621.0 753.0
-501.5 -547.0 750.25
-493.0 -526.5 734.75
-490.5 -559.5 714.0
-492.0 -576.5 677.5
-486.5 -568.5 651.75
-483.0 -541.5 652.0
-482.0 -469.0 644.0
-492.0 -435.0 636.75
-432.0 -400.5 638.75
-415.0 -416.5 650.25
-433.0 -61.5 646.75
-449.5 90.83333333333334 644.25
-539.0 223.94444444444446 638.5
-429.5 357.05555555555554 636.0
-429.5 490.1666666666667 624.5
-424.5 586.0 618.5
-418.0 569.0 611.75
-407.0 561.5 610.5
-404.5 550.0 603.5
-404.5 550.5 597.5
-405.5 560.0 594.5
-419.5 574.5 596.75
-402.5 580.0 588.25
-438.5 576.5 586.0
-450.5 572.5 584.0
-422.0 572.0 582.25
-485.5 569.5 584.0
-486.5 566.0 581.75
-485.0 562.0 584.5
-483.5 580.5 587.25
-481.0 586.0 588.0
-479.5 587.5 586.0
-479.5 586.0 588.0
-476.0 586.5 590.5
-568.5 588.0 591.75
-571.7142857142858 602.5 594.25
-570.0 617.0 598.75
-568.2857142857142 628.0 594.0
-569.0 636.0 590.75
-528.0 637.0 601.5
-530.5 631.5 605.75
-537.5 613.5 608.75
-539.5 603.5 614.5
-536.25 600.5 614.25
-531.25 585.0 607.0
-526.25 573.0 551.15625
-517.0 570.5 557.78125
-532.0 554.0 564.40625
-560.5 528.3 571.03125
-564.0 515.5 575.5
-575.5 502.7 581.25
-575.0 483.0 608.5
-573.5 500.0 750.25
-570.5 562.0 622.5
-558.0 555.5 608.75
-621.5 536.5 605.5
-608.0 485.5 600.5
-603.5 563.5 598.0
-619.5 546.0 599.25
-585.5 562.5 597.25
-527.0 566.0 596.0
-602.5 554.5 592.5
-620.5 548.5 593.5
-546.0 544.0 593.25
-546.0 521.5 593.75
-491.0 504.5 594.0
-448.0 502.0 598.75
-448.5 501.0 597.125
-445.0 502.5 595.5
-379.5 513.5 594.0
-421.5 526.0 590.75
-463.5 526.0 588.5
-505.5 527.5 589.25
-538.6428571428571 527.0 587.5
-545.2142857142858 527.5 587.25
-551.7857142857142 526.0 585.75
-558.3571428571429 526.5 586.0
-555.5 527.0 582.0
-586.5 528.0 582.5
-629.5 528.0 593.75
-639.5 528.5 583.0
-649.0 527.5 584.0
-657.5 526.0 586.5
-637.0 517.03125 609.5
-615.5 497.15625 603.5
-623.0 477.28125 614.75
-502.5 457.40625 602.25
-526.5 448.5 594.5
-553.5 466.0 579.0
-579.0 525.0 577.75
-567.0 518.0 577.0
-585.0 520.0 576.75
-573.0 518.0 557.25
-585.5 511.5 564.5
-586.5 504.5 581.5
-608.0 507.5 583.0
-631.5 511.0 573.5
-639.0 515.5 574.25
-633.0 515.5 572.75
-630.0 535.5 570.75
-598.0 547.0 570.75
-589.0 550.5 574.75
-583.5 550.5 580.25
-587.0 548.0 581.5
-587.0 546.5 579.5
-632.5 546.0 577.25
-665.0 545.0 567.0
-668.5 542.5 568.25
-667.5 543.5 565.5
-667.5 547.5 562.0
-665.0 550.0 550.75
-665.0 551.5 550.5
-658.0 551.5 551.0
-660.5 553.5 550.25
-808.75 596.5 571.5
-859.0 598.5 594.25
-641.0 599.5 574.75
-642.0 601.0 556.5
-641.0 588.5625 585.25
-640.5 562.8125 555.0
-640.5 540.0 512.65625
-618.5 556.5 511.28125
-583.5 553.0 509.90625
-577.5 552.0 508.53125
-572.5 553.5 549.5
-567.5 554.5 604.0
-626.5 558.0 607.25
-638.5 559.5 618.0
-603.5 561.0 615.5
-579.0 559.0 611.25
-635.0 556.5 607.5
-573.5 553.5 597.0
-657.0 550.0 594.5
-584.0 547.0 590.0
-537.5 538.5 587.75
-528.5 532.0 585.0
-524.5 532.5 584.5
-523.5 532.5 585.75
-523.0 529.5 588.0
-520.5 534.5 583.75
-518.0 538.5 584.75
-581.5 534.5 584.25
-444.5 533.5 583.5
-442.0 534.0 581.5
-497.5 526.0 587.5
-503.0 521.5 594.0
-497.5 521.0 598.0
-500.5 520.0 603.75
-504.5 520.5 604.75
-506.5 522.0 606.5
-509.5 522.5 606.75
-511.0 523.0 608.75
-512.5 523.5 613.0
-507.5 522.0 612.25
-616.0 522.5 609.25
-613.0 522.5 698.25
-615.5 526.5 621.25
-607.5 527.0 618.0
-614.5 527.0 599.5
-613.5 526.5 588.75
-535.5 526.0 587.25
-534.0 540.0 589.0
-539.5 539.5 588.75
-553.5 540.0 589.5
-550.0 540.0 589.75
-558.0 541.0 589.75
-524.0 542.0 586.0
-600.5 535.0 585.5
-596.5 527.5 585.75
-548.5 527.5 584.75
-545.0 525.0 590.75
-542.5 525.5 595.5
-559.0 527.5 595.0
-548.5 530.0 595.75
-553.5 525.0 601.75
-550.0 531.0 602.25
-548.5 531.5 602.75
-561.0 531.5 609.5
-535.5 529.5 612.5
-568.0 530.0 603.0
-564.0 530.0 654.75
-516.0 529.5 625.5
-530.0 528.0 617.75
-537.5 525.5 631.0
-544.5 517.0 620.25
-548.5 511.5 609.25
-557.0 507.5 617.0
-561.0 498.5 598.5
-561.5 410.79166666666663 593.0
-562.5 293.84722222222223 600.75
-566.5 176.9027777777778 597.5
-568.0 59.95833333333334 607.0
-574.5 -56.986111111111086 601.25
-578.5 -173.93055555555554 585.75
-576.0 -290.875 601.5
-537.0 -407.81944444444446 595.75
-542.0 -524.7638888888889 616.25
-542.5 -613.625 605.0
-542.5 -819.5 594.75
-536.5 -549.5 607.0
-533.5 -524.5 622.25
-533.0 -484.5 633.75
-534.0 -515.5 631.25
-534.625 -526.25 636.5
-537.5 -526.5 641.5
-546.0 -523.0 637.5
-543.5 -521.0 660.5
-541.0 -520.25 646.5
-540.25 -519.5 646.0
-542.75 -518.25 645.0
-546.25 -517.0 649.0
-550.5 -516.0 643.5
-554.75 -501.5 649.0
-556.5 -495.25 653.5
-555.5 -494.0 752.0
-540.75 -490.0 681.0
-524.25 -488.75 796.1875
-524.5 -490.0 802.9375
-525.25 -491.5 809.6875
-524.5 -492.5 816.4375
-521.5 -493.25 726.0
-543.0 -509.5 627.5
-546.25 -506.75 620.5
-544.0 -504.25 613.5
-544.0 -501.75 608.0
-547.75 -499.75 611.0
-548.0 -492.0 611.0
-545.0 -490.25 608.375
-546.25 -489.5 606.5
-545.0 -487.5 600.25
-546.0 -484.0 595.75
-527.0 -436.5 591.75
-526.5 -206.5 618.5
-524.0 -152.0 611.75
-522.5 -142.0 627.5
-515.7142857142858 -136.5 660.5
-506.0 -132.5 609.25
-496.28571428571433 -110.0 609.75
-532.0 8.5 608.5
-542.0 12.5 607.5
-544.0 24.5 617.25
-542.5 40.5 644.0
-533.0 33.5 659.25
-518.4000000000001 -65.5 636.25
-513.5999999999999 -55.5 613.25
-508.8 -54.0 621.75
-504.0 -78.5 617.5
-499.2 -106.0 607.0
-584.5 -142.0 605.5
-612.5 -218.6875 603.75
-630.5 -316.9375 596.5
-622.5 -345.5 594.5
-639.0 -373.0 591.25
-655.0 -385.5 587.5
-658.0 -387.5 586.75
-649.5 -535.5 583.75
-577.5 -582.0 580.25
-549.5 -551.0 587.0
-526.0 -525.5 594.5
-511.0 -498.5 628.0
-498.0 -482.5 630.0
-499.5 -386.3571428571429 634.0
-512.0 -256.83333333333337 618.0
-497.0 -127.30952380952382 612.75
-499.0 2.214285714285694 739.75
-501.5 131.73809523809524 845.75
-502.0 261.2619047619047 810.0833333333333
-500.0 390.7857142857143 774.4166666666667
-500.5 520.3095238095237 738.75
-501.0 649.8333333333334 655.75
-502.5 779.3571428571428 618.5
-503.5 836.0 653.0
-635.0 764.5 603.5
-642.5 706.5 583.75
-650.5 634.0 625.0
-655.5 564.9642857142858 623.0
-659.5 490.25 576.5
-578.5 415.53571428571433 589.5
-575.5 358.0 595.25
-559.5 333.0 591.5
-550.0 358.5 585.5
-530.0 415.5 585.75
-524.5 491.0 600.5
-524.5 559.5 612.0
-525.5 602.0 579.75
-628.5 613.0 577.25
-667.5357142857142 598.5 589.75
-620.25 555.5 701.5
-572.9642857142858 504.5 658.5
-541.0 490.0 637.25
-570.0 492.0 625.0
-592.0 505.5 573.75
-598.0 516.5 569.5
-604.0 520.0 569.0
-580.5 517.0 570.25
-580.0 516.5 572.0
-600.0 520.0 594.25
-592.0 519.5 615.25
-581.5 516.5 583.25
-576.0 505.5 585.0
-577.5 498.0 590.75
-544.5 505.5 592.5
-538.5 506.5 594.75
-550.5 498.5 596.5
-570.5 501.5 617.0
-570.0 509.5 613.0
-565.5 514.0 583.5
-557.0 516.5 577.75
-558.0 517.0 579.5
-559.5 514.0 596.75
-560.0 514.0 593.0
-520.0 506.5 597.0
-467.65 499.5 602.75
-465.85 498.5 607.25
-462.0 496.0 607.25
-480.6875 495.0 608.75
-508.9375 495.0 606.5
-537.1875 521.5 605.25
-565.4375 519.5 603.75
-570.0 518.5 603.25
-585.0 518.5 642.0
-605.0 520.0 612.25
-608.5 520.5 615.75
-611.5 522.0 620.0
-583.5 507.5 617.75
-630.5 504.5 607.5
-653.0 503.5 608.5
-673.0 502.5 607.25
-697.5 499.5 609.0
-693.0 497.5 611.75
-672.5 495.0 614.0
-513.0 491.5 623.25
-510.0 482.5 627.25
-512.0 455.0 627.25
-511.5 345.6764705882353 623.5
-516.5 199.91176470588238 621.5
-529.0 54.14705882352945 611.75
-526.5 -91.61764705882348 607.25
-524.0 -237.3823529411764 604.5
-524.0 -383.14705882352933 605.5
-528.0 -528.9117647058822 600.25
-525.5 -674.6764705882351 594.75
-525.0 -861.5 597.5
-529.5 -751.5 618.0
-530.0 -717.0 623.75
-571.5 -639.5 628.25
-599.5 -580.5 630.0
-598.0 -558.0 750.0
-602.5 -525.0 678.5
-609.0 -547.0 634.0
-606.0 -541.0 632.5
-606.5 -540.0 652.0
-607.0 -543.0 649.75
-605.0 -545.5 623.75
-602.0 -546.0 691.25
-627.0 -544.5 760.25
-597.0 -543.5 759.25
-597.0 -541.5 621.5
-595.0 -541.0 623.0
-594.0 -531.0 620.0
-591.0 -486.5 623.0
-589.5 -486.5 623.75
-621.0 -479.5 626.0
-687.5 -472.5 626.5
-689.5 -474.45000000000005 627.0
-689.5 -481.04999999999995 624.75
-689.5 -487.65 626.75
-691.5 -494.25 679.75
-693.5 -500.85 680.75
-695.5 -506.0 682.25
-697.0 -521.5 659.25
-698.0 -521.5 635.25
-647.5 -531.5 636.25
-626.0 -540.5 634.5
-640.0 -547.5 624.0
-628.5 -552.5 575.8888888888889
-601.0 -544.0 587.4444444444445
-608.0 -534.5 599.0
-621.5 -530.0 610.5555555555555
-670.0 -529.0 622.1111111111111
-678.5 -529.0 626.0
-674.5 -528.5 612.75
-656.5 -527.5 612.75
-661.5 -527.5 628.25
-664.5 -528.0 619.75
-662.0 -532.5 619.0
-662.5 -534.5 706.75
-668.0 -533.0 661.25
-668.5 -531.5 613.25
-669.5 -528.5 609.0
-674.5 -524.5 607.75
-676.0 -523.0 599.25
-677.0 -524.5 599.0
-678.0 -528.0 605.25
-620.5 -525.5 610.5
-622.5 -515.0 613.0
-622.5 -503.5 618.0
-621.5 -498.5 622.5
-621.5 -500.5 617.0
-620.5 -487.5 800.125
-619.5 -491.0 608.5
-572.0 -483.5 604.703125
-568.0 -461.5 599.640625
-561.0 -415.0833333333333 594.578125
-555.0 -351.19444444444446 589.515625
-557.5 -287.30555555555554 584.453125
-548.0 -223.41666666666669 579.390625
-490.5 -104.0 574.328125
-486.5 64.47500000000001 569.265625
-503.0 193.77500000000003 584.75
-515.0 323.07500000000005 554.0
-505.5 452.37500000000006 554.5
-503.5 581.675 544.75
-504.0 603.5 549.25
-505.0 588.5 543.75
-512.5 532.0 537.25
-621.5 553.0 542.25
-641.0 550.0 546.25
-657.0 546.5 540.25
-663.0 542.0 540.5
-568.5 543.5 545.25
-641.5 546.5 553.75
-658.5 547.0 562.0
-670.0 546.0 561.0
-582.5 543.5 562.25
-603.0 541.0 565.25
-704.0 536.0 550.0
-715.6136363636364 533.5 550.5
-728.4318181818182 529.0 636.25
-741.25 505.0 618.125
-754.0681818181818 503.5 408.7916666666667
-766.8863636363636 503.5 139.95833333333334
-779.7045454545455 504.0 -128.87499999999994
-792.5227272727273 505.5 -451.5
-805.340909090909 513.0 -635.5
-818.159090909091 516.5 -536.75
-830.9772727272727 517.5 -552.25
-843.7954545454545 516.5 -561.5
-699.5 516.5 -558.0
-552.5 516.5 -554.5
-556.5 505.0 -557.5
-568.15625 495.0 -558.0
-609.03125 496.0 -556.0
-649.90625 497.5 -547.0
-690.78125 498.0 -543.25
-573.5 496.0 -542.0
-637.5 496.0 -536.0
-607.5 498.5 -533.0
-561.5 516.0 -523.75
-553.5 517.0 -522.875
-521.5 512.0 -517.0
-505.0 496.0 -512.5
-497.0 347.5 -510.5
-490.5 298.75 -512.0
-485.25 299.75 -515.5
-484.0 305.25 -440.0
-484.0 312.25 -233.70833333333334
-485.25 317.5 -6.541666666666671
-484.5 320.5 220.62499999999997
-485.0 313.75 458.0
-485.5 312.5 471.5
-491.0 311.75 475.5
-494.25 279.25 580.5
-499.0 128.75 567.0
-502.0 90.0 551.5
-503.25 93.25 553.5
-501.75 96.75 553.5
-500.5 112.5 552.5
-501.0 278.0 549.5
-503.5 311.75 591.0
-504.5 312.25 581.5
-649.0 312.0 572.5
-650.0 213.5 569.0
-648.0 138.0 573.0
-647.5 136.75 568.0
-646.5 135.25 560.0
-649.75 134.75 557.5
-647.0 263.5 556.5
-646.5 334.75 555.75
-625.25 341.5 556.0
-622.5 344.0 553.75
-620.0 344.5 552.0
-620.0 345.0 552.25
-618.0 346.5 552.25
-615.5 346.5 552.0
-619.0 347.0 570.75
-622.5 413.5 553.0
-623.5 451.0 551.25
-626.5 455.0 552.25
-626.0 462.5 633.5
-628.0 469.5 553.25
-704.0 410.5 552.75
-593.0 308.0 547.0
-671.5 311.0 546.75
-674.5 307.5 543.75
-669.0 304.5 541.5
-660.0 298.5 535.5
-660.5 293.5 521.5
-662.0 190.5 532.0
-660.0 52.0 541.75
-655.5 55.5 540.75
-653.0 45.5 421.25
-654.5 46.5 297.9642857142857
-659.0 59.5 207.25
-624.0 56.0 116.5357142857143
-606.0 44.0 44.0
-605.0 91.0 42.75
-605.0 65.5 41.25
-606.5 58.0 41.25
-609.5 49.0 10.25
-611.0 34.5 11.75
-612.0 -40.5 12.25
-613.0 -39.0 13.75
-642.0 -35.0 13.75
-669.0 -36.0 14.5
-663.5 -34.0 14.5
-652.0 -9.5 14.5
-646.25 24.32142857142857 14.5
-641.25 40.75 11.0
-637.0 57.17857142857142 5.75
-633.2 67.0 5.5
-628.8 64.0 5.75
-626.5 72.5 5.75
-631.7678571428571 96.0 4.5
-636.8392857142858 79.0 4.25
-641.9107142857142 71.0 4.25
-646.9821428571429 74.5 4.75
-652.0535714285714 92.5 5.25
-657.125 126.5 3.25
-662.1964285714286 149.5 3.25
-646.5 160.5 0.5
-585.5 180.0 2.75
-624.5 337.4375 4.25
-652.0 528.6875 3.5
-665.5 551.5 2.75
-671.5 516.5 49.083333333333336
-684.25 501.0 231.41666666666669
-699.25 483.0 413.75
-702.0 420.8076923076923 523.25
-612.5 337.8846153846154 537.75
-575.0 254.96153846153848 543.5
-553.0 172.03846153846155 519.25
-546.5 89.11538461538464 521.25
-546.0 6.192307692307708 538.0
-547.5 -86.32142857142857 538.25
-551.5 -207.60714285714286 540.0
-553.5 -328.8928571428571 547.0
-636.5 -450.17857142857144 544.25
-554.5 -597.5 562.25
-637.5 -544.0 574.5
-663.125 -513.5 621.25
-610.5 -500.5 582.5
-576.0 -489.5 587.0
-563.5 -475.5 585.75
-564.0 -422.4090909090909 585.25
-559.0 -350.9545454545455 585.0
-539.0 -279.5 581.0
-570.5 -208.04545454545456 578.25
-579.5 -136.5909090909091 572.5
-574.5 19.0 568.25
-571.625 276.25 562.5
-577.0 483.25 557.0
-576.75 649.0 557.0
-579.0 617.0 557.0
-579.5 575.0 547.0
-574.5 547.0 550.75
-617.0 532.0 553.5
-779.875 543.5 556.0
-727.5 539.0 561.0
-697.0 528.5 544.25
-669.5 518.5 544.75
-653.0 515.5 544.75
-580.5 514.0 547.75
-531.5 513.5 547.75
-523.0 513.0 549.75
-525.5 513.0 549.25
-526.5 514.0 550.25
-524.0 514.0 560.75
-536.0 504.5 548.5
-535.5 496.0 552.5
-537.0 497.5 556.0
-557.5 496.0 557.25
-574.0 495.5 551.5
-530.0 503.5 546.0
-517.5 511.5 642.0
-529.0 513.5 645.75
-548.5 515.5 555.5
-585.5 517.0 563.5
-603.0 518.5 560.75
-613.0 518.5 562.25
-623.0 519.0 559.0
-626.5 518.0 563.0
-544.0 516.5 556.75
-688.875 515.0 550.0
-666.375 513.5 528.5
-643.875 508.5 402.1428571428571
-621.375 463.0 230.71428571428572
-616.0 376.25 59.285714285714306
-644.0 263.25 -112.14285714285711
-614.375 150.25 -153.0
-542.0 37.25 -154.75
-571.0 -75.75 -154.0
-580.0 -188.75 -171.5
-567.0 -301.75 -166.75
-599.0 -414.75 -165.5
-603.5 -545.5 -163.5
-485.0 -655.625 -162.75
-495.5 -561.0 -172.0
-514.0 -534.0 -177.0
-517.0 -519.0 -178.0
-517.5 -511.5 -177.5
-561.5 -510.0 -177.5
-624.5 -509.0 -176.5
-632.0 -507.0 -175.5
-591.0 -509.5 -176.0
-556.5 -515.5 -175.75
-528.0 -513.5 -175.75
-495.5 -507.0 -176.0
-492.0 -493.5 -170.4375
-490.5 -465.5 -170.1875
-432.5 -390.6590909090909 -169.9375
-185.0 -290.2045454545455 -169.6875
25.0 -189.75 -186.5
235.0 -89.29545454545456 -210.0
376.5 11.159090909090907 -205.5
504.5 128.45833333333334 -205.0
497.0 296.2916666666667 -204.25
497.0 464.125 -204.25
504.0 621.5 -204.0
505.5 626.0 -202.0
456.5 580.0 -201.5
412.0 563.0 -200.5
405.5 552.0 -200.5
450.5 540.0 -200.0
454.5 535.5 -201.0
348.5 521.5 -200.0
139.16666666666666 514.5 -200.5
-70.16666666666669 512.0 -200.5
-279.50000000000006 513.5 -200.75
-442.875 515.0 -200.0
-453.0 520.0 -202.0
-500.5 526.0 -203.25
-541.0 526.5 -205.25
-570.0 527.0 -206.25
-602.0 528.0 -207.75
-588.5 528.0 -208.25
-596.0 530.0 -208.75
-603.0 533.5 -209.0
-589.0 538.0 -209.5
-602.5 541.0 -206.63888888888889
-608.5 540.0 -201.19444444444446
-632.0 537.0 -195.75
-550.0 535.0 -190.30555555555554
-551.0 533.5 -184.86111111111111
-544.0 533.0 -222.75
-534.0 531.0 -211.75
-532.5 530.5 -214.25
-495.5 530.5 -213.0
-481.0 531.0 -212.5
-507.0 520.5 -210.75
-510.0 513.5 -210.75
-511.5 513.5 -211.0
-505.0 514.5 -209.5
-505.5 515.0 -210.0
-509.5 516.5 -209.5
-518.5 521.0 -209.0
-548.0 527.0 -209.0
-420.5 530.5 -209.0
-405.0 529.5 -209.0
-402.5 529.0 -209.0
-401.0 530.5 -194.0
-399.5 535.0 -154.0
-440.5 543.0 -114.0
-532.5 557.25 -74.0
-555.0 570.5 -34.0
-565.0 578.375 -208.5
-548.0 588.875 -207.5
-570.0 599.375 -209.5
-583.5 609.875 -213.75
-578.0 620.375 -213.25
-602.5 618.1666666666667 -211.5
-544.0 611.7222222222222 -210.5
-551.5 605.2777777777778 -210.5
-653.0 598.8333333333333 -208.5
-568.0 590.5 -207.5
-567.5 554.0 -206.5
-569.0 547.5 -206.0
-586.0 554.5 -204.0
-541.5 551.5 -203.0
-612.5 545.5 -201.75
-622.5 547.0 -201.0
-583.0 558.0 -71.25
-581.0 560.0 126.2
-557.5 554.0 267.0
-344.0 547.0 407.8
-292.5 540.5 492.5
-318.0 541.0 521.5
-315.5 541.5 530.75
-317.5 538.0 518.25
-331.0 539.5 526.5
-287.5 538.5 524.0
81.15 539.0 537.75
307.75 536.0 539.5
534.35 521.5 536.0
541.0 436.89130434782606 533.5
468.5 323.4130434782609 536.0
506.375 209.93478260869566 535.0
434.75 96.45652173913044 545.0
464.75 -17.02173913043481 546.0
395.25 -130.5 542.5
467.75 -243.9782608695652 537.5
473.75 -357.45652173913044 533.5
471.25 -470.9347826086957 640.0
469.5 -584.4130434782609 628.5
469.0 -697.8913043478261 627.5
481.5 -746.5 633.0
482.0 -569.25 638.5
485.5 -659.75 558.5
484.75 -553.5 546.0
486.5 -578.75 566.0
561.5 -560.0 567.0
542.3499999999999 -543.5 571.5
526.1500000000001 -532.25 566.5
531.0 -508.0 568.0
505.0 -501.25 566.0
477.75 -492.25 564.5
469.25 -483.0 555.0
471.75 -477.75 340.5
465.25 -476.5 -45.285714285714285
458.0 -472.625 -144.42857142857144
461.25 -473.0 -243.57142857142856
460.5 -475.5 -342.7142857142857
462.0 -483.5 -482.5
459.5 -491.0 -514.0
416.5 -488.0 -510.0
422.5 -485.0 -485.5
441.5 -484.5 -487.25
440.0 -481.0 -494.5
424.0 -477.5 -504.75
507.0 -474.0 -505.0
424.5 -473.0 -504.0
380.5 -471.0 -502.5
448.0 -468.0 -488.0
465.5 -465.5 -579.5
462.5 -462.0 -578.0
462.0 -457.0 -507.0
459.5 -455.5 -505.5
536.0 -457.5 -505.0
554.5 -463.5 -503.5
583.0 -469.0 -582.5
510.0 -473.5 -505.0
584.0 -481.5 -503.75
584.0 -488.5 -501.25
488.5 -497.0 -496.5
496.5 -489.95 -497.0
495.5 -497.75 -496.25
538.5 -505.55 -499.0
575.5 -507.0 -500.0
561.0 -526.5 -502.0
573.0 -545.0 -503.0
570.5 -563.5 -503.5
566.0 -571.5 -494.75
572.5 -560.5 -450.0
581.5 -562.5 -346.8620689655172
583.0 -554.5 -360.31034482758616
583.5 -552.0 -373.7586206896552
536.5 -549.0 -387.2068965517242
505.0 -547.5 -400.65517241379314
505.5 -546.0 -414.1034482758621
503.5 -544.0 -427.55172413793105
537.5 -535.5 -441.0
522.0 -526.0 -454.44827586206895
545.0 -513.0 -467.8965517241379
519.5 -418.9038461538462 -481.3448275862069
542.0 -291.4423076923077 -494.7931034482759
531.0 -163.9807692307692 -508.2413793103448
469.0 -36.519230769230745 -521.6896551724137
481.5 90.94230769230774 -535.1379310344828
525.0 218.4038461538462 -519.0
483.0 345.45833333333337 -578.0
532.5 471.29166666666663 -561.0
522.5 597.125 -544.0
554.0 683.5 -525.5
553.375 695.0 -496.75
486.6 752.9011627906978 -495.0
397.4 749.4360465116279 -494.25
332.5 745.9709302325582 -494.5
516.0 742.5058139534883 -494.0
373.03571428571433 739.0406976744187 -499.75
101.75 735.5755813953488 -522.0
-169.53571428571428 732.1104651162791 -519.5
-405.625 728.6453488372093 -526.75
-484.0 725.1802325581396 -523.75
-497.5 721.7151162790698 -526.25
-517.0 718.25 -524.0
-556.5 714.7848837209302 -361.5
-564.0 711.3197674418604 -73.25
-567.5 707.8546511627907 189.0
-542.0 704.3895348837209 530.25
-603.5 700.9244186046512 534.75
-577.5 697.4593023255813 533.75
-573.5 693.9941860465117 525.0
-574.5 690.5290697674418 524.0
-565.0 687.0639534883721 525.75
-560.5 683.5988372093022 525.0
-562.0 653.5 534.75
-563.0 626.5 544.0
-575.0 598.5 549.25
-592.0 579.5 552.0
-594.0 564.0 556.5
-583.5 555.0 540.0
-582.5 555.5 536.0
-581.875 552.0 540.0
-587.0 552.0 541.75
-585.0 553.5 539.5
-586.5 553.5 542.75
-586.0 552.5 551.0
-582.5 550.0 543.25
-594.0 546.5 536.5
-598.0 541.0 544.5
-596.5 536.5 539.75
-593.0 533.5 538.0
-595.0 530.0 542.0
-596.0 526.0 536.25
-598.5 525.5 528.5
-600.5 529.5 533.5
-601.0 535.0 529.0
-590.25 530.0 530.25
-604.5 527.0 530.75
-738.0 524.5 531.5
-630.5 522.5 533.5
-567.0 522.5 537.5
-562.5 532.0 535.0
-565.25 529.5 534.5
-558.0 532.0 577.25
-570.5 532.0 621.75
-579.0 430.0 640.0
-583.5 298.0 528.5
-587.5 292.0 531.5
-595.5 288.0 532.5
-595.0 293.5 635.0
-597.0 306.0 530.5
-591.5 324.0 632.0
-596.5 355.0 647.0
-603.5 459.5 537.0
-595.5 467.5 582.5
-591.0 469.5 575.0
-587.5 479.0 564.5
-584.5 580.5 636.75
-581.0 580.0 528.75
-576.5 568.5 526.75
-573.0 558.0 536.25
-571.0 553.0 536.5
-570.0 550.5 610.5
-576.0 550.0 569.5
-573.5 549.5 558.0
-576.5 548.5 552.75
-579.5 546.0 553.0
-579.5 544.5 547.75
-621.0 543.0 534.75
-612.0 544.5 537.75
-486.5 544.0 535.5
-413.21875 543.0 539.0
-460.09375 542.0 538.5
-506.96875 541.0 535.25
-553.84375 542.0 536.5
-589.5 541.5 539.75
-589.0 543.0 542.0
-613.5 543.5 548.5
-658.5 546.0 562.0
-596.5 545.5 647.5
-601.0 526.5 554.5
-600.5 531.0 539.5
-598.0 532.0 557.0
-549.7638888888889 533.0 541.25
-546.8194444444445 532.5 552.75
-543.875 524.5 554.5
-540.9305555555555 439.6071428571429 551.0
-537.9861111111111 326.41666666666663 547.75
-535.0416666666667 213.22619047619048 555.0
-532.0972222222222 100.03571428571428 553.75
-529.1527777777778 -13.154761904761898 551.25
-526.2083333333333 -126.34523809523807 553.25
-523.2638888888889 -239.53571428571428 550.0
-520.3194444444445 -352.7261904761905 542.0
-517.375 -465.91666666666663 541.25
-514.4305555555555 -579.1071428571429 553.25
-511.4861111111111 -693.5 578.0
-508.54166666666663 -586.5 547.0
-505.5972222222222 -524.0 595.5
-502.6527777777778 -486.0 564.0
-499.70833333333337 -465.5 570.5
-496.5 -477.0 575.5
-587.0 -472.0 578.5
-570.0 -445.5 573.25
-573.0 -427.5 565.75
-467.5 -442.5 488.58333333333337
-468.0 -456.5 492.91666666666663
-473.0 -381.5 497.25
-478.57142857142856 -266.5 530.0
-486.0 -281.5 564.75
-493.42857142857144 -302.5 593.5
-498.0 -299.0 590.0
-585.5 -288.5 560.25
-682.5 -286.0 585.25
-683.0 -292.5 583.75
-668.875 -302.0 584.5
-620.0 -382.5 586.25
-624.5 -502.5 587.25
-616.5 -510.5 590.0
-604.0 -514.0 593.0
-686.0 -515.0 649.5
-528.5 -516.5 643.5
-544.5 -509.5 589.0
-552.0 -501.5 587.0
-549.0 -497.0 714.75
-561.0 -495.5 594.0
-569.0 -495.5 596.5
-579.5 -497.0 620.0
-590.0 -497.0 652.75
-600.5 -499.5 599.0
-603.0 -499.0 598.0
-598.5 -502.5 596.75
-598.0 -503.0 625.25
-603.5 -501.0 615.5
-638.3928571428571 -500.0 594.5
-617.9642857142858 -500.0 666.5
-597.5357142857142 -498.5 573.5
-577.1071428571429 -499.0 575.5
-541.0431034482758 -501.5 580.0
-499.76724137931035 -501.0 580.0
-458.4913793103449 -499.0 581.5
-417.2155172413793 -497.5 485.0
-375.93965517241384 -495.0 396.56
-334.66379310344826 -491.0 352.64
-293.3879310344828 -487.0 308.72
-252.11206896551724 -483.5 264.79999999999995
-210.83620689655174 -482.0 220.88
-169.56034482758622 -481.5 176.96
-128.2844827586207 -481.5 133.04
-87.0086206896552 -473.5 89.11999999999998
-45.73275862068965 -455.0 45.19999999999999
-4.456896551724185 -399.0833333333333 1.2799999999999727
29.5 -323.19444444444446 -42.640000000000015
33.0 -247.30555555555554 -86.56
146.60000000000002 -171.41666666666669 -125.0
297.40000000000003 -76.5 -133.25
506.0 105.17857142857144 -132.0
598.5 296.75 -165.5
593.0 488.3214285714286 -209.0
589.0 626.5 -214.0
593.5 558.25 -211.75
527.0 474.5833333333333 -219.25
446.0 390.91666666666663 -349.5
450.5 307.25 -483.5
614.5 223.58333333333331 -494.875
554.0 139.91666666666666 -475.5
521.875 2.0 -494.5
521.0 -154.0 -504.0
515.5 -310.0 -517.5
522.5 -466.0 -519.5
513.25 -568.75 -519.5
518.0 -520.0 -519.0
524.0 -444.5 -521.5
518.75 -501.0 -525.5
522.25 -502.0 -546.0
579.0 -499.0 -539.5
667.75 -497.0 -540.0
671.75 -494.0 -540.5
675.0 -494.25 -541.5
608.0 -494.0 -540.0
523.5 -491.0 -542.0
557.5 -486.25 -540.0
527.75 -481.5 -540.5
534.5 -475.0 -542.0
536.25 -466.0 -535.0
541.0 -452.75 -533.0
553.0 -426.75 -532.5
506.75 -401.40625 -533.0
502.25 -365.03125 -532.5
491.25 -328.65625 -533.5
483.5 -292.28125 -532.75
478.75 -252.0 -533.0
477.0 -18.6875 -533.5
475.0 98.5625 -532.0
477.0 215.8125 -530.5
475.5 333.0625 -529.25
492.0 438.5 -531.25
451.5 570.0 -529.0
452.5 563.0 -530.75
539.0 553.5 -533.75
537.0 546.5 -536.25
511.5 545.0 -538.75
534.0 566.0 -542.25
529.5 574.5 -544.75
507.0 575.5 -545.75
533.0 576.5 -546.75
524.0 580.0 -547.0
532.0 580.5 -545.75
539.0 579.5 -545.5
499.5 575.5 -544.5
489.5 574.0 -543.0
442.5 573.5 -542.5
497.0 556.0 -541.25
489.0 555.0 -540.25
516.5 555.5 -543.0
485.5 560.0 -542.75
502.0 564.0 -544.75
504.0 567.0 -549.25
477.5 599.5 -554.0
455.5 623.0 -556.5
494.5 618.0 -559.5
454.5 618.5 -559.5
486.0 620.0 -561.0
508.0 593.0416666666667 -563.25
509.5 563.2083333333333 -562.75
517.5 533.375 -562.5
521.5 512.0 -562.75
526.0 520.5 -563.75
513.5 542.5 -563.75
499.0 539.0 -562.75
518.5 535.5 -563.25
531.0 531.5 -563.0
476.0 528.5 -562.0
530.5 527.5 -560.5
489.5 529.0 -561.0
479.0 534.0 -561.75
499.0 536.0 -561.25
552.0 540.0 -560.25
548.5 544.5 -562.0
628.0 545.0 -563.0
605.0 529.5 -564.25
616.5 529.5 -564.25
598.0 529.0 -565.0
670.0 529.0 -488.3
629.5 529.5 -475.5
620.0 544.5 -462.7
577.5 545.5 -523.25
617.5 544.0 -515.5
526.5 543.0 -501.5
601.5 543.0 -496.0
556.0 542.5 -497.25
562.5 541.5 -523.5
569.5 541.5 -543.75
567.5 541.0 -572.0
557.0 528.5 -580.0
564.5 527.5 -582.0
561.5 526.5 -585.25
564.0 524.0 -476.0
471.5 536.5 -224.5
477.0 537.5 39.5
484.5 537.5 194.25
545.5 537.0 285.9166666666667
510.5 537.0 377.58333333333337
491.5 537.0 516.375
519.0 537.0 599.0
528.0 537.0 579.25
499.0 537.0 547.25
242.41363636363636 520.5 536.75
230.0681818181818 518.0 573.75
217.72272727272727 518.0 562.75
205.37727272727273 519.0 559.5
193.03181818181818 519.0 596.5
180.68636363636364 518.0 599.25
168.3409090909091 523.5 589.75
155.99545454545455 529.0 587.25
143.65 528.0 550.25
131.30454545454546 527.0 526.5
118.95909090909092 527.0 503.25
106.61363636363636 521.5 289.32142857142856
94.26818181818182 519.5 41.74999999999997
81.92272727272727 519.0 -205.8214285714286
69.57727272727273 519.0 -422.25
57.231818181818184 534.5 -498.25
44.886363636363626 535.0 -524.75
32.54090909090908 536.0 -531.75
20.195454545454538 535.5 -532.75
7.849999999999994 534.5 -530.0
-4.49545454545455 534.5 -539.5
-16.840909090909093 534.0 -541.25
-29.186363636363637 533.5 -528.5
-41.53181818181818 517.0 -533.1428571428571
-53.877272727272754 516.0 -530.0
-66.22272727272727 515.0 -526.8571428571429
-78.56818181818184 514.0 -525.25
-90.91363636363636 522.0 -525.0
-99.03571428571428 531.0 -523.25
-105.75 531.0 -524.5
-112.46428571428571 531.0 -524.25
-146.375 531.0 -524.0
-255.04166666666666 530.5 -522.5
-343.20833333333337 531.0 -520.5
-431.375 531.5 -523.5
-497.5 531.5 -524.0
-484.0 528.0 -523.75
-472.0 520.5 -524.0
-580.5 509.5 -524.5
-597.5 498.5 -524.5
-609.5 488.0 -525.5
-608.0 469.0 -525.25
-411.0 453.0 -523.5
-571.0 448.0 -521.0
-573.0 441.5 -520.25
-565.0 447.0 -518.0
-553.0 455.0 -515.25
-559.0 464.0 -514.25
-581.5 474.0 -512.5
-677.5 484.5 -516.5
-661.5 490.0 -504.25
-657.0 493.0 -505.0
-708.25 492.5 -506.0
-768.1666666666667 504.0 -506.0
-500.83333333333337 507.0 -346.25
-509.0 508.0 -267.5357142857143
-474.0 498.9 -230.25
-484.0 490.1 -192.96428571428572
-505.25 503.5 -171.5
-491.0 525.0 -199.75
-501.0 514.0 -216.5
-535.5 502.5 -209.5
-531.0 491.5 -200.5
-525.0 477.0 -198.25
-535.0 480.5 -197.0
-541.5 477.79999999999995 -197.0
-547.5 474.20000000000005 -197.75
-553.5 472.0 -198.0
-559.5 471.5 -109.75
-561.5 472.5 -37.75
-627.0 472.5 -37.75
-649.0 469.0 -37.0
-559.0 464.5 -30.0
-585.5 453.5 0.0
-587.25 455.5 -1.0
-547.5 455.0 -0.75
-551.5 455.0 -0.25
-571.0 449.0 0.75
-574.0 465.5 1.5
-571.0 478.5 10.5
-568.0 479.0 14.25
-567.0 477.0 14.5
-564.5 476.0 14.0
-561.0 478.5 13.0
-559.0 477.0 13.25
-574.0 476.5 14.25
-597.5 473.5 15.25
-598.0 469.5 15.5
-596.0 478.5 31.25
-594.0 480.5 37.0
-595.5 484.5 38.0
-601.0 489.0 38.25
-602.5 490.5 39.25
-603.0 489.5 38.5
-602.0 487.5 38.0
-599.0 486.0 78.75
-597.0 478.5 209.75
-601.0 473.5 291.375
-586.0416666666667 473.0 410.5416666666667
-680.2083333333333 472.5 529.7083333333334
-774.375 478.0 548.5
-770.0 487.0 584.0
-632.5 488.5 656.0
-567.0 490.5 704.5
-542.5 491.0 561.5
-544.5 490.0 589.0
-559.0 488.0 585.0
-524.0 485.5 559.25
-633.5 478.5 558.25
-610.0 453.5 558.0
-617.0 404.47727272727275 561.25
-627.5 347.1136363636364 565.25
-637.5 289.75 566.0
-635.5 232.38636363636363 579.5
-643.0 175.02272727272728 573.25
-594.5 94.875 571.5
-640.0 -53.625 572.25
-550.25 -202.125 571.25
-544.0 -350.625 566.5
-545.5 -483.16666666666663 565.75
-546.5 -567.8333333333333 563.25
-546.5 -589.5 558.75
-547.5 -560.5 557.5
-567.8333333333333 -585.5 566.0
-537.1666666666667 -531.0 577.3333333333333
-507.0 -512.5 588.6666666666667
-279.75 -515.0 600.0
9.25 -511.0 608.0
298.25 -498.5 583.0
587.25 -493.0 562.5
658.0 -503.0 649.0
633.0 -506.0 633.0
568.5 -502.0 578.5
628.0 -497.5 560.5
630.5 -491.0 578.5
625.5 -482.5 635.5
628.0 -475.5 668.375
634.0 -472.5 655.875
637.0 -470.0 705.25
640.0 -471.5 797.5
411.25 -477.0 552.75
645.5 -485.0 671.25
585.5 -487.0 613.25
129.5 -480.5 580.0
-90.0 -477.5 554.5
-352.125 -473.5 587.25
-520.5 -459.0 593.75
-554.5 -432.5 610.25
-583.5 -407.625 617.0
-577.5 -374.45833333333337 582.0
-538.75 -341.2916666666667 588.5
-567.25 -248.0 593.375
-549.5 115.5 623.5
-565.75 366.5 691.0
-570.75 588.5 697.0
-569.25 598.0 672.0
-568.0 572.5 571.0
-566.25 528.5 615.0
-564.25 512.75 568.0
-562.75 507.25 554.5
-561.75 512.25 562.5
-562.25 529.0 555.0
-541.25 550.0 551.5
-525.25 566.5 544.5
-529.25 569.5 546.5
-531.25 551.0 609.5
-532.75 516.8055555555555 543.5
-536.75 458.02777777777777 541.0
-536.75 399.25 660.5
-534.0 340.4722222222222 495.0
-538.5 281.69444444444446 383.0
-538.5 203.55 281.0
-541.75 45.749999999999986 179.0
-559.25 -112.05000000000001 77.0
-577.0 -269.85 -25.0
-595.25 -427.65000000000003 -127.0
-607.0 -577.0 -208.75
-623.5 -548.0 -201.75
-602.0 -562.0 -206.0
-352.5 -533.5 -208.5
-17.5 -514.5 -219.75
244.5 -508.0 -215.25
474.125 -504.0 -214.75
572.5 -507.0 -214.0
524.5625 -521.5 -211.0
478.8125 -522.0 -209.75
454.0 -519.5 -207.0
465.0 -519.0 -203.75
399.0 -517.0 -200.0
375.0 -513.5 -201.0
436.5 -509.5 -201.5
479.5 -501.0 -202.25
535.0 -490.5 -202.25
537.5 -488.0 -251.375
538.5 -485.5 -317.2083333333333
501.5 -481.5 -383.04166666666663
501.0 -479.0 -435.25
540.5 -477.0 -555.75
573.5 -476.5 -537.75
575.5 -486.0 -506.25
576.0 -492.0 -521.25
576.5 -493.0 -533.75
520.5 -493.5 -537.5
509.5 -493.5 -531.25
454.5 -497.0 -531.25
534.0 -501.5 -530.5
533.0 -499.5 -531.75
531.5 -498.5 -532.25
528.0 -497.5 -533.0
528.5 -497.0 -533.5
527.5 -497.5 -533.75
524.5 -498.0 -534.0
503.0 -497.5 -534.25
522.0 -477.0 -535.25
554.5 -474.5 -535.0
567.5 -470.5 -534.75
566.0 -462.5 -531.5
506.5 -452.0 -528.25
458.5 -434.0 -528.5
516.0 -412.0 -528.25
572.5 -275.1818181818182 -528.5
575.5 -92.0909090909091 -534.25
546.5 91.0 -534.75
536.5 274.0909090909091 -533.5
555.0 457.1818181818182 -533.5
551.5 623.0 -532.5
564.5 632.5 -531.5
559.0 689.0 -531.75
554.0 572.0 -529.5
559.5 562.5 -528.25
562.0 573.0 -526.5
556.5 565.0 -535.0
558.0 562.0 -534.5
486.5 559.0 -534.0
542.5 560.5 -530.75
491.5 559.5 -531.0
478.0 558.0 -524.5
477.5 555.0 -571.75
505.0 550.0 -576.25
504.5 546.5 -577.75
481.0 542.0 -577.25
466.5 523.0 -581.25
476.5 528.0 -590.0
470.5 527.5 -598.0
465.5 524.5 -522.5
478.0 523.5 -304.5
471.5 521.5 -125.51785714285714
493.0 519.5 -27.589285714285715
472.0 531.5 70.33928571428572
510.5 532.0 168.26785714285714
528.5 534.0 266.19642857142856
472.5 534.0 364.125
473.0 534.0 462.05357142857144
486.0 523.5 530.5
486.0 511.0 619.5
452.5 511.0 558.25
481.5 510.0 584.5
483.0 510.0 591.75
498.82142857142856 509.5 666.75
358.1071428571429 515.5 656.75
217.3928571428571 522.5 584.75
76.67857142857142 523.5 583.0999999999999
-64.03571428571433 523.0 581.9000000000001
-204.75000000000006 522.0 572.75
-345.4642857142858 522.0 566.0
-448.5 521.0 567.5
-458.5 520.0 573.0
-460.0 520.5 573.5
-463.0 521.5 577.25
-438.5 523.5 574.5
-453.5 524.0 573.75
-454.5 525.0 573.0
-642.5 514.0 304.75
-591.0 497.5 3.125
-575.0 497.0 -278.5
-578.5 494.5 -466.0
-581.0 492.0 -534.25
-584.5 491.5 -527.5
-580.0 488.5 -529.0
-582.0 487.0 -528.5
-589.5 489.5 -527.25
-465.3571428571429 501.0 -523.25
-476.78571428571433 523.5 -520.5
-488.21428571428567 546.3214285714286 -518.25
-499.6428571428571 573.6071428571429 -518.25
-538.5 600.8928571428571 -540.5
-564.25 628.1785714285714 -565.0
-520.0 639.0 -510.75
-511.5 595.5 -510.25
-485.0 620.5 -510.5
-474.5 564.0 -501.0
-427.5 541.5 -522.5
-453.0 519.5 -524.0
-474.5 550.5 -518.75
-474.5 625.5 -529.25
-475.5 571.5 -540.75
-476.5 560.0 -540.0
-510.0 544.5 -538.75
-609.0 538.5 -536.5
-454.5 534.0 -533.25
-424.5 524.0 -530.75
-456.5 508.7142857142857 -526.75
-555.5 507.57142857142856 -525.75
-460.5 506.42857142857144 -525.75
-472.0 505.2857142857143 -525.75
-421.0 500.5 -511.0
-460.5 496.0 -485.0
-455.0 503.0 -457.17857142857144
-492.5 506.5 -458.75
-495.0 509.0 -460.32142857142856
-497.0 507.0 -471.75
-499.0 503.5 -512.0
-515.0 502.0 -516.0
-533.0 502.0 -523.0
-511.5 503.0 -525.75
-494.5 503.0 -526.5
-503.3928571428571 501.0 -521.25
-511.25 500.5 -524.5
-519.1071428571429 500.5 -523.25
-530.5 509.0 -525.5
-519.125 509.0 -526.25
-512.5 510.5 -526.25
-631.5 510.0 -527.5
-614.5652173913044 511.0 -524.0
-542.8260869565217 512.0 -522.25
-471.0869565217391 513.0 -520.0
-399.3478260869565 512.0 -518.75
-327.6086956521739 512.0 -517.5
-255.86956521739128 511.5 -516.0
-184.13043478260872 512.0 -515.0
-112.39130434782606 513.0 -514.5
-40.6521739130435 508.0 -514.0
31.086956521739125 474.5 -516.75
102.82608695652175 459.5 -517.0
174.56521739130437 449.0 -517.0
180.5 445.0 -518.5
166.0 439.0 -520.5
110.0 366.25 -521.75
49.16666666666667 267.25 -523.75
53.83333333333333 168.25 -485.875
59.0 69.25 -489.375
60.0 44.5 -492.875
60.5 37.5 -514.5
57.5 43.5 -539.0
48.75 41.0 -531.5
37.75 -9.5 -537.0
35.5 -19.5 -546.0
21.5 -24.5 -547.25
26.5 -44.0 -547.0
29.0 -80.83333333333334 -549.0
32.5 -131.27777777777777 -548.75
35.5 -181.72222222222223 -550.75
150.0 -232.16666666666666 -550.0
521.0 -285.0 -552.0
505.5 -373.07142857142856 -551.75
494.0 -470.5 -549.0
479.0 -567.9285714285713 -548.5
471.5 -635.75 -546.5
554.5 -610.5 -545.5
545.5 -599.0 -545.25
604.5 -620.0 -543.5
608.5 -603.5 -542.0
624.0 -600.5 -541.25
516.0 -575.0 -540.0
366.5 -586.0 -538.5
381.5 -566.5 -537.0
534.0 -546.5 -536.75
563.5 -540.0 -537.25
552.0 -539.5 -538.0
551.3333333333333 -533.0 -537.75
550.6666666666667 -526.0 -538.25
573.75 -533.0 -539.0
569.5 -529.5 -540.25
565.5 -527.0 -541.25
570.0 -534.0 -544.0
579.5 -544.5 -543.5
593.5 -549.0 -543.75
607.5 -556.0 -540.75
574.0 -562.0 -534.625
556.0 -559.5 -530.7916666666667
508.5 -554.0 -526.9583333333333
498.5 -547.0 -529.0
492.5 -512.5 -542.75
462.0 -508.0 -539.0
541.5 -503.5 -556.75
535.0 -502.0 -556.25
570.5 -502.5 -553.0
570.5 -505.0 -552.0
535.5 -504.5 -551.0
544.0 -505.0 -353.75
513.5 -506.0 -140.475
528.0 -505.0 -158.375
521.0 -504.0 -176.275
511.875 -503.0 -194.17499999999998
512.0 -502.0 -212.075
487.5 -502.0 -214.0
492.5 -503.0 -194.5
493.5 -499.5 -191.25
492.5 -495.4642857142857 -192.0
490.5 -496.75 -193.25
485.5 -498.0357142857143 -192.5
431.5 -495.0 -192.0
465.5 -489.0 -190.0
455.0 -492.5 -189.5
452.25 -489.0 -187.0
474.0 -496.0 -171.0
462.75 -491.25 -160.5
459.25 -489.75 -162.0
461.75 -487.0 -163.0
483.25 -488.5 -163.5
466.0 -517.75 -162.5
500.0 -510.5 -164.0
483.5 -512.25 -169.0
476.5 -509.0 -233.0
470.0 -504.0 -315.0
464.5 -501.25 -397.0
448.0 -499.75 -458.25
434.5 -498.0 -515.5
435.5 -496.25 -538.5
434.0 -469.0 -538.5
435.5 -457.5 -539.0
297.5 -451.75 -538.0
400.75 -449.75 -538.0
488.0 -448.5 -536.5
488.25 -456.25 -535.5
488.25 -493.75 -535.5
486.25 -496.5 -536.625
486.0 -498.5 -536.5
462.0 -486.5 -541.25
431.0 -492.5 -545.5
426.0 -503.0 -544.75
481.0 -501.5 -541.75
512.0 -500.5 -544.25
512.5 -505.5 -545.5
511.5 -512.5 -544.5
513.5 -512.0 -544.25
511.0 -512.5 -544.25
526.0 -512.0 -532.5
538.0 -503.0 -522.625
545.5 -494.5 -523.4583333333333
545.5 -495.0 -524.2916666666667
547.0 -495.5 -527.5
555.5 -495.0 -531.25
561.5 -495.0 -542.25
574.0 -495.0 -543.25
578.5 -495.5 -546.0
577.5 -496.0 -545.5
577.5 -496.5 -545.0
578.0 -508.5 -544.75
573.5 -506.5 -544.5
566.5 -507.5 -544.5
569.0 -507.0 -545.5
467.0 -506.5 -544.25
503.5 -504.5 -541.5
501.0 -503.0 -540.25
504.5 -503.0 -540.5
556.5 -505.0 -540.75
548.0 -507.0 -539.25
539.0 -510.0 -541.25
536.5 -511.5 -550.25
563.0 -511.0 -549.25
566.5 -511.0 -549.25
569.0 -492.5 -550.0
565.25 -490.5 -549.0
559.5833333333333 -492.0 -544.5
553.9166666666667 -492.5 -545.0
558.3499999999999 -493.5 -547.0
566.1500000000001 -494.5 -549.0
572.0 -498.0 -550.0
573.5 -499.5 -551.75
576.5 -501.5 -552.25
572.5 -502.0 -554.5
565.5 -502.0 -555.5
523.5 -504.5 -555.75
544.0 -504.0 -554.5
563.5 -504.5 -554.0
564.0 -504.5 -553.5
565.0 -508.5 -553.0
565.0 -512.0 -552.25
563.0 -515.5 -551.75
548.5 -517.5 -552.75
539.5 -518.5 -552.25
520.5 -520.0 -551.5
497.0 -521.5 -552.25
488.0 -520.5 -551.75
486.0 -519.5 -549.5
486.5 -519.0 -547.5
464.0 -507.0 -547.25
476.0 -500.0 -545.75
477.5 -499.5 -543.25
483.0 -498.0 -541.0
500.5 -496.5 -539.0
504.0 -496.5 -536.75
502.25 -496.5 -535.0
504.5 -496.5 -534.0
483.0 -496.0 -533.25
465.5 -495.5 -532.5
492.0 -494.0 -532.0
508.5 -507.0 -526.0
535.5 -499.5 -528.5
554.5 -490.5 -528.5
516.5 -482.0 -529.0
554.5 -476.0 -528.75
547.5 -472.5 -530.25
510.0 -471.0 -532.0
548.0 -463.5 -485.25
562.5 -431.5 -289.5
573.5 -380.41666666666663 -234.5
574.5 -311.6388888888889 -230.25
591.5 -242.86111111111111 -228.0
578.0 -174.08333333333337 -227.75
576.5 -85.52777777777777 -233.25
598.5 62.3611111111111 -232.0
597.0 210.25 -229.5
595.0 358.13888888888886 -253.25
591.5 506.02777777777777 -348.20000000000005
584.5 537.5 -441.79999999999995
584.5 554.0 -509.25
588.5 535.0 -528.75
589.5 519.0 -526.0
581.0 522.0 -524.5
579.0 535.0 -525.0
455.0 534.0 -525.5
455.0 533.5 -529.5
457.0 533.5 -532.75
455.5 534.0 -534.5
454.5 533.0 -536.5
456.0 531.5 -537.5
476.5 528.0 -535.5
463.0 524.0 -534.0
447.0 518.0 -532.5
493.0 513.5 -531.25
442.5 508.5 -531.0
443.0 507.0 -531.0
456.0 508.5 -530.75
468.5 507.0 -530.0
488.5 520.9166666666667 -531.25
504.0 508.58333333333337 -522.75
492.0 496.25 -522.5
490.5 488.5 -525.75
514.5 499.0 -525.25
516.5 504.5 -524.0
461.5 502.0 -521.75
512.5 499.0 -522.75
511.5 491.0 -522.0
506.5 489.0 -521.5
456.5 486.5 -523.0
506.5 483.5 -524.25
467.5 494.5 -543.5
506.0 497.0 -530.75
460.0 487.5 -531.75
239.4318181818182 469.5 -533.25
111.15909090909089 457.0 -532.25
-17.113636363636374 449.5 -560.5
-145.38636363636368 441.0 -559.0
-273.65909090909093 342.75 -578.75
-401.9318181818182 223.75 -580.25
-462.5 104.75 -580.75
-471.5 -66.5 -580.5
-457.0 -7.0 -525.5
-484.0 -26.5 -523.75
-480.625 -22.5 -522.5
-474.0 -40.0 -520.25
-482.125 -101.60714285714286 -520.25
-419.67857142857144 -185.75 -516.0
-102.39285714285714 -269.8928571428571 -516.5
214.8928571428571 -331.5 -517.25
532.1785714285714 -336.5 -517.25
594.0 -350.79166666666663 -516.5
513.0 -419.95833333333337 -515.75
486.0 -489.125 -515.75
485.5 -557.5 -516.25
459.0 -601.0 -520.75
448.0 -590.5 -537.5
449.5 -575.0 -536.25
443.5 -547.5 -536.25
447.0 -518.0 -534.75
447.0 -507.5 -538.25
448.5 -505.5 -539.5
448.0 -506.0 -505.0
448.5 -505.5 -335.75
452.5 -500.0 -286.15999999999997
452.0 -494.5 -272.79999999999995
451.0 -492.0 -259.44
447.5 -491.0 -246.08
446.0 -489.5 -232.72
461.0 -490.0 -219.36
493.0 -491.5 -206.0
493.0 -491.0 -192.64000000000001
487.0 -492.5 -179.28
500.0 -494.5 -165.92000000000002
519.0 -491.0 -152.56
515.5 -485.0 -139.20000000000002
534.0 -482.0 -125.84
513.5 -483.0 -180.25
513.0 -481.5 -170.75
507.5 -479.5 -177.75
504.5 -476.0 -197.75
538.5 -473.0 -197.5
597.0 -471.5 -200.25
627.5 -468.5 -201.25
543.5 -466.5 -201.0
543.0 -466.0 -199.5
581.5 -466.5 -199.0
617.5 -470.0 -197.5
612.5 -468.5 -196.0
610.5 -469.0 -194.5
609.5 -468.5 -194.5
609.5 -469.5 -244.95833333333334
609.0 -471.5 -314.79166666666663
530.5 -474.5 -384.625
543.5 -477.5 -438.75
529.5 -482.0 -463.0
505.5 -484.0 -496.25
499.5 -491.0 -518.25
540.5 -489.0 -536.5
489.5 -481.5 -519.75
490.0 -475.0 -516.5
485.0 -478.0 -514.0
488.5 -483.5 -497.5
488.5 -488.0 -268.25
475.5 -485.0 -266.95833333333337
470.0 -485.0 -242.23611111111111
492.5 -486.0 -217.5138888888889
499.5 -351.0 -192.79166666666669
497.5 -209.21428571428572 -168.06944444444446
481.5 -133.5 -143.34722222222223
513.0 -57.785714285714306 -118.62500000000001
486.0 -12.0 -93.90277777777779
473.0 -20.0 -69.18055555555556
470.5 -12.0 8.5
473.0 -5.5 -66.0
511.83333333333337 -5.5 -60.75
509.16666666666663 -9.0 -66.75
416.5 -1.0 -30.75
466.0 -1.5 -12.25
423.0 -1.5 -8.5
482.0 1.0 -6.75
418.0 -37.5 -6.0
417.5 -39.0 -6.25
411.5 -41.0 8.5
404.0 69.0 20.0
311.5 118.0 20.25
343.5 119.5 21.0
330.5 148.5 21.25
308.5 143.5 21.25
287.5 126.5 21.0
290.5 122.0 21.75
281.0 119.5 20.5
239.0 120.0 16.75
242.5 131.5 16.5
231.0 126.0 16.375
245.5 123.5 16.0
271.25 193.5 14.5
299.75 251.71428571428572 14.0
295.0 244.0 13.0
311.25 236.28571428571428 -4.5
302.0 230.75 -8.0
305.25 268.25 -7.5
223.5 124.75 -7.5
94.5 121.5 -6.0
103.75 131.0 -5.0
44.25 135.0 -3.5
111.0 132.5 -2.5
113.0 128.0 96.5
147.75 131.0 308.5
149.0 127.25 541.0
151.0 124.75 633.5
155.25 126.25 633.5
10.5 127.75 653.5
-16.75 130.25 627.0
-143.29166666666669 126.25 625.0
-126.45833333333333 119.0 623.5
-109.625 112.25 624.0
-86.75 114.0 622.5
-84.25 133.75 622.0
-194.5 167.25 621.5
-427.25 136.0 627.5
-584.0 146.5 645.5
-597.5 190.0 609.25
-603.0 208.5 620.25
-486.5 238.0 618.5
-484.5 261.0 652.5
-483.0 239.3 643.0
-608.0 380.5 667.5
-609.0 521.7 595.25
-608.5 567.5 617.25
-608.5 555.0 630.5
-598.5 547.0 628.75
-598.0 538.0 641.0
-600.0 523.0 627.25
-440.0 523.0 645.0
-444.5 530.0 629.0
-443.0 531.5 639.75
-433.0 524.5 635.0
-424.0 515.0 637.5
-399.375 518.5 636.0
-374.54166666666663 529.5 639.25
-349.70833333333337 536.0 637.0
-394.125 533.5 632.25
-411.0 531.5 630.0
-416.0 536.0 636.5
-416.5 543.0 613.25
-415.0 537.5 602.25
-406.0 527.0 613.0
-403.5 517.0 600.75
-405.0 515.5 611.0
-435.0 518.0 615.25
-361.46428571428567 514.0 624.5
-218.75 500.5 626.5
-76.03571428571425 491.0 628.5
26.5 494.0 628.25
80.5 501.0 624.25
81.0 505.5 623.75
78.5 505.0 626.25
72.0 503.5 621.25
66.0 503.0 619.25
82.0 504.5 619.25
94.0 506.5 618.25
129.0 505.0 614.0
140.5 496.0 538.75
135.0 492.0 312.1666666666667
143.5 491.0 113.05555555555554
151.5 492.0 -86.05555555555557
147.0 497.5 -285.1666666666667
152.5 507.5 -448.75
168.0 514.0 -476.0
144.5 517.0 -503.0
150.0 509.5 -508.0
181.5 491.5 -509.25
268.0 477.5 -507.75
273.0 473.5 -503.5
280.0 467.0 -497.0
277.5 476.47058823529414 -505.75
276.0 491.7647058823529 -509.25
277.0 507.05882352941177 -507.0
281.5 522.3529411764705 -502.75
278.0 537.6470588235295 -497.5
261.5 552.9411764705883 -491.75
297.5 568.2352941176471 -485.0
301.0 583.5294117647059 -478.75
287.5 543.5 -473.75
283.5 522.0 -401.5
272.5 523.5 -79.25
273.5 515.0 243.25
277.5 508.0 531.0
271.0 512.0 644.5
275.5 520.0 540.25
213.0 515.5 543.75
180.0 506.0 553.0
165.5 496.0 567.25
172.5 489.5 579.25
175.5 494.0 590.25
160.0 504.0 595.25
106.5 509.0 604.5
53.0 510.5 601.0
43.5 504.0 602.75
41.0 495.0 601.25
40.5 490.5 600.75
5.0 488.5 593.75
20.5 494.0 592.5
37.5 495.5 582.0
48.0 489.0 577.25
59.5 483.5 594.5
55.5 478.0 589.25
54.0 458.0 573.75
53.0 376.77631578947364 585.5
63.0 271.14473684210526 619.75
223.29999999999998 165.51315789473685 604.25
417.70000000000005 59.88157894736841 539.0
575.5 -45.75 532.75
598.0 -151.38157894736844 572.75
492.0 -257.0131578947369 582.0
542.5 -362.6447368421053 500.16666666666663
516.0 -468.2763157894737 330.3888888888889
528.0 -583.5 160.61111111111111
531.0 -600.0 -9.166666666666629
487.5 -566.0 -163.0
444.5 -537.5 -197.5
496.0 -537.0 -202.5
489.5 -520.0 -203.5
493.5 -517.5 -213.5
526.0 -508.0 -216.5
568.0 -496.5 -219.0
572.0 -498.5 -219.5
576.0 -500.0 -218.5
596.125 -499.5 -219.5
621.625 -497.5 -214.7
647.125 -495.5 -199.5
599.5 -499.0 -184.3
584.5 -504.0 -169.10000000000002
592.0 -469.0 -153.9
531.5 -435.0 -173.0
491.5 -434.0 -203.5
480.0 -447.5 -160.0
479.0 -438.5 -177.5
478.0 -437.0 -199.25
484.0 -438.0 -194.25
478.5 -451.5 -195.75
483.0 -466.0 -194.75
483.5 -468.5 -194.75
538.0 -473.5 -192.0
607.0 -492.5 -167.25
609.0 -496.0 -163.25
606.0 -496.5 -162.25
605.0 -498.0 -160.75
603.5 -513.0 -159.75
602.5 -511.5 -88.25
602.5 -510.5 74.46875
600.5 -510.5 231.09375
601.0 -508.5 387.71875
601.0 -507.0 544.34375
496.5 -505.5 583.25
521.5 -504.5 594.75
519.5 -501.5 599.25
516.0 -495.5 624.75
579.5 -487.5 623.0
538.5 -476.5 621.0
588.5 -470.5 624.25
579.5 -470.0 618.5
582.5 -470.0 621.5
578.5 -489.0 624.25
611.5 -510.0 624.0
591.0 -527.5 656.25
582.0 -531.0 620.75
578.5 -469.75 664.5
511.5 -450.75 632.5
461.0 -453.5 635.75
439.0 -459.0 637.75
434.5 -462.0 615.5
433.5 -469.5 474.6375
431.0 -476.0 411.1875
427.5 -469.5 347.7375
521.0 -493.5 284.28749999999997
516.0 -511.0 220.83749999999998
537.5 -511.5 157.3875
540.0 -506.5 93.93749999999997
481.5 -501.5 30.487499999999983
462.0 -495.0 -32.962500000000034
478.5 -492.5 -96.41250000000002
537.0 -492.0 -148.25
507.0 -490.5 -152.0
473.0 -491.5 -153.0
469.5 -493.5 -187.0
463.5 -498.0 -189.0
465.5 -501.0 -187.25
499.0 -505.5 -187.75
528.5 -506.5 -188.0
483.5 -506.0 -186.75
596.0 -509.5 -187.5
511.5 -510.5 -187.75
492.0 -510.5 -187.0
534.0 -510.0 -287.75
586.5 -512.5 -445.0
584.0 -476.0 -530.0
521.5 -485.5 -535.75
463.0 -492.0 -537.0
588.5 -500.0 -540.0
521.5 -500.0 -540.5
502.0 -498.7857142857143 -571.0
509.0 -504.5 -539.25
450.0 -510.2142857142857 -539.5
454.0 -499.5 -545.5
483.5 -464.0 -555.0
518.5 -496.5 -546.5
524.5 -501.5 -536.5
534.0 -503.5 -508.5
555.5 -517.0 -317.75
559.5 -524.5 -254.546875
558.75 -523.5 -240.609375
548.5 -521.5 -226.671875
497.0 -519.5 -212.734375
484.0 -519.5 -198.796875
478.5 -519.0 -184.859375
468.5 -520.5 -170.921875
466.5 -519.5 -156.984375
459.0 -495.0 -143.046875
473.5 -485.5 -129.109375
478.5 -485.0 -115.171875
442.0 -485.0 -101.234375
455.5 -483.5 -87.296875
473.0 -511.5 -73.359375
457.0 -525.5 -59.421875
478.0 -525.5 -45.484375
455.0 -531.0 -34.5
417.0 -529.5 -50.0
419.5 -525.8214285714286 -44.0
432.0 -525.1071428571429 35.0
434.0 -524.3928571428571 -77.3125
441.5 -523.6785714285714 -75.0625
453.0 -509.0 -72.8125
457.5 -515.5 -70.5625
454.5 -519.0 -68.3125
523.0 -522.0 -66.0625
497.0 -516.5 -63.8125
481.5 -516.5 -61.5625
469.0 -513.5 -59.3125
477.0 -488.5 -57.0625
523.5 -473.0 -54.8125
519.5 -476.5 -52.5625
512.5 -477.0 -50.3125
423.5 -479.0 -48.0625
188.5 -480.0 -45.8125
52.5 -481.25 -43.5625
-10.25 -487.25 -41.3125
-30.25 -479.7857142857143 -39.0625
-37.5 -478.92857142857144 -36.8125
-3.5 -478.07142857142856 -34.5625
-56.125 -477.2142857142857 -39.0
-224.625 -479.0 -54.5
-393.125 -467.75 -57.5
-657.5 -468.0 -58.0
-468.75 -475.5 -144.5
-473.75 -490.5 -155.5
-509.25 -513.5 -155.0
-565.0 -542.25 -153.5
-571.75 -538.25 -153.5
-573.25 -538.75 -153.5
-572.75 -539.75 -151.5
-574.5277777777778 -541.0 -151.5
-574.6388888888889 -540.75 -150.0
-574.75 -538.75 -150.0
-574.8611111111111 -537.25 -151.0
-574.9722222222222 -532.0 -151.0
-573.9285714285714 -499.1842105263158 -149.5
-572.5 -383.92105263157896 -72.5
-571.0714285714286 -268.65789473684214 145.75
-563.0 -153.3947368421053 387.0
-557.5 -38.13157894736847 583.25
-556.5 77.13157894736838 628.75
-554.5 192.39473684210526 645.25
-555.0 307.657894736842 626.0
-553.5 422.9210526315789 627.75
-553.5 538.1842105263157 619.25
-554.0 695.5 603.5
-557.0 640.5 587.0
-565.0 588.5 568.0
-573.0 598.0 567.0
-568.5 564.5 582.0
-566.25 580.5 563.5
-568.1875 576.0 560.0
-566.9375 577.0 565.25
-563.875 574.0 564.25
-554.0 566.5 563.0
-548.0 608.5 562.0
-547.0 588.5 568.5
-547.0 570.0 569.0
-547.0 573.5 573.75
-546.0 567.5 575.0
-546.0 551.0 575.75
-588.0 542.0 573.75
-603.0 533.0 583.75
-616.5 533.0 564.25
-565.0 527.0 563.0
-564.0 528.5 565.0
-626.875 545.0 564.0
-726.5 545.0 572.0
-584.0 545.0 580.0
-598.5 539.5 584.5
-733.0 535.5 581.0
-778.5 554.5 581.75
-652.5 581.0 575.75
-526.5 572.0 567.75
-508.0 553.5 562.5
-514.5 536.0 562.5
-465.5 545.5 565.5
-440.375 550.0 565.5
-555.375 531.5 568.5
-558.5 528.0 630.25
-557.0 539.5 633.75
-555.0 544.0 573.0
-550.0 509.5 580.5
-546.5 502.0 675.5
-532.9166666666667 506.5 587.75
-542.5833333333333 520.0 676.5
-536.5 549.5 621.75
-539.0 508.0 647.0
-591.0 517.0 619.25
-621.0 550.0 645.25
-609.0 545.0 595.25
-597.0 515.5 593.0
-585.0 515.5 587.5
-573.0 531.5 586.25
-651.375 531.0 587.0
-603.5 520.5 592.75
-589.5 509.0 599.5
-589.0 508.5 592.0
-495.5 517.0 584.0
-588.0 519.0 624.0
-589.5 500.0 628.0
-590.5 481.5 679.0
-594.5 487.5 619.25
-598.0 494.5 587.0
-601.0 505.5 604.0
-601.0 508.5 669.9642857142858
-604.0 509.0 737.25
-598.25 520.0 804.5357142857143
-595.0 529.5 745.75
-600.0 517.5 611.5
-598.0 507.0 568.0
-559.0 500.5 566.75
-552.0 496.5 564.75
-550.0 498.5 630.25
-549.0 512.5 584.75
-549.5 544.5 632.75
-545.0 610.0 587.75
-545.5 594.5 647.0
-545.0 533.5 568.5
-543.5 516.5 593.5
-469.5 487.5 642.75
-459.21875 487.5 631.5
-482.84375 483.5 583.5
-506.46875 490.0 586.75
-530.09375 501.0 661.5
-551.5 505.0 593.75
-551.5 506.5 605.75
-551.875 509.0 612.75
-542.5 514.0 697.5
-540.0 517.5 606.0
-540.5 521.5 590.0
-432.5 519.0 588.25
-612.0 516.5 592.0
-497.0 502.0 587.5
-511.4375 501.5 588.5
-455.1875 500.0 575.0
-396.6875 501.0 576.5
-331.4375 487.5 574.0
-271.025 407.9090909090909 574.0
-225.125 312.4545454545455 572.5
-179.225 217.0 570.0
-133.325 121.54545454545456 600.0
-87.42500000000001 26.090909090909093 571.25
-41.525000000000006 -43.0 639.0
4.374999999999972 -179.5 640.5
50.275000000000006 -364.83333333333337 716.25
96.17499999999998 -550.1666666666667 641.25
142.075 -633.0 627.0
156.0 -584.5 579.0
133.5 -503.0 601.0
138.0 -540.5 598.5
160.0 -541.0 703.75
129.5 -549.0 672.0
144.0 -548.5 656.0
145.0 -558.5 645.5
142.0 -559.5 625.5
200.5 -561.5 630.75
166.875 -560.0 617.25
60.70833333333333 -561.5 622.25
-45.45833333333334 -567.5 633.0
-24.5 -569.5 628.0
-25.0 -591.5 610.5
-23.5 -601.5 608.25
-25.0 -593.5 607.5
-49.0 -588.0 646.0
-71.5 -573.0 629.5
-67.5 -553.0 613.5
-66.5 -545.0 778.75
-67.5 -540.5 599.0
-67.5 -537.0 598.0
-67.0 -533.0 596.5
-101.0 -529.0 597.75
-364.5 -522.5 598.75
-553.0 -514.0 598.25
-639.1666666666667 -507.0 597.5
-771.8333333333333 -497.0 597.75
-646.0 -486.0 694.5
-601.0 -473.0 712.0
-602.5 -459.5 672.75
-603.5 -450.5 653.25
-587.5 -444.0 643.0
-587.5 -445.0 611.0
-589.0 -456.0 607.5
-587.0 -466.5 610.5
-584.5 -479.0 613.0
-584.0 -490.0 610.0
-582.0 -498.5 608.5
-579.0 -503.0 605.75
-577.5 -503.5 604.75
-577.5 -509.0 605.5
-578.0 -509.5 609.25
-578.5 -512.5 608.0
-578.0 -512.0 607.75
-579.0 -511.0 613.5
-579.0 -511.0 593.5
-578.5 -504.0 606.0
-578.0 -494.54999999999995 603.5
-578.0 -481.95000000000005 600.75
-576.5 -472.0 594.5
-577.5 -473.0 500.375
-578.0 -475.5 398.4423076923077
-602.0 -491.0 302.3653846153846
-629.0 -521.5 206.28846153846155
-720.2857142857142 -535.0 110.21153846153845
-675.4285714285714 -549.5 14.134615384615358
-630.5714285714287 -557.0 -81.94230769230768
-585.7142857142858 -551.5 -150.25
-582.5 -554.0 -144.5
-585.5 -547.0 -147.0
-589.0 -542.5 -148.5
-588.5 -534.0 -147.5
-589.0 -531.5 -147.0
-591.0 -530.0 -137.0
-591.5 -531.5 -27.0
-590.0 -532.5 -18.75
-589.0 -533.0 -13.5
-587.5 -534.5 -10.75
-587.0 -531.0 -15.25
-587.0 -529.0 -14.5
-588.5 -524.5 -6.5
-589.0 -512.0 3.75
-591.0 -480.5 4.5
-592.0 -425.85714285714283 4.0
-591.0 -351.0 4.75
-589.0 -276.1428571428571 5.25
-587.5 -152.0 5.75
-586.5 102.58333333333333 5.75
-581.0 192.91666666666666 5.5
-580.0 283.25 5.25
-578.0 373.5833333333333 19.25
-576.5 463.91666666666663 23.25
-575.0 592.5 24.5
-577.0 646.0 62.57142857142857
-578.0 536.0 208.85714285714283
-579.5 533.5 355.1428571428571
-580.0 526.5 501.42857142857144
-617.375 527.0 541.75
-583.5 529.5 528.75
-428.64150943396226 550.0 537.25
-411.20754716981133 569.5 539.75
-393.7735849056604 610.0 639.75
-376.33962264150944 611.0 648.5
-358.90566037735846 651.0 619.75
-341.4716981132076 522.0 689.0
-324.0377358490566 513.5 581.5
-306.60377358490564 508.0 581.0
-289.1698113207548 522.0 582.25
-271.7358490566038 518.5 581.75
-254.30188679245282 517.0 582.5
-236.8679245283019 518.0 581.5
-219.43396226415098 521.0 584.25
-202.0 523.0 587.75
-184.56603773584908 518.0 592.25
-167.13207547169813 512.0 592.5
-149.69811320754718 499.0 596.5
-132.26415094339626 486.5 578.25
-114.83018867924531 494.5 370.0
-97.39622641509436 484.5 230.45454545454544
-79.96226415094341 483.0 165.72727272727272
-62.52830188679246 487.5 100.99999999999999
-45.09433962264154 496.0 36.27272727272725
-27.660377358490592 499.0 -28.454545454545496
-10.226415094339643 501.0 -57.5
7.207547169811278 502.5 -47.5
24.641509433962256 504.0 -63.25
32.5 508.0 -68.75
26.65 510.5 -120.5
18.85 513.0 -187.0
17.75 514.5 -186.5
-26.5 514.75 -186.5
-6.0 513.5 -186.0
-5.0 500.25 -71.5
-5.0 492.5 -36.5
-4.5 490.5 -37.0
-4.5 485.5 -36.5
-3.0 483.5 -29.5
-2.75 482.25 -19.0
-5.5 479.25 -17.0
63.5 477.25 -15.0
135.0 476.25 -15.0
212.33333333333331 475.0 -13.5
289.66666666666663 473.25 -12.0
301.5 474.0 -11.5
314.75 472.0 -10.5
303.0 468.25 -12.0
295.5 462.25 -12.0
303.25 459.75 -13.0
312.25 458.25 -14.0
340.75 455.25 -14.5
349.0 452.0 -14.0
277.25 455.25 -13.5
298.25 467.0 -13.5
301.25 469.5 -14.0
301.0 472.5 -45.25
284.5 477.5 -150.17857142857142
279.0 476.5 -247.75
465.75 478.0 -345.32142857142856
282.5 482.0 -452.0
225.5 484.5 -507.5
232.5 487.5 -506.75
231.0 488.5 -502.5
223.0 486.5 -505.5
317.5 481.5 -504.5
225.5 471.5 -508.5
268.0 446.5 -509.0
246.0 411.5 -508.75
208.5 333.4868421052631 -508.0
177.0 230.80263157894734 -507.5
168.5 128.11842105263156 -506.25
188.0 25.43421052631578 -504.5
169.5 -77.25000000000003 -481.75
137.5 -179.93421052631584 -465.25
126.0 -282.6184210526316 -514.5
130.0 -385.3026315789474 -479.0
138.5 -487.98684210526324 -483.5
136.0 -555.5 -480.75
136.5 -550.5 -485.0
142.0 -558.5 -484.0
145.0 -567.0 -482.0
130.5 -570.0 -476.0
100.0 -569.0 -436.5
100.0 -555.5 -409.0
95.5 -540.0 -404.75
95.5 -518.5 -398.75
95.0 -506.5 -397.0
98.5 -500.0 -397.0
115.5 -496.0 -397.25
135.5 -494.5 -332.65625
146.5 -496.0 -99.28125
101.5 -498.0 134.09375
125.20833333333334 -499.5 367.46875
126.04166666666666 -500.5 677.5
126.875 -501.5 778.0
125.0 -501.5 684.0
104.0 -500.5 668.5
96.0 -500.0 667.0
104.0 -501.5 669.5
103.5 -507.5 663.5
100.0 -517.5 669.5
104.0 -525.0 671.75
102.5 -520.0 671.5
102.5 -513.0 667.0
103.5 -502.5 669.0
131.5 -488.5 664.0
145.5 -476.0 664.5
142.0 -471.0 669.0
141.5 -473.0 672.0
149.0 -480.5 669.0
171.5 -488.5 671.5
160.5 -496.5 671.0
152.5 -504.0 662.0
164.0 -512.5 654.25
161.5 -515.0 673.0
154.5 -511.5 675.75
250.5 -511.0 703.0
279.0 -509.5 667.0
276.5 -511.5 656.0
266.5 -522.5 652.75
268.0 -537.0 648.75
258.0 -556.0 638.25
254.0 -562.5 634.75
245.5 -558.0 630.5
209.5 -539.5 631.5
191.0 -503.5 637.5
221.5 -456.0 653.0
218.5 -410.0 655.25
151.0 -375.5 651.5
118.0 -366.5 649.0
125.5 -400.5 647.0
115.0 -468.45000000000005 647.25
112.0 -551.05 663.0
117.0 -609.9642857142858 658.5
115.0 -597.8214285714287 655.0
117.5 -585.6785714285713 656.5
116.5 -573.5357142857142 695.0
115.5 -580.5 643.5
115.0 -525.0 640.75
117.5 -509.5 639.0
132.0 -510.0 638.25
121.5 -518.5 637.0
111.5 -518.5 636.5
110.0 -513.5 642.1875
109.0 -511.0 642.9375
92.5 -515.5 643.6875
98.5 -524.5 644.4375
99.0 -528.5 645.1875
107.0 -521.0 645.9375
108.0 -497.5 646.6875
100.0 -478.5 647.4375
100.5 -459.75 642.0
97.5 -458.0 637.75
105.0 -520.0 636.5
59.5 -528.0 635.25
-145.0 -521.5 636.0
-374.0 -513.5 634.75
-501.5 -507.5 644.25
-501.5 -502.5 637.0
-600.875 -499.5 636.5
-621.3333333333333 -497.0 635.5
-602.4444444444443 -488.5 634.75
-583.5555555555557 -490.5 637.5
-564.6666666666667 -504.0 629.75
-534.0 -523.0 630.25
-515.0 -520.25 632.25
-511.5 -519.0 630.25
-509.5 -522.0 631.0
-517.0 -532.5 632.5
-525.5 -543.5 634.5
-537.0 -546.0 639.0
-550.0 -541.5 646.75
-534.0 -544.0 641.6428571428571
-533.5 -548.0 644.2142857142858
-533.0 -550.5 646.7857142857142
-530.5 -545.0 649.3571428571429
-659.0 -538.5 651.25
-766.5 -530.5 655.25
-556.5 -517.5 654.5
-565.5 -493.0 653.0
-562.0 -455.72727272727275 656.25
-569.5 -407.3636363636364 656.0
-576.0 -359.0 554.0
-585.0 -310.6363636363636 388.70833333333337
-556.5 -262.27272727272725 333.54166666666663
-574.5 -200.66666666666669 278.375
-572.0 -99.33333333333334 223.20833333333334
-569.5 1.9999999999999858 168.04166666666669
-569.0 103.33333333333331 112.87500000000003
-574.5 204.66666666666666 57.70833333333334
-586.0 175.0 2.5416666666666856
-599.5 150.0 -52.62499999999997
-580.0 171.5 -107.79166666666663
-508.0 162.5 -162.95833333333331
-553.375 40.5 -218.12499999999994
-602.5 21.0 -252.75
-605.0 22.5 -226.5
-600.5 46.25 -187.25
-603.0 67.0 -191.0
-606.0 126.5 -190.5
-609.0 213.5 -191.0
-610.0 239.5 -190.5
-611.5 257.0 -157.5
-613.5 274.0 -29.5
-614.0 335.0 -17.0
-614.5 365.8571428571429 -16.5
-603.5 407.0 -14.25
-598.0 448.14285714285717 -12.0
-594.0 476.5 -12.25
-556.4000000000001 683.5 -11.0
-507.59999999999997 929.0 -7.3125
-458.8 649.5 1.4375
-410.0 633.0 10.1875
-361.2 572.0 18.9375
-595.0 529.5 9.25
-599.8125 565.5 10.0
-607.5625 558.5 15.5
-492.5 534.0 9.5
-371.5 505.5 9.0
-532.5 517.0 8.5
-542.5 537.5 8.0
-555.1666666666667 536.5 4.5
-567.8333333333333 514.0 3.0
-578.0 483.5 3.0
-564.5 480.0 3.0
-518.5 489.5 3.0
-577.5 492.5 4.5
-655.0 485.0 6.25
-660.5 487.0 7.75
-659.0 511.5 9.0
-657.0 503.0 4.0
-655.0 507.5 3.25
-647.5 523.0 3.75
-637.5 532.5 4.0
-632.5 531.5 3.75
-568.5 528.0 3.75
-591.5 513.0 3.75
-619.5 507.5 4.25
-624.0 488.5 3.75
-631.0 333.0 3.5
-630.0 298.0 3.5
-585.5 298.0 18.5
-584.0 293.5 36.0
-581.5 279.5 37.75
-570.0 269.0 38.25
-581.0 263.0 38.5
-572.5 260.5 39.0
-589.5652173913044 253.5 39.5
-593.8260869565217 102.0 39.5
-598.0869565217391 19.0 39.5
-602.3478260869565 21.5 40.25
-606.608695652174 24.0 40.25
-610.8695652173913 53.6 40.5
-615.1304347826087 58.0 38.75
-619.3913043478261 62.4 38.75
-623.6521739130435 7.5 38.0
-627.9130434782609 0.0 37.5
-632.1739130434783 -4.5 37.75
-636.4347826086956 -9.5 38.25
-641.5 -23.5 38.0
-648.5 -38.5 37.5
-647.0 -41.0 37.5
-646.0 -39.5 38.5
-644.5 -37.0 38.75
-643.5 -34.0 39.0
-589.0 -31.5 38.25
-551.5 -31.5 39.0
-559.5 -30.5 38.5
-561.5 -82.0 38.5
-561.5 -89.0 39.5
-563.0 -89.5 39.0
-564.5 -83.5 38.5
-669.0 -75.16666666666667 38.5
-564.5 -73.38888888888889 38.0
-563.5 -71.61111111111111 38.5
-562.0 -69.83333333333333 38.0
-568.0 -70.5 37.5
-569.5 -76.0 38.0
-437.8125 -82.5 38.375
-471.0625 -87.75 38.0
-504.3125 -95.5 37.5
-537.5625 -223.0 36.5
-521.0 -262.0 36.5
-534.0 -276.5 36.0
-622.5 -266.75 36.0
-601.5 -261.5 36.5
-472.75 -238.0 15.5
-428.5 -170.0 -4.0
-514.4 -164.5 -5.0
-528.0 -156.25 -3.5
-541.6 -148.25 -3.5
-555.2 -141.75 -4.5
-568.8 -130.25 -5.5
-582.4 -113.25 -20.0
-596.0 -93.25 -35.0
-609.6 -73.5 -36.0
-629.5 -54.75 -37.0
-790.25 34.29545454545455 -37.5
-786.5 123.47727272727273 -37.5
-636.3571428571429 212.65909090909093 -38.0
-619.5 301.8409090909091 -38.5
-602.6428571428571 391.0227272727273 -44.0
-585.25 480.2045454545455 -44.5
-572.0 699.625 -45.5
-585.25 767.0 -46.25
-510.5 746.5 -46.5
-503.5 714.5 -47.0
-548.0 690.5 -47.5
-519.5 687.0 -47.75
-527.5 678.5 -23.25
-506.5 670.6428571428571 4.75
-507.0 675.5 11.75
-513.0 680.3571428571429 18.75
-524.5 664.0 25.75
-521.0 652.0 44.25
-533.0 656.5 39.0
-532.0 662.0 38.75
-541.0 670.5 39.0
-550.5 661.5 35.0
-553.5 642.5 32.5
-514.0833333333334 636.0 33.5
-470.41666666666663 639.5 34.0
-426.75 635.5 34.0
-430.0 624.5 34.5
-477.5 607.5 35.0
-485.5 605.0 35.0
-501.5 613.5 34.5
-499.0 610.5 34.0
-518.5 598.0 33.5
-502.5 585.0 32.5
-470.0 586.5 32.5
-467.0 592.0 32.0
-466.5 590.0 32.25
-463.5 583.0 30.75
-450.0 576.5 30.0
-441.5 577.0 30.25
-430.0 579.0 30.0
-418.5 581.0 30.25
-439.5 580.0 30.5
-431.0 577.5 30.5
-439.5 577.0 30.0
-442.5 577.0 30.0
-444.5 577.5 28.0
-444.0 578.5 28.0
-443.5 580.0 28.5
-442.5 580.5 28.0
-442.5 582.0 27.25
-470.0 581.0 26.0
-518.0 581.5 27.5
-518.0 582.5 28.0
-518.5 582.5 27.25
-518.0 581.0 27.0
-516.5 580.0 27.75
-516.0 578.0 28.25
-515.5 578.0 28.25
-514.5 559.0 27.75
-502.0 558.0 27.25
-519.0 557.0 28.0
-521.0 556.5 28.75
-523.0 556.0 29.75
-523.0 558.9722222222222 30.25
-522.5 562.2685185185185 31.5
-523.0 565.5648148148148 31.0
-528.5 568.8611111111111 30.75
-534.5 572.1574074074074 31.25
-539.0 575.4537037037037 32.5
-541.6666666666667 578.75 33.5
-544.3333333333333 582.0462962962963 33.25
-534.5 585.3425925925926 32.75
-525.0 588.6388888888889 32.75
-502.0 591.9351851851852 33.25
-500.5 595.2314814814815 33.5
-505.5 598.5277777777778 33.5
-492.5 598.5 33.25
-485.5 601.0 32.75
-482.0 612.5 33.0
-478.5 627.0 33.0
-471.0 640.5 34.0
-469.0 647.0 34.25
-467.5 646.5 33.25
-457.5 632.0 33.75
-458.5 609.0 34.25
-459.0 581.0 32.25
-458.0 558.0 29.192307692307693
-457.5 542.0 28.115384615384613
-460.0 532.5 27.03846153846154
-458.5 529.0 25.96153846153846
-457.5 532.0 24.884615384615387
-456.5 535.0 23.807692307692307
-460.5 539.0 17.25
-460.5 541.0 4.5
-458.5 543.5 11.5
-458.0 544.0 14.75
-458.5 540.5 17.0
-459.0 535.0 18.25
-459.5 536.0 20.0
-457.5 536.0 24.5
-457.0 537.5 22.5
-458.0 552.0 16.5
-524.5 549.0 14.5
-550.0 542.0 14.0
-552.0 534.5 12.0
-553.0 525.0 9.5
-549.0 516.0 8.5
-547.0 510.0 9.0
-528.5 495.0 12.0
-492.5 476.5 14.0
-463.0 417.52272727272725 11.5
-460.0 336.8863636363636 11.75
-576.0 256.25 12.0
-582.0 175.61363636363635 10.25
-588.0 94.97727272727272 9.0
-594.0 -3.5 9.25
-528.0 -58.328125 9.75
-455.5 -80.765625 10.5
-454.5 -103.203125 11.5
-456.0 -125.640625 12.5
-456.5 -148.078125 13.5
-456.0 -170.515625 13.5
-492.0 -192.953125 14.5
-491.5 -215.390625 15.5
-489.5 -277.0 15.75
-482.5 -349.0 15.0
-483.0 -350.0 15.0
-483.5 -337.0 15.0
-481.0 -345.5 14.75
-510.5 -352.0 13.75
-505.0 -350.0 14.0
-494.0 -339.0 13.75
-520.5 -331.0 13.0
-506.5 -323.5 12.5
-501.5 -321.0 14.0
-498.5 -219.5 14.75
-498.5 -183.5 14.75
-491.0 -194.5 14.5
-490.0 -210.5 15.5
-489.0 -229.0 15.5
-470.5 -245.0 16.0
-449.5 -256.0 17.25
-445.0 -287.0 16.75
-474.5 -457.625 16.5
-474.0 -582.0 17.0
-462.0 -559.0 16.75
-414.0 -510.0 16.75
-356.0 -524.0 16.5
-362.0 -421.25 16.0
-375.0 -286.25 15.5
-360.5 -151.25 15.5
-366.0 -16.25 15.5
-363.5 118.75 16.0
-351.0 253.75 16.5
-329.5 388.75 16.0
-331.0 523.75 16.5
-344.0 658.75 16.0
-347.5 718.0 15.25
-342.0 648.5 14.5
-342.0 596.0 14.0
-343.0 562.0 86.09375
-338.5 545.5 182.21875
-335.0 535.5 278.34375
-337.5 524.5 374.46875
-419.5 518.5 540.25
-504.0 515.5 539.25
-453.5 517.5 534.5
-448.5 520.0 568.5
-443.0 525.0 569.0
-444.0 528.0 569.75
-489.0 532.5 568.5
-498.5 535.5 568.25
-496.0 535.5 551.0
-495.5 538.5 557.5
-494.5 542.0 548.0
-524.0 546.0 546.5
-534.0 547.5 546.5
-524.0 524.0 551.5666666666666
-512.5 526.0 551.8333333333333
-514.0 527.0 552.0999999999999
-505.5 530.5 552.3666666666666
-504.5 533.5 552.6333333333334
-528.0 535.0 552.9000000000001
-523.5 532.0 553.1666666666667
-504.0 529.5 553.4333333333334
-484.5 552.0 540.5
-485.0 558.5 540.6
-472.5 561.5 533.0
-453.5 569.5 525.4
-463.0 580.5 517.8
-479.0 586.0 510.20000000000005
-493.5 590.5 522.5
-496.0 592.0 539.5
-484.0 585.5 544.5
-496.5 577.0 536.5
-488.92857142857144 566.0 537.5
-481.5 564.0 539.0
-474.07142857142856 564.0 544.75
-527.5 554.5 545.75
-422.5 530.5 548.75
-404.0 552.0 545.5
-406.0 551.0 543.0
-408.0 552.0 540.75
-426.5 551.0 540.75
-431.5 554.0 541.75
-435.5 552.5 539.0
-437.5 551.5 538.0
-437.0 552.0 532.0
-446.5 552.5 531.5
-447.5 553.0 521.5
-448.5 552.5 528.5
-432.5 551.5 527.0
-452.5 547.5 529.25
-434.5 545.5 529.75
-437.0 545.5 530.25
-463.0 541.0 530.75
-458.5 534.5 545.5
-462.5 531.5 540.25
-451.0 524.0 539.5
-442.5 520.0 541.0
-478.0 520.5 537.75
-479.0 523.5 558.0
-483.0 523.5 453.36538461538464
-484.0 528.0 352.8269230769231
-485.5 528.0 252.28846153846155
-508.5 531.0 151.75000000000003
-535.5 527.5 51.21153846153848
-535.5 529.5 -49.326923076923066
-511.5 539.5 -149.86538461538458
-519.0 544.5 -178.5
-530.0 535.5 -199.0
-527.0 514.0 -202.75
-490.5 434.5833333333333 -263.75
-459.0 328.69444444444446 -380.5
-453.0 222.80555555555557 -512.0
-464.0 116.91666666666669 -510.0
-479.5 11.027777777777771 -512.5
-483.0 -94.86111111111109 -510.0
-468.25 -200.74999999999994 -510.0
-466.5 -306.63888888888886 -524.0
-465.5 -412.52777777777777 -515.0
-465.75 -560.125 -511.5
-461.0 -711.25 -508.5
-446.75 -594.0 -506.0
-439.5 -566.0 -504.0
-435.0 -570.0 -497.5
-426.75 -584.5 -494.5
-460.0 -585.5 -365.0
-464.25 -586.0 -3.2916666666666643
-467.0 -562.0 179.54166666666669
-468.5 -568.25 362.375
-469.5 -569.25 490.5
-502.0 -572.75 477.75
-492.0 -572.5 502.0
-491.25 -564.75 581.0
-491.5 -559.25 564.5
-491.0 -551.5 564.0
-490.5 -546.75 646.5
-489.75 -545.25 565.25
-488.25 -544.5 571.25
-486.75 -545.0 637.0
-486.0 -548.0 635.0
-486.0 -549.0 607.0
-485.0 -550.0 605.25
-485.5 -554.0 606.75
-485.5 -559.5 604.0
-485.0 -566.0 596.5
-450.0 -567.5 655.75
-461.5 -563.5 709.0
-462.5 -562.0 583.5
-463.5 -560.0 589.0
-463.5 -558.0 587.0
-464.0 -559.5 586.0
-464.5 -557.5 583.75
-467.5 -557.0 604.25
-471.5 -557.0 582.5
-472.5 -558.5 716.5
-473.5 -559.5 611.5
-430.5 -561.5 604.0
-432.0 -565.0 630.75
-469.5 -568.5 600.75
-508.0 -568.5 592.5
-509.0 -568.5 590.25
-504.5 -565.5 590.75
-497.0 -565.5 583.5
-491.5 -566.5 577.5
-485.0 -568.5 641.0
-506.5 -568.5 603.0
-503.5 -559.0 598.0
-500.5 -409.5 645.0
-498.0 -385.0 603.5
-495.5 -387.0 582.5
-489.0 -391.5 583.5
-462.0 -398.0 625.75
-446.0 -405.5 618.25
-451.0 -413.0 631.5
-451.5 -416.0 638.0
-434.5 -415.5 595.0
-433.5 -506.0 701.6
-450.5 -586.5 662.0
-444.5 -582.5 622.4
-442.5 -574.5 578.0
-442.0 -576.0 581.0
-442.0 -573.5 588.5
-442.0 -568.0 591.0
-443.0 -563.0 635.5
-442.5 -561.0 620.5
-444.0 -559.0 599.5
-445.0 -557.0 592.0
-423.0 -513.0 594.25
-423.5 -362.0 596.0
-422.5 -341.0 589.5
-440.5 -341.5 614.25
-426.5 -345.0 599.0
-425.5 -344.5 586.0
-425.0 -396.125 585.5
-424.0 -338.625 622.0
-422.0 -281.125 615.0
-420.0 -223.5 588.0
-420.0 -286.5 587.0
-421.0 -281.0 615.0
-420.5 -280.25 587.5
-420.0 -282.0 613.0
-422.0 -284.5 579.0
-422.0 -292.5 586.0
-423.0 -427.5 590.5
-422.0 -579.5 595.0
-429.5 -582.5 588.0
-442.5 -575.5 586.0
-443.0 -574.45 586.5
-441.5 -575.05 584.5
-440.0 -575.0 581.5
-439.0 -571.0 585.0
-438.5 -568.0 583.0
-463.0 -571.0 582.0
-461.0 -573.5 582.75
-454.0 -575.0 586.25
-453.5 -577.5 582.5
-455.0 -579.5 585.0
-459.5 -578.5 615.5
-463.0 -575.5 615.5
-466.0 -573.0 609.25
-469.0 -567.5 609.25
-471.5 -560.0 601.0
-472.0 -551.0 588.0
-472.0 -540.0 587.75
-476.5 -530.0 593.0
-412.0 -524.5 634.25
-411.0 -527.5 652.75
-412.5 -537.0 624.0
-412.5 -553.5 610.25
-413.0 -565.0 605.25
-412.5 -572.0 571.25
-458.5 -573.0 598.0
-458.5 -572.0 626.5
-459.0 -570.0 600.5
-461.0 -568.5 582.0
-460.5 -571.0 600.0
-458.0 -574.5 579.0
-447.5 -576.0 574.0
-460.5 -578.0 579.75
-477.5 -578.5 583.0
-490.5 -583.0 650.75
-492.5 -579.0 608.0
-494.5 -569.5 604.75
-495.0 -564.5 626.0
-493.0 -559.5 580.25
-478.5 -556.0 617.5
-467.0 -561.0 646.5
-467.0 -563.5 681.75
-466.0 -565.5 642.5
-465.0 -564.0 610.75
-465.0 -557.5 617.0
-465.0 -536.5 585.0
-440.5 -439.3970588235294 588.0
-418.5 -309.9264705882353 591.0
-440.5 -180.4558823529412 570.15
-445.5 -50.98529411764707 596.75
-452.5 78.48529411764707 623.35
-447.5 207.95588235294116 649.95
-442.5 337.42647058823525 676.55
-448.5 466.8970588235294 674.8333333333333
-455.0 612.5 588.1666666666667
-433.0 700.0 593.0
-433.5 612.5 579.25
-458.0 564.0 573.25
-457.0 566.0 554.0
-464.0 579.0 534.5
-461.0 574.0 528.0
-487.5 562.5 522.0
-486.0 582.5 520.0
-486.0 585.5 528.0
-489.0 582.0 533.25
-490.5 558.5 538.75
-489.5 524.0 461.5
-491.5 512.0 377.5
-495.5 530.0 293.5
-494.5 546.5 209.5
-498.0 558.5 125.5
-507.5 555.5 41.5
-511.0 548.5 21.0
-515.0 516.0 22.0
-518.0 508.5 19.5
-522.0 502.0 14.0
-522.0 496.5 12.0
-522.0 501.5 11.25
-521.5 500.5 10.75
-507.0 514.5 10.0
-481.0 522.0 9.75
-468.5 513.5 9.75
-480.5 496.5 8.25
-444.5 479.5 6.75
-442.0 489.0 6.25
-441.0 506.5 5.5
-445.5 491.5 4.0
-416.21875 482.5 3.0
-403.09375 493.0 2.5
-389.96875 492.5 1.5
-376.84375 476.5 0.75
-452.5 468.0 0.5
-509.0 478.5 0.5
-476.0 492.5 0.75
-468.0 489.70000000000005 2.0
-483.5 485.29999999999995 2.5
-483.0 481.5 3.0
-482.5 462.5 3.5
-489.0 462.5 2.5
-481.5 486.0 0.25
-484.0 506.5 1.75
-499.5 498.5 3.0
-467.0 492.5 3.0
-471.5 486.0 3.5
-475.0 478.5 4.5
-469.5 436.5 5.0
-462.0 437.25 4.5
-457.5 435.5 3.75
-456.0 421.0 3.5
-454.5 398.0 3.0
-454.0 323.61538461538464 2.75
-453.5 223.76923076923077 2.75
-453.5 123.92307692307693 1.0
-453.5 24.076923076923094 0.5
-454.5 -75.76923076923072 -0.5
-472.0 -175.61538461538458 -0.5
-487.0 -294.0 -0.5
-487.5 -328.875 0.5
-481.5 -629.375 -0.25
-528.5 -700.5 -0.25
-479.0 -632.0 0.75
-476.0 -565.5 1.0
-486.0 -545.0 0.5
-450.0 -518.5 0.0
-447.5 -525.0 0.5
-447.0 -527.0 1.75
-446.5 -530.5 2.75
-442.0 -533.0 3.75
-443.0 -534.0 4.0
-443.0 -535.0 2.5
-443.0 -538.0 1.0
-443.5 -538.5 0.5
-457.5 -536.5 0.25
-439.5 -533.5 0.5
-457.0 -530.0 1.0
-463.5 -528.0 3.25
-460.5 -527.5 3.75
-469.0 -458.0 4.0
-474.0 -229.25 4.5
-472.5 -204.25 5.5
-469.0 -202.0 6.25
-452.5 -81.0 6.25
-558.3214285714286 -91.5 6.0
-567.6071428571429 -95.5 6.75
-576.8928571428571 -93.5 8.5
-586.1785714285714 -104.5 10.25
-547.5 -115.5 13.0
-447.0 -114.5 47.0
-461.0 -113.5 62.0
-460.0 -189.5 94.25
-501.5 -235.0 195.72500000000002
-546.1785714285714 -228.5 296.025
-545.75 -222.5 396.325
-545.3214285714286 -214.5 496.625
-543.0 -200.07142857142856 596.925
-539.5 -181.5 674.25
-498.0 -162.92857142857142 584.0
-491.5 -188.25 585.5
-453.25 -193.25 585.5
-426.0 -186.5 582.5
-415.0 -182.75 587.0
-429.25 -139.0 589.5
-429.75 -82.25 589.0
-437.75 -80.0 586.0
-442.0 -82.0 640.0
-447.25 -89.0 580.5
-455.5 -94.75 548.0
-463.5 -125.75 635.5
-473.25 -168.75 553.5
-476.0 -173.5 556.0
-475.5 -181.5 651.5
-471.25 -206.0 567.5
-481.0 -331.5 546.0
-482.5 -352.0 541.0
-484.0 -354.0 538.5
-484.0 -355.25 538.0
-486.25 -355.75 534.5
-474.34375 -340.25 533.0
-495.71875 -320.25 538.3636363636364
-517.09375 -320.25 579.8181818181818
-538.46875 -322.75 621.2727272727273
-553.1666666666667 -324.75 662.7272727272727
-547.8333333333333 -336.0 704.1818181818181
-544.25 -422.0 745.6363636363636
-409.0 -419.0 550.0
-474.0 -413.5 588.5
-460.0 -413.5 605.0
-462.0 -413.4 675.0
-455.0 -371.0 557.0
-454.5 -328.6 579.5
-450.0 -319.0 568.5
-451.0 -311.0 563.5
-479.0 -309.5 560.0
-503.5 -306.5 562.5
-502.5 -303.5 566.5
-496.5 -259.5 564.5
-457.0 -219.0 561.25
-458.0 -215.0 649.5
-525.5 -213.5 670.75
-474.0 -210.0 738.5
-474.5 -47.5 663.5
-475.5 -46.5 576.5
-471.0 -41.5 570.9166666666667
-465.0 2.5 550.5833333333333
-464.5 45.5 530.25
-459.0 51.0 523.75
-468.0 40.5 552.0
-476.5 -3.0 555.5
-476.5 8.5 557.0
-477.0 34.0 562.75
-464.5 57.0 561.5
-465.5 77.0 576.75
-463.0 75.5 574.0
-461.0 154.21428571428572 570.0
-458.0 234.5 572.0
-457.5 314.78571428571433 665.75
-459.0 376.5 572.5
-460.0 314.0 571.75
-460.5 232.0 570.5
-461.5 259.5 569.25
-463.5 251.5 567.25
-465.0 222.0 563.0
-466.5 85.5 563.5
-469.5 74.0 562.0
-478.0 76.0 563.0
-482.0 80.5 604.25
-483.0 190.5 584.5
-483.5 274.5 597.25
-484.0 280.5 627.0
-485.5 277.5 567.0
-485.0 270.0 591.0
-486.0 208.0 593.5
-485.5 49.0 597.0
-485.0 27.0 582.0
-485.0 18.0 562.0
-484.5 8.5 568.25
-484.0 13.5 561.0
-484.0 35.0 559.5
-485.0 52.5 558.0
-486.0 139.0 559.75
-485.5 207.5 561.25
-485.5 207.5 561.75
-485.0 211.5 575.75
-482.5 133.0 589.0
-479.9375 -112.0 580.5
-475.6875 -135.5 557.09375
-471.4375 -88.5 539.21875
-467.1875 -36.5 521.34375
-486.0 4.0 503.46875
-499.5 35.0 511.5
-486.0 77.0 509.5
-481.5 360.0 519.0
-482.0 627.5 523.5
-471.5 617.0 516.5
-502.0 577.5 515.5
-499.0 561.5 559.0
-498.5 568.5 640.5
-493.0 573.5 542.0
-490.0 559.5 611.0
-502.0 553.0 535.75
-497.5 567.5 534.0
-486.5 575.5 536.0
-498.5 563.5 535.5
-510.0 553.5 540.0
-501.5 564.0 543.0
-507.0 574.5 546.5
-531.0 565.0 549.0
-545.5 548.0 554.5
-548.0 547.5 551.75
-566.0 556.0 567.5
-578.5 549.0 563.75
-584.5 530.5 562.5
-583.5 529.0 672.5
-580.5 545.0 570.0
-538.5 553.5 582.0
-566.5 546.0 629.75
-558.5 539.0 565.5
-564.5 537.5 589.25
-576.0 534.5 585.75
-590.0 523.0 553.75
-606.5 511.5 563.75
-620.5 513.5 550.5
-606.0 520.5 553.25
-652.5 525.0 552.25
-705.5 520.5 514.0
-722.1666666666667 524.0 484.75
-749.7222222222222 519.0 481.5
-777.2777777777778 437.01250000000005 492.5
-804.8333333333333 326.36249999999995 494.5
-849.0 215.71249999999998 496.5
-881.0 105.06249999999997 493.5
-846.6666666666667 -5.587500000000006 492.75
-818.2222222222222 -116.23750000000007 498.25
-789.7777777777778 -226.88750000000005 495.0
-761.3333333333333 -337.5375 491.5
-725.5 -448.18750000000006 488.0
-680.5 -558.8375 488.5
-646.5 -698.0 441.5
-562.5 -629.5 427.1
-562.5 -580.5 463.9
-548.5 -560.0 522.5
-548.0 -556.5 561.0
-558.5 -564.0 558.0
-572.5 -567.5 540.5
-586.5 -567.5 536.5
-596.5 -578.0 543.75
-600.0 -582.5 559.25
-632.5 -580.0 556.0
-635.0 -576.5 553.75
-643.5 -572.0 551.75
-631.0 -568.5 556.25
-616.5 -568.0 573.5
-611.5 -569.5 573.75
-582.0 -569.0 559.5
-568.5 -565.5 562.5
-563.0 -561.5 560.75
-565.0 -558.0 555.75
-579.5 -543.5 553.5
-590.5 -544.0 551.75
-574.5 -544.5 561.5
-590.5 -543.5 533.75
-578.0 -544.0 544.2083333333333
-582.0 -544.0 605.0416666666667
-574.0 -544.5 665.875
-570.5 -542.5 730.5
-574.0 -540.5 552.75
-562.0 -553.5 548.25
-530.0 -559.5 554.25
-520.0 -562.0 554.0
-496.5 -563.0 541.0
-500.0 -564.0 547.75
-478.0 -564.5 570.5
-463.0 -565.0 575.25
-444.5 -562.5 571.75
-433.5 -559.5 572.25
-432.5 -526.5 574.5
-434.0 -513.0 573.5
-430.5 -498.0 561.75
-438.0 -489.5 564.75
-500.0 -443.0 561.75
-493.5 -260.0 536.0
-487.5 -142.8 534.75
-488.0 -57.20000000000002 539.75
-494.0 3.5 537.5
-546.5 29.5 536.0
-506.0 228.0 619.75
-512.5 358.0 539.5
-501.5 418.5 536.0
-481.5 482.5 532.25
-425.0 538.0 530.0
-408.5 492.0 539.25
-411.5 479.0 556.75
-422.5 614.0 545.5
-447.0 572.5 458.5
-417.5 518.5 344.65625
-433.0 437.5 247.53125
-434.5 247.0 150.40625
-428.5 59.5 53.28125
-450.0 14.499999999999998 43.0
-470.0 -28.5 55.25
-466.9375 -46.0 55.25
-456.1875 -86.5 54.75
-445.4375 -154.17857142857142 24.5
-434.6875 -219.75 22.0
-476.0 -285.32142857142856 22.25
-486.0 -330.5 24.0
-477.5 -330.0 25.25
-481.0 -346.0 19.0
-480.0 -548.0 19.25
-480.5 -627.0 20.0
-474.0 -602.0 21.0
-469.5 -598.0 28.75
-434.5 -596.0 138.60714285714286
-406.0 -593.5 274.75
-405.0 -595.0 410.8928571428571
-401.5 -583.0 526.0
-418.25 -570.0 562.75
-429.25 -562.0 561.75
-440.25 -555.5 562.75
-451.25 -548.0 561.0
-448.5 -547.5 563.0
-456.0 -548.5 561.5
-457.5 -548.5 562.75
-449.0625 -543.0 577.75
-433.3125 -536.0 585.5
-417.5625 -522.0 586.25
-401.8125 -426.7105263157895 586.25
-445.5 -299.6578947368421 589.5
-496.0 -172.60526315789474 592.25
-464.125 -45.55263157894737 587.75
-432.5 81.5 585.25
-492.0 208.55263157894734 585.0
-436.0 335.60526315789474 583.0
-463.0 462.65789473684214 578.0
-465.5 589.7105263157895 583.25
-472.5 724.0 576.75
-478.5 678.0 573.5
-489.5 618.5 570.5
-499.0 585.5 564.25
-502.0 552.0 552.0
-500.5 528.5 543.75
-500.0 528.0 541.5
-498.5 530.5 538.75
-496.0 518.5 531.25
-495.0 497.5 531.5
-491.0 490.5 540.5
-498.5 500.5 544.75
-476.5 503.125 536.25
-470.0 497.75 538.5
-468.75 491.25 542.0
-488.75 513.75 544.5
-488.0 500.0 544.5
-468.25 500.5 549.0
-469.25 498.0 548.0
-465.0 496.75 546.0
-513.75 501.0 547.0
-511.5 508.0 548.5
-501.25 506.5 539.0
-512.25 502.5 536.5
-588.5 503.25 525.0
-583.25 508.5 534.5
-568.75 487.0 543.5
-567.5 469.0 543.5
-569.5 472.75 543.5
-565.0 480.5 547.5
-558.5 466.5 546.5
-554.25 311.5 546.0
-550.75 278.0 542.5
-551.75 258.75 545.0
-534.0 232.0 547.0
-520.0 191.675 547.5
-515.75 92.375 551.5
-507.75 -6.924999999999997 549.5
-508.5 -106.225 551.25
-508.625 -205.52499999999998 548.5
-509.0 -269.0 552.5
-554.5 -254.5 555.5
-549.5 -131.0 558.0
-560.0 -158.25 560.5
-564.0 -325.91666666666663 554.5
-561.5 -493.5833333333333 560.0
-560.5 -511.0 558.5
-560.0 -500.0 558.0
-556.5 -505.5 558.25
-550.0 -513.5 556.75
-548.5 -517.5 557.0
-546.0 -526.5 561.5
-549.5 -543.5 564.25
-565.75 -554.5 562.25
-548.0 -553.0 565.75
-510.0 -545.5 488.0
-519.0 -536.5 308.60714285714283
-504.0 -524.5 144.75
-517.0 -503.5 -19.10714285714286
-471.5 -487.0 -173.5
-437.5 -480.0 -240.5
-440.0 -452.5 -246.0
-439.0 -261.5 -249.0
-444.5 -173.0 -250.5
-437.0 -177.0 -250.25
-344.0 -181.0 -251.25
-191.41666666666666 -186.5 -251.5
-99.97222222222223 -197.5 -248.5
-8.527777777777786 -175.5 -245.75
82.91666666666666 -193.5 -242.25
174.36111111111111 -210.5 -242.25
265.80555555555554 -224.5 -241.5
357.25 -230.5 -219.75
448.69444444444446 -228.0 -187.25
540.1388888888889 -347.5 -184.5
597.5 -512.0 -184.75
611.5 -520.0 -185.25
606.0 -511.5 -185.75
558.0 -510.0 -186.0
511.5 -508.0 -190.0
550.0833333333333 -507.0 -194.0
530.4166666666667 -505.5 -195.0
576.0 -508.0 -195.75
557.5 -508.0 -196.25
545.0 -507.5 -196.0
494.0 -508.5 -196.5
469.0 -510.0 -198.0
415.0 -511.5 -199.5
461.5 -512.5 -198.0
445.5 -513.0 -197.5
504.5 -514.0 -196.75
577.0 -514.0 -211.75
631.5 -514.0 -348.8
619.4000000000001 -514.5 -444.0
622.5999999999999 -522.5 -539.2
631.0 -523.0 -560.0
634.375 -524.0 -554.75
540.625 -523.5 -574.5
567.75 -523.5 -533.0
551.5 -523.5 -544.5
542.5 -524.5 -517.0
530.0 -523.5 -517.75
530.0 -524.0 -518.5
491.5 -524.5 -494.5
491.0 -525.0 -493.5
487.0 -525.5 -493.0
488.5 -518.0 -491.5
511.0 -509.5 -493.25
505.5 -508.0 -501.5
399.5 -506.5 -501.25
438.5 -505.5 -499.5
481.5 -504.0 -501.0
467.0 -502.5 -501.75
445.0 -502.0 -502.5
406.0 -503.0 -502.75
479.0 -503.5 -504.75
459.5 -503.5 -509.75
455.5 -503.5 -512.5
445.5 -502.5 -512.25
443.0 -502.0 -512.75
463.0 -500.5 -513.0
445.0 -502.0 -513.5
449.5 -504.0 -513.5
444.5 -505.5 -513.0
438.5 -520.5 -513.5
448.5 -526.0 -506.75
503.0 -522.5 -491.0
486.0 -521.0 -486.33333333333337
487.5 -516.0 -481.66666666666663
464.0 -499.5 -505.75
461.0 -402.2205882352941 -497.5
463.5 -272.5147058823529 -507.5
428.0 -142.80882352941174 -519.0
433.0 -13.102941176470551 -531.5
429.5 116.60294117647067 -538.0
418.0 246.30882352941182 -538.0
453.0 376.014705882353 -535.25
485.0 505.7205882352942 -534.0
543.0 624.5 -590.75
456.75 617.5 -579.75
448.5 597.0 -557.0
539.5 528.0 -535.5
470.0 516.5 -526.75
459.0 515.0 -529.25
488.5 515.0 -531.5
479.5 519.5 -529.5
507.5 520.5 -529.5
459.0 517.0 -530.25
454.25 516.0 -530.5
501.5 518.5 -527.75
499.5 521.0 -526.75
428.5 523.5 -530.25
357.0 526.0 -530.5
365.5 529.0 -529.5
375.5 530.0 -529.25
396.5 532.0 -530.0
439.0 530.0 -527.0
456.5 524.5 -527.0
537.625 523.5 -527.0
526.675 523.5 -526.75
456.2416666666667 522.5 -525.75
385.8083333333333 521.0 -523.75
315.375 520.0 -527.0
244.94166666666663 516.0 -482.5
174.50833333333333 501.5 -288.09375
104.07499999999996 475.5 -74.46875
33.64166666666665 442.15 139.15625
-36.79166666666674 398.35 352.78125
-107.22500000000002 365.5 522.75
-177.65833333333336 310.75 537.5
-248.0916666666667 173.0 535.25
-318.5250000000001 -70.34375 546.25
-388.95833333333337 -221.71875 549.75
-459.3916666666667 -373.09375 548.5
-443.0 -524.46875 555.0
-471.5 -628.5 561.75
-477.5 -586.0 542.75
-697.5 -594.0 542.5
-725.0 -526.5 540.0
-712.0 -550.0 529.25
-623.5 -521.0 393.25
-583.5 -524.0 307.63157894736844
-440.25 -534.5 252.47368421052633
-179.25 -562.5 197.31578947368422
81.75 -587.5 142.1578947368421
375.5 -593.5 87.00000000000001
550.0 -582.5 31.84210526315792
434.5 -554.0 -23.31578947368419
470.0 -522.5 -78.4736842105263
427.0 -519.5 -133.63157894736838
503.5 -509.5 -172.0
545.0 -501.0 -152.5
516.0 -487.5 -168.5
515.5 -475.0 -199.5
566.0 -467.5 -205.5
546.5 -471.5 -208.75
543.0 -480.0 -207.75
550.0 -487.0 -208.0
530.0 -503.5 -208.25
511.5 -512.5 -208.0
508.0 -501.0 -191.5
493.5 -487.0 -174.75
494.5 -482.0 -171.0
496.5 -474.0 -172.25
518.5 -464.5 -172.5
577.625 -459.5 -173.0
699.6666666666667 -461.5 -171.5
454.3333333333333 -466.5 -172.75
656.875 -468.0 -173.0
446.375 -471.5 -144.25
366.0 -480.0 -144.0
472.5 -485.0 -144.5
390.0 -485.5 -144.0
200.0 -470.5 -143.75
164.0 -425.1666666666667 -144.75
165.0 -364.05555555555554 -146.0
154.5 -302.94444444444446 -146.0
0.0 -241.83333333333331 -145.75
-53.5 -138.5 -145.25
1.0 26.8125 -146.5
50.5 170.5625 -146.25
57.5 314.3125 -146.0
-1.0357142857142856 458.0625 -145.5
-21.17857142857143 546.5 -145.0
-41.32142857142857 519.5 -145.0
-61.464285714285715 534.5 -144.5
62.5 539.0 -143.5
-24.0 530.5 -135.3125
0.0 520.0 -125.0625
-10.0 522.5 -114.8125
89.0 516.0 -104.5625
34.5 512.5 -124.0
50.0 516.5 -94.0
51.0 523.0 -126.5
-85.91666666666667 527.5 -126.5
-275.1388888888889 524.5 -130.25
-464.36111111111114 517.5 -129.0
-653.5833333333334 515.5 -129.5
-601.0 520.5 -129.75
-621.75 515.5 -129.75
-762.3125 498.5 -129.0
-665.5625 487.0 -129.25
-594.0 486.0 -130.0
-596.5 492.0 -130.0
-596.0 489.5 -130.5
-654.0 484.5 -130.5
-791.5 488.0 -131.0
-611.0 500.5 -131.5
-717.0 506.5 -132.0
-718.5 486.5 -131.75
-715.0 481.0 -131.25
-657.0 480.5 -130.5
-596.0 487.5 -131.0
-584.0 490.0 -131.0
-570.5 486.0 -131.5
-553.0 478.0 -130.0
-538.5 487.0 -130.0
-623.5 507.5 -130.0
-581.0 514.0 -130.25
-583.0 509.0 -130.25
-669.0 501.0 -130.0
-664.5 501.5 -130.0
-664.5 508.5 -130.5
-663.0 515.25 -131.0
-661.5 511.25 -131.0
-646.5 508.5 -131.0
-644.5 507.5 -130.5
-665.25 512.0 -129.5
-666.0 480.75 -130.0
-666.5 479.0 -130.0
-666.0 476.0 -130.5
-618.5 475.5 -129.0
-454.0 476.5 -128.0
-357.125 476.0 -127.5
-220.625 475.25 -128.0
-84.125 477.25 -129.0
52.375 481.5 -128.0
188.875 487.5 -128.0
325.375 492.25 -126.5
376.75 475.5 -127.0
322.75 464.875 -127.0
264.25 470.04166666666663 -127.0
252.5 475.20833333333337 -127.5
262.5 489.0 -127.5
260.75 499.5 -127.0
247.625 500.25 -127.0
236.0 494.0 -126.0
285.0 492.75 -126.0
281.5 489.5 -126.0
291.5 489.0 -126.0
290.5 489.0 -126.25
289.25 488.5 -126.75
197.0 487.5 -126.75
195.0 487.0 -126.0
187.0 484.0 -125.5
157.0 482.0 -125.25
165.5 480.0 -125.25
137.5 479.0 -126.75
61.0 477.0 -128.5
-85.57142857142856 474.5 -129.5
-254.99999999999997 475.0 -129.0
-424.4285714285714 476.0 -131.75
-563.0 482.0 -131.75
-664.5 490.5 -132.0
-547.0 492.0 -132.0
-593.0 495.0 -133.0
-583.0 496.5 -131.75
-577.0 497.0 -132.75
-571.5 498.5 -132.5
-583.5 500.0 -133.0
-631.0 501.5 -133.0
-617.0 486.0 -132.75
-603.0 488.5 -132.5
-582.0 488.5 -132.75
-539.5 488.0 -132.75
-604.0 486.5 -132.25
-688.0 485.5 -131.5
-656.375 483.5 -130.75
-563.5 483.0 -131.0
-555.0 483.0 -131.5
-551.0 483.0 -131.5
-582.5 482.5 -131.25
-588.0 483.5 -130.25
-587.1944444444445 483.0 -131.75
-586.7870370370371 482.5 -133.0
-586.3796296296297 483.0 -133.0
-585.9722222222222 483.5 -132.75
-585.5648148148148 483.5 -133.5
-585.1574074074074 484.0 -132.5
-584.75 485.5 -125.5
-584.3425925925926 484.5 -90.25
-583.9351851851852 486.0 -53.916666666666664
-583.5277777777778 487.0 -17.58333333333333
-583.1203703703703 488.5 18.750000000000007
-582.7129629629629 489.0 -46.5
-582.3055555555555 488.5 -146.75
-581.8981481481482 488.0 -145.25
-581.4907407407408 487.5 -143.5
-581.0833333333334 486.5 -268.0
-580.6759259259259 487.0 -420.75
-580.2685185185185 486.5 -512.75
-579.8611111111111 487.0 -512.75
-579.4537037037037 487.5 -516.75
-579.0462962962963 489.5 -517.0
-578.6388888888889 490.0 -516.25
-578.2314814814815 490.0 -521.75
-577.8240740740741 489.0 -522.25
-577.4166666666666 498.5 -521.5
-577.0092592592592 502.0 -521.5
-576.6018518518518 505.5 -520.75
-603.0 509.0 -525.75
-601.75 517.0 -524.75
-594.5 522.0403225806451 -524.5
-720.75 527.4274193548388 -524.0
-625.5 532.8145161290322 -524.5
-682.0 538.2016129032259 -524.75
-618.5 543.5887096774193 -525.25
-619.0 548.9758064516129 -526.75
-584.0 554.3629032258065 -528.5
-605.5 559.75 -529.5
-582.5 565.1370967741935 -530.0
-599.0 570.5241935483871 -529.75
-614.0 575.9112903225806 -530.75
-601.5 581.2983870967741 -532.75
-581.5 586.6854838709678 -533.25
-586.0 592.0725806451612 -438.75
-588.0 597.4596774193549 -433.5
-588.5 591.5 -496.75
-586.0 538.5 -498.25
-586.0 500.5 -499.25
-567.0 483.0 -436.5
-539.9285714285714 478.0 -498.5
-528.5 480.5 -488.5
-517.0714285714286 495.5 -486.75
-562.0 508.5 -489.75
-546.5 508.0 -489.75
-566.0 512.5 -489.5
-579.5 512.5 -493.0
-603.5 513.0 -497.0
-604.0 513.5 -500.0
-600.0 503.5 -502.75
-589.5 498.5 -508.0
-602.5 496.0 -508.0
-602.0 493.5 -511.5
-566.0 493.0 -502.0
-481.2352941176471 495.5 -525.5
-418.88235294117646 500.5 -540.25
-356.52941176470586 505.0 -538.5
-294.1764705882353 504.5 -543.5
-231.82352941176472 504.5 -550.75
-169.47058823529412 507.0 -558.0
-107.11764705882354 506.0 -556.75
-44.764705882352956 522.5 -554.75
17.588235294117624 561.5 -517.8333333333333
79.94117647058823 555.5 -515.1666666666667
142.29411764705884 553.0 -512.5
204.6470588235294 552.0 -513.0
267.0 535.5 -519.75
329.35294117647055 506.0 -525.75
391.70588235294116 507.0 -519.25
454.05882352941177 507.5 -501.25
516.4117647058823 506.5 -501.0
482.0 506.5 -500.5
476.0 506.5 -500.75
478.5 509.0 -503.0
490.5 521.0 -513.5
550.0 521.0 -516.0
473.5 523.0 -523.5
412.5 524.5 -525.5
476.5 525.0 -527.0
491.5 524.5 -525.5
469.0 532.5 -522.75
567.0 568.5 -523.25
570.5 564.5 -523.25
504.0 564.0 -523.0
562.0 562.5 -521.75
505.0 540.45 -522.75
576.0 520.25 -524.0
585.5 500.05 -507.0
550.5 462.0 -518.5
597.0 509.0 -512.0
595.0 507.0 -505.0
544.5 510.5 -505.75
596.0 512.5 -507.0
581.5 514.5 -507.0
617.0 514.0 -507.0
618.5 513.5 -507.75
611.5 515.0 -505.0
618.0 514.5 -499.0
609.0 547.5 -499.0
547.5 569.0 -497.25
534.0 565.5 -498.0
531.0 563.5 -497.0
519.0 562.0 -497.5
515.5 560.5 -495.0
529.5 540.0 -494.75
520.5 506.5 -494.0
535.0 505.0 -492.0
567.5 505.5 -491.5
542.0 506.0 -492.0
550.5 508.5 -492.5
564.5 508.5 -493.75
540.0 507.5 -494.75
500.0 507.5 -495.5
495.0 507.0 -496.5
466.5 505.5 -496.25
530.0 505.5 -495.25
529.5 506.0 -492.75
517.5 506.5 -495.25
471.0 506.5 -490.75
475.5 565.0 -490.0
522.0 558.5 -489.5
539.0 559.0 -483.5
562.0 559.0 -488.25
556.5 558.5 -488.5
556.0 558.5 -489.0
543.5 557.5 -489.5
625.5 543.5 -490.25
553.5 493.0 -491.25
580.0 495.0 -491.25
546.0 495.5 -496.25
571.5 497.0 -501.5
607.0 497.5 -501.25
612.5 504.0 -499.75
535.5 509.5 -499.5
634.5 509.5 -500.0
614.5 508.5 -498.5
547.5 507.5 -497.5
563.0 506.5 -496.5
554.0 506.0 -496.75
553.0 505.0 -495.5
544.0 504.5 -495.0
532.4166666666667 498.0 -495.0
520.3055555555557 490.5 -494.0
508.19444444444446 490.5 -492.75
496.0833333333333 491.0 -493.0
540.5 491.0 -491.75
564.0 490.5 -489.75
555.5 499.0 -487.25
546.75 502.0 -484.5
534.4166666666667 503.0 -482.0
522.0833333333333 502.0 -481.0
509.75 501.5 -480.75
513.5 502.5 -481.5
588.5 502.5 -481.25
545.0 503.5 -481.0
539.0 504.5 -480.0
522.0 505.0 -480.0
525.5 533.5 -479.75
530.0 573.0 -480.5
514.5 569.5 -487.25
521.5 569.5 -489.0
517.0 569.5 -425.0
509.85 564.5 -341.5
483.25 562.5 -289.0
456.65 562.0 -188.75
507.5 560.5 -122.75
525.0 549.5 -123.40789473684211
520.0 532.75 -101.03947368421052
528.0 519.75 -78.67105263157896
484.0 506.75 -56.30263157894737
491.0 455.0 -33.93421052631579
513.0 512.0 -11.565789473684212
527.0 508.5 10.80263157894737
533.5 503.5 33.171052631578945
538.5 502.5 55.53947368421052
544.5 498.5 77.90789473684211
496.0 498.5 -11.75
530.0357142857142 506.0 -15.5
512.75 511.5 -13.75
495.4642857142857 499.5 -55.75
477.5 499.0 -58.5
500.0 511.0 -60.5
491.5 561.5 -58.5
432.5 559.0 8.25
489.0 560.5 4.125
488.5 560.25 3.0
480.75 559.0 1.0
483.0 559.25 1.5
473.75 559.75 3.0
478.0 561.5 7.340909090909091
479.75 562.25 8.704545454545453
475.5 564.75 10.068181818181817
476.5 564.0 11.431818181818182
476.25 562.5 12.795454545454545
453.5 562.0 14.159090909090908
572.75 563.0 3.5
579.0 564.75 12.5
573.75 564.75 18.5
573.0 563.25 -3.0
497.5 547.65625 -3.5
503.75 534.28125 12.5
509.0 520.90625 22.0
513.25 507.53125 28.5
513.5 500.0 31.0
455.8 501.5 32.0
507.0 521.5 33.0
558.2 519.25 34.5
580.25 514.5 35.5
603.25 514.75 35.0
599.0 507.875 35.0
595.125 506.0 34.0
556.75 504.5 33.25
520.0 504.5 32.5
518.5 504.0 32.25
515.0 530.0 33.0
515.5 553.5 12.25
516.0 556.5 14.5
515.0 558.0 20.0
520.0 559.5 22.75
538.5 562.0 24.5
474.5 566.0 28.25
529.0 582.0 33.0
361.5 579.5 32.25
259.5 561.0 32.5
258.0 563.6666666666667 22.0
258.0 566.3333333333333 11.5
258.0 583.0 11.0
246.5 536.0 9.5
247.5 540.2857142857142 9.0
257.5 546.0 -10.25
253.0 551.7142857142858 -8.25
465.5 547.0 -11.5
535.0 551.5 -53.166666666666664
489.0 548.5 -195.83333333333331
514.0 550.0 -338.5
520.0 506.5 -448.75
522.5 475.0 -474.5
521.5 555.5 -527.0
521.5 554.5 -510.25
532.5 561.5 -492.75
531.5 565.5357142857142 -491.0
498.0 566.25 -490.75
528.0833333333333 566.9642857142858 -491.25
528.4166666666667 566.0 -506.0
529.5 560.0 -497.0
529.0 553.0 -497.25
539.0 546.5 -496.25
429.5 545.0 -495.5
381.0 541.0 -496.0
455.5 533.0 -496.0
458.0 532.0 -495.5
510.0 527.5 -496.0
519.0 527.5 -497.0
523.5 525.0 -534.75
528.0 525.0 -535.75
534.0 561.0 -548.0
541.0 533.5 -547.75
542.5 503.5 -549.0
531.375 569.0 -548.0
530.0 566.0 -548.0
535.0 452.75 -539.5
533.5 461.75 -543.75
536.5 470.75 -535.75
502.0 500.5 -539.75
489.5 521.0 -538.5
494.5 522.0 -538.5
482.0 524.5 -613.75
489.0 527.5 -538.75
488.0 532.5 -608.5
489.0 531.5 -549.75
485.5 532.5 -525.75
479.5 532.0 -520.5
464.0 533.5 -517.5
464.5 547.5 -516.75
480.875 589.5 -515.75
486.875 591.5 -512.5
458.0 591.5 -511.5
213.0 591.5 -511.5
121.5 593.0 -511.0
110.5 533.5 -510.75
58.5 536.0 -509.75
57.0 536.5 -509.5
34.0 534.0 -510.0
13.5 530.0 -510.5
-6.0 527.5 -511.0
-37.0 528.0 -511.75
8.0 530.0 -442.75
16.0 529.0 -438.25
9.107954545454545 525.0 -437.5
-13.414772727272727 520.5 -438.5
-35.9375 518.0 -438.5
-58.46022727272727 517.5 -437.5
-80.98295454545456 515.0 -436.5
-103.50568181818181 513.5 -436.75
-126.0284090909091 517.0 -434.5
-148.55113636363637 521.5 -438.0
-171.07386363636363 523.0 -454.0
-193.59659090909093 524.0 -470.75
-216.1193181818182 523.5 -477.5
-238.64204545454544 523.0 -475.5
-261.16477272727275 523.0 -480.0
-283.6875 524.5 -482.5
-306.21022727272725 525.5 -480.5
-328.73295454545456 517.0 -480.0
-351.2556818181818 521.5 -480.75
-373.7784090909091 524.5 -481.75
-396.3011363636364 526.5 -481.25
-418.8238636363636 527.0 -481.25
-441.34659090909093 523.0 -481.5
-463.8693181818182 526.0 -482.25
-442.5 526.0 -483.0
-472.0 524.0 -483.5
-481.5 521.5 -483.25
-507.625 518.0 -482.0
-547.7916666666667 513.5 -482.75
-587.9583333333333 509.0 -483.5
-597.0 505.5 -483.5
-585.0 503.5 -486.75
-590.5 505.0 -489.25
-606.0 506.5 -444.5
-612.0 506.5 -410.7857142857143
-615.5 505.0 -420.5
-619.0 481.0 -430.21428571428567
-603.0 482.5 -448.25
-455.70000000000005 483.0 -494.75
-289.29999999999995 487.0 -533.25
-269.0 492.0 -534.0
-601.0 494.0 -535.9166666666667
-584.5 494.0 -535.5833333333333
-599.0 494.0 -536.5
-655.0 508.0 -540.0
-709.0 508.5 -505.33333333333337
-733.5 508.0 -504.66666666666663
-741.5 509.5 -504.0
-712.0 512.5 -503.33333333333337
-682.9285714285714 513.0 -502.66666666666663
-685.5 514.5 -520.5
-688.0714285714286 516.5 -533.5
-693.375 518.0 -530.0
-700.0 518.5 -529.75
-639.5 519.0 -531.5
-574.5 518.0 -532.0
-587.0 516.0 -531.0
-542.5 514.5 -529.75
-512.5 498.0 -526.0
-509.0 499.0 -524.0
-508.0 500.0 -522.5
-572.0 501.0 -521.25
-612.0 509.5 -519.25
-626.5 519.0 -518.5
-626.5 522.0 -518.0
-626.5 525.0 -517.5
-639.0 527.0 -518.25
-753.5 520.0 -519.0
-823.0 512.0 -521.5
-759.5 518.5 -521.25
-742.5 539.0 -520.5
-691.0 572.5 -523.5
-642.5 601.0 -526.5
-644.5 593.875 -526.0
-658.5 581.0416666666667 -525.25
-653.0 568.2083333333333 -526.0
-584.5 547.5 -526.75
-517.0 546.0 -526.5
-525.5 527.5 -525.5
-574.0 519.5 -524.25
-601.5 518.5 -524.0
-613.0 525.5 -524.5
-582.5 527.5 -524.75
-584.5 519.0 -498.0
-575.5 514.0 -496.0
-562.5 512.0 -494.25
-572.5 516.0 -492.25
-510.79166666666663 516.5 -487.25
-357.9583333333333 512.5 -486.0
-205.12499999999997 508.5 -486.0
-17.0 507.5 -485.5
74.5 509.0 -484.75
41.16666666666667 508.5 -485.5
19.833333333333336 508.0 -483.5
61.0 511.5 -477.0
96.5 509.0 -475.5
154.5 508.0 -482.0
149.5 508.5 -483.25
155.0 507.5 -484.0
153.5 508.0 -484.5
150.0 504.0 -486.25
147.0 415.64473684210526 -486.5
144.5 297.17105263157896 -483.5
145.0 178.69736842105263 -484.5
123.5 60.22368421052633 -484.0
106.5 -58.25 -484.0
105.5 -176.7236842105263 -482.5
93.0 -295.1973684210526 -481.25
124.6875 -413.67105263157896 -481.0
27.4375 -532.1447368421052 -490.75
-44.0 -651.0 -490.0
-18.5 -633.0 -491.5
-33.0 -572.5 -493.25
-16.5 -540.0 -494.25
14.0 -530.0 -494.5
7.0 -554.0 -494.75
-11.0 -562.0 -496.0
-3.5 -556.0 -496.0
-88.0 -552.5 -505.25
-380.5 -544.5 -519.5
-500.0 -537.5 -521.5
-504.0 -531.5 -524.75
-515.0 -531.0 -526.5
-515.0 -530.0 -529.0
-518.0 -528.5 -505.29166666666663
-522.5 -525.5 -490.45833333333337
-557.5 -524.0 -475.625
-584.5 -524.0 -474.5
-582.5 -520.0 -533.5
-598.0 -423.015625 -537.25
-611.0 -293.703125 -531.0
-610.0 -164.390625 -525.25
-614.0 -35.078125 -527.0
-615.0 94.234375 -525.5
-615.0 223.546875 -523.5
-615.0 352.859375 -524.5
-615.5 482.171875 -528.75
-613.5 642.5 -532.5
-648.0 740.5 -531.0
-587.5 615.5 -531.0
-542.5 568.0 -530.75
-548.5 544.0 -530.5
-546.5 538.0 -530.5
-552.5 543.5 -530.5
-547.0 542.0 -527.75
-542.5 537.0 -525.25
-531.0 532.0 -528.0
-472.0 527.0 -529.0
-478.0 522.5 -529.25
-519.0 520.625 -530.375
-548.0 520.5 -531.5
-562.125 520.25 -528.0
-570.75 520.75 -528.0
-566.5 517.75 -525.5
-552.75 516.0 -524.0
-547.75 513.0 -524.0
-447.75 509.75 -522.0
-252.75 510.0 -522.0
-244.25 510.5 -523.0
-239.5 513.0 -521.5
-239.0 517.0 -522.0
-237.5 522.75 -523.0
-257.0 528.0 -523.5
-126.75 531.5 -522.5
-153.5 534.5 -522.5
-162.25 536.75 -520.9166666666667
-155.25 535.25 -518.8055555555557
-82.0 522.75 -516.6944444444443
-18.25 509.0 -514.5833333333333
-8.5 509.5 -513.0
-27.75 508.5 -512.0
-8.75 508.25 -508.5
-12.5 507.25 -427.0
-28.5 506.0 -386.5833333333333
48.5 505.5 -400.69444444444446
49.0 496.5 -414.80555555555554
15.5 489.0 -428.9166666666667
10.5 491.0 -450.5
80.5 491.0 -498.5
212.625 491.5 -588.5
295.5 491.0 -549.75
331.0 490.5 -543.0
329.0 490.5 -541.0
331.5 491.0 -535.75
332.0 490.0 -527.0
316.5 497.0 -497.5
365.5 513.0 -501.0
365.0 515.5 -521.75
367.5 516.5 -519.25
305.5 516.5 -517.5
338.75 517.0 -520.75
299.0 516.5 -522.0
292.0 515.5 -523.5
288.0 514.5 -526.75
283.5 514.5 -528.5
266.5 512.5 -528.25
279.0 511.5 -528.75
233.0 509.0 -529.75
239.0 499.5 -530.0
238.0 492.75 -530.25
263.5 487.08333333333337 -529.75
257.5 481.41666666666663 -529.25
206.0 487.0 -530.0
225.5 481.5 -530.5
182.0 477.5 -530.5
271.46875 475.5 -530.75
390.09375 475.5 -530.25
508.71875 478.5 -529.5
627.34375 484.0 -529.5
602.5 484.5 -523.875
554.5 498.0 -509.375
555.0 539.0 -494.875
565.0 540.0 -480.375
531.5 537.5 -484.0
561.0 538.0 -519.25
554.0 537.0 -592.0
511.0 537.5 -546.0
505.5 499.0 -576.5
564.5 489.0 -552.0
542.0 487.0 -533.0
574.5 486.0 -527.5
551.5 485.5 -528.0
526.5 484.5 -524.75
553.5 485.0 -523.5
522.0 485.5 -524.5
570.0 486.5 -526.25
584.5 487.5 -526.75
613.0 486.0 -526.0
611.0 487.5 -525.5
574.0 486.0 -526.75
539.0 486.5 -530.0
530.0 487.0 -532.5
561.0 488.0 -535.25
490.5 490.0 -539.25
477.0 492.5 -540.5
483.0 490.5 -540.5
500.5 487.5 -540.75
487.0 490.5 -541.75
403.0 493.0 -541.25
419.5 492.0 -541.0
385.5 487.5 -541.75
373.5 482.79999999999995 -543.25
372.5 479.20000000000005 -543.75
365.0 480.5 -544.75
369.5 488.5 -545.5
430.5 489.5 -545.75
488.5 487.5 -511.5625
450.0 487.5 -509.8125
444.0 488.5 -508.0625
431.5 489.0 -506.3125
445.0 489.5 -504.5625
443.5 491.5 -502.8125
426.5 494.5 -519.5
435.5 497.5 -564.0
453.0 494.5 -550.5
468.0 492.0 -548.0
466.0 485.5 -552.5
455.5 481.5 -547.25
431.5 478.5 -543.75
409.0 478.5 -545.0
400.5 478.5 -538.75
379.0 478.0 -536.5
343.5 476.5 -581.75
238.4 475.5 -527.5
73.99999999999999 469.0 -526.5
-90.4 468.0 -515.75
-457.15 464.5 -510.25
-467.75 460.0 -511.5
-478.35 453.5 -510.5
-481.5 451.5 -507.5
-586.5 451.0 -505.0
-686.5 447.5 -503.625
-689.5 449.0 -500.75
-716.0 449.0 -505.0
-774.625 451.0 -519.5
-722.0 456.0 -517.5
-729.5 461.5 -577.75
-714.5 465.5 -539.25
-711.5 473.0 -521.0
-707.5 477.0 -520.5
-706.5 481.5 -514.25
-705.5 483.5 -495.75
-732.0 487.0 -496.5
-726.0 490.5 -498.75
-724.0 493.5 -501.25
-683.0 494.0 -500.0
-706.5 490.5 -499.75
-714.5 486.0 -500.25
-587.5 478.5 -502.25
-576.0 472.5 -503.75
-563.0 466.5 -504.25
-598.0 482.5 -506.0
-607.0 478.0 -506.25
-599.5 475.5 -511.0
-604.5 478.0 -518.75
-606.0 478.0 -519.75
-607.0 472.5 -523.25
-590.0 471.5 -523.25
-571.5 470.0 -525.25
-537.5 467.0 -527.75
-534.0 468.0 -528.5
-531.5 471.0 -527.25
-531.0 473.5 -528.0
-525.0 468.5 -526.25
-525.0 459.0 -509.5
-525.0 459.0 -472.625
-522.5 459.0 -442.125
-524.0 457.5 -411.625
-524.0 455.5 -478.5
-653.5 453.0 -525.75
-589.5 451.0 -518.5
-588.0 450.5 -513.0
-587.5 451.5 -513.5
-588.0 479.0 -512.25
-587.0 490.0 -511.75
-712.0 490.5 -516.5
-715.5 491.0 -514.25
-610.5 491.5 -511.25
-624.5 492.0 -512.25
-671.0 491.0 -511.5
-665.5 491.0 -510.0
-656.5 492.0 -507.25
-610.0625 491.0 -506.5
-580.3125 492.0 -507.5
-554.0 493.0 -505.5
-553.5 494.5 -505.25
-546.5 496.5 -504.5
-539.0 485.0 -504.0
-535.5 488.5 -504.75
-543.0 489.5 -504.0
-529.0 489.5 -501.25
-532.5 489.5 -485.0
-565.0 489.5 -505.75
-554.0 488.5 -505.0
-550.0 499.5 -505.5
-550.0 503.5 -505.0
-547.5 505.5 -506.25
-544.5 505.5 -506.5
-539.5 505.0 -506.25
-519.0 505.0 -506.5
-534.5 503.5 -507.0
-534.5 502.5 -507.0
-530.0 501.5 -506.75
-524.0 489.0 -507.25
-520.0 485.5 -507.5
-514.5 484.0 -507.5
-510.5 481.0 -508.0
-506.0 480.0 -506.75
-527.0 490.0 -506.25
-551.5 495.0 -506.25
-543.0 494.0 -505.5
-536.5 491.5 -506.0
-491.0 492.0 -505.5
-394.0 491.5 -507.25
-344.5 492.5 -506.25
-340.5 492.5 -505.75
-330.5 494.0 -505.75
-235.0 495.5 -475.9375
-153.5 495.5 -467.6875
-145.5 496.5 -459.4375
-215.125 498.0 -451.1875
-323.5 499.0 -451.5
-144.0 499.5 -500.5
-197.0 499.5 -514.0
-74.5 498.0 -510.0
103.5 497.5 -507.75
104.5 496.5 -507.5
107.5 497.0 -507.5
109.5 496.5 -507.0
24.0 499.0 -521.5
122.5 500.5 -518.25
128.0 503.0 -516.0
132.5 508.0 -509.5
155.0 514.0 -491.5
155.0 519.5 -495.75
151.0 511.5 -495.5
124.5 510.85714285714283 -495.25
117.5 516.0 -495.25
115.5 521.1428571428571 -496.0
123.5 523.5 -495.5
91.5 525.0 -501.75
103.5 523.5 -493.75
139.5 524.0 -472.5
180.0 512.5 -469.5
180.0 513.0 -523.0
94.0 515.0 -470.25
117.0 512.0 -470.0
118.0 510.0 -506.0
122.0 509.5 -514.75
127.0 508.5 -516.0
121.5 507.5 -513.25
104.5 508.5 -513.0
113.0 512.3333333333333 -515.75
115.5 517.6666666666667 -502.79166666666663
118.0 523.0 -483.95833333333337
92.5 529.5 -465.125
39.5 533.0 -476.5
55.0 527.0 -503.5
46.0 527.5 -514.25
36.0 526.0 -524.25
67.5 527.0 -524.25
317.0 528.0 -575.5
445.0 528.75 -568.5
506.75 532.5 -520.5
468.0 531.5 -524.0
494.25 531.25 -507.0
480.0 531.0 -487.0
485.0 531.5 -467.0
497.0 532.75 -471.5
504.75 534.25 -506.0
501.5 536.0 -520.0
463.5 538.5 -516.375
493.75 540.25 -512.0
457.0 542.0 -512.0
501.75 542.25 -507.5
501.5 539.25 -504.5
506.0 530.75 -504.5
464.5 529.75 -510.0
462.75 527.25 -511.0
546.5 524.25 -482.0
553.46875 531.25 -339.5
506.09375 538.0 -228.70652173913044
458.71875 538.5 -245.5326086956522
411.34375 538.75 -262.35869565217394
363.96875 538.25 -279.1847826086956
316.59375 538.0 -296.0108695652174
269.21875 538.25 -312.8369565217391
221.84375 538.5 -329.6630434782609
174.46875 539.5 -346.4891304347826
127.09375 539.0 -363.3152173913043
79.71875 538.5 -380.14130434782606
32.34375 591.0 -396.9673913043478
-15.03125 590.5 -413.79347826086956
-62.40625 591.5 -438.125
-109.78125 592.0 -459.5
-157.15625 588.0 -494.25
-204.53125 516.0416666666666 -472.25
-251.90625 492.20833333333337 -473.75
-299.28125 468.375 -506.5
-346.65625 444.5416666666667 -525.75
-394.03125 420.70833333333337 -527.25
-441.40625 396.875 -528.5
-488.78125 313.0 -527.0
-536.15625 368.5 -527.25
-583.53125 291.5 -526.75
-630.90625 354.0887096774194 -546.25
-678.28125 367.5403225806451 -521.25
-725.65625 380.991935483871 -520.25
-456.5 394.44354838709677 -519.0
-619.0 407.89516129032256 -519.0
-624.0 421.3467741935484 -518.5
-666.0 434.79838709677415 -518.5
-641.5 448.25 -485.5
-653.0 461.7016129032258 -486.0
-559.5 475.1532258064516 -486.5
-278.75 488.60483870967744 -487.0
28.25 502.0564516129032 -488.75
335.25 515.508064516129 -498.75
593.625 528.9596774193549 -508.25
557.0 542.4112903225806 -495.25
500.5 573.0 -520.5
577.0 584.5 -563.25
568.5 578.5 -563.0
612.0 574.0 -529.0
665.0 568.5 -518.75
720.0 545.5 -518.5
719.5 546.5 -511.75
720.0 543.5 -502.75
719.5 542.5 -498.5
715.5 546.5 -499.5
714.5 551.0 -500.5
330.5 552.5 -501.5
326.0 552.5 -501.5
326.5 553.5 -501.25
486.25 554.0 -501.25
658.0 553.0 -500.25
701.0 551.0 -499.5
512.5 551.5 -497.5
506.0 552.0 -498.75
510.5 550.5 -505.25
525.5 548.0 -503.75
526.0 548.5 -499.25
535.0 546.0 -499.0
524.0 533.0 -498.5
534.0 504.5 -498.75
503.0 471.0 -499.5
522.0 462.0 -502.0
510.5 504.0 -503.0
520.5 505.0 -503.5
525.5 489.0 -500.5
386.5 534.0 -501.5
387.5 541.5 -501.25
453.0 548.0 -499.25
512.0 552.5 -498.75
473.5 556.0 -498.5
485.0 559.5 -498.25
491.5 551.0 -479.0
406.5 548.0 -479.5
436.5 546.0 -479.5
410.5 544.5 -477.5
475.0 543.5 -477.75
542.5 542.5 -478.25
554.0 541.0 -478.25
532.5 543.5 -478.5
560.5 546.0 -478.75
563.5 547.0 -479.5
292.0 547.5 -479.25
-13.25 548.0 -479.5
-227.0 543.5 -479.25
-430.5 542.0 -479.75
-632.0 540.0 -478.75
-632.0 537.5 -478.25
-608.0 534.5 -478.75
-599.5 535.5 -478.5
-574.0 533.0 -463.58333333333337
-561.0 531.0 -447.91666666666663
-545.5 528.0 -432.25
-456.45 526.5 -441.0
-126.25000000000003 525.0 -443.5
203.95 523.5 -440.0
618.0 520.0 -458.5
428.5 506.5 -461.5
444.0 497.5 -465.75
645.5 487.0 -466.25
469.75 481.0 -468.0
406.0 478.0 -470.25
468.0 488.5 -470.0
520.0 498.5 -470.25
555.0 508.0 -505.75
473.0 516.0 -493.5
492.5 522.5 -452.25
548.0 496.8125 -450.1590909090909
446.0 470.0625 -452.3712121212121
562.5 469.375 -454.5833333333333
506.0 512.5 -456.79545454545456
420.0 523.0 -459.00757575757575
416.0 512.0 -461.219696969697
414.0 496.0 -463.4318181818182
406.5 501.5 -465.6439393939394
511.5 514.0 -467.8560606060606
623.5 519.0 -470.0681818181818
395.0 516.0 -472.280303030303
400.0 515.0 -474.49242424242425
401.0 514.0 -476.70454545454544
402.0 513.0 -478.9166666666667
404.0 508.5 -481.1287878787879
486.5 506.0 -483.34090909090907
403.5 506.5 -490.5
403.0 507.5 -515.0
540.5 509.0 -522.25
480.0 510.5 -520.75
394.5 519.5 -521.5
392.5 518.0 -523.0
391.0 516.5 -523.5
391.0 514.0 -361.625
585.5 511.5 -179.25
589.5 510.0 -115.0
471.0 508.0 -109.5
456.5 497.0 -108.5
470.0 495.5 -106.75
506.5 495.5 -135.25
501.0 498.0 -197.75
495.0 508.0 -197.75
574.5 515.0 -198.5
411.0 520.0 -196.5
347.5 521.5 -196.5
444.5 520.0 -216.0
530.0 518.5 -276.2857142857143
544.5 515.5 -330.0
543.5 516.0 -383.71428571428567
537.5 510.5 -462.75
528.5 507.5 -496.0
529.0 506.5 -508.75
648.625 503.0 -505.5
672.0 492.5 -503.25
559.5 398.63157894736844 -501.0
485.125 273.4736842105263 -506.75
451.0 148.3157894736842 -510.0
373.0 23.15789473684208 -511.75
441.5 -102.0 -512.0
438.0 -227.15789473684214 -512.0
506.5 -352.3157894736843 -512.25
565.5 -477.47368421052636 -513.25
569.0 -602.6315789473684 -514.0
503.5 -693.5 -513.5
509.0 -650.5 -513.75
585.0 -586.0 -514.25
663.5 -553.5 -514.25
380.5 -533.0 -516.5
384.0 -522.5 -518.0
385.5 -519.5 -534.5
388.0 -512.5 -523.0
390.0 -509.0 -518.5
391.5 -505.5 -516.75
392.5 -502.0 -516.75
391.0 -500.0 -512.75
459.0 -495.5 -509.5
391.5 -495.5 -489.5
388.0 -496.5 -486.75
448.0 -499.5 -497.0
394.5 -501.0 -505.75
395.5 -499.5 -494.75
464.0 -497.0 -487.5
515.5 -495.5 -483.0
384.5 -493.5 -490.25
444.5 -482.5 -484.5
378.5 -463.0 -483.5
449.0 -455.5 -501.75
373.5 -451.0 -502.75
371.0 -466.0 -481.0
502.0 -466.0 -361.75
370.0 -468.0 -262.5
430.5 -472.5 -109.75
369.0 -473.5 -118.63157894736841
383.0 -463.5 -105.47368421052633
451.0 -465.0 -92.31578947368422
353.5 -468.5 -79.15789473684211
358.0 -470.5 -66.0
537.5 -472.5 -52.8421052631579
553.5 -481.0 -39.684210526315795
607.5 -488.5 -26.526315789473692
396.5 -490.0 -13.368421052631582
392.5 -489.5 -11.75
390.0 -489.0 -31.25
400.5 -488.5 -32.0
463.0 -488.0 -30.5
406.5 -487.5 -38.25
410.5 -486.5 -163.25
547.5 -485.0 -174.25
660.05 -484.0 -173.5
658.25 -475.5 -173.25
656.45 -474.5 -173.5
422.0625 -473.0 -173.75
490.3125 -474.0 -173.75
450.5 -475.0 -172.5
524.5 -477.0 -172.75
460.0 -479.0 -173.0
395.5 -480.5 -174.25
390.5 -480.0 -175.0
474.0 -479.0 -175.25
456.0 -478.0 -162.75
515.0 -477.0 -126.5
515.5 -474.0 -125.75
512.5 -472.5 -125.0
508.5 -472.5 -124.75
389.0 -473.0 -124.75
402.0 -474.5 -124.25
372.375 -476.5 -125.0
368.0 -479.5 -119.25
365.0 -481.5 -112.25
358.5 -485.0 -105.25
434.0 -486.5 -98.25
364.0 -485.0 -91.25
366.5 -480.25 -81.5
367.5 -479.75 -75.5
433.25 -479.5 -76.5
348.75 -479.0 53.0
350.75 -478.5 271.0
442.25 -490.0 498.5
360.5 -493.75 605.625
374.75 -494.5 683.0
454.25 -493.75 678.5
375.75 -490.75 763.0
378.0 -486.0 619.0
381.5 -480.75 635.5
384.5 -477.75 632.5
394.25 -477.0 604.0
396.25 -470.75 607.0
442.5 -468.75 617.5
455.0 -464.5 619.5
459.75 -459.75 615.0
391.25 -453.75 610.5
387.75 -452.75 607.5
461.0 -454.75 603.0
512.5 -455.25 598.5
380.5 -454.75 598.0
382.75 -454.5 597.0
445.0 -454.125 602.5
509.75 -454.5 609.25
509.25 -453.5 602.25
508.0 -452.5 604.5
510.0 -450.5 603.0
511.0 -449.0 604.25
510.0 -449.5 387.78125
505.5 -448.5 186.90625
496.0 -449.5 -13.96875
524.5 -450.5 -214.84375
386.5 -453.0 -397.375
600.5 -455.0 -482.5
649.5714285714286 -457.5 -476.75
663.8571428571429 -459.5 -472.625
678.1428571428571 -461.5 -484.0
692.4285714285714 -463.0 -504.75
511.0 -469.0 -516.5
383.5 -472.0 -530.25
417.5 -471.0 -533.75
398.25 -472.0 -539.75
378.5 -473.5 -546.0
501.0 -475.0 -552.5
515.5 -479.0 -553.25
381.0 -484.0 -553.5
394.5 -482.0 -551.5
471.0 -482.0 -534.0
402.5 -481.0 -498.25
412.5 -482.0 -496.5
468.0 -481.5 -495.0
486.0 -472.5 -493.0
486.5 -471.5 -493.0
564.5 -468.5 -493.25
507.5 -464.5 -499.25
668.1428571428571 -455.0 -495.0
696.7142857142858 -403.1363636363636 -497.0
725.2857142857142 -335.3181818181818 -498.75
753.8571428571429 -267.5 -496.25
766.25 -199.6818181818182 -508.25
667.0 -131.8636363636364 -521.5
607.5 13.5 -503.25
671.5 223.6875 -475.25
747.0833333333333 377.9375 -479.5
743.4166666666667 740.875 -479.0
751.5 658.5 -468.70833333333337
744.5 609.5 -465.54166666666663
738.6428571428571 587.5 -462.375
731.5 575.5 -464.25
724.3571428571429 593.0 -493.75
659.5 606.0 -529.5
342.0 609.0 -530.5
445.875 604.0 -534.5
514.0 592.0 -538.25
646.0 579.0 -537.5
696.375 557.5 -539.0
649.875 541.0 -539.25
603.375 534.0 -537.25
583.0 533.5 -532.25
544.5 535.0 -530.5
505.5 536.5 -528.75
503.0 535.0 -528.0
497.5 532.5 -527.25
480.0 531.0 -527.0
482.75 527.5 -527.5
484.5 506.0 -526.75
480.5 498.5 -526.0
492.5 497.0 -526.0
493.5 495.0 -525.75
520.25 492.0 -524.5
524.0 500.0 -523.75
503.41666666666663 506.0 -522.5
503.08333333333337 510.5 -531.0
502.75 513.5 -530.75
507.5 515.0 -531.5
500.5 513.5 -519.5
493.0 507.0 -532.75
390.5 505.5 -532.25
441.5 505.0 -533.75
434.5 504.0 -535.75
500.0 504.5 -536.5
501.0 503.0 -538.0
491.5 502.5 -539.5
553.0 502.0 -541.25
521.15 501.5 -535.5
493.75 502.0 -531.5
466.35 503.5 -533.25
452.0 511.0 -534.0
448.0 519.0 -534.0
444.0 522.0 -534.25
442.0 512.5 -534.0
521.775 507.5 -533.0
284.875 506.83333333333337 -532.5
47.974999999999994 506.16666666666663 -529.5
-188.925 486.5 -529.0
-425.825 505.0 -514.0714285714286
-599.5 501.0 -512.3571428571429
-641.5 484.5 -510.6428571428571
-672.0 480.5 -508.92857142857144
-666.0 488.5 -512.5
-658.0 497.0 -572.0
-652.0 497.0 -508.5
-649.1666666666667 496.0 -506.0
-645.8333333333333 487.0 -504.0
-643.125 483.5 -501.5
-633.5 484.0 -500.0
-667.0 487.0 -494.25
-675.5 485.0 -500.0
-681.5 491.0 -500.75
-683.0 498.0 -497.5
-683.5 505.5 -518.5
-682.5 511.5 -533.75
-680.5 509.5 -541.5
-702.5 500.5 -548.5
-696.0 499.5 -545.75
-215.5 506.5 -533.25
97.08333333333333 508.5 -516.125
-140.1388888888889 499.0 -505.5
-377.36111111111114 494.0 -502.25
-614.5833333333334 494.5 -496.25
-842.5 497.0 -491.75
-853.0 499.5 -496.75
-886.0 500.5 -502.75
-784.5 501.5 -500.75
-734.0 501.0 -499.0
-746.0 497.5 -521.0
-749.0 494.5 -536.25
-739.5 491.5 -523.75
-756.5833333333333 490.5 -521.5
-756.9166666666667 491.5 -518.5
-746.0 494.0 -517.5
-786.75 495.0 -515.0
-765.0833333333333 496.0 -512.0
-735.4166666666667 494.5 -515.0
-705.75 493.0 -517.25
-684.0 491.0 -518.75
-690.0 493.0 -522.75
-527.55 493.0 -529.5
-67.74999999999997 493.0 -530.75
392.05 489.5 -530.5
528.0 488.0 -530.25
653.0 487.0 -529.25
565.125 487.5 -527.5
728.0 493.5 -526.75
648.5 500.5 -527.0
731.5 500.5 -526.75
659.5 499.0 -526.75
722.5 500.0 -527.0
819.0 500.0 -526.75
806.5 500.0 -526.0
810.0 500.0 -522.0
810.5 500.5 -488.5357142857143
808.5 500.0 -484.67857142857144
805.0 499.5 -480.82142857142856
806.0 498.0 -476.9642857142857
802.5 497.0 -498.0
802.0 479.5 -524.75
802.5 475.5 -515.5
802.0 481.5 -530.0
636.5 487.5 -531.5
521.5 481.5 -532.875
695.0 473.0 -531.25
698.0 475.0 -531.5
543.5 477.0 -536.25
538.0 477.0 -540.25
491.5 478.0 -543.75
487.5 493.0 -544.5
488.0 493.5 -546.5
479.0 495.0 -537.25
456.0 495.0 -523.25
443.0 494.5 -522.75
455.0 493.5 -523.25
447.5 493.5 -521.25
449.5 494.0 -521.5
451.5 493.5 -414.04166666666663
454.0 494.0 -432.20833333333337
454.5 492.5 -450.375
456.0 492.0 -476.5
452.5 483.5 -527.0
453.0 483.0 -534.5
456.0 482.0 -536.75
457.5 482.5 -537.0
457.5 483.0 -537.25
460.0 484.0 -537.0
461.5 484.0 -539.0
459.0 484.5 -538.5
450.5 485.0 -513.5
484.5 485.5 -519.0
491.5 492.5 -522.0
484.5 493.0 -523.75
479.5 494.5 -525.25
474.5 496.0 -527.25
472.5 490.5 -529.0
489.5 485.0 -531.0
487.0 485.0 -538.0
490.0 484.5 -537.25
491.0 484.0 -537.25
492.5 483.5 -537.25
552.5 493.5 -538.5
554.5 493.0 -537.75
556.5 494.0 -537.0
556.5 495.5 -536.25
555.5 496.5 -531.0
556.0 495.5 -527.5
524.0 495.0 -500.6388888888889
410.5 494.5 -431.19444444444446
273.0 494.5 -361.75
288.5 494.5 -292.30555555555554
279.0 493.5 -222.86111111111111
312.0 493.5 -185.75
369.15 487.5 -176.5
437.35 483.5 -174.75
496.5 482.5 -213.5
497.5 482.5 -213.75
503.0 479.0 -210.0
524.0 392.20833333333337 -211.0
507.5 276.4861111111111 -211.0
531.5416666666667 160.76388888888889 -210.5
525.7083333333333 45.04166666666663 -209.75
519.875 -70.68055555555554 -210.0
494.5 -186.40277777777783 -209.5
486.5 -302.12500000000006 -208.0
438.5 -417.8472222222223 -206.25
541.5 -533.5694444444445 -205.0
543.5 -606.5 -204.75
579.0 -593.0 -204.5
601.5 -552.5 -203.85
581.5 -533.0 -204.31666666666666
556.0833333333333 -528.0 -204.78333333333333
542.4166666666667 -503.0 -205.25
528.75 -463.25 -205.71666666666667
526.5 -473.75 -206.18333333333334
561.5 -498.75 -206.65
524.5 -471.5 -210.0
544.5 -473.5 -208.0
502.25 -487.0 -201.5
543.0 -502.75 -204.0
563.0 -485.5 -202.0
571.5 -482.75 -203.0
525.75 -493.75 -200.5
519.5 -487.25 -198.0
525.25 -478.25 -196.0
503.0 -489.25 -196.0
515.0 -504.5 -195.0
562.0 -506.5 -192.5
582.0 -511.5 -193.5
574.75 -517.75 -207.5
564.25 -524.0 -265.5
570.5 -523.5 -323.5
570.0 -451.25 -381.5
566.0 -448.25 -430.0
489.5 -470.25 -515.0
486.75 -484.25 -518.0
487.5 -473.875 -522.0
487.25 -487.0 -520.375
489.0 -493.5 -516.5
488.5 -499.5 -513.0
488.0 -484.5 -511.25
489.0 -469.0 -511.0
495.0 -467.5 -511.5
502.0 -467.5 -517.75
501.0 -468.0 -519.25
498.5 -517.0 -518.5
496.0 -528.5 -520.75
485.0 -530.0 -521.25
486.0 -530.0 -522.0
509.0 -529.0 -522.0
458.125 -528.0 -526.5
150.625 -528.0 -527.5
-160.5 -528.5 -525.5
130.0 -528.5 -526.75
512.875 -530.5 -528.75
484.5 -529.5 -529.75
514.5 -514.0 -532.25
520.125 -516.0 -541.5
535.625 -513.5 -556.75
551.125 -513.0 -550.75
553.5 -505.5 -548.5
535.5 -496.5 -548.0
542.0 -491.5 -548.0
577.0 -478.0 -543.25
561.5 -461.5 -540.5
528.5 -463.0 -540.75
487.5 -462.5 -537.25
536.0 -463.0 -536.75
525.5 -500.0 -536.5
477.5 -512.0 -537.0
415.5 -522.5 -537.75
519.0 -522.5 -538.5
542.5 -521.0 -540.25
563.0 -520.5 -546.25
492.0 -519.5 -544.75
563.5 -517.5 -541.75
583.5 -479.5 -542.75
592.0 -494.5 -542.25
597.5 -449.5 -540.0
558.5 -455.5 -537.5
566.5 -461.5 -521.75
579.0 -468.41666666666663 -527.75
525.0 -500.08333333333337 -531.25
515.5 -531.75 -534.5
513.5 -578.375 -535.0
537.5 -561.5 -538.5
556.5 -530.5 -540.5
556.5 -535.5 -542.75
538.0 -558.0 -543.25
535.5 -549.0 -543.0
553.0 -548.5 -543.0
486.5 -539.0 -543.5
445.5 -525.0 -544.0
524.5 -511.0 -544.5
523.5 -508.5 -545.0
506.0 -507.0 -545.25
474.0 -508.5 -545.5
479.0 -509.5 -545.0
483.5 -508.5 -546.0
491.0 -509.0 -544.75
493.5 -541.0 -544.0
489.5 -513.5 -545.75
487.0 -530.5 -546.75
480.5 -500.0 -547.0
483.5 -496.5 -546.5
502.5 -506.5 -547.75
508.0 -550.5 -544.75
513.0 -533.40625 -546.5
508.5 -509.28125 -547.5
499.5 -485.15625 -547.75
499.0 -461.03125 -546.5
500.0 -536.0 -546.75
493.0 -533.0 -546.5
490.5 -524.0 -541.5
494.0 -516.0 -542.5
493.0 -519.5 -542.5
480.0 -519.0 -541.5
468.0 -516.5 -540.0
465.5 -510.0 -540.0
520.0 -503.0 -537.25
490.0 -498.5 -535.0
487.0 -499.0 -530.25
487.0 -497.5 -342.5
485.5 -472.0 -99.64285714285715
474.0 -475.0 79.5
474.0 -476.5 258.6428571428571
477.5 -479.0 443.75
477.5 -480.0 732.25
472.0 -480.0 707.5
473.5 -480.0 651.0
470.5 -484.5 639.25
487.0 -481.0 703.0
500.0 -483.0 750.75
504.5 -484.5 638.75
504.5 -484.5 694.75
506.0 -485.0 626.5
510.5 -474.5 614.75
510.5 -444.25 646.5
509.5 -413.0 618.75
510.0 -408.0 614.0
511.5 -423.0 610.5
509.5 -439.0 607.0
509.5 -458.5 606.0
512.5 -485.5 603.0
511.0 -502.5 549.5
511.5 -510.5 338.75
509.5 -511.0 17.819444444444443
509.0 -507.0 -32.90277777777777
505.5 -504.5 -83.625
506.0 -501.5 -134.34722222222223
507.0 -498.5 -185.06944444444446
507.0 -495.0 -235.79166666666669
506.0 -490.0 -286.5138888888889
506.5 -492.0 -337.2361111111111
509.5 -494.5 -387.9583333333333
509.5 -494.5 -400.75
509.5 -494.0 -477.5
510.0 -494.5 -474.25
511.0 -497.0 -511.75
508.5 -494.5 -523.75
504.0 -503.0 -520.25
497.0 -514.5 -519.5
490.5 -522.0 -517.25
484.0 -537.5 -513.25
491.5 -534.0 -514.0
493.5 -521.0 -512.1
489.5 -513.5 -508.9
480.5 -506.5 -512.0
484.0 -504.5 -518.0
475.5 -504.5 -522.5
475.0 -504.0 -528.25
471.5 -504.0 -530.25
473.0 -504.0 -531.25
464.0 -491.0 -534.25
461.5 -490.5 -535.5
459.5 -491.0 -564.0
460.5 -492.5 -551.5
461.5 -494.5 -546.0
465.5 -499.0 -542.5
484.0 -500.5 -541.25
499.5 -500.0 -538.75
488.0 -499.0 -529.5
487.0 -496.0 -513.9285714285714
485.5 -493.0 -502.5
484.5 -491.0 -491.07142857142856
491.0 -491.5 -498.0
466.0 -465.5 -522.75
460.0 -452.375 -541.0
454.0 -457.54166666666663 -546.0
502.5 -462.70833333333337 -545.0
446.0 -514.5 -534.0
597.5 -496.0 -523.25
489.0 -496.5 -530.5
485.0 -494.0 -525.25
476.5 -496.0 -530.5
480.5 -495.0 -533.5
462.0 -494.0 -535.0
458.0 -493.5 -534.75
456.5 -491.0 -535.0
457.5 -486.5 -535.0
457.0 -483.5 -533.25
457.0 -483.0 -533.0
457.5 -481.0 -532.75
455.5 -479.0 -531.75
449.0 -477.5 -529.0
453.0 -477.0 -526.75
459.0 -483.0 -525.25
464.0 -491.0 -525.75
462.0 -494.5 -526.25
463.5 -497.0 -527.75
495.5 -500.0 -530.25
504.0 -506.0 -534.5
541.0 -507.5 -539.25
509.0 -506.5 -541.75
527.5 -507.0 -541.5
507.5 -507.5 -541.75
504.0 -506.5 -541.0
506.0 -506.0 -539.5
522.5 -505.5 -484.25
529.5 -507.0 -281.5
520.5 -510.5 -182.5
500.0 -500.0 -191.0
505.0 -498.0 -198.75
493.0 -497.5 -202.0
495.5 -496.5 -214.75
495.0 -496.0 -212.0
495.5 -495.5 -209.5
498.5 -495.0 -206.5
496.5 -494.5 -183.0
494.5 -495.0 -169.5
496.0 -499.5 -166.75
493.5 -504.0 -166.0
489.0 -504.0 -166.25
478.5 -504.0 -168.5
473.5 -503.5 -147.5
481.5 -503.5 -137.2
467.5 -503.5 -142.8
465.5 -503.5 -160.75
464.0 -503.5 -176.0
465.0 -503.5 -177.5
465.0 -504.5 -178.25
477.5 -505.0 -176.5
467.5 -505.0 -173.0
471.0 -505.0 -171.5
475.5 -504.5 -168.75
470.0 -490.5 -166.75
465.5 -490.5 -165.25
471.5 -490.5 -163.75
466.5 -490.5 -162.25
464.5 -491.0 -161.25
465.5 -491.0 -133.5
469.5 -491.0 29.5
469.5 -492.0 231.75
469.0 -492.5 327.5
470.0 -493.0 333.75
477.5 -494.0 338.25
480.5 -494.5 368.0
487.0 -494.5 685.75
480.0 -516.0 718.75
491.0 -516.0 728.75
493.0 -514.0 680.5
496.0 -515.5 764.75
497.5 -515.25 682.5
535.5 -514.25 707.25
534.0 -515.5 619.5
534.0 -516.25 645.0
533.5 -516.25 635.5
539.75 -516.0 633.5
511.25 -516.75 639.5
508.75 -515.75 617.5
521.0 -517.5 593.5
516.25 -517.5 602.5
503.25 -516.5 754.5
500.0 -500.0 656.5
494.25 -499.0 615.5
496.0 -499.0 659.5
498.0 -497.5 643.5
478.25 -496.5 609.5
507.25 -495.5 601.5
520.5 -494.75 604.5
520.75 -494.5 591.5
521.25 -481.5 591.0
514.75 -453.5 584.0
521.25 -432.16666666666663 593.0
526.25 -410.83333333333337 587.5
528.5 -482.5 396.5
532.0 -495.25 195.41666666666669
534.0 -493.0 10.638888888888914
528.0 -492.0 -174.13888888888886
528.25 -491.0 -358.91666666666663
525.0 -497.0 -509.25
519.0 -496.0 -541.75
530.5 -494.5 -479.5
491.5 -492.5 -479.75
489.0 -497.0 -481.5
465.0 -496.0 -505.0
485.5 -496.0 -530.25
465.0 -494.0 -529.0
461.0 -495.5 -526.5
457.5 -497.5 -527.75
457.5 -500.0 -516.25
453.5 -502.5 -508.25
453.0 -497.5 -504.75
482.5 -494.5 -502.0
460.5 -490.5 -500.5
495.5 -485.5 -498.15
481.5 -483.0 -496.35
492.0 -477.5 -494.25
521.5 -406.5625 -532.5
514.5 -402.8125 -530.5
469.5 -399.0625 -528.0
472.5 -395.3125 -535.5
472.0 -409.0 -543.25
475.5 -475.0 -532.0
476.0 -483.0 -526.0
469.0 -473.5 -526.5
529.5 -467.0 -522.0
493.5 -450.0 -515.5
457.0 -448.0 -521.5
471.0 -440.5 -526.5
435.5 -401.0 -429.0
461.5 -209.0 -286.1428571428571
497.0 -83.0 -254.71428571428572
478.5 -63.0 -223.28571428571428
535.0 25.82692307692308 -191.85714285714286
454.0 145.59615384615387 -172.25
453.0 265.36538461538464 -172.5
485.0 385.1346153846154 -174.25
525.0 504.90384615384613 -174.5
530.0 624.6730769230769 -206.0
489.0 700.5 -200.0
492.5 630.5 -200.25
480.5 597.5 -200.25
469.5 548.0 -201.0
476.5 577.5 -203.25
521.5 510.5 -245.0
522.0 498.0 -431.25
477.0 489.5 -553.25
471.5 486.0 -526.25
480.0 487.0 -521.5
476.5 489.5 -522.5
481.0 497.5 -523.0
496.0 511.0 -522.25
484.5 514.5 -522.0
468.5 518.0 -522.5
470.5 520.5 -522.5
467.0 580.0 -522.0
442.5 573.5 -521.5
466.5 541.0 -519.0
464.0 539.5 -518.0
472.5 535.5 -520.5
543.0 510.0 -521.25
520.0 426.1136363636364 -521.25
507.5 336.9318181818182 -521.0
459.5 247.74999999999997 -521.5
471.5 158.5681818181818 -521.0
444.5 69.3863636363636 -520.75
424.5 -20.15 -518.25
414.0 -110.74999999999999 -517.25
398.0 -201.35 -302.25
401.0 -291.94999999999993 -126.3
181.25806451612902 -382.54999999999995 -48.70000000000001
138.29032258064515 -491.0 1.5
95.32258064516128 -521.0 -29.0
52.35483870967742 -476.5 -17.0
9.387096774193537 -496.0 -16.0
-33.58064516129032 -489.0 -15.5
-76.5483870967742 -481.5 -16.75
-119.51612903225805 -477.5 -16.25
-162.48387096774195 -480.0 -18.5
-205.45161290322582 -486.5 100.5
-248.4193548387097 -494.0 365.75
-291.38709677419354 -499.0 559.0
-334.35483870967744 -502.0 600.5
-377.32258064516134 -501.0 602.5
-420.2903225806451 -492.5 678.25
-463.258064516129 -481.5 643.5
-458.0 -474.0 626.0
-457.5 -469.0 680.75
-449.0 -465.0 604.75
-554.5 -463.0 618.75
-503.325 -464.0 701.5
-280.625 -466.5 621.25
-57.92500000000001 -469.5 594.0
164.77499999999992 -473.5 632.75
387.47499999999997 -480.5 488.75
593.0 -487.0 177.25
595.5 -487.0 93.77272727272728
595.5 -489.0 40.13636363636364
593.0 -493.0 -13.5
587.0 -496.5 -67.13636363636363
596.5 -497.0 -120.77272727272727
628.5 -502.0 -174.4090909090909
569.0 -504.0 -228.04545454545453
576.55 -501.5 -281.68181818181813
611.95 -495.0 -335.31818181818176
668.5 -491.0 -388.95454545454544
632.5 -485.5 -442.59090909090907
599.0 -481.0 -583.25
595.5 -478.0 -502.75
590.5 -477.5 -506.5
591.0 -480.0 -511.75
598.5 -482.0 -536.25
614.0 -483.5 -526.0
620.5 -482.5 -557.0
630.0 -481.0 -556.0
630.0 -474.5 -588.75
627.0 -477.0 -556.25
620.5 -479.5 -518.5
616.0 -479.5 -524.5
550.0 -481.0 -542.5
516.0 -481.5 -536.5
586.0 -482.5 -534.25
586.5 -483.5 -517.25
589.0 -483.0 -508.5
585.5 -483.0 -511.75
579.5 -482.5 -510.25
580.5 -481.5 -504.6071428571429
557.0 -488.0 -503.03571428571433
498.5 -486.0 -501.46428571428567
511.0 -485.5 -499.8928571428571
516.0 -486.0 -502.25
520.0 -486.5 -498.5
527.0 -487.5 -510.5
542.0 -488.5 -505.25
537.0 -488.5 -499.25
538.0 -489.5 -501.25
567.5 -488.5 -511.5
503.25 -488.5 -510.75
547.25 -486.0 -487.0
556.5 -484.0 -489.5
551.5 -485.0 -492.5
536.0 -484.0 -493.25
527.5 -484.5 -493.25
503.0 -487.5 -489.75
510.5 -492.5 -496.0
510.0 -492.0 -479.5
510.0 -490.5 -476.25
509.5 -489.5 -477.0
512.5 -489.0 -443.42857142857144
516.5 -483.5 -439.1428571428571
489.5 -478.5 -434.8571428571429
469.5 -478.5 -430.57142857142856
469.0 -479.5 -431.25
483.5 -479.5 -477.5
465.0 -480.0 -495.0
486.5 -479.5 -497.5
495.0 -479.5 -502.75
476.0 -478.0 -488.5
469.5 -478.5 -520.75
487.5 -479.0 -574.5
471.875 -480.0 -599.75
486.0 -482.0 -580.25
515.0 -484.0 -574.25
461.0 -484.0 -570.5
493.0 -484.5 -569.0
515.0 -485.5 -564.5
494.5 -492.0 -426.5
491.0 -488.0 -197.75
501.0 -486.0 -176.25
521.0 -485.5 -170.5
487.5 -485.5 -169.25
489.0 -487.0 -179.5
501.0 -490.5 -188.5
495.0 -428.0 -191.5
493.0 -383.5 -194.25
495.0 -399.5 -196.0
499.0 -449.0 -186.25
494.5 -454.5 -180.75
495.5 -472.0 -177.30769230769232
500.0 -472.5 -176.53846153846155
501.0 -472.5 -175.76923076923077
499.0 -473.5 -175.0
479.0 -475.0 -174.23076923076923
443.5 -478.5 -173.46153846153845
492.0 -478.5 -172.69230769230768
495.0 -479.0 -171.9230769230769
490.0 -478.5 -171.15384615384613
491.0 -482.0 -170.38461538461536
510.0 -485.5 -169.61538461538464
435.0 -483.5 -168.84615384615387
481.0 -484.5 -168.0769230769231
516.5 -485.0 -173.5
526.0 -490.5 -168.25
535.0 -495.0 -172.25
480.5 -495.0 -182.5
486.0 -494.5 -183.25
466.0 -493.5 -185.75
472.5 -492.0 -186.75
497.0 -490.5 -186.25
526.5 -487.5 -184.25
527.5 -483.5 -185.5
531.5 -480.5 -187.5
542.5 -480.0 -187.75
548.0 -471.5 -187.75
550.0 -475.0 -193.21875
539.0 -477.0 -198.84375
537.0 -477.5 -204.46875
534.0 -476.5 -210.09375
537.0 -475.0 -195.5
535.5 -472.5 -186.25
542.5 -469.0 -184.5
568.5 -466.0 -184.25
584.0 -465.0 -183.5
565.5 -467.5 -185.0
562.0 -470.0 -305.0
474.0 -464.0 -373.0
465.0 -452.0 -459.75
434.5 -441.0 -473.5
468.5 -432.0 -473.25
465.5 -423.5 -501.75
498.5 -424.0 -513.5
447.0 -433.5 -519.5
503.0 -444.0 -506.75
501.5 -448.375 -497.5
503.25 -453.75 -504.0
493.25 -460.5 -497.0
503.25 -468.5 -502.5
456.0 -473.25 -499.0
454.5 -469.5 -511.0
454.25 -471.75 -514.5
500.25 -472.5 -515.5
523.75 -485.5 -514.5
466.75 -505.25 -514.5
479.0 -453.5 -513.5
479.25 -332.18548387096774 -521.5
476.25 -264.9274193548387 -505.41666666666663
474.0 -197.66935483870967 -463.08333333333337
436.5 -130.4112903225806 -420.75
438.25 -63.15322580645159 -423.5
474.5 4.104838709677438 -479.5
511.25 71.36290322580652 -538.5
462.0 138.62096774193554 -598.5
476.75 205.87903225806457 -592.5
521.25 273.1370967741936 -589.0
533.25 340.3951612903226 -585.0
553.75 407.65322580645164 -579.5
569.0 474.9112903225808 -575.0
568.75 542.1693548387098 -569.5
560.75 609.4274193548388 -525.0
562.25 676.6854838709678 -546.375
579.0 623.0 -575.0
512.0 635.5 -576.25
479.5 673.5 -574.75
437.5 557.5 -576.0
443.5 544.0 -581.25
476.0 538.0 -569.5
440.0 631.5 -562.75
443.0 674.0 -556.0
491.0 693.0 -551.25
482.0 624.0 -545.75
474.0 574.5 -540.75
435.0 559.5 -533.0
429.5 595.0 -526.5
418.0 582.5 -523.75
421.0 579.0 -524.25
513.5 581.0 -527.0
519.0 579.5 -530.75
523.0 576.0 -536.5
527.0 575.5 -540.75
532.0 575.5 -544.0
528.0 575.0 -544.5
535.5 571.5 -538.5
532.5 541.5 -530.0
515.0 536.5 -541.75
512.5 532.5 -542.0
518.0 525.5 -528.5
520.0 505.0 -431.0
516.5 409.7894736842105 -421.17499999999995
446.0 284.8421052631579 -392.07500000000005
450.43055555555554 159.89473684210526 -362.975
446.15277777777777 34.94736842105263 -333.875
441.875 -90.0 -304.775
437.59722222222223 -214.94736842105266 -275.67499999999995
433.31944444444446 -339.89473684210526 -246.575
429.04166666666663 -464.84210526315786 -217.475
424.7638888888889 -589.7894736842105 -188.37499999999997
420.4861111111111 -650.0 -159.275
416.20833333333337 -581.0 -190.0
446.0 -563.5 -217.25
482.0 -492.0 -217.0
498.5 -529.5 -219.5
509.125 -528.0 -221.5
516.5 -517.0 -222.75
476.0 -508.0 -211.5
449.0 -516.0 -201.0
454.0 -516.0 -201.25
458.5 -515.0 -200.5
378.5 -513.0 -199.0
419.0 -513.5 -198.0
436.5 -513.0 -198.0
476.5 -513.0 -265.375
414.0 -513.0 -355.875
452.0 -512.5 -446.375
421.5 -511.0 -451.25
431.0 -510.0 -525.5
409.0 -505.0 -519.75
457.5 -498.0 -515.25
460.5 -497.0 -518.5
512.0 -495.5 -517.5
527.5 -496.5 -511.5
521.5 -496.5 -512.0
518.5 -498.5 -504.75
534.5 -504.5 -499.0
540.5 -507.0 -502.25
524.5 -507.0 -503.75
506.0 -505.5 -504.0
510.0 -505.5 -505.0
563.0 -506.0 -506.0
584.5 -508.0 -506.0
578.5 -509.5 -498.0
544.0 -511.0 -493.0
506.5 -511.0 -514.0
497.5 -510.5 -513.75
597.0 -510.0 -513.75
556.375 -514.0 -514.0
535.875 -513.0 -514.5
515.375 -512.0 -515.75
508.0 -512.5 -514.5
524.0 -496.0 -488.0
518.5 -490.5 -489.0
518.3 -488.0 -497.0
518.7 -486.0 -501.75
494.5 -485.0 -507.5
466.0 -484.5 -512.25
465.5 -479.5 -512.5
468.0 -485.5 -518.5
466.5 -489.5 -523.0
468.5 -488.5 -511.25
470.5 -489.5 -495.625
471.0 -489.5 -489.79166666666663
471.5 -489.5 -483.95833333333337
542.5 -489.5 -478.25
489.5 -488.5 -536.0
460.0 -488.5 -522.5
426.5 -489.5 -520.0
536.5 -500.0 -517.0
599.875 -502.0 -515.5
595.5 -500.5 -524.0
582.0 -498.5 -524.0
562.5 -496.5 -525.5
581.5 -497.5 -526.5
535.5 -498.0 -529.75
512.0 -488.0 -530.75
524.5 -489.0 -530.5
515.0 -492.0 -527.75
520.5 -495.0 -525.25
508.5 -496.0 -523.25
508.0 -496.5 -522.5
518.0 -503.5 -530.5
525.5 -498.5 -539.25
526.0 -496.5 -538.75
507.0 -495.5 -532.5
482.0 -494.0 -527.0
485.0 -491.0 -526.5
484.5 -489.5 -526.25
488.5 -488.5 -526.0
487.0 -489.0 -526.5
488.5 -491.5 -526.25
479.5 -491.0 -528.0
484.5 -490.5 -520.75
510.5 -491.5 -511.21875
508.0 -493.0 -508.84375
502.0 -501.0 -506.46875
502.0 -502.5 -504.09375
497.0 -502.0 -500.0
496.5 -501.5 -499.75
491.0 -501.5 -507.25
490.5 -500.0 -516.5
493.0 -499.5 -521.75
491.5 -491.5 -521.5
481.5 -483.5 -521.0
513.5 -483.5 -522.5
513.0 -485.5 -520.25
512.0 -485.5 -517.75
510.5 -487.0 -519.25
498.5 -487.0 -520.25
330.5 -489.5 -516.75
81.69444444444444 -493.0 -513.0
38.47222222222223 -495.0 -511.0
-4.75 -496.0 -515.75
-47.972222222222214 -495.5 -519.5
-91.19444444444444 -495.5 -520.5
-137.0 -498.5 -520.75
-96.0 -500.5 -520.5
-169.5 -501.5 -520.25
-154.5 -502.5 -520.25
-134.30555555555554 -502.0 -520.0
-119.52777777777777 -499.0 -518.75
-104.75 -486.5 -517.75
-89.97222222222221 -306.5 -518.0
-75.19444444444444 -184.5 -518.5
-71.5 -182.5 -518.75
-58.5 -182.5 -496.25
-104.5 -183.0 -477.75
47.5 -176.2 -474.0
-0.5 -171.0 -475.25
-3.0 -165.8 -477.0
-19.5 -153.0 -469.0
-18.0 -153.5 -468.5
-10.0 -149.5 -469.0
-28.0 -148.5 -475.75
-31.0 -147.5 -476.0
28.0 -148.5 -501.25
271.5 -147.5 -505.0
265.0 -149.0 -507.25
278.5 -149.5 -507.0
269.5 -10.0 -507.0
319.04999999999995 17.0 -508.5
366.45000000000005 19.5 -508.5
429.0 19.5 -506.5
528.0 18.0 -505.0
535.5 24.5 -507.5
533.0 145.5 -507.75
469.0 137.5 -506.75
487.5 131.5 -507.0
306.16666666666663 135.0 -506.5
45.7222222222222 149.0 -506.5
-214.72222222222223 171.0 -506.75
-475.16666666666674 200.0 -506.5
-661.5 236.0 -506.25
-574.5 250.0 -507.0
-549.5 254.5 -506.25
-537.5 235.5 -505.5
-535.0 200.5 -505.5
-530.5 162.5 -504.75
-544.5 231.5 -465.75
-543.0 309.04999999999995 -287.0
-543.5 346.45000000000005 -176.9318181818182
-539.5 375.5 -82.8409090909091
-541.0 444.08333333333337 11.25
-543.0 534.4166666666666 105.3409090909091
-543.5 624.75 199.43181818181822
-542.5 677.5 293.52272727272725
-543.0 631.5 387.6136363636364
-545.5 596.0 481.7045454545455
-544.5 578.0 575.7954545454545
-545.0 548.0 669.8863636363637
-543.5 538.5 763.9772727272727
-542.0 539.0 742.0
-551.5 540.5 723.0
-607.0 540.5 701.75
-541.5 544.5 705.75
-541.5 578.5 681.0
-505.5 580.5 676.0
-502.0 590.0 685.0
-494.5 592.0 642.5
-487.0 587.5 639.25
-481.5 576.5 630.5
-476.0 573.0 618.75
-475.5 633.5 703.75
-476.0 571.0 793.25
-477.0 575.5 759.5
-476.5 579.0 727.0
-477.0 632.0 730.5
-480.0 572.5 735.5
-520.0 560.5 702.5
-520.5 553.5 722.0
-521.5 552.0 597.5
-526.5 548.5 609.75
-533.0 544.5 608.25
-573.0 545.0 605.75
-520.0 547.5 599.75
-531.0 519.5 592.25
-629.5 514.5 588.75
-647.0 515.875 587.125
-654.0 517.0 585.0
-655.0 518.0 587.0
-654.25 516.5 589.5
-719.5 508.0 589.0
-734.0 505.75 587.5
-744.5 505.75 588.0
-757.5 509.0 605.0
-777.75 513.25 634.5
-777.875 514.25 654.5
-773.375 513.75 591.5
-754.0 514.0 592.5
-753.25 515.0 618.5
-745.0 513.75 617.0
-745.5 501.5 724.5
-682.25 528.1875 615.5
-672.5 542.4375 614.5
-620.25 546.5 613.0
-646.75 558.25 619.5
-629.0 551.0 617.5
-624.25 535.0 616.5
-642.5 497.38157894736844 618.0
-645.25 388.9078947368421 613.5
-613.0 280.43421052631584 602.5
-579.25 171.96052631578948 608.5
-594.0 63.48684210526315 543.5
-581.75 -44.98684210526312 475.125
-577.875 -153.46052631578948 380.77272727272725
-579.5 -261.9342105263158 257.1363636363636
-602.0 -370.4078947368421 133.49999999999997
-579.0 -478.88157894736844 9.863636363636346
-575.0 -613.0 -113.77272727272731
-562.0 -581.5 -202.75
-560.0 -539.5 -191.75
-553.5 -520.0 -196.25
-549.0 -505.0 -199.0
-544.5 -486.5 -204.0
-588.0 -489.0 -197.5
-652.0 -486.0 -189.0
-771.0 -470.5 -186.75
-810.5 -454.5 -185.0
-831.0 -458.5 -168.25
-851.0 -454.5 -166.5
-866.85 -463.5 -165.25
-742.25 -488.5 -164.75
-617.65 -519.5 -163.25
-584.0 -537.5 -163.0
-584.0 -538.5 -163.5
-585.5 -514.0 -164.75
-587.0 -475.20000000000005 -163.75
-615.5 -424.79999999999995 -163.75
-549.0 -382.0 -164.0
-544.5 -227.0 -164.0
-540.5 -152.0 -162.5
-540.0 -176.5 -163.5
-529.5 -205.0 -163.0
-527.0 -213.5 -162.75
-524.0 -134.89285714285717 -161.25
-521.5 -22.75 -162.5
-518.5 89.39285714285714 -162.5
-434.5 174.0 -163.25
-227.09090909090912 201.0 -164.5
-42.54545454545456 365.3125 -164.5
141.99999999999997 494.5625 -164.0
326.5454545454545 605.5 -163.25
511.090909090909 587.0 -162.75
648.0 579.0 -162.75
644.0 546.0 -162.0
649.5 539.5 -161.75
580.5 540.5 -160.75
513.5 541.5 -160.0
570.5 549.0 -160.5
557.0 546.5 -161.75
551.5 543.0 -162.75
528.5 538.0 -163.25
497.0 529.0 -163.25
348.1428571428571 523.5 -164.0
140.71428571428572 519.5 -155.0
-66.7142857142857 519.5 -112.25
-274.1428571428571 520.0 -110.25
-435.5 521.0 -110.0
-440.5 525.0 -109.75
-477.0 538.0 -91.66666666666666
-492.0 553.0 -112.33333333333334
-498.5 568.0 -133.0
-501.0 578.5 -147.5
-567.0 577.5 -148.0
-650.0 561.0 -147.25
-654.25 531.5 -148.25
-636.5 500.5 -132.25
-661.0 469.5 -101.5
-617.0 435.5 -104.5
-630.0 436.0 -105.25
-652.0 451.0 -106.0
-643.5 474.0 -106.25
-648.5 506.0 -168.0
-647.0 526.5 -173.75
-558.0 537.0 -173.0
-597.0 541.5 -173.25
-557.5 544.0 -172.0
-555.5 548.0 -173.5
-555.5 550.0 -174.0
-554.5 551.5 -175.0
-555.5 553.0 -175.75
-557.5 553.0 -176.25
-561.5 550.0 -176.5
-566.0 542.5 -176.25
-571.5 537.0 -177.0
-577.0 542.5 -177.5
-588.0 557.5 -177.0
-593.5 570.5 -177.25
-599.0 586.0 -178.25
-609.3333333333333 584.0 -189.5
-628.6666666666667 597.0 -190.5
-648.0 605.0 -191.25
-642.5 608.0 -191.25
-594.0 613.5 -192.25
-584.0 612.0 -192.0
-615.0 599.375 -192.0
-582.0 586.5416666666667 -192.0
-488.5 573.7083333333333 -182.75
-436.0 506.5 -173.5
-476.0 446.0 -174.0
-487.5 414.5 -174.5
-502.0 392.5 -173.5
-538.2857142857142 396.5 -173.5
-545.4285714285713 432.5 -173.25
-552.5714285714287 488.5 -173.0
-559.7142857142858 536.5 -173.25
-579.0 575.0 -169.5
-559.0 590.0 -166.5
-515.5 580.0 -163.5
-507.5 551.5 -162.75
-507.0 513.0 -161.75
-555.5 474.0 -160.5
-549.0 452.0 -160.5
-533.5 449.5 -160.5
-516.0 465.0 -160.5
-506.5 489.0 -160.5
-520.5 520.0 -162.0
-530.0 541.5 -162.0
-585.0 552.0 -161.5
-585.0 552.5 -161.5
-546.3333333333333 537.5 -162.0
-507.6666666666667 516.5 -162.25
-469.0 501.5 -162.75
-457.0 495.5 -162.5
-502.5 497.0 -162.5
-474.0 508.5 -162.25
-462.5 520.0 -162.0
-489.5 532.0 -161.75
-504.0 538.0 -162.0
-509.5 539.5 -161.75
-473.5 538.5 -160.0
-446.0 526.5 -162.5
-522.0 512.5 -178.5
-528.0 509.5 -178.75
-519.5 506.5 -178.5
-523.0 506.0 -177.25
-543.5 506.0 -177.0
-563.0 511.5 -176.0
-561.5 520.5 -175.25
-560.5 520.5 -175.5
-561.0 522.0 -175.5
-562.5 521.0 -176.0
-560.5 519.0 -176.0
-553.0 518.0 -178.0
-492.5 518.5 -173.8125
-495.5 507.5 -167.5625
-495.5 511.0 -161.3125
-495.5 513.5 -155.0625
-496.0 515.0 -176.5
-496.5 515.5 -176.5
-496.5 515.5 -177.0
-500.0 513.0 -178.0
-500.0 515.5 -177.0
-494.5 518.5 -176.5
-495.5 520.5 -177.25
-484.0 520.0 -179.25
-479.0 519.0 -179.25
-480.0 517.5 -179.5
-480.5 518.0 -179.25
-477.0 518.0 -180.5
-475.5 518.0 -180.5
-477.5 516.5 -181.75
-479.0 516.5 -181.75
-478.5 514.5 -181.5
-478.0 512.5 -181.5
-481.0 510.5 -182.0
-493.5 503.5 -182.5
-493.0 504.0 -182.5
-495.5 504.5 -181.5
-499.0 508.5 -174.75
-495.0 508.5 -171.0
-496.5 506.5 -167.5
-496.0 461.25 -167.5
-490.5 480.25 -167.25
-444.0833333333333 499.25 -167.0
-386.19444444444446 518.5 -166.5
-328.30555555555554 521.5 -165.5
-270.4166666666667 525.0 -166.25
-227.5 525.0 -167.0
-215.0 525.0 -165.5
11.0 525.5 -164.25
245.70000000000002 527.0 -164.0
439.29999999999995 528.5 -163.5
584.0 528.0 -163.5
472.125 525.0 -162.5
513.0 520.5 -162.25
510.5 519.5 -162.0
492.5 505.0 -162.5
534.5 501.5 -163.25
533.5 500.0 -164.5
537.0 498.5 -164.75
542.0 499.0 -245.0
540.5 493.0 -389.5
544.5 490.0 -509.0
547.0 487.5 -501.25
545.5 485.0 -530.0
546.0 484.5 -506.75
542.5 492.0 -514.5
533.0 496.5 -514.0
571.5 500.0 -513.75
566.0 505.5 -513.25
557.0 508.0 -512.0
553.5 511.5 -512.25
553.5 519.5 -511.75
555.5 530.0 -511.75
530.5 539.5 -511.25
506.5 549.5 -512.5
518.0 557.0 -512.25
478.5 567.0 -512.5
472.5 572.0 -512.75
476.0 576.0 -514.5
476.0 590.0 -516.0
474.5 607.5 -497.5
498.5 608.75 -478.375
470.5 610.5 -477.54166666666663
458.5 591.0 -476.70833333333337
428.5 595.0 -465.0
401.54999999999995 590.5 -510.0
364.95000000000005 583.0 -511.75
324.5 590.5 -510.75
353.5 609.0 -510.5
278.5 621.5 -511.5
138.625 600.5 -513.75
-75.875 573.5 -516.0
-290.375 568.0 -515.25
-504.875 555.5 -513.75
-740.0 538.5 -511.0
-659.0 528.5 -503.75
-619.5 518.0 -497.75
-617.0 520.25 -497.25
-608.75 519.0 -495.0
-620.0 515.0 -492.0
-613.0 515.3 -490.5
-615.5 514.5 -489.0
-622.5 513.7 -488.5
-622.0 517.0 -488.5
-558.5 524.5 -487.0
-540.0 529.0 -486.0
-512.75 524.75 -485.0
-526.0 514.5 -485.0
-525.0 500.25 -484.5
-523.5 490.75 -485.0
-517.75 479.5 -484.5
-523.5 484.75 -485.5
-537.25 504.0 -487.5
-552.25 528.0 -486.5
-550.0 544.75 -486.5
-550.25 542.75 -487.5
-548.5 531.25 -489.0
-547.0 519.5 -489.5
-542.5 509.25 -489.5
-538.75 503.25 -489.5
-476.75 513.5 -489.5
-467.0 534.125 -489.0
-472.25 538.625 -489.25
-477.0 543.125 -488.25
-494.75 547.0 -488.25
-495.0 530.0 -488.0
-489.0 501.79999999999995 -488.25
-496.0 468.20000000000005 -487.5
-491.5 479.5 -485.5
-486.5 512.0 -483.75
-505.0 512.5 -482.25
-495.5 511.0 -480.0
-501.5 515.5 -479.0
-506.0 522.0 -478.75
-491.0 528.0 -478.5
-511.5 528.5 -478.25
-490.0 531.0 -478.75
-443.5 545.5 -479.75
-464.0 554.0 -480.0
-492.5 556.5 -480.5
-491.5 551.0 -480.75
-500.5 538.5 -481.5
-505.5 521.5 -481.0
-504.5 518.0 -482.5
-508.0 502.0 -482.5
-528.0 501.0 -482.75
-528.0 493.0 -482.75
-515.0 493.0 -483.75
-516.5 494.0 -485.0
-524.0 495.0 -487.5
-515.0 485.5 -490.0
-507.5 468.0 -457.0
-512.0 454.0 -387.17857142857144
-499.0 457.0 -332.75
-509.5 476.5 -278.32142857142856
-521.5 493.5 -144.25
-520.0 491.5 -203.25
-555.0 491.5 -192.5
-557.0 502.0 -194.25
-583.0 510.5 -194.25
-587.5 512.5 -194.0
-581.5 505.5 -193.0
-538.0 472.07142857142856 -193.0
-529.0 425.5 -193.75
-519.5 378.92857142857144 -194.25
-512.0 342.5 -196.25
-513.0 353.5 -196.75
-529.0 266.0 -196.75
-538.5 180.79166666666669 -165.75
-534.5 65.95833333333334 -165.0
-536.5 -48.874999999999986 -166.75
-530.0 -163.70833333333331 -167.5
-534.0 -278.54166666666663 -167.75
-526.5 -393.37499999999994 -167.25
-516.5 -423.5 -167.5
-512.0 -248.0 -166.75
-508.5 -219.0 -167.75
-502.0 -170.5 -168.0
-501.0 -124.5 -168.0
-510.0 -6.0 -167.75
-523.0 211.75 -167.5
-525.0 364.75 -167.25
-483.0 517.75 -165.0
-479.0 517.5 -164.0
-532.5 497.5 -162.5
-528.5 487.5 -162.25
-533.5 490.0 -162.25
-539.5 495.0 -162.75
-540.0 505.5 -163.5
-542.5 508.0 -163.0
-544.0 508.0 -162.25
-537.0 511.5 -162.0
-522.0 509.5 -163.75
-519.0 513.0 -163.5
-511.0 515.0 -171.25
-511.0 513.0 -179.75
-505.0 457.22727272727275 -180.25
-503.0 380.8636363636364 -181.0
-511.0 304.5 -180.75
-511.0 228.13636363636365 -180.5
-512.0 151.77272727272728 -181.0
-517.0 58.0 -180.0
-516.5 -91.25 -179.0
-520.0 -241.58333333333334 -179.0
-519.5 -391.9166666666667 -178.25
-521.5 -594.0 -179.25
-507.0 -602.875 -179.0
-489.0 -543.5 -180.25
-488.5 -517.5 -181.0
-488.0 -519.0 -182.0
-483.0 -522.5 -178.640625
-493.0 -512.0 -173.203125
-501.0 -507.0 -167.765625
-494.5 -508.5 -162.328125
-487.5 -509.0 -156.890625
-480.0 -509.5 -151.453125
-471.5 -507.0 -146.015625
-463.0 -503.5 -140.578125
-437.5 -499.5 -154.0
-129.54166666666666 -482.5 -138.0
92.29166666666667 -467.5 -163.25
314.125 -463.0 -158.25
498.5 -458.5 -154.3409090909091
602.0 -456.0 -157.70454545454544
611.0 -457.5 -161.0681818181818
543.5 -467.5 -164.4318181818182
522.0 -477.5 -167.79545454545456
514.0 -477.0 -171.1590909090909
488.5 -474.5 -175.25
472.0 -473.0 -174.25
470.0 -475.0 -173.5
455.5 -479.5 -135.5
436.0 -482.5 -84.25
457.0 -482.0 -86.25
485.5 -479.0 -87.5
501.0 -474.0 -87.75
501.5 -473.0 -87.0
502.5 -475.5 -86.75
505.0 -478.0 -87.0
506.0 -477.0 -87.0
505.0 -477.0 -87.5
505.0 -476.0 -94.5
508.0 -477.0 -133.5
495.0 -477.0 -133.5
442.5 -480.0 -132.75
441.0 -482.0 -131.5
443.5 -482.0 -131.5
444.0 -477.5 -132.25
447.5 -465.5 -132.25
448.0 -441.0 -132.5
449.5 -237.49999999999997 -132.25
481.0 3.0 -132.5
474.0 74.5 -132.5
456.5 100.5 -132.75
447.0 119.0 -135.15
441.5 271.65 -145.75
460.0 485.84999999999997 -156.35
469.5 637.5 -166.95
468.5 614.5 -177.55
467.5 657.0 -192.5
439.0 640.0 -199.5
449.5 550.0 -201.0
447.5 524.5 -201.25
439.0 468.08333333333337 -201.25
434.0 393.52777777777777 -199.0
412.0 318.9722222222222 -125.75
223.58333333333334 244.41666666666666 -116.25
33.0277777777778 153.0 -117.75
-157.52777777777774 -29.375000000000007 -117.25
-348.08333333333326 -225.20833333333334 -116.5
-604.0 -421.0416666666667 -116.25
-662.5 -530.5 -116.0
-591.5 -514.0 -116.25
-652.0 -458.5 -116.5
-589.0 -448.5 -114.75
-571.0 -497.5 -113.75
-351.0 -506.5 -113.5
-90.5 -506.5 -115.5
-16.0 -503.0 -115.75
-29.5 -499.5 -117.0
-32.0 -493.0 -117.0
-29.5 -479.5 -116.75
39.5 -466.5 -117.5
38.5 -377.70833333333337 -118.25
40.5 -262.65277777777777 -118.0
59.0 -147.5972222222222 -118.25
82.5 -32.54166666666666 -116.75
59.0 82.51388888888891 -115.5
86.5 197.56944444444446 -116.5
90.0 312.625 -117.5
96.5 427.68055555555554 -118.0
82.0 542.7361111111111 -118.5
83.0 660.5 -119.25
82.35 632.5 -120.5
119.75 598.0 -122.25
157.15 568.0 -123.0
62.0 550.0 -121.75
70.5 548.0 -120.5
67.0 548.0 -120.75
72.5 543.0 -120.0
86.5 542.5 -119.25
65.5 542.5 -117.925
43.0 540.5 -111.625
9.5 537.0 -105.325
11.0 528.0 -99.025
-1.9821428571428572 527.0 -92.725
4.089285714285714 524.5 -103.5
10.160714285714285 523.0 -121.5
16.232142857142858 520.5 -121.0
22.303571428571427 508.0 -124.25
28.374999999999996 510.5 -124.25
34.44642857142857 512.0 -121.75
40.51785714285714 512.5 -120.25
46.58928571428571 512.0 -121.25
52.66071428571428 511.5 -123.0
58.732142857142854 511.5 -122.5
64.80357142857142 510.0 -123.25
70.875 510.0 -124.75
76.94642857142857 510.0 -167.75
83.01785714285714 510.0 -171.75
89.08928571428571 508.5 -171.0
95.16071428571428 508.0 -169.25
101.23214285714286 508.0 -149.5
107.30357142857142 507.5 -156.5
113.375 506.5 -156.0
119.44642857142856 506.0 -158.0
111.75 504.5 -158.25
54.5 504.5 -168.25
-7.0 520.0 -171.5
2.25 519.0 -171.0
5.5 520.0 -136.0
-25.0 520.5 -132.5
131.625 520.0 -132.0
269.5 518.5 -131.0
11.5 518.0 -128.40384615384616
31.5 516.5 -124.9423076923077
51.0 517.0 -121.48076923076923
65.0 516.5 -118.01923076923077
15.25 515.0 -114.5576923076923
59.5 514.0 -111.09615384615384
108.0 515.0 -122.5
107.5 515.0 -136.75
95.0 516.0 -139.25
56.0 508.0 -141.75
29.5 501.5 -142.25
-14.0 502.0 -141.25
13.0 502.0 -142.75
32.0 503.0 -143.5
57.5 502.625 -143.5
38.0 503.75 -143.5
38.75 504.0 -142.5
72.75 504.25 -142.5
81.75 504.5 -141.5
82.25 504.5 -140.0
79.0 504.75 -137.5
89.75 505.0 -124.0
95.25 505.0 -102.0
93.5 508.5 -86.0
76.03571428571429 513.25 -113.5
58.75 513.75 -141.5
41.46428571428572 514.0 -97.0
32.75 511.5 -123.0
48.25 507.75 -105.475
45.5 506.5 -108.775
52.0 506.0 -112.075
42.75 505.5 -115.375
40.75 504.5 -118.675
47.25 503.0 -151.0
30.0 504.75 -144.5
21.75 508.25 -147.0
34.25 509.25 -140.0
111.5 510.5 -143.5
74.0 512.25 -144.5
72.5 512.375 -144.25
54.5 512.0 -144.75
49.5 507.0 -145.5
58.5 504.0 -145.75
56.5 502.0 -146.25
54.75 500.5 -191.08333333333331
61.75 499.5 -265.41666666666663
68.75 498.5 -339.75
77.5 502.0 -430.25
85.0 505.5 -472.0
79.5 505.5 -484.0
78.5 504.5 -488.5
72.0 505.0 -491.75
88.5 503.5 -498.75
78.0 503.0 -504.0
63.5 502.5 -501.5
95.5 501.5 -503.75
41.5 500.5 -504.75
25.5 499.0 -505.5
65.0 498.0 -504.75
35.0 497.0 -499.0
104.5 497.5 -493.25
97.5 496.0 -493.25
75.5 488.5 -491.25
139.5 480.0 -489.0
150.5 479.0 -486.5
55.5 480.0 -486.5
140.375 481.0 -487.75
112.0 481.0 -488.25
102.5 481.5 -489.25
121.5 485.0 -491.0
109.0 493.5 -494.5
24.0 495.0 -498.0
-61.0 495.0 -499.5
-57.0 494.0 -499.5
183.0 494.5 -502.0
333.1428571428571 496.0 -503.5
277.7142857142857 497.0 -508.75
222.28571428571428 472.5 -511.75
166.85714285714286 472.0 -513.0
235.0 472.0 -512.0
358.5 471.5 -513.5
367.1542553191489 470.0 -512.5
360.0265957446809 469.0 -513.0
352.8989361702128 469.0 -511.0
345.77127659574467 469.0 -509.0
338.64361702127655 470.5 -507.0
331.51595744680856 470.0 -505.0
324.38829787234044 471.0 -503.0
317.26063829787233 472.5 -501.0
310.1329787234042 473.5 -499.0
303.0053191489362 474.5 -497.0
295.8776595744681 475.5 -501.5
288.75 474.0 -511.5
281.6223404255319 472.95000000000005 -517.25
274.4946808510638 469.54999999999995 -516.25
267.3670212765958 476.0 -516.25
260.23936170212767 489.0 -518.25
253.11170212765958 498.0 -516.0
245.9840425531915 493.5 -508.5
238.8563829787234 492.0 -507.25
231.72872340425533 493.0 -506.75
224.60106382978722 492.5 -509.25
217.47340425531917 494.0 -518.0
210.34574468085106 495.0 -522.0
203.21808510638297 495.5 -522.5
196.0904255319149 495.5 -523.25
188.9627659574468 493.5 -518.0
181.83510638297872 491.0 -518.625
174.70744680851064 490.5 -519.125
167.57978723404256 489.5 -519.625
160.45212765957447 489.0 -521.25
153.3244680851064 489.0 -522.75
146.1968085106383 490.5 -509.0
139.06914893617022 491.0 -509.5
131.9414893617021 491.0 -508.25
124.81382978723404 492.0 -507.75
117.68617021276596 492.0 -505.75
110.55851063829786 492.0 -505.75
103.4308510638298 494.0 -505.75
96.3031914893617 493.5 -506.25
89.17553191489364 493.0 -505.75
82.04787234042553 493.0 -505.75
74.92021276595744 493.5 -512.5
67.79255319148936 495.0 -515.75
60.66489361702128 495.0 -516.75
53.537234042553195 495.0 -517.5
46.40957446808511 502.0 -517.75
39.28191489361703 505.0 -518.0
24.75 505.5 -518.5
-1.0 505.0 -518.0
-3.5 505.0 -517.5
-3.0 504.5 -517.75
1.0 504.0 -517.25
5.0 504.0 -517.25
19.5 498.5 -517.75
22.5 490.0 -519.5
20.0 490.0 -519.0
15.5 490.5 -519.25
12.5 489.5 -518.5
10.0 488.5 -518.0
10.0 487.5 -519.0
11.5 487.5 -519.0
11.59090909090909 494.0 -516.5
11.045454545454547 501.0 -516.25
10.5 502.5 -498.0
9.954545454545455 502.5 -500.5
9.40909090909091 502.5 -500.0
11.0 503.0 -500.0
19.5 504.5 -499.5
23.0 504.5 -499.75
18.5 504.5 -500.0
12.0 504.0 -482.5
8.5 496.5 -464.0
12.5 496.0 -464.0
7.250000000000001 495.0 -464.0
-2.416666666666666 494.0 -465.0
-12.083333333333332 494.0 -466.0
-21.749999999999996 494.5 -463.0
-15.5 494.0 -462.15625
20.5 493.5 -465.03125
22.0 492.0 -467.90625
12.5 492.5 -470.78125
28.0 492.5 -472.5
32.0 492.0 -471.25
36.0 491.5 -475.0
37.5 491.5 -476.5
38.5 491.5 -477.0
41.5 491.5 -478.75
47.11363636363636 493.0 -478.5
45.56818181818181 492.5 -477.75
44.02272727272727 493.5 -477.0
42.47727272727273 493.5 -478.0
40.93181818181819 493.5 -477.0
39.38636363636364 494.5 -477.25
67.0 495.0 -477.75
54.0 495.5 -476.0
44.0 503.5 -476.75
41.0 504.5 -472.75
34.0 504.0 -474.0
26.5 504.0 -473.5
22.0 505.0 -473.0
32.3125 493.0 -472.5
45.5625 492.0 -472.0
58.8125 491.5 -471.25
72.0625 492.0 -471.75
60.0 492.5 -471.75
54.0 470.5 -471.25
36.5 429.0 -470.5
28.5 457.0 -469.5
47.5 496.0 -469.0
57.0 501.5 -468.0
91.0 499.5 -482.0
232.0 498.0 -491.5
262.5 497.5 -497.25
254.0 498.5 -495.0
255.5 498.5 -495.25
240.65625 499.5 -500.5
221.53125 501.0 -502.0
202.40625 501.0 -503.0
183.28125 500.5 -504.0
212.0 500.5 -506.0
214.0 501.5 -508.25
169.0 500.5 -509.25
168.0 500.5 -509.75
327.75 500.5 -511.5
464.08333333333337 500.5 -513.5
600.4166666666667 490.0 -514.0
662.25 454.25 -513.75
674.125 420.58333333333337 -512.5
592.5 386.9166666666667 -512.5
638.0 454.5 -512.75
623.0 491.0 -511.5
610.5 497.5 -513.0
555.5 495.0 -514.75
606.5 491.0 -516.75
609.5 500.5 -516.5
595.5 503.5 -516.75
607.0 503.5 -515.5
611.0 501.5 -515.0
558.0 500.5 -514.0
637.0 500.5 -515.75
573.5 500.5 -518.0
528.0 553.5 -518.0
502.0 559.5 -518.25
470.5 559.5 -517.75
518.5 557.0 -517.5
558.0 555.5 -517.5
644.5 557.0 -509.25
480.0 527.0 -509.5
465.5 495.5 -507.5
502.5 495.5 -504.5
510.5 496.0 -502.5
491.0 496.0 -504.25
475.0 496.0 -504.0
439.0 500.5 -506.0
445.5 501.0 -507.5
496.5 501.0 -507.75
468.0 501.0 -502.25
476.5 501.5 -508.0
497.5 500.5 -508.5
520.5 500.5 -508.0
497.1158536585366 501.5 -506.5
470.6036585365854 502.5 -507.0
444.0914634146342 502.5 -506.0
417.5792682926829 503.0 -504.5
391.0670731707317 503.5 -501.5
364.5548780487805 487.5 -485.75
338.04268292682923 484.5 -468.75
311.530487804878 483.5 -451.75
285.0182926829268 483.0 -477.5
258.5060975609756 482.5 -487.5
231.9939024390244 482.5 -489.5
205.4817073170732 496.0 -487.25
178.96951219512198 496.5 -486.5
152.4573170731707 496.0 -487.0
125.9451219512195 496.5 -489.0
99.4329268292683 497.0 -488.75
72.92073170731709 496.5 -489.5
46.40853658536588 499.5 -490.75
19.896341463414643 507.0 -491.25
-6.615853658536594 508.0 -488.25
-40.5 508.5 -485.5
-70.21428571428572 509.0 -483.5
-69.07142857142858 509.0 -482.0
-67.92857142857142 508.0 -480.5
-66.78571428571428 507.625 -479.75
-66.0 507.75 -478.5
-100.25 508.0 -477.0
-86.5 508.5 -478.5
-96.0 509.0 -482.0
-85.5 559.75 -483.0
-80.5 558.25 -483.0
-78.0 556.75 -485.0
-203.25 556.25 -486.0
-365.58333333333337 555.75 -524.0
-527.9166666666667 555.5 -533.0
-641.5 515.25 -535.0
-669.0 496.5 -532.5
-630.25 494.25 -520.0
-631.75 493.5 -502.0
-653.5 499.5 -503.5
-652.25 504.0 -504.5
-603.25 503.75 -505.5
-583.75 504.25 -498.0
-586.25 504.75 -490.0
-581.5 504.75 -486.0
-653.0 505.5 -484.0
-568.25 505.5 -484.0
-591.75 505.5 -482.5
-589.0 505.25 -481.5
-599.0 505.0 -480.5
-588.5 505.0 -480.5
-586.875 505.5 -501.75
-644.5 500.5 -501.5
-690.0 496.5 -500.5
-693.25 497.0 -500.75
-700.625 497.5 -500.25
-710.5 498.0 -499.25
-645.5 498.0 -499.0
-544.0 497.5 -481.875
-533.0 497.5 -459.375
-541.0 497.5 -436.875
-577.0 497.5 -433.5
-589.0 498.0 -486.25
-700.5 497.5 -492.0
-572.0 496.5 -518.0
-619.5 495.5 -520.75
-658.0 495.5 -510.75
-610.5 496.5 -494.75
-503.0 499.0 -487.5
-476.5 505.5 -487.25
-524.5 507.0 -478.5
-535.0 512.5 -464.25
-547.0 521.5 -491.75
-548.0 526.0 -491.0
-572.0 537.0 -489.0
-589.5 538.5 -488.25
-594.0 518.5 -488.0
-631.0 509.5 -487.75
-598.5 489.0 -487.0
-596.0 464.0 -485.75
-594.0 458.5 -483.5
-719.0 457.5 -483.0
-588.7 454.0 -486.5
-569.5 456.0 -486.5
-550.3 455.0 -489.5
-339.5 453.5 -491.0
-431.625 451.5 -493.0
-538.0 449.5 -492.5
-540.5 446.0 -492.25
-557.0 444.0 -493.75
-545.0 440.5 -490.5
-603.0 434.5 -491.25
-493.77631578947364 432.5 -490.5
-462.1447368421053 426.5 -491.5
-430.5131578947369 416.0 -491.25
-398.88157894736844 340.0882352941177 -491.5
-367.25 236.2058823529412 -491.0
-335.61842105263156 132.32352941176472 -491.5
-303.9868421052631 28.44117647058826 -492.5
-272.35526315789474 -75.4411764705882 -493.0
-240.72368421052633 -179.32352941176464 -493.0
-209.0921052631579 -283.20588235294116 -492.75
-177.46052631578945 -387.08823529411757 -492.5
-145.82894736842107 -494.5 -491.25
-114.19736842105263 -605.0 -458.5
-82.56578947368419 -592.5 -268.75
-50.93421052631581 -543.0 -201.67857142857144
-19.30263157894737 -539.5 -191.25
12.32894736842104 -527.0 -180.82142857142856
43.96052631578948 -544.0 -175.5
75.59210526315792 -553.0 -179.0
65.5 -544.5 -179.5
52.5 -535.5 -177.75
66.0 -525.0 -176.75
62.0 -518.0 -185.25
79.0 -519.5 -195.0
69.0 -522.5 -193.25
69.5 -525.5 -194.25
71.5 -527.5 -195.0
-134.0 -528.5 -194.75
-506.0 -525.0 -194.0
-504.5 -522.0 -194.75
-502.0 -514.0 -185.75
-502.5 -511.0 -174.25
-506.0 -511.0 -173.25
-500.5 -508.0 -173.75
-497.5 -502.0 -173.5
-499.0 -496.5 -173.5
-507.5 -492.5 -162.75
-505.0 -488.5 -108.6341463414634
-511.5 -487.0 -107.17073170731707
-515.5 -485.5 -105.70731707317074
-519.5 -484.5 -104.2439024390244
-532.0 -474.0 -102.78048780487805
-524.0 -463.0 -101.3170731707317
-519.0 -457.5 -99.85365853658536
-522.0 -447.5 -98.39024390243902
-519.5 -372.0 -96.92682926829269
-516.0 -235.92857142857142 -95.46341463414635
-511.5 -126.5 -94.0
-507.5 -17.071428571428584 -92.53658536585365
-505.5 62.0 -91.07317073170731
-501.0 88.5 -89.60975609756098
-501.0 275.0 -88.14634146341464
-502.0 479.0 -86.6829268292683
-503.5 664.5 -85.21951219512195
-501.0 656.75 -83.7560975609756
-506.5 628.5 -82.29268292682926
-510.0 677.5 -80.82926829268293
-506.5 582.0 -79.3658536585366
-507.0 563.0 -154.75
-509.0 538.0 -140.25
-507.0 540.5 -143.5
-508.5 540.5 -148.25
-512.5 531.0 -149.0
-515.5 530.5 -151.0
-517.0 532.0 -150.5
-516.0 533.5 -150.5
-524.0 542.5 -151.0
-522.0 532.0 -150.0
-529.5 524.0 -148.25
-527.0 518.5 -145.5
-608.5 515.5 -144.0
-617.5 513.0 -144.5
-642.5 511.0 -142.6875
-577.5 527.5 -140.9375
-556.0 535.0 -139.1875
-611.0 536.5 -137.4375
-501.5 537.0 -154.0
-418.890625 536.5 -159.25
-338.078125 529.0 -155.5
-257.265625 526.0 -42.75
-176.453125 522.5 -3.0
-95.640625 521.0 5.0
-14.828125 511.5 7.0
65.984375 500.5 8.75
146.796875 498.5 7.5
149.5 510.5 9.75
178.5 518.5 10.5
183.5 524.0 11.5
155.5 529.0 30.25
152.5 528.5 53.75
150.5 528.0 54.75
241.0 524.0 54.25
206.5 522.5 53.5
184.0 544.5 53.5
239.5 533.0 53.75
209.0 527.0 30.25
200.0 530.0 16.75
208.5 522.0 15.5
211.5 509.5 15.5
212.20833333333331 500.0 15.75
207.04166666666669 494.5 15.75
201.875 488.5 15.5
170.0 486.0 25.0
195.5 459.5 25.0
220.0 517.75 25.25
252.0 408.5 28.25
281.5 364.5 31.25
244.5 428.5 31.0
210.0 456.0 29.5
210.0 452.0 25.0
221.5 464.5 20.25
239.5 474.0 19.5
257.5 487.0 17.0
237.0 488.0 17.0
221.5 487.5 15.5
227.5 487.5 15.75
153.5 487.5 16.75
211.5 481.0 17.5
310.0 472.5 17.0
254.0 472.0 17.25
220.0 473.0 17.0
260.0 475.5 16.75
203.5 480.5 16.25
210.0 485.0 16.25
252.0 487.0 16.5
268.5 488.5 16.75
259.1 488.5 19.5
241.5 478.0 18.31818181818182
223.9 473.5 13.40909090909091
233.0 473.5 8.5
229.0 500.0 3.59090909090909
262.375 503.5 -1.3181818181818183
413.0 504.5 -4.75
537.5 471.0 3.0
527.5 455.0 9.5
499.0 478.0 -1.25
455.0 417.0 4.5
487.0 350.1 10.5
492.0 404.5 11.5
516.5 458.9 13.75
434.0 474.0 13.5
341.0 504.0 3.5
340.5 501.0 10.25
478.0 521.5 12.25
488.3125 527.5 2.5
420.0625 530.0 2.75
362.0 530.5 3.0
411.5 530.0 3.25
372.5 524.5 0.0
390.5 476.5 0.25
362.0 488.5 -0.5
362.0 499.5 0.0
384.0 512.5 2.75
383.5 464.5 6.5
398.5 307.0 8.25
340.0 286.5 11.5
419.5 288.5 11.25
423.0 288.5 13.5
331.0 291.5 14.5
414.5 299.5 5.0
390.5 314.0 3.75
411.5 317.5 2.75
385.5 307.5 1.5
381.0 301.5 -1.0
375.5 300.5 -1.5
384.0 297.0 -1.5
384.0 203.5 -1.5
374.5 89.5 -1.25
429.0 28.0 -1.25
352.5 24.0 -0.5
395.5 26.0 -1.5
381.5 17.5 -0.5
420.0 8.0 -1.25
398.0 3.0 -2.0
404.0 4.5 -2.0
392.5 9.0 -1.0
407.0 16.5 -1.0
172.5 33.0 -2.5
181.0 39.5 -1.75
189.0 53.5 -1.75
190.0 63.0 -1.25
76.40625 96.5 5.0
-75.71875 217.0 11.0
-227.84375 344.3333333333333 17.0
-379.96875 471.66666666666663 23.0
-421.5 553.25 29.0
-420.75 523.2555555555555 35.0
-424.5 524.2777777777778 41.0
-427.0 525.3 3.5
-441.75 526.3222222222223 13.0
-468.25 527.3444444444444 17.5
-500.0 528.3666666666667 24.5
-488.0 529.3888888888889 26.5
-563.0 530.411111111111 28.0
-549.75 531.4333333333334 24.0
-577.75 532.4555555555555 19.5
-650.0 533.4777777777778 32.5
-581.5 534.5 21.0
-513.75 535.5222222222222 19.5
-512.5 536.5444444444445 18.5
-261.0 537.5666666666666 17.5
-272.5 538.588888888889 17.5
-294.25 539.6111111111111 15.0
-321.0 540.6333333333333 16.5
-414.0 541.6555555555556 15.5
-433.25 542.6777777777777 19.0
-498.75 543.7 23.5
-529.25 544.7222222222222 25.5
-400.65 545.7444444444445 21.5
-256.84999999999997 545.25 20.25
-232.375 546.0 19.75
-480.875 545.5 18.5
-591.0 542.0 16.5
-784.0 541.0 15.0
-719.5 540.5 15.0
-588.8333333333333 540.5 14.5
-584.1666666666667 527.0 15.0
-615.5 520.5 15.0
-688.0 510.0 16.0
-493.5 519.0 14.75
-652.0 508.5 14.25
-660.0 500.0 12.5
-724.0 515.5 10.0
-707.5 514.0 8.25
-724.0 514.5 9.0
-834.0 514.0 10.5
-847.5 515.5 10.25
-595.5 511.5 11.0
-594.0 519.0 12.25
-576.5 522.5 14.0
-572.0 520.0 14.25
-566.5 518.5 15.0
-561.5 511.0 15.0
-555.5 512.5 27.0
-659.0 511.0 22.5
-581.5 510.5 16.5
-578.5 510.5 17.5
-578.0 512.5 17.5
-577.5 523.0 17.25
-580.75 524.0 17.5
-584.5 523.0 18.25
-593.0 520.5 19.0
-618.625 517.0 19.0
-588.0 515.0 19.25
-616.0 513.5 19.25
-656.5 514.0 20.25
-609.375 501.0 20.25
-622.0 504.0 20.25
-632.5 502.5 20.5
-723.0 501.0 19.5
-771.6176470588235 498.5 19.0
-746.4411764705883 496.5 20.0
-721.2647058823529 492.0 20.0
-696.0882352941176 483.0 19.25
-670.9117647058824 470.0 18.25
-645.7352941176471 453.0 19.5
-620.5588235294117 438.0 18.75
-595.3823529411766 425.0 19.5
-555.5 419.0 20.5
-534.5 344.0833333333333 20.25
-534.2916666666667 240.19444444444446 20.25
-533.4583333333333 136.30555555555557 23.5
-532.625 32.416666666666686 27.25
-524.5 -37.0 32.25
-543.5 -81.32142857142857 28.5
-534.0 -151.75 18.25
-536.0 -222.17857142857144 17.75
-533.0 -320.0 20.5
-529.0 -400.5 20.0
-525.0 -376.5 22.0
-468.5 -378.0 26.0
-460.5 -363.70000000000005 30.0
-465.0 -381.29999999999995 34.0
-478.5 -391.5 38.0
-487.0 -390.0 23.5
-485.0 -444.0 32.5
-482.5 -625.5 26.0
-476.0 -576.5 26.75
-488.5 -539.0 27.5
-493.0 -550.25 31.5
-485.0 -564.5 30.75
-484.0 -597.5 38.75
-489.0 -618.5 36.75
-493.0 -610.0 31.5
-506.0 -585.5 32.5
-508.0 -563.0 32.0
-502.5 -546.0 31.0
-496.0 -536.5 31.0
-490.5 -533.5 29.75
-434.5 -538.5 29.25
-446.0 -545.5 29.75
-449.875 -550.5 29.75
-376.375 -550.5 29.25
-77.83333333333334 -549.0 26.0
-77.16666666666666 -550.0 25.5
-76.5 -539.0 26.0
-337.5 -532.0 25.25
-444.0 -533.0 25.5
-443.0 -529.0 25.25
-485.0 -521.5 25.0
-493.5 -514.0 24.5
-492.0 -509.5 25.0
-494.0 -505.0 24.75
-491.5 -502.5 23.5
-490.0 -499.0 23.25
-492.0 -493.5 23.5
-495.0 -488.0 22.5
-498.5 -492.5 22.75
-558.0 -485.5 23.75
-554.5 -478.0 23.75
-554.0 -472.0 24.0
-553.0 -467.5 24.25
-552.5 -469.5 24.5
-553.0 -470.5 24.75
-553.5 -448.0 25.0
-553.0 -456.5 25.0
-555.5 -459.5 25.25
-563.0 -457.25 26.0
-570.5 -452.875 26.0
-572.0 -448.375 25.5
-569.5 -443.875 26.0
-569.5 -440.0 25.75
-566.0 -428.5 25.75
-564.5 -358.5 25.75
-472.0 -246.5 25.75
-472.0 -222.0 26.0
-473.0 -203.0 27.5
-470.5 7.5 51.25
-465.0 82.25 110.64285714285714
-469.5 153.5 181.21428571428572
-553.5 146.5 251.78571428571428
-632.0 147.0 322.3571428571429
-632.0 163.0 635.25
-645.5 179.0 686.25
-635.5 195.0 683.25
-632.0 216.5 684.5
-633.5 235.5 634.5
-622.5 226.5 621.75
-615.5 229.5 624.5
-611.0 234.5 592.25
-617.0 237.5 580.5
-486.0 244.5 579.5
-487.5 253.5 577.5
-489.5 286.0 575.25
-488.5 301.0 575.75
-449.0 308.0 577.5
-386.0 311.5 578.0
-330.0 370.2857142857143 577.75
-313.5 450.0 579.0
-339.0 529.7142857142857 580.0
-347.0 582.0 580.5
-347.0 582.5 582.0
-425.5 570.0 617.5
-480.5 567.5 588.0
-476.0 566.25 590.75
-489.5 564.5 608.0
-488.5 559.0 616.75
-487.0 552.5 606.75
-509.5 554.5 616.75
-530.5 551.0 600.0
-531.0 555.0 612.0
-531.5 560.0 610.25
-531.5 561.0 608.5
-530.5 566.5 604.25
-529.0 575.5 595.5
-528.5 589.0 584.75
-526.5 600.0 558.5
-497.0 600.0 563.0
-495.0 587.5 556.25
-495.5 583.0 550.0
-491.0 569.0 588.75
-484.0 546.5 660.5
-479.5 535.5 665.0
-477.5 533.5 694.25
-475.5 530.0 638.75
-476.5 526.0 423.7678571428571
-478.5 526.5 360.8392857142857
-503.0 522.0 297.9107142857143
-498.0 519.0 234.98214285714286
-498.5 514.5 172.05357142857142
-500.5 504.0 109.12499999999997
-502.5 478.0 46.196428571428584
-504.5 391.18181818181813 -1.5
-506.5 280.0909090909091 -2.0
-508.5 169.0 -5.5
-510.5 57.90909090909091 14.5
-512.5 -53.181818181818215 14.0
-514.5 -164.27272727272725 13.0
-516.5 -275.3636363636364 15.5
-492.5 -386.4545454545455 15.5
-464.0 -497.54545454545456 16.25
-471.5 -608.6363636363637 17.75
-471.5 -719.7272727272727 19.75
-532.5 -806.0 19.25
-588.5 -679.5 19.25
-580.5 -665.5 18.75
-573.5 -630.0 17.0
-560.5 -614.5 17.0
-558.5 -596.0 18.0
-556.5 -582.5 17.0
-556.0 -575.5 16.5
-549.8 -559.5 15.5
-581.0 -516.0 14.5
-612.2 -495.5 14.0
-511.5 -476.5 14.25
-508.5 -451.0 14.0
-503.0 -425.0 13.5
-537.5 -394.5 13.0
-603.5 -224.0 12.75
-629.0 39.5 12.25
-612.0 88.0 12.75
-613.5 51.5 13.0
-613.0 32.0 14.0
-608.5 30.0 14.0
-597.5 65.75 15.5
-595.5 122.75 15.5
-590.0 168.0 15.0
-597.5 158.5 15.5
-614.5 132.0 17.025
-621.5 81.5 19.725
-619.0 25.5 22.425
-626.0 21.0 25.125
-543.5 13.5 27.825
-493.0 13.5 0.0
-504.5 27.0 7.25
-524.5 66.0 10.25
-509.0 59.5 7.75
-487.0 53.5 8.75
-485.5 53.5 9.0
-485.0 29.0 13.0
-485.0 -58.5 11.5
-485.0 -61.0 12.5
-487.0 -63.0 12.5
-491.5 -60.5 14.0
-500.0 -52.5 13.5
-526.5 -46.125 14.375
-543.75 23.0 14.5
-492.0 48.5 15.5
-525.5 57.5 16.5
-566.5 68.25 17.0
-564.0 76.5 17.0
-519.0 76.25 16.0
-459.75 69.75 15.5
-457.25 59.5 15.5
-454.75 88.5 16.5
-455.0 107.25 15.5
-453.25 89.0 15.0
-460.1875 67.75 14.0
-464.9375 54.5 13.0
-469.6875 -65.25 12.0
-474.4375 -192.0 12.5
-480.0 -206.52777777777777 12.0
-490.5 -252.6388888888889 12.0
-487.5 -298.75 10.5
-489.25 -344.86111111111114 10.5
-481.0 -390.97222222222223 10.0
-487.0 -352.5 11.0
-495.0 -403.45000000000005 10.5
-485.5 -510.05 10.5
-485.0 -594.25 10.5
-483.25 -586.75 10.5
-484.25 -590.0 11.0
-487.75 -561.0 11.25
-488.0 -533.5 10.5
-462.5 -520.5 10.5
-459.5 -508.5 10.75
-459.0 -496.0 11.25
-455.0 -484.5 11.0
-450.5 -476.0 10.75
-456.5 -417.5 11.75
-464.5 -243.0 11.75
-459.0 -220.5 12.0
-459.0 -219.0 12.5
-462.0 -220.5 12.75
-463.5 -217.0 13.0
-509.5 -133.0 13.0
-482.0 -136.0 12.75
-479.5 -136.5 13.25
-479.5 -137.0 12.0
-479.0 -135.5 12.25
-481.0 -134.0 12.0
-481.0 -128.5 11.5
-480.5 -100.5 10.25
-491.5 58.5 10.0
-494.125 105.5 10.0
-483.625 114.5 9.5
-473.125 121.0 8.5
-424.5 127.5 8.0
-501.0 127.5 9.25
-511.5 126.0 9.5
-522.5 118.5 9.5
-520.5 104.5 -6.75
-528.0 180.0 -6.0
-548.5 190.5 -1.5
-538.5 197.0 -2.75
-468.0 205.0 -2.5
-449.5 206.0 -2.5
-445.0 197.5 -3.75
-438.0 198.5 -5.25
-429.5 199.0 -5.75
-414.0 259.0 -5.5
-381.5 309.5 -5.0
-372.5 315.0 -4.75
-371.5 317.0 -4.25
-371.5 313.0 -4.25
-365.5 282.5 -5.0
-353.0 96.0 -6.0
-349.0 61.0 -6.75
-349.0 64.5 -6.75
-349.5 66.0 -6.25
-402.0 69.5 -6.0
-499.5 67.0 -7.25
-461.0 67.53571428571428 -7.5
-454.5 72.25 -7.0
-452.5 76.96428571428572 -6.5
-459.125 7.5 -7.0
-469.95833333333337 130.5 -8.75
-480.79166666666663 119.0 -9.5
-423.0 78.5 -9.75
-433.5 -7.5 -9.75
-495.5 65.0 -10.25
-510.5 100.5 -10.75
-516.0 113.5 -10.75
-504.5 126.0 -9.75
-505.0 139.0 -9.0
-474.0 149.0 -9.25
-496.5 189.5 -9.75
-483.0 293.5 -10.0
-485.5 296.5 -10.0
-487.0 300.5 -10.0
-487.0 308.5 -9.25
-482.5 302.5 -9.25
-473.0 328.0 -8.5
-356.5 439.5 -7.5
-338.0 246.5 -7.0
-327.0 363.0 -6.5
-326.5 401.5 -6.25
-329.0 407.5 -6.75
-331.0 405.0 -7.0
-329.0 206.0 -6.75
-329.0 196.5 -6.75
-333.5 236.0 -3.5
-330.5 320.5 -4.5
-332.5 317.0 4.5
-329.5 307.5 7.25
-326.0 297.5 9.0
-324.0 230.0 9.5
-326.5 128.0 11.75
-324.0 138.0 12.0
-322.5 155.0 12.0
-329.0 178.0 6.0
-325.5 331.5 9.886363636363637
-326.0 408.0 11.068181818181818
-326.0 429.0 12.25
-319.0 437.5 13.431818181818182
-308.0 479.625 14.613636363636363
-311.5 538.4583333333333 9.25
-310.5 597.2916666666667 29.25
-305.5 568.5 27.0
-305.0 569.5 30.5
-417.5 567.5 37.5
-473.0 571.5 31.75
-506.5 590.5 34.0
-495.5 592.5 30.25
-499.0 595.0 30.75
-497.0 597.0 30.0
-497.5 598.0 30.0
-499.0 593.0 30.0
-507.5 590.5 29.75
-516.0 593.0 30.25
-519.0 594.5 29.25
-520.5 592.0 28.75
-524.0 591.5 28.5
-525.0 591.5 27.5
-543.0 591.0 26.25
-526.0 590.0 25.75
-524.5 589.0 25.5
-541.5 589.0 25.0
-544.5 589.0 25.0
-545.0 592.0 25.0
-546.0 596.5 26.75
-546.5 598.0 29.75
-528.5 596.0 31.5
-500.5 591.0 34.0
-497.5 587.0 37.5
-497.5 584.0 40.0
-497.0 582.5 36.0
-496.0 582.5 31.25
-475.0 581.5 32.0
-474.5 581.5 33.5
-475.5 582.5 33.75
-474.0 583.5 34.5
-465.0 585.0 38.0
-460.0 585.5 40.75
-464.0 585.0 33.0
-473.0 583.5 35.0
-470.0 583.5 37.0
-476.0 584.5 39.0
-500.0 584.5 41.0
-500.0 585.5 43.0
-497.5 583.0 34.75
-482.0 580.5 22.5
-466.0 578.0 27.5
-465.0 578.5 27.0
-499.5 575.0 21.25
-502.0 559.0 21.5
-504.5 555.5 22.5
-504.5 555.0 20.25
-498.0 554.5 15.75
-491.0 556.5 9.25
-490.0 568.5 9.0
-487.5 561.5 10.5
-483.5 562.5 10.75
-486.5 563.5 9.75
-456.5 558.0 9.5
-412.0 551.0 9.25
-412.0 555.0 11.5
-425.0 557.5 11.75
-445.5 559.0 14.25
-412.5 557.5 14.75
-409.0 559.5 17.25
-435.5 580.0 17.5
-455.5 578.5 18.25
-490.5 578.0 18.5
-490.0 580.0 18.5
-487.5 581.5 18.0
-485.5 581.0 18.25
-483.0 573.5 18.75
-481.0 566.0 19.0
-479.0 570.0 18.5
-469.0 575.5 17.75
-459.5 573.5 17.5
-457.5 580.5 17.25
-456.0 588.5 17.0
-454.0 590.0 17.25
-463.0 588.5 16.5
-477.0 582.5 16.75
-466.0 584.5 33.0
-459.0 589.0 144.66666666666666
-470.0 570.0 327.3333333333333
-418.0 584.0 510.0
-420.5 593.5 633.5
-463.5 605.0 563.25
-471.0 591.5 529.0
-476.5 579.5 525.5
-486.0 599.0 525.75
-479.5 590.5 525.0
-615.9239130434783 587.5 524.75
-603.6195652173913 587.0 545.25
-591.3152173913044 582.0 545.5
-579.0108695652174 488.09375 546.75
-566.7065217391305 361.5520833333333 533.75
-554.4021739130435 235.01041666666666 537.5
-542.0978260869565 108.46874999999997 540.0
-529.7934782608695 -18.072916666666686 544.75
-517.4891304347826 -144.61458333333337 548.25
-505.1847826086956 -271.15625000000006 546.25
-492.8804347826087 -397.6979166666667 550.0
-480.57608695652175 -524.2395833333334 551.25
-521.0 -650.7812500000001 551.25
-520.0 -777.3229166666667 555.25
-507.0 -903.8645833333334 561.0
-498.0 -665.5 561.0
-486.0 -611.5 562.0
-516.5 -588.5 585.75
-460.0 -573.0 581.75
-472.5 -570.5 581.25
-467.5 -558.0 581.5
-462.5 -560.5 595.75
-463.5 -565.5 594.25
-464.0 -561.0 620.5
-511.5 -560.0 614.25
-519.5 -560.0 615.5
-522.0 -556.5 606.25
-516.0 -535.0 604.25
-507.0 -517.5 594.0
-524.0 -515.5 589.75
-517.5 -512.0 701.75
-489.5 -511.0 740.0
-489.5 -510.0 506.0
-503.5 -509.0 260.3719512195122
-504.0 -511.0 241.859756097561
-491.0 -509.0 223.34756097560975
-496.0 -503.5 204.83536585365852
-505.5 -500.0 186.3231707317073
-504.0 -502.5 167.8109756097561
-499.5 -497.5 149.2987804878049
-491.0 -494.0 130.78658536585365
-494.5 -491.5 112.27439024390245
-495.75 -492.25 93.76219512195122
-493.5 -494.75 75.25
-487.25 -493.25 56.73780487804879
-498.25 -489.75 38.22560975609757
-510.25 -445.15625 19.713414634146346
-510.75 -323.78125 1.2012195121951095
-502.0 -202.40625 -17.3109756097561
-499.25 -81.03125 -35.82317073170731
-503.0 40.34375 -54.335365853658516
-505.0 161.71875 -72.84756097560972
-503.0 283.09375 -91.35975609756099
-477.25 404.46875 -109.8719512195122
-482.5 604.0 -103.5
-467.75 788.0 -93.5
-466.75 721.25 -87.5
-468.25 703.5 -111.5
-478.0 689.0 -152.5
-481.5 677.0 -153.5
-466.25 670.25 -154.0
-465.75 651.0 -154.0
-466.25 622.25 -154.5
-467.5 577.75 -154.0
-468.25 539.5 -154.5
-464.75 505.5 -154.875
-465.5 476.5 -155.25
-466.0 475.0 -152.25
-465.5 497.0 -151.75
-448.5 538.5 -148.25
-484.5 571.5 -148.5
-470.5 614.0 -148.5
-485.0 630.0 -149.5
-480.5 617.5 -150.25
-482.0 584.0 -150.5
-487.5 557.0 -151.75
-509.0 535.0 -152.0
-510.5 512.0 -153.25
-509.0 476.5 -153.25
-508.0 450.0 -153.75
-507.0 389.29999999999995 -155.0
-501.5 307.70000000000005 -154.25
-498.5 247.5 -154.25
-497.5 232.0 -154.75
-500.0 239.0 -155.25
-503.0 217.0 -155.75
-504.0 195.5 -156.75
-506.0 199.03125 -158.0
-502.5 228.40625 -158.5
-492.5 257.78125 -158.75
-494.5 287.15625 -167.25
-492.5 316.53125 -168.5
-492.0 345.90625 -169.0
-491.0 375.28125 -169.25
-485.0 404.65625 -82.0
-485.0 448.0 -9.700000000000001
-485.5 486.0 -29.300000000000004
-488.0 526.5 -48.900000000000006
-485.5 533.0 -68.5
-475.5 508.0 -88.1
-439.5 498.0 -156.5
-274.25 476.5 -160.75
-93.25 458.0 -166.0
87.75 374.0576923076923 -169.0
268.75 266.1346153846154 -169.5
427.0 158.21153846153845 -169.5
510.6666666666667 50.28846153846155 -170.0
575.3333333333333 -57.63461538461539 -170.0
475.0 -165.55769230769232 -170.5
494.5 -261.375 -170.25
480.5 -320.875 -168.25
624.0 -380.375 -167.5
546.0 -444.0 -168.75
556.0 -558.5 -169.5
532.5 -419.4078947368421 -169.75
532.0 -270.61842105263156 -203.75
532.5 -121.82894736842107 -204.75
505.0 26.96052631578948 -205.0
460.5 175.74999999999994 -206.0
449.5 324.5394736842105 -204.73125
470.5 473.32894736842104 -201.65625
489.0 622.1184210526316 -198.58125
488.0 770.907894736842 -195.50625000000002
481.0 850.5 -192.43124999999998
498.5 833.0 -189.35625
512.5 752.25 -186.28125
583.5 668.5 -183.20625
615.5 580.0 -180.13125000000002
629.0 507.5 -177.05624999999998
605.8333333333333 451.0 -173.98125
567.1666666666667 424.0 -170.90625
528.5 426.5 -167.83125
489.83333333333337 434.5 -164.75625000000002
451.1666666666667 356.75 -161.68124999999998
461.0 245.08333333333331 -158.60625
319.0 133.41666666666666 -155.53125
316.5 21.74999999999997 -152.45625
377.0 -89.91666666666669 -149.38125000000002
548.5 -201.58333333333337 -146.30624999999998
555.0 -313.25000000000006 -147.0
508.5 -424.9166666666667 -208.25
502.5 -536.5833333333334 -209.75
489.75 -783.5 -209.25
521.0 -599.5 -210.25
501.5 -545.0 -213.25
480.0 -516.0 -213.75
471.0 -528.5 -213.75
487.0 -544.5 -212.75
489.5 -540.0 -248.75
467.0 -518.5 -305.0
441.0 -500.0 -312.5
434.0 -494.0 -312.25
420.0 -499.5 -311.5
491.0 -513.0 -311.0
490.0 -535.0 -311.5
487.0 -554.5 -312.0
496.5 -559.5 -313.0
504.5 -558.5 -313.5
462.5 -533.0 -329.5
413.5 -519.5 -317.75
412.5 -511.0 -307.75
412.5 -496.5 -300.5
409.0 -404.4166666666667 -293.25
413.5 -282.30555555555554 -291.0
414.0 -160.19444444444443 -291.75
419.5 -38.083333333333314 -293.5
577.0 84.02777777777777 -297.91666666666663
457.0 206.1388888888889 -303.1388888888889
432.5 328.25000000000006 -308.3611111111111
447.0 450.36111111111114 -313.58333333333337
444.0 572.4722222222223 -343.0
716.875 650.5 -241.25
508.0 597.5 -244.75
570.5 555.0 -242.75
497.5 540.0 -239.25
507.0 534.0 -238.0
461.5 529.5 -173.25
458.5 525.5 -167.0
456.5 531.5 -166.75
445.0 531.5 -166.75
434.0 531.0 -166.75
468.5 531.5 -166.5
424.5 532.5 -166.0
412.0 531.5 -153.0
423.5 529.5 -146.5
419.5 527.5 -146.25
511.0 524.5 -146.5
512.0 519.0 -146.5
530.5 513.5 -147.0
521.0 511.0 -147.75
516.5 510.0 -159.25
468.0 509.0 -159.25
503.0 508.5 -159.5
488.5 561.0 -159.25
459.0 562.5 -156.1875
464.5 566.0 -152.4375
495.5 573.0 -148.6875
436.08333333333337 584.0 -144.9375
508.41666666666663 593.5 -150.0
496.0 592.0 -155.5
504.5 520.5 -157.0
519.875 507.5 -157.0
535.5 509.5 -156.25
659.5 520.0 -162.0
640.0 520.5 -168.5
547.0 505.0 -168.5
585.5 494.5 -168.25
626.5 500.0 -168.25
513.5 566.0 -168.5
87.1875 558.0 -168.5
-22.0625 551.0 -170.0
-162.5 549.0 -168.75
-504.0 556.5 -170.5
-507.5 573.5 -167.25
-511.5 576.5 -167.0
-510.0 582.0 -167.5
-503.5 580.5 -167.75
-531.0 569.5 -164.5
-525.5 518.0 -161.25
-541.0 500.5 -161.5
-529.5 495.5 -160.75
-497.0 498.5 -160.0
-496.5 507.5 -158.5
-499.0 515.0 -158.0
-496.5 528.0 -156.75
-499.0 540.0 -153.75
-495.5 550.0 -154.75
-497.0 552.5 -156.5
-495.0 548.5 -157.5
-494.5 542.0 -156.75
-492.0 541.5 -158.25
-498.5 542.0 -157.0
-495.0 537.0 -155.5
-493.5 534.0 -153.75
-490.0 532.0 -153.75
-494.5 532.5 -154.5
-494.0 535.0 -150.75
-496.5 536.0 -151.25
-580.0 538.0 -152.5
-560.0 539.0 -152.75
-531.0 538.0 -155.0
-487.5 534.0 -155.0
-474.0 513.0 -155.25
-206.16666666666666 511.0 -156.0
45.16666666666667 503.5 -156.0
296.5 411.9342105263158 -156.75
454.5 290.5131578947368 -156.25
558.375 169.09210526315792 -155.25
587.0 47.67105263157896 -154.25
532.5 -73.74999999999994 -116.5
638.0 -195.1710526315789 -84.0
561.5 -316.59210526315786 -84.0
555.5 -438.0131578947368 -82.75
575.5 -559.4342105263157 -83.25
576.5 -649.125 -4.25
540.5 -622.0 13.0
504.0 -564.5 13.5
533.0 -531.0 13.5
532.5 -514.5 14.0
506.0 -537.0 14.0
526.0 -530.5 6.5
521.5 -529.5 -39.785714285714285
500.0 -527.0 -91.5
578.5 -529.0 -143.21428571428572
541.5 -539.0 -180.75
540.5 -542.0 -196.75
537.0 -543.5 -197.75
478.0 -538.0 -199.25
470.5 -537.0 -200.0
461.5 -537.0 -199.75
510.5 -541.0 -200.5
486.0 -529.5 -174.25
456.875 -499.95000000000005 -156.0
454.375 -470.54999999999995 -155.75
451.875 -448.5 -156.75
464.5 -446.5 -157.5
488.5 -345.0 -157.75
547.5 -118.0 -157.75
565.5 -97.5 -156.0
547.5 -116.0 -158.0
619.0 -138.5 -158.5
526.5 -151.5 -158.75
502.5 -152.0 -159.25
528.5 -151.5 -141.75
538.0 -159.5 -156.75
471.0 -162.0 -161.75
478.0 -162.5 -158.5
534.0 -162.5 -158.0
499.0 -166.5 -158.75
487.0 -194.125 -159.75
473.5 -282.625 -159.75
473.5 -371.125 -159.0
482.25 -459.625 -159.0
483.0 -509.25 -161.0
485.0 -503.75 -160.0
495.5 -524.0 -161.0
484.0 -505.5 -161.0
481.5 -521.75 -161.0
457.0 -520.5 -160.5
437.5 -508.75 -160.5
439.5 -511.25 -161.0
471.5 -514.0 -160.5
435.0 -510.5 -160.0
434.5 -508.75 -160.0
527.25 -507.0 -159.5
449.75 -504.75 -149.0
547.0 -510.0 -140.6875
570.5 -517.0 -144.9375
572.0 -520.5 -149.1875
502.0 -521.5 -153.4375
568.0 -521.0 -163.5
519.0 -519.25 -162.5
571.0 -518.0 -164.5
571.5 -505.0 -164.0
571.75 -491.5 -164.0
544.0 -491.0 -164.5
548.75 -491.0 -165.25
510.0 -492.5 -165.5
512.5 -493.0 -165.5
510.5 -499.5 -168.0
559.0 -499.0 -170.75
493.0 -498.5 -170.5
504.0 -500.0 -170.25
507.0 -502.0 -169.75
502.5 -526.0 -169.25
510.0 -528.5 -168.5
512.5 -531.5 -170.0
511.5 -534.0 -170.75
562.5 -536.5 -171.5
545.5 -534.5 -170.75
542.5 -535.5 -171.5
548.5 -534.5 -327.75
558.0 -534.0 -493.0
556.0 -532.5 -507.0
554.0 -530.5 -518.25
557.5 -530.5 -514.75
563.0 -530.5 -514.0
561.0 -517.0 -510.5
560.0 -493.5 -517.25
567.5 -494.5 -517.25
537.5 -494.5 -516.25
496.5 -494.0 -499.75
501.0 -491.5 -505.0
499.875 -502.5 -517.5
490.5 -499.0 -518.5
486.5 -498.5 -524.0
456.0 -499.0 -527.0
499.5 -499.0 -527.0
496.5 -499.0 -528.0
516.0 -493.5 -528.25
502.5 -469.0 -527.5
467.0 -498.5 -497.75
468.5 -500.0 -494.75
484.0 -503.5 -491.75
484.5 -526.5 -488.75
483.5 -524.5 -485.75
484.0 -523.5 -482.75
484.0 -522.5 -483.75
486.5 -520.5 -509.75
489.5 -520.5 -495.0
489.0 -519.5 -500.5
468.0 -519.5 -488.33333333333337
469.5 -520.0 -475.66666666666663
465.0 -522.0 -463.0
465.0 -521.5 -469.375
471.0 -499.66666666666663 -524.25
468.0 -492.33333333333337 -528.5
472.0 -485.0 -535.25
469.0 -480.0 -530.5
487.5 -492.0 -528.5
464.0 -502.0 -529.0
452.5 -509.5 -524.0
458.5 -483.5 -525.0
459.5 -467.5 -528.75
463.0 -469.5 -504.0
459.0 -507.5 -528.0
466.5 -506.0 -522.0
463.5 -504.5 -510.75
461.0 -505.0 -498.5
458.5 -506.0 -499.0
455.5 -505.5 -503.5
459.5 -504.0 -508.75
460.0 -513.0 -508.5
453.0 -514.0 -514.0
468.16666666666663 -512.5 -511.0
452.83333333333337 -512.0 -504.25
437.5 -511.5 -512.75
438.0 -511.5 -513.75
460.0 -510.5 -516.0
483.5 -508.5 -519.0
486.5 -508.0 -519.0
492.0 -509.5 -519.5
502.0 -507.0 -521.5
488.5 -471.5 -522.75
470.5 -476.0 -523.0
465.0 -476.5 -524.5
470.0 -477.0 -532.0
469.0 -478.0 -522.25
466.5 -483.0 -517.25
465.0 -485.5 -514.5
461.5 -487.0 -513.5
462.0 -488.0 -489.5
464.0 -488.5 -467.1875
472.5 -487.5 -453.4375
523.0 -486.5 -439.6875
505.5 -485.5 -425.9375
505.0 -482.0 -451.25
502.0 -502.0 -484.5
492.5 -500.0 -497.25
491.5 -501.0 -495.5
493.0 -501.5 -498.75
489.0 -501.5 -502.75
487.5 -502.0 -511.25
487.5 -533.0 -518.25
485.5 -534.0 -525.25
483.5 -534.0 -530.5
482.0 -533.0 -529.75
481.5 -532.5 -525.25
480.5 -532.5 -520.0
461.5 -531.5 -517.25
467.5 -530.5 -463.75
462.0 -530.5 -253.25
461.0 -530.5 -48.75
461.0 -530.5 166.3
455.5 -530.0 406.70000000000005
456.0 -529.0 548.25
497.5 -528.5 560.5
502.0 -529.0 576.75
456.5 -528.0 655.0
439.0 -509.0 589.5
424.5 -507.5 585.75
437.0 -508.0 638.75
494.5 -508.0 599.5
472.0 -508.5 602.5
479.5 -511.0 600.75
460.5 -511.0 598.5
467.0 -510.0 593.75
463.5 -510.0 597.0
464.0 -505.5 595.25
459.5 -501.0 598.75
458.0 -500.0 674.25
455.5 -497.5 606.5
451.5 -497.0 607.0
449.0 -497.0 617.25
447.0 -498.5 621.75
448.5 -499.5 620.0
447.5 -500.5 620.75
445.5 -501.0 616.5
453.5 -503.0 605.25
478.5 -503.5 595.75
479.5 -503.5 598.0
518.0 -503.0 589.5
498.5 -507.0 670.5
514.0 -507.0 667.0
546.5 -506.5 653.0
546.0 -509.0 668.5
546.5 -527.5 687.0
547.0 -533.0 650.75
548.0 -534.0 604.5
548.0 -534.0 669.6666666666667
548.1666666666667 -532.5 624.3333333333333
548.8333333333333 -532.0 598.25
551.5 -531.5 594.0
552.0 -478.5 593.5
551.0 -455.25 574.25
550.0 -464.25 608.5
550.0 -473.25 616.5
551.5 -496.0 579.75
551.0 -511.0 584.25
550.5 -506.5 586.75
550.0 -512.5 615.75
549.5 -511.5 677.75
533.0 -511.0 654.25
556.5 -511.0 610.75
553.0 -516.5 670.75
528.5 -519.5 573.5
490.0 -525.5 574.75
487.0 -529.0 569.5
483.0 -535.0 600.75
474.5 -536.0 577.0
496.0 -534.5 554.75
525.0 -536.5 554.0
529.0 -538.5 558.75
526.5 -541.5 561.0
526.0 -548.0 559.0
525.5 -554.0 566.5
526.0 -444.5 567.75
525.0 -311.0 580.5
523.0 -303.0 592.5
495.0 -301.0 583.25
450.0 -296.5 576.0
517.5 -292.5 594.75
436.0 -338.0 670.25
436.0 -499.5 607.25
485.25 -505.0 637.75
489.0 -502.5 635.75
469.5 -502.0 637.25
473.0 -516.5 474.1
496.5 -515.5 362.5
472.5 -520.5 250.9
476.5 -526.0 674.75
435.5 -525.5 566.5
198.0 -523.5 578.25
9.875 -519.0 562.25
-121.0 -516.0 567.0
-302.0 -513.0 585.5
-416.375 -510.5 611.25
-596.5 -508.0 724.0
-569.5 -505.5 608.5
-567.5 -504.0 629.75
-701.5 -503.0 594.0
-637.5 -501.5 424.25
-591.0 -501.5 288.75
-660.5 -502.0 175.5
-652.0 -504.0 161.0
-603.0 -506.0 163.25
-493.5 -509.0 80.5
-493.5 -513.5 -60.25
-493.5 -516.5 -65.25
