y_T y_A y_P
387.0 395.0 342.0
357.0 367.5 322.0
436.25 367.0 319.0
330.0 366.0 318.5
329.5 365.5 320.25
360.6296296296296 364.5 332.0
351.14814814814815 363.25 334.25
341.6666666666667 362.5 338.25
332.1851851851852 363.25 339.0
322.7037037037037 364.0 342.5
313.22222222222223 365.0 343.5
303.74074074074076 366.0 346.0
294.25925925925924 367.75 345.0
284.77777777777777 370.5 346.0
275.2962962962963 397.0 346.5
265.81481481481484 399.0 347.0
256.3333333333333 399.0 347.0
246.85185185185185 399.5 346.5
237.37037037037038 400.0 346.0
296.5 400.0 344.5
310.5 400.0 344.125
309.0 399.5 343.0
307.5 399.5 342.25
295.5 384.0 342.75
448.125 370.5 343.0
395.75 368.5 342.25
388.75 367.5 341.5
381.75 366.5 341.5
374.75 365.0 341.75
367.75 366.5 341.5
360.75 388.5 341.0
353.75 392.5 341.0
346.75 393.25 341.75
339.75 394.25 342.5
332.75 394.25 343.5
325.75 394.5 345.0
318.75 395.5 345.5
311.75 402.25 345.0
304.75 377.75 343.0
297.75 375.25 343.5
290.75 374.0 342.5
283.75 373.0 345.0
276.75 355.2142857142857 350.0
269.75 348.07142857142856 348.0
262.75 340.92857142857144 346.0
255.75 333.7857142857143 346.0
321.25 333.0 342.25
326.5 383.5 351.0
346.0 383.5 350.0
355.5 389.5 351.0
318.33333333333337 390.5 349.5
315.66666666666663 390.5 350.5
313.0 388.5 351.0
306.5 387.0 351.0
317.0 390.5 350.5
319.0 391.5 351.25
318.5 393.0 350.75
354.0 399.0 350.25
336.5 404.5 350.75
331.75 383.7142857142857 351.75
325.5 380.57142857142856 350.5
317.5 377.42857142857144 350.0
305.5 374.2857142857143 349.5
249.375 380.75 354.5
246.875 387.75 349.5
244.375 379.5 349.0
241.875 365.5 348.0
256.0 361.0 346.5
327.75 359.5 345.0
337.1 361.25 348.5
317.9 369.75 347.0
298.7 378.75 345.5
279.5 363.5 345.25
260.3 377.0 347.0
253.0 378.5 347.0
298.5 379.0 355.75
280.0 375.0 353.75
280.5 379.0 352.75
285.0 375.0 352.75
286.0 371.0 352.0
290.5 366.5 354.0
289.5 363.0 354.5
289.0 356.5 353.75
288.5 352.5 354.0
288.5 351.0 354.0
288.5 351.5 353.75
288.5 352.5 353.0
289.0 358.0 352.25
292.0 360.0 351.0
289.5 361.5 350.5
282.5 362.5 350.0
277.0 403.0 349.5
274.0 400.0 349.0
271.0 399.5 349.5
266.0 398.0 345.0
266.5 397.5 286.75
293.0 396.0 214.41666666666669
310.5 395.0 142.08333333333334
313.5 394.5 281.25
285.5 394.5 341.5
254.5 391.5 338.5
255.0 388.5 338.25
256.5 379.5 345.5
259.0 374.0 348.0
260.5 370.5 346.75
262.5 369.0 350.75
264.0 369.0 352.0
267.5 368.5 345.5
269.0 372.5 339.75
273.0 378.0 339.0
283.5 380.0 336.75
281.0 382.5 335.5
283.5 383.5 333.5
288.0 381.0 331.0
289.5 383.5 327.5
284.0 371.5 327.5
278.0 362.5 325.0
276.5 363.0 324.25
275.5 364.0 326.75
277.0 363.0 331.0
275.5 361.5 331.0
278.0 362.0 330.5
257.2916666666667 364.0 329.0
230.45833333333331 366.0 328.5
203.625 378.5 328.25
206.5 382.0 328.25
285.5 387.0 328.25
329.0 389.5 328.5
328.5 390.0 327.0
292.0 375.0 311.0
284.0 369.0 308.25
274.0 365.5 306.75
318.0 363.5 308.0
299.0 379.5 303.0
214.5 394.0 300.4642857142857
169.0 395.0 292.32142857142856
269.0 396.0 284.17857142857144
261.0 396.0 276.0357142857143
216.0 396.0 304.75
222.33333333333331 395.5 326.25
229.66666666666669 394.5 331.0
233.5 392.0 331.75
235.5 356.5 333.5
306.75 357.5 332.25
259.75 359.0 332.5
212.75 361.0 324.5
223.0 363.0 331.0
335.5 375.5 323.25
332.5 389.0 319.5
309.5 384.5 340.5
277.5 377.5 338.75
282.0 366.5 333.25
292.5 352.5 324.17857142857144
271.0 338.0 302.8928571428571
312.0 331.0 281.6071428571429
310.0 338.0 260.32142857142856
309.0 263.4 326.75
310.5 273.0 336.25
312.5 282.6 334.5
313.5 371.5 337.75
312.0 395.5 341.0
312.0 382.0 341.25
289.0 376.5 340.75
275.0 383.0 337.5
291.5 393.0 336.0
266.0 404.0 336.0
265.0 410.5 335.0
262.0 413.0 333.0
258.0 412.0 332.25
216.0 405.5 335.5
218.5 394.5 334.75
226.0 391.0 333.75
218.0 372.0 323.5
206.0 365.5 318.5
204.5 366.5 317.0
288.0 366.0 315.0
256.5 369.5 315.5
255.5 396.0 314.75
310.5 397.0 314.75
309.5 397.0 315.25
307.75 397.5 315.25
274.5 397.0 314.5
300.5 397.0 313.5
249.5 398.0 313.0
260.20833333333337 401.0 312.0
289.04166666666663 405.0 311.5
317.875 410.5 310.5
340.0 416.0 311.5
378.0 423.5 317.0
263.5 434.0 331.5
274.5 443.0 334.25
308.5 435.5 335.0
333.54166666666663 423.0 334.25
287.70833333333337 431.0 334.0
241.875 432.5 333.5
232.5 425.0 333.0
299.5 380.0 333.25
309.0 331.25 334.0
307.5 316.25 335.0
288.0 375.5 336.5
288.5 403.5 333.75
262.625 417.0 321.75
230.79166666666669 417.5 319.75
198.95833333333334 416.0 317.75
189.5 407.0 316.75
230.5 400.0 315.5
280.5 396.5 314.75
288.0 394.0 313.5
328.0 390.0 313.5
348.5 389.0 313.75
331.0 390.5 313.0
362.5 379.0 313.25
310.0 371.0 313.5
310.0 360.0 313.5
305.0 354.0 313.75
312.0 356.0 314.5
322.5 349.0 318.5
258.5 347.0 322.5
264.5 349.0 325.0
267.0 352.0 327.75
273.5 414.5 329.0
269.0 417.0 332.25
272.5 420.5 332.25
263.5 423.0 332.75
263.5 423.5 332.0
274.0 424.0 330.0
309.0 406.5 330.5
240.0 398.0 331.0
218.0 397.5 331.0
258.5 395.5 331.0
285.0 377.0 332.0
360.0 368.0 332.0
248.0 367.5 332.0
246.5 367.0 332.0
248.0 368.0 332.25
249.5 368.5 332.5
254.0 383.0 332.5
277.5 411.5 333.5
296.0 413.0 333.5
292.0 417.5 332.75
291.5 422.0 331.75
294.0 426.5 333.0
294.5 428.5 335.25
295.5 425.5 332.25
297.5 392.5 331.0
279.5 371.5 327.0
322.0 358.5 325.25
322.0 281.5 323.5
320.5 230.85714285714286 322.25
321.5 214.0 322.75
321.5 197.14285714285717 324.0
322.0 194.5 324.25
321.0 277.0 324.5
321.5 316.5 325.0
321.5 339.0 325.0
321.0 359.5 325.0
322.5 373.5 325.3
282.0 376.5 320.5
287.5 379.75 315.7
285.5 379.5 310.9
285.0 374.75 306.1
283.5 371.25 307.5
284.5 371.0 330.5
285.25 364.0 340.0
345.75 363.75 335.5
374.75 364.0 335.0
382.5 370.5 336.0
384.75 378.0 337.0
386.5 385.25 338.0
278.5 402.5 339.0
374.75 396.25 339.5
391.25 401.5 338.0
376.0 399.25 338.5
348.75 390.5 337.0
322.25 397.0 335.0
323.75 410.5 335.0
325.0 402.5 334.5
325.5 387.5 332.5
326.5 376.75 332.0
326.25 374.0 331.5
326.0 369.25 331.5
324.25 368.25 332.0
322.75 377.25 333.5
296.0 389.0 335.0
278.0 393.75 335.0
241.375 389.5 335.125
240.5 386.0 334.75
239.0 386.5 334.75
239.5 382.5 334.75
238.5 376.5 338.5
238.0 370.5 342.0
235.5 354.0 346.0
265.5 346.0 344.75
275.5 341.0 345.5
273.25 345.5 347.0
261.0 355.0 346.0
264.375 360.0 346.0
265.5 365.5 346.0
264.0 374.0 346.5
263.0 369.5 346.0
255.0 390.0 345.75
259.0 373.0 345.5
251.0 360.0 345.5
235.5 351.0 344.25
238.0 350.0 356.75
238.0 351.0 349.5
237.0 362.5 105.04166666666667
237.0 379.0 187.20833333333334
240.5 390.5 269.375
236.5 393.0 367.0
237.5 374.0 364.25
239.0 367.5 357.5
235.5 358.0 327.0
218.0 351.5 326.75
191.125 356.0 327.75
209.95833333333331 373.0 327.0
228.79166666666666 395.0 328.75
375.5 398.0 328.5
227.5 393.5 328.0
226.0 388.5 324.75
304.5 374.5 323.5
299.5 371.5 326.5
300.0 375.5 355.0
298.0 378.0 358.5
234.5 380.5 360.5
249.5 380.0 363.0
258.0 383.0 374.75
259.5 384.0 388.5
259.5 387.0 389.5
354.5 389.0 388.5
355.0 388.0 363.0
354.0 383.5 383.0
353.5 382.0 403.25
209.0 383.5 404.25
183.0 388.0 403.0
182.5 391.0 395.75
176.5 372.5 387.75
182.0 364.5 386.25
221.5 365.0 386.0
158.0 366.5 383.58333333333337
145.0 375.0 383.91666666666663
142.0 397.5 385.125
144.0 402.5 384.7
149.0 405.0 385.5
140.5 407.5 386.3
145.0 407.5 385.0
143.5 408.5 382.0
201.5 410.0 375.0
192.5 411.5 386.5
215.5 408.0 405.5
192.0 403.0 382.75
192.0 401.5 380.0
171.5 399.5 386.25
182.0 400.5 383.75
172.5 402.5 392.75
227.0 380.0 401.2857142857143
223.0 383.5 381.0
225.5 386.0 360.7142857142857
226.0 336.5625 354.0
192.8 268.8125 353.0
147.2 265.5 358.75
224.5 389.0 359.25
213.0 387.5 360.25
257.0 386.5 359.75
276.5 390.0 359.0
297.5 413.5 358.0
350.5 412.5 356.0
274.625 413.0 356.5
246.5 411.5 355.0
256.0 411.5 353.5
264.0 411.0 374.0
256.0 413.5 387.5
275.8571428571429 399.5 389.0
297.0 385.0 391.5
318.1428571428571 383.5 392.5
341.0 381.5 392.5
310.5 383.0 392.5
344.5 387.0 391.0
294.0 399.0 365.4
355.0 404.0 334.6
356.5 409.0 307.5
301.875 408.5 329.75
303.0 409.5 328.5
302.0 410.0 323.5
305.0 411.0 328.5
305.0 409.5 330.0
308.0 378.5 331.25
423.0 373.0 332.5
539.5 368.5 332.0
544.0 367.5 331.75
476.0 369.0 325.25
551.0 371.5 321.5
550.5 401.5 321.5
275.0 411.5 320.5
256.5 417.5 319.5
379.0 422.0 318.5
516.5 429.5 318.5
629.5 422.5 318.5
600.0 412.5 318.0
606.0 419.0 320.0
588.75 426.0 321.75
586.5 425.5 322.75
683.5 410.0 324.0
782.5 398.0 326.0
673.5 388.0 326.5
581.0 371.5 327.5
562.5 360.0 327.5
562.5 361.0 327.5
586.5 371.0 326.5
616.5 383.0 328.5
608.0 398.5 342.0
489.0 397.0 344.0
434.0 386.0 345.5
494.0 376.5 347.0
499.0 370.5 348.0
482.5 370.0 347.5
486.0 374.5 348.5
480.5 401.5 348.5
552.0 413.0 348.25
538.0 414.0 348.0
514.5 412.5 348.0
525.5 409.0 348.0
519.0 406.5 349.25
537.0 406.5 349.5
559.0 406.5 349.5
579.0 394.0 349.75
584.5 350.45000000000005 350.25
588.5 303.04999999999995 349.5
585.0 291.0 345.0
446.5 351.5 322.5
472.0 389.0 322.0
419.5 391.0 321.5
398.0 392.5 320.5
380.5 395.0 320.75
365.0 401.5 321.5
338.5 414.0 321.25
269.5 419.5 321.75
273.5 424.5 323.0
256.0 407.0 324.0
265.0 409.0 325.75
267.5 410.5 326.5
257.0 410.5 327.75
272.0 430.0 328.0
196.0 439.5 328.25
445.75 433.0 328.75
380.75 422.0 329.0
315.75 405.5 329.0
250.75 391.0 329.0
254.5 382.5 328.75
255.5 383.0 328.25
260.0 390.0 327.75
262.5 403.5 326.75
249.5 421.0 327.0
234.5 426.0 327.0
242.5 425.0 326.0
255.0 418.0 326.0
261.0 404.0 326.75
314.0 382.0 327.5
305.5 293.0 327.5
308.0 206.64285714285714 327.5
301.0 167.5 328.5
298.5 128.35714285714283 328.5
282.0 123.0 329.25
359.5 182.5 329.0
387.0 205.5 329.75
373.5 213.0 330.5
363.5 223.5 330.5
405.0 213.5 329.5
387.0 270.875 329.5
359.0 337.0 329.0
355.0 358.5 329.5
362.5 364.0 329.5
336.5 375.0 329.5
365.5 384.0 329.5
384.0 390.0 329.75
379.5 398.5 330.25
410.0 408.5 330.0
415.5 419.0 329.5
548.5 427.5 329.5
617.0 461.0 329.5
579.0 457.0 328.75
624.0 446.0 326.0
584.0 431.0 329.3928571428571
650.5 412.0 335.25
583.875 388.0 341.1071428571429
662.0 368.5 345.5
608.5 368.5 346.25
489.15 376.0 347.5
397.35 374.0 348.75
385.0 334.85 351.75
452.5 310.65 352.5
453.0 325.0 353.5
466.5 430.5 354.0
530.0 431.0 355.0
485.0 416.5 355.0
478.5 400.5 354.0
482.5 382.5 353.5
447.58333333333337 358.5 352.0
435.91666666666663 354.5 339.0
424.25 363.0 333.5
432.75 375.0 331.0
444.25 382.5 331.25
382.0 393.5 331.5
320.0 410.5 330.75
340.0 401.5 329.75
357.8989361702128 392.0 328.0
358.4308510638298 384.0 329.5
358.9627659574468 372.5 329.0
359.49468085106383 368.0 328.25
360.0265957446809 370.75 327.5
360.5585106382979 375.25 327.75
361.0904255319149 381.25 327.5
361.6223404255319 402.25 327.5
362.1542553191489 413.0 326.5
362.686170212766 411.75 326.5
363.218085106383 408.25 325.5
363.75 405.25 270.5
364.281914893617 402.5 255.0
364.813829787234 399.5 250.5
365.3457446808511 398.75 248.5
365.8776595744681 388.75 247.5
366.4095744680851 385.0 248.0
366.9414893617021 386.0 248.0
367.4734042553191 385.75 248.5
368.00531914893617 384.25 249.5
368.5372340425532 382.0 250.0
369.0691489361702 388.75 251.0
369.6010638297872 386.75 253.5
373.5 387.0 255.5
420.5 388.5 256.0
448.5 392.75 256.5
435.25 413.0 260.0
428.75 423.5 323.5
485.25 429.5 326.5
526.25 430.5 327.0
567.25 429.5 327.0
631.5 425.0 327.0
713.0 420.0 327.75
620.5 412.5 334.0
685.0 404.5 344.75
704.75 400.0 345.5
689.5 400.0 346.0
681.0 406.0 346.0
682.5 413.5 346.0
686.0 421.0 345.0
673.0 428.5 345.25
677.5 432.5 345.5
599.5 430.5 345.75
492.8333333333333 427.0 347.0
386.16666666666663 420.0 341.5
517.5 412.5 322.07142857142856
501.5 407.5 303.5
516.5 381.0 284.92857142857144
573.0 307.8125 305.5
565.0 233.5625 322.5
564.0 338.5 326.5
533.5 399.0 323.0
532.0 405.0 325.0
516.5 403.5 330.5
460.5 397.5 331.5
470.0 386.0 345.25
468.5 377.0 354.75
477.0 374.0 354.25
452.5 375.0 352.25
450.5 378.0 354.0
517.5 380.0 355.0
443.0 380.5 367.0
384.5 382.5 383.5
395.5 381.5 383.5
388.5 381.0 384.75
362.5 378.5 383.25
336.45000000000005 377.5 384.0
307.04999999999995 376.5 383.75
295.5 377.0 383.25
285.0 398.0 382.25
311.5 404.0 382.75
299.5 405.5 376.0
297.5 407.0 337.0
300.91666666666663 407.5 337.0
307.4722222222222 408.5 337.0
314.0277777777778 385.5 337.5
320.58333333333337 379.0 337.0
328.0 375.0 337.0
326.0 370.0 337.0
322.5 383.5 343.25
327.5 395.5 343.75
325.5 394.5 345.5
293.0 400.0 347.5
297.5 406.5 349.25
301.5 418.5 350.25
304.5 428.5 353.25
282.5 435.0 354.75
288.0 440.0 355.25
281.0 441.0 349.25
278.0 439.5 340.0
268.0 420.0 333.5
251.0 383.5 333.0
276.5 375.0 332.5
270.5 366.0 332.0
267.5 361.5 330.5
261.5 359.0 330.5
260.5 385.0 332.0
312.0 391.5 335.5
351.5 402.0 335.5
222.0 412.5 335.5
223.0 423.5 334.75
286.5 433.0 334.25
297.0 422.5 334.0
229.5 406.0 333.5
285.5 398.5 336.5
336.5 388.5 352.5
328.0 377.0 356.5
324.0 389.0 357.0
323.5 387.0 357.0
280.5 389.5 357.5
241.0 394.0 359.25
248.0 398.5 359.0
369.5 405.0 359.25
353.5 411.0 357.5
338.0 412.0 328.2142857142857
348.5 411.0 288.5
361.5 408.0 248.78571428571428
359.5 403.0 241.75
279.0 397.0 344.5
208.0 384.0 357.5
205.0 372.5 360.75
206.0 375.5 358.25
208.5 383.0 357.5
211.0 385.0 358.0
373.5 406.5 360.5
376.0 417.0 358.25
374.5 415.0 358.0
372.5 412.5 358.5
362.5 410.5 358.0
300.0 410.0 358.0
241.0 409.0 358.0
331.0 409.0 357.75
329.0 409.5 357.25
327.0 410.0 356.0
325.0 411.0 356.0
326.5 412.0 356.0
278.5 411.0 356.0
241.5 410.0 356.0
235.5 393.5 356.0
237.0 374.5 356.0
232.5 374.0 357.0
226.25 372.5 357.0
217.5 372.5 356.75
215.35000000000002 373.5 355.75
213.14999999999998 368.0 355.0
210.95 289.5 355.75
208.75 347.5 355.5
206.55 397.0 355.75
208.0 404.0 356.5
207.5 405.5 356.5
205.5 405.5 357.75
208.0 408.5 358.0
285.0 410.5 358.25
255.0 409.0 359.0
257.75 407.5 359.0
252.75 407.0 358.75
227.875 407.0 356.3611111111111
229.5 408.0 347.80555555555554
246.0 391.5 339.25
251.5 378.0 330.69444444444446
253.5 377.5 322.1388888888889
268.5 377.0 343.5
270.16666666666663 376.5 340.5
280.83333333333337 376.0 343.5
279.0 376.0 347.0
270.5 378.0 347.25
270.0 380.0 346.25
271.0 383.5 346.0
275.33333333333337 385.5 344.75
288.66666666666663 386.0 347.75
329.0 385.0 349.5
344.0 384.0 351.5
316.0 382.0 352.0
313.0 381.0 353.0
311.0 380.5 353.5
309.5 381.0 353.75
308.5 387.5 352.75
309.5 402.0 349.25
313.5 403.0 334.5
317.5 404.5 334.25
315.5 406.0 334.75
329.5 409.5 336.0
350.0 412.5 336.5
221.0 412.5 336.75
222.0 412.0 337.0
222.0 412.5 337.5
229.5 412.5 337.0
244.375 410.0 336.5
277.75 385.0 336.0
268.33333333333337 384.0 336.25
237.66666666666669 383.0 335.5
226.625 382.5 335.75
222.875 382.0 336.5
219.375 381.5 338.25
215.875 381.0 351.0
213.5 380.0 360.0
211.5 383.0 361.5
210.5 384.0 360.5
208.5 381.0 360.0
210.0 380.5 361.5
209.5 380.0 362.25
211.0 378.5 362.25
212.5 377.0 362.5
213.5 383.5 362.75
333.5 379.5 362.25
347.5 378.0 360.75
355.5 376.5 359.5
345.5 362.0 361.25
344.0 338.0 358.75
343.5 314.0 361.0
341.0 314.5 360.75
334.5 372.0 312.57142857142856
332.5 380.5 250.0
333.0 384.0 187.42857142857144
333.0 384.5 233.0
299.0 384.5 353.5
251.5 390.5 362.25
245.5 393.5 363.75
246.5 399.0 359.75
246.0 402.0 359.5
246.0 388.5 359.0
247.0 392.0 358.5
248.5 395.0 358.75
249.5 392.0 359.0
248.0 389.5 359.0
244.5 385.5 357.0
238.5 384.0 355.25
231.5 389.0 357.0
222.5 391.5 355.0
216.0 400.5 356.0
237.5 405.5 355.0
269.625 405.5 354.5
253.5 398.0 354.0
254.5 393.0 354.5
262.0 391.0 354.25
234.5 395.0 353.25
326.5 416.5 353.25
333.5 417.5 353.0
337.5 415.0 353.0
338.5 414.5 353.5
342.0 413.5 344.75
343.5 414.0 323.0
350.5 414.0 321.75
355.0 414.5 320.5
350.0 414.5 317.0
342.5 415.0 320.0
338.0 417.0 320.25
271.0 398.5 319.25
247.0 383.0 321.5
246.5 383.5 323.75
246.5 383.0 324.5
248.5 384.0 325.0
266.5 384.0 323.5
265.5 385.0 323.0
200.5625 386.0 323.25
205.3125 388.0 324.0
210.0625 389.375 325.5
214.8125 390.75 325.5
219.5625 393.75 326.5
224.3125 396.5 326.0
229.0625 417.25 325.5
233.8125 421.0 325.5
238.5625 422.75 325.5
243.3125 423.25 327.0
248.0625 422.5 329.5
252.8125 392.25 351.0
257.5625 390.5 357.5
262.3125 389.75 359.5
267.0625 389.75 359.0
271.8125 391.0 359.0
276.5625 411.0 360.0
281.3125 419.0 359.5
289.5 422.75 358.5
326.5 424.25 357.0
325.5 424.0 356.5
318.0 423.75 355.0
376.5 421.25 354.0
335.5 417.75 355.0
361.75 414.5 354.0
574.75 400.0 355.5
683.5 327.5625 355.5
661.4166666666667 279.8125 355.0
617.0833333333333 294.0 354.625
638.25 393.5 354.5
681.25 405.0 354.5
724.25 404.5 354.25
767.25 400.5 354.75
777.7115384615385 405.0 355.25
690.5576923076923 405.0 356.75
603.4038461538461 406.5 357.5
516.25 411.0 358.0
429.0961538461538 412.0 358.5
341.9423076923076 414.5 356.5
254.78846153846155 416.0 335.25
239.375 416.0 334.5
253.75 416.0 331.75
276.75 390.5 329.0
299.75 372.0 328.5
322.75 371.0 329.0
345.75 370.0 326.5
366.1744186046511 368.0 327.25
346.87209302325584 367.0 327.0
327.56976744186045 367.5 327.0
308.2674418604651 375.0 326.75
288.9651162790698 388.0 327.5
269.66279069767444 391.0 327.75
250.36046511627907 392.5 328.25
231.0581395348837 396.5 329.5
211.75581395348837 415.0 329.25
192.45348837209303 414.0 329.0
173.1511627906977 412.5 331.0
153.84883720930236 413.0 330.75
134.546511627907 413.0 330.0
115.24418604651164 413.5 329.5
95.94186046511629 414.0 329.5
76.63953488372096 413.5 329.25
57.33720930232559 413.5 328.75
38.03488372093025 413.0 328.5
18.732558139534916 411.5 328.5
-0.5697674418604493 410.5 328.75
-19.872093023255786 410.0 329.25
-39.17441860465115 408.5 329.0
-14.5 407.0 313.5
29.0 407.5 293.5
239.0 409.0 273.5
386.5 399.0 303.25
405.5 387.0 359.75
389.5 387.5 362.0
385.5 387.5 363.0
602.8333333333333 386.5 360.0
614.1666666666667 397.0 361.75
792.0 390.0 361.5
779.5 389.5 362.0
690.5 390.0 362.25
667.25 390.5 362.5
754.375 391.0 362.25
723.875 410.0 361.75
634.0 412.5 361.25
515.1666666666667 412.0 360.5
446.05555555555554 412.5 359.25
376.94444444444446 411.0 358.5
307.8333333333333 406.5 358.25
266.5 387.5 356.75
314.0 344.0 356.0
320.0 300.0 355.75
313.0 256.0 355.75
344.5 370.0 355.0
320.0 393.0 354.5
297.0 383.0 354.25
298.5 372.0 353.75
322.5 355.5 353.5
307.0 338.5 353.25
306.5 325.0 352.75
307.5 322.5 352.5
390.0 331.5 353.0
311.0 297.25 352.5
311.0 346.25 352.75
366.5 323.5 353.5
320.5 323.5 354.0
315.5 355.5 354.5
311.5 357.5 355.25
276.15625 360.0 357.0
284.78125 364.5 358.25
293.40625 364.5 359.75
302.03125 364.5 358.5
309.5 365.5 332.17857142857144
315.0 367.5 299.75
250.5 368.5 267.32142857142856
342.5 375.0 276.25
264.5 382.0 343.5
319.5 382.5 348.0
323.0 381.5 348.5
354.5 379.5 353.0
319.5 362.5 357.0
341.0 349.0 360.0
306.5 337.5 361.0
287.0625 330.0 361.0
301.3125 327.0 361.75
356.0 330.5 361.0
288.0 350.0 350.25
275.0 360.5 330.0
223.0 366.5 329.5
254.0 369.5 331.0
254.0 372.0 330.5
310.5 373.5 330.0
375.0 378.0 329.0
314.375 381.0 327.0
278.25 382.5 326.0
283.0 384.5 324.5
280.0 378.0 325.5
284.0 367.5 325.0
324.125 364.5 329.0
304.625 366.0 332.75
285.125 368.5 333.25
279.5 405.5 333.0
284.5 408.0 331.0
260.5 410.0 328.5
262.0 410.5 325.75
261.5 411.5 324.75
262.0 411.5 319.5
262.0 410.0 317.5
276.0 408.5 318.0
310.25 407.0 333.0
295.0 405.5 332.75
299.5 404.0 333.75
282.375 403.5 333.0
304.0 404.5 334.0
439.5 404.5 333.5
268.0 405.5 333.5
195.5 407.0 333.5
216.5 405.5 333.5
216.0 403.5 333.5
215.0 401.5 333.5
208.5 400.5 334.5
196.5 398.0 333.5
183.0 390.0 333.5
161.5 357.5 333.5
174.0 355.0 333.5
172.5 352.0 333.0
179.5 349.0 332.5
223.0 347.5 332.25
279.0 347.0 331.5
335.0 350.0 331.0
284.5 355.5 330.75
262.5 361.0 332.0
252.5 259.66666666666663 332.25
298.5 356.33333333333337 334.0
302.0 357.0 335.0
305.0 363.5 335.0
296.5 347.0 334.75
297.5 331.5 335.5
331.5 333.0 337.0
304.0 356.5 348.0
293.5 374.0 347.5
287.0 391.5 347.75
278.5 408.5 348.0
285.0 415.0 348.25
280.0 411.5 347.5
280.0 408.0 347.0
286.5 404.5 338.0
288.0 402.0 332.5
284.0 391.0 328.5
281.0 370.5 327.25
292.5 369.5 325.25
288.0 370.0 325.5
282.0 369.5 324.5
283.5 367.0 325.5
293.5 368.5 326.5
294.5 367.0 326.75
288.0 366.5 327.5
285.0 373.0 325.75
295.0 382.0 328.5
301.0 383.0 329.5
298.5 388.0 330.75
295.0 389.0 332.5
298.5 387.5 334.75
299.5 406.5 336.25
307.0 394.0 365.25
320.5 388.5 368.7857142857143
298.0 391.0 330.5
287.5 398.0 292.21428571428567
315.0 405.0 286.0
333.0 409.5 333.25
329.0 411.5 332.0
357.0 411.5 331.5
334.5 407.0 333.75
332.5 396.0 338.0
306.0 383.5 338.0
293.5 376.0 350.75
335.0 375.0 357.0
332.5 336.65 355.5
273.5 269.25 355.75
298.5 201.85 356.25
330.0 390.5 355.75
330.5 408.5 355.5
333.0 400.5 355.5
333.5 390.5 355.75
335.5 379.5 356.25
337.0 381.5 357.5
338.0 387.5 356.5
338.5 390.5 355.5
342.0 395.5 356.25
296.5 401.0 357.375
300.5 406.5 355.5
296.5 401.0 354.0
284.0 387.0 351.0
278.83333333333337 384.0 351.0
292.16666666666663 381.5 352.5
305.5 379.0 354.0
322.0 375.5 356.5
316.3636363636364 371.5 356.5
300.1818181818182 370.0 358.5
284.0 369.5 360.5
267.8181818181818 369.0 386.5
251.63636363636363 370.0 388.5
252.5 368.5 388.5
285.5 368.0 388.5
294.0 367.5 390.0
314.0 367.5 392.0
323.5 368.0 396.75
289.0 379.5 398.75
305.5 392.5 401.0
312.5 396.0 401.5
312.0 400.5 329.7142857142857
303.0 401.0 322.57142857142856
327.5 401.5 315.42857142857144
310.0 401.5 308.2857142857143
303.4 400.5 328.0
333.0 400.0 332.75
362.6 399.25 336.5
310.5 399.25 345.0
266.25 399.0 344.0
275.92857142857144 372.5 343.0
240.5 372.75 343.0
205.07142857142856 373.0 345.0
201.0 373.25 344.5
266.25 373.25 343.5
271.0 372.75 344.5
273.5 372.75 331.5
261.0 372.75 331.0
263.0 372.5 326.5
265.0 371.5 323.0
265.0 371.25 320.5
270.75 369.5 318.5
277.25 368.5 318.0
285.0 356.0 322.0
334.75 354.5 344.0
355.25 354.25 347.5
377.0 383.0 347.5
366.5 414.25 348.5
368.0 414.25 348.5
378.0 414.0 349.5
382.0 414.5 351.0
358.75 426.75 351.5
355.625 461.5 351.5
352.0 461.0 352.75
363.5 460.0 352.25
344.0 459.0 352.5
321.0 460.5 353.0
364.5 461.0 354.25
315.0 458.0 355.5
308.41666666666663 354.95 356.25
280.08333333333337 292.75 356.75
251.75 230.55 357.0
251.5 362.5 357.0
291.5 383.0 356.75
304.0 388.5 357.0
288.0 389.0 357.0
291.5 397.0 356.5
330.5 409.0 357.5
342.25 412.5 357.5
287.5 414.0 358.25
326.0 415.5 357.75
297.0 417.0 358.0
285.0 418.5 357.5
300.5 420.5 358.0
270.95000000000005 417.5 358.5
225.55 413.5 358.5
214.5 404.5 359.5
316.0 362.34375 360.0
321.0 333.71875 360.5
347.0 305.09375 361.0
318.5 276.46875 361.5
330.5 283.0 361.25
327.5 369.5 361.25
323.0 373.5 360.5
279.0 374.0 344.0
253.85000000000002 363.5 337.0
257.65 266.65625 335.0
283.0 269.28125 335.0
322.5 271.90625 333.5
323.5 274.53125 333.0
323.0 302.5 332.5
328.0 348.0 332.0
339.5 359.0 331.0
331.5 349.0 330.5
303.5 328.84375 329.0
289.5 311.96875 327.5
275.5 295.09375 326.5
261.5 278.21875 326.0
332.0 335.5 324.75
336.35 354.5 323.5
346.15 362.5 323.25
355.0 356.5 324.0
305.0 351.5 324.5
294.5 347.5 326.0
320.0 346.0 326.75
291.0 342.5 327.0
309.5 338.5 327.0
298.5 340.5 328.5
296.5 344.0 331.0
263.0 346.5 330.25
268.25 348.0 331.5
259.25 354.0 332.5
251.0 367.5 332.5
243.5 371.5 332.5
239.0 373.5 332.5
240.5 372.5 320.0
240.0 365.5 311.75
247.5 357.0 316.08333333333337
260.5 353.5 320.41666666666663
282.5 352.0 300.0
240.5 355.0 353.0
241.20454545454544 360.0 335.75
246.02272727272725 352.45 343.25
250.8409090909091 342.3833333333333 347.75
255.65909090909093 332.31666666666666 360.0
260.47727272727275 322.25 363.75
265.29545454545456 312.18333333333334 360.75
270.1136363636364 302.1166666666667 361.0
274.9318181818182 292.04999999999995 361.25
279.75 306.25 359.0
284.5681818181818 393.25 356.5
289.3863636363636 289.0 355.75
292.0 307.0 354.25
295.5 297.0 351.75
292.5 292.5 349.75
292.5 272.5 348.0
290.5 270.0 347.0
290.25 270.0 346.0
285.5 269.5 345.75
283.5 269.5 346.0
277.0 270.0 346.25
284.0 269.0 346.5
284.0 269.0 345.5
315.29166666666663 269.5 345.25
324.45833333333337 268.0 346.0
333.625 271.0 345.0
342.0 275.0 343.25
323.0 279.0 339.5
342.5 283.0 336.0
327.5 287.0 328.5
323.0 291.0 329.25
322.5 295.0 328.5
299.75 299.0 329.25
321.0 358.5 327.25
341.0 366.0 332.0
324.5 366.5 334.25
329.5 366.0 343.75
350.0 374.0 343.25
333.5 368.5 343.5
323.5 369.0 342.0
326.5 366.5 343.0
326.0 366.5 343.75
324.5 372.0 344.75
319.0 379.0 346.0
322.0 385.5 349.25
321.0 388.0 352.0
290.5 392.0 354.0
291.09375 396.5 355.5
329.46875 399.0 356.5
367.84375 399.0 357.0
406.21875 399.0 360.5
433.0 398.5 364.0
322.625 395.5 367.5
333.0 392.0 370.0
328.0 392.5 372.5
290.0 373.0 375.75
238.0 360.0 376.25
242.0 361.5 377.25
245.0 362.5 380.75
242.5 363.0 383.0
243.5 361.0 384.75
242.5 355.5 386.5
240.5 349.5 386.25
241.0 341.0 383.75
246.5 334.0 379.75
232.0 331.0 383.5
256.875 328.5 391.25
230.375 329.0 392.5
214.5 332.5 393.5
237.0 347.0 394.75
219.0 375.5 395.25
251.5 376.5 395.0
246.5 378.0 394.0
250.0 378.0 394.0
248.5 378.0 392.0
248.5 377.0 390.75
246.5 376.0 393.5
244.5 378.0 396.0
245.0 380.0 397.0
244.5 381.5 397.0
242.5 383.0 398.0
244.0 384.0 408.5
249.0 359.0 414.0
270.0 346.0 414.0
266.0 345.0 415.5
262.0 347.5 415.0
330.0 349.5 420.0
253.0 357.5 445.0
255.0 378.0 443.25
257.5 380.5 426.25
259.95 381.5 425.0
259.75 383.0 426.25
259.55 322.5 425.5
259.35 254.85714285714283 426.25
259.15 236.0 427.0
258.95 217.14285714285717 428.5
258.75 203.0 383.7142857142857
258.55 183.5 346.57142857142856
254.0 184.0 309.42857142857144
252.5 188.0 272.2857142857143
253.0 148.5 340.5
252.0 144.0 356.5
231.0 151.0 361.5
224.5 159.5 367.0
223.0 166.5 413.5
221.0 172.0 415.5
217.5 175.0 417.5
228.0 176.0 416.75
235.5 173.5 415.75
227.0 184.5 414.5
226.0 212.5 412.5
227.0 209.0 413.25
227.0 206.5 417.0
225.5 207.5 418.0
224.5 212.5 417.5
226.5 217.5 419.5
230.0 251.5 419.0
229.5 334.5 417.5
249.5 351.0 416.5
338.0 352.0 414.0
307.5 351.5 334.25
265.5 352.0 253.25
266.5 352.0 172.25
267.5 363.0 167.25
267.5 373.0 335.25
269.5 371.0 337.25
336.0 370.0 342.0
330.945652173913 366.5 338.5
332.20652173913044 355.0357142857143 345.0
333.46739130434787 311.17857142857144 343.75
334.72826086956525 267.32142857142856 348.75
335.9891304347826 223.46428571428572 354.75
337.25 239.0 358.5
338.5108695652174 238.5 358.0
339.77173913043475 235.0 357.5
341.03260869565213 239.0 358.0
342.2934782608696 233.5 357.75
343.554347826087 247.0 357.0
344.8152173913044 246.0 385.5
346.07608695652175 247.5 417.25
347.3369565217391 287.0 417.25
348.5978260869565 368.0 414.5
349.8586956521739 371.5 414.25
351.11956521739125 371.5 414.0
352.38043478260875 372.5 415.5
353.6413043478261 375.5 415.5
354.9021739130435 398.5 415.25
356.1630434782609 400.0 415.5
357.42391304347825 399.5 423.0
358.6847826086956 399.0 425.0
366.5 375.5 427.0
361.5 371.0 429.25
374.5 369.0 431.75
375.0 367.0 432.5
365.0 367.0 433.0
350.5 379.0 432.5
352.5 375.0 393.0
352.0 369.25 361.25
345.29999999999995 371.5 354.0
343.70000000000005 374.25 352.0
357.5 372.5 358.0
401.5 372.0 353.0
414.0 381.0 357.5
418.25 383.25 362.0
415.75 385.75 362.5
379.0 387.5 355.0
344.69354838709677 388.25 328.1071428571429
336.9516129032258 389.0 302.25
329.2096774193548 389.0 276.39285714285717
321.46774193548384 389.25 298.5
313.7258064516129 388.75 366.5
305.98387096774195 385.0 367.0
298.241935483871 385.0 361.5
290.5 384.25 367.0
282.758064516129 382.5 368.0
275.01612903225805 354.5 368.0
267.2741935483871 318.75 368.5
259.53225806451616 302.41666666666663 369.5
251.79032258064515 286.08333333333337 373.0
244.0483870967742 337.25 372.0
236.30645161290323 354.25 371.5
251.25 356.0 371.5
326.25 357.75 371.0
324.5 358.0 371.25
324.5 351.0 370.25
370.0 349.0 370.0
381.5 347.5 368.75
304.79166666666663 348.0 368.25
305.95833333333337 346.0 367.5
307.125 345.5 367.0
310.0 345.0 366.5
322.0 344.5 366.0
342.0 341.5 365.75
311.5 361.0 352.75
298.5 370.0 350.0
315.0 373.0 349.0
326.5 374.0 348.0
310.0 374.5 344.0
322.0 374.5 347.5
313.5 377.5 349.5
226.5 379.5 346.0
222.5 379.5 338.15
218.5 381.5 330.35
288.5 382.0 322.55
322.0 382.5 314.75
325.5 381.0 306.95
372.0 381.5 338.0
307.5 367.5 354.5
306.5 354.5 352.25
313.5 354.5 352.25
318.0 355.0 354.0
338.0 355.0 359.0
355.5 356.5 364.25
319.5 356.5 367.0
321.0 352.45 369.0
323.0 382.25 372.0
323.5 412.05 368.5
323.0 330.625 369.5
287.0 331.0 372.75
264.5 343.5 369.5
265.0 352.0 363.5
285.5 355.5 350.90625
276.5 354.5 338.78125
277.0 353.0 326.65625
295.0 354.5 314.53125
273.0 354.0 350.5
286.5 384.5 362.5
285.5 381.5 356.5
344.0 379.5 354.25
370.5 378.0 353.25
359.5 376.5 353.25
340.5 375.0 354.75
339.5 377.5 354.5
329.0 368.5 353.5
268.0 352.0 354.0
276.5 352.5 357.0
286.5 353.5 358.0
276.0 355.0 361.0
283.0 373.0 363.0
343.5 390.0 364.25
314.0 394.0 363.75
315.5 395.5 357.5
310.0 397.0 360.5
306.0 399.5 362.5
302.5 400.5 356.5
301.0 399.5 356.0
299.5 397.0 356.5
277.0 396.0 355.5
285.5 395.0 355.25
263.5 392.0 354.75
280.5 393.0 353.75
328.0 395.0 363.0
331.5 395.5 361.0
338.5 393.5 359.0
328.0 391.0 358.0
383.0 390.0 358.25
377.0 373.0 358.75
351.5 355.0 358.25
313.0 352.0 358.5
377.5 351.5 358.5
336.0 350.0 357.5
370.5 350.0 357.25
375.0 348.5 356.0
368.0 348.5 357.5
351.5 347.5 357.5
391.0 359.5 359.75
308.5 372.5 358.25
299.0 376.0 359.0
296.0 376.0 360.75
311.0 376.5 361.5
316.5 378.0 362.25
318.0 382.5 362.0
269.45 384.5 361.5
249.25 387.0 367.5
229.05 389.0 365.25
451.0 392.0 365.0
429.5 392.5 363.5
457.5 392.5 363.5
448.5 391.5 364.0
453.5 367.5 364.0
444.5 361.0 364.5
460.0 360.0 364.5
446.0 358.5 364.5
551.25 357.5 363.75
673.5 356.0 363.25
517.5 352.5 353.75
472.0 345.0 336.5
481.0 331.75 335.25
490.0 321.41666666666663 335.5
489.0 311.08333333333337 334.25
490.0 300.75 333.25
455.0 308.0 333.0
423.75 348.5 332.5
399.125 356.0 331.5
393.29166666666663 373.0 331.5
387.45833333333337 366.0 331.5
389.0 363.0 331.5
406.75 362.5 331.5
409.0 362.0 332.0
402.5 360.5 332.5
402.5 367.0 332.0
431.5 371.5 333.0
385.0357142857143 370.5 332.75
323.75 367.5 332.25
262.4642857142857 365.0 336.25
250.0 362.0 335.3928571428571
317.0 361.5 329.25
314.0 361.0 323.1071428571429
319.0 361.5 324.25
322.5 367.0 344.5
314.66666666666663 380.0 355.25
291.33333333333337 382.5 356.25
302.0 386.5 362.0
305.0 390.5 360.25
312.0 392.0 357.25
305.0 393.5 358.0
301.5 396.0 357.5
307.0 396.0 357.5
300.0 397.0 357.25
302.5 391.5 358.0
302.5 384.0 361.5
295.0 382.5 361.5
311.0 382.0 361.0
341.5 382.0 360.5
322.5 384.5 362.25
341.0 384.0 360.75
335.0 382.5 359.0
282.5 382.0 357.75
333.5 381.5 356.75
284.5 381.5 355.0
311.5 380.5 354.0
288.0 380.5 354.5
292.0 380.5 354.75
291.0 368.5 356.0
297.5 355.5 357.5
292.0 354.5 358.75
300.5 353.5 360.5
301.0 354.0 362.0
298.5 354.0 363.0
298.5 354.5 364.0
298.5 356.0 364.5
298.875 366.0 366.0
309.5 387.0 367.0
280.0 387.5 367.5
292.5 388.0 368.5
299.0 388.0 368.5
267.0 387.5 368.5
281.0 388.5 368.25
274.0 388.5 367.75
259.0 388.0 367.5
267.0 386.0 367.0
265.75 386.5 366.5
264.5 388.0 366.75
300.25 391.0 367.25
348.0 357.04166666666663 366.5
331.0 335.20833333333337 365.5
325.5 313.375 366.0
340.5 312.0 367.5
315.5 348.5 367.75
317.0 353.5 369.0
345.0 372.0 368.75
337.0 375.5 369.0
330.0 365.0 362.0
292.0 356.5 366.8636363636364
267.9375 352.0 368.6818181818182
263.1875 353.5 370.5
258.4375 350.5 372.3181818181818
253.6875 356.5 374.1363636363636
298.0 380.0 375.5
297.625 380.0 362.5
300.5 380.0 362.0
302.875 381.0 360.0
306.0 384.0 357.5
303.5 386.0 362.0
328.0 386.5 358.5
305.625 387.0 355.5
297.5 388.5 354.25
290.0 389.0 354.75
289.0 389.0 354.5
292.0 389.5 359.5
314.5 390.0 351.75
339.5 389.5 355.75
346.5 390.5 352.0
347.0 366.0 355.75
363.5 360.0 354.25
257.33333333333337 359.5 357.5
306.66666666666663 359.0 356.0
446.5 358.0 355.5
460.0 357.5 355.25
457.0 358.0 356.25
470.5 368.5 360.75
480.0 392.5 362.75
466.5 394.0 364.0
511.5 394.0 365.25
512.0 394.0 366.0
477.5 394.0 365.75
533.5 394.0 365.75
498.5 393.0 364.25
490.5 393.0 342.0
485.5 392.0 341.0
484.5 391.0 341.0
462.5 390.0 341.0
439.5 389.5 340.75
440.0 389.0 341.0
455.5 347.0 340.75
451.0 352.0 345.0
447.0 352.5 350.0
465.0 347.5 353.0
474.0 345.25 354.5
467.5 350.5 354.5
422.29999999999995 376.75 354.5
320.70000000000005 381.25 354.5
272.25 382.5 354.5
324.0 382.25 356.0
317.0 382.0 355.5
316.5 383.0 365.0
337.5 383.5 359.0
315.75 383.75 360.0
319.25 384.25 360.5
312.5 385.0 361.0
320.5 385.75 360.0
323.5 387.5 359.0
331.0 386.5 359.0
327.0 386.5 358.5
326.75 385.75 357.5
385.25 386.0 357.5
374.0 386.0 358.0
347.25 395.0 358.5
333.75 395.0 358.5
350.5 395.0 357.5
341.0 395.0 356.5
323.5 395.0 356.0
326.5 394.0 322.91666666666663
323.5 394.0 278.1388888888889
304.5 394.0 233.3611111111111
296.75 393.0 188.58333333333331
294.0 393.0 204.0
328.0 392.5 346.25
313.5 359.0 355.0
284.0 313.65 358.5
305.0 299.85 363.5
304.5 309.0 368.0
305.0 347.5 364.0
307.0 348.0 363.0
307.0 355.5 363.0
295.0 354.5 361.5
314.5 354.5 360.5
304.0 365.0 360.5
309.0 378.0 360.75
252.0 383.0 361.25
254.0 387.5 361.25
246.0 389.0 360.0
264.0 387.5 358.0
269.0 377.0 356.25
273.0 363.0 354.75
244.0 359.5 355.0
281.0 358.5 356.75
291.0 357.5 355.0
288.5 355.5 353.5
288.0 352.0 353.0
314.0 351.5 351.5
308.0 350.0 351.5
282.5 349.0 351.5
304.5 349.0 351.25
292.5 368.0 352.25
280.0 387.0 357.0
270.5 387.5 358.0
279.5 388.5 359.0
284.0 388.5 356.5
261.625 390.0 352.5
226.45833333333334 391.0 352.5
191.29166666666669 392.0 352.5
240.0 393.5 353.25
297.0 396.0 354.25
273.0 396.5 364.0
274.5 360.5 327.875
256.5 363.0 276.375
222.25 363.0 224.875
175.91666666666666 360.5 173.375
129.58333333333331 357.5 340.0
198.5 355.5 341.5
230.28125 355.5 349.0
207.40625 354.5 347.5
184.53125 354.5 348.5
161.65625 354.0 349.5
165.0 354.0 349.5
228.75 355.0 349.5
260.5 355.0 349.5
260.5 374.5 349.5
261.5 382.0 361.5
282.5 381.5 360.25
290.0 380.0 354.25
315.0 379.0 358.5
314.25 379.5 357.5
316.0 382.0 356.5
320.5 384.5 353.25
322.5 386.0 347.25
326.0 387.5 346.5
333.0 388.5 346.5
376.0 388.0 351.0
302.35 387.5 345.0
253.75 385.5 345.75
205.15 365.5 346.75
342.5 351.0 345.5
400.5 350.0 344.5
424.5 349.5 343.0
525.0 348.5 342.5
463.0 348.0 341.5
476.0 349.5 344.0
439.0 343.0 343.5
446.0 342.0 351.0
440.0 342.5 354.0
426.0 337.0 360.0
396.0 242.83333333333334 361.0
388.5 406.1666666666667 367.5
435.5 309.0 369.5
389.5 369.0 372.5
381.0 374.5 375.0
376.5 380.0 377.0
385.0 382.0 379.0
432.0 383.0 380.0
488.0 384.5 384.0
476.5 396.5 380.0
463.5 395.5 388.5
457.0 395.0 391.75
453.5 394.5 394.5
444.0 394.0 394.5
443.0 393.5 395.75
478.0 392.5 405.5
463.0 391.0 407.0
508.5 390.0 407.5
404.5 389.0 404.0
365.0 388.5 377.75
425.5 388.0 348.75
338.0 387.5 319.75
349.0 387.0 369.5
327.0 387.0 399.0
368.0 387.5 396.5
416.5 386.0 398.0
401.5 359.0 385.5
358.0 359.5 354.0
349.5 359.5 358.25
351.5 361.5 355.75
339.0 360.0 357.5
307.0 371.5 358.25
339.0 380.0 359.0
354.0 379.5 360.25
328.0 378.0 360.75
315.0 375.5 356.5
324.5 375.5 359.0
314.0 377.5 361.25
292.5 380.5 367.5
240.71428571428572 384.5 365.75
233.57142857142856 387.0 364.0
226.42857142857144 390.0 364.5
219.28571428571428 394.0 363.0
270.5 400.5 361.5
276.5 405.0 359.5
283.5 411.0 358.5
305.0 414.5 358.0
384.5 414.0 356.25
337.5 410.0 354.75
284.5 376.5 162.82142857142856
339.0 341.5 186.10714285714286
336.5 331.5 209.39285714285714
303.0 325.0 232.67857142857144
339.5 321.5 295.75
342.0 319.5 349.0
305.5 318.5 347.0
268.0 321.5 349.25
300.0 331.5 349.25
258.0 345.0 347.75
212.0 356.5 343.25
166.0 342.5 336.75
250.5 319.15 334.0
273.375 315.35 334.0
316.5 320.0 331.5
312.0 366.0 337.75
350.0 375.0 355.25
293.0 369.0 353.75
328.0 357.0 352.25
327.5 362.5 352.75
343.0 366.0 353.5
318.5 369.0 352.0
326.5 373.0 353.0
321.0 383.0 353.25
311.5 393.5 354.75
312.5 398.5 355.0
360.5 401.0 356.0
294.5 392.5 356.75
440.5 370.5 357.25
504.5 365.0 358.5
471.0 359.0 359.5
442.0 355.5 361.25
464.0 365.5 361.75
458.0 380.0 362.75
420.5 383.5 364.0
461.0 386.0 364.0
446.0 388.0 364.0
466.0 391.0 364.0
468.5 392.5 363.75
469.5 393.5 363.5
472.0 393.0 362.0
471.5 391.5 360.25
468.5 391.0 337.75
467.5 390.0 337.0
435.95 390.0 333.25
439.75 364.5 333.5
443.55 359.0 333.0
474.5 359.5 332.5
471.0 360.0 335.25
475.5 361.0 335.75
459.0 375.5 333.5
478.5 391.0 341.5
478.0 391.0 347.0
480.5 390.0 348.0
484.0 390.0 348.5
487.0 395.0 320.16666666666663
480.5 393.0 314.83333333333337
496.0 393.0 309.5
490.0 393.0 304.16666666666663
497.0 394.0 298.83333333333337
496.0 394.5 314.0
490.0 393.5 338.0
485.5 393.5 342.0
491.6428571428571 393.0 343.0
470.2142857142857 392.5 350.5
448.78571428571433 392.0 349.0
427.3571428571429 392.5 349.5
444.5 392.0 351.0
439.5 391.5 350.5
441.5 390.5 351.5
442.0 391.0 354.25
440.0 390.5 354.75
440.5 391.0 353.5
446.5 392.0 354.0
458.0 373.0 355.75
448.0 359.0 356.25
366.75 359.5 356.25
263.0833333333333 358.5 356.0
159.41666666666666 358.0 356.0
275.0 358.0 356.25
290.0 358.0 356.5
277.5 371.5 357.0
274.5 392.0 358.5
289.0 393.5 358.5
277.5 393.5 358.5
278.5 394.0 359.0
278.0 394.5 359.5
284.0 395.0 359.0
285.0 393.5 359.0
294.5 393.5 360.5
300.0 374.5 359.5
291.5 361.0 359.25
288.5 360.5 359.75
383.0 358.5 358.5
374.5 357.0 359.5
358.0 356.5 359.5
355.5 356.0 360.0
329.0 355.0 362.25
307.0 355.25 363.75
311.25 355.75 365.5
313.25 355.0 367.0
307.75 377.5 368.0
284.25 385.5 369.0
283.75 388.75 369.5
267.5 391.75 365.0
260.25 393.25 366.0
291.0 393.0 365.0
284.25 377.5 362.5
298.5 363.0 361.0
292.5 358.25 362.5
282.75 349.0 362.5
288.75 282.1875 362.0
302.75 426.9375 361.5
290.625 370.75 361.0
302.75 294.25 360.0
322.0 339.75 357.5
323.0 346.25 325.5
331.5 348.5 173.0
331.0 372.5 212.23958333333331
332.5 383.75 199.19791666666669
331.75 387.75 186.15625
334.75 391.0 173.11458333333334
335.5 394.5 160.07291666666669
336.25 395.75 147.03125
337.0 397.5 133.98958333333334
333.5 397.5 120.94791666666667
348.0 395.0 107.90625
342.0 392.5 94.86458333333334
340.5 374.0 81.82291666666667
271.5 357.0 68.78125000000001
221.8181818181818 357.0 163.0
232.9090909090909 358.0 322.75
244.0 361.0 341.75
255.0909090909091 364.5 341.5
266.1818181818182 365.5 340.25
276.0 367.5 345.0
279.0 364.5 347.0
287.0 361.5 347.0
292.75 362.5 348.5
274.5 365.5 349.0
237.0 302.125 373.0
235.75 310.625 366.25
234.75 319.125 366.5
233.75 327.625 366.0
232.75 290.5 365.0
231.75 250.0 345.5
292.0 254.0 339.75
275.5 255.0 339.5
280.5 248.0 338.75
283.5 216.5 338.25
279.5 235.0 338.0
277.5 234.5 352.5
275.0 235.0 352.75
275.5 214.625 354.75
289.0 265.5 355.5
324.5 281.0 354.75
324.0 280.5 354.75
325.0 284.5 354.5
327.5 289.0 354.25
346.0 291.5 354.25
351.85 310.5 354.75
335.65 300.5 355.75
319.45 309.0 357.75
303.25 300.5 358.25
287.05 298.0 358.25
278.0 294.5 358.0
306.5 289.5 357.75
309.5 279.5 357.25
269.0 276.0 357.5
264.0 275.0 357.25
336.0 278.0 357.0
321.0 279.0 356.5
267.0 280.0 356.5
262.5 288.0 356.25
264.5 282.5 355.25
267.0 276.5 357.0
268.5 266.0 357.0
269.0 264.5 377.0
271.0 262.0 328.625
273.0 259.5 239.45833333333331
272.0 259.5 150.29166666666666
267.5 262.0 291.25
266.5 289.5 357.5
267.0 286.5 361.0
265.5 288.5 363.5
265.0 294.5 360.0
275.35 299.5 362.0
312.75 311.5 362.0
350.15 307.0 357.0
326.0 306.0 357.0
288.5 303.0 357.5
343.0 307.5 356.0
344.5 303.5 355.0
346.5 292.5 354.0
286.875 290.0 352.0
261.5 279.5 350.0
269.0 250.5 348.0
272.0 247.5 347.5
274.0 249.5 346.75
275.5 248.0 354.25
275.5 250.0 356.25
316.0 253.5 358.25
397.5 259.5 357.5
387.5 262.0 357.5
335.28125 261.0 356.5
330.40625 263.0 356.5
325.53125 349.0 359.25
320.65625 193.25 357.25
320.5 214.25 357.25
316.0 235.25 357.5
312.5 286.5 360.0
311.5 353.0 359.75
325.25 374.5 361.25
334.0 374.5 363.75
307.0 380.5 366.5
310.0 382.0 367.0
322.0 384.0 362.0
346.0 386.5 356.75
322.0 386.0 358.0
314.0 381.0 358.5
333.5 379.0 358.75
318.0 379.5 362.25
308.5 374.5 365.75
385.5 372.0 359.75
431.0 371.0 355.25
428.0 372.0 359.25
411.0 361.0 365.5
404.0 361.5 364.25
414.0 364.5 367.75
387.0 366.5 369.0
385.0 376.0 369.25
370.0 388.0 369.25
386.5 387.0 368.5
371.0 388.5 367.75
331.0 390.5 367.0
327.0 391.5 366.5
319.5 389.5 366.75
321.5 385.0 367.0
320.5 382.0 367.0
318.0 382.0 369.0
319.5 382.5 369.75
321.0 386.5 370.5
322.0 388.5 372.0
316.5 390.5 373.5
283.25 391.0 374.5
269.0 323.08333333333337 373.75
217.0 301.41666666666663 374.25
270.0 279.75 374.25
281.0 272.5 374.25
253.5 333.0 374.5
248.0 364.0 374.75
215.0 370.5 373.75
156.5 371.5 356.16666666666663
161.5 378.5 282.83333333333337
174.5 393.0 209.5
179.0 392.0 237.5
143.0 390.0 360.25
136.5 387.0 355.75
109.5 381.5 354.5
110.0 375.0 353.0
113.5 368.0 353.0
141.5 360.0 355.5
140.5 354.5 355.5
132.0 353.5 354.5
87.5 343.0 359.0
178.5 337.5 366.0
161.0 339.0 370.75
141.5 337.0 376.0
146.5 332.5 379.5
175.5 330.0 384.25
175.0 330.0 386.5
167.0 329.0 385.5
154.5 329.0 386.5
110.5 339.0 386.0
376.5 354.5 385.5
268.5 355.0 385.5
228.0 358.0 387.0
228.5 359.5 399.0
228.5 361.5 400.25
234.875 362.5 400.0
246.5 362.5 400.75
245.75 360.5 401.0
256.5 358.5 402.0
258.25 341.5 357.0
254.0 337.0 355.5
249.5 336.0 354.0
256.75 334.0 356.25
257.0 331.5 355.75
264.5 332.0 351.25
274.0 340.5 333.75
266.5 345.5 336.25
286.5 348.5 340.75
273.5 349.5 341.5
274.0 350.0 336.5
272.0 349.0 338.75
270.5 350.0 340.75
273.0 352.0 355.5
273.5 353.5 357.5
274.0 354.5 357.0
271.5 357.5 357.0
273.0 359.0 357.0
276.0357142857143 358.0 357.0
282.75 358.0 356.5
289.4642857142857 364.0 356.0
292.0 387.0 356.75
269.5 387.5 357.0
265.5 387.0 305.75
263.5 385.0 277.17857142857144
261.0 386.5 304.75
263.0 387.0 332.32142857142856
262.0 390.0 355.75
261.5 393.0 348.75
261.0 394.0 355.0
275.5 393.5 351.0
285.75 395.0 355.5
314.0 393.5 356.0
301.5 374.5 357.75
293.5 352.5 359.0
278.0 352.0 358.75
269.0 350.0 357.5
238.0 350.0 357.75
237.5 351.5 357.25
258.0 382.0 364.5
270.35 353.0 365.5
277.48333333333335 326.5 365.0
284.6166666666667 323.16666666666663 365.0
291.75 319.83333333333337 364.0
298.8833333333333 316.5 363.0
306.01666666666665 313.16666666666663 362.5
313.15 309.83333333333337 361.25
308.0 306.5 360.25
297.5 304.5 360.25
299.0 348.5 362.75
284.0 365.5 363.75
327.0 372.0 364.25
329.0 373.5 365.25
307.5 380.0 366.0
306.5 408.5 366.0
305.0 405.5 366.0
337.5 411.5 365.5
330.0 409.5 365.25
344.5 405.5 364.5
319.0 404.0 365.0
332.0 403.0 365.25
306.5 400.5 364.75
307.5 400.5 364.75
298.0 399.5 365.0
346.5 398.5 364.75
333.5 399.25 203.19444444444446
332.5 398.75 233.97222222222223
334.25 398.75 264.75
360.75 398.5 295.5277777777778
375.75 398.25 326.30555555555554
375.75 397.5 348.0
358.0 397.75 363.0
349.75 397.5 359.0
345.0 397.5 355.0
361.0 397.75 365.5
360.0 398.5 366.5
369.75 399.5 371.5
350.75 400.25 371.0
346.0 401.0 368.0
350.75 402.5 367.5
358.75 404.0 367.0
362.75 404.75 364.0
307.0 405.5 361.0
323.0 406.25 358.0
331.0 406.75 355.0
311.0 391.75 363.0
304.25 368.25 362.0
310.0 367.5 362.0
306.0 367.0 362.0
300.5 367.0 361.5
305.5 381.0 362.0
319.75 391.75 361.0
327.5 392.5 361.25
322.0 393.5 361.0
299.0 393.5 361.5
291.5 393.0 361.5
347.0 399.5 361.75
331.5 401.0 362.0
290.5 402.0 362.25
294.5 403.0 362.0
376.5 405.5 362.0
313.5 404.5 362.25
310.0 370.5 361.75
308.0 369.5 363.5
307.5 370.0 366.0
300.0 369.5 366.75
281.3928571428571 368.5 368.0
249.25 378.5 368.5
217.10714285714283 385.0 369.25
213.5 386.5 369.5
285.0 388.0 369.75
306.5 390.5 369.75
309.5 390.5 369.5
307.0 376.5 369.0
291.5 376.5 368.5
289.0 373.0 367.25
290.0 370.5 366.75
308.5 368.0 365.25
319.5 383.5 364.25
317.5 394.0 367.5
313.5 396.0 370.0
312.0 398.5 369.5
310.5 401.0 369.0
313.0 402.0 368.5
313.0 382.0 368.0
365.0 378.5 367.25
331.0 375.0 366.0
346.5 370.5 366.0
347.0 352.5 365.75
371.5 362.1875 365.0
328.5 392.4375 364.0
374.5 357.0 364.0
305.0 395.5 363.5
315.5 397.5 363.5
284.0 398.0 364.0
294.5 394.0 365.5
295.0 394.0 366.75
290.5 392.0 368.5
284.0 391.5 370.5
307.5 396.0 372.25
336.5 399.0 373.0
333.5 406.5 304.4015151515151
334.0 411.0 296.00757575757575
332.5 411.5 287.6136363636364
321.5 409.5 279.219696969697
209.9090909090909 406.5 270.8257575757576
225.54545454545453 403.5 262.43181818181813
241.1818181818182 402.5 254.03787878787878
256.8181818181818 402.0 245.64393939393938
272.4545454545455 402.5 237.25
288.0909090909091 403.5 228.8560606060606
307.5 406.5 220.46212121212122
251.5 407.5 212.0681818181818
284.5 408.0 203.6742424242424
257.5357142857143 406.5 195.28030303030303
261.67857142857144 405.0 186.88636363636363
265.82142857142856 404.5 178.49242424242422
269.9642857142857 403.5 170.09848484848484
276.0 403.0 262.25
290.0 403.5 352.5
299.5 403.5 370.0
296.0 404.5 360.5
281.0 405.0 364.5
304.0 406.5 362.25
315.0 407.0 364.75
310.5357142857143 406.5 362.0
254.67857142857144 405.5 362.5
198.82142857142856 395.0 362.0
142.96428571428572 375.5 360.0
230.0 373.0 360.5
303.5 372.5 360.75
319.5 372.5 360.75
317.5 372.0 360.5
349.5 365.5 307.5
358.0 258.5 270.84375
344.0 402.5 293.96875
334.0 546.5 317.09375
362.5 354.5 340.21875
340.5 394.5 350.25
380.5 406.5 347.5
347.5 409.5 347.75
374.0 410.0 347.0
451.4 412.0 346.5
447.0 412.0 351.75
442.6 411.5 351.5
498.0 410.0 350.25
550.5 409.0 349.5
444.0 408.0 350.0
463.0 408.5 348.5
479.5 409.5 341.75
503.0 410.0 337.25
509.5 409.5 336.25
501.5 410.5 336.5
513.5 410.5 337.0
528.0 410.0 338.0
546.5 413.0 338.75
542.5 413.5 338.5
529.5 415.0 339.0
445.54166666666663 415.5 339.0
379.70833333333337 415.0 338.75
313.875 395.5 347.5
281.0 386.0 359.75
317.5 384.5 360.0
308.5 385.5 361.0
322.5 385.5 362.5
315.375 385.0 363.25
301.0 410.0 364.75
279.0 410.0 365.5
284.0 410.0 366.0
338.5 410.0 367.5
297.5 410.0 367.0
318.5 410.0 366.0
296.5 409.0 366.0
276.0 409.0 366.0
306.5 408.5 365.75
313.0 396.5 365.75
318.5 383.5 365.0
324.5 382.5 365.0
327.5 382.0 365.0
326.5 381.5 365.5
349.5 380.5 365.5
328.0 379.5 366.25
327.5 380.5 366.5
325.0 382.0 366.5
322.0 386.0 366.25
322.0 383.5 366.25
322.0 382.0 366.75
322.5 383.0 367.0
309.0 384.0 367.5
294.75 383.0 368.5
283.75 381.5 368.5
272.75 381.5 367.5
261.75 381.5 367.5
250.75 385.5 367.0
239.75 387.0 365.5
228.75 387.5 364.5
217.75 387.5 364.0
206.75 387.0 364.75
195.75 385.0 365.5
184.75 383.5 366.75
173.75 384.0 367.0
162.75 383.0 368.25
237.5 377.0 363.67857142857144
226.0 378.5 348.3928571428571
243.0 384.0 333.1071428571429
211.0 383.0 317.82142857142856
204.125 386.0 366.0
201.625 391.5 379.0
199.125 402.0 380.0
196.625 404.0 378.0
221.0 405.0 377.5
231.5 406.5 378.0
242.0 406.0 376.5
234.0 405.5 372.75
203.85 341.0 371.25
201.25 273.5 371.0
198.65 267.5 371.0
289.125 261.5 370.5
315.0 285.5 371.0
318.5 382.0 370.5
299.0 388.0 368.5
283.0 390.0 367.5
278.0 390.5 367.0
265.0 387.5 366.0
279.0 383.5 364.75
277.5 377.0 364.25
275.5 372.5 364.0
277.5 371.5 363.5
246.84375 381.5 363.0
203.96875 389.0 362.5
161.09375 394.5 362.25
118.21875 399.5 362.75
202.375 404.5 362.5
259.0 409.5 363.0
255.5 413.5 362.75
260.0 417.5 362.25
266.0 420.0 363.5
258.875 422.0 363.0
208.375 421.0 361.75
246.5 417.5 362.0
319.5 384.5 361.75
325.5 384.5 361.0
316.5 385.5 360.0
308.0 385.5 360.25
304.5 385.0 359.75
298.5 388.5 359.0
301.5 400.0 359.75
257.45833333333337 397.5 359.25
265.29166666666663 394.0 359.0
273.125 392.0 360.0
280.0 391.5 360.5
293.375 396.0 361.5
289.0 397.5 365.75
281.0 400.0 368.5
305.5 401.0 373.0
313.5 404.0 378.03125
309.0 409.5 356.15625
285.0 411.5 334.28125
296.0 412.0 312.40625
317.5 412.0 335.25
340.0 411.0 366.0
326.5 410.0 371.75
367.0 409.0 377.75
365.0 408.5 384.5
309.5 409.0 386.75
308.0 409.0 387.5
295.5 413.0 389.5
306.0 417.0 383.25
307.875 419.5 361.5
316.0 420.0 357.5
318.0 418.5 353.5
319.0 391.5 349.5
318.5 340.5 361.25
318.0 316.5 365.5
315.5 310.0 380.5
337.0 353.0 377.0
341.5 363.5 376.0
342.5 367.75 374.75
349.5 372.5 374.0
352.0 368.25 372.0
348.0 369.5 389.5
348.0 369.5 384.0
353.0 370.75 377.5
354.75 375.25 359.175
340.75 403.5 349.875
321.0 399.25 340.575
305.5 397.25 331.275
327.0 396.0 321.975
307.75 396.75 314.0
345.25 395.0 352.5
318.25 350.125 361.5
316.75 326.625 362.0
319.0 303.125 362.0
327.25 275.75 364.0
318.75 332.25 368.0
303.5 359.0 372.5
304.5 358.75 375.0
297.75 358.25 375.0
283.5 345.0 376.5
286.0 347.75 376.0
292.25 346.75 378.5
295.75 348.75 380.5
303.5 347.75 380.0
306.0 353.0 381.25
306.875 357.0 382.5
312.0 355.0 386.25
308.5 352.0 387.25
325.5 350.5 392.75
347.0 349.0 386.75
346.5 355.5 379.75
348.5 346.0 372.5
342.5 347.0 366.25
350.5 348.0 361.0
343.5 349.0 353.0
303.0 386.5 353.0
268.5 385.5 349.5
295.0 385.5 345.0
293.0 386.5 348.25
287.0 386.5 351.0
283.0 376.5 354.25
283.5 368.0 356.5
283.5 369.5 357.0
296.0 370.0 357.0
304.5 372.5 355.0
297.58333333333337 374.0 351.5
303.91666666666663 375.5 347.0
300.5 373.5 341.5
307.0 364.5 350.25
300.0 366.0 354.5
290.0 366.5 356.5
309.0 368.0 356.75
282.5 396.5 368.25
274.5 403.5 374.0
279.0 407.5 350.0
295.0 408.0 326.0
300.0 405.5 302.0
394.5 401.0 329.0
353.5 396.0 365.75
282.5 390.5 365.0
267.0 388.0 358.5
259.5 388.0 356.25
255.5 389.0 356.75
238.125 391.5 354.75
222.625 397.0 359.5
207.125 404.0 360.25
203.0 406.0 361.0
231.5 396.0 363.5
233.5 382.5 366.25
193.35416666666669 378.0 366.0
212.77083333333331 376.5 359.0
232.1875 372.5 346.5
251.60416666666669 307.3 342.0
271.02083333333337 276.5 339.5
290.4375 245.7 337.5
306.0 327.5 337.0
338.5 386.0 339.25
319.5 387.5 345.5
311.0 387.5 348.0
324.5 397.5 350.5
389.0 414.0 351.75
347.0 416.0 351.0
328.5 414.5 349.5
363.0 405.5 350.0
328.0 397.0 350.25
324.5 390.0 351.5
311.5 384.0 352.5
328.5 383.0 353.75
329.5 387.0 356.0
298.5 393.0 358.25
282.5 400.5 355.25
275.375 406.0 356.5
283.0 411.0 354.75
279.0 352.0 328.5
280.0 299.0 308.3125
283.0 290.33333333333337 312.0625
285.0 281.66666666666663 315.8125
285.5 408.0 319.5625
298.5 429.0 353.25
262.75 430.5 362.5
259.75 418.5 342.75
256.75 411.0 337.0
253.75 413.5 337.5
250.75 426.0 336.25
247.75 435.5 341.75
252.0 431.5 338.5
287.0 424.5 354.5
442.16666666666663 424.5 355.5
374.83333333333337 432.0 355.25
307.5 430.0 353.25
257.5 424.0 352.0
282.0 418.5 350.5
291.1875 407.0 349.0
269.4375 379.5 351.5
269.0 367.0 351.5
282.5 363.0 351.25
271.5 367.0 350.75
268.0 372.0 351.5
257.0 372.0 351.0
252.5 381.5 350.75
250.0 396.5 352.25
252.0 410.5 356.5
269.0 416.5 363.5
282.5 425.0 363.5
279.5 427.0 364.0
276.0 413.5 364.5
274.0 403.0 364.5
272.0 408.0 364.25
268.5 414.0 363.5
270.0 412.0 362.25
272.0 407.5 374.25
284.07142857142856 400.0 246.25
279.5 391.5 154.0
274.92857142857144 377.5 201.33333333333334
298.0 371.0 248.66666666666669
241.5 373.0 296.0
225.0 387.0 337.75
216.0 408.0 347.75
239.5 408.0 298.5
226.0 407.0 317.0
226.5 403.5 334.25
230.5 402.5 333.75
231.5 395.5 329.0
279.0 394.5 323.5
350.46153846153845 392.0 322.0
342.3076923076923 387.5 328.5
334.1538461538462 411.5 332.5
326.0 417.0 326.5
317.8461538461538 417.5 327.0
309.69230769230774 417.0 318.0
301.53846153846155 415.0 315.0
326.0 411.0 327.5
341.5 409.0 361.17857142857144
349.0 410.0 357.8928571428571
339.5 411.0 354.6071428571429
325.0 412.5 351.32142857142856
311.0 412.0 348.0357142857143
287.625 408.5 344.75
263.125 405.5 341.4642857142857
246.0 393.0 339.5
229.875 393.0 347.5
207.0 394.5 356.5
212.0 394.5 362.5
206.5 393.0 357.5
205.625 391.0 352.875
229.0 391.0 324.75
232.5 393.5 326.25
215.0 396.0 326.0
233.90909090909093 396.5 325.75
258.4545454545455 395.5 326.5
283.0 405.0 326.25
307.5454545454545 414.5 324.5
332.0909090909091 414.0 325.0
350.5 412.5 326.25
252.5 412.5 327.75
191.75 410.5 328.5
192.64285714285714 403.0 329.5
195.5 391.5 327.0
198.35714285714286 389.0 328.0
200.0 388.0 312.5
198.0 385.5 323.21875
197.0 381.5 330.84375
192.625 383.5 338.46875
197.125 393.0 346.09375
200.5 399.5 339.0
200.5 398.0 348.75
201.0 393.0 350.375
198.0 392.5 352.0
196.5 391.5 343.75
201.0 387.5 341.5
207.0 383.0 340.75
208.5 387.0 340.0
207.0 400.0 339.0
258.5 404.0 338.5
309.5 407.5 338.0
266.75 413.0 337.5
309.66666666666663 418.0 336.5
472.3333333333333 420.0 337.0
635.0 402.5 335.75
719.25 398.0 334.25
583.0 396.0 333.75
582.875 395.0 333.5
598.375 395.0 332.5
614.5 394.0 332.5
634.75 393.5 333.0
733.75 392.0 347.25
702.0 391.0 348.5
620.5 390.5 351.5
635.0 402.5 352.0
685.0 406.5 352.5
699.5 407.5 356.0
699.0 406.0 355.5
694.0 407.5 355.5
692.0 407.0 355.25
677.5 402.5 355.25
596.0 404.0 356.25
577.5 405.0 356.75
486.32142857142856 403.0 339.0
396.75 388.5 335.25
307.17857142857144 364.79999999999995 335.0
264.0 343.20000000000005 333.25
359.0 343.0 333.75
374.0 382.0 333.5
365.0 388.0 333.75
392.5 392.0 334.25
401.5 389.0 352.0
388.5 384.5 358.0
368.5 386.5 360.25
298.8125 396.5 361.0
242.5625 398.5 361.5
381.0 360.59375 361.5
439.5 342.96875 362.5
432.5 325.34375 362.5
431.5 307.71875 362.0
426.0 336.0 362.0
458.5 414.5 362.25
439.5 415.5 363.0
319.0 413.5 359.0
161.625 412.0 339.0
242.875 412.0 338.0
296.5 410.5 338.5
243.5 408.5 337.5
182.5 405.0 337.25
177.0 399.0 337.0
197.0 376.5 337.25
213.0 374.5 337.0
229.5 375.5 365.5
269.0 380.5 366.5
310.0 381.5 368.5
344.0 381.5 368.75
308.5 381.5 369.0
355.625 376.25 370.0
307.5 371.75 370.0
332.75 368.5 370.0
307.5 367.75 369.5
298.5 372.75 369.5
249.0 385.0 369.5
252.5 394.5 349.5
243.0 402.5 331.5
245.0 409.0 332.83333333333337
248.0 414.25 334.16666666666663
321.5 415.75 358.5
323.0 415.75 381.0
326.0 413.0 365.0
306.0 411.0 358.0
315.0 407.75 364.0
298.5 406.25 362.5
304.5 404.5 364.5
237.5 405.25 363.0
227.5 405.5 364.0
228.0 403.5 363.5
225.75 400.5 364.5
259.25 407.0 364.5
296.0 409.75 360.0
300.0 408.5 343.5
300.75 407.5 341.25
303.5 408.0 337.75
306.0 409.5 335.0
317.0 399.0 334.25
360.5 389.5 331.25
352.5 387.5 330.5
335.0 388.5 330.75
332.0 389.0 331.0
315.5 388.5 332.5
315.75 387.5 337.5
326.75 388.0 359.75
337.75 387.5 361.25
360.0 389.5 363.75
313.5 391.0 363.5
328.0 398.0 363.25
266.0 405.0 364.25
248.0 410.5 364.5
273.33333333333337 414.5 364.5
298.66666666666663 410.5 364.5
268.0 400.5 365.0
259.625 402.0 365.5
309.5 402.5 366.25
281.0 403.0 367.25
350.0 403.0 367.5
360.0 401.5 368.25
312.5 401.0 367.75
338.0 403.5 365.5
339.0 407.0 364.5
336.5 410.5 364.5
336.5 414.5 364.0
337.0 386.0 364.0
313.0 332.36764705882354 345.0
292.5 342.19117647058823 341.5
293.0 352.0147058823529 339.5
237.5 361.8382352941177 338.5
235.0 371.6617647058823 338.0
314.0 381.4852941176471 337.0
285.5 391.30882352941177 337.5
286.5 401.13235294117646 337.5
321.0 423.0 337.5
338.5 495.5 339.0
320.0 555.0 340.5
319.5 552.5 341.0
330.0 524.5 341.5
266.0 513.0 341.25
268.5 365.5 341.5
252.0 225.55 340.75
281.0 210.95 339.25
271.17857142857144 258.0 338.25
219.89285714285714 346.0 336.0
168.60714285714286 379.0 333.5
117.32142857142857 387.5 332.25
237.5 387.5 331.75
259.5 403.0 334.0
254.0 406.5 357.0
241.5 407.0 360.0
226.375 403.0 364.5
270.5 399.5 365.0
253.0 397.0 358.5
274.5 399.0 301.5
277.0 404.0 261.6428571428571
285.0 410.5 255.16666666666666
279.5 414.5 248.69047619047618
288.5 417.5 242.21428571428572
280.5 418.0 235.73809523809524
307.0 418.0 229.26190476190476
322.5 418.5 222.78571428571428
349.0 418.0 216.30952380952382
381.5 417.0 209.83333333333334
296.0 413.0 203.35714285714286
275.5 411.5 238.5
274.625 413.0 301.5
278.125 399.5 326.5
281.625 387.0 334.5
285.125 386.0 336.5
288.625 384.0 337.5
244.5 382.0 340.5
201.5 379.0 334.5
210.0 386.5 337.0
258.0 379.04999999999995 339.25
213.375 350.45000000000005 339.0
385.1875 309.0 337.75
291.9375 337.5 336.75
229.0 371.0 336.25
331.0 388.0 335.75
382.5 395.5 335.0
387.5 400.0 332.5
384.5 404.5 332.0
386.0 395.0 330.25
387.5 383.0 329.25
315.0 378.5 328.5
242.0 375.0 329.0
321.0 376.5 329.25
394.0 377.0 329.75
322.5 379.0 330.0
358.0 385.5 331.5
352.5 393.5 333.0
351.5 396.0 333.75
336.0 396.0 332.5
324.0 394.5 329.5
319.5 386.5 327.75
316.0 383.5 324.0
267.0 382.0 320.75
258.5 380.5 320.75
304.5 389.0 322.0
265.5 399.0 326.0
234.5 399.5 330.0
209.5 400.5 333.5
212.0 402.0 335.5
223.0 403.5 337.0
230.5 391.5 337.75
236.0 376.5 339.0
245.0 374.0 340.25
259.0 373.0 350.25
348.5 372.5 359.5
357.0 373.5 360.0
364.5 373.5 357.25
352.5 374.0 355.25
287.6 386.5 356.75
250.0 395.0 357.5
212.4 398.5 357.75
332.0 400.0 357.25
306.5 400.5 360.0
287.0 402.5 368.9375
332.875 394.0 368.6875
330.5 391.5 368.4375
303.0 391.5 368.1875
324.5 395.0 367.5
325.5 395.0 366.0
322.5 402.0 363.25
338.5 411.0 366.25
345.0 410.0 366.5
348.0 409.0 367.5
354.5 410.5 367.25
325.0 413.0 368.5
312.0 412.0 370.25
311.0 411.0 374.0
317.5 410.5 374.75
341.0 409.0 376.75
336.5 373.5 378.25
332.0 346.9 378.5
321.0 342.1 378.75
331.5 314.0 377.5
345.5 342.5 375.75
353.0 369.0 373.5
378.0 386.0 371.0
357.5 385.5 369.75
384.5 387.0 371.0
358.0 386.5 373.5
341.0 389.0 373.5
396.0 405.5 374.25
301.5 407.5 373.75
319.5 409.0 372.0
342.5 410.0 349.0
355.0 411.0 319.66666666666663
356.5 411.0 290.33333333333337
355.0 411.0 261.0
348.0 408.0 271.25
342.0 370.5 368.0
402.5 364.9 369.5
354.0 356.1 373.0
351.0 347.3 371.0
335.0 338.5 370.75
353.5 329.7 368.0
293.0 320.9 365.0
289.0 312.1 362.5
290.0 276.0 361.5
286.0 266.25 346.2631578947369
281.0 268.5 333.9473684210526
281.0 270.5 321.63157894736844
293.5 256.5 309.3157894736842
312.5 254.5 297.0
308.0 258.5 284.6842105263158
307.0 276.5 272.36842105263156
307.0 269.5 260.0526315789474
308.0 272.0 247.73684210526318
311.0 262.0 227.0
318.5 298.5 217.0
325.0 298.0 334.5
361.125 297.0 330.25
333.5 296.5 329.25
330.5 298.0 338.25
329.5 296.5 337.75
315.0 297.0 338.0
338.5 298.5 355.75
343.5 302.0 349.25
334.0 280.0 352.0
342.0 283.75 357.5
332.125 296.75 359.0
296.5 309.75 355.5
327.5 322.75 353.0
348.0 278.5 349.5
351.0 264.57142857142856 349.0
351.0 318.0 359.0
350.25 371.42857142857144 358.0
350.0 377.5 356.0
340.0 363.0 354.25
330.0 371.0 352.25
345.5 371.0 351.0
335.7857142857143 371.0 349.0
306.92857142857144 375.0 350.0
278.07142857142856 376.0 352.5
249.21428571428572 379.0 355.0
274.0 378.5 357.0
325.5 378.5 357.75
302.5 378.5 358.25
295.5 379.5 359.25
301.5 379.5 359.25
303.5 380.0 358.25
381.5 379.5 357.75
371.5 378.5 358.0
325.5 378.0 359.75
319.5 378.5 362.0
341.375 379.0 364.25
318.5 370.0 360.5
334.5 362.5 360.0
349.5 362.0 357.25
346.5 362.0 353.75
322.5 362.0 350.25
324.0 365.5 350.0
324.0 386.5 351.25
325.5 390.0 351.25
330.0 393.5 353.5
330.0 394.5 356.5
330.5 395.0 359.0
379.5 395.5 359.0
368.5 395.75 359.75
367.5 392.25 360.5
370.75 390.75 360.0
377.25 390.25 358.0
381.25 390.5 358.0
362.75 390.5 359.0
367.75 390.5 359.5
365.0 390.0 360.5
373.0 389.0 360.5
381.5 388.5 361.0
408.75 388.75 362.5
420.25 389.0 363.5
407.75 389.0 363.5
399.0 388.5 362.5
400.75 387.25 362.5
359.734375 366.0 361.5
354.671875 370.25 361.0
349.609375 371.5 360.0
344.546875 371.75 355.5
339.484375 371.25 356.5
334.421875 372.25 350.5
329.359375 371.75 330.2857142857143
324.296875 372.0 314.0
319.234375 372.25 297.7142857142857
314.171875 372.5 311.0
309.109375 371.75 341.75
304.046875 372.0 341.75
298.984375 372.0 356.75
293.921875 379.5 358.25
288.859375 387.0 359.25
283.796875 386.5 364.25
277.5 387.0 361.0
280.5 388.0 355.5
275.5 380.5 360.25
270.0 372.0 362.5
257.5 372.5 361.5
250.5625 373.0 360.5
261.3125 372.0 360.5
236.0 372.5 360.5
244.5 372.5 357.0
240.0 380.5 351.5
236.0 386.0 348.5
240.0 388.5 345.5
298.5 388.5 343.75
343.0 387.5 342.5
318.5 385.0 341.5
314.0 379.5 341.5
276.0 370.5 345.0
238.0 367.5 356.5
279.5 365.5 356.5
285.5 364.0 356.0
290.0 363.5 356.0
276.0 390.5 356.5
286.5 390.5 357.25
265.875 389.5 355.75
248.5 389.5 354.5
254.0 387.5 352.75
253.5 387.0 358.5
252.5 387.0 357.0
253.5 387.5 356.0
256.5 388.0 355.0
256.5 368.5 354.75
264.0 362.5 354.25
303.5 362.0 353.75
372.5 362.0 354.0
367.5 362.0 355.25
338.5 361.0 357.0
356.5 361.0 358.75
365.5 361.0 360.0
318.5 362.0 362.0
334.0 361.5 364.0
321.5 361.5 366.0
281.0 292.25 368.0
253.5 281.25 369.75
249.0 270.25 370.25
273.5 290.0 372.0
289.0 347.0 371.0
292.5 360.0 371.0
290.5 362.0 370.75
338.5 358.5 370.5
358.0 358.0 372.5
299.5 357.5 374.0
301.0 357.5 374.0
296.0 372.5 372.0
289.0 377.5 369.25
282.0 379.5 359.25
279.5 380.5 351.75
279.0 381.0 347.75
281.0 383.5 346.75
285.0 377.0 346.0
284.0 370.0 347.0
281.0 371.0 348.5
285.5 372.5 356.5
290.5 378.5 352.28125
285.0 386.5 317.40625
299.0 395.5 282.53125
291.0 400.5 247.65625
292.5 384.5 277.75
292.5 340.5357142857143 327.5
297.0 301.25 353.5
283.0 261.9642857142857 350.0
311.5 271.5 357.5
317.5 345.5 357.5
323.0 361.0 361.5
343.5 357.0 363.0
336.5 361.5 365.5
338.0 358.5 367.0
323.0 356.5 366.5
324.5 356.0 366.0
297.5 356.0 363.5
299.5 364.5 362.0
263.5 367.5 364.0
224.5625 375.0 362.75
247.3125 374.0 361.25
320.5 371.5 357.0
344.0 368.5 355.25
313.0 367.0 352.5
331.5 362.5 347.25
318.5 357.0 346.25
314.0 355.0 343.5
324.0 347.0 323.25
331.0 339.0 204.3913043478261
331.5 341.0 209.95652173913044
358.5 342.0 215.52173913043478
329.0 352.0 221.08695652173913
319.5 384.0 226.65217391304347
325.5 387.5 232.2173913043478
331.5 390.0 237.7826086956522
289.5 390.5 243.34782608695653
265.5 392.5 248.91304347826087
271.0 393.5 254.47826086956522
306.5 394.5 260.04347826086956
386.5 396.0 265.6086956521739
351.5 397.0 304.0
279.0 398.5 347.75
276.5 376.5 349.25
258.5 372.5 346.0
279.0 374.0 332.5
260.5 373.0 328.0
281.25 372.5 326.0
254.0 369.5 320.5
255.0 366.0 314.5
259.5 373.0 313.0
261.0 371.5 350.0
263.0 368.5 352.25
268.5 368.0 351.5
265.5 366.5 351.75
285.5 314.55 354.25
291.0 328.75 357.75
276.0 342.95 357.75
295.0 325.0 357.5
294.5 357.5 357.75
294.5 373.0 357.5
293.0 378.0 356.5
295.5 378.0 355.0
295.0 369.5 353.0
296.5 362.0 346.25
294.5 352.0 334.0
294.5 340.0 337.75
295.0 331.5 330.75
293.5 322.5 323.75
293.5 320.5 316.75
277.59375 326.5 309.75
269.96875 337.5 302.75
262.34375 341.5 295.75
254.71875 326.5 288.75
245.5 321.0 281.75
270.0 317.0 274.75
253.5 314.0 298.5
262.5 315.0 328.5
239.5 314.0 334.0
213.0 317.5 337.0
246.5 322.0 337.25
310.0 330.0 342.25
256.0 346.5 341.5
268.0 354.5 345.0
257.875 364.5 346.5
268.0 374.0 349.0
255.5 386.5 350.25
317.0 392.0 350.75
258.0 396.5 350.5
260.0 403.5 348.5
409.1029411764706 407.5 346.0
393.5147058823529 412.0 346.5
377.92647058823525 417.5 349.25
362.3382352941177 426.5 349.75
346.75 436.5 353.5
331.1617647058823 444.0 341.25
315.57352941176475 456.5 338.75
299.9852941176471 440.5 336.75
284.3970588235294 445.0 343.75
313.0 443.0 351.25
359.5 437.0 344.5
358.5 433.0 339.0
361.0 421.0 346.0
361.0 331.95 352.25
357.0 337.75 351.75
377.5 343.55 352.25
481.0 435.0 352.0
540.5 455.5 349.0
499.5 468.5 321.0
494.5 476.0 316.25
505.5 477.0 313.0
504.5 474.0 311.0
521.5 465.5 310.25
512.5 460.5 306.25
438.33333333333337 449.5 305.0
255.66666666666669 432.0 305.25
264.0 419.5 305.75
310.5 402.0 308.0
335.0 423.5 311.5
334.0 407.5 310.5
279.5 392.5 310.75
280.0 382.0 311.75
273.125 371.0 313.5
271.625 317.0 313.5
270.5 295.5 319.75
250.5 291.5 317.0
258.5 292.5 317.25
267.0 301.0 315.5
265.5 309.0 315.25
270.0 321.0 346.0
247.125 335.0 356.32142857142856
243.0 349.0 356.75
242.5 359.5 357.17857142857144
246.0 365.5 364.0
245.5 369.5 310.75
258.625 372.5 318.0
252.0 376.5 303.75
253.33333333333331 379.0 320.5
250.66666666666669 381.0 317.25
251.5 383.0 311.5
268.5 385.0 308.5
267.5 386.5 283.0
269.5 387.0 280.75
276.0 389.0 320.0
281.5 395.5 292.75
284.5 406.5 302.0
288.5 412.5 296.0
279.75 417.5 298.5
255.0 421.5 280.0
253.0 424.5 286.0
303.0 426.5 287.25
265.0 431.5 279.75
276.5 437.5 296.5
264.0 444.0 302.75
257.5 445.0 285.25
269.5 413.5 276.25
259.5 415.5 319.5
254.5 411.0 321.25
266.0 349.5 311.5
229.5 260.5357142857143 287.5
174.89285714285714 203.25 314.5
146.75 145.96428571428572 324.5
118.60714285714286 121.0 337.5
127.25 198.25 348.0
219.75 187.75 346.0
297.5 181.5 334.0
302.25 165.75 346.0
388.25 164.25 355.0
349.25 173.5 363.0
329.5 183.25 355.5
257.75 197.75 348.5
255.5 213.5 382.5
255.0 228.25 363.5
286.5 208.75 368.5
308.0 188.0 359.5
299.5 169.25 340.0
294.5 175.5 325.0
300.5 168.0 354.5
337.5 166.5 343.5
339.75 167.75 348.0
342.0 170.5 359.5
326.5 171.5 342.5
346.0 188.5 339.5
319.25 197.0 338.0
350.0 191.0 325.0
336.0 187.5 327.875
339.25 184.5 312.25
353.5 178.0 344.25
302.5 182.5 337.0
277.0 189.0 340.5
278.0 176.0 345.5
274.5 196.0 343.25
275.0 187.0 320.5
274.5 175.5 319.0
275.0 182.5 338.0
274.5 175.5 318.75
274.0 149.0 290.25
273.0 141.55 311.25
271.0 148.95 330.25
270.5 163.5 291.25
271.0 274.0 314.5
318.5 190.75 306.25
335.5 215.5 289.5
333.5 201.5 295.75
371.0 216.0 316.75
370.0 219.5 320.75
325.5 225.0 313.5
324.5 261.5 325.25
325.5 278.0 323.75
323.0 278.0 326.0
320.5 286.0 331.25
318.5 299.5 337.5
317.5 310.5 348.0
316.5 312.5 355.25
314.5 304.5 360.5
314.5 300.0 358.25
303.5 297.0 358.75
300.5 300.0 355.75
299.5 342.0 353.75
283.5 346.5 355.25
268.0 338.16666666666663 355.5
288.5 342.3888888888889 359.75
307.5 346.6111111111111 361.5
309.0 350.83333333333337 364.0
313.0 369.0 369.0
316.0 391.5 374.0
316.0 395.5 376.0
316.0 396.5 378.5
318.0 399.5 384.5
319.0 406.5 377.0
305.0 415.0 378.5
320.0 420.5 368.5
321.5 421.0 363.0
318.5 421.0 357.5
315.0 419.5 351.0
272.0 418.5 345.0
264.5 418.0 343.5
260.5 416.0 339.5
256.0 357.0 337.25
252.0 333.5 338.0
251.5 331.0 339.5
252.0 331.0 340.0
252.5 331.0 340.0
300.0 334.0 341.25
283.8571428571429 310.0 342.5
251.0 291.5 342.0
218.14285714285717 298.0 403.5
229.5 301.5 390.0
291.0 300.5 390.75
269.5 298.5 389.5
312.0 300.5 391.75
294.5 312.5 387.75
288.0357142857143 311.5 389.75
304.75 310.0 388.25
321.4642857142857 305.5 383.65625
326.0 302.5 374.28125
332.0 289.5 364.90625
329.0 248.05 355.53125
293.0 246.25 362.5
263.0 244.45 356.0
231.0 349.0 382.0
230.5 371.5 421.0
229.5 393.0 398.5
275.0 382.5 397.5
247.5 401.0 386.25
281.5 384.0 384.75
317.0 387.5 386.5
359.0 395.5 388.25
348.5 394.5 389.75
303.0 392.0 389.75
322.5 392.0 395.0
342.5 394.0 396.0
334.5 396.5 395.5
315.0 403.5 393.5
291.0 403.5 390.25
304.0 406.0 384.75
302.5 409.5 384.875
301.0 412.0 385.0
324.125 416.5 385.0
312.625 420.0 385.75
301.125 420.0 386.5
289.625 421.5 384.0
244.0 419.5 383.25
230.625 418.0 384.25
262.125 418.5 383.75
293.625 420.5 386.0
306.0 423.5 357.0
323.5 426.0 329.0
358.5 427.5 325.5
268.0 428.0 331.5
343.0 428.0 332.5
340.5 423.5 332.0
327.5 391.6875 332.75
296.5 354.4375 333.25
282.0 317.1875 330.5
286.5 279.9375 332.5
296.0 285.5 333.75
304.5 360.5 337.5
305.5 368.0 342.25
300.0 378.5 345.0
306.5 391.0 352.0
276.0 400.0 407.0
306.0 405.0 395.5
311.5 397.0 394.0
319.0 383.5 393.0
329.5 373.5 392.0
332.0 362.5 389.5
332.0 355.5 391.0
331.0 377.0 389.25
302.0 394.0 390.75
295.5 410.0 384.75
290.5 427.0 389.75
289.0 440.0 389.25
286.0 446.5 390.75
263.5 447.0 387.75
220.0 440.5 391.0
218.0 418.5 392.0
212.5 396.5 392.75
211.0 373.5 394.0
208.0 351.0 396.0
207.5 334.5 394.5
206.0 321.5 391.5
207.0 315.0 394.0
191.25 300.0 397.0
209.0 307.5 401.0
325.0 321.0 397.5
323.0 343.0 395.0
320.5 351.8125 396.5
318.0 371.0625 394.5
319.0 363.5 378.6875
337.0 404.0 351.4375
340.5 414.0 324.1875
342.5 409.5 296.9375
345.0 400.0 316.5
360.5 388.5 350.0
395.5 377.5 343.5
399.5 366.0 347.5
419.5 357.0 344.5
436.0 348.5 343.5
452.5 340.0 341.5
453.5 341.0 338.0
413.0 349.0 336.5
418.0 364.0 336.0
387.0 373.0 335.75
371.0 375.5 338.5
374.0 389.0 339.5
375.0 397.0 339.25
371.0 400.0 339.75
370.0 408.5 342.0
376.5 412.0 342.5
325.0 400.0 343.0
308.5 387.5 343.5
310.5 375.0 345.25
301.5 348.5 363.0
299.5 331.5 385.0
289.5 322.5 385.5
289.0 314.0 377.75
292.0 309.0 372.5
290.5 309.5 372.0
292.0 313.5 368.0
293.5 317.5 366.0
290.5 326.5 369.0
284.0 333.0 369.0
260.0 342.5 369.0
260.0 350.5 405.75
263.5 370.0 378.25
245.0 382.5 381.5
234.5 390.0 355.0
259.0 397.5 329.5
271.0 404.5 330.5
271.5 424.5 330.75
276.5 433.0 332.5
284.0 446.0 332.25
240.5 456.0 333.0
238.0 462.5 333.5
316.5 467.5 338.0
330.0 460.5 340.0
329.0 430.0 341.5
318.5 437.0 343.25
314.0 436.0 343.75
310.5 435.5 341.5
314.5 434.5 343.5
311.5 427.0 345.5
314.0 420.5 345.0
311.5 426.0 344.5
311.0 419.5 344.25
299.5 413.0 342.5
247.5 406.5 341.0
249.5 402.5 337.25
249.5 398.5 232.0
290.5 391.5 248.0
288.0 381.5 249.0
285.0 371.5 241.5
284.0 355.0 244.5
312.0 349.0 248.0
319.0 354.0 214.5
323.0 365.5 199.5
324.0 355.125 213.5
331.5 339.95833333333337 206.0
337.5 324.79166666666663 207.0
336.0 309.625 199.5
311.5 294.45833333333337 202.5
287.0 279.2916666666667 237.0
314.0 264.125 358.5
327.5 248.95833333333334 355.25
325.5 233.79166666666669 350.75
325.5 240.125 358.0
327.5 298.0 360.25
326.5 283.0 369.5
325.0 304.0 366.25
325.0 304.0 327.5
326.0 307.25 346.5
325.625 309.0 362.5
322.0 315.0 365.5
323.75 319.5 348.0
324.25 324.25 364.5
325.75 322.75 363.0
326.0 316.75 367.0
326.75 305.5 366.5
327.25 298.0 362.5
328.5 292.25 365.0
327.25 287.75 374.5
324.75 286.0 381.0
322.5 279.5 391.5
314.75 273.25 373.5
306.75 271.75 355.71875
306.5 273.75 338.59375
306.0 278.5 321.46875
304.5 287.25 304.34375
303.25 296.25 325.0
315.75 282.5 349.0
324.25 286.5 345.5
326.0 284.5 333.5
324.5 276.5 330.0
324.75 264.75 326.0
326.0 272.75 325.5
324.0 270.0 323.75
323.25 262.0 322.0
324.0 259.5 329.0
324.0 261.5 332.75
314.0 312.5 333.5
309.5 252.0 344.0
308.0 242.0 344.25
286.5 246.0 348.5
244.28571428571428 250.5 357.75
222.0 253.5 367.25
199.71428571428572 249.0 373.0
244.0 230.5 377.75
307.5 228.0 381.75
310.0 226.0 388.75
270.5 222.0 403.0
310.0 223.5 408.45
307.125 213.0 390.25
306.625 196.0 372.05
306.125 175.5 354.5
305.625 159.5 345.5
305.125 144.0 351.25
384.5 129.5 346.0
317.0 119.375 343.25
276.5 117.875 335.5
226.5 80.0 331.5
274.0 137.0 330.75
269.5 169.0 331.25
320.0 170.0 330.0
316.5 269.0 332.5
326.0 272.5 338.0
323.0 260.0 338.5
318.5 256.0 341.0
297.5 250.0 333.0
296.0 270.0 330.0
297.0 284.4642857142857 332.0
305.5 300.4166666666667 352.0
306.5 316.36904761904765 357.25
307.5 332.32142857142856 357.75
308.0 348.2738095238095 329.91666666666663
310.0 364.2261904761905 285.1388888888889
310.0 380.17857142857144 240.3611111111111
309.5 396.13095238095235 195.58333333333331
308.0 412.0833333333333 261.25
307.0 428.0357142857143 355.5
306.5 434.0 359.5
341.5 403.0 363.0
343.5 377.5 375.0
345.0 359.5 353.0
345.5 356.0357142857143 351.0
346.5 348.75 348.5
323.5 341.4642857142857 333.5
323.5 338.5 329.5
320.5 344.5 331.75
319.0 359.5 331.75
313.5 362.0 329.5
311.5 372.5 328.0
310.0 385.0 331.5
311.0 394.0 331.75
408.5 397.5 334.75
438.7142857142857 401.5 354.5
369.0 409.0 366.0
299.28571428571433 419.5 361.5
255.0 418.5 361.5
299.0 415.0 360.5
307.0 412.5 367.5
308.5 414.5 367.5
309.0 413.5 373.0
304.0 411.0 369.0
280.5 409.0 369.5
323.0 410.0 371.0
338.0 411.5 376.0
306.0 412.5 371.0
304.0 404.5 375.5
303.5 373.5 377.0
284.5 370.5 379.0
278.5 366.5 382.0
282.0 364.5 381.5
289.5 381.0 378.0
238.0 394.0 363.5
233.5 389.0 331.5
234.5 389.0 331.5
235.5 391.5 329.0
235.5 395.0 326.5
234.5 395.5 326.0
265.5 396.0 325.0
281.4 401.0 322.5
280.6 403.5 319.0
279.0 406.0 320.0
290.9375 406.5 320.0
308.1875 406.5 320.5
325.4375 404.0 320.75
342.6875 402.5 321.0
336.5 400.5 320.5
339.5 402.5 323.25
343.0 405.5 323.0
342.5 405.0 330.5
343.0 405.0 337.0
336.0 376.0 336.5
405.0 377.5 318.0
405.0 379.5 318.0
427.5 382.0 317.5
544.5 382.5 316.5
436.5 382.0 316.5
415.0 379.0 316.5
371.5 376.5 314.0
374.0 375.0 313.0
375.0 376.0 313.5
373.0 375.52941176470586 314.5
377.5 376.2352941176471 315.0
392.5 376.94117647058823 318.0
392.0 377.6470588235294 319.0
390.0 378.3529411764706 320.25
390.5 379.05882352941177 321.25
391.0 379.7647058823529 323.5
389.0 380.47058823529414 326.0
389.5 446.0 327.0
393.0 397.0 360.0
390.0 353.5 363.0
325.5 307.5 360.5
317.5 292.0 358.5
309.0 271.0 372.0
309.5 262.0 363.75
238.5 263.5 358.5
245.0 273.5 361.0
247.0 289.5 365.0
247.5 298.5 367.0
247.0 304.0 366.5
247.5 310.0 376.0
243.5 312.5 383.25
299.0 310.5 383.25
258.5 311.5 370.0
258.5 315.0 369.75
257.0 308.5 362.25
258.5 188.0 361.0
259.0 156.5 361.0
321.5 145.0 363.0
375.5 124.5 367.0
374.0 124.125 365.5
373.0 127.625 368.0
371.5 131.125 370.0
371.0 134.625 370.25
369.0 138.125 367.0
367.5 141.5 364.25
365.5 149.5 357.5
366.5 154.0 352.0
349.0 178.0 354.5
340.5 200.0 354.0
345.5 223.0 355.5
342.0 231.5 363.91666666666663
331.0 248.5 359.58333333333337
333.0 250.5 355.25
336.5 244.5 350.91666666666663
296.5 240.5 346.58333333333337
245.5 236.5 353.25
246.0 233.0 356.25
245.0 232.0 355.75
243.0 232.0 357.75
239.5 235.5 360.0
237.0 225.0 360.75
234.5 217.0 368.5
239.5 217.0 368.0
238.5 215.5 365.5
240.0 209.0 367.0
242.5 198.0 368.25
244.0 192.0 362.75
244.0 191.5 366.0
244.0 189.5 366.25
344.5 188.5 367.75
340.0 188.5 365.625
339.0 191.5 364.75
339.5 195.5 361.75
339.0 200.0 359.5
337.5 211.0 379.125
337.5 212.0 360.25
322.5 215.5 348.265625
320.0 223.5 333.953125
317.5 234.91666666666669 319.640625
315.5 248.1388888888889 305.328125
317.0 261.3611111111111 291.015625
316.5 274.58333333333337 276.703125
311.5 302.0 262.390625
311.5 331.35 248.078125
312.5 347.15 301.5
311.5 362.95 356.75
307.0 378.75 356.25
303.5 394.55 356.25
298.5 413.5 358.0
292.0 419.5 356.5
289.5 395.5 358.25
328.5 432.5 360.75
251.0 435.0 371.5
311.0 438.5 375.5
315.0 432.5 375.25
339.0 434.5 372.75
360.0 438.0 367.0
361.5 441.5 365.5
363.5 439.5 363.0
338.0 441.5 356.75
342.0 437.5 357.25
357.0 433.0 377.75
329.1590909090909 430.5 385.875
302.7045454545455 426.0 391.0
276.25 380.0 386.0
249.79545454545453 383.0 782.5833333333333
223.34090909090912 388.0 604.9166666666667
196.88636363636363 392.5 427.25
170.4318181818182 398.5 298.0
143.97727272727275 422.5 292.0
117.5227272727273 433.0 331.5
91.06818181818184 439.0 318.5
64.61363636363637 443.0 316.0
202.0 446.0 318.0
288.5 443.5 321.5
245.5 436.0 319.5
280.21875 430.0 318.5
343.84375 425.5 316.5
407.46875 422.5 313.5
471.09375 417.5 312.0
314.5 412.0 306.0
337.5 408.0 306.5
281.5 406.0 308.5
316.5 413.5 319.5
314.0 418.0 320.0
317.0 421.0 325.0
311.5 425.0 324.5
313.0 483.75 323.5
315.0 479.75 322.25
315.25 481.75 319.5
314.5 483.0 328.5
312.0 486.0 368.04166666666663
311.25 487.25 330.20833333333337
312.0 560.5 292.375
312.0 574.75 284.0
311.5 572.0 361.0
313.0 566.25 366.0
314.75 564.75 369.0
316.0 568.75 364.5
315.0 563.5 346.5
280.5 560.75 356.5
281.0 559.25 365.0
281.5 551.5 379.0
283.0 516.5 389.5
283.5 513.75 401.0
284.5 514.75 395.0
298.0 516.5 394.0
244.5 574.0 394.0
301.0 601.0 391.5
245.5 597.25 386.0
244.0 596.5 380.0
354.5 595.25 379.5
297.5 591.75 381.0
355.5 582.5 380.5
246.25 571.0 380.5
246.5 570.5 382.0
247.5 567.5 384.5
249.0 568.5 383.75
249.5 568.5 384.5
249.5 568.5 386.25
250.0 569.0 387.0
250.5 577.0 383.75
301.5 580.5 382.75
356.5 584.5 386.0
357.0 590.5 401.5
303.5 592.5 381.5
241.5 602.5 384.75
251.5 609.0 391.5
238.5 604.5 392.0
242.5 600.5 392.5
241.5 597.0 395.0
242.0 594.5 385.0
242.5 593.5 357.0
241.5 592.5 350.5
239.0 608.5 346.5
237.0 608.0 345.75
234.0 618.0 305.75
229.5 615.5 211.92857142857142
226.5 604.0 134.5
250.5 602.5 57.07142857142857
290.5 600.5 13.0
290.0 530.0 45.0
289.5 512.0 41.0
291.5 504.5 37.75
292.0 506.0 18.0
220.5 488.5 19.5
258.0 358.5 19.0
259.5 327.0 18.25
240.0 328.0 17.5
199.0 329.5 16.75
199.5 331.5 16.5
200.0 326.0 15.75
201.5625 291.8928571428571 15.0
201.8125 247.75 6.5
202.0 203.60714285714283 -3.75
203.8 184.5 -5.0
206.2 211.5 -6.25
208.5 219.5 -7.0
210.07142857142856 209.5 -9.25
210.35714285714283 215.0 -9.75
210.64285714285717 219.0 -11.25
210.92857142857144 214.5 -11.25
211.21428571428572 209.5 -12.0
211.5 166.0 -13.5
211.78571428571428 171.0 -13.0
226.75 175.0 14.75
270.5 173.5 37.5
301.5 166.9375 37.75
317.0 152.1875 38.25
321.0 315.5 38.5
322.5 367.0 44.83333333333333
326.3125 366.0 66.16666666666666
330.0625 365.5 87.5
329.0 364.38461538461536 203.5
286.5 362.2307692307692 365.5
294.0 360.0769230769231 363.0
288.5 357.9230769230769 369.75
291.5 355.7692307692308 368.0
291.0 353.61538461538464 356.5
289.0 344.8928571428571 353.75
292.0 316.4642857142857 357.0
290.5 288.03571428571433 351.5
374.5 259.6071428571429 354.25
294.5 273.5 353.25
312.5 278.0 371.25
309.0 285.5 389.0
336.0 285.0 381.5
349.5 285.0 380.5
336.0 282.0 379.75
334.0 290.75 380.75
321.0 301.75 379.5
292.5 312.75 379.0
292.0 323.75 378.5
295.5 334.75 374.25
295.0 235.0 355.75
255.25 186.7 344.0
268.0 266.29999999999995 359.0
271.375 347.5 357.0
278.5 359.5 356.0
276.0 373.5 359.0
272.5 370.0 357.25
256.0 369.0 352.0
266.0 379.0 343.0
268.5 390.0 340.0
270.0 398.0 345.0
265.0 397.5 343.0
260.0 396.0 341.5
255.5 397.0 340.0
271.0 399.5 340.0
287.0 404.0 340.5
289.0 402.5 343.5
287.5 399.5 343.0
282.0 397.5 340.0
273.5 397.5 345.5
308.5 401.0 344.5
313.0 405.5 342.75
333.0 406.5 343.5
335.5 407.5 346.0
313.0 409.0 350.0
308.5 407.5 410.75
315.0 407.0 412.5
334.5 407.5 403.0
347.5 405.5 404.0
350.5 400.5 404.75
350.5 397.0 402.75
351.0 398.0 403.0
242.5 396.5 401.0
306.5 394.5 400.25
212.625 394.5 400.75
209.125 394.0 387.25
205.625 395.5 393.0
202.125 368.5 361.0
210.0 354.94117647058823 329.0
213.5 345.52941176470586 297.0
237.0 336.11764705882354 326.5
295.5 326.7058823529412 336.0
294.0 317.2941176470588 336.75
318.0 307.88235294117646 218.0
282.0 298.47058823529414 193.5
237.0 289.0588235294117 194.5
241.0 286.0 194.75
325.5 293.0 195.25
305.0 282.0 179.25
301.0 287.5 166.5
299.0 292.0 168.5
298.0 299.5 169.25
321.5 302.0 168.75
279.0 303.0 167.5
223.0 302.0 164.5
268.5 299.5 161.0
310.5 303.0 157.5
308.5 300.5 154.5
310.5 300.5 152.0
309.5 303.0 150.5
307.5 305.5 132.5
326.5 290.4318181818182 114.5
289.125 268.3409090909091 96.5
221.95833333333331 246.25 94.0
154.79166666666666 224.1590909090909 131.0
286.5 202.0681818181818 138.5
295.0 196.75 138.0
300.0 241.75 139.25
301.5 286.75 139.75
301.5 324.5 144.0
299.5 363.5 146.5
290.0 372.5 149.0
304.5 377.0 151.0
310.5 378.5 151.25
306.0 388.5 151.25
305.0 411.5 150.5
306.5 420.0 149.25
300.5 422.0 147.5
294.5 410.0 147.25
288.5 395.0 147.25
287.125 383.0 147.0
263.5 372.5 147.25
308.5 371.5 144.25
303.0 369.5 143.75
303.5 367.5 144.0
279.5 374.5 145.0
304.0 380.5 146.25
306.5 385.0 147.25
310.5 384.0 148.0
292.5 380.5 149.5
307.5 373.5 145.69444444444446
269.5 376.0 140.47222222222223
203.5 376.5 135.25
290.0 374.5 130.02777777777777
287.0 370.0 124.80555555555556
259.0 369.0 101.25
284.0 373.5 129.5
261.0 377.0 140.5
246.5 380.5 142.5
272.5 380.0 142.75
291.5 384.5 137.75
251.0 388.5 133.25
265.5 391.5 137.75
242.0 393.0 139.75
241.5 391.0 138.5
239.5 383.5 136.5
235.0 381.0 137.5
294.0 382.0 137.5
199.5 382.5 138.25
173.5 378.5 139.5
168.5 377.5 140.25
163.5 380.0 146.77777777777777
167.0 384.0 135.88888888888889
187.0 404.5 125.0
292.5 436.0 114.11111111111111
277.5 464.5 103.22222222222223
252.0 478.45000000000005 76.5
299.0 497.04999999999995 114.0
304.5 515.65 129.5
235.0 534.25 139.5
231.0 552.85 140.75
290.0 546.5 142.75
293.0 531.8333333333333 143.5
308.5 517.1666666666667 144.5
353.5 502.5 144.0
377.5 492.5 143.5
358.5 456.0 141.0
351.0 438.0 139.25
336.5 438.0 136.5
283.0 440.0 133.0
339.5 435.0 131.25
334.0 438.0 130.0
327.0 443.5 157.25
319.0 442.5 219.8
300.5 447.5 203.0
188.0 453.5 186.2
129.0 456.0 291.5
154.0 454.5 346.0
137.5 459.0 335.25
152.5 468.0 330.75
160.0 481.5 328.25
178.5 466.5 329.25
183.75 448.0 328.5
206.75 431.5 329.75
229.75 420.5 331.5
310.0 410.2391304347826 312.875
304.0 395.8913043478261 250.5
309.625 381.54347826086956 224.0
327.0 367.19565217391306 222.5
324.0 352.8478260869565 219.5
330.5 338.5 218.0
319.0 324.1521739130435 220.5
325.75 309.804347826087 217.0
321.0 295.45652173913044 75.0
315.5 281.1086956521739 99.0
313.75 266.7608695652174 110.5
317.5 248.75 108.0
329.25 204.5 111.0
329.5 252.0 213.0
334.5 240.25 326.5
329.5 257.75 316.0
305.25 252.0 315.5
282.79999999999995 252.75 334.0
265.20000000000005 250.75 342.5
277.5 272.5 350.5
303.75 276.5 355.0
322.5 268.5 357.5
330.75 261.25 361.0
345.25 258.75 362.5
324.5 252.5 200.89285714285714
327.75 255.5 216.46428571428572
333.25 255.5 232.03571428571428
331.5 259.5 247.60714285714286
336.0 271.0 297.25
336.0 281.0 313.0
336.0 305.0 325.0
349.5 320.0 335.25
337.5 329.0 335.75
344.0 337.0 335.75
332.5 345.5 311.25
285.5 351.0 303.5
334.5 355.5 299.25
335.5 360.0 298.25
328.0 364.0 310.25
303.0 364.5 382.75
308.0 363.5 384.25
308.5 360.5 333.0
307.0 360.0 333.75
334.5 361.0 334.25
323.5 366.0 332.75
303.5 351.5 382.25
360.5 349.0 328.5
303.5 353.5 328.75
303.5 361.0 327.75
314.5 368.5 326.0
322.0 350.3 325.25
311.5 335.5 322.75
294.5 320.7 317.0
307.5 389.5 316.25
315.0 411.0 311.0
320.0 428.5 310.25
328.5 445.0 309.5
348.5 449.5 302.5
359.0 428.0 277.5
345.0 404.5 168.56034482758622
332.0 366.5 176.80172413793105
381.0 346.0 185.04310344827587
343.0 326.0 193.2844827586207
318.5 313.0 201.52586206896552
315.0 303.5 209.76724137931035
311.5 296.5 218.00862068965517
341.0 293.5 226.25
348.0 292.0 234.49137931034483
307.0 294.5 242.73275862068965
339.5 313.4038461538462 250.97413793103448
306.5 333.94230769230774 259.2155172413793
299.0 354.4807692307693 267.4568965517241
304.0 375.0192307692308 275.69827586206895
303.0 395.5576923076923 283.9396551724138
296.5 416.0961538461538 300.5
308.5 417.08333333333337 306.5
305.5 359.41666666666663 294.0
313.5 301.75 309.0
301.5 297.0 317.5
298.0 412.0 323.25
289.95000000000005 410.26162790697674 327.25
280.54999999999995 410.6104651162791 327.0
272.5 410.95930232558135 327.5
267.0 411.3081395348837 328.25
268.92857142857144 411.65697674418607 335.25
273.5 412.00581395348837 328.25
278.07142857142856 412.3546511627907 333.25
267.25 412.70348837209303 335.75
240.0 413.0523255813954 337.25
238.5 413.40116279069764 334.5
252.0 413.75 331.5
288.5 414.09883720930236 335.0
294.5 414.4476744186046 368.25
302.0 414.79651162790697 366.5
323.5 415.1453488372093 334.25
289.0 415.49418604651163 338.75
240.5 415.84302325581393 340.25
241.5 416.1918604651163 344.0
247.0 416.54069767441865 343.5
245.0 416.8895348837209 339.75
243.5 417.23837209302326 335.5
242.0 423.5 362.25
244.5 391.5 364.5
249.0 357.0 365.25
254.0 324.5 365.5
255.0 310.5 364.25
257.0 304.5 359.5
258.0 311.5 350.0
260.625 327.0 345.5
257.0 341.0 340.75
249.5 354.5 337.0
248.0 357.5 331.25
251.5 359.5 328.0
255.0 363.5 329.75
239.0 366.0 332.5
231.5 368.5 328.5
229.5 371.0 329.25
229.0 380.0 328.5
231.5 384.0 326.0
232.5 387.0 356.0
229.5 391.5 382.5
225.5 399.5 385.5
224.0 404.0 385.5
241.5 394.5 384.75
223.5 383.0 388.75
227.0 382.0 386.0
221.0 384.0 389.25
216.0 388.0 383.75
215.0 409.5 387.5
234.0 408.5 387.25
254.0 412.5 391.0
257.0 415.0 392.25
260.0 450.5 394.0
260.5 482.5 395.25
263.5 483.5 395.75
264.5 482.0 396.0
263.5 475.5 392.25
263.0 471.0 398.75
260.5 460.0 395.0
262.5 436.0 397.5
267.5 423.0 402.0
268.0 404.0 397.5
269.5 382.5 398.25
269.0 359.5 400.0
269.5 296.5 372.75
270.5 298.0 373.75
269.5 318.5 374.25
270.5 341.0 370.75
270.0 371.0 372.0
271.5 388.0 368.5
247.0 377.5 358.75
247.5 368.5 349.25
247.5 365.0 348.25
247.0 364.5 343.25
244.0 367.0 349.5
243.0 371.0 348.25
239.0 372.0 339.25
223.0 372.0 338.0
246.96875 370.0 336.5
236.84375 364.5 336.0
226.71875 362.0 335.0
216.59375 363.0 336.5
210.0 366.5 336.75
206.0 370.0 336.75
210.5 373.0 334.5
266.5 380.0 333.5
309.5 385.0 335.5
312.5 351.5 337.5
314.0 346.5 364.0
312.5 345.0 381.25
223.96527777777777 347.0 389.5
227.82638888888889 353.0 382.5
231.6875 358.0 380.75
235.54861111111111 353.0 383.75
239.40972222222223 347.66666666666663 384.0
243.27083333333331 342.33333333333337 381.0
247.13194444444446 337.0 383.0
250.99305555555554 331.66666666666663 383.75
254.85416666666669 326.33333333333337 380.75
258.71527777777777 321.0 381.25
262.5763888888889 315.66666666666663 381.75
266.4375 310.33333333333337 381.75
270.2986111111111 305.0 388.75
274.15972222222223 315.5 390.25
278.0208333333333 297.0 384.5
281.88194444444446 280.5 381.25
285.74305555555554 272.0 380.5
289.6041666666667 266.5 380.5
292.0 262.0 383.0
239.5 254.5 382.5
249.0 249.0 384.0
229.5 247.5 376.5
277.0 250.5 240.5
283.5 251.5 242.5
268.5 331.0 244.5
255.07142857142856 364.5 295.0
254.5 381.5 353.25
253.92857142857144 402.0 350.75
252.0 412.0 352.5
279.0 418.0 364.5
238.0 423.0 354.25
282.0 432.0 353.5
224.25 430.0 353.75
318.5 392.5 350.25
297.5 344.0 350.25
319.5 338.5 350.0
291.0 337.0 350.0
332.0 332.0 350.0
310.5 309.5 350.0
323.0 278.0 347.5
330.5 270.5 345.25
327.5 265.5 347.5
332.0 262.5 343.25
334.5 266.5 342.0
332.0 274.0 346.5
335.5 280.5 353.75
340.5 287.5 354.75
298.5 288.0 341.0
259.5 286.5 350.25
262.5 280.5 350.0
273.0 278.5 344.25
229.78571428571428 282.0 356.75
250.92857142857144 282.0 375.25
272.07142857142856 281.0 370.25
293.2142857142857 282.0 375.5
287.7931034482759 286.5 377.0
273.51724137931035 291.5 376.25
259.2413793103448 294.5 378.25
244.9655172413793 295.0 357.0
230.68965517241378 291.0 325.77
216.41379310344826 280.0 306.13
202.13793103448276 270.0 286.49
187.86206896551724 269.5 266.85
173.58620689655172 272.0 247.21
159.31034482758622 272.5 227.57
145.0344827586207 274.0 207.93
130.75862068965517 275.5 188.29
116.48275862068964 276.0 168.65
102.20689655172414 284.66666666666663 149.01
103.0 296.2222222222222 129.37
124.0 307.7777777777778 109.72999999999999
83.19999999999999 319.33333333333337 99.25
28.800000000000004 255.5 116.0
117.0 211.39285714285714 146.5
257.0 249.25 150.0
262.0 287.10714285714283 148.5
256.0 321.0 150.5
258.0 333.1875 151.5
271.0 342.10416666666663 158.0
292.0 351.02083333333337 273.0
289.5 359.9375 319.5
262.5 368.85416666666663 314.875
285.0 377.77083333333337 322.0
324.125 361.0 310.0
324.5 335.66666666666663 305.0
302.75 310.33333333333337 315.5
314.0 285.0 316.5
294.0 273.25 319.5
302.5 275.0 318.0
309.5 250.0 317.0
323.0 279.0 316.0
317.5 275.75 310.5
279.0 277.0 313.5
266.0 280.0 311.0
264.5 284.25 308.5
264.75 303.0 309.0
287.25 309.0 311.0
294.0 309.0 311.0
392.0 307.75 313.0
310.5 308.0 314.5
322.25 306.0 320.0
343.25 304.5 317.0
338.0 289.25 316.5
413.5 277.75 316.0
381.0 277.3125 315.0
380.0 278.5625 314.0
381.0 279.8125 312.0
393.5 281.0625 312.125
383.5 286.5 311.5
377.5 330.5 310.5
384.5 358.5 309.5
390.0 386.5 310.5
382.5 414.5 311.5
403.5 427.5 316.5
345.5 378.0 319.0
338.0 373.0 319.0
327.0 368.5 318.0
329.0 366.0 316.25
395.5 364.5 314.75
329.5 370.0 312.75
327.5 373.5 312.75
364.0 376.0 313.25
316.5 379.5 321.25
377.0 382.5 322.25
307.5 386.0 323.0
309.0 390.0 325.5
304.5 390.0 326.25
320.5 394.5 327.0
339.0 404.0 327.0
386.5 399.5 327.0
364.0 396.5 325.5
408.0 395.5 325.25
376.5 394.0 328.25
396.0 394.5 326.25
332.5 392.0 329.75
281.5 373.0 330.0
308.0 356.0 330.0
306.5 354.5 330.5
339.0 354.0 320.25
331.5 349.5 319.5
314.0 326.375 322.75
313.5 303.875 326.75
312.5 281.375 326.75
308.0 288.5 325.25
313.0 341.5 324.25
321.5 349.5 324.0
320.5 359.0 323.0
296.5 367.0 322.75
303.5 369.5 324.0
353.5 369.5 325.0
311.5 368.0 324.5
336.0 366.5 325.5
325.5 371.0 325.75
354.5 373.0 326.25
322.0 375.5 327.0
308.5 377.0 327.75
278.0 378.5 327.5
273.5 350.5 326.5
278.5 340.5 325.75
270.5 339.0 324.0
344.5 336.5 231.5
314.5 335.5 195.5
294.5 352.5 159.5
330.0 358.0 264.75
366.5 359.5 306.0
313.5 361.0 316.25
391.5 362.5 316.25
337.0 365.0 317.25
312.0 365.5 307.75
311.0 368.0 302.5
312.5 368.5 293.0
355.0 357.5 289.25
347.0 358.0 288.75
352.0 357.0 289.25
354.0 355.5 309.25
390.5 373.5 336.5
376.5 380.5 206.5
412.0 381.0 110.5
441.0 379.5 149.83333333333334
394.5 379.5 189.16666666666669
375.0 379.0 364.25
355.5 378.0 357.5
346.5 377.0 357.75
322.0 378.0 359.25
166.04545454545456 358.5 363.75
184.22727272727275 351.0 363.25
202.40909090909093 349.5 370.5
220.5909090909091 349.0 373.0
238.77272727272728 347.5 376.25
256.9545454545455 346.0 372.0
275.1363636363636 353.5 371.0
293.3181818181818 365.0 369.5
311.5 365.0 361.5
329.6818181818182 366.0 363.5
347.8636363636364 366.5 352.5
366.04545454545456 361.0 338.1071428571429
384.22727272727275 358.0 330.25
402.40909090909093 357.0 322.3928571428571
420.5909090909091 357.5 315.0
438.7727272727273 375.0 318.25
456.9545454545455 379.0 306.75
475.1363636363636 380.0 306.25
493.31818181818187 380.0 300.75
511.5 380.0 300.5
529.6818181818182 379.0 311.0
547.8636363636365 379.0 307.5
566.0454545454545 379.0 309.5
584.2272727272727 355.5 304.5
602.409090909091 353.5 300.5
620.5909090909091 352.0 296.5
638.7727272727273 351.0 295.25
656.9545454545455 365.0 296.75
625.15 382.0 297.0
576.6833333333333 384.0 296.5
528.2166666666667 385.5 298.0
479.75 386.5 298.5
431.2833333333333 387.0 297.375
382.81666666666666 388.0 295.875
334.35 388.5 291.5
309.0 389.0 292.5
267.0 391.5 291.75
277.5 398.0 291.0
277.5 403.5 291.0
348.5 405.5 290.5
359.0 401.0 294.5
367.5 384.5 293.75
257.0 368.0 295.0
259.0 368.5 295.125
266.5 368.0 294.5
268.0 374.0 294.75
262.5 393.5 295.5
265.5 418.5 295.25
307.0 428.0 295.0
404.0 433.5 293.25
330.75 438.5 289.5
305.0 440.0 289.5
225.5 445.0 293.25
243.66666666666669 447.5 294.0
280.33333333333337 445.5 259.0
277.5 441.0 188.46428571428572
303.5 394.35 159.75
287.5 344.15 131.03571428571428
277.5 361.0 116.25
315.5 479.0 156.5
318.0 505.0 170.5
320.5 515.0 164.0
346.0 516.5 152.0
321.0 509.5 151.75
300.5 491.0 150.5
282.9375 462.04999999999995 150.5
296.1875 427.45000000000005 149.75
309.4375 401.0 147.25
322.6875 403.5 92.5
286.5 416.0 41.75
270.0 427.5 39.25
260.5 436.5 37.0
294.5 445.5 31.0
329.5 421.0 6.5
337.75 405.0 5.5
264.5 397.5 4.75
269.5 405.5 5.0
273.0 411.5 5.0
276.0 421.0 5.0
276.0 431.0 18.25
273.0 431.0 30.5
273.0 429.5 31.0
272.0 431.0 31.0
271.0 434.5 30.5
268.0 432.0 30.5
279.5 431.5 31.25
299.5 428.0 32.25
295.5 423.0 33.5
330.5 428.5 35.5
366.0 428.0 35.5
368.0 426.5 35.5
388.0 428.5 35.5
419.0 431.0 35.25
344.5 432.0 35.5
348.0 432.5 36.0
349.0 431.5 71.25
349.5 420.0 148.0
358.5 409.5 184.0
311.41666666666663 408.0 252.66666666666669
239.08333333333334 407.0 321.33333333333337
166.75 412.5 259.5
160.875 427.0 347.0
312.0 432.5 350.5
360.5 432.5 349.0
310.5 431.5 349.0
257.5 431.0 348.5
290.5 431.0 350.5
241.5 428.5 359.25
267.0 427.5 358.75
263.0 427.0 361.5
223.5 399.45454545454544 364.25
189.08333333333331 370.72727272727275 366.0
197.41666666666669 342.0 365.0
219.0 313.27272727272725 364.75
233.0 284.54545454545456 362.25
277.5 261.9375 362.0
394.0 257.6875 362.5
294.625 253.4375 363.5
269.0 249.1875 365.75
262.5 245.5 368.5
258.5 243.5 370.0
257.0 258.0 373.25
259.0 261.0 376.5
285.0 267.5 380.1666666666667
265.0 253.0 383.05555555555554
278.0 238.5 385.94444444444446
267.25 254.5 388.8333333333333
250.25 268.0 390.0
233.25 265.0 394.25
216.25 265.5 397.5
243.5 265.5 405.5
260.0 267.5 402.0
286.5 265.0 390.0
270.5 261.0 381.25
266.0 258.5 404.5
262.0 261.5 402.0
264.5 268.0 390.375
263.0 271.5 387.875
269.5 272.5 390.125
266.5 272.5 400.875
349.0 278.5 386.75
267.0 280.0 387.5
275.5 280.0 380.5
291.5 275.0 383.0
313.5 271.5 382.5
328.0 267.5 388.5
316.5 259.0 393.0
309.5 262.5 397.75
279.0 272.375 392.25
243.0 284.875 384.5
308.5 297.375 401.0
321.25 318.75 387.625
360.5 260.5 379.5
328.25 180.3125 372.0
248.75 210.0625 354.5
255.75 312.0 373.5
258.0 343.5 387.5
258.25 343.75 376.5
258.25 341.0 378.0
257.5 346.25 381.0
255.25 348.75 379.0
254.25 367.0 379.0
259.0 395.75 381.0
278.0 414.25 373.0
278.75 412.0 359.0
281.25 393.5 354.0
283.75 370.44444444444446 354.5
284.75 364.22222222222223 353.0
283.0 358.0 349.0
282.0 351.77777777777777 311.0
287.5 345.55555555555554 256.63461538461536
290.0 346.425 239.48076923076923
292.25 316.125 222.3269230769231
299.75 285.825 205.1730769230769
306.25 255.525 188.01923076923077
311.25 225.22500000000002 170.86538461538464
313.75 233.0 164.5
317.5 241.5 193.0
274.5 265.5 200.0
321.0 271.5 203.0
281.29999999999995 274.0 154.5
213.70000000000002 276.5 155.25
195.875 279.5 154.5
294.0 288.0 153.75
288.375 308.5 152.25
321.875 309.5 149.75
345.5 303.5 148.0
340.5 302.5 146.5
376.5 301.5 144.75
361.5 300.5 143.5
300.5 300.5 143.5
323.5 290.0 142.75
298.5 278.5 140.0
325.5 279.5 144.0
318.0 280.0 153.33333333333331
336.0 280.5 162.66666666666669
326.0 280.0 283.25
313.5 279.5 300.25
298.5 279.5 302.0
298.5 296.5 313.75
297.5 306.5 312.75
297.0 307.0 305.75
310.5 306.5 303.75
307.5 305.5 307.0
330.0 304.5 307.75
304.0 309.0 307.5
304.0 305.0 307.25
303.0 301.5 307.75
302.0 299.5 308.25
302.5 300.5 308.25
305.5 300.0 309.25
309.0 302.5 310.0
348.5 305.0 309.75
315.0 272.0 309.75
305.0 270.5 309.5
306.0 269.5 308.75
308.5 269.5 310.0
297.0 268.5 311.25
308.0 268.5 309.5
308.0 270.0 308.0
293.5 281.6590909090909 292.0
292.0 297.20454545454544 278.75
304.0 312.75 281.25
302.5 328.2954545454545 282.25
329.0 343.8409090909091 286.25
331.0 358.5 290.25
350.0 347.0 298.0
355.5 377.0 303.5
342.5 357.0 302.5
353.0 343.5 300.5
356.5 343.0 300.25
345.0 341.0 293.0
343.5 341.5 286.5
278.0 346.0 277.5
296.5 363.0 278.25
345.5 363.0 278.25
341.5 361.0 277.25
355.0 361.0 272.75
300.0 360.5 269.75
304.0 360.0 270.25
380.0 359.0 271.0
351.5 352.0 278.25
353.0 351.5 274.625
332.0 352.0 268.125
319.5 351.0 294.75
345.5 351.0 330.25
338.0 350.0 305.32142857142856
365.0 350.0 312.6071428571429
319.0 377.0 319.8928571428571
325.0 379.5 327.17857142857144
306.5 382.0 334.4642857142857
354.5 383.5 341.75
358.5 383.0 349.0357142857143
358.0 369.5 351.0
353.0 350.5 361.0
377.0 348.5 353.75
352.5 347.0 342.25
354.5 347.5 345.5
299.2857142857143 346.0 329.5
290.42857142857144 357.5 329.5
281.57142857142856 372.0 345.25
272.7142857142857 372.5 346.9
263.85714285714283 372.0 348.1
255.0 371.0 350.0
246.14285714285714 369.5 353.0
236.5 368.5 355.5
236.5 370.0 368.25
240.25 374.0 370.75
244.0 379.0 376.0
271.0 382.5 378.75
240.0 385.0 380.75
236.5 387.0 382.5
228.0 389.0 380.0
254.0 383.5 372.125
277.0 384.0 356.25
239.0 385.5 337.25
238.5 389.0 323.75
240.0 394.0 325.75
237.5 400.5 324.5
238.5 406.5 319.5
281.0 410.0 318.0
310.1428571428571 417.0 318.0
302.71428571428567 426.0 319.75
295.28571428571433 421.6428571428571 320.0
287.8571428571429 392.2142857142857 327.0
324.0 362.78571428571433 327.5
362.25 333.3571428571429 322.0
271.5 294.5 324.5
288.0 341.5 322.75
254.5 328.0 325.0
273.5 299.5 326.75
284.5 187.0 314.25
270.5 135.0 313.75
258.0 145.0 320.25
259.5 169.0 316.25
259.5 171.0 304.75
260.0 177.0 303.25
264.0 178.5 304.0
276.0 180.5 305.0
291.5 185.0 304.0
294.0 188.0 303.0
297.0 194.60714285714286 303.5
292.0 217.03571428571428 304.5
310.0 239.46428571428572 304.75
313.5 261.8928571428571 306.75
302.0 384.0 305.5
311.0 391.0 306.0
296.5 388.5 285.2142857142857
289.0 386.5 261.5
291.5 387.0 237.78571428571428
279.0 389.0 253.5
263.5 386.0 311.0
266.0 384.0 314.0
273.0 381.0 321.5
269.5 377.5 308.75
269.0 377.0 308.25
281.2142857142857 376.0 313.5
297.5 376.0 316.0
313.7857142857143 374.5 310.75
343.0 394.0 311.5
283.5 398.5 314.25
264.0 404.0 314.5
276.5 405.5 306.5
235.8913043478261 409.5 297.75
213.45652173913044 411.0 298.75
191.02173913043478 414.0 298.25
168.58695652173913 416.5 297.75
146.15217391304347 421.5 298.5
123.71739130434783 424.5 298.5
101.28260869565217 422.0 299.0
78.84782608695652 415.0 300.0
56.413043478260875 406.0 312.5
33.97826086956522 370.5 326.5
11.543478260869563 363.0 324.0
-10.891304347826093 362.0 324.0
-6.0 365.5 325.25
-2.5 369.5 329.0
-10.5 345.0 330.25
-10.0 271.0 331.25
-12.0 197.0 335.58333333333337
-16.5 123.0 315.91666666666663
-24.0 116.5 296.25
-26.5 139.5 299.25
-25.0 140.0 339.25
2.200000000000001 140.5 339.25
37.800000000000004 54.5 341.5
160.5 20.5 348.5
264.0 16.5 346.0
274.0 17.0 339.25
269.0 21.416666666666664 336.0
262.0 24.63888888888889 337.5
255.5 27.861111111111114 332.5
256.5 31.083333333333336 327.25
281.0 31.5 327.5
235.0 70.64285714285714 328.0
240.5 125.5 328.5
262.5 180.35714285714283 331.0
255.5 227.25 328.5
228.5 242.0 335.5
232.0 259.0 334.25
233.0 270.5 333.25
235.0 276.0 333.5
243.5 272.0 334.25
260.5 279.5 335.0
372.5 292.5 337.0
347.0 289.0 338.0
246.5 285.5 337.25
232.0 285.0 337.0
216.75 290.0 337.75
217.08333333333331 294.0 339.0
217.41666666666669 297.5 339.75
257.875 303.5 342.0
259.5 307.5 341.75
255.5 310.5 340.5
263.5 315.5 338.25
255.75 326.5 334.25
246.75 333.5 332.0
237.75 339.0 332.0
269.0 341.0 313.75
275.0 338.5 290.08333333333337
268.5 332.5 266.41666666666663
268.5 326.0 310.5
281.5 290.5 342.75
308.0 286.0 341.25
264.5 285.5 351.5
278.0 281.5 346.5
266.5 299.0 347.0
265.0 315.0 345.75
298.5 316.0 346.75
266.0 319.0 299.5
339.0 320.0 57.25
322.5 320.5 68.25
315.0 319.5 79.25
317.5 318.0 90.25
341.0 315.5 101.25
271.5 314.0 95.5
269.5 312.5 115.5
269.0 310.0 139.5
269.0 300.2142857142857 163.75
269.0 290.5 165.0
276.5 280.78571428571433 161.375
344.0 266.25 158.5
332.0 266.5 152.5
306.5 272.25 148.0
297.75 268.5 140.5
318.5 272.0 131.5
303.0 266.0 130.5
299.5 268.0 131.0
302.0 268.25 132.0
313.0 262.0 132.5
294.5 294.75 133.0
322.5 302.75 134.5
320.0 306.25 131.0
316.0 303.5 145.25
313.5 300.0 170.91666666666669
309.0 298.0 196.58333333333334
297.0 296.5 271.75
290.5 295.0 334.0
292.0 292.25 324.5
288.5 267.5 329.0
287.5 255.5 328.5
463.0 250.0 322.5
369.5 247.5 323.5
274.0 246.25 325.0
273.0 255.5 322.5
273.0 293.5 324.0
273.75 297.0 325.5
274.5 299.0 326.5
269.5 296.0 325.5
263.0 292.0 325.5
265.0 289.5 326.75
285.5 289.0 329.25
292.5 288.0 328.0
292.5 290.0 326.0
291.0 291.0 324.0
289.0 291.0 322.75
286.5 290.5 324.75
285.5 290.5 326.0
269.0 282.0 317.75
276.5 265.0 310.75
277.0 261.0 303.75
280.5 261.0 318.25
279.0 260.0 320.25
271.5 260.5 329.0
277.5 259.5 321.25
283.0 261.5 323.25
282.5 263.5 322.0
293.5 264.5 321.5
315.0 296.0 322.25
287.5 301.5 323.75
283.0 303.5 325.5
273.5 306.0 331.0
314.0 309.5 328.5
288.0 314.0 327.0
287.0 317.0 327.5
334.0 317.5 329.5
375.5 317.0 331.25
361.0 316.0 332.25
343.0 314.5 329.75
318.0 312.5 333.0
314.5 310.0 331.5
310.0 307.0 331.5
311.0 268.5 331.0
309.5 263.0 330.0
307.5 260.5 324.75
305.5 260.5 324.0
310.1 261.5 323.75
316.9 263.5 327.5
322.5 266.0 330.0
323.5 268.5 336.0
323.5 270.0 337.5
311.5 271.5 340.0
304.0 310.0 342.75
286.5 309.5 345.25
294.5 309.0 345.0
301.0 307.5 345.0
302.0 307.5 344.0
304.0 304.0 342.5
306.0 305.5 342.75
307.0 305.0 340.25
299.0 304.5 337.5
290.5 305.0 336.0
283.5 305.5 335.0
288.5 305.5 333.25
300.0 307.0 333.75
322.0 307.0 334.25
332.5 307.5 335.25
332.0 295.0 335.25
343.5 278.5 333.25
323.5 277.0 333.25
322.5 274.0 333.0
304.0 273.0 333.0
326.0 272.0 333.25
389.625 271.5 334.0
386.0 272.0 334.25
363.0 272.5 334.0
387.0 273.0 334.0
353.0 273.5 335.0
349.0 306.0 316.5
359.0 305.0 317.5
366.5 303.5 319.75
351.5 302.5 321.75
373.0 299.5 321.5
369.5 297.5 321.5
342.0 297.0 322.5
352.0 294.5 312.5
329.0 261.5 312.25
252.5 269.9166666666667 294.0
275.0 279.80555555555554 292.25
334.0 289.69444444444446 292.0
320.0 299.5833333333333 292.5
298.0 310.55555555555554 266.5
293.0 324.77777777777777 196.5
294.5 339.0 195.5
285.5 353.22222222222223 151.5
288.0 367.44444444444446 150.60000000000002
278.16666666666663 339.5 207.39999999999998
270.83333333333337 366.0 271.5
279.5 373.0 310.0
282.5 372.0 321.0
276.5 374.0 319.0
384.0 376.0 315.5
353.5 376.5 314.5
309.0 374.5 314.5
288.5 370.5 313.5
287.5 364.5 313.0
286.0 359.0 313.0
280.5 358.0 312.5
309.0 362.0 310.75
273.5 369.0 309.5
260.5 385.5 308.0
267.0 403.5 305.5
257.0 423.5 302.5
258.5 442.0 300.0
267.5 452.0 297.5
285.5 442.0 294.5
309.0 380.875 290.5
390.0 362.375 307.0
321.5 343.875 324.0
317.0 344.0 327.25
318.0 353.5 330.25
317.5 370.0 331.5
291.5 386.5 335.0
310.0 397.0 337.0
312.5 404.0 338.5
317.5 405.5 339.0
374.5 399.0 339.0
316.0 394.5 341.5
283.5 392.5 342.5
297.0 387.0 340.5
292.0 380.0 338.5
322.22727272727275 372.0 336.75
323.1363636363636 365.5 336.25
324.0454545454545 367.5 333.25
324.9545454545455 359.0 326.5
325.8636363636364 303.07142857142856 318.25
326.77272727272725 234.5 318.5
299.5 165.92857142857144 316.5
278.0 175.0 314.5
294.0 179.5 332.0
258.0 189.5 333.75
256.25 193.5 337.25
260.0 192.0 338.5
263.75 196.03571428571428 339.5
270.42857142857144 200.75 347.0
252.14285714285717 205.46428571428572 346.5
233.85714285714286 208.5 345.0
215.57142857142856 207.0 342.25
243.5 202.5 338.5
228.5 220.5 334.25
239.0 238.5 329.25
268.5 237.5 325.75
264.0 287.5 322.75
262.0 294.5 319.0
259.0 293.0 321.75
207.0 283.5 324.0
216.5 277.0 323.75
227.5 283.0 323.25
232.5 276.5 324.75
229.0 273.0 327.75
228.0 272.0 327.25
245.0 270.0 238.2
237.0 269.0 223.0
233.5 277.5 207.8
243.0 294.0 192.60000000000002
241.5 304.5 177.4
221.0 307.0 162.2
251.0 309.5 147.0
252.5 310.0 131.8
323.0 309.5 116.60000000000001
282.0 310.0 101.4
265.0 311.5 86.2
256.0 312.0 71.00000000000001
291.0 305.0 55.80000000000001
285.5 294.5 32.75
263.0 293.5 70.0
299.5 288.0 129.5
296.5 286.5 143.5
301.0 285.0 141.75
261.0 284.0 145.5
263.0 283.0 146.0
249.0 281.5 142.75
247.0 280.5 142.0
252.0 278.5 141.0
254.0 278.0 142.0
250.0 275.5 141.5
249.5 272.0 142.5
250.5 269.0 143.0
252.5 266.5 171.625
252.5 263.5 204.125
331.0 260.5 236.625
303.0 260.0 285.25
302.0 261.0 335.5
292.0 262.0 341.25
289.5 283.5 331.75
302.5 291.5 326.5
283.5 290.5 331.25
282.5 290.5 330.0
287.0 293.0 330.0
300.5 298.0 328.0
309.0 301.5 324.5
303.5 299.5 272.9583333333333
288.0 300.0 247.56944444444446
345.0 299.0 222.18055555555554
346.5 309.5 196.79166666666669
317.0 231.5 171.40277777777777
291.0 193.5 146.01388888888889
281.0 155.5 120.625
314.5 136.5 95.23611111111111
343.5 160.5 69.84722222222221
346.0 170.0 73.0
271.0 181.0 107.75
277.5 186.5 98.5
267.5 193.5 103.25
235.0 200.0 58.5
249.0 208.5 28.0
242.0 218.5 24.5
312.5 226.0 19.25
217.0 215.0 20.25
214.5 206.5 20.75
226.0 194.0 5.75
226.0 174.0 -9.25
222.5 141.5 -10.0
186.5 143.0 -11.0
182.5 166.5 -12.25
188.0 174.0 -12.5
191.0 175.5 -12.25
176.0 181.5 -12.75
172.0 190.0 16.5
237.5 198.0 20.0
223.0 203.5 23.0
246.0 194.25 23.75
218.5 191.25 24.5
250.0 163.0 24.5
118.0 130.07142857142858 25.0
136.75 109.5 23.5
161.25 88.92857142857142 15.0
156.5 61.5 13.5
162.25 17.0 14.5
117.0 79.5 16.5
88.0 81.75 17.5
79.25 84.0 17.5
43.5 83.75 19.5
101.25 93.5 20.5
101.0 103.0 108.5
94.25 97.75 203.5
79.0 96.25 278.5
89.0 101.75 300.5
77.0 103.75 302.0
141.0 108.75 299.0
191.5 112.0 308.5
53.625 115.75 332.5
108.125 119.5 339.5
162.625 124.75 338.0
213.25 129.0 342.5
222.75 173.0 337.5
244.75 186.125 336.5
283.0 173.5 326.0
248.5 180.0 331.5
193.5 199.5 334.25
187.5 202.0 328.5
225.5 205.5 339.25
228.0 211.5 336.5
227.5 227.9 332.5
200.5 233.5 335.75
202.5 239.1 361.0
205.5 369.0 367.75
207.5 378.0 366.5
222.0 369.5 367.75
224.0 364.0 364.0
228.5 365.0 363.0
302.0 362.0 359.0
287.5 360.5 366.0
269.5 360.5 361.0
267.5 358.0 364.0
258.5 353.0 363.5
232.75 352.0 367.5
207.08333333333331 348.5 361.5
181.41666666666666 344.0 365.5
231.25 342.5 371.0
247.0 338.5 368.0
253.0 341.5 366.0
258.5 342.0 374.75
258.0 342.0 379.25
254.5 337.5 374.25
250.5 330.5 380.75
246.0 323.5 374.0
284.0 320.5 371.5
305.5357142857143 322.5 366.5
278.25 325.0 359.75
250.96428571428572 328.0 361.0
219.5 334.5 359.75
218.5 340.0 360.25
221.0 349.0 360.75
219.5 354.5 360.75
217.5 358.0 364.25
215.0 364.0 363.25
237.5 366.5 363.25
342.5 372.5 366.75
352.0 380.5 364.0
335.0 386.5 365.75
349.0 394.5 360.83333333333337
344.5 402.5 352.6111111111111
360.5 404.0 344.3888888888889
459.5 405.0 336.16666666666663
478.5 411.5 335.25
532.5 416.0 350.25
519.5 417.0 342.5
497.0 415.5 344.5
484.0 406.5 351.5
472.0 398.0 359.5
462.0 383.5 361.0
473.0 385.0 362.75
460.5 395.6764705882353 353.75
453.5 385.9117647058824 338.0
453.5 376.1470588235294 332.5
461.0 366.38235294117646 327.0
462.0 356.61764705882354 326.25
453.5 346.8529411764706 323.5
423.0 337.0882352941176 318.25
423.5 327.3235294117647 313.75
391.5 295.0 311.75
402.5 361.0 335.0
395.0 366.5 335.0
402.5 362.5 361.0
392.5 357.0 312.5
373.5 349.5 340.5
358.0 350.5 338.25
338.0 359.0 340.75
324.5 360.5 327.0
355.0 360.0 323.75
335.5 363.0 321.0
329.0 363.5 318.25
359.5 362.5 314.5
294.5 362.5 308.0
227.5 367.5 303.5
229.5 381.0 312.75
231.0 387.0 318.25
229.0 396.0 321.25
237.0 406.5 325.75
229.0 411.5 331.25
220.5 420.5 338.75
213.5 430.0 353.25
202.0 441.5 351.5
203.0 451.5 355.75
202.0 457.0 358.5
202.0 434.8157894736842 352.75
207.5 407.2368421052632 369.25
203.0 379.65789473684214 375.25
191.0 352.07894736842104 392.0
208.5 324.5 382.25
265.0 296.92105263157896 386.0
242.5 269.3421052631579 386.5
248.0 241.76315789473685 348.41666666666663
305.5 214.1842105263158 289.6388888888889
294.0 203.5 230.8611111111111
289.5 238.5 172.08333333333331
329.0 246.5 139.0
347.5 243.0 189.25
277.0 259.5 203.5
328.0 270.0 202.25
322.0 275.0 170.5
242.0 271.0 151.25
171.35 276.5 151.25
176.75 296.5 153.25
182.15 303.5 153.5
172.75 303.0 155.0
158.41666666666669 304.0 146.45
144.08333333333331 306.0 122.25
178.75 319.5 98.05
183.0 325.5 73.85
170.0 304.5 49.650000000000006
112.5 279.5 51.0
185.0 280.0 106.5
183.5 280.5 92.5
176.5 278.5 114.5
171.5 277.5 137.5
179.0 276.5 134.0
168.0 277.0 135.0
170.5 278.0 134.5
172.0 278.0 136.0
164.0 300.5 136.25
250.5 327.5 143.25
251.5 331.0 142.25
249.5 333.0 142.25
250.5 334.5 143.0
251.5 330.0 144.0
251.0 325.0 164.25
250.0 324.0 206.53125
250.0 324.0 245.90625
250.0 330.0 285.28125
249.5 335.5 324.65625
255.5 340.0 331.75
283.0 343.0 336.75
298.0 343.5 330.0
296.5 337.5 356.5
298.5 326.0 350.0
313.0 307.0 352.75
379.5 279.5 342.0
327.0 236.5 348.25
323.0 195.0 346.5
327.0 186.5 335.5
358.0 183.5 334.5
312.0 184.0 346.75
312.5 196.0 331.5
318.5 129.75 297.0
342.0 54.75 306.25
283.0 60.5 314.25
290.5 79.0 315.25
279.0 81.0 299.5
275.5 65.0 311.125
281.0 60.5 293.625
278.0 52.5 276.125
334.0 120.5 258.625
342.5 262.5 241.125
302.0 272.0 223.625
308.5 275.5 206.125
371.0 274.5 188.625
320.0 275.5 171.125
324.0 277.5 153.625
312.0 283.0 133.75
322.5 289.5 136.0
319.0 294.0 139.25
337.0 298.5 149.0
317.5 308.5 157.75
328.5 315.0 159.0
320.0 319.0 160.25
309.5 323.5 160.5
343.5 346.0 161.75
316.5 352.5 162.25
380.0 356.0 160.75
333.0 357.5 158.25
320.0 363.5 231.75
319.5 370.0 285.5
317.0 293.0 322.25
294.0 201.0 321.0
273.5 210.5 317.25
312.0 213.5 314.5
295.0 201.5 314.75
314.0 191.42857142857144 318.5
329.5 192.0 318.25
314.0 192.57142857142856 319.5
304.5 183.0 327.0
296.0 141.0 326.0
297.0 159.0 322.5
306.5 167.5 323.0
310.0 177.0 322.0
298.5 196.5 220.625
365.5 200.5 181.21875
418.375 206.5 172.84375
372.5 202.5 164.46875
381.0 195.0 156.09375
349.5 182.5 147.71875
363.0 171.0 139.34375
356.0 158.5 130.96875
350.0 150.0 122.59375
349.0 107.5 114.21875
371.5 86.5 105.84375
356.5 87.0 97.46875
367.0 83.0 89.09375
357.5 94.5 80.71875
358.0 197.5 72.34375
365.0 224.5 63.96875
360.0 229.0 55.59375
354.0 231.5 56.0
385.0 226.0 86.0
386.0 208.5 86.5
357.0 190.5 93.5
358.5 172.5 54.0625
357.0 154.5 58.8125
410.0 120.0 63.5625
396.5 108.5 68.3125
368.0 130.0 73.0625
359.0 150.0 77.8125
357.5 152.0 82.5625
352.5 171.0 87.3125
348.0 171.5 92.0625
348.5 155.0 96.8125
354.0 125.5 101.5625
357.5 109.0 106.3125
351.0 103.5 111.0625
325.0 102.5 115.8125
221.5 105.25 120.5625
98.0 103.75 125.3125
44.0 105.5 130.0625
59.0 91.53571428571428 134.8125
85.25 51.67857142857143 139.5625
43.5 11.821428571428577 144.3125
75.66666666666667 -28.035714285714278 173.0
146.33333333333334 20.25 214.0
217.0 20.75 219.5
403.25 33.25 219.5
273.0 49.0 159.0
267.0 64.0 150.5
273.5 120.25 149.0
300.5 256.5 148.0
295.25 261.75 148.0
292.0 256.25 147.0
292.25 254.75 146.5
288.72222222222223 254.0 145.0
277.6111111111111 252.25 143.5
266.5 253.5 142.0
255.3888888888889 254.5 139.5
244.27777777777777 260.75 138.5
241.92857142857144 262.9473684210526 139.0
242.5 256.7368421052631 177.0
243.07142857142856 250.5263157894737 252.25
239.25 244.31578947368422 301.0
234.75 238.10526315789474 331.0
233.75 231.89473684210526 332.75
231.5 225.68421052631578 343.75
229.0 219.47368421052633 340.0
227.5 213.26315789473685 332.75
226.0 207.05263157894737 344.25
224.5 356.5 343.5
225.5 363.0 341.5
228.25 333.0 346.5
228.25 354.5 344.0
226.0 359.5 347.75
226.75 362.0 344.25
225.875 363.5 345.25
225.375 365.5 341.25
221.25 356.5 343.75
207.0 339.0 340.0
203.5 353.0 342.5
203.5 346.0 347.5
205.0 339.5 349.75
204.0 347.5 350.25
205.5 341.5 356.25
206.5 335.0 360.0
250.5 332.5 362.25
251.5 334.5 364.25
259.0 347.0 350.25
329.0 353.0 350.5
327.5 353.0 351.25
331.5 354.0 339.5
340.5 354.5 335.25
287.5 365.5 334.5
297.0 371.5 328.5
335.5 375.0 326.0
343.5 389.5 328.5
321.5 408.5 332.25
299.5 408.0 336.25
292.5 407.0 340.0
285.0 399.0 348.0
273.5 399.5 353.25
259.5 402.5 354.25
235.875 394.0 361.5
225.0 391.0 367.5
235.5 393.5 365.0
236.0 394.0 363.0
235.5 367.0 360.5
236.0 369.0 368.75
215.25 370.0 345.25
200.25 373.5 356.5
198.0 388.0 346.25
196.5 367.0 349.75
227.0 374.5 345.0
251.75 382.5 345.25
249.41666666666669 386.0 341.75
247.08333333333331 379.5 341.5
244.75 383.5 343.5
246.0 390.0 345.0
344.125 376.0 346.75
212.5 368.5 371.25
204.5 357.5 391.5
211.0 353.0 387.5
240.0 349.5 389.0
214.0 344.5 391.5
216.0 341.5 387.5
216.0 339.5 384.5
217.0 344.5 380.0
217.5 342.5 378.5
225.5 348.5 380.5
228.0 351.0 380.17857142857144
233.5 347.0 375.75
230.25 352.0 371.32142857142856
224.5 352.0 358.5
231.5 332.5 337.5
225.5 317.5 344.0
237.5 319.5 335.25
212.0 334.0 338.0
211.0 345.0 346.0
210.5 370.5 344.5
210.0 409.5 345.5
212.0 459.5 342.0
212.5 457.5 342.5
213.0 431.5 340.75
212.5 435.0 338.0
258.0 421.0 339.25
258.90625 422.5 339.5
242.78125 415.0 337.0
226.65625 419.0 334.5
210.53125 412.5 337.0
213.5 412.0 333.5
216.5 421.5 333.5
219.0 423.0 332.25
212.0 432.0 335.75
208.5 437.0 344.0
205.5 450.5 338.75
206.5 449.0 346.5
327.5 448.0 344.5
445.0 430.5 347.25
406.6875 428.5 372.75
509.4375 425.5 372.75
600.4375 425.5 381.75
656.1875 414.0 380.25
682.625 400.9318181818182 384.5
621.125 398.8409090909091 386.25
559.625 396.75 390.25
498.125 394.6590909090909 393.0
436.625 392.5681818181818 390.5
375.125 306.0 394.75
313.625 202.75 393.75
252.125 178.41666666666669 391.5
190.625 154.08333333333334 383.25
129.125 246.5 383.75
126.0 253.0 382.0
236.0 236.5 381.0
275.5 272.0 357.5
281.0 277.5 363.5
286.0 278.5 356.75
284.0 279.0 357.0
281.5 278.0 355.75
297.0 274.5 356.5
246.0 264.5 354.5
192.625 249.5 350.0
180.125 234.0 351.5
167.625 224.5 353.5
205.5 232.0 348.0
216.0 247.5 340.0
216.5 255.0 340.0
212.5 252.5 342.75
241.5 254.0 346.0
281.5 245.5 353.25
280.0 219.5 368.75
278.5 199.0 380.875
279.5 188.0 360.0
278.0 183.5 360.0
276.0 191.0 360.5
279.5 208.0 362.25
269.0 220.0 362.25
259.0 230.0 364.0
215.33333333333331 233.5 366.25
290.66666666666663 244.5 369.75
295.0 256.0 355.25
343.0 269.5 352.75
282.0 284.0 350.75
311.5 293.0 349.25
297.5 296.5 348.0
305.5 294.0 339.0
307.0 287.0 340.0
308.0 282.5 339.0
309.5 281.0 340.0
310.0 284.0 341.0
309.5 289.0 341.0
309.0 291.5 342.75
308.0 293.0 343.75
309.0 290.5 343.75
311.0 283.5 344.25
239.5 284.0 346.5
239.0 284.5 346.5
240.0 284.0 358.5
240.0 289.5 373.75
241.5 297.0 360.5
241.5 320.15 362.25
243.0 350.35 363.75
243.0 372.0 342.75
244.5 396.5 243.5
244.0 411.5 117.73076923076923
247.0 415.0 110.03846153846155
252.0 418.5 102.34615384615384
262.5357142857143 397.0 94.65384615384616
252.67857142857144 381.5 86.96153846153847
242.82142857142856 376.5 79.26923076923077
232.96428571428572 354.5 88.0
277.0 354.0 131.5
271.5 349.0 157.0
311.5 323.5 162.5
351.0 292.5 165.5
313.5 258.5 167.5
235.0 225.5 159.0
197.0 197.0 41.5
194.5 173.0 10.0
194.0 156.5 10.5
193.5 163.5 6.25
193.5 176.5 11.25
192.5 188.0 9.25
192.0 190.5 10.25
192.5 195.5 16.5
192.5 208.5 18.0
191.5 229.21428571428572 15.5
191.5 249.5 12.5
192.0 269.7857142857143 12.5
191.5 313.5 14.25
190.5 196.22222222222223 16.25
183.0 169.11111111111111 20.0
180.0 142.0 22.5
177.0 114.88888888888889 37.0
175.5 87.77777777777777 43.0
172.0 347.0 44.5
173.0 370.5 65.21428571428572
174.0 385.5 140.07142857142856
175.0 412.0 214.92857142857144
174.0 418.5 289.7857142857143
178.75 430.0 327.5
225.5 442.0 327.0
174.2311320754717 434.0 324.75
165.1556603773585 439.5 335.25
156.08018867924528 450.0 332.75
147.00471698113208 469.0 332.5
137.92924528301887 498.5 332.25
128.85377358490564 407.0 334.5
119.77830188679245 411.5 329.0
110.70283018867923 413.5 325.0
101.62735849056602 427.0 323.5
92.55188679245282 433.5 322.5
83.47641509433961 440.0 321.75
74.40094339622641 450.5 319.25
65.3254716981132 461.5 316.0
56.24999999999999 470.0 317.5
47.17452830188678 477.5 316.25
38.099056603773576 493.0 318.0
29.023584905660357 492.5 317.0
19.948113207547152 491.5 319.25
10.872641509433947 494.5 211.0
1.7971698113207424 501.0 128.02272727272728
-7.2783018867924625 483.5 119.38636363636363
-16.35377358490568 475.5 110.75
-25.429245283018886 483.5 102.11363636363637
-34.50471698113209 481.5 93.47727272727272
-43.58018867924531 472.0 89.5
-52.655660377358515 470.5 127.0
-61.731132075471706 467.0 169.5
-61.0 468.375 172.625
-48.95 467.0 168.5
-35.55 472.5 162.0
-15.75 476.0 161.5
-5.0 478.5 160.0
13.75 470.25 159.5
18.5 447.5 100.0
20.0 426.25 80.5
21.5 416.0 79.5
22.5 405.0 78.0
23.5 396.5 67.0
24.75 401.25 56.5
56.0 394.75 53.5
49.5 394.0 51.5
101.375 391.0 49.5
155.20833333333334 390.75 47.0
209.04166666666669 389.75 43.5
313.75 386.25 43.0
339.0 384.5 42.0
342.5 371.5 41.5
370.5 356.0 42.0
341.75 344.0 42.0
348.75 328.5 41.0
374.75 322.25 40.0
352.5 316.75 39.0
394.25 322.25 38.0
389.25 340.0 37.875
368.5 344.0 39.0
400.0 348.0 22.25
425.5 357.5 38.035714285714285
473.0 368.5 78.75
406.125 388.5 119.46428571428572
503.0 404.0 205.5
473.5 416.0 277.5
484.5 423.5 282.0
512.0 423.0 285.0
514.0 421.5 292.5
510.0 418.5 302.5
511.5 417.0 308.0
514.5 419.5 305.0
514.0 425.5 307.0
544.0 402.4605263157895 309.0
497.0 372.4078947368421 310.0
496.5 342.35526315789474 310.5
493.5 312.3026315789474 312.0
480.5 282.25 325.25
527.0 252.19736842105263 320.5
536.0 222.14473684210526 309.5
528.0 192.0921052631579 186.0
518.0 162.0394736842105 170.0
527.5 145.5 172.5
529.0 141.5 171.5
527.0 150.0 172.75
534.5 139.5 172.5
515.0 175.0 171.0
514.5 231.0 124.75
497.0 272.0 99.75
502.5 311.0 105.0
507.5 368.0 105.75
504.0 358.0 103.5
486.0 343.5 105.5
386.0 322.5 107.0
378.0 298.5 126.46875
393.0 296.0 178.34375
417.5 306.0 230.21875
343.16666666666663 329.0 282.09375
331.83333333333337 353.5 322.75
320.5 375.5 358.41666666666663
307.5 367.0 346.08333333333337
349.0 343.5 344.75
350.0 339.5 318.75
347.0 340.5 304.0
350.0 352.5 302.0
350.5 360.0 307.5
350.5 363.5 306.5
358.0 397.5 304.5
364.5 395.5 308.0
362.0 388.0 312.5
356.0 372.0 316.0
373.5 354.5 308.75
373.0 335.5 310.0
367.5 317.5 313.0
366.0 308.5 318.25
354.0 313.5 321.25
360.5 339.5 323.25
354.0 381.0 329.25
353.0 414.0 337.75
364.5 445.0 334.0
361.5 449.5 329.5
394.0 435.0 329.0
366.0 400.0 335.5
378.5 354.5 339.5
374.0 332.25 344.25
367.0 311.5 342.75
381.0 319.0 346.75
389.0 348.0 351.25
406.5 392.5 352.0
496.0 440.0 351.25
525.5 469.5 349.5
477.5 460.0 345.75
531.5 410.5 345.25
531.5 343.5 347.5
534.0 298.0 347.5
512.5 307.5 347.25
543.0 291.85 345.0
545.5 283.65 349.0
525.0 266.07142857142856 348.5
524.0 220.35714285714286 348.5
538.5 174.64285714285714 347.0
539.5 128.92857142857144 351.25
538.0 213.0 347.75
540.0 321.0 349.5
528.0 359.0 349.0
518.5 401.5 349.0
550.0 393.5 349.75
487.5 367.5 349.75
474.0 352.5 349.421875
460.5 356.0 351.109375
483.5 377.5 352.796875
481.0 393.5 354.484375
481.0 390.5 356.171875
481.5 369.0 357.859375
488.0 336.5 359.546875
498.5 310.0 361.234375
507.0 313.75 371.0
521.5 335.5 378.75
517.5 380.0 378.0
490.0 381.0 378.25
436.5 365.0 377.5
335.0 341.5 378.0
272.5 324.0 376.75
260.5 331.0 377.0
273.5 330.0 377.0
295.25 331.5 378.0
318.25 336.0 377.25
341.25 339.0 378.25
364.25 343.5 378.75
340.0 333.5 378.25
297.0 319.25 378.0
296.5 308.5 377.5
296.5 316.0 377.0
300.0 317.5 377.0
301.5 311.0 376.0
305.5 300.5 374.5
310.0 289.5 374.25
306.0 287.5 367.9642857142857
304.5 295.5 361.82142857142856
305.0 306.5 355.67857142857144
281.5 312.0 349.5357142857143
320.0 317.0 344.25
331.0 331.5 341.25
383.0 340.5 339.5
392.5 353.0 332.5
394.0 353.4318181818182 332.0
397.5 355.3409090909091 332.5
376.5 357.25 321.5
419.0 359.1590909090909 195.10416666666669
296.5 361.0681818181818 195.52083333333331
292.0 352.72222222222223 195.9375
287.0 313.6111111111111 196.35416666666669
282.5 274.5 196.77083333333331
278.0 235.38888888888886 197.1875
242.5 196.27777777777777 197.60416666666669
207.0 155.5 198.02083333333331
208.5 144.0 198.4375
208.5 137.0 198.85416666666669
222.0 140.0 199.27083333333331
339.0 135.5 199.6875
241.5 132.0 177.75
242.0 134.0 152.5
244.5 125.25 139.25
244.0 119.5 147.5
243.0 100.5 148.5
242.0 75.5 150.0
240.5 69.5 151.0
240.5 69.0 131.5
241.5 72.0 60.5
241.0 70.0 38.5
311.0 78.35714285714286 30.5
270.0 89.5 27.0
216.0 100.64285714285714 18.75
210.5 112.5 15.5
215.27499999999998 288.5 9.0
222.97500000000002 469.0 -2.6875
230.675 339.0 4.5625
238.375 384.0 11.8125
246.075 369.0 19.0625
194.5 356.0 27.25
202.9375 400.0 8.5
212.1875 405.0 19.0
216.5 401.5 26.0
209.5 399.0 29.0
214.0 412.0 32.5
193.75 418.0 36.75
166.75 414.5 41.75
139.75 417.5 43.25
218.0 401.0 44.5
217.5 394.0 44.5
229.5 389.5 45.75
268.5 398.5 47.5
277.5 404.0 48.5
210.0 408.0 50.75
211.82142857142856 423.5 52.0
214.25 425.5 81.0
216.67857142857144 432.5 84.5
219.5 440.0 84.5
219.5 448.5 84.75
313.5 456.0 85.0
295.5 461.0 87.0
301.0 465.5 92.0
308.5 476.0 93.25
310.5 486.0 96.25
313.0 545.5 100.0
313.5 551.0 103.5
302.5 563.0 101.0
299.5 570.0 99.75
296.0 552.5 100.5
294.5 546.0 100.75
322.0 543.5 101.0
276.0 540.5 101.0
274.67391304347825 529.0 100.5
279.3695652173913 508.0 100.5
284.0652173913044 481.5 101.5
288.7608695652174 477.5 102.0
293.45652173913044 473.5 102.5
298.1521739130435 418.3 104.0
302.8478260869565 429.5 105.75
307.54347826086956 440.7 106.75
312.2391304347826 577.0 107.0
316.9347826086956 570.5 106.0
321.6304347826087 570.5 105.25
326.32608695652175 567.5 104.5
233.5 533.5 104.0
233.5 401.5 103.0
233.5 394.0 101.5
232.5 389.0 101.0
232.0 387.5 100.25
231.5 386.0 100.0
308.5 383.5 101.25
392.5 382.0 100.0
363.5 380.5 101.25
363.0 302.0 101.25
365.5 271.5 101.25
401.5 262.0 100.75
331.0 249.5 101.0
342.0 236.91666666666669 101.75
335.0 226.1388888888889 102.25
335.0 215.3611111111111 103.5
334.5 204.58333333333331 104.5
350.5 208.0 105.25
355.5 213.0 106.0
302.90625 217.5 105.75
320.53125 218.0 105.0
338.15625 224.25 105.0
355.78125 197.5 106.0
327.5 213.5 105.5
295.0 226.75 106.0
317.75 222.0 106.0
313.0 218.25 107.5
278.0 208.25 106.5
286.5 182.0 101.5
298.23333333333335 177.25 100.5
261.16666666666663 181.75 102.0
224.1 192.5 100.5
187.0333333333333 203.25 99.0
149.96666666666664 219.75 99.0
112.89999999999999 241.25 95.5
75.8333333333333 257.25 92.5
38.76666666666665 270.5 95.5
160.25 279.5 95.5
226.25 233.88636363636363 96.5
204.25 251.4318181818182 97.5
208.71428571428572 268.97727272727275 98.0
193.0 286.52272727272725 97.5
177.28571428571428 304.06818181818187 99.0
210.0 321.6136363636364 99.0
226.0 431.125 97.5
237.75 474.0 98.25
269.75 474.5 98.0
262.0 451.5 98.5
254.5 431.0 98.5
241.5 448.0 98.75
245.5 446.5 92.0
245.0 443.92857142857144 84.125
239.0 444.5 81.625
248.0 445.07142857142856 79.125
264.0 441.5 76.625
267.0 414.5 79.5
274.0 440.5 82.5
273.5 438.0 89.5
279.5 440.5 91.25
268.0 431.0 94.0
244.5 414.5 97.25
220.91666666666669 401.5 98.0
194.58333333333331 393.5 100.25
168.25 384.0 100.75
174.0 375.5 100.25
239.5 377.5 100.75
243.5 381.0 100.25
260.5 385.5 101.0
257.0 391.0 100.5
272.0 395.0 100.5
254.5 397.5 100.25
257.5 400.0 100.25
274.0 404.5 100.75
274.5 404.5 100.75
270.0 404.5 100.5
264.5 404.0 99.25
261.0 404.5 99.75
258.5 406.5 100.5
253.5 408.0 99.75
266.0 411.5 100.5
260.5 413.0 100.25
265.5 416.0 100.25
261.5 419.0 78.0
258.5 420.5 23.0
255.5 421.0 14.5
253.5 423.5 13.0
253.0 423.5 12.25
254.5 426.0 11.75
271.0 426.0 11.0
301.0 428.0 11.0
304.5 431.5 12.0
303.5 433.5 11.75
305.5 434.0 10.75
305.5 434.0 11.0
302.0 432.0 10.0
297.5 433.0 9.5
295.5 413.0 8.0
284.5 413.5 7.5
300.0 420.0 6.5
303.5 432.0 4.75
307.5 448.0 4.25
312.0 442.55555555555554 4.25
312.5 435.96296296296293 4.5
312.5 429.3703703703704 5.0
310.0 422.77777777777777 6.25
264.0 416.1851851851852 5.5
246.25 409.5925925925926 5.0
235.91666666666669 403.0 5.25
225.58333333333331 396.4074074074074 5.75
251.0 389.8148148148148 5.5
272.0 383.22222222222223 5.25
289.5 376.6296296296296 5.75
291.0 370.03703703703707 5.5
295.5 363.44444444444446 5.0
282.5 362.0 4.75
270.5 347.0 3.75
264.0 351.5 3.5
260.0 354.5 4.0
254.0 357.0 4.0
253.0 361.5 4.0
252.5 367.5 3.5
233.0 387.5 2.5
235.0 408.0 2.0
233.0 433.0 0.5
230.0 457.5 -1.3846153846153846
227.0 481.5 -3.230769230769231
224.5 501.5 -5.076923076923077
222.0 518.5 -6.923076923076923
222.5 530.5 -8.76923076923077
261.0 535.0 -10.615384615384617
262.0 533.5 5.5
263.0 525.5 13.5
262.0 509.5 -8.0
260.0 493.5 4.0
256.5 465.5 -4.5
252.0 449.0 -18.25
250.5 445.5 -28.0
255.5 448.5 -12.0
258.5 451.0 -12.5
262.0 480.5 -3.25
245.5 483.5 0.25
272.0 480.5 0.5
273.5 480.5 2.75
272.0 474.0 3.75
264.0 465.0 3.5
282.0 459.0 3.5
278.0 448.5 -0.5
236.0 442.0 -5.5
233.0 442.0909090909091 -4.0
236.0 443.54545454545456 -5.25
204.25 445.0 -7.0
211.25 446.45454545454544 -6.5
218.25 447.9090909090909 -3.5
225.25 403.0 -3.0
245.5 372.1875 -2.5
247.5 392.4375 -2.25
246.0 412.6875 -2.25
247.0 432.9375 -2.0
248.5 453.1875 -2.0
248.0 473.4375 -2.0
281.0 493.6875 -1.75
282.0 513.9375 -1.5
282.5 585.75 -2.0
283.5 612.5 -2.25
284.0 603.5 -2.0
283.5 590.0 -0.75
282.0 595.0 -0.5
260.5 595.5 0.75
254.0 583.0 2.0
243.0 554.0 2.75
283.5 531.75 3.0
263.5 510.0 3.0
256.0 505.0 2.5
253.0 495.5 2.25
251.5 496.5 1.75
241.0 510.0 1.0
241.0 524.5 0.0
241.5 531.5 -0.5
281.5 535.5 -2.0
261.5 541.5 -2.75
257.5 525.0 -2.25
280.0 404.875 -2.5
279.5 319.0 -3.0
270.0 311.5 -3.75
187.5 305.0 -3.5
80.5 302.5 -4.0
91.0 297.25 -4.5
100.5 291.58333333333337 -4.5
99.5 285.91666666666663 -4.0
109.5 280.25 -3.5
102.0 274.58333333333337 -2.5
105.0 268.91666666666663 -1.5
86.5 263.25 -1.5
89.0 257.58333333333337 -2.0
106.0 251.91666666666666 -2.5
113.5 317.0 -2.5
108.0 359.5 -4.0
109.0 363.0 -2.5
109.5 365.0 42.71875
103.0 362.0 102.34375
96.5 363.5 161.96875
100.0 368.0 221.59375
104.0 371.5 289.75
99.5 372.0 326.0
126.0 370.5 324.5
127.5 371.0 326.5
129.5 384.0 318.75
127.0 393.0 321.75
143.0 401.5 321.5
147.0 411.0 321.25
148.0 417.5 331.0
149.0 421.0 330.5
152.5 423.0 334.0
174.0 426.5 333.0
177.0 431.5 331.75
173.0 429.0 330.3
169.5 433.5 335.5
171.5 438.0 340.7
176.0 446.5 345.9
121.5 459.0 351.1
113.5 476.5 356.3
116.0 481.5 361.5
133.5 488.0 366.7
130.5 491.5 372.75
131.0 494.0 361.725
165.0 498.5 358.625
199.5 501.5 355.525
194.0 501.0 352.42499999999995
188.0 501.5 349.32500000000005
186.5 496.5 341.75
201.0 488.5 333.0
201.0 475.5 330.0
192.0 455.0 332.5
184.28571428571428 434.5 330.5
172.0 418.0 330.25
159.71428571428572 402.0 329.25
165.5 383.0 329.0
265.5 365.5 329.0
242.5 354.5 335.0
241.0 349.5 336.5
243.0 359.0 337.0
241.0 373.0 338.75
241.5 386.5 338.75
241.0 379.0 338.25
239.0 362.5 337.25
245.5 337.5 340.75
254.0 324.5 341.25
255.5 333.0 346.5
259.0 350.5 342.0
249.0 372.5 341.0
264.5 390.5 337.75
253.0 403.5 336.75
257.5 395.5 335.75
283.0 368.0 333.75
276.5 346.5 333.75
283.0 345.0 344.0
270.5 345.5 344.5
264.5 346.5 344.5
240.0 363.5 345.75
232.5 387.5 343.5
250.5 406.0 299.78846153846155
250.5 409.0 272.9423076923077
251.0 412.0 246.09615384615387
251.0 417.0 219.25
254.5 417.0 192.40384615384613
254.5 414.0 165.55769230769232
230.0 413.5 138.71153846153845
239.5 415.5 151.25
251.0 414.5 152.0
249.5 406.0 158.25
251.0 389.375 200.25
254.0 367.20833333333337 245.75
246.0 345.04166666666663 300.0
251.25 322.875 303.0
260.5 300.7083333333333 303.0
263.0 278.54166666666663 300.5
272.0 256.375 299.5
288.75 234.20833333333331 329.0
291.5 212.04166666666666 331.5
297.25 254.125 331.5
295.5 301.25 330.5
283.75 262.5 329.5
278.0 254.0 327.0
275.0 269.75 325.0
269.25 278.75 317.5
296.0 277.75 340.5
296.25 274.75 202.75
295.5 255.75 223.75
291.75 240.0 244.75
288.75 236.5 303.0
281.5 237.0 356.0
214.0 240.5 357.0
213.75 244.0 348.5
214.5 245.0 341.0
215.0 257.5 341.0
214.0 261.0 341.5
212.25 262.25 349.0
209.0 268.5 350.0
207.5 275.5 331.75
205.5 279.0 327.75
204.5 282.0 321.5
205.5 287.0 323.75
205.5 294.0 323.25
206.5 300.5 326.75
207.5 304.0 336.75
252.5 312.0 342.375
275.0 325.0 358.75
277.5 327.5 361.75
277.5 329.5 360.25
277.5 330.5 359.25
277.5 335.5 361.5
278.5 340.5 358.5
287.0 344.0 355.75
297.0 349.5 351.5
298.5 352.5 344.0
300.0 356.5 334.25
263.0 363.0 338.75
263.0 365.5 341.75
282.5 366.5 344.25
293.0 364.0 344.25
303.0 355.5 346.25
297.0 346.0 345.5
292.0 338.5 360.25
286.5 337.5 375.75
279.0 339.0 383.0
302.0 341.5 379.0
304.5 348.0 378.5
304.5 436.0 382.0
306.0 449.5 377.0
306.5 455.0 376.25
300.5 459.5 371.75
289.5 464.0 371.75
279.0 468.5 370.25
280.0 474.0 374.5
281.5 475.5 372.75
268.0 473.0 374.5
266.0 416.0 210.35
280.0 354.5 241.75
278.5 343.5 273.15
276.5 329.0 354.0
275.0 319.0 354.0
274.5 314.0 349.75
275.0 307.5 350.0
274.0 301.5 353.75
273.5 295.0 352.75
273.0 290.5 348.25
273.5 287.0 345.0
268.0 286.5 343.0
269.5 262.0 342.0
271.0 256.0 343.75
283.0 254.0 346.0
273.5 252.0 351.25
273.5 248.5 356.5
270.5 115.33333333333334 357.5
270.0 80.66666666666667 360.0
268.0 46.00000000000001 365.5
266.5 46.0 369.5
265.5 178.5 370.5
264.5 210.5 361.0
264.0 187.5 366.0
264.5 158.5 366.75
263.5 132.0 373.25
263.5 121.0 379.5
263.0 181.5 385.5
262.5 220.0 384.0
265.5 251.0 371.5
273.0 265.0 374.0
273.0 254.6 375.5
273.5 231.39999999999998 377.5
274.5 211.0 378.5
272.5 192.0 375.5
271.0 191.5 368.75
227.0 199.5 367.75
219.5 209.5 365.5
215.5 221.0 362.0
215.0 224.5 361.75
213.0 220.5 362.75
210.5 211.0 365.5
208.0 206.5 364.0
207.5 210.0 358.5
206.0 214.0 354.0
204.5 216.5 350.0
202.5 215.5 343.5
200.5 215.5 340.75
199.0 202.5 339.0
231.0 180.5 351.75
231.0 177.5 354.5
231.0 190.5 353.75
232.5 207.0 354.25
230.5 219.5 356.5
229.5 224.0 366.5
273.5 211.25 368.0
275.5 193.0 370.5
275.5 174.5 369.5
275.5 170.5 368.0
277.0 185.0 367.25
275.0 203.5 367.75
267.0 219.5 366.5
262.5 234.0 353.25
262.0 231.0 355.75
277.0 228.5 354.0
276.0 231.5 347.75
275.5 238.5 346.75
275.5 244.0 347.75
274.0 250.5 351.25
275.0 258.0 346.0
277.0 257.0 348.75
276.5 263.5 350.75
276.0 267.0 348.5
275.5 271.5 346.0
275.5 276.5 343.75
275.0 281.0 342.5
256.0 297.3529411764706 341.75
240.5 319.8235294117647 337.0
263.5 342.2941176470588 320.425
268.5 364.7647058823529 286.125
272.5 387.2352941176471 251.825
270.0 409.70588235294116 217.52500000000003
268.0 432.17647058823525 183.22500000000002
273.5 454.6470588235294 199.25
279.5 487.0 320.125
253.0 485.5 341.25
249.5 460.5 350.0
280.0 447.5 356.25
274.0 449.25 357.75
274.0 454.0 358.0
271.5 461.5 357.5
272.5 461.0 359.75
272.0 467.0 359.0
273.5 464.0 358.0
277.0 456.0 357.0
279.5 435.5 358.25
280.0 425.5 328.8181818181818
280.5 419.5 268.09090909090907
280.0 415.0 207.36363636363637
277.0 403.0 146.63636363636363
275.5 393.0 85.90909090909092
277.0 381.5 25.181818181818187
278.5 369.5 2.25
282.0 370.5 0.0
285.0 372.0 -17.25
287.0 380.5 35.5
287.0 385.5 34.75
285.5 392.5 35.0
282.5 415.5 34.75
272.0 409.0 34.75
255.0 392.0 34.75
249.0 404.0 34.75
257.0 408.5 34.25
246.5 415.5 34.75
259.5 411.0 34.25
259.0 404.0 34.0
262.5 401.5 35.0
242.96875 381.0 36.0
242.84375 363.0 37.0
242.71875 387.0 37.0
242.59375 418.5 37.0
240.5 431.0 37.75
268.5 446.5 37.75
228.0 465.5 37.5
228.5 466.0 37.5
251.0 468.0 36.75
239.5 469.5 36.5
246.0 486.5 36.75
244.5 498.0 42.0
236.5 482.0 59.25
241.5 472.0 59.75
255.0 475.0 60.0
233.5 481.0 60.25
235.5 472.0 60.5
236.5 462.0 60.75
232.0 484.5 59.75
222.5 507.25 60.0
219.5 523.0 60.5
219.5 534.5 61.75
220.0 530.5 61.0
221.0 511.96153846153845 62.0
222.5 486.5769230769231 62.0
223.5 461.19230769230774 62.0
223.5 435.8076923076923 61.5
221.5 410.4230769230769 62.0
233.0 385.03846153846155 61.5
265.5 352.0 61.0
265.0 219.5 61.0
233.0 201.375 59.0
370.5 166.5 56.5
237.0 204.5 55.5
234.0 221.0 55.5
255.0 216.0 55.25
240.5 234.5 54.75
239.0 238.0 52.75
239.0 236.0 48.5
239.5 233.0 43.75
236.5 234.5 42.75
236.0 237.5 44.5
224.0 238.0 47.75
224.5 232.5 50.5
235.5 234.0 52.5
255.5 240.5 53.5
228.5 254.0 52.75
243.5 270.0 51.75
250.5 272.0 51.0
251.0 273.0 50.25
258.5 288.0 49.0
250.5 156.0 47.0
247.0 86.0 45.5
255.5 96.5 45.0
238.5 191.5 46.0
192.92857142857144 219.0 48.0
194.64285714285717 224.5 50.0
196.35714285714283 229.5 51.25
198.07142857142856 261.5 51.75
232.0 299.5 52.0
246.0 312.0 74.0
270.5 322.0 86.5
267.5 363.0 79.25
260.0 375.0 111.875
243.57142857142856 384.5 162.375
229.0 386.0 212.875
214.42857142857142 372.5 263.375
219.0 346.7142857142857 313.875
241.0 323.0 349.0
296.0 299.28571428571433 339.125
285.0 313.5 338.625
260.0 420.75 340.5
246.0 431.0 342.5
250.75 436.0 343.0
252.25 444.0 343.5
252.0 445.25 345.5
233.5 439.75 342.5
231.0 433.75 343.0
231.75 427.5 345.0
261.0 425.0 321.0
266.75 443.75 306.5
273.5 479.75 297.5
274.5 480.0 295.5
272.75 483.0 303.0
267.75 494.75 230.0
274.0 531.5 181.0
276.0 536.5 176.0
277.0 533.0 168.5
278.0 529.25 165.0
283.0 526.0 169.0
271.5625 509.75 166.5
255.8125 511.25 164.70454545454544
240.0625 513.25 179.52272727272725
224.3125 514.25 194.3409090909091
219.83333333333331 514.375 209.1590909090909
249.16666666666669 510.5 223.97727272727275
268.5 399.5 238.79545454545456
266.0 386.5 339.75
294.5 386.0 346.75
283.0 385.5 359.75
287.0 367.6 357.25
278.0 326.0 360.25
276.5 284.4 364.0
262.0 265.5 385.5
250.5 281.0 385.25
251.0 281.0 386.0
316.5 280.5 386.0
329.5 283.5 384.5
293.0 266.0 384.5
277.0 239.5 360.25
276.0 239.5 348.5
288.0 237.5 345.875
320.0 237.0 346.25
320.5 196.0 340.0
282.5 135.0 345.5
298.0 109.5 360.83333333333337
299.0 136.5 358.16666666666663
298.0 182.5 355.5
307.5 186.0 345.125
313.0 170.0 326.0
319.0 143.0 335.75
319.0 129.0 336.5
319.5 114.0 341.0
309.5 108.0 340.0
309.5 101.0 345.5
309.0 64.0 340.0
307.0 54.17857142857143 341.5
305.0 49.75 385.75
304.5 45.32142857142857 406.5
305.0 51.0 383.25
305.5 61.0 384.0
306.5 77.5 384.5
306.0 77.5 386.75
305.5 101.5 386.75
305.0 109.5 385.25
305.0 124.5 382.25
307.0 123.0 377.5
304.0 123.0 386.5
303.0 121.5 385.75
303.5 107.0 386.0
303.5 90.5 382.75
303.0 84.0 386.0
303.0 83.0 391.0
302.5 87.5 383.0
302.5 104.5 383.5
302.0 130.0 382.0
302.5 132.5 379.0
302.0 137.0 377.0
301.5 137.0 376.0
301.0 134.5 374.25
299.5 135.5 374.0
298.5 138.5 375.0
298.5 156.0 375.75
299.0 159.0 375.25
298.5 152.0 374.75
296.5 159.0 376.5
295.0 185.0 377.0
282.5625 197.5 374.25
276.8125 173.0 493.3928571428571
271.0625 177.95 454.96428571428567
265.3125 182.55 416.5357142857143
253.5 186.0 378.1071428571429
245.5 181.5 372.25
246.5 221.5 389.75
226.0 350.5 384.5
255.0 414.5 381.5
253.0 403.5 387.25
257.0 401.0 378.5
267.0 403.5 401.0
280.5 410.5 424.0
268.5 421.5 422.0
254.0 428.5 430.0
262.0 424.0 432.25
260.5 421.0 430.0
253.5 424.5 428.5
262.0 420.5 428.5
269.5 413.5 424.75
261.0 414.0 423.0
257.0 417.5 422.0
267.0 419.0 420.5
270.0 415.5 421.75
264.0 414.0 386.75
264.0 415.5 330.5
262.0 415.0 335.25
261.0 404.5 326.5
256.0 398.0 358.0
251.5 395.5 350.75
241.0 391.0 354.25
310.5 390.0 365.25
317.0 392.5 359.5
301.0 381.0 355.25
295.0 383.0 351.0
296.5 384.0 337.5
309.5 383.0 167.25
310.5 383.0 162.25
264.5 384.0 155.75
273.5 389.5 152.75
328.0 396.0 133.25
339.1666666666667 416.5 75.75
350.05555555555554 429.0 62.75
360.94444444444446 407.15 56.0
371.8333333333333 377.35 54.0
386.5 347.55 52.5
401.0 317.75 43.5
406.91666666666663 287.95 41.25
420.1388888888889 258.15 19.25
433.3611111111111 228.35 9.5
446.58333333333337 198.55 19.0
430.0 168.75 21.5
390.0 138.95 20.0
380.5 261.0 72.0
414.0 260.5 110.10000000000001
412.5 251.0 196.89999999999998
403.5 251.5 281.0
406.0 260.5 341.25
418.25 264.0 352.0
435.25 263.5 364.5
452.25 261.5 368.0
457.0 260.0 361.25
442.5 259.5 346.25
449.5 259.5 345.0
454.5 257.5 345.25
453.5 255.0 346.75
434.0 254.5 358.75
421.0 258.5 362.0
419.0 259.0 363.5
382.0 258.0 366.0
370.0 255.0 362.75
405.0 253.5 360.75
393.5 255.0 360.0
399.0 240.0 357.25
407.5 242.0 355.5
397.5 242.5 351.75
401.5 243.5 353.0
384.5 277.0 330.41666666666663
396.0 278.5 310.08333333333337
368.0 279.0 289.75
361.0 278.5 296.25
380.0 275.5 355.5
379.5 273.5 357.75
385.0 272.0 357.0
397.5 271.5 361.5
386.0 271.5 368.75
418.0 271.0 367.75
424.5 270.0 373.5
394.0 270.5 372.0
404.0 271.0 381.5
379.0 271.0 380.0
390.0 257.5 370.0
386.5 258.5 358.5
389.0 272.0 357.75
380.5 285.5 347.25
390.0 298.5 348.5
329.5 395.5 351.75
319.5 424.29999999999995 344.5
322.0 436.70000000000005 352.0
327.5 440.0 362.5
400.0 430.0 361.5
362.0 480.5 449.25
394.0 487.25 377.0
374.0 472.0 361.0
359.0 517.5 356.75
364.0 551.0 356.25
360.0 515.5 348.0
372.5 475.5 330.0
390.0 567.5 332.5
389.5 531.5 302.25
349.0 507.5 246.40625
346.0 481.0 176.28125
344.0 515.5 106.15625
345.0 490.5 36.03125
368.5 484.5 35.5
350.5 480.5 34.25
333.46875 478.0 35.75
318.09375 464.0 36.25
302.71875 433.0 32.0
287.34375 405.0 33.5
339.0 377.0 33.25
351.5 356.5 31.5
357.5 351.0 30.0
342.5 351.5 71.0
331.0 264.5 79.5
319.0 222.0 82.5
331.0 229.0 84.0
320.5 252.0 95.75
297.0 265.0 135.67857142857142
280.0 269.0 175.25
278.5 298.0 214.82142857142856
269.5 298.0 266.5
273.5357142857143 296.5 337.0
265.67857142857144 294.0 338.0
257.82142857142856 287.0 341.25
249.96428571428572 283.0 351.5
275.0 286.0 349.75
283.0 292.5 348.5
276.0 294.0 353.25
261.46875 295.0 342.25
243.34375 298.0 341.0
225.21875 303.5 337.75
207.09375 313.4078947368421 337.75
198.0 326.61842105263156 334.75
235.5 339.82894736842104 345.0
258.875 353.0394736842105 355.25
244.5 366.25 355.5
236.5 379.4605263157895 354.5
247.5 392.67105263157896 354.5
258.0 405.88157894736844 355.5
261.5 419.0921052631579 355.0
254.0 447.0 355.5
258.0 418.0 355.0
274.5 415.5 355.5
291.5 406.0 353.75
297.0 395.5 355.0
295.5 386.5 357.25
291.0 387.0 354.75
283.0 392.0 351.0
279.5 393.0 352.75
281.5 394.5 347.0
288.0 397.5 336.5
312.5 400.5 338.25
310.5 398.375 336.625
307.0 395.25 336.5
306.5 394.0 337.5
316.5 408.75 334.5
310.75 403.5 332.0
290.5 406.0 325.5
285.5 408.75 325.0
257.25 415.0 323.5
266.0 419.0 323.0
269.25 424.75 322.5
274.0 426.5 326.5
277.25 425.25 358.5
274.0 426.75 385.0
276.25 428.5 383.0
265.0 413.75 379.0
260.75 403.5 379.0
260.75 404.0 380.0
263.25 406.5 380.0
261.5 409.0 381.0
263.25 441.25 382.0
271.0 443.75 385.0
274.5 441.5 385.0
278.25 439.25 387.0
325.75 434.475 386.5
318.25 422.375 389.0
311.75 410.275 387.0
309.0 398.17499999999995 386.875
304.0 386.07500000000005 386.25
298.5 379.0 387.75
253.5 377.5 388.25
250.0 341.0 387.0
255.5 301.875 387.5
258.5 289.70833333333337 387.0
251.0 277.54166666666663 387.0
243.0 279.0 387.25
236.0 277.5 386.5
213.5 281.0 383.25
216.5 286.0 385.25
183.0 284.0 385.75
171.5 287.0 385.0
179.0 287.0 386.75
175.375 278.5 389.5
191.5 272.5 385.5
176.0 277.0 364.5
180.5 283.5 312.07142857142856
163.5 296.5 269.5
178.0 308.5 226.92857142857144
172.5 322.0 239.5
202.5 332.5 272.5
218.5 336.5 280.75
227.0 315.5 285.0
248.0 280.5 289.5
237.5 276.0 289.75
254.0 272.0 289.75
267.08333333333337 271.5 291.0
278.5277777777778 271.0 248.0
289.9722222222222 215.5 212.5
301.41666666666663 214.5 210.75
312.8611111111111 218.5 211.25
324.30555555555554 219.0 212.0
335.75 218.0 195.75
347.19444444444446 216.0 165.75
358.6388888888889 263.5 165.5
431.0 272.0 165.25
413.5 267.5 163.75
393.5 264.5 162.75
388.0 262.0 161.25
363.5 258.5 156.25
327.83333333333337 255.0 153.75
355.16666666666663 254.0 153.75
353.5 262.5 153.0
369.0 266.0 151.25
347.5 269.5 149.5
330.5 270.5 147.75
326.5 269.5 147.25
332.0 264.5 148.0
339.0 260.0 149.0
305.0 256.5 148.5
341.0 254.0 148.75
374.0 251.0 156.0
358.0 251.0 6.149999999999999
329.20000000000005 253.5 82.75
320.79999999999995 278.5 159.35
334.0 286.0 258.5
353.5 290.0 300.5
514.375 292.5 302.25
400.625 294.0 294.0
343.5 296.5 306.75
378.0 294.5 314.0
465.0 295.5 313.5
394.5 294.5 314.0
390.0 293.0 304.5
378.0 292.5 303.0
368.5 293.0 303.0
343.0 287.0 308.5
347.0 274.0 312.75
344.0 277.5 325.75
324.0 281.5 322.75
301.5 283.0 317.25
313.0 282.5 319.0
313.0 281.5 324.25
329.0 286.5 325.5
291.0 294.5 326.5
318.5 299.5 327.5
405.0 302.0 327.0
376.0 301.0 326.5
377.0 298.5 325.75
380.5 289.0 324.25
370.0 282.0 324.0
351.5 275.5 322.5
381.0 272.5 321.5
362.5 271.0 321.5
366.5 285.5 323.0
424.0 299.0 315.75
359.0 298.5 305.0
383.5 297.5 299.0
394.0 300.5 293.0
404.0 300.5 298.75
382.5 297.27941176470586 284.0
371.0 292.9852941176471 283.5
385.5 288.69117647058823 283.5
370.5 284.3970588235294 286.75
354.5 280.1029411764706 288.25
384.5 275.80882352941177 288.0
364.5 271.5147058823529 286.75
374.5 267.22058823529414 286.0
422.0 322.0 271.5
373.0 359.0 274.0
429.5 380.5 280.0
510.5 360.0 286.5
429.0 350.5 293.25
395.5 351.5 298.0
398.5 356.5 297.0
380.5 363.5 298.25
376.5 370.5 297.75
359.5 377.0 295.75
382.625 381.5 294.5
338.0 383.0 294.5
338.0 385.5 293.75
393.5 385.5 299.75
362.5 383.0 302.25
348.0 380.5 303.25
330.0 377.5 304.75
345.0 375.0 305.5
430.0 370.0 306.5
414.0 367.0 307.5
355.625 363.5 306.25
331.475 359.0 306.0
322.775 357.5 304.75
314.075 356.5 299.25
305.375 356.5 300.0
296.675 357.0 302.75
287.975 352.5 220.15625
279.275 335.5 232.78125
270.575 332.5 245.40625
261.875 328.5 258.03125
253.175 326.5 290.75
244.47500000000002 340.25 322.5
235.775 361.0 341.0
227.075 170.625 336.25
218.375 189.125 339.25
209.675 207.625 340.75
242.0 226.125 338.5
244.0 242.5 334.75
243.5 226.5 344.0
302.5 236.5 344.5
252.0 254.0 346.25
265.5 253.5 338.5
317.5 248.0 253.0
300.0 260.5 201.35526315789474
267.66666666666663 270.5 187.82894736842104
262.33333333333337 278.0 174.30263157894737
257.0 288.0 160.7763157894737
304.5 298.0 147.25
266.75 299.0 133.7236842105263
251.25 299.5 120.19736842105263
358.5 292.0 106.67105263157895
313.0 295.0 93.14473684210526
330.5 296.0 95.25
306.5 294.5 141.75
332.0 295.0 149.0
336.5 296.0 121.75
391.5 301.5 130.75
363.0 305.0 131.5
333.5 307.0 129.5
373.0 306.5 127.0
388.5 308.5 126.5
312.5 313.5 127.0
335.0 298.5 109.5
328.5 280.0 95.5
342.5 284.0 87.75
346.0 285.5 90.25
340.0 285.0 91.0
280.875 287.5 91.75
178.91666666666669 288.5 88.5
210.58333333333331 286.0 91.75
174.375 286.5 93.5
229.875 284.5 117.0
305.5 283.5 118.25
381.0 286.5 118.25
280.5 298.5 118.0
73.0 304.5 117.75
18.0 321.66666666666663 117.75
28.0 343.2222222222222 117.0
25.5 364.7777777777778 117.0
109.5 386.33333333333337 116.5
139.0 394.0 117.0
130.5 372.0 117.5
64.5 354.0 118.0
69.5 336.0 118.5
100.60714285714286 318.0 119.0
45.035714285714285 332.0 119.5
-10.535714285714278 319.0 119.0
-66.10714285714286 338.5 118.0
7.5 356.0 118.25
80.0 384.5 110.90625
107.0 396.0 100.78125
74.5 392.0 90.65625
18.0 381.5 80.53125
77.5 360.5 108.0
60.5 351.0 96.5
23.5 357.0 127.0
86.08333333333333 367.0 126.5
197.52777777777777 376.0 129.5
308.9722222222222 390.0 128.5
420.41666666666663 410.0 128.0
330.5 412.5 127.0
254.5 410.5 126.0
450.125 405.0 126.0
284.625 398.5 125.25
159.5 393.5 124.25
161.5 387.0 124.5
162.5 382.5 124.5
372.0 380.5 124.0
298.0 381.5 124.0
290.5 384.5 123.75
341.5 382.5 123.5
343.5 369.0 123.5
347.5 366.0 124.0
331.0 363.5 125.0
301.0 363.5 126.0
285.0 363.0 127.75
273.0 364.0 128.0
271.0 366.0 127.75
270.5 375.5 128.0
248.0 388.0 128.75
251.0 390.0 129.0
240.5 391.5 129.0
213.5 395.0 130.0
161.5 397.0 130.5
168.0 397.5 130.5
171.5 399.5 130.0
182.5 399.75 130.0
186.25 400.25 129.5
191.0 397.75 129.0
198.5 395.25 128.0
198.25 397.0 128.0
199.0 396.75 128.0
196.5 396.75 127.5
231.0 397.5 127.5
242.75 398.5 128.0
230.375 400.0 127.0
219.54166666666669 407.25 127.0
208.70833333333331 426.0 127.0
197.875 454.75 127.0
187.04166666666666 482.75 126.0
176.20833333333331 497.0 126.0
229.75 468.5 126.0
226.5 420.625 126.0
231.25 396.125 126.5
258.25 371.625 127.5
239.0 348.25 128.0
236.5 353.5 128.0
258.625 371.25 128.0
237.75 385.25 128.0
250.0 400.5 127.0
289.0 408.0 127.0
211.5 409.5 127.0
210.5 403.5 127.25
209.0 391.0 127.0
157.0 384.5 126.75
156.0 388.0 127.0
118.0 389.5 126.0
168.5 386.0 126.0
165.0 380.5 126.0
119.0 388.0 126.75
83.0 381.0 129.25
107.35714285714286 380.5 130.5
176.5 382.0 132.5
245.64285714285714 383.5 133.0
305.5 402.0 134.0
305.5 413.0 133.5
288.5 414.0 133.5
258.5 415.0 133.0
311.5 416.0 133.75
306.5 416.0 134.25
304.0 414.0 134.0
323.0 410.5 134.0
434.9 409.0 134.0
372.5 370.5 133.25
310.1 376.0 133.0
354.5 381.5 132.75
294.5 385.5 133.0
339.0 380.5 133.25
511.5 375.5 132.5
465.125 371.0 132.5
312.0 374.5 133.5
307.0 378.5 133.5
313.0 377.5 133.25
322.0 373.0 134.0
288.0 373.0 133.75
252.625 378.0 133.5
246.79166666666669 383.0 133.5
240.95833333333331 386.0 133.25
235.125 385.0 134.25
229.29166666666669 382.5 134.5
223.45833333333334 383.0 134.5
217.625 387.5 132.25
211.79166666666669 392.5 128.16666666666669
205.95833333333334 399.5 124.38888888888889
200.125 401.5 120.61111111111111
194.29166666666669 398.0 116.83333333333333
188.45833333333334 396.5 111.0
182.625 399.5 128.5
176.79166666666669 403.5 136.5
170.95833333333334 402.5 139.0
165.125 403.5 223.5
159.29166666666669 404.5 271.25
153.45833333333334 402.5 287.5
147.625 398.0 288.5
141.79166666666669 392.0 286.5
135.95833333333334 388.5 288.0
130.125 389.5 304.0
124.29166666666667 394.0 308.5
118.45833333333334 399.0 310.0
112.62500000000001 417.0 309.5
106.79166666666667 429.0 311.0
100.95833333333334 444.5 312.0
367.0 463.5 300.5
328.5 489.0 298.0
376.5 480.5322580645161 297.0
313.75 469.241935483871 295.0
340.0 457.9516129032258 293.75
348.5 446.6612903225806 291.25
420.0 435.3709677419355 289.5
360.0 424.0806451612903 286.5
294.0 412.7903225806452 284.5
347.0 401.5 282.0
325.5 390.2096774193548 281.25
341.0 378.9193548387097 280.5
350.5 367.6290322580645 280.5
389.0 356.33870967741933 280.5
307.0 345.0483870967742 279.25
284.5 333.758064516129 298.75
276.0 322.46774193548384 305.0
233.5 321.5 296.25
270.5 318.0 296.25
268.0 323.5 297.0
258.5 326.0 303.5
252.14285714285714 332.0 303.5
251.0 344.5 338.5
249.85714285714286 363.0 339.0
263.0 382.0 339.25
275.0 380.0 339.75
247.0 387.0 341.0
285.0 389.5 341.0
300.5 401.0 341.0
315.0 408.5 342.0
320.0 410.0 343.0
321.5 408.0 343.25
335.0 406.0 344.75
338.5 405.5 344.5
338.5 405.0 347.25
333.9779411764706 405.5 341.25
325.9485294117647 409.5 338.25
317.91911764705884 414.5 338.0
309.8897058823529 413.5 337.0
301.8602941176471 411.5 335.0
293.83088235294116 412.0 330.0
285.8014705882353 412.0 326.0
277.7720588235294 412.0 323.0
269.74264705882354 413.5 302.75
261.7132352941177 406.5 283.75
253.68382352941177 399.0 264.75
245.65441176470588 392.0 267.0
237.625 382.5 304.5
229.59558823529414 367.0 314.5
221.56617647058823 363.5 320.75
213.53676470588238 365.0 323.0
205.50735294117646 368.0 319.5
194.5 375.5 320.75
194.5 385.5 320.5
155.0625 401.0 321.0
109.8125 452.0 325.0
219.0 462.5 328.0
243.0 472.5 334.5
361.5 480.5 334.0
327.0 483.0 336.0
348.5 476.5 336.5
310.0 460.0 336.0
278.0 429.0 334.5
280.0 419.5 334.0
347.5 408.5 332.25
289.5 397.5 332.0
289.5 277.25 331.25
297.0 248.25 328.5
297.0 219.25 332.75
294.0 347.0 325.75
306.0 429.0 325.25
308.5 436.5 324.5
295.5 440.0 320.25
370.0 437.0 317.25
435.0 434.5 314.75
355.0 430.0 312.75
347.5 423.0 311.75
399.5 416.5 314.0
335.0 408.5 308.75
290.5 396.0 309.0
282.5 390.5 307.5
330.0 393.0 306.0
300.5 396.0 305.5
295.5 399.5 311.0
295.0 404.5 318.0
310.0 412.5 319.25
308.5 410.0 320.75
315.5 409.5 322.75
364.0 406.5 326.25
336.5 405.5 322.5
303.5 417.0 323.0
339.5 415.5 318.5
331.5 413.0 312.5
324.0 413.5 309.0
304.5 416.0 303.5
263.5 420.5 300.75
253.5 425.5 298.25
283.5 430.5 297.25
310.5 434.5 296.25
309.5 436.5 298.25
314.5 421.5 301.0
306.5 419.5 301.5
304.5 414.5 304.0
316.0 410.5 311.5
314.0 407.0 320.0
322.5 405.5 321.0
393.5 405.0 321.0
374.5 408.5 321.0
440.5 392.0 316.5
407.5 393.5 317.0
372.5 395.5 312.25
310.0 396.5 308.25
317.0 397.0 304.25
329.0 409.0 302.25
383.625 421.0 302.5
393.5 419.5 300.75
314.0 417.0 300.0
394.5 413.5 299.0
427.5 414.5 299.0
437.5 417.0 299.0
353.5 419.0 300.5
323.0 423.0 303.75
317.91666666666663 416.0 307.5
332.4722222222222 400.5 310.0
347.0277777777778 399.0 313.0
361.58333333333337 396.5 314.0
440.0 392.5 314.25
440.5 389.0 312.5
337.0 398.5 309.75
316.83333333333337 403.5 307.75
324.6111111111111 405.0 305.75
332.3888888888889 406.0 303.5
340.16666666666663 407.5 302.25
353.5 413.0 301.0
380.5 417.0 300.0
444.0 420.0 299.0
400.5 420.0 298.5
399.0 421.5 297.25
411.25 410.5 296.5
409.0 399.0 296.5
394.0 399.0 294.5
363.0 401.0 297.5
346.5 401.5 319.5
259.85 404.0 334.75
231.25 405.0 261.75
202.65 405.5 270.25
290.0 405.5 303.75
317.0 372.0 308.82894736842104
307.5 333.125 294.14473684210526
313.5 319.95833333333337 279.4605263157895
296.0 306.79166666666663 264.77631578947364
410.0 433.5 250.09210526315792
355.0 420.0 235.4078947368421
386.0 419.0 220.7236842105263
326.0 422.5 206.03947368421052
332.0 423.0 191.35526315789474
337.0 425.5 176.67105263157896
296.5 434.0 191.5
302.4642857142857 439.0 207.5
273.75 439.0 207.0
245.03571428571428 436.5 130.0
242.0 429.5 96.5
369.0 419.0 94.5
332.0 402.5 95.0
384.0 408.0 52.5
332.5 412.125 53.75
333.5 414.75 52.5
334.5 416.25 50.0
334.5 415.5 48.5
332.75 414.0 46.0
334.0 413.5 60.13636363636364
333.75 411.5 64.68181818181819
336.5 405.25 69.22727272727272
340.0 405.0 73.77272727272728
339.25 401.75 78.31818181818181
326.0 399.5 82.86363636363637
321.75 398.0 69.0
283.0 398.0 56.5
249.75 398.0 20.5
250.0 397.75 25.0
202.25 357.875 19.5
200.75 329.375 2.5
200.25 300.875 -2.0
202.25 272.375 -12.0
191.5 318.75 -16.0
129.8 407.25 -17.5
177.0 406.25 -16.0
224.2 411.25 -15.5
271.0 415.25 -14.5
278.25 416.0 -14.0
272.25 417.625 -14.0
271.125 417.5 -15.0
237.25 417.5 -15.5
201.0 417.5 -15.5
201.5 418.5 -16.25
203.0 390.0 -19.5
209.5 302.0 -29.25
212.5 306.0 -31.75
209.0 313.0 -36.75
286.0 320.5 -39.0
282.5 329.5 -41.0
195.5 342.5 -44.25
203.5 353.5 -48.0
222.5 339.5 -44.75
277.5 310.25 -44.5
259.5 296.58333333333337 -21.0
247.5 282.91666666666663 -8.0
250.0 330.0 -8.0
244.5 349.0 -8.5
262.0 333.1071428571429 -8.5
283.5 317.25 2.5
265.5 301.3928571428571 -4.0
404.5 292.5 -0.5
391.5 267.5 24.833333333333332
372.5 249.0 102.16666666666666
334.0 227.5 179.5
330.0 118.5 260.5
325.0 88.0 324.0
316.5 146.0 308.0
314.5 155.5 311.5
323.5 210.5 315.5
318.0 289.0357142857143 313.5
319.5 331.75 313.5
318.16666666666663 374.46428571428567 312.75
320.83333333333337 415.5 310.25
319.5 438.5 338.0
318.0 424.0 338.5
310.125 407.5 338.5
295.5 393.5 338.5
317.5 382.5 338.0
338.0 380.0 336.75
296.0 384.5 335.25
284.5 399.0 334.5
291.5 421.5 334.0
290.5 432.0 322.25
292.0 442.0 321.0
295.0 409.5 321.25
298.5 365.5 327.75
305.0 354.0 331.5
313.75 356.5 331.25
314.5 349.0 333.0
316.5 358.375 336.5
315.5 317.875 334.5
315.0 277.375 342.25
309.5 317.5 371.25
365.0 416.0 373.5
391.0 417.0 373.0
358.5 415.5 386.5
375.5 403.5 368.0
370.0 395.0 376.5
372.0 380.5 327.75
372.5 377.5 304.25
334.0 380.0 305.0
366.5 389.0 304.5
369.5 387.5 305.25
345.25 366.5 306.75
350.0 373.0 307.0
340.5 371.0 309.5
194.5 366.5 312.5
148.5 361.0 315.0
187.5 392.0 316.25
231.5 384.0 317.75
156.0 382.0 318.5
91.0 384.0 317.5
78.0 386.5 316.0
77.5 389.0 315.0
141.0 397.0 314.0
73.5 408.0 322.5
86.0 415.0 315.5
121.2840909090909 413.0 314.0
132.32954545454544 410.5 313.0
143.375 411.0 312.0
154.42045454545456 410.0 311.5
165.46590909090907 405.5 312.0
176.51136363636363 399.5 312.5
187.5568181818182 401.5 313.25
198.60227272727275 402.0 316.75
209.64772727272725 403.5 318.75
220.6931818181818 410.0 303.25
231.73863636363637 418.0 298.0
242.78409090909088 427.0 304.0
253.82954545454547 435.5 301.0
264.875 446.5 299.0
275.9204545454545 454.0 298.5
286.9659090909091 429.5 298.5
298.0113636363636 437.0 300.0
309.05681818181813 439.5 302.25
320.10227272727275 436.0 301.25
331.14772727272725 431.0 301.75
342.19318181818176 431.5 301.5
353.2386363636364 435.0 302.25
303.5 424.0 301.5
307.5 409.0 301.5
318.5 395.0 300.75
313.875 381.0 301.0
309.70833333333337 369.5 294.75
305.54166666666663 368.5 296.5
266.5 381.0 297.5
324.5 401.0 300.0
299.5 422.5 300.0
302.5 443.5 274.5
306.5 462.0 242.71428571428572
337.0 470.5 235.0
340.5 471.5 227.28571428571428
376.5 467.5 243.75
358.9642857142857 454.5 304.75
356.25 442.0 310.75
353.5357142857143 429.0 310.0
358.5 416.0 307.58333333333337
332.5 406.0 305.91666666666663
306.0 398.5 306.75
245.5 396.5 306.25
262.5 402.5 288.33333333333337
270.0 411.0 279.66666666666663
271.5 421.0 271.0
292.5 428.0 262.33333333333337
290.57142857142856 429.0 253.66666666666669
256.0 427.5 279.5
221.42857142857144 425.0 298.0
194.625 418.0 302.5
190.5 407.0 303.75
230.0 398.5 307.0
248.0 394.0 307.75
278.5 392.0 311.0
285.0 393.0 311.5
289.5 374.0 291.5
289.5 377.5 291.0
290.0 379.0 291.0
317.0 379.0 291.25
333.0 385.0 290.75
340.0 393.5 289.5
340.5 390.5 289.5
343.5 385.0 288.5
293.5 375.5 288.5
251.375 354.5 288.5
254.5 329.0 294.0
247.125 310.5 309.75
248.0 297.0 311.25
247.75 290.5 313.0
249.0 283.0 314.0
249.5 246.75 313.5
253.0 212.41666666666666 314.75
253.5 178.08333333333331 315.0
266.5 326.5 314.75
280.5 346.5 323.0
284.5 347.5 322.0
311.0 344.0 321.0
330.0 342.5 321.5
318.5 348.0 322.25
312.5 360.0 322.75
313.0 368.5 333.0
293.0 371.0 336.5
284.0 375.5 335.0
278.0 375.0 335.0
327.45833333333337 375.5 333.5
401.29166666666663 379.0 333.5
475.125 380.0 332.25
555.5 380.0 331.5
572.0 384.5 330.75
605.1666666666667 390.0 331.25
551.8333333333333 398.0 329.75
580.875 413.5 325.5
564.5 419.5 326.0
456.0 424.0 329.5
471.5 423.5 330.5
505.5 421.0 331.5
493.5 417.5 332.0
467.0 413.0 333.0
434.5 398.2105263157895 333.0
420.0 379.1578947368421 330.5
401.5 360.10526315789474 332.5
393.0 341.0526315789474 332.5
387.5 322.0 333.0
397.0 302.9473684210526 334.0
365.5 283.89473684210526 335.25
242.8125 264.8421052631579 336.25
224.0625 245.78947368421052 333.75
215.5 221.5 334.25
225.0 245.0 333.0
217.0 254.5 332.0
247.0 256.0 332.0
218.0 254.5 331.5
224.5 266.5 331.5
275.5 275.0 331.5
249.0 274.0 331.0
299.0 275.0 332.0
263.5 271.5 327.0
294.0 269.5 322.5
294.5 267.5 321.5
323.0 270.0 320.25
300.5 272.0 319.25
303.5 272.0 304.91666666666663
306.0 271.0 274.58333333333337
344.5 271.0 244.25
279.0 271.5 242.0
279.5 270.5 319.25
282.5 261.921875 324.25
285.0 250.484375 328.5
281.0 239.046875 330.0
281.0 227.609375 331.0
279.5 216.171875 330.5
338.0 204.734375 326.5
279.5 193.296875 327.0
283.0 181.859375 330.0
290.0 348.0 335.5
289.5 380.0 326.75
310.0 372.0 328.0
308.5 356.5 328.25
310.5 347.0 328.5
307.0 354.0 327.5
322.5 358.5 327.5
341.5 353.0 326.75
340.0 355.0 326.75
345.5 363.0 326.75
356.0 369.0 325.75
375.5 377.5 325.75
401.5 380.875 324.875
416.5 380.5 324.5
420.75 374.0 318.0
422.75 369.5 314.5
417.25 370.25 312.5
403.5 375.5 311.0
398.5 383.0 309.5
350.0 392.75 308.5
194.0 399.25 308.0
184.5 401.5 308.5
182.5 400.5 306.0
181.5 399.0 307.0
182.0 397.75 306.5
183.0 395.75 307.5
156.75 395.5 307.0
169.5 394.0 300.0
170.0 392.25 297.75
171.25 392.0 298.08333333333337
169.25 375.75 298.41666666666663
193.5 355.5 298.75
178.25 354.0 298.0
177.0 352.25 298.0
161.75 350.25 298.0
165.5 348.25 253.5
176.75 347.0 203.83333333333334
237.0 347.0 218.27777777777777
238.0 358.5 232.72222222222223
249.125 374.5 247.16666666666666
239.5 377.0 278.0
233.5 377.5 309.25
221.875 378.0 319.25
211.5 377.5 315.5
207.0 377.5 315.0
206.5 375.5 311.5
209.5 374.5 313.0
211.0 374.5 311.5
203.0 375.0 322.0
181.5 380.5 320.75
138.0 383.0 318.0
136.0 386.0 322.0
131.0 388.0 324.0
122.75 390.5 328.25
195.5 391.5 328.25
154.0 393.0 325.0
157.0 393.5 321.75
150.5 392.0 322.5
151.5 388.5 323.75
145.5 385.0 324.75
111.0 379.5 333.0
109.5 362.0 333.25
164.5 346.625 333.75
151.0 336.125 333.5
158.0 325.625 333.0
100.0 364.5 324.5
55.5 390.5 323.0
69.0 407.0 323.25
87.71875 413.0 323.25
131.34375 414.0 323.0
174.96875 408.0 323.0
218.59375 392.0 320.5
232.5 368.5 316.1875
241.0 351.0 288.9375
267.5 331.5 261.6875
312.0 318.0 234.4375
315.5 308.5 246.5
359.5 311.0 313.5
309.5 323.0 312.25
297.5 342.0 319.25
290.5 374.0 321.75
284.5 391.5 314.25
303.5 408.5 323.75
303.5 422.0 323.5
312.0 432.0 322.75
321.0 440.5 324.0
313.5 449.0 327.0
342.0 448.5 328.0
322.0 441.0 328.0
315.0 435.0 323.75
311.5 425.0 328.0
306.0 413.5 325.25
298.0 400.0 323.0
298.0 391.0 322.0
309.5 378.5 321.25
334.0 365.5 320.0
290.5 352.5 318.75
297.0 341.5 314.0
301.5 323.0 314.5
388.0 303.5 315.5
328.0 296.0 315.25
425.0 290.5 315.25
400.5 291.5 316.0
387.0 258.0 316.5
384.0 237.55 317.5
404.5 258.95 318.0
394.5 315.5 317.5
407.5 377.5 317.5
358.0 392.5 312.5
387.5 404.0 314.0
340.5 413.0 290.0
374.0 422.0 266.0
381.0 429.0 242.0
388.0 436.5 218.0
411.5 445.0 194.0
416.5 449.0 213.25
378.5 452.0 281.5
367.0 447.0 298.75
378.0 449.0 301.25
393.5 449.0 300.75
375.5 446.5 302.5
368.5 444.0 299.0
415.5 440.5 300.25
400.0 436.5 300.75
389.0 432.0 298.5
349.0 426.5 331.5
334.7 421.5 294.0
255.5 399.5 291.25
176.3 383.0 293.25
248.8 373.5 298.5
244.0 362.5 305.0
239.2 347.5 305.0
237.5 353.0 309.25
273.0 366.5 315.0
261.5 379.5 315.625
325.5 405.5 316.0
210.5 439.5 307.5
448.25 476.0 295.0
356.5 506.0 294.5
366.0 522.5 291.75
233.0 522.5 287.25
232.5 503.5 291.5
232.0 477.0 290.5
231.0 454.0 289.75
229.5 425.5 289.0
358.0 403.5 287.75
354.5 387.5 287.0
354.5 382.0 286.25
337.0 387.0 285.5
366.0 406.0 285.0
365.5 429.5 284.75
286.0 404.125 285.0
280.0 370.95833333333337 285.0
271.5 337.7916666666667 284.25
299.0 404.5 285.5
304.5 429.0 286.0
302.5 412.5 295.0
306.0 396.0 306.75
243.0 384.5 306.0
244.5 380.0 309.0
269.0 385.5 309.25
342.0 394.0 311.25
316.0 411.0 312.0
316.5 433.0 310.0
315.5 435.0 307.0
316.5 434.5 310.0
314.5 432.0 309.0
316.5 423.5 313.5
317.0 413.5 307.375
313.5 403.0 291.875
312.5 398.0 276.375
309.5 399.5 298.25
316.0 405.0 305.5
276.5 412.5 303.5
276.5 422.0 303.5
277.5 425.5 308.5
277.5 435.5 306.75
278.0 428.5 306.75
365.0 419.5 307.5
370.0 409.0 300.75
326.5 399.5 297.75
304.0 396.5 295.75
347.0 399.5 293.25
342.0 404.0 291.25
324.0 409.5 289.25
270.8125 416.5 288.5
200.0625 419.0 291.5
176.0 419.0 288.5
248.0 415.5 288.25
255.0 409.0 288.0
257.5 357.0 287.5
259.0 351.0 287.25
261.0 346.0 289.0
242.5 344.0 292.25
290.0 344.5 300.25
318.0 349.0 290.0
313.5 357.5 290.5
309.5 385.0 290.5
312.0 400.0 289.0
335.0 405.5 287.75
319.5 408.0 286.5
286.0 407.5 285.5
344.5 406.5 283.25
350.5 398.5 283.0
349.0 390.0 284.0
307.5 382.0 284.0
272.0 357.5 286.0
302.5 350.5 285.0
333.0 348.5 285.0
324.0 346.5 284.5
274.5 348.5 284.25
343.0 378.5 283.0
317.5 407.0 283.5
310.0 414.0 283.5
299.0 420.0 284.5
383.5 423.5 285.5
451.0 423.0 285.75
469.0 422.0 286.5
477.0 417.5 287.75
467.5 410.5 287.5
517.5 403.5 280.75
552.0 397.5 257.75
510.0 395.0 234.75
516.375 394.0 211.75
450.0 396.5 214.25
525.0 401.0 283.0
496.0 407.5 282.75
508.0 413.0 282.25
615.0 418.5 283.5
618.0 421.0 282.25
618.0 422.0 281.5
609.0 420.0 280.5
596.0 416.5 283.5
503.5 412.0 281.25
536.0 407.0 280.0
551.0 403.5 265.0
529.5 399.0 191.0
505.0 396.5 187.5
513.5 325.5 190.0
558.0 283.92857142857144 192.0
499.5 310.5 192.5
385.5 337.07142857142856 192.5
394.5 374.0 191.0
422.0 394.5 234.75
400.0 393.5 295.25
372.5 390.5 309.0
343.5 391.0 309.5
333.5 390.0 342.0
349.0 388.0 309.0
326.0 382.5 308.75
345.5 377.0 301.25
354.5 373.0 306.0
353.5 371.0 311.0
335.0 373.5 309.0
238.5 374.5 310.25
239.5 304.29166666666663 310.25
238.0 293.45833333333337 299.41666666666663
232.0 282.625 277.08333333333337
246.5 291.0 254.75
178.0 345.5 253.5
192.5 344.5 300.0
189.0 341.5 314.5
193.0 336.0 312.0
211.0 338.25 309.0
337.0 339.5 313.5
478.5 341.25 312.0
343.25 347.0 312.0
337.75 351.5 311.5
309.5 355.75 284.42857142857144
298.0 357.75 249.0
277.75 359.5 213.57142857142856
264.5 358.0 227.0
290.75 353.25 300.5
297.0 347.5 303.5
308.5 342.25 304.5
301.5 337.5 301.5
357.0 332.25 299.0
379.25 329.25 295.5
371.75 323.5 292.0
394.5 311.0 294.0
407.75 318.0 293.5
422.5 327.25 303.5
395.75 334.25 311.0
399.00892857142856 358.5 276.5
403.6875 371.0 150.7173913043478
408.36607142857144 368.25 157.58695652173913
413.0446428571429 364.0 164.45652173913044
417.72321428571433 356.75 171.32608695652175
422.40178571428567 354.75 178.19565217391306
427.0803571428571 354.75 185.06521739130437
431.75892857142856 354.0 191.93478260869566
436.4375 355.0 198.80434782608694
441.11607142857144 357.5 205.67391304347825
445.7946428571429 361.5 212.54347826086956
450.47321428571433 315.5 219.41304347826087
455.1517857142857 310.5 226.2826086956522
459.8303571428571 310.5 280.75
464.50892857142856 308.5 305.25
469.1875 301.0 311.5
473.86607142857144 189.04166666666669 302.5
478.5446428571429 149.20833333333331 298.5
483.22321428571433 109.375 298.5
487.9017857142857 69.54166666666666 292.75
492.5803571428571 29.70833333333333 292.25
497.25892857142856 -10.125000000000014 293.75
501.9375 -105.0 293.25
506.61607142857144 -390.5 292.0
511.2946428571429 -396.25 291.75
515.9732142857142 -355.25 292.25
520.6517857142858 -314.25 290.75
525.3303571428571 -273.25 288.5
285.5 -232.25 287.25
289.0 -191.25 285.75
258.5 -150.25 285.5
425.0 -109.25 286.0
293.5 -68.25 293.5
354.5 -27.25 295.0
328.5 13.75 295.5
310.5 54.75 296.5
293.16666666666663 95.75 293.5
275.83333333333337 136.75 297.0
275.75 177.75 296.25
226.5 218.75 301.75
299.0 305.5 317.0
249.5 371.0 336.0
259.5 358.5 322.25
278.5 347.5 306.0
312.5 345.5 307.25
341.0 368.0 309.0
341.0 369.0 309.25
343.5 374.0 309.75
350.5 382.5 310.0
352.0 396.5 311.5
355.0 406.0 310.5
234.0 415.0 310.0
233.0 418.5 310.5
232.5 414.0 309.75
265.75 407.0 307.5
304.5 405.0 308.5
293.0 404.0 308.5
229.5 409.5 308.5
224.0 415.0 310.25
228.0 415.5 302.5
249.0 409.5 296.5
265.0 402.0 295.25
312.5 386.0 293.5
308.5 361.0 294.75
339.5 321.5 294.25
305.5 305.5 291.75
354.0 300.0 290.0
343.5 314.0 289.0
340.5 310.5 290.0
327.5 321.5 292.0
262.0 345.5 294.0
307.0 345.0 294.5
321.0 346.0 297.0
411.5 347.0 298.5
421.0 345.5 299.0
395.5 345.5 298.5
394.0 328.5 295.5
421.5 317.0 290.0
367.0 313.5 295.5
296.0 310.5 296.0
331.0 309.0 295.75
300.5 307.5 295.5
301.0 309.0 295.75
294.0 320.5 296.5
292.5 325.0 297.0
282.5 327.5 296.0
302.0 330.0 294.75
272.875 331.0 295.5
261.0 328.0 295.75
248.0 327.0 295.25
215.0 325.0 295.75
329.0 323.0 295.25
256.0 322.0 295.75
261.0 349.5 297.0
215.5 360.0 287.25
218.5 368.0 264.25
225.5 372.0 241.25
247.25 372.5 260.5
252.25 369.0 312.0
257.25 361.5 324.0
340.0 350.5 319.75
388.5 308.5 313.75
407.5 297.5 321.25
375.875 286.5 319.75
284.0 282.0 319.0
339.5 287.0 318.5
354.5 323.0 316.25
336.0 353.5 314.0
347.5 371.5 298.25
313.5 382.0 290.5
336.5 382.5 214.5
348.5 276.4375 162.8409090909091
308.5 200.1875 159.96212121212122
344.0 177.375 157.08333333333334
381.5 298.5 154.20454545454547
371.5 301.5 151.32575757575756
408.5 307.0 148.4469696969697
400.0 316.5 145.5681818181818
404.5 335.0 142.68939393939394
407.0 354.5 139.81060606060606
427.0 385.0 136.9318181818182
334.0 388.0 134.0530303030303
330.0 384.5 131.1742424242424
334.0 379.0 128.29545454545453
328.5 374.5 125.41666666666666
354.5 350.5 122.53787878787878
372.5 333.0 119.6590909090909
358.0 334.0 198.5
333.0 335.5 303.5
355.5 337.0 311.75
337.5 339.5 313.25
312.0 367.0 314.0
309.5 364.0 314.5
309.25 358.5 314.5
307.5 348.5 286.0
347.5 340.0 201.5
348.0 340.5 205.5
448.0 348.0 206.0
404.5 346.0 207.0
279.0 352.0 207.0
361.0 350.5 193.75
349.0 345.5 164.5
331.0 347.5 162.75
336.5 352.5 162.0
396.5 357.5 159.0
341.5 367.5 156.75
389.0 373.0 170.0
365.5 373.5 215.96428571428572
397.5 373.0 257.25
382.0 371.5 298.53571428571433
414.5 351.0 325.75
391.5 339.0 320.25
394.16666666666663 339.5 322.25
416.83333333333337 340.0 322.75
408.5 343.5 324.5
350.5 341.35526315789474 324.25
278.75 337.82894736842104 318.75
249.0 334.3026315789474 315.75
231.5 330.77631578947364 315.5
244.5 327.25 316.0
251.5 323.72368421052636 316.5
272.5 320.1973684210526 317.75
304.0 316.67105263157896 317.25
313.5 313.14473684210526 318.0
343.5 284.5 319.75
317.0 275.0 319.75
330.5 274.0 318.5
327.0 282.5 316.75
297.0 288.5 313.5
341.5 291.5 311.5
327.0 287.5 296.5
337.5 279.5 292.5
349.5 276.0 291.0
366.0 273.0 291.0
344.0 270.5 294.0
335.5 269.0 309.0
334.5 279.5 314.75
346.5 289.0 323.0
317.5 291.5 328.0
337.5 298.0 327.0
371.0 305.0 324.5
372.5 308.0 329.5
354.5 306.5 333.0
359.5 302.5 336.5
340.5 298.5 335.25
337.5 292.0 337.5
352.0 287.5 339.0
351.0 288.0 332.5
356.0 290.0 331.25
324.0 294.5 337.5
322.0 298.0 397.75
321.0 298.5 417.5
311.0 295.5 295.75
288.0 302.0 339.72368421052636
295.0 300.5 319.3552631578947
317.5 290.5 298.9868421052631
280.0 293.0 278.61842105263156
321.5 292.5 258.25
331.5 292.0 237.8815789473684
328.0 294.0 217.51315789473685
343.5 314.0 197.14473684210526
287.0 331.5 176.7763157894737
303.0 331.0 190.0
318.5 331.0 251.25
333.0 329.5 252.0
350.5 328.0 252.5
342.0 326.5 247.5
364.0 325.5 187.75
329.0 325.0 181.75
266.7 325.0 178.75
225.5 295.5 176.0
184.3 295.0 174.0
236.3125 294.0 172.75
293.5625 293.0 170.75
303.0 292.0 153.5
350.0 290.5 149.0
488.5 290.5 149.75
466.5 290.5 152.75
425.0 291.0 154.5
420.0 291.5 154.25
400.5 292.5 149.25
375.0 292.0 129.0
363.0 292.0 127.0
352.5 291.0 124.75
340.0 290.0 123.75
301.0 289.0 123.0
350.5 290.0 122.0
298.125 290.0 122.0
290.0 290.5 119.25
326.0 289.5 116.25
298.5 289.0 113.25
326.5 287.0 110.25
318.0 287.75 107.25
342.0 300.25 104.5
333.0 302.5 113.5
352.0 304.5 118.5
346.5 306.75 175.0
332.0 309.5 250.5
348.5 321.0 285.0
357.5 323.5 326.25
308.5 320.75 322.0
330.0 314.5 309.0
344.0 302.5 293.5
346.5 286.25 328.5
339.0 275.25 328.0
338.5 275.5 328.5
355.75 285.5 329.5
360.75 294.75 340.5
342.5 312.25 370.5
341.5 333.75 364.5
339.5 347.5 358.0
336.5 348.5 354.0
348.0 342.25 351.5
350.0 331.75 347.0
333.5 321.25 347.0
318.5 318.5 338.5
347.75 321.0 340.5
272.5 322.625 332.0
282.25 325.5 318.875
287.0 329.0 320.5
294.0 329.5 318.0
296.0 330.5 318.25
302.0 329.0 310.0
299.5 326.5 308.0625
287.0 325.5 296.3125
282.5 322.0 284.5625
329.5 319.5 272.8125
302.5 318.0 283.625
325.0 314.0 328.5
293.9642857142857 310.5 318.5
309.82142857142856 308.0 328.375
325.67857142857144 308.0 324.5
341.5357142857143 305.0 317.75
309.0 303.5 312.25
276.75 302.0 304.25
400.0 297.0 303.75
327.25 293.0 304.0
332.5 292.0 302.25
385.5 295.5 301.25
401.5 298.0 303.0
453.5 317.5 304.5
417.0 324.0 304.0
415.5 324.5 309.75
396.0 324.0 309.75
424.0 322.0 309.25
409.0 318.0 314.25
428.5 299.0 319.0
399.0 297.0 319.0
394.5 295.5 318.25
360.0 294.0 309.75
371.0 296.5 316.0
391.0 306.6590909090909 317.0
411.0 320.20454545454544 316.0
431.0 333.75 303.0
428.125 347.2954545454545 302.25
429.0 360.8409090909091 301.25
449.5 271.5 314.0
395.0 179.3125 314.25
368.5 189.0625 319.25
302.5 331.0 325.25
300.5 325.0 315.70833333333337
281.0 297.5 300.54166666666663
283.5 301.0 285.375
289.5 301.5 287.25
295.5 318.0 308.0
279.0 321.0 306.0
536.5 319.0 308.5
411.875 316.5 307.25
391.0 317.5 307.5
338.5 327.5 308.25
322.08333333333337 329.0 310.0
300.41666666666663 333.5 313.0
278.75 336.0 314.25
295.0 337.0 311.0
317.5 339.0 311.5
338.0 341.5 311.25
329.0 343.0 316.0
359.0 346.0 316.5
334.0 347.5 316.5
374.25 348.5 317.25
397.5 327.0 318.25
418.0 311.5 318.0
387.5 311.0 317.0
411.0 315.0 316.75
382.5 321.5 317.25
373.5 338.5 316.0
272.08333333333337 355.5 316.75
246.41666666666669 359.0 313.25
220.75 358.5 314.5
217.0 354.0 315.5
228.0 347.0 320.5
258.5 336.5 316.5
282.0 335.0 317.5
257.0 332.5 316.25
262.5 330.5 314.25
260.5 330.5 313.5
255.5 330.5 312.0
308.5 331.0 311.0
295.5 331.0 310.5
271.6 333.0 315.5
242.0 335.5 320.25
212.4 337.0 320.0
271.0 339.5 320.5
317.0 347.0 318.0
315.5 354.0 311.25
315.5 350.0 317.0
232.05 321.25 317.0
250.25 303.58333333333337 316.5
268.45 285.91666666666663 316.5
286.65 379.5 316.5
304.85 386.5 306.57142857142856
292.0 373.5 302.8571428571429
310.0 355.0 299.1428571428571
224.0 342.0 295.42857142857144
220.0 330.0 304.0
215.25 326.0 308.5
212.5 326.5 317.5
211.16666666666669 332.0 312.5
209.83333333333331 336.0 302.0
222.625 332.0 301.5
186.0 335.0 301.5
202.0 341.0 297.0
203.0 338.5 312.5
199.0 345.5 312.5
201.0 357.5 328.5
202.0 359.0 362.0
203.0 356.5 360.25
202.0 348.5 361.25
281.5 338.0 358.5
211.0 333.5 358.75
206.5 331.0 367.25
202.25 328.0 375.75
214.58333333333331 325.5 378.5
226.91666666666669 325.5 377.0
239.25 328.5 379.0
258.0 335.5 383.0
257.5 344.5 384.0
267.0 356.0 385.75
226.5 369.5 384.75
185.5 380.0 382.5
197.5 388.0 341.25
195.5 393.5 301.75
185.0 398.5 304.0
180.16666666666669 398.5 303.25
164.83333333333331 402.5 303.0
151.5 400.5 303.0
202.0 387.0 302.5
183.25 375.0 311.0
192.25 363.5 320.5
201.25 352.0 321.75
204.5 341.0 321.75
205.5 334.0 321.5
147.1 338.5 321.0
129.5 345.0 320.5
111.9 347.0 320.75
240.5 356.0 321.25
228.0 358.0 321.5
377.125 353.0 322.0
242.0 362.5 320.75
253.0 380.5 320.25
246.5 381.0 319.0
264.5 384.5 319.0
274.5 389.0 318.5
239.5 389.0 317.75
229.0 387.5 316.5
223.5 386.5 312.5
220.5 386.0 278.82142857142856
219.5 387.0 288.1071428571429
217.5 388.0 297.3928571428571
216.0 388.5 306.67857142857144
212.5 387.0 319.5
215.0 348.0 316.5
224.5 301.0 317.5
234.5 277.0 315.5
263.5 285.5 317.0
268.5 338.5 313.5
291.5 345.5 310.0
288.0 344.0 304.5
295.5 345.5 303.75
309.5 343.0 290.5
309.0 339.5 281.0
308.0 352.5 282.5
328.0 358.0 284.75
323.0 365.5 284.0
322.5 370.0 289.75
322.5 372.0 288.5
331.5 376.0 288.5
314.5 378.0 290.75
310.0 378.0 283.5
316.0 379.0 180.79166666666669
315.5 381.0 191.95833333333331
327.5 380.0 203.125
329.5 377.0 241.5
321.0 346.5 299.5
326.5 338.5 312.5
333.5 335.5 310.0
331.5 336.5 308.5
330.0 339.0 309.0
328.0 342.0 310.0
323.5 344.0 310.5
321.0 345.0 310.0
368.5 346.0 280.0
330.5 346.0 285.25
308.5 351.5 285.75
305.0 350.5 284.0
343.0 350.0 283.25
313.0 352.5 282.75
317.0 354.0 282.0
290.5 352.0 283.25
283.5 354.0 302.75
282.0 353.5 308.0
282.5 350.5 315.5
286.5 347.0 320.25
306.0 360.5 323.25
315.5 366.5 325.0
316.0 369.0 325.5
314.5 373.5 326.0
316.5 376.0 322.0
314.5 376.0 319.75
306.0 376.0 300.44444444444446
283.5 377.0 258.22222222222223
260.5 378.0 216.0
359.5 377.5 173.77777777777777
324.5 377.0 131.55555555555554
227.0 375.5 201.75
197.5 364.0 239.5
185.5 345.0 239.0
211.0 342.5 155.0
282.0 341.5 137.75
281.5 342.5 140.25
291.0 334.25 142.5
282.5 323.25 143.5
177.83333333333331 312.25 145.0
223.16666666666669 301.25 146.5
268.5 290.25 147.0
284.5 279.25 146.0
283.5 268.25 145.5
269.5 257.25 146.0
305.0 246.25 146.75
341.0 274.0 146.75
328.0 285.0 146.5
292.5 280.0 141.8
287.5 277.0 135.53333333333333
255.625 273.25 129.26666666666668
232.125 256.0 123.0
208.625 235.5 116.73333333333333
228.5 241.25 110.46666666666667
297.5 244.5 104.19999999999999
324.75 267.25 108.5
314.5 255.0 138.0
290.0 270.25 137.0
300.0 272.75 143.5
300.0 268.5 143.0
294.5 267.75 141.5
315.0 269.25 140.0
308.75 268.0 139.5
309.75 266.25 138.5
329.5 268.75 140.5
333.5 271.0 140.0
333.0 270.25 138.5
326.5 270.25 135.5
367.5 270.25 142.65625
343.0 269.75 179.28125
324.0 270.5 215.90625
323.5 228.75 252.53125
392.75 228.75 297.5
303.5 235.5 302.5
312.0 240.25 302.5
297.5 237.0 305.0
297.75 240.5 302.75
296.75 242.5 303.0
296.5 243.5 301.0
295.0 258.0 298.0
296.5 268.0 299.0
304.5 269.5 302.5
318.5 269.5 307.75
324.5 259.0 307.25
321.0 283.0 311.0
272.5 287.0 313.75
257.0 287.0 317.0
261.5 287.0 317.75
266.0 286.5 318.75
250.1875 285.5 317.25
160.9375 285.0 312.75
86.0 285.5 308.25
186.0 285.0 309.0
295.25 284.5 308.0
265.0 284.5 305.0
211.5 255.5 300.5
181.5 252.5 308.75
160.83333333333331 251.5 311.75
140.16666666666666 250.5 314.5
254.0 250.0 314.5
262.5 247.5 314.0
266.5 246.0 313.5
269.5 243.0 316.5
289.0 269.0 316.5
306.5 273.5 318.0
267.0 274.0 319.25
283.5 275.0 323.75
257.5 288.0 325.0
254.5 292.5 324.5
272.0 294.5 325.25
305.5 293.5 325.5
318.0 294.0 321.25
388.0 293.5 315.0
422.0 292.5 314.5
370.5 290.0 324.0
375.5 263.5 323.5
365.5 247.5 322.0
349.5 248.0 323.5
317.5 267.5 324.5
271.5 277.0 322.0
337.0 237.54166666666669 322.0
279.0 221.70833333333331 323.5
271.0 205.875 324.0
259.5 199.625 323.0
268.0 222.0 322.0
251.0 230.0 321.0
239.5 265.0 321.25
238.5 277.0 320.75
232.5 310.5 320.5
243.5 320.5 321.0
275.5 321.0 320.5
324.0 322.0 319.5
300.0 326.5 319.0
303.0 329.0 319.0
300.5 330.0 318.0
318.5 329.5 318.5
342.5 328.5 319.5
349.0 330.0 321.0
351.0 333.5 322.0
348.0 330.0 323.0
339.0 307.5 323.75
320.5 301.0 324.25
316.0 302.5 324.0
304.0 302.5 324.5
288.5 305.0 324.5
290.0 304.0 319.5
294.5 278.03125 322.0
289.0 249.40625 323.5
276.0 220.78125 323.75
336.0 192.15625 325.25
297.0 295.0 327.0
316.0 308.0 328.0
309.5 311.0 326.0
313.5 307.0 326.5
299.5 319.5 327.0
295.0 325.0 325.5
289.0 328.0 324.0
286.5 329.5 322.5
303.0 331.5 321.5
271.0 332.0 321.25
269.5 333.0 318.75
268.5 332.0 371.75
269.5 322.5 357.3928571428571
263.5 326.5 305.25
264.5 327.0 253.10714285714283
283.0 325.5 256.0
283.5 323.0 313.5
310.5 320.0 339.0
303.5 320.0 317.5
314.0 318.5 324.0
315.5 322.0 324.5
289.5 322.5 334.0
285.5 319.0 331.75
284.5 315.5 323.75
283.5 316.0 337.0
281.5 315.0 349.5
287.5 323.0 353.0
286.0 331.5 354.75
285.5 331.0 353.75
292.5 326.5 355.25
292.0 318.5 356.5
284.0 307.0 357.5
287.0 297.0 356.25
286.5 293.5 338.75
283.5 290.5 325.75
284.5 289.0 194.76388888888889
285.5 291.0 205.81944444444446
285.0 295.5 216.875
284.0 301.0 227.93055555555554
282.0 306.0 238.98611111111111
280.5 313.0 250.04166666666666
276.0 318.5 261.0972222222222
276.0 332.5 272.1527777777778
277.5 335.0 283.20833333333337
281.5 335.0 287.25
283.0 334.0 307.0
282.0 334.5 324.75
281.5 336.0 322.0
280.0 327.5 318.0
268.0 334.0 316.5
251.5 342.5 319.5
247.5 347.5 318.0
252.5 366.0 310.75
254.0 364.5 310.25
281.0 356.0 315.15
272.0 351.0 321.35
280.0 349.5 324.0
288.0 347.0 325.0
277.5 347.5 332.5
273.5 345.5 337.75
274.5 341.5 337.75
280.5 336.0 336.75
263.0 293.0 335.0
281.5 291.5 332.5
275.0 296.5 328.5
277.5 300.5 323.5
263.0 302.0 322.5
269.0 303.0 322.0
260.5 302.0 321.25
308.0 298.5 319.75
300.0 294.0 321.5
311.0 286.5 293.8571428571429
308.0 277.5 253.0
305.0 272.0 212.14285714285717
273.0 271.5 224.5
240.25 235.0 305.5
228.58333333333331 204.125 332.75
216.91666666666669 204.29166666666669 339.5
244.5 204.45833333333331 340.5
252.0 262.0 337.0
272.0 297.5 343.5
312.5 295.0 340.0
292.5 291.5 331.5
270.5 293.5 329.75
269.0 297.0 327.5
273.0 302.0 327.5
286.0 306.5 326.0
299.0 309.0 325.5
295.0 308.5 326.0
297.5 306.0 328.0
296.0 298.0 329.5
284.5 288.5 331.25
271.0 276.0 332.75
269.5 267.0 335.0
275.0 260.5 337.0
283.0 276.0 340.25
290.5 302.0 341.75
289.5 310.0 342.25
288.0 323.0 338.25
345.5 332.0 336.5
298.0 338.0 341.25
319.0 339.5 335.5
304.5 337.0 327.5
312.0 328.5 323.75
303.5 321.0 322.75
294.5 314.5 320.5
295.0 311.0 324.5
305.5 312.0 344.0
317.0 318.0 398.25
332.0 330.5 416.5
299.0 318.0 415.25
315.5 317.5 413.5
308.0 316.5 443.25
306.5 313.5 510.25
295.0 309.0 513.5
291.0 302.5 516.0
291.5 294.0 517.5
293.0 285.5 543.5
291.0 279.5 588.0
297.5 296.0 588.5
298.0 314.5 587.5
299.0 320.5 586.5
298.5 328.0 586.0
298.5 335.0 534.25
295.0 341.5 478.75
287.5 343.5 477.75
285.5 345.5 520.75
284.0 345.0 569.25
285.0 342.0 563.25
284.0 335.5 564.25
289.0 330.5 563.0
281.5 328.0 562.5
292.5 327.5 562.0
298.5 328.0 561.5
298.0 303.5 558.75
300.0 308.0 557.0
304.0 311.5 554.75
308.0 312.5 552.75
299.5 312.0 551.75
299.5 311.5 541.5
291.0 310.0 507.75
263.5 307.5 470.75
269.5 306.0 450.75
269.5 304.5 453.0
267.0 304.0 448.75
266.0 304.5 438.5
268.0 307.0 368.25
273.5 346.0 372.5
276.0 347.0 375.0
283.0 345.5 378.75
284.0 345.0 386.75
287.0 343.75 373.5
312.0 342.0 375.5
310.5 340.0 376.0
310.25 336.0 386.0
309.25 332.25 372.5
291.5 328.0 367.0
294.0 324.0 362.5
291.0 323.0 361.5
303.5 326.0 369.5
310.0 331.0 361.5
308.0 337.0 383.5
305.75 318.0 352.0
294.75 320.5 351.5
300.0 320.75 354.5
301.25 319.75 352.0
272.5 315.75 345.5
267.25 309.0 372.0
273.0 300.0 387.0
267.5 288.5 393.0
339.0 264.75 390.5
328.75 242.0 398.0
321.75 228.0 380.5
308.5 214.0 383.5
301.0 274.25 401.5
300.0 293.25 375.66666666666663
299.25 302.5 345.8888888888889
296.0 305.75 316.1111111111111
350.75 311.0 286.33333333333337
336.0 317.0 276.75
330.5 316.0 309.25
305.0 313.5 330.0
341.0 317.0 330.25
324.5 324.0 332.25
356.5 316.5 318.5
320.5 311.5 309.0
357.0 310.5 310.0
325.5 313.0 313.0
327.5 327.5 315.5
320.0 346.0 335.0
328.5 369.5 337.25
333.0 388.5 343.75
311.0 397.5 345.5
321.5 398.5 347.5
334.0 394.0 349.75
372.0 379.0 350.75
372.0 362.0 351.5
348.0 283.84375 324.0
334.5 263.21875 308.0
296.0 242.59375 316.5
293.5 221.96875 316.5
291.5 221.25 328.0
306.0 280.25 322.0
309.0 298.0 327.75
298.5 302.5 320.5
284.5 304.5 319.25
286.0 291.0 322.5
298.0 273.0 322.0
319.5 262.5 320.5
345.0 265.0 330.5
337.5 219.0 192.64285714285714
346.0 206.5 189.21428571428572
367.0 216.5 185.78571428571428
320.0 231.71153846153845 182.35714285714286
313.0 245.3269230769231 207.0
292.0 258.94230769230774 204.5
289.0 272.55769230769226 204.5
291.0 286.1730769230769 203.0
290.0 299.78846153846155 148.0
301.0 315.5 148.0
293.5 325.0 147.5
287.0 323.0 145.5
318.0 325.0 145.5
299.0 363.0 145.25
345.5 346.5 182.5
353.5 344.0 276.25
309.5 345.0 298.75
287.5 339.5 309.75
305.0 335.5 305.75
300.0 328.5 311.0
289.0 321.5 310.0
324.5 322.5 309.75
304.0 326.5 308.25
278.0 327.5 306.0
277.0 329.5 304.0
274.0 375.5 303.0
296.5 377.5 301.75
286.0 376.0 315.25
282.0 377.0 321.5
275.5 373.0 318.25
245.5 360.5 314.5
253.0 347.6363636363636 312.0
248.0 347.8181818181818 312.5
239.0 348.0 318.0
253.5 348.1818181818182 319.0
286.0 348.3636363636364 320.0
281.0 342.325 325.5
283.5 317.625 329.0
285.5 292.925 275.0
381.0 268.225 213.64999999999998
363.61290322580646 243.525 229.85000000000002
358.06451612903226 251.0 279.0
352.51612903225805 278.5 334.5
346.9677419354839 277.5 335.0
341.41935483870964 282.5 335.5
335.8709677419355 272.5 336.5
330.3225806451613 257.5 337.75
324.7741935483871 248.5 338.5
319.2258064516129 251.0 342.25
313.6774193548387 262.5 347.75
308.1290322580645 275.5 348.0
302.5806451612903 292.0 354.0
297.0322580645161 301.5 363.0
291.48387096774195 301.0 372.25
285.93548387096774 303.5 382.75
280.38709677419354 307.5 379.0
281.5 302.5 379.0
259.5 307.5 388.25
252.5 317.5 382.75
286.5 329.0 382.25
390.225 341.0 390.75
359.125 346.0 386.0
328.025 344.5 382.5
296.92499999999995 335.5 386.0
265.825 319.0 371.75
253.0 281.5 305.0
233.0 262.5 229.5568181818182
264.0 267.5 236.9659090909091
229.0 280.0 244.375
233.0 297.5 251.7840909090909
225.5 316.5 259.19318181818187
212.0 328.0 266.60227272727275
214.5 330.5 274.0113636363636
176.5 327.5 281.4204545454545
172.5 336.0 288.8295454545455
172.0 322.5 296.2386363636364
258.875 313.5 303.64772727272725
258.875 307.0 300.75
256.0 307.0 302.0
260.0 312.0 302.5
259.0 325.5 306.5
257.5 337.0 310.25
265.0 352.5 335.25
262.0 363.0 340.5
263.0 367.0 333.25
260.5 330.0 322.0
258.5 321.0 326.0
255.5 304.5 334.5
252.0 289.0 337.5
237.0 278.0 318.25
303.5 277.0 321.0
212.5 282.5 326.0
208.5 290.5 342.25
210.0 294.5 349.5
210.0 306.0 340.75
216.0 308.5 344.0
219.0 312.0 341.5357142857143
248.0 327.5 331.67857142857144
349.5 319.5 321.82142857142856
332.0 316.0 311.9642857142857
326.0 314.0 316.5
371.0 313.5 315.5
374.5 313.0 320.5
307.0 315.0 325.0
342.5 313.5 325.75
310.5 313.0 327.5
349.0 310.0 331.0
399.25 302.5 323.5
335.5 297.0 332.75
301.0 294.5 333.0
295.5 291.0 333.5
282.0 291.5 340.5
284.5 291.0 346.5
292.5 308.5 349.75
297.5 328.0 347.75
297.5 327.0 352.5
299.5 325.5 353.375
301.0 324.5 354.5
299.5 323.0 296.17857142857144
300.5 307.0 268.8928571428571
334.5 292.0 241.60714285714286
316.0 294.0 214.32142857142856
319.5 296.0 309.25
305.0 299.0 340.5
304.0 298.5 334.5
296.5 298.0 339.75
305.5 296.5 351.0
285.0 292.5 350.0
306.0 288.0 334.0
301.0 283.5 317.75
302.875 282.0 319.25
328.0 283.0 327.5
312.5 287.0 329.0
265.5 292.0 331.25
318.5 296.5 331.75
330.0 310.5 336.5
313.0 342.5 301.25
301.0 336.0 243.25
315.5 329.5 225.5
319.0 324.0 223.0
334.5 323.0 220.75
300.0 326.5 194.25
334.0 332.5 145.5
285.5 264.0 146.75
296.0 165.85000000000002 147.0
299.0 127.64999999999999 149.0
320.5 198.5 137.25
222.5 287.5 101.25
225.5 287.5 21.78846153846154
223.0 280.0 28.942307692307693
221.0 274.0 36.09615384615385
220.0 275.0 43.25
211.5 276.0 50.40384615384615
188.0 281.5 57.55769230769231
202.0 284.5 64.71153846153847
199.5 289.0 71.86538461538461
195.0 291.0 79.01923076923077
206.5 306.0 86.17307692307693
275.5 319.0 93.32692307692308
307.5 308.0 100.48076923076923
323.0 313.0 107.63461538461539
291.0 319.0 143.25
285.0 326.0 177.25
308.5 329.5 207.0
376.5 332.0 257.5
318.0 332.5 260.75
276.0 332.5 263.25
270.0 331.0 265.5
293.5 329.0 267.75
305.5 325.0 270.0
316.0 321.0 267.25
311.0 319.0 265.25
305.5 319.0 265.75
329.0 295.0 263.5
336.0 293.0 240.84375
320.5 295.0 209.96875
317.0 296.0 179.09375
316.5 294.0 148.21875
304.0 292.0 202.0
300.5 288.5 257.75
302.0 285.5 261.0
299.5 283.5 260.5
387.5 285.5 260.5
364.5 295.5 262.0
376.5 308.0 293.0
318.5 317.5 336.0
324.5 326.5 322.0
328.0 334.0 324.0
333.5 351.5 318.75
333.5 368.0 310.75
341.5 371.0 323.0
343.5 355.5 335.5
362.0 338.0 341.5
470.5 321.625 346.125
461.25 297.0 343.0
315.25 270.5 348.5
284.5 270.0 348.5
276.0 281.25 353.5
273.5 286.25 350.0
285.75 289.0 349.0
281.75 293.25 347.5
291.25 290.5 344.5
306.5 285.0 340.0
245.0 295.5 336.5
248.75 281.6290322580645 338.0
251.0 278.14516129032256 313.54166666666663
252.0 274.66129032258067 259.70833333333337
237.5 271.1774193548387 205.875
239.0 267.69354838709677 206.0
255.0 264.2096774193548 325.5
269.5 260.7258064516129 324.0
248.0 257.241935483871 301.5
268.75 253.75806451612902 310.0
267.25 250.2741935483871 311.0
268.5 246.79032258064518 308.0
318.0 243.30645161290323 307.5
271.0 239.82258064516128 311.0
269.75 236.33870967741936 313.5
270.75 232.85483870967744 315.0
270.25 229.3709677419355 325.125
362.0 251.0 330.75
265.0 301.0 334.5
344.0 335.5 335.5
335.0 309.0 336.0
320.5 304.5 336.0
283.5 304.5 336.0
290.0 360.5 334.5
273.0 369.0 334.5
299.0 374.0 333.25
297.5 359.0 333.0
291.5 360.0 332.5
325.5 365.0 333.0
270.0 373.5 334.0
287.0 369.5 335.25
275.0 367.5 336.0
286.5 365.0 335.75
285.5 363.0 335.75
284.0 357.5 336.0
282.0 356.0 337.5
282.5 352.0 338.0
319.0 351.5 338.0
280.0 355.0 341.0
284.0 327.5 346.0
243.0 324.0 344.25
240.0 323.5 345.0
248.0 326.5 348.5
245.5 330.0 373.0
241.0 322.89473684210526 353.01250000000005
234.5 315.42105263157896 344.36249999999995
120.84722222222223 307.9473684210526 335.7125
106.23611111111111 300.47368421052636 327.0625
91.625 293.0 318.4125
77.01388888888889 285.52631578947364 309.76250000000005
62.40277777777778 278.0526315789474 301.11249999999995
47.791666666666664 270.57894736842104 292.4625
33.180555555555564 263.1052631578947 283.8125
18.56944444444445 278.0 275.1625
3.9583333333333357 283.0 284.0
60.0 287.5 334.25
173.5 261.0 352.0
185.5 293.0 354.75
186.375 297.5 359.5
186.0 295.0 361.5
208.0 304.0 372.5
146.0 321.0 386.5
181.5 320.5 390.5
182.5 318.5 390.5
244.5 317.5 389.5
228.5 316.5 389.0
243.5 317.0 388.0
188.0 319.0 342.75
248.0 321.0 282.41666666666663
315.5 324.0 222.08333333333331
269.5 324.5 282.5
284.0 324.5 330.25
290.5 318.0 328.5
265.5 292.5 330.0
266.5 288.0 325.0
309.5 286.5 328.5
335.0 288.0 331.5
292.0 290.5 334.5
289.5 294.0 338.0
280.5 330.0 343.0
290.5 333.5 349.75
286.0 335.0 353.0
283.0 334.5 355.5
281.0 334.0 356.5
286.5 332.5 356.0
324.5 330.0 353.0
345.0 327.5 336.75
314.0 325.0 331.0
332.5 324.5 348.25
323.5 323.0 349.5
269.0 324.0 350.75
200.25 329.0 352.0
205.25 328.5 350.5
210.25 331.0 349.75
227.5 336.5 348.25
252.0 312.5 354.0
276.0 311.0 351.5
269.20000000000005 316.5 348.25
270.79999999999995 322.0 349.25
240.5 326.0 351.25
201.0 326.5 354.5
193.75 317.5 357.5
194.5 315.5 360.25
191.5 302.5 362.75
186.0 290.5 351.25
185.5 283.5 327.625
188.0 280.0 310.45833333333337
187.5 278.5 293.29166666666663
285.5 278.0 329.25
265.0 280.5 354.75
284.0 283.5 368.0
290.0 288.5 370.5
247.5 316.5 372.5
254.125 316.0 372.0
262.5 309.5 367.0
230.0 301.5 366.0
283.0 296.0 363.25
304.5 293.0 356.75
293.5 293.0 351.5
348.5 279.0 348.25
303.5 289.5 345.5
319.0 300.5 343.5
293.5 308.5 344.0
291.5 312.0 346.75
272.5 311.5 347.5
270.5 339.0 351.5
265.5 326.5 353.25
266.0 320.5 353.0
298.0 317.5 353.0
306.0 308.5 353.0
300.5 300.5 352.5
298.0 299.5 351.5
301.0 283.0 351.0
303.5 271.5 351.0
302.5 274.5 350.5
298.5 281.0 350.5
307.0 288.5 351.25
316.5 292.5 345.46875
358.5 298.0 338.09375
329.0 323.0 330.71875
320.0 328.5 323.34375
311.5 329.0 330.0
311.0 328.0 339.75
299.5 326.0 335.75
294.0 324.0 332.5
299.5 322.0 334.25
294.0 308.5 336.75
277.5 294.5 339.75
281.5 292.0 342.0
282.5 288.5 345.75
285.5 284.5 348.25
292.5 283.5 349.25
287.5 282.0 349.5
310.0 297.5 349.5
220.47222222222223 314.0 348.0
204.36111111111111 316.5 347.25
188.25 319.5 345.0
172.1388888888889 323.0 350.5
156.02777777777777 326.5 350.5
228.0 330.5 351.5
234.0 333.0 351.75
244.0 334.5 351.5
251.0 334.0 351.5
250.25 333.0 351.25
239.25 331.5 350.25
228.25 330.0 349.5
217.25 288.0 348.75
206.25 248.5 349.0
226.5 247.0 349.0
233.5 244.5 353.5
269.5 241.5 355.25
187.5 182.1 351.5
186.0 164.5 355.25
180.5 146.9 355.5
179.5 184.0 348.5
226.5 208.0 348.0
206.0 211.5 343.0
216.5 215.5 352.0
214.0 214.0 351.5
194.5 214.5 346.5
202.5 216.0 348.5
270.5 217.0 350.0
213.5 219.5 350.0
200.0 184.0 350.0
150.05 179.0 349.75
99.44999999999999 178.0 349.0
113.0 177.5 348.5
267.5 178.0 348.75
281.0 181.5 350.25
288.0 177.5 349.75
291.5 187.0 349.75
243.0 191.0 350.0
307.6666666666667 191.0 350.5
306.55555555555554 186.5 350.0
305.44444444444446 177.0 350.5
304.3333333333333 165.0 350.25
242.5 155.5 349.75
269.5 153.0 349.25
266.5 162.5 349.25
264.5 180.0 349.25
284.5 185.0 348.5
265.5 168.5 346.25
308.5 154.0 346.5
302.0 137.05 328.5
301.0 122.44999999999999 295.5
275.0 111.5 295.5
303.5 52.5 295.5
303.5 120.5 295.5
302.5 188.5 295.5
301.5 256.0 295.5
299.5 307.0 295.5
298.0 337.0 295.5
298.0 353.5 295.5
305.0 346.5 295.5
316.5 348.5 300.0
319.5 356.0 313.0
338.0 357.5 324.75
338.5 357.5 315.5
326.0 355.5 319.0
323.0 355.5 319.5
335.0 356.5 319.5
356.0 363.0 314.5
353.0 371.0 328.0
328.5 373.0 324.0
312.5 376.0 327.5
308.0 379.0 342.25
309.5 413.0 360.0
310.0 385.0 324.5
306.5 380.5 356.0
300.5 373.5 360.0
300.5 398.0 359.5
299.0 370.0 358.5
296.5 345.5 359.0
325.0 333.5 344.0
329.5 332.5 331.25
331.5 334.0 333.5
363.5 346.0 334.75
347.0 363.0 336.75
338.5 381.5 341.75
283.5 364.0 343.5
314.5 357.5 346.0
318.0 357.375 347.25
316.5 355.75 349.0
316.5 352.75 351.0
258.75 349.5 350.5
340.0 368.25 350.0
364.5 365.75 349.5
355.5 367.0 347.5
345.75 366.75 348.5
420.5 369.0 350.5
491.5 369.25 352.5
493.5 370.25 350.0
415.75 370.75 346.5
411.75 370.25 344.5
344.0 367.0 342.5
349.0 302.75 343.5
335.75 281.0625 343.5
331.75 293.8125 341.5
312.0 340.75 339.0
320.5 361.0 338.0
318.5 355.5 337.0
315.25 350.25 331.5
225.5 344.13157894736844 322.5
224.5 340.6578947368421 313.0
311.5 337.1842105263158 307.0
299.0 333.7105263157895 300.5
306.0 330.2368421052631 297.0
303.75 326.7631578947369 268.25
305.0 323.2894736842105 245.04545454545456
309.0 319.81578947368416 227.77272727272725
322.0 316.3421052631579 210.5
301.0 312.86842105263156 193.22727272727275
299.5 315.5 175.95454545454544
296.5 325.0 212.25
297.5 309.5 300.0
324.5 326.0 312.0
323.0 331.0 323.0
318.5 315.5 360.75
280.0 318.0 469.5
259.0 316.0 499.0
285.0 310.5 501.75
294.5 305.5 499.0
297.5 321.0 544.5
300.5 310.5 552.5
306.7 312.0 547.0
289.5 311.0 544.0
272.3 307.5 544.25
268.5 306.0 544.75
270.5 303.5 547.0
269.5 282.0 552.5
269.5 283.75 554.0
378.0 286.75 556.5
361.0 286.0 557.0
357.5 351.0 558.5
356.5 411.0 559.5
357.5 418.0 560.0
354.5 421.0 562.75
352.0 420.5 564.5
347.5 419.2857142857143 566.5
343.5 419.0 567.5
341.5 418.7142857142857 568.0
345.0 418.0 569.0
341.45454545454544 412.5 570.0
326.72727272727275 339.5 570.0
312.0 341.5 569.0
297.27272727272725 356.5 568.5
282.54545454545456 368.5 568.0
273.0 400.0 568.5
271.5 379.5 569.0
274.0 370.5 569.5
292.5 374.0 570.25
306.0 382.0 571.0
311.0 390.5 571.75
276.5 391.5 572.5
277.0 384.5 571.75
352.0 377.0 571.0
292.0 364.0 569.75
224.39285714285714 346.0 570.5
255.96428571428572 328.5 568.5
287.53571428571433 320.0 534.75
319.1071428571429 318.5 528.75
297.0 325.5 529.0
295.5 342.5 529.75
283.5 359.0 511.875
280.5 369.0 489.375
272.0 373.0 466.875
276.5 373.5 471.0
273.0 376.5 515.0
237.5 382.0 514.5
246.0 390.0 513.75
250.0 400.5 483.25
238.5 410.0 375.0
258.5 400.0 364.5
245.5 409.5 364.75
253.5 414.0 364.5
256.0 407.5 364.75
234.5 415.0 208.0
304.5 417.5 184.5
328.0 417.5 183.75
343.0 411.5 183.25
322.5 406.0 182.0
325.0 402.5 181.0
324.5 394.0 181.0
324.0 386.0 180.75
325.5 379.5 179.75
325.5 372.0 179.5
326.5 367.0 178.75
336.0 361.5 178.25
341.0 358.0 177.75
343.5 360.0 176.75
348.5 363.5 175.75
350.5 361.5 174.25
350.0 359.0 172.5
301.95833333333337 344.5 162.0
279.79166666666663 334.0 162.0
257.625 330.0 162.0
294.5 332.0 161.75
350.5 331.0 161.25
349.0 301.0 160.5
360.5 266.5 160.25
365.0 255.83333333333331 159.25
325.0 245.16666666666669 165.75
317.0 359.5 171.5
328.5 368.0 171.5
320.5 370.0 171.5
312.5 364.0 172.0
321.6071428571429 361.0 172.5
304.0357142857143 367.0 172.5
286.46428571428567 388.0 172.75
268.8928571428571 405.0 172.0
267.5 416.5 167.0
282.5 423.5 164.5
245.5 421.0 162.0
262.5 413.0 163.5
253.5 399.0 163.0
265.5 387.0 162.5
261.5 382.0 163.0
263.5 382.5 163.25
261.5 387.5 163.75
256.5 391.5 164.5
258.0 397.0 166.0
253.0 402.0 166.5
249.0 406.5 167.0
241.33333333333331 411.0 168.0
252.44444444444446 406.5 168.0
263.55555555555554 397.0 167.0
274.6666666666667 394.5 167.5
272.5 393.5 167.25
265.0 392.0 167.5
279.0 392.0 167.5
261.5 393.0 167.75
282.5 392.5 168.0
280.0 388.5 167.5
261.5 386.0 165.75
216.5 386.5 165.25
189.0 381.5 163.5
222.0 375.5 173.5
228.0 384.5 175.5
226.5 393.5 176.75
249.5 402.5 176.25
276.5 410.0 177.5
293.0 416.0 178.0
324.5 423.5 178.25
327.5 420.0 178.5
327.5 412.0 179.0
326.5 398.5 180.25
324.0 385.0 179.75
317.0 372.0 179.5
315.0 362.5 172.9375
315.5 333.5 164.1875
319.0 330.0 155.4375
319.0 329.0 146.6875
317.0 329.5 166.75
318.5 332.0 186.0
344.5 340.0 187.5
352.5 350.0 190.75
349.0 375.0 189.25
342.5 395.0 189.0
344.0 408.5 189.25
341.0 418.0 189.5
337.5 426.5 189.75
340.0 432.5 190.0
343.0 438.5 190.5
337.0 438.0 190.0
332.5 433.0 190.0
330.5 420.5 189.75
330.5 406.0 188.0
327.5 391.5 187.0
346.0 378.5 185.75
346.0 366.5 184.5
292.5 337.0 183.0
289.0 322.5 183.25
291.0 318.0 183.5
299.0 319.5 172.25
294.0 321.5 172.0
296.5 324.5 173.0
303.5 204.05 172.0
327.0 248.25 170.25
313.16666666666663 292.45 169.25
299.3888888888889 374.0 167.75
285.6111111111111 394.5 166.5
271.83333333333337 410.0 166.25
261.5 421.5 166.0
255.0 432.0 166.0
211.5 441.5 166.75
199.39999999999998 452.5 167.5
238.60000000000002 461.0 168.5
253.0 461.0 168.25
262.375 457.5 167.75
286.0 453.0 167.5
282.5 449.5 167.25
327.5 433.5 166.5
291.5 423.5 165.25
286.5 413.5 165.5
287.5 401.5 166.25
289.0 385.0 216.5
289.5 358.5 277.0
290.0 345.5 337.75
288.0 332.5 345.0
285.0 322.0 342.0
285.0 321.0 337.0
281.75 346.5 340.25
280.0 379.5 346.5
366.5 409.0 347.25
349.0 436.0 348.25
324.5 452.5 349.0
295.5 458.5 349.0
291.5 456.5 348.5
292.0 440.0 347.0
348.0 415.5 344.25
325.0 390.0 340.5
269.5 375.0 339.0
242.0 369.0 339.0
251.0 373.0 339.25
244.5 391.5 341.0
247.5 426.0 343.75
250.0 469.5 310.75
259.0 516.25 283.625
256.0 560.5 292.45833333333337
278.0 569.0 301.29166666666663
282.0 539.0 340.75
292.85 493.5 338.5
308.65 453.0 342.75
314.0 409.0 338.25
391.5 372.0 334.75
315.5 341.5 338.5
327.5 307.5 343.25
321.5 286.0 346.5
315.5 284.0 350.25
309.5 297.5 353.25
360.0 336.5 355.0
332.0 373.0 343.0
318.0 397.0 332.5
316.0 414.5 331.25
313.0 422.25 330.5
316.25 406.25 328.5
316.75 380.6 326.5
321.5 329.0 324.5
328.75 277.4 322.5
330.75 259.75 320.5
316.5 263.75 326.0
304.5 285.25 329.5
285.75 325.0 331.5
304.5 366.5 333.5
302.5 395.5 336.0
299.5 419.5 336.0
327.0 409.25 336.5
314.5 394.5 336.5
316.0 378.25 335.0
326.0 373.5 326.0
328.5 388.25 322.5
332.0 398.0 320.5
330.75 398.0 319.5
330.5 390.0 319.0
330.5 376.5 319.0
326.0 349.25 319.0
293.75 341.0 319.0
281.0 360.08333333333337 320.5
294.5 392.41666666666663 321.0
254.5 424.75 321.75
268.0 453.5 323.5
270.0 461.5 325.25
273.5 398.85 326.5
274.0 320.65 327.5
295.5 320.5 327.0
289.0 405.25 326.25
297.0 433.0 324.25
291.0 457.5 322.25
292.5 489.5 321.25
288.0 504.0 321.25
270.5 490.5 321.5
263.5 447.0 322.25
276.0 406.5 323.25
283.5 389.5 323.5
270.5 393.5 323.25
274.0 401.5 322.75
269.5 398.5 322.0
292.75 394.5 320.5
313.5 379.0 321.0
309.5 372.0 320.5
286.5 340.0 320.5
290.0 332.5 319.5
257.5 321.0 319.75
275.0 327.5 318.75
307.5 336.0 317.5
316.0 352.5 320.75
304.5 353.5 319.75
324.0 349.0 311.5
351.0 347.0 243.21428571428572
334.0 343.0 161.5
326.5 338.0 79.7857142857143
322.0 332.5 80.0
310.0 326.0 171.5
321.5 326.0 191.0
312.0 334.0 189.5
329.5 339.5 189.25
339.0 348.0 189.25
337.5 358.0 167.25
322.0 362.92857142857144 164.0
327.0 367.5 164.5
333.0 372.07142857142856 165.0
338.5 375.0 164.75
336.5 368.0 164.75
337.0 413.5 164.75
333.5 320.46153846153845 156.25
332.0 362.3076923076923 157.0
331.5 404.1538461538462 156.5
324.0 446.0 156.25
282.0 487.8461538461538 155.5
296.0 529.6923076923077 154.75
298.5 571.5384615384615 153.0
296.5 598.0 153.0
294.0 581.5 151.5
286.5 589.0 150.0
275.0 588.5 149.5
261.0 582.5 149.0
261.0 518.0 148.25
268.0 446.0 147.75
270.0 374.0 151.0
265.5 350.0 153.5
281.0 352.0 156.0
287.0 340.0 158.5
299.5 331.5 160.0
308.0 342.0 160.5
307.5 357.0 159.5
303.5 352.0 160.0
293.0 342.5 159.75
287.5 355.0 159.75
277.5 365.5 160.0
275.0 372.0 161.0
265.5 375.5 160.5
261.5 376.5 165.5
263.5 370.6363636363636 168.75
275.0 360.8181818181818 170.75
288.5 351.0 171.0
293.0 341.1818181818182 171.0
290.5 331.3636363636364 170.25
295.5 328.0 168.0
301.5 315.25 165.0
305.5 292.91666666666663 164.0
300.5 270.58333333333337 163.25
288.5 264.5 163.25
278.0 275.625 164.0
271.5 276.0 165.75
274.0 291.5 166.5
273.5 286.5 166.5
270.5 277.0 166.875
281.0 273.0 162.375
286.0 275.0 157.875
283.5 281.5 153.375
280.0 281.5 148.875
276.5 287.0 144.375
273.5 288.5 139.875
270.5 290.0 135.375
267.5 293.0 112.0
229.33333333333331 292.0 107.0
150.66666666666666 283.5 134.5
71.99999999999999 284.0 130.0
124.5 282.5 113.29545454545455
280.625 284.5 102.47727272727273
285.0 286.5 91.6590909090909
337.0 291.0 80.8409090909091
320.5 297.5 70.02272727272727
359.0 298.5 59.20454545454545
313.0 296.5 140.25
306.5 297.5 164.5
304.5 298.0 172.5
331.0 296.5 165.0
370.5 295.0 148.5
331.5 292.5 148.5
321.0 270.0 148.5
315.0 269.0 148.0
319.0 272.5 149.5
317.5 275.5 150.25
316.5 275.0 150.75
312.5 295.5 151.0
309.0 300.0 152.0
303.0 299.5 148.0
303.5 298.5 125.5
363.0 298.5 124.5
380.0 298.5 124.5
339.0 297.5 124.5
338.0 300.0 126.25
355.0 305.0 128.0
373.5 313.0 129.5
370.5 322.5 130.0
373.0 303.75 131.0
368.0 273.0 132.0
372.5 252.5 131.5
359.5 241.0 131.5
355.5 226.5 129.1
355.5 236.5 127.5
335.5 256.5 125.9
328.5 300.5 124.30000000000001
323.5 322.5 122.69999999999999
318.0 360.5 120.0
366.5 383.5 132.0
360.5 365.5 148.0
345.5 372.5 157.25
336.0 381.41666666666663 156.0
332.5 380.6388888888889 157.25
311.5 379.8611111111111 129.25
341.25 379.08333333333337 124.25
318.25 372.5 124.75
295.25 328.875 125.75
272.25 278.70833333333337 127.0
294.0 228.54166666666669 126.0
313.5 256.0 125.0
292.5 249.5 122.0
276.0 234.0 121.25
304.0 249.0 118.75
297.5 277.0 117.75
204.0 285.0 117.0
37.0 286.5 115.5
-10.5 286.0 117.5
0.0 278.5 119.25
1.0 270.5 120.0
-3.5 261.0 120.5
-7.0 263.0 121.5
-4.0 264.25 122.75
-4.0 269.25 123.0
21.5 274.25 122.5
12.5 279.25 120.5
149.0 284.25 118.75
71.0 289.25 120.5
69.5 294.25 120.25
70.0 299.25 120.25
80.5 304.25 121.5
71.5 327.5 121.5
23.75 333.0 121.5
58.75 343.0 121.75
93.75 350.5 121.75
165.0 355.5 121.5
220.5 356.0 122.25
236.5 355.5 123.0
227.5 362.0 123.25
242.0 358.5 123.75
203.0 355.5 122.425
213.0 355.5 112.125
151.0 357.5 101.825
198.0 364.5 91.52499999999999
98.35714285714286 377.0 81.225
109.78571428571428 380.0 101.75
121.21428571428572 384.5 104.5
132.64285714285714 380.0 112.0
144.07142857142858 355.5 118.25
155.5 351.0 120.25
166.92857142857142 348.5 119.75
178.35714285714286 345.5 121.5
189.78571428571428 342.5 121.0
201.21428571428572 338.5 122.0
212.64285714285714 338.0 121.5
224.07142857142858 339.0 122.25
235.5 341.5 121.75
246.92857142857144 344.5 106.5
258.3571428571429 347.0 106.5
269.7857142857143 348.0 105.75
281.2142857142857 348.0 102.25
292.6428571428571 349.0 85.25
304.07142857142856 350.0 91.5
315.5 350.5 92.25
326.92857142857144 354.5 94.75
378.5 356.0 94.0
498.0 358.0 103.0
554.5 387.5 106.0
572.0 387.5 105.0
584.5 385.5 100.0
499.0 384.0 99.0
348.625 383.0 100.25
526.0 381.5 97.5
576.0 380.5 94.15384615384616
551.0 380.0 89.6923076923077
712.5 382.0 85.23076923076923
609.5 384.0 80.76923076923077
570.0 385.0 76.3076923076923
568.0 386.5 71.84615384615384
603.5 389.0 77.5
636.0 390.0 83.25
632.5 392.5 89.75
701.0 374.5 94.5
740.0 356.5 100.75
767.5 356.5 99.75
689.5 356.0 102.5
706.0 354.5 102.5
793.5 354.75 103.5
744.5 354.5 103.5
739.0 352.5 103.5
702.0 352.0 102.0
712.0 351.25 102.0
720.25 349.75 98.5
707.5 348.25 94.5
699.75 347.5 79.5
703.5 347.5 59.5
693.25 350.5 34.0
696.3571428571429 362.25 61.0
695.5 363.75 98.5
694.6428571428571 366.0 58.0
681.0 363.0 108.5
674.0 357.75 104.525
674.5 356.0 89.225
688.75 355.5 73.925
691.25 354.0 58.625
678.5 353.5 43.324999999999996
687.25 354.5 69.5
680.5 360.25 92.5
690.5 369.0 103.5
700.5 372.75 113.0
708.5 376.25 114.5
644.75 379.5 113.5
632.0 381.375 112.75
649.0 381.0 111.5
626.25 379.0 112.0
626.0 376.5 111.5
614.0 377.0 111.0
612.875 376.5 143.0
603.375 376.0 163.0
593.875 376.0 183.0
595.0 389.0 255.25
592.0 402.5 324.0
627.0 404.5 332.0
598.0 403.0 336.75
573.0 402.0 336.25
536.5 401.5 339.25
551.0 400.0 343.5
505.5 398.5 344.25
551.0 396.5 344.75
612.5 396.0 346.0
508.0 395.0 347.0
521.5 393.5 347.0
634.0 391.5 342.5
539.875 389.5 327.75
601.5 387.0 331.0
561.5 374.0 330.25
611.5 355.5 325.5
552.5 355.5 322.5
522.0 355.5 323.0
575.75 355.5 324.5
556.5 356.0 322.25
550.5 357.5 325.25
612.0 368.0 326.0
586.5 397.5 327.5
570.0714285714286 401.0 327.5
551.5 401.0 328.25
532.9285714285713 400.0 328.75
547.0 399.5 328.5
696.9642857142858 399.5 327.5
634.8214285714286 398.5 327.0
572.6785714285713 395.0 328.25
510.5357142857143 395.0 329.5
605.0 394.5 329.25
601.0 394.5 329.75
612.2792553191489 393.5 325.0
598.6515957446809 393.0 321.0394736842105
585.0239361702128 393.0 319.0921052631579
571.3962765957447 393.0 317.14473684210526
557.7686170212767 392.0 315.1973684210526
544.1409574468084 392.5 313.25
530.5132978723404 392.5 311.3026315789474
516.8856382978723 392.5 309.35526315789474
503.2579787234042 392.0 307.4078947368421
489.63031914893617 391.0 305.4605263157895
476.0026595744681 391.0 317.25
462.375 382.0 335.5
448.7473404255319 355.29999999999995 351.75
435.11968085106383 327.70000000000005 350.75
421.4920212765958 310.5 346.5
407.86436170212767 349.5 344.0
394.23670212765956 362.0 345.0
380.60904255319144 364.5 331.0
366.98138297872345 365.5 331.0
353.35372340425533 366.5 330.5
339.7260638297872 367.0 350.0
326.0984042553191 368.0 399.0
312.4707446808511 368.0 400.5
298.843085106383 366.0 402.0
285.2154255319149 364.5 403.0
271.5877659574468 360.5 428.0
257.9601063829787 356.5 427.25
244.33244680851064 353.5 426.25
230.70478723404256 351.0 425.25
217.07712765957447 348.5 425.0
203.4494680851064 348.5 425.5
189.8218085106383 348.5 360.75
176.1941489361702 349.5 347.75
162.56648936170214 351.5 346.5
148.93882978723403 354.0 345.5
135.31117021276597 356.0 346.0
121.68351063829786 357.5 346.0
108.0558510638298 359.5 345.0
94.42819148936172 360.0 344.5
80.80053191489361 361.5 345.25
67.17287234042556 362.5 344.75
53.545212765957444 362.5 353.0
39.91755319148933 363.5 355.5
26.289893617021278 363.0 358.0
12.662234042553223 364.0 358.5
-0.9654255319148888 379.5 359.75
-14.593085106383 389.5 361.0
-20.625 389.5 362.0
-20.0 389.5 361.75
-28.0 388.5 362.25
-23.0 388.5 359.75
-10.5 386.5 358.5
11.5 385.5 357.0
41.0 374.0 356.5
24.0 361.0 355.5
7.0 360.0 355.5
10.0 359.5 356.0
12.5 358.0 356.5
12.5 357.5 360.5
1.5 358.0 362.5
-0.5 358.5 363.0
-11.931818181818183 373.0 364.0
-29.840909090909093 387.0 365.5
-47.75 388.0 369.5
-65.6590909090909 388.0 366.5
-83.56818181818181 389.0 365.5
-82.5 388.5 367.0
-21.0 389.0 367.5
-13.0 388.0 367.0
-14.5 387.0 366.5
-8.5 385.0 362.5
0.5 357.0 357.0
-2.0 356.5 355.5
-28.75 356.5 354.5
-65.75 356.5 354.5
-102.75 357.0 354.0
-139.75 357.0 351.5
-148.0 356.5 335.71875
-99.5 356.5 317.34375
-90.0 355.5 298.96875
-92.0 355.0 280.59375
-123.0 354.0 319.25
-125.5 353.0 336.5
-114.5 352.5 339.0
-107.0 352.0 342.25
-102.5 352.0 345.75
-102.0 351.0 347.0
-106.1590909090909 352.0 348.75
-126.79545454545453 352.0 350.25
-147.4318181818182 353.0 352.0
-168.0681818181818 352.0 351.5
-188.70454545454547 352.0 354.0
-209.3409090909091 353.0 355.0
-155.5 356.5 355.5
-135.0 358.0 354.0
-134.0 377.5 352.75
-133.0 380.5 353.5
-132.0 381.0 353.5
-125.5 380.5 352.0
-124.5 380.5 352.0
-110.28125 367.0 352.0
-47.40625 362.0 352.0
15.46875 359.5 352.5
78.34375 363.5 352.75
137.5 369.0 352.5
179.0 339.5 352.25
182.5 288.0 352.25
168.0 281.5 352.5
181.5 398.0 352.75
181.0 415.0 353.25
165.0 412.0 348.0
125.5 408.5 346.0
84.0 404.5 346.0
90.0 401.5 348.0
97.0 400.5 348.75
26.5625 400.0 350.75
1.3125 397.0 353.5
-23.9375 394.5 354.0
-49.1875 390.5 355.0
10.5 389.0 357.0
40.0 387.5 356.5
62.0 384.5 356.5
69.5 383.0 355.75
35.5 381.0 355.5
24.166666666666664 380.5 325.25
12.833333333333332 368.0 326.75
253.0 312.5 324.75
330.625 254.5 324.5
305.0 196.5 324.0
313.0 303.5 321.75
319.0 358.0 319.0
315.5 371.0 330.0
305.5 372.5 338.25
315.5 375.0 343.0
330.0 391.0 342.5
349.0 398.5 344.0
328.5 398.0 345.0
323.0 398.0 344.75
292.5 398.0 344.25
293.0 396.5 343.0
308.0 396.5 342.5
355.5 389.0 343.0
392.0 393.5 344.5
334.5 391.0 344.75
254.0 389.0 345.0
235.0 387.5 344.75
305.5 388.0 336.5
312.5 375.5 333.5
375.0 362.5 329.25
317.0 362.0 325.5
330.0 360.5 321.0
353.5 360.0 322.0
342.5 359.5 321.75
321.0 377.5 322.75
326.5 387.5 321.5
305.0 388.0 324.5
343.0 389.0 335.25
359.0 389.0 333.75
383.0 389.0 332.5
323.5 390.0 332.0
306.7317073170732 392.0 333.0
293.7073170731707 393.5 334.0
280.6829268292683 392.5 335.5
267.6585365853658 392.5 335.5
254.6341463414634 392.5 337.5
241.609756097561 393.0 291.0
228.58536585365854 391.0 225.66666666666669
215.5609756097561 389.5 160.33333333333334
202.53658536585368 389.0 267.5
189.5121951219512 388.0 339.5
176.4878048780488 388.0 346.0
163.46341463414635 364.5 353.5
150.4390243902439 366.5 349.0
137.41463414634148 366.5 348.75
124.39024390243904 367.0 350.25
111.3658536585366 367.0 351.0
98.34146341463416 365.5 350.0
85.31707317073172 370.0 350.75
72.29268292682929 392.0 352.25
59.26829268292683 395.5 353.75
73.0 397.5 352.75
64.85714285714286 400.0 352.75
40.285714285714285 403.5 352.0
15.714285714285712 405.0 350.5
-8.857142857142861 406.125 349.5
60.0 406.5 349.5
143.875 407.75 349.5
141.5 406.75 349.5
176.0 403.0 348.5
166.5 376.75 351.5
162.0 375.0 354.5
163.5 375.25 354.5
191.0 376.5 355.5
223.0 377.75 377.5
255.0 377.5 374.5
231.0 382.0 373.0
313.5 373.75 381.5
291.0 369.75 401.0
291.25 366.0 418.0
308.5 378.75 420.0
328.75 389.75 420.5
389.75 391.25 422.0
381.5 391.75 429.0
381.75 392.75 435.5
373.25 394.75 435.5
394.0 397.0 433.5
358.5 398.75 436.0
334.25 399.0 436.0
342.75 398.25 435.5
322.5 395.5 435.5
301.75 394.0 435.875
283.75 391.0 378.5
263.0 376.5 357.75
262.5 357.5 357.0
230.125 354.0 356.25
296.5 352.0 355.5
195.5 349.5 355.5
290.5 347.0 355.5
289.0 344.5 328.625
295.0 342.5 267.125
295.5 341.0 205.625
280.0 339.5 242.25
267.5 341.5 320.0
329.0 351.0 327.0
302.5 361.0 328.0
333.0 367.0 329.5
238.0 370.0 331.5
275.0 371.0 336.25
304.5 370.0 344.0
303.5 373.0 347.75
309.0 371.0 355.0
298.0 379.0 361.5
290.0 391.5 345.5
291.0 396.0 345.5
307.0 393.5 344.5
339.5 388.0 342.5
348.0 355.0 342.0
384.5 334.5 342.0
386.5 391.5 342.0
375.0 437.5 342.0
349.0 453.0 342.0
383.0 455.5 342.0
365.8 446.5 345.0
323.0 436.0 344.0
280.2 416.5 335.0
303.5 405.0 331.5
308.0 400.5 328.5
317.5 397.5 326.5
310.5 393.0 325.5
316.0 389.5 335.0
312.5 381.0 359.0
340.0 368.5 363.75
306.4342105263158 349.5 363.5
303.0131578947368 334.0 364.5
299.5921052631579 322.0 364.25
296.17105263157896 324.47058823529414 364.5
292.75 327.7647058823529 364.5
289.32894736842104 331.05882352941177 363.5
285.9078947368421 334.3529411764706 363.0
282.4868421052632 337.6470588235294 361.75
279.0657894736842 340.94117647058823 361.0
275.64473684210526 344.2352941176471 360.5
272.2236842105263 347.52941176470586 360.0
268.80263157894734 336.0 359.0
265.38157894736844 318.0 354.75
261.9605263157895 333.5 227.75
258.5394736842105 326.5 126.39285714285714
255.11842105263156 306.5 130.25
251.69736842105263 299.5 134.10714285714286
248.2763157894737 281.5 143.0
244.85526315789474 271.0 173.0
307.0 271.0 172.5
332.0 275.0 171.25
350.0 282.0 171.5
368.0 296.0 162.0
392.5 305.0 157.5
372.5 316.0 158.0
370.5 323.0 156.0
346.0 324.0 155.75
316.5 323.0 154.75
368.5 322.5 154.0
298.0 319.5 152.75
324.0 318.5 151.25
289.0 316.5 150.75
314.5 317.0 152.5
316.0 314.0 152.25
316.5 313.0 152.0
304.5 313.0 152.0
313.5 315.5 145.0
315.0 321.0 69.02439024390245
322.5 327.0 67.1219512195122
325.0 329.0 65.21951219512195
328.0 326.0 63.31707317073171
354.5 311.0 61.41463414634146
333.0 295.0 59.51219512195122
329.0 293.5 57.609756097560975
344.5 302.5 55.707317073170735
342.0 309.0 53.80487804878049
329.0 290.0 51.90243902439025
316.5 264.0 50.0
307.5 238.0 48.09756097560976
311.0 217.0 46.19512195121951
322.0 189.5 44.29268292682927
330.5 244.5 42.390243902439025
330.5 277.25 40.487804878048784
327.0 301.0 38.58536585365854
320.5 305.0 36.6829268292683
312.0 316.0 34.78048780487805
304.5 368.5 32.87804878048781
301.0 308.5 30.975609756097562
306.5 281.0 53.75
308.0 286.5 90.75
300.5 320.0 132.75
288.0 327.5 146.5
285.5 322.5 147.5
288.0 335.5 150.0
292.0 354.5 151.5
296.5 371.0 152.5
303.5 388.5 153.5
276.0 366.5 154.25
302.0 346.0 153.75
317.0 329.5 153.75
374.5 334.0 154.0
408.0 347.5 154.5
322.0 363.0 152.25
323.0 387.5 149.25
384.5 386.5 146.25
388.5 382.0 143.25
369.5 379.0 116.5
369.203125 381.0 136.5
338.140625 404.0 137.5
307.078125 407.5 69.5
276.015625 399.0 41.5
244.953125 398.0 30.0
213.890625 401.0 24.5
182.828125 399.5 21.5
151.765625 416.0 15.5
189.0 447.0 10.25
234.5 460.5 5.5
259.5 465.0 3.0
265.5 469.5 -16.75
269.5 462.5 -40.5
280.0 458.5 -41.75
258.5 461.5 -43.0
141.5 469.0 -44.0
177.5 470.5 -44.5
175.0 457.0 -46.25
164.5 450.0 -2.5
192.0 445.5 17.0
169.5 440.5 14.5
165.0 437.5 13.0
131.41666666666666 440.5 12.5
117.08333333333334 444.0 12.5
102.75 442.5 12.5
96.0 425.5 5.0
157.0 380.5 7.5
184.5 290.5 6.5
208.5 339.0 3.25
173.0 400.0 1.25
263.5 377.0 2.0
218.0 382.0 2.25
161.0 383.0 7.75
178.67857142857144 387.5 14.5
200.25 402.0 16.0
221.82142857142858 410.0 19.0
304.0 419.5 23.5
431.0 417.5 28.0
469.0 415.0 27.5
543.0 413.5 28.0
525.0 407.0 27.5
620.0 400.5 28.5
484.0 401.0 27.5
465.5 403.5 28.25
531.5 409.0 27.25
416.0 414.0 27.0
384.5 421.5 26.0
387.0 424.0 27.5
375.5 428.5 26.5
343.0 432.5 32.5
275.0 424.0 41.29545454545455
207.0 425.0 45.02272727272727
277.5 415.5 48.75
326.0 425.0 52.47727272727273
324.5 422.0 56.20454545454545
295.5 420.0 59.75
257.0 417.5 35.5
292.0 408.5 41.25
312.5 417.5 33.25
275.5 447.5 18.0
283.0 418.7 0.25
298.5 351.5 -4.25
442.5 284.3 -4.5
291.5 350.5 -7.75
330.5 352.5 13.5
287.0 376.0 9.0
249.0 392.0 9.75
231.375 398.5 18.0
241.875 396.0 19.25
294.0 397.0 21.0
351.0 393.0 22.25
338.5 392.5 23.5
390.5 389.0 24.25
398.5 393.0 24.0
408.5 395.5 18.5
414.5 397.0 12.5
410.5 408.5 8.5
347.0 468.0 3.0
398.0 476.0 -0.75
349.0 483.5 -1.25
352.0 491.5 1.25
356.5 494.0 2.5
375.0 490.5 13.0
439.5 490.5 14.25
517.5 501.5 15.25
519.5 512.0 17.5
517.5 520.5 20.0
492.0 522.5 20.5
535.5 521.5 20.0
556.0 552.5 20.0
486.5 532.0 20.0
482.0 558.5 20.75
438.5 559.0 21.25
466.5 564.0 21.75
442.0 572.0 22.5
417.5 571.0 22.75
415.0 570.0 23.25
423.5 568.0 22.5
401.0 568.5 21.25
369.0 567.5 21.75
402.5 425.5 22.5
378.0 395.0 23.5
374.5 402.0 24.5
358.5 413.5 22.5
348.40625 384.0 23.714285714285715
346.28125 355.125 26.0
344.15625 363.95833333333337 28.285714285714285
342.03125 372.79166666666663 30.57142857142857
328.5 434.0 32.85714285714286
311.25 452.7055555555555 35.14285714285714
308.0 451.52777777777777 37.42857142857143
304.0 450.35 39.5
306.75 449.1722222222222 8.0
362.25 447.9944444444444 23.0
351.0 446.81666666666666 11.5
311.0 445.6388888888889 -3.0
363.5 444.4611111111111 -8.5
307.75 443.2833333333333 7.5
303.75 442.10555555555555 8.0
281.5 440.9277777777778 11.0
277.5 439.75 30.5
260.5 438.5722222222222 30.0
260.0 437.39444444444445 32.5
238.5 436.2166666666667 33.0
237.0 435.0388888888889 33.5
238.75 433.8611111111111 32.5
241.5 432.68333333333334 34.0
251.25 431.5055555555556 32.5
254.5 430.3277777777778 28.5
266.5 429.15 23.0
269.75 427.97222222222223 22.0
271.8928571428571 426.7944444444445 24.5
287.75 415.25 28.0
303.6071428571429 386.0 27.75
303.0 396.0 29.0
326.5 368.0 31.0
389.0 359.5 33.0
471.0 371.5 33.5
390.75 386.0 34.0
295.75 402.0 35.0
315.0 403.0 35.5
246.5 406.0 36.5
333.0 409.5 35.25
312.0 403.5 34.75
260.0 399.5 34.5
271.5 398.5 34.5
269.5 404.5 34.25
273.0 400.0 34.0
302.0 395.5 35.25
321.5 387.0 35.0
382.0 376.0 35.5
379.5 377.0 36.5
356.0 378.0 36.25
346.0 376.5 37.25
338.5 377.5 38.0
330.0 389.0 37.5
326.5 394.0 22.5
417.5 392.5 29.75
243.0 390.0 37.75
238.0 391.0 37.5
239.5 390.5 38.0
232.0 391.0 38.25
208.25 388.5 37.5
184.5 384.0 36.25
189.5 379.5 35.0
284.0 378.0 34.5
276.0 376.0 32.5
267.0 373.5 30.5
281.5 375.0 29.0
245.75 362.5 27.75
232.5 367.5 26.25
234.0 361.5 25.5
270.5 359.5 24.5
287.13235294117646 356.5 24.5
273.30882352941177 354.0 24.5
259.4852941176471 347.5 24.0
245.66176470588235 340.5 24.5
231.83823529411762 329.5 25.0
218.01470588235293 313.5 26.0
204.19117647058823 295.0 26.5
190.36764705882354 286.0 27.5
224.5 281.5 28.0
267.0 229.66666666666669 27.5
257.0 168.55555555555554 26.0
235.0 107.44444444444444 21.5
213.0 46.333333333333314 16.0
201.0 16.0 10.5
249.5 47.892857142857146 13.5
256.5 69.75 23.5
245.5 91.60714285714286 24.0
223.0 114.0 19.5
255.5 127.0 20.5
237.0 144.0 20.02777777777778
255.5 169.5 26.138888888888886
244.0 166.14999999999998 32.25
234.5 162.35000000000002 38.36111111111111
249.5 158.5 44.47222222222222
259.5 157.5 55.5
258.0 217.0 40.0
268.5 315.5 49.75
260.0 344.0 51.0
262.0 340.5 40.0
265.0 340.5 38.5
277.5 341.5 41.0
258.5 335.5 35.0
264.5 305.0 36.75
268.0 289.5 41.0
291.0 284.0 41.0
272.5 273.5 40.0
272.5 277.5 39.0
271.5 298.5 39.5
268.0 305.0 39.0
196.0 303.5 38.5
115.5 302.5 38.75
108.75 299.5 38.0
129.75 297.5 37.25
-4.791666666666666 288.5 39.25
-3.9583333333333335 286.5 39.75
-3.125 291.5 39.25
49.0 293.5 40.5
191.0 294.0 41.5
173.5 297.5 42.5
217.5 304.5 42.75
253.5 314.0 44.0
251.5 318.5 45.25
251.5 322.5 46.0
251.0 323.5 47.0
252.0 324.5 47.5
254.0 323.5 48.25
253.0 310.0 48.0
255.0 278.0 48.0
242.0 275.5 47.75
246.0 276.0 48.0
247.0 281.0 45.75
248.0 287.5 45.0
248.0 296.0 43.5
249.5 308.0 41.5
249.5 231.5 40.0
249.0 216.0 40.0
250.0 227.5 40.5
253.0 231.0 42.0
256.0 235.20833333333331 45.0
256.5 232.04166666666669 47.0
255.0 228.875 48.25
253.5 214.0 50.25
253.0 178.5 51.0
253.0 228.5 51.75
266.0 194.0 52.25
262.0 134.0 53.0
259.5 118.0 53.0
257.0 186.5 65.25
252.0 168.25 89.92857142857143
253.5 166.5 99.64285714285714
261.0 168.0 109.35714285714286
290.0 149.03571428571428 119.07142857142857
287.0 105.17857142857143 310.0
290.5 61.32142857142858 341.25
285.5 17.464285714285722 363.0
280.0 66.5 353.5
279.0 138.5 352.5
273.5 143.0 347.0
270.0 153.0 342.25
268.5 155.5 351.0
272.5 153.5 353.0
265.0 149.0 352.0
302.0 148.5 351.0
268.5 152.0 349.5
268.0 161.0 348.25
242.5 178.0 346.0
147.0 192.5 345.0
125.0 216.28571428571428 345.5
109.0 256.0 344.0
91.5 295.71428571428567 341.0
96.0 314.0 343.0
88.5 361.5 340.0
161.0 366.5 342.75
230.5 353.5 336.0
218.0 334.5 329.75
241.0 315.5 318.25
240.5 306.0 319.0
240.0 297.0 318.25
259.5 304.0 311.0
276.0 332.0 323.5
277.0 367.5 337.75
273.5 386.5 345.5
276.5 401.0 347.5
275.0 408.0 349.5
273.0 399.5 352.0
272.0 385.5 353.25
272.0 378.5 354.25
276.0 378.5 350.75
263.0 387.5 347.75
272.0 397.5 346.75
284.0 412.5 327.5
295.5 416.5 330.0
305.5 420.0 329.0
311.0 428.5 328.5
311.5 428.5 324.0
308.5 431.5 300.80357142857144
299.5 451.0 264.0178571428571
256.0 462.5 227.23214285714286
244.0 470.5 190.44642857142856
228.6375 482.5 153.66071428571428
225.1875 498.0 116.87500000000001
221.7375 481.5 80.08928571428571
218.28750000000002 441.5113636363636 51.0
214.83749999999998 414.1931818181818 55.0
211.3875 386.875 58.25
207.9375 359.5568181818182 29.25
204.4875 332.2386363636364 26.0
201.03750000000002 304.92045454545456 21.5
197.58749999999998 277.60227272727275 19.0
224.5 250.28409090909093 17.0
254.5 222.96590909090912 14.25
255.5 195.64772727272728 10.25
252.5 168.32954545454547 5.75
289.0 307.5 7.25
327.5 171.5 7.75
300.0 203.0 8.25
330.0 224.5 9.0
326.5 254.5 11.0
319.5 288.5 12.25
292.5 299.5 13.5
316.0 314.5 16.5
246.6 322.0 19.75
189.0 309.5 22.0
131.4 311.5 22.5
299.0 304.5 22.25
309.5 303.5 21.5
307.5 307.0 19.75
318.5 314.5 18.25
336.0 278.0 17.25
344.0 266.0 16.5
344.5 264.0 15.5
338.0 255.5 14.5
336.0 247.5 14.0
333.0 238.0 14.0
328.0 302.25 13.5
324.5 393.25 13.0
322.0 463.0 13.0
323.5 464.0 13.5
332.0 455.0 16.35
333.5 487.5 20.15
331.5 507.5 23.95
335.0 489.5 27.75
316.5 478.5 31.549999999999997
307.5 470.0 60.0
309.5 463.5 35.0
316.0 380.5 34.5
306.0 376.0 36.0
291.5 378.0 40.5
289.0 383.0 35.25
289.0 387.0 33.25
289.0 354.5 36.5
288.5 344.0 37.0
288.0 337.0 36.75
289.5 332.5 38.25
275.0 326.0 40.5
309.0 315.375 40.75
252.5 219.25 41.5
293.5 185.25 42.5
311.25 184.75 42.5
289.0 190.25 42.5
246.0 195.0 43.5
265.0 198.5 43.0
286.75 200.75 42.5
287.25 201.25 42.5
287.75 191.0 42.5
289.25 181.5 41.5
290.75 181.0 42.5
285.34375 180.5 42.5
278.71875 181.0 42.0
272.09375 184.5 41.5
265.46875 178.75 40.5
260.5 175.27777777777777 40.5
256.75 182.38888888888889 40.5
261.5 189.5 39.5
267.5 196.61111111111111 39.5
272.0 203.72222222222223 39.5
272.0 108.0 39.5
272.0 44.8 39.0
267.5 73.19999999999999 38.5
264.0 148.75 38.5
262.75 230.25 38.0
264.0 262.0 37.5
289.0 264.0 36.5
283.0 265.0 35.5
260.0 271.5 34.5
258.5 269.0 36.0
258.0 267.5 36.0
257.5 267.0 36.0
254.5 269.0 37.25
259.0 262.5 37.75
221.0 193.0 37.5
237.0 184.5 38.5
249.5 184.0 39.0
249.5 186.0 39.25
247.5 192.0 40.75
271.5 205.0 41.0
222.0 207.5 42.0
247.0 209.0 42.0
246.0 208.5 43.0
247.5 208.0 43.5
248.0 206.5 44.0
249.0 206.0 44.0
250.0 203.0 43.5
243.0 157.5 42.5
209.5 154.5 42.5
173.5 165.0 42.0
137.5 171.0 42.25
204.5 174.0 42.75
255.0 171.0 42.25
255.5 163.0 42.5
258.5 150.5 42.5
253.5 140.0 10.75
272.0 114.5 3.0
278.0 33.0 -3.25
269.0 33.5 -2.5
187.5 42.5 -3.0
143.5 44.5 -4.5
137.0 46.0 -4.25
135.0 46.0 -2.75
134.0 35.5 -3.75
97.0 2.0 -3.25
73.5 -27.5 -4.0
72.0 -24.0 -4.0
69.5 -19.5 -3.75
72.5 -17.5 -2.5
67.0 30.5 -4.5
54.5 141.0 -4.0
60.0 152.5 -4.0
59.5 157.0 -3.5
59.0 160.0 -3.0
35.5 162.5 -2.0
25.0 159.5 -0.75
17.0 134.14285714285714 -0.75
12.0 109.0 -0.25
2.5 83.85714285714286 -0.25
51.875 109.0 0.0
125.70833333333333 65.0 -1.0
199.54166666666666 90.0 -0.75
248.5 -97.0 -0.25
242.0 -145.0 -1.0
286.5 -151.5 -1.0
283.0 -155.5 -0.5
288.0 -158.0 -0.25
278.0 -162.5 -0.75
281.0 -167.5 -1.0
255.0 -172.5 -1.0
269.5 -162.5 -1.0
259.0 -185.5 -1.0
259.5 -191.0 0.25
259.0 -187.0 1.25
259.5 -175.5 2.75
257.5 -180.5 3.25
241.5 -170.0 3.5
56.0 -164.5 3.5
-3.0 -129.0 3.0
-14.5 -162.0 3.5
-1.5 -188.5 4.0
5.5 -203.5 5.0
-7.0 -208.5 4.5
-14.0 -159.5 4.0
-13.0 -163.0 4.0
-9.0 -153.5 0.75
-11.5 -176.5 3.25
-7.5 -176.0 -10.0
-7.0 -172.0 -11.5
19.0 -167.0 -12.0
21.5 -148.5 -11.75
34.0 -148.5 -14.25
28.0 -143.5 -14.0
27.5 -141.5 -14.0
22.5 -124.5 -7.0
20.0 -85.5 -5.863636363636363
17.0 -49.5 2.3181818181818183
17.0 -22.5 10.5
23.5 -11.5 18.68181818181818
22.0 60.125 26.863636363636363
25.5 156.29166666666669 41.0
27.5 252.45833333333334 24.5
22.5 365.0 51.25
24.5 359.0 6.0
96.5 358.0 5.75
210.5 378.0 23.0
265.0 411.0 11.0
250.0 414.5 7.0
254.0 411.0 5.5
250.0 411.5 6.5
249.5 411.0 6.0
250.5 410.0 6.5
252.5 408.5 7.0
259.5 402.5 6.5
258.5 397.0 4.75
258.5 392.5 4.0
260.5 386.0 2.75
263.5 379.0 1.5
250.5 373.5 -0.25
213.0 372.5 -1.75
216.5 374.0 -2.0
232.0 379.5 -0.75
234.0 381.5 0.25
232.0 382.5 1.5
232.0 392.0 0.5
231.0 397.0 -3.0
221.5 399.0 -6.5
261.0 398.0 -9.5
261.5 396.5 -12.5
264.0 397.5 -13.5
264.5 404.0 -7.5
264.0 404.0 -1.0
294.5 404.0 -2.5
287.0 404.5 -5.0
281.0 407.0 -5.0
273.5 409.5 -5.5
264.0 413.0 -9.0
264.5 415.5 -12.25
271.5 415.5 -3.5
284.5 412.0 3.931818181818181
287.0 410.5 13.84090909090909
297.0 413.0 23.75
281.0 413.5 33.65909090909091
265.0 414.5 43.56818181818181
257.5 415.0 28.0
239.5 414.5 8.0
228.0 414.0 5.5
231.0 413.0 10.5
261.5 404.5 18.75
268.5 367.0 20.0
277.0 366.0 18.5
282.0 367.0 17.25
279.0 370.0 18.5
272.0 383.0 18.5
267.0 419.0 15.0
259.5 425.0 14.5
247.5 428.5 14.5
249.0 428.5 13.0
241.5 424.0 12.0
216.0 410.0 10.5
220.5 398.5 7.5
240.5 394.0 8.5
271.5 389.0 7.5
244.5 383.5 7.0
246.0 378.0 6.25
264.5 376.0 7.5
276.5 374.5 7.75
294.0 372.0 9.5
293.0 384.0 11.0
290.0 387.5 12.0
286.5 389.5 12.0
280.0 388.5 12.5
268.0 387.0 12.0
254.5 383.0 12.0
247.5 376.0 12.0
250.0 376.0 12.5
258.0 379.5 13.0
270.0 389.5 13.0
282.0 386.5 13.0
308.5 386.5 13.0
337.5 384.0 13.0
339.0 382.5 35.5
336.5 420.5 97.75
338.5 404.5 96.75
289.5 403.0 95.75
251.5 400.5 186.5
242.0 405.5 295.25
218.5 395.5 306.25
211.5 405.0 312.5
214.0 421.0 311.75
218.0 416.5 314.0
174.01086956521738 422.5 318.5
182.05434782608694 428.5 324.25
190.0978260869565 433.5 327.25
198.14130434782606 426.875 331.0
206.18478260869563 417.375 337.25
214.2282608695652 407.875 334.0
222.27173913043478 398.375 331.0
230.31521739130434 388.875 331.25
238.3586956521739 379.375 331.75
246.40217391304347 369.875 333.25
254.44565217391303 360.375 333.5
262.4891304347826 350.875 333.0
232.5 341.375 333.0
317.0 331.875 329.5
310.5 322.375 328.0
272.5 264.0 327.5
284.5 266.5 327.5
205.5 274.0 308.75
256.5 283.0 308.25
273.5 284.0 308.75
273.5 283.0 309.25
279.5 287.0 306.5
287.0 293.0 308.75
295.0 294.0 301.25
273.0 297.5 304.75
276.0 299.0 304.0
271.0 302.0 307.75
262.5 284.0 306.75
250.0 266.0 305.0
259.5 263.5 301.5
271.0 262.0 299.25
278.0 260.0 294.5
277.0 263.5 281.5
288.5 276.0 145.21341463414635
292.5 275.5 140.0670731707317
286.5 266.0 134.9207317073171
293.5 254.0 129.77439024390245
302.0 242.5 124.6280487804878
297.0 203.5 119.48170731707316
290.5 200.625 114.33536585365854
284.0 203.75 109.1890243902439
289.0 208.0 104.04268292682926
290.5 212.75 98.89634146341464
293.0 225.5 93.75
290.5 238.5 88.60365853658536
303.5 285.0 83.45731707317074
315.75 288.5 78.3109756097561
312.5 300.5 73.16463414634146
299.0 312.5 68.01829268292683
291.0 324.5 62.87195121951219
286.5 336.5 57.72560975609756
297.75 348.5 52.579268292682926
282.75 360.5 47.43292682926829
290.25 372.5 42.286585365853654
307.0 425.25 57.0
307.0 458.75 49.5
309.25 431.75 63.0
309.0 424.75 89.0
311.5 411.75 113.0
307.0 402.75 114.0
298.0 395.5 115.0
298.0 393.0 117.5
300.25 392.5 118.0
306.75 388.75 120.0
314.75 384.0 121.5
316.75 384.5 121.25
316.0 382.5 121.5
312.5 382.0 123.5
304.5 380.0 122.75
255.0 381.5 124.25
253.5 384.5 123.75
233.5 390.0 123.0
243.0 394.5 122.75
258.5 397.0 123.5
260.0 404.0 124.0
273.5 408.5 125.75
300.0 417.0 126.75
299.0 423.0 128.0
292.5 427.0 128.25
284.5 438.5 128.75
276.5 497.70000000000005 129.0
270.5 575.3 128.5
271.0 632.5 129.5
276.5 639.5 130.25
285.0 632.5 131.0
291.5 682.0 132.25
295.0 674.5 132.75
279.0 635.421875 131.0
297.5 585.984375 128.0
320.5 536.546875 128.0
312.0 487.109375 167.0
304.5 437.671875 168.25
305.0 388.234375 168.5
314.5 338.796875 167.75
318.5 289.359375 154.75
325.5 302.5 136.55
326.5 325.0 127.94999999999999
313.0 350.5 119.35
289.0 377.0 110.75
273.0 394.0 102.15
262.0 432.5 112.0
254.83333333333334 438.0 152.25
248.6111111111111 439.0 169.0
242.3888888888889 414.28846153846155 173.75
236.16666666666669 382.6730769230769 174.0
241.0 351.05769230769226 175.25
279.08333333333337 319.4423076923077 177.0
317.41666666666663 287.8269230769231 176.0
265.0 256.21153846153845 175.5
270.0 232.70833333333331 176.25
266.5 233.54166666666669 177.25
312.5 234.375 179.5
442.5 247.0 178.75
342.5 262.0 177.75
310.0 255.32894736842104 175.5
258.5 262.4342105263158 156.5
261.5 269.5394736842105 153.0
261.0 276.64473684210526 151.5
289.0 283.75 150.25
274.0 290.85526315789474 145.46875
273.5 297.9605263157895 139.34375
298.5 305.0657894736842 133.21875
284.5 312.17105263157896 127.09375
335.5 371.0 120.96875
302.5 414.5 114.84375
280.0 388.75 108.71875
341.0 355.0 102.59375
256.5 331.5 96.46875
368.0 319.5 90.34375
270.72222222222223 308.5 84.21875
267.6111111111111 305.0 78.09375
264.5 309.0 71.96875
261.3888888888889 325.5 65.84375
258.27777777777777 318.0 59.71875
242.5 300.66666666666663 53.59375
224.0 283.33333333333337 47.46875
218.0 266.0 41.34375
226.0 248.66666666666669 35.21875
286.0 231.33333333333334 29.09375
395.5 214.0 27.0
362.5 196.66666666666669 102.5
346.5 179.33333333333334 105.5
337.375 221.5 110.5
450.5 206.5 109.0
363.25 223.5 109.75
334.0 242.5 108.5
316.0 280.5 108.0
364.5 297.5 107.5
354.0 289.5 101.0
297.0 270.0 70.75
335.5 250.0 79.25
328.0 240.5 79.75
322.5 249.0 80.0
285.5 262.0 80.5
283.0 272.0 81.25
280.0 290.0 82.25
290.0 290.0 83.5
305.5 286.0 83.5
315.0 270.0 61.5
286.0 269.0 44.25
272.5 273.5 30.25
266.5 276.0 21.25
251.0 281.625 12.0
249.5 287.79166666666663 9.0
260.5 293.95833333333337 9.5
298.5 300.125 10.0
304.5 306.29166666666663 -0.16666666666666652
342.0 312.45833333333337 -13.722222222222221
395.0 318.625 -27.277777777777775
380.5 324.79166666666663 -40.83333333333333
342.0 330.95833333333337 -6.5
375.75 403.0 88.25
391.0 409.5 101.75
432.0 414.0 105.5
350.5 399.0 116.0
375.0 399.5 106.5
304.0 403.5 124.75
304.0 405.5 126.0
323.0 405.0 124.75
295.0 406.0 124.75
292.0 405.0 126.75
270.0 408.0 126.0
271.5 414.5 126.0
321.0 413.0 137.5
288.5 410.5 145.0
284.0 412.5 146.0
283.0 413.0 146.25
281.0 416.0 147.5
276.5 421.0 147.75
262.5 421.5 148.0
268.0 421.5 172.25
263.0 420.5 171.0
245.5 421.0 170.25
262.0 404.5 170.25
279.5 405.0 164.59375
309.0 407.0 156.71875
275.5 412.5 148.84375
349.41666666666663 415.5 140.96875
343.08333333333337 411.0 171.0
416.5 408.5 184.0
337.5 412.5 185.0
274.125 403.5 189.5
294.0 399.0 188.75
569.5 397.0 181.5
498.5 392.5 173.0
349.5 383.5 172.5
368.5 382.0 171.0
332.0 382.5 170.75
280.0 357.5 170.25
235.5625 356.5 170.0
131.8125 362.0 169.0
115.0 369.0 170.5
217.0 369.5 196.75
248.5 365.5 300.75
253.0 392.5 330.5
250.5 389.0 332.0
248.0 390.5 334.25
252.0 392.5 378.5
250.0 397.5 461.75
253.0 380.0 471.0
253.0 375.5 470.5
279.5 382.5 469.75
288.0 387.5 467.75
289.0 388.0 469.5
287.0 391.5 481.5
288.5 404.5 505.25
287.0 414.0 504.75
289.5 419.0 503.75
290.5 421.0 502.5
287.5 419.0 525.0
284.0 421.5 547.25
259.0 425.5 550.0
262.0 422.0 551.5
248.5 413.0 553.0
247.5 409.0 553.75
255.5 406.0 553.75
252.5 404.5 599.0
262.5 402.0 603.5
284.0 401.0 604.0
226.0 399.5 600.5
252.5 399.5 594.75
272.5 399.0 592.25
276.0 383.0 597.25
227.5 382.5 599.75
157.5 383.0 603.5
87.5 371.35526315789474 608.0
114.5 355.82894736842104 611.25
252.375 340.3026315789474 614.75
244.0 324.77631578947364 618.0
255.0 309.25 626.75
284.5 293.72368421052636 624.25
260.5 278.1973684210526 621.75
301.0 262.67105263157896 619.5
306.5 247.14473684210526 619.25
333.5 241.125 601.25
316.5 254.0 599.5
292.5 262.0 602.0
343.5 255.5 605.0
347.0 254.5 606.0
317.0 247.5 604.75
270.0 252.5 594.0
343.0 251.0 563.8214285714286
293.5 248.5 536.25
327.5 252.0 508.67857142857144
305.5 277.5 523.5
282.5 274.5 562.5
289.5 277.0 565.5
314.0 276.5 567.75
306.5 276.0 568.75
299.5 275.0 570.0
286.5 274.5 571.0
292.5 267.0 580.0
250.91666666666669 255.5 586.5
242.58333333333331 251.5 586.0
234.25 248.5 587.25
241.5 259.0 588.25
275.5 284.0 589.5
376.0 255.0 587.5
323.0 238.5 564.5
304.0 229.0 559.5
273.0 228.5 558.0
256.0 222.0 555.25
309.5 208.5 551.25
303.0 203.0 433.25
293.0 205.5 442.25
258.0 201.5 493.0
279.0 201.0 547.0
262.5 206.5 550.5
257.5 211.5 552.25
268.0 213.09375 551.75
297.0 217.46875 550.0
250.5 221.84375 548.25
246.75 226.21875 546.5
245.25 201.5 546.0
239.75 221.75 548.5
227.0 219.0 549.0
318.0 207.0 551.5
257.5 217.5 553.0
331.0 214.5 555.0
322.0 217.75 556.0
299.0 226.25 557.0
269.75 230.0 559.5
284.75 260.25 560.5
267.5 257.5 560.0
267.0 258.75 558.5
303.0 262.25 541.5
218.25 268.75 511.25
156.25 277.25 490.25
151.5 280.5 469.25
143.75 281.0 448.25
155.25 281.0 470.5
148.0 280.5 497.0
146.5 281.0 511.5
145.0 263.25 510.0
146.0 247.5 514.0
216.0 246.25 514.5
261.0 246.5 516.25
285.0 248.0 516.75
285.5 272.5 517.25
286.0 290.5 529.0
363.5 290.5 543.5
283.5 291.5 545.25
311.5 293.0 546.5
310.5 295.0 546.5
289.5 298.5 546.0
311.5 300.0 545.0
302.5 303.0 545.0
305.0 306.5 545.0
297.5 310.5 544.5
262.5 312.0 545.5
286.5 310.0 548.5
307.0 307.0 431.5
317.5 302.5 304.5
311.5 299.5 296.75
298.5 298.5 291.75
321.0 298.5 294.25
322.0 300.0 314.75
315.5 303.0 331.0
304.0 307.5 335.0
310.5 309.0 335.5
330.5 308.5 335.5
361.0 306.5 334.5
362.5 306.0 343.5
361.875 264.0 341.0
314.0 259.0 335.75
296.5 256.0 340.5
334.5 253.5 342.0
319.0 253.0 346.0
312.0 252.5 347.5
300.5 272.5 345.75
321.0 287.5 342.0
300.5 297.0 309.4375
358.0 295.0 297.1875
307.0 299.5 284.9375
330.5 307.5 272.6875
335.5 303.5 260.4375
332.0 301.0 248.1875
322.0 301.0 261.25
319.5 301.5 323.75
321.5 299.5 328.0
312.5 300.0 333.75
289.5 300.0 320.625
296.0 299.5 293.125
307.0 298.5 265.625
308.0 294.0 269.75
321.0 258.5416666666667 349.25
310.5 240.70833333333331 357.0
318.5 222.875 349.5
306.5 227.0 348.75
316.5 257.0 347.0
279.0 255.0 342.5
264.5 262.0 343.5
267.5 244.5 345.5
277.0 244.0 345.75
290.5 252.0 332.5
281.5 251.0 340.0
279.0 249.0 338.25
275.0 249.0 336.0
270.5 249.0 339.0
264.5 248.5 339.5
254.0 249.0 341.25
264.0 249.5 342.75
266.5 272.0 343.75
246.5 285.0 336.75
220.75 286.0 341.75
191.75 287.5 339.25
162.75 291.5 325.0
168.5 290.0 325.0
269.0 290.0 326.5
313.0 289.5 329.0
299.0 291.5 327.0
279.5 292.0 323.5
279.0 292.0 316.25
279.5 303.0 312.25
346.0 306.0 315.25
301.5 304.0 324.5
321.0 303.5 326.0
310.5 303.5 326.5
292.0 302.0 327.25
298.0 302.0 333.5
286.0 302.5 334.5
285.0 302.5 341.5
286.0 300.0 323.5
287.5 300.0 297.5
289.5 298.0 271.5
291.5 296.5 245.5
304.5 293.0 299.25
289.5 254.5 341.75
273.5 253.5 348.25
287.0 251.5 346.5
297.5 252.5 348.5
288.5 247.5 345.0
285.5 248.0 341.5
295.0 282.5 337.75
284.5 283.0 333.75
274.0 282.5 327.0
281.5 283.0 322.0
271.5 284.0 318.25
282.5 284.5 315.0
257.5 285.5 311.25
263.5 287.5 316.0
274.5 287.0 345.75
278.5 286.5 224.5
288.0 286.0 85.6
290.0 286.5 70.4
293.5 286.0 152.25
299.0 284.0 276.25
297.5 282.0 296.75
289.0 280.5 305.5
278.5 256.5 304.5
270.5 253.5 313.75
281.0 253.0 337.5
343.0 253.0 324.75
329.0 253.0 339.0
341.5 255.0 344.5
333.5 257.0 351.5
349.5 257.5 355.0
320.0 258.5 356.75
309.5 254.0 359.25
301.5 250.0 361.75
303.0 247.0 376.75
315.5 247.0 366.25
303.0 246.0 367.5
296.5 245.5 351.75
289.0 248.0 351.0
286.0 251.0 354.5
282.5 251.5 366.25
280.0 251.5 368.0
284.5 251.5 360.25
287.0 252.0 362.5
287.0 250.5 360.5
307.5 261.0 359.0
288.5 273.5 367.0
298.5 269.0 361.0
303.5 266.5 354.0
302.0 267.0 355.75
304.5 281.0 362.0
305.0 287.5 358.75
306.5 292.5 358.5
306.0 294.0 388.41666666666663
305.83333333333337 293.0 372.08333333333337
305.16666666666663 290.0 360.75
304.0 287.0 357.25
305.0 258.5 363.5
306.0 241.75 357.75
307.5 237.41666666666669 363.75
307.5 233.08333333333331 366.0
307.5 250.5 367.5
306.0 250.5 367.5
304.5 256.0 366.5
303.0 262.0 361.25
303.5 260.5 362.25
296.0 271.5 364.0
519.5 282.0 361.5
437.5 291.0 362.5
387.0 302.0 357.5
318.0 324.0 355.5
311.5 332.0 355.0
293.0 324.5 359.5
273.5 314.5 362.0
285.5 303.5 364.25
285.0 289.5 365.5
291.5 283.5 365.75
307.5 275.5 365.0
308.5 275.5 368.0
299.5 275.5 368.0
299.5 306.5 364.75
305.5 310.0 361.0
290.5 303.0 356.5
349.0 303.5 353.5
345.5 310.0 351.5
296.5 314.5 356.5
312.5 320.0 371.25
319.5 297.0 368.25
397.0 285.5 369.75
302.0 280.0 373.5
287.5 277.5 377.5
285.5 269.5 323.5
300.0 270.5 325.5
288.5 277.0 327.5
299.5 285.0 330.0
293.5 287.5 354.5
273.0 287.5 352.5
262.375 285.0 358.25
210.0 282.0 358.75
295.5 280.5 355.25
236.0 279.5 349.25
236.5 279.5 356.5
274.0 279.5 342.5
273.0 280.5 334.5
221.5 282.5 337.5
210.5 285.0 425.5
207.0 286.5 501.25
223.5 287.5 527.0
230.0 287.5 523.0
223.5 287.5 523.75
245.5 288.0 525.5
245.5 285.5 522.25
245.5 295.5 519.5
