x_T x_P y_T y_P d_T d_P FaceP_T FaceT_P
554.25 483.75 387.0 342.0 675.9900549280605 592.4488001390879 0.0 1.0
526.0 522.25 357.0 322.0 635.7088245303462 613.5394136475313 0.0 1.0
589.0 531.25 436.25 319.0 732.9708906939632 619.6676339629328 0.0 1.0
496.0 532.25 330.0 318.5 595.7530477731366 620.268186527007 0.0 1.0
463.5 532.25 329.5 320.25 568.7378912586079 621.1690693342405 0.0 1.0
568.0648148148148 486.0 360.6296296296296 332.0 672.9417779502752 588.5792260681922 0.0 1.0
562.3240740740741 505.25 351.14814814814815 334.25 663.3040700325689 605.923487519021 0.0 1.0
556.5833333333333 525.0 341.6666666666667 338.25 653.6663621148625 624.535487166401 0.0 1.0
550.8425925925926 520.5 332.1851851851852 339.0 644.0286541971562 621.1672899058779 0.0 1.0
545.1018518518518 515.0 322.7037037037037 342.5 634.39094627945 618.4912475820063 0.0 1.0
539.3611111111111 513.5 313.22222222222223 343.5 624.7532383617436 617.7984955228374 0.0 1.0
533.6203703703704 510.0 303.74074074074076 346.0 615.1155304440373 616.2921385187385 0.0 1.0
527.8796296296296 510.5 294.25925925925924 345.0 605.477822526331 616.1455415575058 0.0 1.0
522.1388888888889 508.5 284.77777777777777 346.0 595.8401146086246 615.051484931914 0.0 1.0
516.3981481481482 509.0 275.2962962962963 346.5 586.2024066909182 615.746230872121 0.0 1.0
510.6574074074074 508.0 265.81481481481484 347.0 576.564698773212 615.201592975831 0.0 1.0
504.91666666666663 507.5 256.3333333333333 347.0 566.9269908555057 614.7887848684294 0.0 1.0
499.1759259259259 508.0 246.85185185185185 346.5 557.2892829377993 614.9198489399234 0.0 1.0
493.4351851851852 507.0 237.37037037037038 346.0 547.651575020093 613.8118604263036 0.0 1.0
450.5 508.0 296.5 344.5 539.3179713869108 613.795021773468 0.0 1.0
463.75 508.125 310.5 344.125 558.1120543905795 613.6880596815524 1.0 1.0
469.5 508.25 309.0 343.0 562.0642559190059 613.1615464604192 1.0 1.0
466.5 508.25 307.5 342.25 558.735235018713 612.7426105841214 1.0 1.0
406.0 509.0 295.5 342.75 502.1556887024588 613.643712182768 0.0 1.0
482.875 509.0 448.125 343.0 659.8535950440993 613.7833493994441 0.0 1.0
341.67073170731703 510.25 395.75 342.25 523.2852869783367 614.4024445062346 0.0 1.0
348.3536585365854 512.0 388.75 341.5 524.1310446563566 615.4399458721505 0.0 1.0
355.0365853658536 512.0 381.75 341.5 524.9768023343765 615.4399458721505 0.0 1.0
361.719512195122 513.0 374.75 341.75 525.8225600123966 616.4106320317426 0.0 1.0
368.4024390243902 514.75 367.75 341.5 526.6683176904166 617.7298117813891 0.0 1.0
375.0853658536586 515.5 360.75 341.0 527.5140753684366 618.0787377801735 0.0 1.0
381.7682926829268 516.5 353.75 341.0 528.3598330464565 618.9130196488995 0.0 1.0
388.4512195121951 518.0 346.75 341.75 529.2055907244765 620.5783225450494 0.0 1.0
395.1341463414634 518.75 339.75 342.5 530.0513484024964 621.6171405775224 0.0 1.0
401.8170731707317 519.0 332.75 343.5 530.8971060805163 622.3772359647821 0.0 1.0
408.5 520.0 325.75 345.0 531.7428637585363 624.0392615853589 0.0 1.0
415.1829268292683 520.5 318.75 345.5 532.5886214365562 624.7324038838311 0.0 1.0
421.8658536585366 519.0 311.75 345.0 533.4343791145761 623.2062410006699 0.0 1.0
428.5487804878049 518.0 304.75 343.0 534.2801367925961 621.2672532815487 0.0 1.0
435.2317073170732 518.0 297.75 343.5 535.125894470616 621.5435814508447 0.0 1.0
441.9146341463414 518.0 290.75 342.5 535.9716521486359 620.9914846047704 0.0 1.0
448.5975609756098 511.0 283.75 345.0 536.8174098266559 616.6006618082328 0.0 1.0
455.280487804878 502.5 276.75 350.0 537.6631675046759 612.3776762217342 0.0 1.0
461.9634146341463 502.5 269.75 348.0 538.508925182696 611.2401116704384 0.0 1.0
468.6463414634146 503.0 262.75 346.0 539.3546828607159 610.5120801425636 0.0 1.0
475.3292682926829 511.0 255.75 346.0 540.2004405387358 617.1306849326855 0.0 1.0
419.25 517.875 321.25 342.25 528.3068857852624 620.7521882269496 0.0 1.0
479.5 505.0 326.5 351.0 580.199112281646 615.0023880417617 0.0 1.0
516.0 508.75 346.0 350.0 621.26798707085 617.5191166453087 0.0 1.0
502.0 506.25 355.5 351.0 615.3606530553877 616.027795732581 0.0 1.0
517.5833333333333 507.75 318.33333333333337 349.5 607.6421324086853 616.4108078246147 0.0 1.0
511.9166666666667 507.0 315.66666666666663 350.5 601.4193291632388 616.3600683710982 0.0 1.0
506.25 507.75 313.0 351.0 595.1965259177923 617.260951874937 0.0 1.0
482.0 508.0 306.5 351.0 571.2393482576032 617.4665982869033 0.0 1.0
482.0 509.0 317.0 350.5 577.2228546080339 618.0060028722901 0.0 1.0
502.0 509.25 319.0 351.25 594.8032996359249 618.637635419092 1.0 1.0
506.5 509.25 318.5 350.75 598.318456440548 618.3544396559319 1.0 1.0
454.5 509.75 354.0 350.25 576.1455937936433 618.4822114202772 0.0 1.0
457.0 509.75 336.5 350.75 567.5327904576401 618.7654071834372 1.0 1.0
460.75 510.0 331.75 351.75 567.7885720907449 619.5386909766789 1.0 1.0
480.25 516.5 325.5 350.5 580.1940255182672 624.2187882059609 1.0 1.0
490.75 522.0 317.5 350.0 584.5025141408073 628.4775254533769 1.0 1.0
492.5 524.0 305.5 349.5 579.5715733995335 629.8621491833932 1.0 1.0
416.59375 512.5 249.375 354.5 485.73465464585627 623.1585519793925 0.0 1.0
442.96875 526.0 246.875 349.5 507.8401206624061 631.5269800797274 0.0 1.0
469.34375 528.0 244.375 349.0 529.9455866789558 632.9178461696273 0.0 1.0
495.71875 528.0 241.875 348.0 552.0510526955056 632.366982060259 0.0 1.0
507.0 528.0 256.0 346.5 568.8318099425121 631.542753897153 0.0 1.0
456.0 530.0 327.75 345.0 562.6043843831484 632.3969721821873 0.0 1.0
325.42499999999995 532.0 337.1 348.5 528.1650940162747 635.9846106097455 0.0 1.0
185.32500000000002 533.0 317.9 347.0 491.3559052113044 636.002814642785 0.0 1.0
45.22500000000002 532.0 298.7 345.5 454.5467164063341 634.3457816777595 0.0 1.0
-94.87499999999997 533.0 279.5 345.25 417.7375276013639 635.0484816558572 0.0 1.0
-234.97499999999997 532.5 260.3 347.0 380.92833879639363 635.5833391152704 0.0 1.0
-374.5 529.5 253.0 347.0 452.35264781431147 633.0725266657294 0.0 1.0
-531.0 520.5 298.5 355.75 609.17996541442 630.4612336136181 0.0 1.0
-495.0 523.0 280.0 353.75 568.766917205786 631.401852921982 0.0 1.0
-453.0 523.0 280.5 352.75 532.8199109797067 630.8421351830796 0.0 1.0
-447.0 521.5 285.0 352.75 530.1264359749221 629.5989639290913 0.0 1.0
-462.5 520.25 286.0 352.0 543.8111507901956 628.143405273046 0.0 1.0
-454.5 517.75 290.5 354.0 539.4078142193869 627.2010333937412 0.0 1.0
-455.0 516.75 289.5 354.5 539.2914551005892 626.658593261718 0.0 1.0
-455.5 517.25 289.0 353.75 539.4453169691994 626.6475906750923 0.0 1.0
-455.5 517.5 288.5 354.0 539.1777799798127 626.9946172017748 0.0 1.0
-454.5 518.0 288.5 354.0 538.3333838257288 627.407427106169 0.0 1.0
-454.5 519.5 288.5 353.75 538.3331420234897 628.5056524809348 0.0 1.0
-453.5 521.25 288.5 353.0 537.4892352164225 629.5325718113384 0.0 1.0
-451.0 523.5 289.0 352.25 535.6510737161902 630.9774554038196 0.0 1.0
-485.0 525.25 292.0 351.0 566.3369637329238 631.7345817620892 0.0 1.0
-523.0 526.75 289.5 350.5 597.7799527706235 632.7052154513048 0.0 1.0
-536.5 528.75 282.5 350.0 606.3380229405977 634.0952088417871 0.0 1.0
-543.0 530.75 277.0 349.5 609.572342171022 635.4888831592493 0.0 1.0
-542.0 532.0 274.0 349.0 607.3223619443829 636.2591446315744 0.0 1.0
-540.5 532.5 271.0 349.5 604.6331532539779 636.9509562252402 0.0 1.0
-528.5 514.0 266.0 345.0 591.6656572835273 619.0790625703501 0.0 1.0
-525.0 488.0 266.5 286.75 588.7676096660589 571.3979704820156 0.0 0.0
-552.0 476.0 293.0 214.41666666666669 625.0306972066508 529.6146895510828 0.0 0.0
-571.5 464.0 310.5 142.08333333333334 650.4031343781357 487.8314086201499 0.0 0.0
-574.0 497.75 313.5 281.25 654.0336323401798 571.7148120246145 0.0 0.0
-585.0 514.0 285.5 341.5 651.6047320509824 617.1049723734789 0.0 1.0
-580.5 511.5 254.5 338.5 633.8406517315296 613.3632691969743 0.0 1.0
-584.0 514.0 255.0 338.25 637.244882311391 615.315004524201 0.0 1.0
-587.0 524.75 256.5 345.5 640.5947888134059 628.2827143454979 0.0 1.0
-584.5 524.0 259.0 348.0 639.31310795259 629.0312441095787 0.0 1.0
-584.0 512.75 260.5 346.75 639.4659381222732 618.998238777011 0.0 1.0
-584.0 503.25 262.5 350.75 640.2832864978607 613.4223431764249 0.0 1.0
-584.0 499.5 264.0 352.0 640.8999552276148 611.0681901029604 0.0 1.0
-582.5 505.75 267.5 345.5 640.9855692603384 612.5709212068365 0.0 1.0
-583.0 515.5 269.0 339.75 642.067317505474 617.3902369311661 0.0 1.0
-597.5 519.5 273.0 339.0 656.9330562808456 620.3242552525344 0.0 1.0
-569.0 523.75 283.5 336.75 635.7147943212658 622.6687184457437 0.0 1.0
-574.0 526.25 281.0 335.5 639.0913783645841 624.0990479386296 0.0 1.0
-565.0 531.25 283.5 333.5 632.1376796603749 627.2550493382561 0.0 1.0
-561.5 530.75 288.0 331.0 631.0517016314843 625.5054559902622 0.0 1.0
-541.5 510.25 289.5 327.5 614.1184689659725 606.3663588246407 0.0 1.0
-515.5 528.0 284.0 327.5 588.5587849571576 621.3215194573515 0.0 1.0
-504.5 525.5 278.0 325.0 576.0251878868442 617.8799196841667 0.0 1.0
-508.0 524.25 276.5 324.25 578.373864596348 616.422333802414 0.0 1.0
-520.0 487.75 275.5 326.75 588.4728581622974 587.1146832788774 0.0 1.0
-524.5 492.75 277.0 331.0 593.1520917746845 593.6022084976044 0.0 1.0
-528.5 490.75 275.5 331.0 595.9998159767975 591.9431884742769 0.0 1.0
-534.5 490.5 278.0 330.5 602.4785655889378 591.4566608847415 0.0 1.0
-523.25 490.5 257.2916666666667 329.0 583.4336873052739 590.6194439519243 0.0 1.0
-522.25 489.5 230.45833333333331 328.5 571.9665262423104 589.5104058852735 0.0 1.0
-521.25 487.75 203.625 328.25 560.4993651793468 587.9185703819046 0.0 1.0
-540.0 487.25 206.5 328.25 578.3195105852478 587.503727288399 0.0 1.0
-545.0 487.25 285.5 328.25 615.2523923908782 587.503727288399 0.0 1.0
-577.5 487.0 329.0 328.5 664.9993936492358 587.436233287418 0.0 1.0
-576.5 488.0 328.5 327.0 664.1087239695698 587.4295542621826 0.0 1.0
-611.0 524.75 292.0 311.0 677.5541923794704 609.9954410659401 0.0 1.0
-595.5 526.25 284.0 308.25 660.4653550396645 609.8832792672388 0.0 1.0
-583.5 524.5 274.0 306.75 645.3175895376619 607.6148937204055 0.0 1.0
-559.5 513.5 318.0 308.0 643.9045840687432 598.8381523996868 0.0 1.0
-563.0 527.0 299.0 303.0 638.3600743903648 607.8964006680176 0.0 1.0
-602.0 502.5357142857143 214.5 300.4642857142857 639.2085746944122 585.5171074267014 0.0 1.0
-643.0 482.67857142857144 169.0 292.32142857142856 664.841919200048 564.3250775142126 0.0 0.0
-476.0 462.82142857142856 269.0 284.17857142857144 546.752573495384 543.1330476017238 0.0 0.0
-477.0 442.9642857142857 261.0 276.0357142857143 543.7371416215104 521.941017689235 0.0 0.0
-396.0 570.75 216.0 304.75 452.4346301640425 647.1730290765356 0.0 0.0
-443.33333333333337 521.0 222.33333333333331 326.25 495.9856427542022 614.7274514639277 0.0 1.0
-478.66666666666663 524.25 229.66666666666669 331.0 530.936679669336 620.0016718294664 0.0 1.0
-486.5 518.75 233.5 331.75 539.634130290324 615.7642686986648 0.0 1.0
-509.0 519.5 235.5 333.5 560.8412023722373 617.335234571901 0.0 1.0
-598.4583333333333 521.0 306.75 332.25 672.6596266192496 617.9253020100523 0.0 1.0
-540.2916666666667 519.75 259.75 332.5 600.0789959303233 617.0059923223489 0.0 1.0
-482.125 561.75 212.75 324.5 527.4983652413969 648.956323641267 0.0 1.0
-477.0 549.5 223.0 331.0 527.1482470719652 641.5006314082113 0.0 1.0
-697.5 560.0 335.5 323.25 773.9938660539361 646.6079793809732 0.0 1.0
-658.5 559.0 332.5 319.5 737.7627695571234 643.86957995938 0.0 1.0
-583.5 505.0 309.5 340.5 660.502098106472 609.069414821507 0.0 1.0
-703.5 504.0 277.5 338.75 758.7370223501364 607.2623548367192 0.0 1.0
-705.0 516.5 282.0 333.25 761.8951700061094 614.7636661454808 0.0 1.0
-669.0 489.3928571428571 292.5 324.17857142857144 730.7948511834512 587.116359944047 0.0 1.0
-575.5 476.96428571428567 271.0 302.8928571428571 638.0795378171958 565.3446807804438 0.0 0.0
-541.5 464.53571428571433 312.0 281.6071428571429 624.960569421567 543.5730016168408 0.0 0.0
-536.5 452.1071428571429 310.0 260.32142857142856 619.6232071723997 521.8013224532376 0.0 0.0
-527.0 501.75 309.0 326.75 610.9091630898686 598.7962678921629 0.0 0.0
-517.0 514.25 310.5 336.25 603.0749818467411 614.4245348379286 0.0 1.0
-518.0 514.75 312.5 334.5 604.9636213573345 613.887514996668 0.0 1.0
-517.0 513.5 313.5 337.75 604.6249071286001 614.6276340354152 0.0 1.0
-517.0 513.0 312.0 341.0 603.8485461944186 615.9951456719393 0.0 1.0
-514.5 512.25 312.0 341.25 601.7095917330782 615.5095565615377 0.0 1.0
-521.5 512.25 289.0 340.75 596.6596795543624 615.2322065269354 0.0 1.0
-486.0 509.75 275.0 337.5 558.9214071460083 611.352808889562 0.0 1.0
-512.0 510.75 291.5 336.0 589.5572771147777 611.3604194993945 0.0 1.0
-509.5 512.0 266.0 336.0 574.7582113368999 612.405111546671 0.0 1.0
-510.0 513.5 265.0 335.0 574.739117468479 613.1128977308647 0.0 1.0
-510.5 513.0 262.0 333.0 573.8068508835065 611.6028299921638 0.0 1.0
-511.5 513.25 258.0 332.25 572.8915493912051 611.4046372718055 0.0 1.0
-532.0 515.5 216.0 335.5 574.196588111625 615.0617681082749 0.0 1.0
-532.5 516.25 218.5 334.75 575.5853572576817 615.281841566469 0.0 1.0
-540.0 516.5 226.0 333.75 585.3870810620972 614.9485420044084 0.0 1.0
-544.5 511.25 218.0 323.5 586.5192250320907 605.0256806642449 0.0 1.0
-547.5 507.25 206.0 318.5 584.9723624222052 598.9533555019309 0.0 1.0
-553.0 510.25 204.5 317.0 589.6009265870546 600.7031039931139 0.0 1.0
-640.5 510.5 288.0 315.0 703.3084888839273 599.8627500835781 0.0 1.0
-708.0 510.5 256.5 315.5 753.0316461657083 600.1266312944742 0.0 1.0
-705.5 511.75 255.5 314.75 750.340267344247 600.7958767157943 0.0 1.0
-708.5 512.25 310.5 314.75 775.1667423580059 601.221875230417 0.0 1.0
-706.0 510.75 309.5 315.25 772.6586775733449 600.206833824068 0.0 1.0
-599.25 513.25 307.75 315.25 675.8809894187161 602.3358628726417 0.0 1.0
-547.5 514.5 274.5 314.5 612.467429407199 603.0095583829791 0.0 1.0
-616.0 516.0 300.5 313.5 687.124303914931 603.7707726963977 0.0 1.0
-604.0 519.0 249.5 313.0 653.5611129661731 606.0777728198085 0.0 1.0
-566.95 522.0 260.20833333333337 312.0 651.0082880218818 608.1350698773878 0.0 1.0
-422.75 523.25 289.04166666666663 311.5 639.3411514677612 608.9527682244263 0.0 1.0
-278.55 524.0 317.875 310.5 627.6740149136403 609.0864312369627 0.0 1.0
-519.0 523.25 340.0 311.5 620.4523857679685 608.9524803488175 0.0 1.0
-650.5 518.0 378.0 317.0 756.669195493791 607.3147361015589 0.0 1.0
-642.5 514.0 263.5 331.5 694.4347086401035 611.6279021091842 0.0 1.0
-654.0 514.5 274.5 334.25 709.2717025005471 613.5418036777097 0.0 1.0
-768.0 514.25 308.5 335.0 827.6511462342963 613.7412899381986 0.0 1.0
-447.70833333333337 514.0 333.54166666666663 334.25 559.0527042139709 613.1225774519467 0.0 1.0
-440.54166666666663 514.75 287.70833333333337 334.0 528.7234265645752 613.6151733924411 0.0 1.0
-433.375 515.0 241.875 333.5 498.3941489151796 613.5531159866521 0.0 1.0
-427.5 514.0 232.5 333.0 487.1402865171742 612.442075332471 0.0 1.0
-473.0 514.25 299.5 333.25 559.8544633346405 612.7875899957282 0.0 1.0
-530.5 514.5 309.0 334.0 613.9333084834157 613.4055965506411 0.0 1.0
-584.5 515.5 307.5 335.0 660.5964814675831 614.7889278202128 0.0 1.0
-572.5 516.75 288.0 336.5 640.8590342066773 616.6545476284562 0.0 1.0
-588.5 514.5 288.5 333.75 655.4134320895627 613.2693731814215 0.0 1.0
-578.0 507.0 262.625 321.75 635.8994877728704 600.4766173280201 0.0 1.0
-574.0 509.25 230.79166666666669 319.75 620.0337744457499 601.3201567835913 0.0 1.0
-570.0 511.75 198.95833333333334 317.75 604.1680611186295 602.3730102829571 0.0 1.0
-544.5 511.5 189.5 316.75 576.5335021915616 601.6335701019952 0.0 1.0
-537.5 511.0 230.5 315.5 585.199810605489 600.5509395560027 0.0 1.0
-556.5 511.0 280.5 314.75 623.2021439793753 600.1571525940323 0.0 1.0
-556.5 511.25 288.0 313.5 626.6108678522647 599.7156239244391 0.0 1.0
-603.5 511.5 328.0 313.5 687.8305806612439 599.9287457690288 0.0 1.0
-567.5 511.25 348.5 313.75 665.9649729548923 599.8464330348341 0.0 1.0
-570.0 511.5 331.0 313.0 659.3167357810435 599.6676730569216 0.0 1.0
-578.5 512.25 362.5 313.25 682.7026887774225 600.4378667815283 0.0 1.0
-579.0 512.25 310.0 313.5 656.7655823271491 600.5683387680493 0.0 1.0
-580.0 513.75 310.0 313.5 657.6476394170829 601.8489374083099 0.0 1.0
-561.5 514.5 305.0 313.75 638.9894191857254 602.6191594909392 0.0 1.0
-569.0 515.25 312.0 314.5 648.9262703565287 603.6497723802909 0.0 1.0
-573.5 507.75 322.5 318.5 657.9609108520453 599.3782465446313 0.0 1.0
-578.5 510.0 258.5 322.5 633.6299991589807 603.4122916491457 0.0 1.0
-600.0 512.75 264.5 325.0 655.713544873898 607.0742255883022 0.0 1.0
-610.5 512.0 267.0 327.75 666.3327172969143 607.9181371698097 0.0 1.0
-650.5 512.0 273.5 329.0 705.7925918355935 608.5927841670864 0.0 1.0
-595.0 514.0 269.0 332.25 652.9833444239152 612.034370007018 0.0 1.0
-653.0 514.25 272.5 332.25 707.5779708674772 612.244338906436 0.0 1.0
-635.5 514.25 263.5 332.75 687.981208456679 612.5159136807769 0.0 1.0
-617.0 514.0 263.5 332.0 670.9124580686387 611.8986844241455 0.0 1.0
-694.0 514.0 274.0 330.0 746.4114775220335 610.8158478625124 0.0 1.0
-742.0 514.0 309.0 330.5 806.552783856319 611.0862679466608 0.0 1.0
-783.0 514.0 240.0 331.0 818.9560624899657 611.3566880308091 0.0 1.0
-714.0 515.0 218.0 331.0 746.5387027259678 612.1979192467427 0.0 1.0
-620.0 515.0 258.5 331.0 675.3285938320855 612.1976804921757 0.0 1.0
-512.0 515.25 285.0 332.0 585.9778462147231 612.949085027558 0.0 1.0
-556.0 515.25 360.0 332.0 662.4656657376552 612.949085027558 0.0 1.0
-529.0 516.0 248.0 332.0 584.2477260633618 613.5796606798501 0.0 1.0
-530.5 515.5 246.5 332.0 584.9722224408489 613.1592968342218 0.0 1.0
-531.0 514.75 248.0 332.25 586.0590458586308 612.66446318866 0.0 1.0
-536.5 514.5 249.5 332.5 591.6778982569199 612.5899933887265 0.0 1.0
-539.0 514.5 254.0 332.5 595.8499849550709 612.5899933887265 0.0 1.0
-559.0 514.5 277.5 333.5 624.1948933772235 613.1333460186291 0.0 1.0
-579.0 515.0 296.0 333.5 650.2759085286168 613.5530326411392 0.0 1.0
-577.5 515.0 292.0 332.75 647.1247554363881 613.1462915425759 0.0 1.0
-578.0 514.0 291.5 331.75 647.3458857983137 611.763080148246 0.0 1.0
-580.0 513.75 294.0 333.0 650.2584473588877 612.2320885626307 0.0 1.0
-581.0 519.0 294.5 335.25 651.3764664946377 617.8634477233985 0.0 1.0
-583.0 519.75 295.5 332.25 653.6125007213761 616.8750990567743 0.0 1.0
-584.5 520.5 297.5 331.0 655.8555481201635 616.837298073476 0.0 1.0
-572.5 522.0 279.5 327.0 637.2026270915935 615.9654819426819 0.0 1.0
-525.5 521.75 322.0 325.25 616.3070121162255 614.8257831417619 0.0 1.0
-536.5 521.0 322.0 323.5 625.7133048464541 613.2645680574356 0.0 1.0
-537.5 520.0 320.5 322.25 625.8006871201086 611.7557581728008 0.0 1.0
-536.0 519.5 321.5 322.75 625.0266523487145 611.5946691069591 0.0 1.0
-536.5 519.5 321.5 324.0 625.4554340638508 612.2551102366326 0.0 1.0
-539.5 520.25 322.0 324.25 628.2868100360946 613.023760868264 0.0 1.0
-538.0 521.0 321.0 324.5 626.4863800325688 613.7925707238105 0.0 1.0
-538.0 521.75 321.5 325.0 626.7426232390217 614.6935398162971 0.0 1.0
-536.5 523.0 321.5 325.0 625.4554868698231 615.7549677873898 0.0 1.0
-537.5 524.25 321.0 325.0 626.0570535312762 616.817831019523 0.0 1.0
-538.0 496.725 322.5 325.3 627.2561279094848 593.7688005131379 0.0 1.0
-563.0 485.625 282.0 320.5 629.677072876465 581.8710240843661 0.0 0.0
-562.0 474.525 287.5 315.7 631.26876243332 569.9732476555942 0.0 0.0
-557.5 463.42499999999995 285.5 310.9 626.3520997445814 558.0754712268224 0.0 0.0
-554.5 452.32500000000005 285.0 306.1 623.4547647656599 546.1776947980505 0.0 0.0
-555.0 469.0 283.5 307.5 623.215293244079 560.8994216238051 0.0 0.0
-554.0 502.0 284.5 330.5 622.7820644936497 601.029306012852 0.0 1.0
-552.75 512.5 285.25 340.0 622.0132068732466 615.0336730932252 0.0 1.0
-592.75 514.5 345.75 335.5 686.2392040006036 614.2237529592452 0.0 1.0
-666.25 515.5 374.75 335.0 764.4137901091918 614.7891739858972 0.0 1.0
-692.5 516.5 382.5 336.0 791.1178391876355 616.1722741678103 0.0 1.0
-705.25 518.0 384.75 337.0 803.3752593242629 617.9749359371132 0.0 1.0
-713.0 518.5 386.5 338.0 811.0189646365212 618.9397591405984 0.0 1.0
-632.25 516.5 278.5 339.0 692.3865264740255 617.8132975550707 0.0 1.0
-577.75 515.5 374.75 339.5 689.2727871037193 617.2526336611924 0.0 1.0
-556.75 513.0 391.25 338.0 680.476107115004 614.3394992072037 0.0 1.0
-539.0 513.0 376.0 338.5 657.188740042529 614.6147784033906 0.0 1.0
-535.25 513.0 348.75 337.0 639.1824159794323 613.7898830670194 0.0 1.0
-539.5 511.5 322.25 335.0 628.415165355942 611.4386893480607 0.0 1.0
-541.5 511.5 323.75 335.0 630.9011921563373 611.4386893480607 0.0 1.0
-541.5 511.0 325.0 334.5 631.5435980250722 610.7464865874557 0.0 1.0
-541.0 509.5 325.5 332.5 631.3726582247234 608.396807461571 0.0 1.0
-541.0 508.0 326.5 332.0 631.8887823454567 606.8673833936452 0.0 1.0
-540.5 508.0 326.25 331.5 631.331557642545 606.5939745826693 0.0 1.0
-538.0 507.0 326.0 331.5 629.0628014835852 605.7568199124976 0.0 1.0
-535.5 506.0 324.25 332.0 626.0178228584259 605.1943280995492 0.0 1.0
-533.5 506.0 322.75 333.5 623.5301231829264 606.0183578077483 0.0 1.0
-537.25 506.0 296.0 335.0 613.9725650964748 606.8452634850668 0.0 1.0
-570.5 506.0 278.0 335.0 635.1493984662249 606.8455158846402 0.0 1.0
-576.875 505.5 241.375 335.125 625.3373960912802 606.4973604070261 0.0 1.0
-578.0 504.25 240.5 334.75 626.0387073536076 605.248403468991 0.0 1.0
-578.0 503.75 239.0 334.75 625.4639446149383 604.8319974343317 0.0 1.0
-575.0 503.75 239.5 334.75 622.8846201344195 604.8319974343317 0.0 1.0
-574.0 504.0 238.5 338.5 621.5773461340307 607.1234957907075 0.0 1.0
-572.5 503.0 238.0 342.0 620.0005461535617 608.2541992987301 0.0 1.0
-567.5 502.0 235.5 346.0 614.4239827228544 609.6885840206728 0.0 1.0
-619.0 502.25 265.5 344.75 673.5363793200834 609.1860382327716 0.0 1.0
-721.5 502.5 275.5 345.5 772.7889378742077 609.8169149437008 0.0 1.0
-851.75 503.5 273.25 347.0 894.588162601494 611.4910056574831 0.0 1.0
-652.0 503.75 261.0 346.0 702.4651339690928 611.13016824067 0.0 1.0
-638.625 504.5 264.375 346.0 691.3161236470787 611.7485839571534 0.0 1.0
-625.5 505.0 265.5 346.0 679.514900498878 612.1611874856894 0.0 1.0
-621.0 506.25 264.0 346.5 674.7866847939142 613.4750355216433 0.0 1.0
-618.5 506.75 263.0 346.0 672.0948308969296 613.6053963033294 0.0 1.0
-602.5 507.0 255.0 345.75 654.2411866047489 613.6710072672389 0.0 1.0
-637.0 506.5 259.0 345.5 687.6760032031982 613.1171008763561 0.0 1.0
-602.0 505.25 251.0 345.5 652.2712843948648 612.0849546622424 0.0 1.0
-604.5 504.5 235.5 344.25 648.7562580362338 610.7604728076797 0.0 1.0
-603.0 427.0 238.0 356.75 648.269234192091 557.8048760035874 0.0 1.0
-604.0 208.0 238.0 349.5 649.1998309770123 409.2730631848664 0.0 0.0
-606.0 -161.625 237.0 105.04166666666667 650.6958432297755 192.8253614824393 0.0 0.0
-608.0 -306.125 237.0 187.20833333333334 652.5589758972452 358.94253795371156 0.0 0.0
-601.5 -450.625 240.5 269.375 647.8307903124365 525.0597144249839 0.0 0.0
-616.5 -584.0 236.5 367.0 660.3067568476911 689.9573356053997 0.0 0.0
-617.0 -636.0 237.5 364.25 661.1322242652393 733.4908006423287 0.0 0.0
-583.0 -677.25 239.0 357.5 630.0887738845072 765.8331208344804 0.0 0.0
-580.0 -667.25 235.5 327.0 625.9876743559838 743.6957264469881 0.0 0.0
-785.875 -644.25 218.0 326.75 810.9566018620296 722.5012065561721 0.0 0.0
-649.55 -650.25 191.125 327.75 812.3949106429968 728.2386857327945 0.0 0.0
-376.94999999999993 -659.25 209.95833333333331 327.0 732.7219340026685 736.0173549817168 0.0 0.0
-380.5 -646.75 228.79166666666666 328.75 653.0489573623402 725.5092351017055 0.0 0.0
-750.5 -647.0 375.5 328.5 847.031186770781 725.6578542510415 0.0 0.0
-596.0 -648.5 227.5 328.0 637.9448131934503 726.7481477020538 0.0 0.0
-590.5 -650.0 226.0 324.75 632.2716383455961 726.6161360421797 0.0 0.0
-580.0 -647.5 304.5 323.5 655.0735855707096 723.8161023353105 0.0 0.0
-577.5 -635.5 299.5 326.5 650.543840218734 714.6645169814748 0.0 0.0
-576.0 -598.0 300.0 355.0 649.4428728933575 695.4423776218408 0.0 0.0
-575.0 -594.75 298.0 358.5 647.6333841478975 694.4884551644727 0.0 0.0
-571.0 -592.75 234.5 360.5 617.2773169977188 693.7693588548577 0.0 0.0
-569.5 -588.5 249.5 363.0 621.7588368292882 691.4497244572985 0.0 0.0
-573.0 -634.5 258.0 374.75 628.4054719545495 737.0036214515592 0.0 0.0
-572.0 -677.5 259.5 388.5 628.1116540870739 780.9882789784957 0.0 0.0
-572.0 -674.25 259.5 389.5 628.1116880554198 778.667777835049 0.0 0.0
-688.5 -670.25 354.5 388.5 774.4051052831628 774.7049738904334 0.0 0.0
-689.0 -673.0 355.0 363.0 775.0781880267355 764.6575040858474 0.0 0.0
-687.5 -659.5 354.0 383.0 773.2867822534884 762.7522997159697 0.0 0.0
-685.5 -653.75 353.5 403.25 771.2798146693701 768.1397278661289 0.0 0.0
-682.5 -644.75 209.0 404.25 714.0922496128271 761.000686934367 0.0 0.0
-679.5 -640.5 183.0 403.0 703.7120591292753 756.7361406351413 0.0 0.0
-682.0 -642.0 182.5 395.75 706.0074143626871 754.192946982223 0.0 0.0
-665.5 -652.5 176.5 387.75 688.5079671327746 759.0168204492102 0.0 0.0
-674.0 -658.75 182.0 386.25 698.1407828293225 763.6501054675424 0.0 0.0
-579.0 -665.75 221.5 386.0 623.1959942380863 769.5577078275894 0.0 0.0
-279.5 -668.5 158.0 383.58333333333337 321.11727699723446 770.7327294616391 0.0 0.0
-250.5 -666.5 145.0 383.91666666666663 289.43986727376205 769.1649846403054 0.0 0.0
-244.0 -664.5 142.0 385.125 282.31221502170587 768.0380898401381 0.0 0.0
-245.5 -661.75 144.0 384.7 284.61679185453755 765.446246098259 0.0 0.0
-214.0 -660.75 149.0 385.5 261.4733641026343 764.9856492225423 0.0 0.0
-246.0 -659.75 140.5 386.3 283.37016678919656 764.5250523468255 0.0 0.0
-231.0 -656.0 145.0 385.0 272.73884054774976 760.6320448123449 0.0 0.0
-228.5 -662.5 143.5 382.0 269.82309019059136 764.7639086306876 0.0 0.0
-195.5 -676.75 201.5 375.0 280.7534505576022 773.7075422891055 0.0 0.0
-90.5 -649.0 192.5 386.5 220.2142062842679 755.8599252639857 0.0 0.0
3.0 -618.0 215.5 405.5 215.92177526037653 739.1727572282979 0.0 0.0
37.5 -657.75 192.0 382.75 195.7046479826201 761.0091727538372 0.0 0.0
63.5 -662.5 192.0 380.0 202.23215930273173 763.7453780193819 0.0 0.0
51.5 -646.25 171.5 386.25 179.28042388794233 752.8800606027195 0.0 0.0
-23.0 -614.5 182.0 383.75 183.46033971928142 724.5855065990046 0.0 0.0
-53.5 -359.75 172.5 392.75 186.87117513254594 535.1070478449055 0.0 0.0
-38.0 -177.67857142857144 227.0 401.2857142857143 230.41034891224666 508.54963698718257 0.0 0.0
-17.0 0.7499999999999716 223.0 381.0 223.6605148608263 493.14852488603424 0.0 0.0
-20.5 179.1785714285714 225.5 360.7142857142857 226.81549356243002 477.74741278488597 0.0 0.0
-28.0 394.5 226.0 354.0 228.03273000046494 532.2563788323 0.0 0.0
-175.60000000000002 476.5 192.8 353.0 312.7910615001503 593.0141460403585 0.0 1.0
-356.40000000000003 485.25 147.2 358.75 422.5160921839437 603.4668522729585 0.0 1.0
-581.5 488.75 224.5 359.25 627.6172058518156 606.57826883096 0.0 1.0
-657.5 491.75 213.0 360.25 691.142823085778 609.5888293753194 0.0 1.0
-600.0 493.0 257.0 359.75 655.892799196839 610.3026373784107 0.0 1.0
-522.5 493.25 276.5 359.0 591.3777104610608 610.0633389706378 0.0 1.0
-531.0 495.0 297.5 358.0 608.6640615394731 610.8927749006608 0.0 1.0
-573.5 495.5 350.5 356.0 672.7893522919812 610.1280710384824 0.0 1.0
-599.125 494.5 274.625 356.5 662.2202299514723 609.608551037679 0.0 1.0
-604.5 493.5 246.5 355.0 652.847481705284 607.9204413212092 0.0 1.0
-613.5 492.75 256.0 353.5 664.7702511004743 606.4365947244637 0.0 1.0
-636.0 507.0 264.0 374.0 688.6163650450728 630.1001143308335 0.0 1.0
-610.5 522.75 256.0 387.5 662.0072958759031 650.7102540025036 0.0 1.0
-601.1071428571429 522.25 275.8571428571429 389.0 662.4384023125382 651.2035978305644 0.0 1.0
-585.25 522.0 297.0 391.5 657.8768123164605 652.5000689655394 0.0 1.0
-569.3928571428571 521.0 318.1428571428571 392.5 653.3152223203826 652.3015717560816 0.0 1.0
-566.0 519.25 341.0 392.5 660.78709962461 650.9046283643158 0.0 1.0
-636.0 518.75 310.5 392.5 709.9363974601281 650.5058302997456 0.0 1.0
-481.5 486.75 344.5 391.0 593.5390077884883 624.4190381435535 0.0 1.0
-542.0 485.79999999999995 294.0 365.4 616.6036133550153 608.1060908865757 0.0 0.0
-590.75 468.20000000000005 355.0 334.6 689.7521697488944 575.7105329706521 0.0 0.0
-586.5 490.5 356.5 307.5 686.7493066832376 579.3466241715857 0.0 0.0
-530.625 501.25 301.875 329.75 610.4935470434796 600.2684982059227 0.0 1.0
-527.5 501.25 303.0 328.5 608.3302090955909 599.3091363952421 0.0 1.0
-525.0 514.0 302.0 323.5 605.6641496382782 607.3366255069379 0.0 1.0
-526.5 514.5 305.0 328.5 608.4630227055708 610.4318893502011 0.0 1.0
-528.0 516.5 305.0 330.0 609.761739721778 612.9220882758627 0.0 1.0
-532.0 510.0 308.0 331.25 614.7261593895626 608.1341394425333 0.0 1.0
-651.25 509.25 423.0 332.5 777.2567202479394 608.1873323084809 0.0 1.0
-772.5 510.0 539.5 332.0 942.2402761936578 608.5425386851815 0.0 1.0
-782.5 509.25 544.0 331.75 953.0174453994181 607.7777099147877 0.0 1.0
-721.5 506.75 476.0 325.25 864.6061703382146 602.1492847372497 0.0 1.0
-799.5 506.5 551.0 321.5 970.9795649233962 599.920411388044 0.0 1.0
-802.0 506.5 550.5 321.5 972.7560947813474 599.920411388044 0.0 1.0
-547.5 506.75 275.0 320.5 612.7001381571995 599.5963895466655 0.0 1.0
-363.0 507.25 256.5 319.5 444.4879933740109 599.4862564634078 0.0 1.0
-572.5 507.25 379.0 318.5 688.4389415522841 598.953111831906 0.0 1.0
-520.0 506.25 516.5 318.5 733.987757133986 598.1065724508508 0.0 1.0
-407.0 506.5 629.5 318.5 750.4153510098433 598.3180592293701 0.0 1.0
-242.5 507.5 600.0 318.0 648.4425251195112 598.8999594190745 0.0 1.0
-102.0 508.25 606.0 320.0 615.2446558254587 600.5997250058658 0.0 1.0
40.125 509.0 588.75 321.75 590.667770647566 602.1661790206426 0.0 1.0
119.5 509.0 586.5 322.75 599.4262633368196 602.701092646337 0.0 1.0
132.0 508.0 683.5 324.0 696.4912319554735 602.5287712972965 0.0 1.0
90.0 507.5 782.5 326.0 792.1762866490983 603.1851064438122 0.0 1.0
105.0 508.25 673.5 326.5 691.3609182355308 604.0863603474244 0.0 1.0
234.0 508.5 581.0 327.5 626.3521482464131 604.8375815043241 0.0 1.0
235.5 508.25 562.5 327.5 609.819933929683 604.6274314294267 0.0 1.0
222.5 508.0 562.5 327.5 605.2015999173407 604.4172813545291 0.0 1.0
201.0 508.0 586.5 326.5 620.0133631449376 603.8760220442604 0.0 1.0
213.0 508.0 616.5 328.5 652.2778784269301 604.962040597344 0.0 1.0
253.0 505.5 608.0 342.0 659.6520382975514 610.3234651057085 0.0 1.0
155.0 506.0 489.0 344.0 514.082094462437 611.8596007067571 0.0 1.0
60.75 506.0 434.0 345.5 438.97370752467975 612.7040476445378 0.0 1.0
142.0 506.25 494.0 347.0 514.0477777808277 613.757901898206 0.0 1.0
137.0 505.75 499.0 348.0 517.4739859853313 613.9113417299899 0.0 1.0
124.5 506.5 482.5 347.5 498.3041402150909 614.2463512417244 0.0 1.0
129.5 507.25 486.0 348.5 503.06451767734984 615.430607413519 0.0 1.0
115.5 507.25 480.5 348.5 494.1867194249168 615.430607413519 0.0 1.0
133.5 507.5 552.0 348.25 568.1059711436517 615.4951814541259 0.0 1.0
116.5 506.75 538.0 348.0 550.4737880325276 614.7353760189287 0.0 1.0
109.0 507.0 514.5 348.0 525.9195248796991 614.941525726526 0.0 1.0
112.0 508.5 525.5 348.0 537.3038606412331 616.1790072430738 0.0 1.0
109.5 509.25 519.0 349.25 530.4255768878448 617.5040451721371 0.0 1.0
116.0 508.5 537.0 349.5 549.3860726847159 617.0272118874003 0.0 1.0
120.25 509.25 559.0 349.5 571.787649046142 617.6453938242034 0.0 1.0
122.5 510.5 579.0 349.75 591.8196330415617 618.8177074348863 0.0 1.0
110.5 510.5 584.5 350.25 594.8688125329888 619.1004401517798 0.0 1.0
114.5 510.5 588.5 349.5 599.6019376196274 618.6764097652342 0.0 1.0
112.5 509.75 585.0 345.0 595.8320356645178 615.5330978837904 0.0 1.0
117.5 508.0 446.5 322.5 461.9724982424617 601.7227351529939 0.0 1.0
117.5 510.0 472.0 322.0 486.4060556772373 603.1452385174023 0.0 1.0
94.0 510.25 419.5 321.5 429.94633956849236 603.089819397936 0.0 1.0
121.5 510.75 398.0 320.5 416.42257031535223 602.9807875525553 0.0 1.0
114.5 510.25 380.5 320.75 397.5553718393769 602.6906321492377 0.0 1.0
-147.0 507.5 365.0 321.5 397.1932831813055 600.7650775497574 0.0 1.0
-339.0 507.75 338.5 321.25 493.22758467845154 600.8424344382358 0.0 1.0
-560.5 507.75 269.5 321.75 621.9352825443176 601.1100099115899 0.0 1.0
-565.5 507.5 273.5 323.0 628.1722253770353 601.568990224729 0.0 1.0
-594.0 507.0 256.0 324.0 646.8194508117302 601.6861609435791 0.0 1.0
-626.0 507.25 265.0 325.75 680.0724734729274 602.8396392618772 0.0 1.0
-602.0 505.75 267.5 326.5 658.7700682076704 601.9844938912606 0.0 1.0
-600.0 505.0 257.0 327.75 652.7687067870677 602.0342969759199 0.0 1.0
-571.5 504.5 272.0 328.0 634.0907775033743 601.7509867046335 0.0 1.0
-426.0 503.5 196.0 328.25 468.9619173900704 601.0493793017351 0.0 1.0
-693.5 503.25 445.75 328.75 824.9259007463888 601.1133376768998 0.0 1.0
-643.5 503.25 380.75 329.0 749.7102454384956 601.2500155624008 0.0 1.0
-593.5 502.0 315.75 329.0 674.4945901306023 600.2041945173966 0.0 1.0
-543.5 501.75 250.75 329.0 599.2789348227093 599.995193005358 0.0 1.0
-583.0 501.5 254.5 328.75 636.133965760441 599.6489112221855 0.0 1.0
-597.0 502.0 255.5 328.25 649.3808476911504 599.7933863263659 0.0 1.0
-611.5 503.0 260.0 327.75 664.4791331604138 600.3574821494993 0.0 1.0
-618.5 503.0 262.5 326.75 671.8992262110773 599.8124357450924 0.0 1.0
-613.5 503.0 249.5 327.0 662.3272397240383 599.9483311086047 0.0 1.0
-606.0 504.25 234.5 327.0 649.7893932873021 600.9967395939354 0.0 1.0
-627.0 505.0 242.5 326.0 672.2637989259363 601.0832500885872 0.0 1.0
-639.5 505.75 255.0 326.0 688.4658734064942 601.7134541006757 0.0 1.0
-626.5 507.0 261.0 326.75 678.7341829690985 603.1707551996316 0.0 1.0
-636.5 507.0 314.0 327.5 709.7489034486459 603.5770456205239 0.0 1.0
-622.0 507.5 305.5 327.5 692.9749650238587 603.9971634875264 0.0 1.0
-694.0 508.0 308.0 327.5 759.5179164711221 604.4172813545291 0.0 1.0
-687.75 508.0 301.0 328.5 750.7674755095852 604.9597094022047 0.0 1.0
-634.0 507.75 298.5 328.5 700.7934302522376 604.7498085503064 0.0 1.0
-671.0 507.0 282.0 329.25 727.8527120538797 604.5283834736749 0.0 1.0
-600.5 506.5 359.5 329.0 702.0751159589802 603.9728884643747 0.0 1.0
-287.75 507.5 387.0 329.75 491.3523148039451 605.2203797128552 0.0 1.0
-94.0 507.75 373.5 330.5 387.6847457092548 605.8385355025223 0.0 1.0
-38.5 507.5 363.5 330.5 365.5439125989535 605.6290733203568 0.0 1.0
-48.5 507.5 405.0 329.5 408.06954956300365 605.0839397425943 0.0 1.0
-35.0 507.0 387.0 329.5 388.5812519170204 604.6645764388716 0.0 1.0
-25.0 507.0 359.0 329.0 359.8697199676143 604.3924022696029 0.0 1.0
-23.5 507.0 355.0 329.5 355.7769681847593 604.6645764388716 0.0 1.0
-28.5 507.0 362.5 329.5 363.61877944544204 604.6645764388716 0.0 1.0
-43.0 507.0 336.5 329.5 339.97038941037795 604.6645764388716 0.0 1.0
153.0 507.5 365.5 329.5 397.2968607897003 605.0839397425943 0.0 1.0
190.0 507.25 384.0 329.75 428.4343590329795 605.010749814674 0.0 1.0
200.0 506.75 379.5 330.25 428.99239671420935 604.8641420366587 0.0 1.0
178.0 507.25 410.0 330.0 448.70307547036157 605.1469829866307 0.0 1.0
185.5 507.25 415.5 329.5 455.3661508409218 604.8742274609234 0.0 1.0
175.0 506.0 548.5 329.5 576.0100125013089 603.8263409292443 0.0 1.0
182.5 506.5 617.0 329.5 643.4375064767855 604.2454586840579 0.0 1.0
118.5 507.0 579.0 328.75 593.8402240574765 604.2562424171599 0.0 1.0
298.5 492.5 624.0 326.0 692.2572293184551 590.6573121549825 0.0 1.0
254.5 480.92857142857144 584.0 329.3928571428571 638.9871981322608 582.9365924699395 0.0 0.0
136.5 483.5 650.5 335.25 664.6751955906188 588.3869055663131 0.0 0.0
192.875 486.07142857142856 583.875 341.1071428571429 616.4088992502386 593.8372186626868 0.0 0.0
215.5 484.5 662.0 345.5 697.2352367979772 595.0753141879411 0.0 1.0
136.5 488.25 608.5 346.25 623.6734322140007 598.5667102303416 0.0 1.0
77.85 503.0 489.15 347.5 497.727120381821 611.3653206717026 0.0 1.0
25.64999999999999 501.5 397.35 348.75 401.18435458474664 610.843859517873 0.0 1.0
21.0 503.0 385.0 351.75 386.8759993099535 613.7892993434086 0.0 1.0
57.0 503.5 452.5 352.5 456.11801061354066 614.6288862147762 0.0 1.0
55.5 504.5 453.0 353.5 456.38751117077373 616.0215312914579 0.0 1.0
44.0 504.75 466.5 354.0 468.6186968098777 616.5132464970918 0.0 1.0
53.5 505.25 530.0 355.0 532.792543372135 617.4970308892104 0.0 1.0
55.5 504.75 485.0 355.0 488.1651972127444 617.0881206599491 0.0 1.0
52.0 504.75 478.5 354.0 481.3175062577829 616.5132464970918 0.0 1.0
49.5 503.75 482.5 353.5 485.03562049385835 615.4074365520466 0.0 1.0
-1.4166666666666643 503.0 447.58333333333337 352.0 473.2356529369655 613.9329533971107 0.0 1.0
-203.08333333333331 505.0 435.91666666666663 339.0 553.5503381648809 608.2480385609355 0.0 1.0
-404.75 507.0 424.25 333.5 633.8650233927963 606.8537093048824 0.0 1.0
-554.25 506.5 432.75 331.0 686.2386858888863 605.064727790076 0.0 1.0
-547.25 505.5 444.25 331.25 654.7892801894998 604.3649939695433 0.0 1.0
-581.5 504.5 382.0 331.5 696.285119057027 603.6659468530981 0.0 1.0
-471.5 502.75 320.0 330.75 569.8366675663142 601.791695601083 0.0 1.0
-528.0 502.25 340.0 329.75 628.2092836799611 600.8245419020831 0.0 1.0
-568.3723404255319 502.0 357.8989361702128 328.0 675.6916369099151 599.6578831571763 0.0 1.0
-546.2021276595744 501.5 358.4308510638298 329.5 662.4961513682126 600.0604764362195 0.0 1.0
-524.031914893617 501.5 358.9627659574468 329.0 649.3006658265102 599.7868040166231 0.0 1.0
-501.86170212765956 501.5 359.49468085106383 328.25 636.1051802848077 599.3751294407568 0.0 1.0
-479.6914893617021 503.0 360.0265957446809 327.5 622.9096947431052 600.2211472210629 0.0 1.0
-457.52127659574467 503.75 360.5585106382979 327.75 609.7142092014027 600.9859741283384 0.0 1.0
-435.3510638297872 505.0 361.0904255319149 327.5 596.5187236597003 601.8981857303978 0.0 1.0
-413.1808510638298 505.5 361.6223404255319 327.5 583.3232381179978 602.317625372035 0.0 1.0
-391.01063829787233 506.5 362.1542553191489 326.5 570.1277525762953 602.6151157205226 0.0 1.0
-368.8404255319149 505.5 362.686170212766 326.5 556.9322670345928 601.7745205585206 0.0 1.0
-346.67021276595744 505.5 363.218085106383 325.5 543.7367814928903 601.2325450898795 0.0 1.0
-324.5 517.0 363.75 270.5 530.5412959511877 583.9637025270856 0.0 1.0
-302.32978723404256 514.0 364.281914893617 255.0 517.3458104094854 573.7841089405591 0.0 1.0
-280.1595744680851 514.0 364.813829787234 250.5 504.15032486778284 571.7923154589832 0.0 1.0
-257.98936170212767 513.5 365.3457446808511 248.5 490.95483932608033 570.46884451451 0.0 1.0
-235.8191489361702 515.0 365.8776595744681 247.5 477.7593537843779 571.3853778318098 0.0 1.0
-213.64893617021275 514.5 366.4095744680851 248.0 464.5638682426754 571.1520774460424 0.0 1.0
-191.4787234042553 513.5 366.9414893617021 248.0 451.3683827009729 570.2510826677153 0.0 1.0
-169.30851063829786 513.5 367.4734042553191 248.5 438.1728971592704 570.46884451451 0.0 1.0
-147.13829787234042 514.0 368.00531914893617 249.5 424.97741161756795 571.3547496958436 0.0 1.0
-124.96808510638297 512.5 368.5372340425532 250.0 411.78192607586544 570.2247828527007 0.0 1.0
-102.79787234042553 512.5 369.0691489361702 251.0 398.586440534163 570.6639137843226 0.0 1.0
-80.62765957446808 515.0 369.6010638297872 253.5 385.3909549924605 574.009844763506 0.0 1.0
-76.5 515.5 373.5 255.5 381.42860990055743 575.3439846715689 0.0 1.0
23.0 515.0 420.5 256.0 421.15911525608357 575.1184229928425 0.0 1.0
14.0 514.0 448.5 256.5 448.7345448443305 574.4460375004775 0.0 1.0
16.0 510.5 435.25 260.0 435.5464596249684 572.9139532132206 0.0 1.0
15.75 504.0 428.75 323.5 429.04161142798694 598.8909217741182 0.0 0.0
-14.666666666666666 507.5 485.25 326.5 486.4342570280435 603.4555270970674 0.0 1.0
24.666666666666668 507.0 526.25 327.0 529.6455954319285 603.3059534305308 0.0 1.0
64.0 506.5 567.25 327.0 572.8569338358134 602.8857686162446 0.0 1.0
65.5 506.75 631.5 327.0 635.6609646184249 603.0958305891093 0.0 1.0
96.0 506.75 713.0 327.75 720.0838593600781 603.5032817123063 0.0 1.0
62.5 504.25 620.5 334.0 626.4932737135854 604.8403264927854 0.0 1.0
-70.0 507.0 685.0 344.75 685.5834437774488 613.1081513393466 0.0 1.0
-40.0 507.5 704.75 345.5 705.6198552801898 613.9437943276613 0.0 1.0
-30.5 507.25 689.5 346.0 690.1759775657999 614.0183892570662 0.0 1.0
56.0 507.5 681.0 346.0 688.1503360207253 614.2249180878288 0.0 1.0
55.5 508.5 682.5 346.0 684.7528751308753 615.0516778842564 0.0 1.0
40.5 509.75 686.0 345.0 687.3035258706539 615.5242335886273 0.0 1.0
28.0 510.0 673.0 345.25 673.5824491157293 615.8714195015327 0.0 1.0
45.0 510.75 677.5 345.5 679.1719685032547 616.6326557368584 0.0 1.0
21.625 510.5 599.5 345.75 599.9814351389296 616.5657753607832 0.0 1.0
11.125 511.25 492.8333333333333 347.0 493.1032698502014 617.8881189319961 0.0 1.0
0.625 496.0 386.16666666666663 341.5 386.22510456147324 602.2041842343699 0.0 1.0
-31.5 472.57142857142856 517.5 322.07142857142856 518.5142683112302 572.019394882489 0.0 0.0
-18.5 460.0 501.5 303.5 501.9839686116376 551.306250973601 0.0 0.0
-22.0 447.42857142857144 516.5 284.92857142857144 517.0280351559779 530.5931070647131 0.0 0.0
-63.0 482.0 573.0 305.5 578.4546519844091 570.6888282322411 0.0 0.0
-39.0 499.25 565.0 322.5 566.3458478924391 594.367011702717 0.0 1.0
-28.5 503.75 564.0 326.5 564.7280079256216 600.3074321176709 0.0 1.0
-26.5 503.75 533.5 323.0 534.1582084077438 598.4089349792182 0.0 1.0
-25.5 506.0 532.0 325.0 532.6113281192197 601.3828449929359 0.0 1.0
-15.5 506.75 516.5 330.5 516.7586172127417 605.0007373172696 0.0 1.0
98.0 507.75 460.5 331.5 472.52756752888615 606.3846242896986 0.0 1.0
151.0 507.0 470.0 345.25 493.6706637411688 613.4601567142332 0.0 1.0
144.0 511.0 468.5 354.75 490.13779408496725 622.0713233929409 0.0 1.0
149.0 512.5 477.0 354.25 499.7397803710817 623.0163358958137 0.0 1.0
155.5 510.5 452.5 352.25 478.4730922423956 620.2341845314409 0.0 1.0
155.5 510.5 450.5 354.0 476.5827716898958 621.2301709396265 0.0 1.0
140.0 510.75 517.5 355.0 536.114922924449 622.0052916644954 0.0 1.0
124.0 509.5 443.0 367.0 460.0746721772069 627.9842556730955 0.0 1.0
103.5 505.5 384.5 383.5 398.1892850188982 634.5100399187111 0.0 1.0
101.0 506.25 395.5 383.5 408.50194059687254 635.1073718701364 0.0 1.0
84.0 506.25 388.5 384.75 397.98054138406246 635.862899752728 0.0 1.0
112.5 506.25 362.5 383.25 379.7662842626475 634.9564927258236 0.0 1.0
27.60000000000001 505.75 336.45000000000005 384.0 369.84637675831516 635.0112346994656 0.0 1.0
-101.59999999999998 505.75 307.04999999999995 383.75 356.9709265490029 634.860260816878 0.0 1.0
-278.0 505.25 295.5 383.25 408.9454235089778 634.1593863636692 0.0 1.0
-538.0 504.5 285.0 382.25 608.958798228376 632.9577898406313 0.0 1.0
-570.0 504.25 311.5 382.75 649.5693892039835 633.0608587377224 0.0 1.0
-534.0 503.0 299.5 376.0 612.2595236617835 628.0232234012166 0.0 1.0
-527.0 503.5 297.5 337.0 605.1740027365878 605.872305028048 0.0 1.0
-533.1666666666666 501.75 300.91666666666663 337.0 612.2244526950622 604.4189253875238 0.0 1.0
-543.3888888888889 500.5 307.4722222222222 337.0 624.3498887901956 603.3815774332913 0.0 1.0
-553.6111111111111 499.75 314.0277777777778 337.5 636.4753248853291 603.0392921021853 0.0 1.0
-563.8333333333334 499.5 320.58333333333337 337.0 648.6007609804625 602.5522798894715 0.0 1.0
-592.0 499.25 328.0 337.0 676.8368226002106 602.3450689294452 0.0 1.0
-599.5 500.25 326.0 337.0 682.4051231255119 603.1745503299876 0.0 1.0
-582.5 500.75 322.5 343.25 665.8174247509951 607.100592329221 0.0 1.0
-603.5 501.25 327.5 343.75 686.635973137948 607.7957133748763 0.0 1.0
-607.0 502.5 325.5 345.5 688.7668025106746 609.8169149437008 0.0 1.0
-610.5 503.0 293.0 347.5 677.9790946090534 611.3634485095108 0.0 1.0
-606.0 504.25 297.5 349.25 675.7460385050415 613.3871094252552 0.0 1.0
-612.5 503.75 301.5 350.25 683.3001946962521 613.5468199922113 0.0 1.0
-627.0 504.25 304.5 353.25 697.7254744550776 615.6734087488867 0.0 1.0
-731.0 504.75 282.5 354.75 783.6887903102696 616.9442813620794 0.0 1.0
-756.0 504.75 288.0 355.25 809.0113889112031 617.2318273279661 0.0 1.0
-721.5 493.0 281.0 349.25 774.2889523340166 604.1878257114738 0.0 1.0
-730.5 482.0 278.0 340.0 781.6102671240017 589.8524748147945 0.0 1.0
-700.0 480.5 268.0 333.5 749.6309229480947 584.8961699788888 0.0 1.0
-625.0 475.0 251.0 333.0 673.5182708116618 580.0985515611558 0.0 1.0
-707.5 475.5 276.5 332.5 759.6126512248405 580.2210916412652 0.0 1.0
-693.5 475.0 270.5 332.0 744.3873601631367 579.5248053362341 0.0 1.0
-685.0 473.5 267.5 330.5 735.3783833748402 577.4361569318387 0.0 1.0
-647.0 473.5 261.5 330.5 697.8478872290625 577.4365633278114 0.0 1.0
-641.0 483.5 260.5 332.0 691.9118116508347 586.520464276746 0.0 1.0
-679.0 490.5 312.0 335.5 747.7784681664165 594.266006468978 0.0 1.0
-705.0 489.5 351.5 335.5 787.767383322578 593.4399575057512 0.0 1.0
-673.5 490.0 222.0 335.5 709.1468602847594 593.8521871697948 0.0 1.0
-672.5 489.75 223.0 334.75 708.509191730197 593.2222427276839 0.0 1.0
-686.5 489.25 286.5 334.25 745.7764753097546 592.5273236542577 0.0 1.0
-707.0 489.25 297.0 334.0 768.6636991276612 592.3863455283237 0.0 1.0
-737.5 490.75 229.5 333.5 772.3843062842359 593.345648209613 0.0 1.0
-699.0 502.5 285.5 336.5 756.7029048744637 604.7702970956274 0.0 1.0
-690.5 514.25 336.5 352.5 768.1292209841795 623.4656253367508 0.0 1.0
-677.5 514.75 328.0 356.5 752.7220121921355 626.1470424225677 0.0 1.0
-674.5 514.25 324.0 357.0 748.2824661521722 626.0209624514922 0.0 1.0
-673.0 514.0 323.5 357.0 746.7136333984371 625.8155330086981 0.0 1.0
-659.5 514.25 280.5 357.5 717.5424043257187 626.3063296652688 0.0 1.0
-670.0 513.5 241.0 359.25 712.0259865628155 626.6919651533335 0.0 1.0
-672.5 513.25 248.0 359.0 716.7707303792263 626.3440494817097 0.0 1.0
-648.0 513.25 369.5 359.25 745.9665216345993 626.4871337677796 0.0 1.0
-601.5 508.75 353.5 357.5 697.7672519150833 621.8045915900491 0.0 1.0
-547.0 488.2142857142857 338.0 328.2142857142857 643.0032510966303 589.1731689861911 0.0 0.0
-579.0 466.5 348.5 288.5 675.8365562594648 549.9176833608636 0.0 0.0
-619.0 444.78571428571433 361.5 248.78571428571428 716.8286137312089 510.6621977355363 0.0 0.0
-623.0 444.25 359.5 241.75 719.2841092015351 505.921547644635 0.0 0.0
-661.5 482.5 279.0 344.5 722.2148786042902 592.8993878495826 0.0 0.0
-663.5 505.5 208.0 357.5 695.352834229376 619.1422195032268 0.0 1.0
-635.0 508.5 205.0 360.75 667.2706871183871 623.4683791458513 0.0 1.0
-664.0 511.0 206.0 358.25 695.2226617608037 624.0758962381427 0.0 1.0
-673.5 510.5 208.5 357.5 705.0353829782562 623.2307616454117 0.0 1.0
-672.5 507.0 211.0 358.0 704.8243449130082 620.6553216952964 0.0 1.0
-777.5 490.0 373.5 360.5 863.33822932763 608.3773005586212 0.0 1.0
-689.5 479.75 376.0 358.25 785.357525396259 598.7516565972837 0.0 1.0
-689.0 480.5 374.5 358.0 784.2010628754465 599.2030123422278 0.0 1.0
-690.0 480.0 372.5 358.5 784.1277000591166 599.1016105116634 0.0 1.0
-679.0 479.5 362.5 358.0 769.7059874742615 598.4014120972644 0.0 1.0
-657.0 479.25 300.0 358.0 723.7992207901414 598.2011241085406 0.0 1.0
-654.0 478.5 241.0 358.0 696.9918680397848 597.6004850391373 0.0 1.0
-562.5 478.0 331.0 357.75 652.6623046635923 597.0503350307085 0.0 1.0
-551.5 478.25 329.0 357.25 642.1801482912783 596.9512102610478 0.0 1.0
-535.0 477.75 327.0 356.0 627.0249705687357 595.8030407148004 0.0 1.0
-523.0 477.0 325.0 356.0 615.7548213371942 595.201646503099 0.0 1.0
-529.0 476.0 326.5 356.0 621.6574555969854 594.4005383577643 0.0 1.0
-600.5 477.25 278.5 356.0 662.4865490911554 595.4020363115369 0.0 1.0
-602.0 477.5 241.5 356.0 648.6342037359215 595.6024261199748 0.0 1.0
-592.5 478.0 235.5 356.0 637.5879629440105 596.0034305232383 0.0 1.0
-595.5 478.5 237.0 356.0 640.9285375289096 596.4044349265018 0.0 1.0
-591.5 479.5 232.5 357.0 635.5537033989856 597.8036885132109 0.0 1.0
-606.25 480.0 226.25 357.0 647.2563149035865 598.2048888451964 0.0 1.0
-659.5 480.25 217.5 356.75 694.4403447092427 598.2566713431249 0.0 1.0
-657.325 478.75 215.35000000000002 355.75 691.7028441423902 596.4560588204815 0.0 1.0
-652.425 478.5 213.14999999999998 355.0 686.3622734061064 595.8080647322593 0.0 1.0
-647.525 479.75 210.95 355.75 681.0217026698224 597.2589449359441 0.0 1.0
-642.625 480.25 208.75 355.5 675.6811319335385 597.5117861801034 0.0 1.0
-637.725 480.5 206.55 355.75 670.3405611972546 597.8614830131212 0.0 1.0
-638.5 479.5 208.0 356.5 671.5253338371772 597.5052620518418 0.0 1.0
-636.0 479.75 207.5 356.5 668.9934783321695 597.7058763445914 0.0 1.0
-636.0 479.25 205.5 357.75 668.375847583673 598.0515752476103 0.0 1.0
-643.0 478.25 208.0 358.0 675.8058078542305 597.4005064452429 0.0 1.0
-671.375 478.25 285.0 358.25 716.7497147730878 597.5508568781567 0.0 1.0
-632.5 479.25 255.0 359.0 681.9690439362311 598.8001210461955 0.0 1.0
-774.5 478.75 257.75 359.0 816.3126719918082 598.4000208848503 0.0 1.0
-710.5 478.75 252.75 358.75 754.1709875448705 598.2501546053741 0.0 1.0
-633.375 478.8888888888889 227.875 356.3611111111111 673.1208271774746 596.9721987917441 0.0 1.0
-688.5 478.44444444444446 229.5 347.80555555555554 725.9170067827979 591.6597905493621 0.0 0.0
-697.5 478.0 246.0 339.25 739.6113996852716 586.3473823069802 0.0 0.0
-661.5 477.55555555555554 251.5 330.69444444444446 707.6968691015271 581.0349740645983 0.0 0.0
-673.5 477.1111111111111 253.5 322.1388888888889 719.6286443135614 575.7225658222163 0.0 0.0
-651.5 490.0 268.5 343.5 704.8012959107512 598.4194413868231 0.0 1.0
-629.25 500.75 270.16666666666663 340.5 684.8833716316055 605.562640296523 0.0 1.0
-706.25 505.75 280.83333333333337 343.5 760.1158241155155 611.3821589336521 0.0 1.0
-676.0 506.25 279.0 347.0 731.5052817344666 613.7574784061871 0.0 1.0
-619.5 505.75 270.5 347.25 675.9813359500828 613.486921043266 0.0 1.0
-615.5 505.25 270.0 346.25 672.1172295106562 612.5085679305823 0.0 1.0
-612.5 505.75 271.0 346.0 669.7740596112667 612.779799296738 0.0 1.0
-607.0416666666667 510.25 275.33333333333337 344.75 669.1770546269865 615.8078336695487 0.0 1.0
-585.2083333333333 508.5 288.66666666666663 347.75 665.1682048862148 616.038072456988 0.0 1.0
-563.375 507.75 329.0 349.5 661.159355145443 616.40943378945 0.0 1.0
-548.0 508.75 344.0 351.5 647.3077998556134 618.3681094886101 0.0 1.0
-551.5 508.75 316.0 352.0 635.6174132212227 618.6522308482831 0.0 1.0
-554.5 509.25 313.0 353.0 636.7420960229649 619.6326192062063 0.0 1.0
-557.5 510.25 311.0 353.5 638.3787595667313 620.7393275437983 0.0 1.0
-558.0 511.0 309.5 353.75 638.0863969714446 621.4982741339597 0.0 1.0
-557.0 509.75 308.5 352.75 636.7279621471744 619.9014842075085 0.0 1.0
-557.0 507.25 309.5 349.25 637.2121214444704 615.8575701432424 0.0 1.0
-562.0 485.5 313.5 334.5 643.5270222785136 589.5765435969104 0.0 1.0
-563.0 485.0 317.5 334.25 646.3698003132891 589.0230087814567 0.0 1.0
-547.0 485.0 315.5 334.75 631.466322458941 589.3071724478577 0.0 1.0
-612.0 485.5 329.5 336.0 695.1818940581066 590.4292793990919 0.0 1.0
-714.5 485.5 350.0 336.5 795.6244217146348 590.7136202300842 0.0 1.0
-720.5 484.75 221.0 336.75 753.632395445583 590.239990233142 0.0 1.0
-724.5 484.5 222.0 337.0 757.7494780323358 590.1773038672361 0.0 1.0
-749.5 484.5 222.0 337.5 781.726922818403 590.4630964950933 0.0 1.0
-719.0 485.0 229.5 337.0 754.825033017602 590.5879116619633 0.0 1.0
-851.25 485.0 244.375 336.5 885.8678554087309 590.3026900001112 0.0 1.0
-485.0 484.75 277.75 336.0 571.3618141181307 589.8123284426517 0.0 1.0
549.0 485.0 268.33333333333337 336.25 827.4000665261581 590.1602364704096 0.0 1.0
-451.0 485.5 237.66666666666669 335.5 755.6940761671732 590.1445422940743 0.0 1.0
-697.625 485.75 226.625 335.75 733.5128429288202 590.4923758753764 0.0 1.0
-696.375 486.5 222.875 336.5 731.1837224108274 591.5358561406889 0.0 1.0
-696.2083333333333 487.5 219.375 338.25 729.9692220084396 593.3543247412817 0.0 1.0
-696.0416666666667 519.0 215.875 351.0 728.754721606052 626.5936489373062 0.0 1.0
-690.1875 519.75 213.5 360.0 722.4549612396543 632.2500570903455 0.0 1.0
-682.4375 518.25 211.5 361.5 714.4601142185863 631.8745893056999 0.0 1.0
-674.0 518.25 210.5 360.5 706.1064113518125 631.3054932383774 0.0 1.0
-672.5 519.75 208.5 360.0 704.0801740033053 632.25024217496 0.0 1.0
-668.5 519.5 210.0 361.5 700.7083915581431 632.9000711012758 0.0 1.0
-672.0 518.25 209.5 362.25 703.9006517561711 632.3052238885849 0.0 1.0
-672.5 518.0 211.0 362.25 704.8242793786651 632.0990413571047 0.0 1.0
-671.0 519.25 212.5 362.5 703.8446368254215 633.266794471064 0.0 1.0
-678.0 520.0 213.5 362.75 710.8211049514235 634.025081276428 0.0 1.0
-535.0 519.25 333.5 362.25 630.4375624500099 633.1238803305246 0.0 1.0
-571.5 520.0 347.5 360.75 668.8591645287995 632.8827732629339 0.0 1.0
-592.5 519.75 355.5 359.5 690.967991092044 631.9654934109521 0.0 1.0
-568.0 521.25 345.5 361.25 664.8264875569129 634.195040741482 0.0 1.0
-564.5 520.5 344.0 358.75 661.0569700854455 632.1575369345975 0.0 1.0
-567.0 522.0 343.5 361.0 662.9339581586114 634.6692051769961 0.0 1.0
-560.5 504.75 341.0 360.75 656.080594864243 620.4791787962106 0.0 1.0
-545.5 490.07142857142856 334.5 312.57142857142856 639.8911227745882 587.1121222893509 0.0 0.0
-540.0 493.5 332.5 250.0 634.1579603909461 562.3018590502786 0.0 0.0
-538.0 496.92857142857144 333.0 187.42857142857144 632.7187576196932 537.4915958112063 0.0 0.0
-535.5 499.0 333.0 233.0 630.594362486694 557.1215168471809 0.0 0.0
-567.5 497.75 299.0 353.5 643.1560929220636 610.5079403488869 0.0 1.0
-647.0 509.5 251.5 362.25 694.1891500008462 625.1524796596616 0.0 1.0
-586.0 512.5 245.5 363.75 635.3559970947681 628.466829522027 0.0 1.0
-588.5 522.5 246.5 359.75 638.0399111117927 634.3728783476736 0.0 1.0
-588.5 520.0 246.0 359.5 637.8466016103514 632.1718202474733 0.0 1.0
-589.5 521.25 246.0 359.0 638.769659349561 632.9159364468337 0.0 1.0
-587.0 521.5 247.0 358.5 636.8500608463503 632.8385811332977 0.0 1.0
-584.0 523.25 248.5 358.75 634.671778313687 634.423797533797 0.0 1.0
-601.5 524.25 249.5 359.0 651.1935745299944 635.388964413611 0.0 1.0
-587.5 525.25 248.0 359.0 637.7005304763984 636.2143006363895 0.0 1.0
-587.5 524.0 244.5 357.0 636.3467729579647 634.0545487145677 0.0 1.0
-592.0 524.25 238.5 355.25 638.2368290846275 633.2777791371847 0.0 1.0
-568.0 531.5 231.5 357.0 613.3649570326056 640.2680498984803 0.0 1.0
-567.0 532.25 222.5 355.0 609.0941388864716 639.7780901703635 0.0 1.0
-568.5 530.5 216.0 356.0 608.1518445328609 638.8789616392648 0.0 1.0
-577.0 524.5 237.5 355.0 623.9865528772987 633.344557523551 0.0 1.0
-689.625 525.25 269.625 354.5 740.5245432683403 633.6861366203585 0.0 1.0
-605.5 523.0 253.5 354.0 656.4247345440037 631.5418264448879 0.0 1.0
-595.5 521.75 254.5 354.5 647.6036635095675 630.7880939685467 0.0 1.0
-589.5 520.5 262.0 354.25 645.1038796046084 629.6138107139972 0.0 1.0
-683.875 520.0 234.5 353.25 740.9590224540177 628.6378967774074 0.0 1.0
-872.5 520.0 326.5 353.25 931.6260821732799 628.6378967774074 0.0 1.0
-606.25 520.5 333.5 353.0 694.8380841310016 628.9115456617583 0.0 1.0
-541.5 520.0 337.5 353.0 638.0673811590389 628.4975506200285 0.0 1.0
-543.5 519.0 338.5 353.5 640.2928817138575 627.9518826340302 0.0 1.0
-541.0 512.75 342.0 344.75 640.035527007799 617.8866364498401 0.0 1.0
-541.0 507.0 343.5 323.0 640.8388931890652 601.1475112819467 0.0 1.0
-557.0 507.75 350.5 321.75 658.1048584969947 601.1100099115899 0.0 1.0
-570.0 508.5 355.0 320.5 671.5098982103256 601.0763975395956 0.0 1.0
-569.0 507.0 350.0 317.0 668.0277454011826 597.9452735274281 0.0 1.0
-570.5 507.5 342.5 320.0 665.415201207798 599.9639369020462 0.0 1.0
-572.5 506.75 338.0 320.25 664.8310421585604 599.4627853748848 0.0 1.0
-617.0 505.5 271.0 319.25 674.2524005372453 597.8719404515236 0.0 1.0
-632.0 507.5 247.0 321.5 678.5574138969552 600.7649349506461 0.0 1.0
-628.0 511.0 246.5 323.75 674.6454259228467 604.9258563892485 0.0 1.0
-623.0 510.75 246.5 324.5 669.9934771414609 605.1164312937407 0.0 1.0
-622.5 511.75 248.5 325.0 670.2675419839607 606.2285711369921 0.0 1.0
-563.5 511.0 266.5 323.5 624.5147633037734 604.7922998611281 0.0 1.0
-529.5 512.0 265.5 323.0 593.9848380284582 605.3701934940595 0.0 1.0
-444.27083333333337 512.75 200.5625 323.25 535.7900251767958 606.1378812686085 0.0 1.0
-381.96527777777777 513.75 205.3125 324.0 544.7816430492978 607.3840399175904 0.0 1.0
-319.6597222222222 516.25 210.0625 325.5 553.7732609217998 610.2985874740148 0.0 1.0
-257.35416666666663 515.5 214.8125 325.5 562.7648787943017 609.6642518632694 0.0 1.0
-195.04861111111111 515.5 219.5625 326.5 571.7564966668037 610.1987381173449 0.0 1.0
-132.74305555555554 516.0 224.3125 326.0 580.7481145393057 610.3539956451501 0.0 1.0
-70.43749999999997 516.0 229.0625 325.5 589.7397324118076 610.087142270433 0.0 1.0
-8.131944444444429 515.5 233.8125 325.5 598.7313502843097 609.6642518632694 0.0 1.0
54.17361111111114 515.0 238.5625 325.5 607.7229681568116 609.2415366666984 0.0 1.0
116.47916666666669 511.5 243.3125 327.0 616.7145860293135 607.0954913931329 0.0 1.0
178.78472222222223 508.0 248.0625 329.5 625.7062039018155 605.5046108143507 0.0 1.0
241.09027777777783 506.5 252.8125 351.0 634.6978217743174 616.2335783642727 0.0 1.0
303.39583333333337 510.5 257.5625 357.5 643.6894396468194 623.2350683441823 0.0 1.0
365.7013888888889 508.5 262.3125 359.5 652.6810575193214 622.7459353540576 0.0 1.0
428.00694444444446 509.5 267.0625 359.0 661.6726753918233 623.2747524638644 0.0 1.0
490.3125 507.5 271.8125 359.0 670.6642932643254 621.6409064905024 0.0 1.0
552.6180555555557 507.5 276.5625 360.0 679.6559111368273 622.2189456396311 0.0 1.0
614.9236111111111 506.5 281.3125 359.5 688.6475290093292 621.1139299704801 0.0 1.0
655.0 505.5 289.5 358.5 716.1252137305257 619.7197060498029 0.0 1.0
530.75 504.5 326.5 357.0 623.5135547372597 618.0366204680333 1.0 1.0
522.75 504.0 325.5 356.5 615.8623689193487 617.3397228189792 1.0 1.0
515.25 503.5 318.0 355.0 605.4898307158167 616.0660135182836 1.0 1.0
408.25 504.5 376.5 354.0 555.3561278904526 616.3087031023958 0.0 1.0
466.0 505.5 335.5 355.0 576.2185703773638 617.7018147638082 0.0 1.0
525.75 509.5 361.75 354.0 644.8980290832392 620.4081973941685 0.0 1.0
414.75 510.5 574.75 355.5 724.2325792256215 622.0857403582266 0.0 1.0
291.75 512.0 683.5 355.5 743.6224221577692 623.3171996028439 0.0 1.0
319.08333333333337 513.0 661.4166666666667 355.0 735.3182296610603 623.8542145025499 0.0 1.0
227.41666666666666 513.5 617.0833333333333 354.625 658.7236893203977 624.0522192539938 0.0 1.0
232.75 512.75 638.25 354.5 669.2954801508181 623.3641253015089 0.0 1.0
270.41666666666663 511.75 681.25 354.5 708.9227147049329 622.5418321417025 0.0 1.0
308.0833333333333 511.75 724.25 354.25 748.5499492590476 622.3995870803301 0.0 1.0
94.5 511.75 767.25 354.75 788.1771838131624 622.6842128826058 0.0 1.0
235.5 510.5 777.7115384615385 355.25 810.3912434026485 621.9428065413961 0.0 1.0
185.0 508.5 690.5576923076923 356.75 780.3657780982487 621.1636052992844 0.0 1.0
-22.449999999999996 507.0 603.4038461538461 357.5 750.340312793849 620.3670953736357 0.0 1.0
-153.04999999999998 505.5 516.25 358.0 720.3148474894492 619.4307196882006 0.0 1.0
-283.65 504.25 429.0961538461538 358.5 690.2893821850494 618.7005200292327 0.0 1.0
-414.25 507.75 341.9423076923076 356.5 660.2639168806496 620.4165451126748 0.0 1.0
-544.8499999999999 504.25 254.78846153846155 335.25 630.2384515762499 605.5284326647259 0.0 1.0
-572.625 501.5 239.375 334.5 620.6609775679939 602.8204701124373 0.0 1.0
-573.6944444444445 502.5 253.75 331.75 627.6183734624437 602.1392072042131 0.0 1.0
-576.4722222222222 505.0 276.75 329.0 640.6275532528562 602.7156672167058 0.0 1.0
-579.25 505.0 299.75 328.5 653.6367330432688 602.4427358678997 0.0 1.0
-582.0277777777778 505.0 322.75 329.0 666.6459128336812 602.71683200231 0.0 1.0
-584.8055555555555 506.0 345.75 326.5 679.6550926240939 602.1945283710239 0.0 1.0
-535.7209302325582 506.5 366.1744186046511 327.25 652.828439620939 603.0215951149358 0.0 1.0
-502.6046511627907 507.5 346.87209302325584 327.0 630.2796352514235 603.7261989863531 0.0 1.0
-469.48837209302326 509.25 327.56976744186045 327.0 607.7308308819083 605.1979682273779 0.0 1.0
-436.3720930232558 509.25 308.2674418604651 326.75 585.1820265123931 605.0629146510084 0.0 1.0
-403.25581395348837 509.25 288.9651162790698 327.5 562.6332221428778 605.4682739715192 0.0 1.0
-370.1395348837209 508.75 269.66279069767444 327.75 540.0844177733625 605.1831380587761 0.0 1.0
-337.0232558139535 509.0 250.36046511627907 328.25 517.5356134038473 605.6641863623652 0.0 1.0
-303.906976744186 508.5 231.0581395348837 329.5 494.98680903433194 605.9229108799782 0.0 1.0
-270.7906976744186 508.0 211.75581395348837 329.25 472.4380046648167 605.3673318835787 0.0 1.0
-237.67441860465115 507.5 192.45348837209303 329.0 449.8892002953014 604.811808727413 0.0 1.0
-204.5581395348837 506.5 173.1511627906977 331.0 427.34039592578614 605.064727790076 0.0 1.0
-171.44186046511624 506.25 153.84883720930236 330.75 404.7915915562709 604.7187319207668 0.0 1.0
-138.32558139534882 506.25 134.546511627907 330.0 382.24278718675555 604.3088136210672 0.0 1.0
-105.20930232558138 505.75 115.24418604651164 329.5 359.69398281724034 603.6168744524916 0.0 1.0
-72.09302325581393 505.0 95.94186046511629 329.5 337.145178447725 602.9886604659519 0.0 1.0
-38.97674418604646 504.5 76.63953488372096 329.25 314.59637407820975 602.4332795682169 0.0 1.0
-5.860465116279045 505.25 57.33720930232559 328.75 292.0475697086945 602.78894121044 0.0 1.0
27.25581395348837 507.25 38.03488372093025 328.5 269.49876533917916 604.3304345991558 0.0 1.0
60.37209302325584 508.5 18.732558139534916 328.5 246.94996096966392 605.3796329577003 0.0 1.0
93.48837209302332 508.5 -0.5697674418604493 328.75 224.40115660014862 605.5153644433507 0.0 1.0
126.60465116279073 508.75 -19.872093023255786 329.25 201.85235223063336 605.9968073213201 0.0 1.0
159.72093023255815 506.0 -39.17441860465115 329.0 179.3035478611181 603.5548682638305 0.0 1.0
188.5 489.3928571428571 -14.5 313.5 189.1467477119833 581.2924120485936 0.0 0.0
183.0 471.25 29.0 293.5 185.9111465161185 555.3260043613566 0.0 0.0
154.5 453.1071428571429 239.0 273.5 303.60434044649674 529.3595966741193 0.0 0.0
29.5 442.25 386.5 303.25 387.6357154286117 537.3999143841841 0.0 0.0
34.5 499.0 405.5 359.75 406.9672494055526 615.2506799940824 0.0 0.0
116.0 506.0 389.5 362.0 406.49968675729826 622.1621024709984 0.0 1.0
63.0 507.0 385.5 363.0 391.211383986011 623.5603150626998 0.0 1.0
-100.5 503.5 602.8333333333333 360.0 610.5883483849462 618.9619424935337 0.0 1.0
-30.875 502.75 614.1666666666667 361.75 615.7761751238214 619.3712511579474 0.0 1.0
22.0 501.75 792.0 361.5 792.3768690967779 618.413545754168 0.0 1.0
38.5 499.5 779.5 362.0 779.7209008139381 616.8833153941798 0.0 1.0
25.5 498.0 690.5 362.25 691.2123287594278 615.8158031205894 0.0 1.0
18.25 497.5 667.25 362.5 667.6501192079908 615.5587597456787 0.0 1.0
93.0 495.5 754.375 362.25 756.3241907320796 613.7958302234416 0.0 1.0
242.0 493.5 723.875 361.75 731.1803297504684 611.8866899440434 0.0 1.0
66.5 491.5 634.0 361.25 639.6798451429195 609.9785418057347 0.0 1.0
82.75 490.0 515.1666666666667 360.5 560.8536877552713 608.3259095282358 0.0 1.0
184.41666666666669 488.75 446.05555555555554 359.25 552.6089297335282 606.5783108151049 0.0 1.0
286.08333333333337 488.5 376.94444444444446 358.5 544.3641717117848 605.9327520443172 0.0 1.0
387.75 487.75 307.8333333333333 358.25 536.1194136900417 605.1802903279033 0.0 1.0
415.5 486.75 266.5 356.75 494.868988265128 603.4866426858378 0.0 1.0
519.5 486.5 314.0 356.0 608.8323070390591 602.8419467959619 0.0 1.0
507.5 485.5 320.0 355.75 600.8627602135939 601.887814212583 0.0 1.0
505.0 485.5 313.0 355.75 595.4400239048864 601.8873259719727 0.0 1.0
545.5 485.0 344.5 355.0 646.8831933884015 601.0411702242318 1.0 1.0
509.5 484.75 320.0 354.5 602.5281105344068 600.5437821493636 1.0 1.0
533.5 484.5 297.0 354.25 610.6004976003502 600.1946013018204 1.0 1.0
490.5 485.25 298.5 353.75 574.5476048327656 600.5054096366864 1.0 1.0
484.5 485.0 322.5 353.5 583.8012582242579 600.1560936408675 0.0 1.0
544.0 484.75 307.0 353.25 624.6479737145539 599.806841404747 0.0 1.0
546.0 484.75 306.5 352.75 626.1455501718431 599.5124085704344 1.0 1.0
547.5 484.0 307.5 352.5 627.9432219953947 598.7589971325552 1.0 1.0
529.0 483.5 390.0 353.0 661.6972767022535 598.6496580431259 1.0 1.0
552.0 483.5 311.0 352.5 633.5811204351064 598.3548278404712 1.0 1.0
552.5 483.25 311.0 352.75 634.0168423156344 598.3002983674139 1.0 1.0
507.5 483.0 366.5 353.5 630.033557120251 598.5410702676124 1.0 1.0
555.5 483.25 320.5 354.0 641.3272177231656 599.0380491472836 1.0 1.0
544.0 483.75 315.5 354.5 628.8773460782952 599.7369238215838 1.0 1.0
538.0 484.25 311.5 355.25 621.6800842055789 600.583572771893 1.0 1.0
486.625 483.0 276.15625 357.0 607.6695684872036 600.6150922159466 1.0 1.0
241.125 482.25 284.78125 358.25 587.6173390962485 600.7567637623285 0.0 1.0
-4.375 480.75 293.40625 359.75 567.5651097052935 600.4508205552359 0.0 1.0
-249.875 472.5 302.03125 358.5 547.5128803143384 593.1216569006706 0.0 1.0
-444.5 478.17857142857144 309.5 332.17857142857144 541.6616396941596 584.7703127848308 0.0 0.0
-612.125 497.75 315.0 299.75 689.7309896127756 584.8065885145008 0.0 0.0
-610.5 517.3214285714287 250.5 267.32142857142856 663.309180070218 584.8428642441711 0.0 0.0
-708.0 514.25 342.5 276.25 786.4928698012566 584.9681533039809 0.0 0.0
-636.0 496.5 264.5 343.5 692.9728800173891 603.7454681354811 0.0 0.0
-567.0 512.75 319.5 348.0 650.8313481498712 619.7163549509719 0.0 1.0
-579.0 524.75 323.0 348.5 663.0242726913906 629.9324024284206 0.0 1.0
-582.5 505.0 354.5 353.0 682.3114150143006 616.3140120255321 0.0 1.0
-593.0 492.5 319.5 357.0 676.7748082742162 608.2808922451811 0.0 1.0
-579.0 504.0 341.0 360.0 672.5804894219114 619.3823565207433 0.0 1.0
-581.5 513.5 306.5 361.0 657.3315125694027 627.696915166649 0.0 1.0
-518.8 513.5 287.0625 361.0 597.0580476630926 627.696915166649 0.0 1.0
-558.0 512.75 301.3125 361.75 654.7855719395297 627.5157610035124 0.0 1.0
-597.2 511.5 356.0 361.0 712.5130962159669 626.0617646229734 0.0 1.0
-604.0 507.75 288.0 350.25 687.8712312565727 616.8844263897814 0.0 1.0
-704.5 504.5 275.0 330.0 757.0013551915415 602.8434843588043 0.0 1.0
-693.5 503.75 223.0 329.5 728.4748595686676 601.942132789831 0.0 1.0
-567.0 501.75 254.0 331.0 621.2963217599867 601.0943108679986 0.0 1.0
-566.5 501.0 254.0 330.5 620.8374043313355 600.1927405473032 0.0 1.0
-546.5 500.25 310.5 330.0 628.654133966224 599.2913654768854 0.0 1.0
-624.0 500.5 375.0 329.0 729.8774013361799 598.9501402427991 0.0 1.0
-500.625 499.75 314.375 327.0 591.4865735783117 597.2262065145908 0.0 1.0
-467.25 501.0 278.25 326.0 543.8250441935187 597.7278064787909 0.0 1.0
-476.5 502.0 283.0 324.5 554.20341368346 597.7555996881135 0.0 1.0
-476.5 496.25 280.0 325.5 552.6784196046219 593.4768592961502 0.0 1.0
-478.5 493.75 284.0 325.0 556.436332325289 591.1128239456822 0.0 1.0
-698.4583333333333 493.5 324.125 329.0 770.2625331379691 593.1151464561005 0.0 1.0
-608.2916666666667 494.75 304.625 332.75 681.2476821287833 596.238316123615 0.0 1.0
-518.125 494.75 285.125 333.25 592.2328311195972 596.5175985826465 0.0 1.0
-449.0 494.75 279.5 333.0 528.9540370194503 596.3781265661523 0.0 1.0
-449.5 500.75 284.5 331.0 532.0130501929528 600.2611704388007 0.0 1.0
-456.0 508.75 260.5 328.5 525.1631028979723 605.5931460748932 0.0 1.0
-452.5 517.75 262.0 325.75 522.8769575806745 611.7030159109327 0.0 1.0
-454.0 520.75 261.5 324.75 523.9259849642212 613.72238095749 0.0 1.0
-454.0 535.5 262.0 319.5 524.1756026926357 623.5744368698681 0.0 1.0
-456.0 543.0 262.0 317.5 525.9087373299668 629.0115299289246 0.0 1.0
-454.0 542.0 276.0 318.0 531.429991749087 628.4012937441694 0.0 1.0
-631.625 498.0 310.25 333.0 704.7152826033162 599.0775774496964 0.0 1.0
-768.5 499.25 295.0 332.75 825.8541651583978 599.977607759866 0.0 1.0
-665.0 498.75 299.5 333.75 732.1439489636102 600.1180779460619 0.0 1.0
-813.75 498.5 282.375 333.0 861.3766060422658 599.4928948259521 0.0 1.0
-700.5 498.25 304.0 334.0 766.8120042197193 599.8414426090957 0.0 1.0
-676.5 497.75 439.5 333.5 807.8302330968872 599.1471704551655 0.0 1.0
-332.0 498.25 268.0 333.5 428.3300512568359 599.5626171115111 0.0 1.0
-179.5 498.0 195.5 333.5 266.7092724779202 599.3549260697501 0.0 1.0
-163.0 497.5 216.5 333.5 271.00047923093666 598.9394794134045 0.0 1.0
-160.5 497.25 216.0 333.5 269.1028408088197 598.7318530789098 0.0 1.0
-160.5 498.0 215.0 333.5 268.3009700626507 599.3548614969266 0.0 1.0
-159.0 498.25 208.5 334.5 262.20840947612646 600.1194313781741 0.0 1.0
-158.0 498.5 196.5 333.5 252.14331242370875 599.7703727260958 0.0 1.0
-132.5 499.5 183.0 333.5 226.69161337680248 600.6017815491392 0.0 1.0
-68.5 499.25 161.5 333.5 175.42903845197583 600.3938971909138 0.0 1.0
-71.0 498.75 174.0 333.5 187.9411854412768 599.9781927793922 0.0 1.0
-65.5 498.75 172.5 333.0 184.51849132397712 599.7006504405367 0.0 1.0
-88.0 498.75 179.5 332.5 200.04838747190962 599.4229155869598 0.0 1.0
-217.25000000000003 497.0 223.0 332.25 322.81315678297176 597.8286271217934 0.0 1.0
-377.58333333333337 496.25 279.0 331.5 479.4262271571811 596.7883956420578 0.0 1.0
-537.9166666666667 495.0 335.0 331.0 636.0392975313903 595.4712419588371 0.0 1.0
-584.5 495.25 284.5 330.75 650.0687001607005 595.5402968997271 0.0 1.0
-630.5 495.75 262.5 332.0 683.747274525315 596.6507679209383 0.0 1.0
-615.0 495.75 252.5 332.25 666.5278230736917 596.7898538774598 0.0 1.0
-590.5 495.25 298.5 334.0 661.6592511348679 597.352074735471 0.0 1.0
-591.0 495.0 302.0 335.0 663.7016538809528 597.7039400907443 0.0 1.0
-595.5 495.0 305.0 335.0 669.0636772183661 597.7039400907443 0.0 1.0
-582.0 495.25 296.5 334.75 653.174133355928 597.7710644505305 0.0 1.0
-584.0 495.5 297.5 335.5 655.4100254875445 598.3982787408399 0.0 1.0
-583.0 498.0 331.5 337.0 671.2421347388117 601.3094255243343 0.0 1.0
-730.0 505.0 304.0 348.0 790.9688514169206 613.2935809083306 0.0 1.0
-562.0 505.0 293.5 347.5 634.0399905173617 613.0105815025732 0.0 1.0
-543.5 507.5 287.0 347.75 614.6243371664241 615.2124470706389 0.0 1.0
-534.0 506.5 278.5 348.0 602.261097843779 614.52955232571 0.0 1.0
-548.5 507.25 285.0 348.25 618.1254470395124 615.2891562723601 0.0 1.0
-549.0 506.75 280.0 347.5 616.2801363213987 614.452465606588 0.0 1.0
-550.5 507.0 280.0 347.0 617.6166243280966 614.3761201052255 0.0 1.0
-555.5 504.5 286.5 338.0 625.0300465905075 607.2631471539928 0.0 1.0
-553.5 515.25 288.0 332.5 623.949496097491 613.2200509402327 0.0 1.0
-555.0 524.0 284.0 328.5 623.4429651989367 618.4592925641173 0.0 1.0
-560.5 521.0 281.0 327.25 626.9995603737502 615.2662509475006 0.0 1.0
-581.5 521.0 292.5 325.25 650.9339945138682 614.2039738812023 0.0 1.0
-562.5 515.0 288.0 325.5 631.9431067700303 609.2415366666984 0.0 1.0
-561.0 513.5 282.0 324.5 627.8896828698237 607.4393561048303 0.0 1.0
-563.0 508.75 283.5 325.5 630.350140122074 603.9679348550197 0.0 1.0
-564.0 504.5 293.5 326.5 635.7973696485262 600.9346886309693 0.0 1.0
-545.5 501.0 294.5 326.75 619.943214778941 598.1361010219243 0.0 1.0
-541.5 500.5 288.0 327.5 613.3245710895712 598.1276411013303 0.0 1.0
-544.5 501.0 285.0 325.75 614.5788217603656 597.5904073557726 0.0 1.0
-540.5 501.75 295.0 328.5 615.798310182425 599.7223262844403 0.0 1.0
-525.5 502.0 301.0 329.5 605.5999893837351 600.4783509836137 0.0 1.0
-526.0 501.75 298.5 330.75 604.7960903470866 600.9565249995919 0.0 1.0
-530.0 502.5 295.0 332.5 606.5690766940301 602.546822971025 0.0 1.0
-537.0 504.0 298.5 334.75 614.386920167804 605.0402331134313 0.0 1.0
-534.0 505.75 299.5 336.25 612.255431438399 607.3279551706391 0.0 1.0
-547.0 431.0 307.0 365.25 627.2631845989462 569.5941903316275 0.0 1.0
-626.0 369.0 320.5 368.7857142857143 705.2717999614567 524.7699305509186 0.0 0.0
-559.0 385.0 298.0 330.5 633.4870110923191 512.0896737436326 0.0 0.0
-556.0 401.0 287.5 292.21428571428567 625.9535128944386 499.4094169363466 0.0 0.0
-590.5 437.5 315.0 286.0 670.0827028727124 522.7158133130969 0.0 0.0
-559.0 496.75 333.0 333.25 650.6698578501982 598.1788371463131 0.0 1.0
-558.5 501.0 329.0 332.0 648.2820912396402 601.0230761347023 0.0 1.0
-536.0 506.5 357.0 331.5 644.0077176168323 605.338479716951 0.0 1.0
-533.5 508.25 334.5 333.75 629.9842187005103 608.0369360577522 0.0 1.0
-575.5 510.75 332.5 338.0 664.6976771205884 612.4621379726854 0.0 1.0
-635.0 511.75 306.0 338.0 706.1585414785629 613.2963154276999 0.0 1.0
-596.5 513.75 293.5 350.75 666.540922635816 622.1003839665616 0.0 1.0
-563.5 515.5 335.0 357.0 655.5594233179145 627.0495882358766 0.0 1.0
-568.5 515.5 332.5 355.5 658.5996903520368 626.1960228892601 0.0 1.0
-577.0 516.5 273.5 355.75 638.5387422570361 627.1609922713105 0.0 1.0
-554.0 517.25 298.5 356.25 630.0639721215271 628.0618035727241 0.0 1.0
-534.5 516.75 330.0 355.75 628.170954939892 627.366423325422 0.0 1.0
-531.0 516.5 330.5 355.5 625.4530591700629 627.0187397518514 0.0 1.0
-532.0 515.25 333.0 355.5 627.6252115594336 625.9894828645038 0.0 1.0
-528.5 514.75 333.5 355.75 624.9276527717172 625.7201818419683 0.0 1.0
-527.0 514.0 335.5 356.25 624.7313999636682 625.3880175178448 0.0 1.0
-526.0 513.5 337.0 357.5 624.6960678962987 625.6904186576617 0.0 1.0
-525.0 513.75 338.0 356.5 624.3950486207372 625.3257087203929 0.0 1.0
-521.5 513.75 338.5 355.5 621.727089732142 624.7554183331895 0.0 1.0
-527.5 514.0 342.0 356.25 628.6661550642955 625.3885789928052 0.0 1.0
-571.0 513.5 296.5 357.375 643.4566457000741 625.6190312094867 0.0 0.0
-641.125 513.25 300.5 355.5 701.6671573686262 624.3443222800515 0.0 1.0
-786.5 513.25 296.5 354.0 834.6058798384545 623.4916750865191 0.0 1.0
-771.5 512.75 284.0 351.0 822.125577309977 621.3804278721724 0.0 1.0
-703.625 513.75 278.83333333333337 351.0 757.5665536397223 622.2063655181196 0.0 1.0
-640.125 514.25 292.16666666666663 352.5 706.0657426108562 623.4681388632008 0.0 1.0
-576.625 515.75 305.5 354.0 654.5649315819899 625.5539527505789 0.0 1.0
-547.0 515.5 322.0 356.5 634.7483520558754 626.764051675523 0.0 1.0
-58.775 515.0 316.3636363636364 356.5 655.0700750629626 626.3538131312611 0.0 1.0
84.12500000000001 514.0 300.1818181818182 358.5 657.0870007450321 626.6725902247622 0.0 1.0
227.025 514.0 284.0 360.5 659.1039264271016 627.8287485490512 0.0 1.0
369.92500000000007 510.0 267.8181818181818 386.5 661.120852109171 639.9081926485239 0.0 1.0
512.825 509.25 251.63636363636363 388.5 663.1377777912405 640.521533980668 0.0 1.0
578.5 508.75 252.5 388.5 631.8495463920158 640.124078223519 0.0 1.0
608.5 508.5 285.5 388.5 672.1477107785367 639.9253862756188 0.0 1.0
556.5 508.25 294.0 390.0 630.2211830811839 640.6401985852605 0.0 1.0
521.0 508.0 314.0 392.0 608.3086371933755 641.6604683909693 1.0 1.0
532.0 506.5 323.5 396.75 622.6395891710908 643.3918461264245 1.0 1.0
515.5 506.0 289.0 398.75 590.9833120871785 644.2343591469792 1.0 1.0
516.0 506.5 305.5 401.0 599.6564392950256 646.0210961472787 1.0 1.0
518.5 507.0 312.5 401.5 605.3925589842286 646.7234931649866 1.0 1.0
514.5 426.42857142857144 312.0 329.7142857142857 601.70953396182 539.0924797512167 1.0 0.0
514.5 432.1428571428571 303.0 322.57142857142856 597.121268973812 539.476313457758 1.0 0.0
474.0 437.8571428571429 327.5 315.42857142857144 576.6923665283446 539.8601471642994 1.0 0.0
528.5 443.57142857142856 310.0 308.2857142857143 615.2170400650303 540.2439808708407 0.0 0.0
584.0 531.5 303.4 328.0 660.0094377023935 624.5640828483865 0.0 0.0
508.0 509.25 333.0 332.75 613.1158533267899 608.3764592434461 0.0 1.0
432.0 500.5 362.6 336.5 566.2222689511863 603.1026540374162 0.0 1.0
553.5 502.5 310.5 345.0 635.5520121842513 609.5344181336076 0.0 1.0
440.25 499.0 266.25 344.0 517.2520861211336 606.0833410932948 0.0 1.0
590.4642857142858 500.5 275.92857142857144 343.0 653.0552572016743 606.7534368710094 0.0 1.0
579.75 500.0 240.5 343.0 629.6581510961109 606.341061811577 0.0 1.0
569.0357142857142 500.5 205.07142857142856 345.0 606.2610449905476 607.8858856726318 0.0 1.0
574.75 500.0 201.0 344.5 609.1122669081869 607.1905957140873 0.0 1.0
602.5 501.0 266.25 343.5 658.7109666784028 607.4482117366451 0.0 1.0
608.75 501.0 271.0 344.5 666.3516661305359 608.0142516903173 1.0 1.0
610.5 495.0 273.5 331.5 668.9700140727659 595.7501170216531 1.0 1.0
598.0 492.5 261.0 331.0 652.4776268280685 593.3960033131989 1.0 1.0
603.0 495.5 263.0 326.5 657.8605910745096 593.3993619330433 1.0 1.0
602.25 495.0 265.0 323.0 657.9742804566632 591.0618196589508 1.0 1.0
598.25 495.5 265.0 320.5 654.315744785576 590.1192051253009 1.0 1.0
597.0 496.5 270.75 318.5 655.5306384951351 589.8768321567885 1.0 1.0
601.25 497.0 277.25 318.0 662.0948475916259 590.0282435297543 1.0 1.0
554.75 500.5 285.0 322.0 624.2902701182559 595.1363545611667 1.0 1.0
549.25 507.0 334.75 344.0 643.2965380326648 612.6892726610067 1.0 1.0
559.0 509.5 355.25 347.5 662.4079550907593 616.7225232043252 1.0 1.0
575.0 511.0 377.0 347.5 687.5946506922289 617.9621752178688 1.0 1.0
562.5 510.5 366.5 348.5 671.3753187337984 618.1121091448458 1.0 1.0
534.5 511.5 368.0 348.5 649.1144967125393 618.9382037004987 0.0 1.0
537.0 511.0 378.0 349.5 656.7013772801179 619.0890485221007 0.0 1.0
532.5 511.5 382.0 351.0 655.4809989491682 620.349296767555 0.0 1.0
513.25 511.75 358.75 351.5 626.2045174660354 620.8384432064081 0.0 1.0
512.875 512.5 355.625 351.5 624.107302145454 621.4567563394899 0.0 1.0
510.5 512.5 352.0 352.75 620.0936902318059 622.1646525710978 0.0 1.0
404.0 513.5 363.5 352.25 543.9366991864922 622.7056728508478 0.0 1.0
511.0 513.75 344.0 352.5 616.0023571775753 623.0532340863307 0.0 1.0
437.5 513.5 321.0 353.0 542.6300189695149 623.1305909794281 0.0 1.0
471.0 512.75 364.5 354.25 595.5766845190777 623.2224332640085 0.0 1.0
469.5 511.25 315.0 355.5 565.3814510449758 622.7014682564779 0.0 1.0
529.4583333333333 511.25 308.41666666666663 356.25 613.0911193266205 623.1297046900518 0.0 1.0
529.2916666666667 511.0 280.08333333333337 356.75 599.9803888891673 623.2108822731254 0.0 1.0
529.125 510.5 251.75 357.0 586.869658451714 622.9440183515691 0.0 1.0
516.0 510.25 251.5 357.0 574.5538144710772 622.7391773769939 0.0 1.0
464.0 510.25 291.5 356.75 548.2178986117942 622.5959734859116 1.0 1.0
506.5 510.0 304.0 357.0 590.8257092058534 622.5347258582028 1.0 1.0
469.5 509.5 288.0 357.0 550.7956178142772 622.1249212794723 1.0 1.0
502.0 509.5 291.5 356.5 580.8905452449463 621.8380014119433 1.0 1.0
451.0 509.5 330.5 357.5 560.6214557758133 622.4118411470013 1.0 1.0
445.875 509.5 342.25 357.5 563.9449857262891 622.4118411470013 0.0 1.0
509.0 509.75 287.5 358.25 584.5834573719877 623.0475473867044 0.0 1.0
469.5 509.25 326.0 357.75 571.6144544618205 622.3509832050648 0.0 1.0
483.5 509.5 297.0 358.0 567.8479557514061 622.6992993153287 0.0 1.0
500.5 509.5 285.0 357.5 575.9562799005522 622.4118411470013 0.0 1.0
512.5 509.0 300.5 358.0 594.1035926731245 622.2905151776051 0.0 1.0
514.75 508.25 270.95000000000005 358.5 583.4731294993996 621.964897132264 0.0 1.0
511.75 509.0 225.55 358.5 561.0884893203772 622.577906771514 0.0 1.0
486.5 509.5 214.5 359.5 532.5528175578925 623.5629716773849 0.0 1.0
508.5 510.0 316.0 360.0 599.2095306751185 624.2596950461866 0.0 1.0
530.5 509.75 321.0 360.5 620.0574635338389 624.3439223195556 1.0 1.0
546.5 508.5 347.0 361.0 647.754512626957 623.6138415391558 1.0 1.0
547.5 507.75 318.5 361.5 633.4023707028864 623.2915317280881 1.0 1.0
559.0 508.0 330.5 361.25 649.3930356526776 623.3503060150726 1.0 1.0
554.0 507.75 327.5 361.25 643.566728127088 623.1466493094408 1.0 1.0
525.5 506.5 323.0 360.5 616.9140485871064 621.6932523359088 1.0 1.0
547.5 503.5 279.0 344.0 614.8593853674959 609.8031645950844 1.0 1.0
554.5 501.0 253.85000000000002 337.0 609.8690537693428 603.796338547751 0.0 1.0
574.5 501.0 257.65 335.0 629.6538435882954 602.6823532891754 0.0 1.0
565.5 501.5 283.0 335.0 633.1129498727382 603.0981867528936 0.0 1.0
516.5 502.0 322.5 333.5 609.029483155844 602.682608469557 1.0 1.0
532.5 502.0 323.5 333.0 623.0638095097052 602.4060255973009 1.0 1.0
534.0 502.0 323.0 332.5 624.0878036262811 602.1298250652061 1.0 1.0
507.0 503.0 328.0 332.0 604.0329182826048 602.6885430091688 1.0 1.0
546.0 504.5 339.5 331.0 642.9434636226915 603.3916015067572 1.0 1.0
539.5 504.5 331.5 330.5 633.2081229546852 603.1173186039347 1.0 1.0
535.1071428571429 505.75 303.5 329.0 626.2220928103939 603.344322108175 0.0 1.0
363.5357142857143 506.5 289.5 327.5 513.2242938757331 603.1571716442108 0.0 1.0
191.9642857142857 506.25 275.5 326.5 400.2264949410725 602.4046238699378 0.0 1.0
20.39285714285711 506.5 261.5 326.0 287.22869600641184 602.3441099326305 0.0 1.0
-481.5 506.75 332.0 324.75 584.9602188594574 601.8793170501784 0.0 1.0
-478.75 505.5 336.35 323.5 585.1526453188769 600.1520832182065 0.0 1.0
-505.75 504.75 346.15 323.25 612.9221959789671 599.3857224435121 0.0 1.0
-533.0 504.5 355.0 324.0 640.4173359983395 599.5802089778177 0.0 1.0
-515.0 504.75 305.0 324.5 599.1559114268737 600.0606892453453 0.0 1.0
-488.0 506.75 294.5 326.0 570.4345333980896 602.554266323142 0.0 1.0
-477.0 508.0 320.0 326.75 574.9821546974546 604.0112301329665 0.0 1.0
-505.0 508.25 291.0 327.0 583.0563192630665 604.3567496085216 0.0 1.0
-555.5 508.5 309.5 327.0 623.8675167308204 604.5670542947541 0.0 1.0
-652.25 510.0 298.5 328.5 717.4220038198366 606.6421386279633 0.0 1.0
-595.25 511.0 296.5 331.0 665.1291841175441 608.8365954835501 0.0 1.0
-518.0 512.0 263.0 330.25 581.0697393637718 609.2693219232818 0.0 1.0
-533.0625 511.75 268.25 331.5 596.8958234404836 609.7379199082109 0.0 1.0
-485.8125 512.5 259.25 332.5 550.7305295868298 610.9112046770791 0.0 1.0
-467.0 512.5 251.0 332.5 530.1793715182707 610.9112046770791 0.0 1.0
-460.5 513.5 243.5 332.5 520.9169611318387 611.7503575806065 0.0 1.0
-456.0 513.5 239.0 332.5 514.838375455889 611.7503575806065 0.0 1.0
-461.5 481.5 240.5 320.0 520.4062966309718 578.1942870774276 0.0 1.0
-460.0 449.125 240.0 311.75 518.8448708429139 546.7413782411178 0.0 0.0
-517.5 448.625 247.5 316.08333333333337 573.6645133737798 548.8216658285038 0.0 0.0
-633.5 448.125 260.5 320.41666666666663 685.1297100555416 550.9019534158898 0.0 0.0
-824.5 414.0 282.5 300.0 871.6041063212717 511.4230934502657 0.0 0.0
-455.5 469.5 240.5 353.0 515.0931862357372 587.4006214017371 0.0 0.0
-457.875 501.75 241.20454545454544 335.75 512.9931316442296 603.7300953053514 0.0 1.0
-481.375 500.25 246.02272727272725 343.25 517.9033728961506 606.6883432327454 0.0 1.0
-504.875 514.25 250.8409090909091 347.75 522.8136141480716 620.7926152510838 0.0 1.0
-528.375 525.25 255.65909090909093 360.0 527.7238553999927 636.7832433989369 0.0 1.0
-551.875 523.25 260.47727272727275 363.75 532.6340966519136 637.2634264197968 0.0 1.0
-565.9375 523.75 265.29545454545456 360.75 537.5443379038347 635.9679251338162 0.0 1.0
-551.6875 523.0 270.1136363636364 361.0 542.4545791557557 635.4919354327009 0.0 1.0
-537.4375 521.75 274.9318181818182 361.25 547.3648204076767 634.6060588824578 0.0 1.0
-523.1875 523.0 279.75 359.0 552.2750616595978 634.3591966869622 0.0 1.0
-508.9375 523.75 284.5681818181818 356.5 557.1853029115188 633.5663598144979 0.0 1.0
-494.6875 522.0 289.3863636363636 355.75 562.0955441634399 631.6977645225911 0.0 1.0
-483.5 521.25 292.0 354.25 564.8332559555179 630.2342452298935 0.0 1.0
-480.5 521.25 295.5 351.75 564.0926812249584 628.8328149287637 0.0 1.0
-474.5 519.5 292.5 349.75 557.4113916403753 626.2632911269332 0.0 1.0
-477.5 518.0 292.5 348.0 559.9671661341677 624.0418032914458 0.0 1.0
-478.0 515.75 290.5 347.0 559.3517967867765 621.6165524540062 0.0 1.0
-478.375 515.75 290.25 346.0 559.542613139937 621.0590712375695 0.0 1.0
-481.0 516.0 285.5 345.75 559.3573362679687 621.1272861772013 0.0 1.0
-461.5 515.25 283.5 346.0 541.8749530610196 620.6438087339255 0.0 1.0
-438.0 514.5 277.0 346.25 518.9410802981715 620.1607497393038 0.0 1.0
-501.0 514.75 284.0 346.5 575.8969032661685 620.5077211357793 0.0 1.0
-503.0 514.5 284.0 345.5 577.637460640361 619.7432772712448 0.0 1.0
-622.0833333333333 513.75 315.29166666666663 345.25 768.6035730250217 618.9807796293185 0.0 1.0
-226.41666666666666 513.5 324.45833333333337 346.0 698.9822419172538 619.1916100852789 0.0 1.0
169.25000000000006 513.5 333.625 345.0 629.3609108094859 618.6339297133668 0.0 1.0
522.5 513.0 342.0 343.25 625.1854573251466 617.2446406595294 0.0 1.0
485.5 512.75 323.0 339.5 583.3862463147127 614.9602204557441 0.0 1.0
472.0 513.75 342.5 336.0 583.1747734988714 613.8711897610187 0.0 1.0
507.5 515.75 327.5 328.5 604.0095408214082 611.4839389762674 0.0 1.0
478.5 517.5 323.0 329.25 577.4321980630086 613.362268163616 0.0 1.0
478.5 518.5 322.5 328.5 577.214594135793 613.8060778824844 0.0 1.0
397.5 519.0 299.75 329.25 498.075363858019 614.6315602558585 0.0 1.0
383.0 519.25 321.0 327.25 499.79538185735527 613.7696993856426 0.0 1.0
416.0 520.0 341.0 332.0 538.1358975658461 616.9475903503472 1.0 1.0
434.0 500.0 324.5 334.25 541.9015325157058 601.493111805145 1.0 1.0
516.0 519.25 329.5 343.75 612.2528015731355 622.7236506154761 0.0 1.0
477.0 518.5 350.0 343.25 591.632594425759 621.8222692732195 0.0 1.0
460.0 517.0 333.5 343.5 568.177249375256 620.7108374685399 0.0 1.0
486.5 516.5 323.5 342.0 584.3960303348144 619.464502484228 0.0 1.0
492.0 515.25 326.5 343.0 590.5994495692757 618.9767801944522 0.0 1.0
514.0 514.5 326.0 343.75 608.6641305766966 618.76841848225 0.0 1.0
514.5 513.75 324.5 344.75 608.2849423969271 618.7016610101566 0.0 1.0
489.5 512.0 319.0 346.0 584.3636387378647 617.9483567606142 0.0 1.0
513.0 511.5 322.0 349.25 605.684026407384 619.3614654627759 0.0 1.0
512.0 510.5 321.0 352.0 604.3054070371707 620.0931185364129 0.0 1.0
497.0 511.0 290.5 354.0 575.8447092473857 621.640832222502 0.0 1.0
43.71875 512.0 291.09375 355.5 323.8627771494577 623.3172696784031 0.0 1.0
-133.40625 512.0 329.46875 356.5 439.57662686292144 623.888145720679 0.0 1.0
-310.53125 511.0 367.84375 357.0 555.2904765763852 623.3553873724495 0.0 1.0
-487.65625 511.5 406.21875 360.5 671.004326289849 625.773532962688 0.0 1.0
-618.5 511.5 433.0 364.0 755.0042989715271 627.7973162323128 0.0 1.0
-512.625 510.0 322.625 367.5 606.0182549379833 628.6157260197389 0.0 1.0
-601.0 509.0 333.0 370.0 687.0893111528342 629.2704869324714 0.0 1.0
-554.0 506.5 328.0 372.5 644.2511213715443 628.7311808693437 0.0 1.0
-662.5 503.0 290.0 375.75 724.7679909630796 627.8522922552461 0.0 1.0
-668.5 508.0 238.0 376.25 709.6042743849962 632.1617085370149 0.0 1.0
-670.5 507.75 242.0 377.25 712.8364402205837 632.5574702584051 0.0 1.0
-671.5 509.0 245.0 380.75 714.7988101586866 635.6508904494634 0.0 1.0
-670.0 510.75 242.5 383.0 712.5352419657463 638.4003329276376 0.0 1.0
-669.0 512.25 243.5 384.75 711.9367311316041 640.6503157646971 0.0 1.0
-662.75 512.75 242.5 386.5 705.7224532545508 642.1021978559364 0.0 1.0
-655.75 513.25 240.5 386.25 698.461653226304 642.3509073041026 0.0 1.0
-652.5 511.75 241.0 383.75 695.5851133613439 639.6500507861904 0.0 1.0
-658.5 509.25 246.5 379.75 703.1249653912312 635.2524561972632 0.0 1.0
-640.5 506.75 232.0 383.5 681.2780285982957 635.5067744258209 0.0 1.0
-849.8125 513.75 256.875 391.25 887.8421471057638 645.7717735964627 0.0 1.0
-717.0625 510.5 230.375 392.5 753.2997219529361 643.9460381118903 0.0 1.0
-620.5 513.75 214.5 393.5 656.5351035363216 647.1358162536451 0.0 1.0
-757.0 515.25 237.0 394.75 793.5407334139943 649.085120550342 0.0 1.0
-624.0 518.25 219.0 395.25 661.3152378998991 651.7711949396391 0.0 1.0
-633.75 517.5 251.5 395.0 673.3924334555865 651.0232398705579 0.0 1.0
-660.5 520.25 246.5 394.0 704.9984121734461 652.6081462161471 0.0 1.0
-660.0 522.0 250.0 394.0 705.7620406489472 654.0030654181747 0.0 1.0
-657.0 520.75 248.5 392.0 702.4253520171887 651.8010165390272 0.0 1.0
-655.625 520.5 248.5 390.75 701.1393559851538 650.8501381003236 0.0 1.0
-656.5 520.25 246.5 393.5 701.2591010139413 652.3079866608127 0.0 1.0
-664.5 518.25 244.5 396.0 708.0544375247575 652.2269222626737 0.0 1.0
-664.0 516.75 245.0 397.0 707.7577375841287 651.6444245874052 0.0 1.0
-658.0 514.5 244.5 397.0 701.9574633339802 649.8614289229992 0.0 1.0
-656.0 513.0 242.5 398.0 699.3875245566367 649.2874575301671 0.0 1.0
-656.0 510.75 244.0 408.5 699.908565456946 654.0195907150472 0.0 1.0
-637.5 513.75 249.0 414.0 684.5371318265145 659.8004418834316 0.0 1.0
-624.9 515.5 270.0 414.0 680.7530859464175 661.1632611634332 0.0 1.0
-632.5 515.5 266.0 415.5 686.207702654335 662.103131518083 0.0 1.0
-640.1 518.0 262.0 415.0 691.6623193622524 663.738727010262 0.0 1.0
-678.5 517.0 330.0 420.0 755.6456423907347 666.1050888847026 0.0 1.0
-708.0 518.25 253.0 445.0 751.847370308026 683.0876412398969 0.0 1.0
-720.0 516.75 255.0 443.25 763.8226486335991 680.8092906561242 0.0 1.0
-723.5 512.75 257.5 426.25 767.9581574357098 666.7881875533832 0.0 1.0
-722.1833333333334 510.0 259.95 425.0 767.54648403286 663.8724571429689 0.0 1.0
-716.9166666666667 506.5 259.75 426.25 762.5355158994687 661.9906161720728 0.0 1.0
-711.6500000000001 505.0 259.55 425.5 757.5245477660774 660.3602540899678 0.0 1.0
-706.3833333333334 503.0 259.35 426.25 752.5135796326861 659.3166082347954 0.0 1.0
-701.1166666666666 502.5 259.15 427.0 747.5026114992947 659.4205350726589 0.0 1.0
-695.8499999999999 505.75 258.95 428.5 742.4916433659034 662.8690374773573 0.0 1.0
-690.5833333333333 452.92857142857144 258.75 383.7142857142857 737.4806752325121 593.9200050253718 0.0 0.0
-685.3166666666666 438.6428571428571 258.55 346.57142857142856 732.4697070991208 560.1478052229243 0.0 0.0
-685.0 424.3571428571429 254.0 309.42857142857144 730.5762565530963 526.3756054204766 0.0 0.0
-682.5 410.07142857142856 252.5 272.2857142857143 727.710450660151 492.6034056180291 0.0 0.0
-683.0 450.0 253.0 340.5 728.353219849381 564.3281219420137 0.0 0.0
-684.0 486.0 252.0 356.5 728.9447250616402 602.7342188100565 0.0 1.0
-700.0 492.5 231.0 361.5 737.1488868044758 611.0012652588022 0.0 1.0
-696.0 479.0 224.5 367.0 731.3117578445879 603.4322298675102 0.0 1.0
-694.5 491.0 223.0 413.5 729.4245379304186 641.945059691195 0.0 0.0
-695.5 496.5 221.0 415.5 729.7680149830245 647.4199927637424 0.0 1.0
-695.5 497.25 217.5 417.5 728.7158072450983 649.2796840249412 0.0 1.0
-700.0 497.0 228.0 416.75 736.2546293568337 648.6058889626613 0.0 1.0
-696.0 496.75 235.5 415.75 734.7633273867596 647.7721428270518 0.0 1.0
-702.5 498.0 227.0 414.5 738.2650971765349 647.9311273955125 0.0 1.0
-702.5 500.5 226.0 412.5 737.958182288579 648.5811777812331 0.0 1.0
-703.0 501.75 227.0 413.25 738.7409738161397 650.0239338414524 0.0 1.0
-702.0 503.0 227.0 417.0 737.7894186920073 653.3745226322877 0.0 1.0
-696.0 502.5 225.5 418.0 731.6189889553707 653.6287787993108 0.0 1.0
-695.0 503.5 224.5 417.5 730.3597363521249 654.0784370835258 0.0 1.0
-693.5 503.25 226.5 419.5 729.5509057613017 655.1647412092374 0.0 1.0
-690.5 502.75 230.0 419.0 727.7986498539108 654.4607387764012 0.0 1.0
-686.0 502.5 229.5 417.5 723.3715155874446 653.3090403257751 0.0 1.0
-694.0 501.25 249.5 416.5 737.6614972068849 651.7085562159709 0.0 1.0
-673.0 495.75 338.0 414.0 721.5450147851265 645.8851658143097 0.0 1.0
-697.0 437.08333333333337 307.5 334.25 744.9173612072248 552.7902665784366 0.0 0.0
-706.0 421.41666666666663 265.5 253.25 754.2721452001828 500.67494676520295 0.0 0.0
-711.0 405.75 266.5 172.25 759.3044536918151 448.55962695196934 0.0 0.0
-710.5 416.125 267.5 167.25 759.1886299527825 453.88200107447517 0.0 0.0
-710.5 482.25 267.5 335.25 759.1881091820499 587.3314229179615 0.0 1.0
-701.0 476.0 269.5 337.25 751.0207183787206 583.3778093271737 0.0 1.0
-339.5 486.5 336.0 342.0 484.14128150637174 594.6816748148012 0.0 1.0
-204.1195652173913 485.0 330.945652173913 338.5 401.78158157269297 591.4456208666875 0.0 1.0
-178.94565217391306 486.0 332.20652173913044 345.0 406.4469396526256 596.0140808641864 0.0 1.0
-153.77173913043478 491.0 333.46739130434787 343.75 411.1122977325582 599.3714299654955 0.0 1.0
-128.5978260869565 492.25 334.72826086956525 348.75 415.7776558124908 603.2719027065675 0.0 1.0
-103.42391304347825 495.75 335.9891304347826 354.75 420.44301389242344 609.6038387418423 0.0 1.0
-78.25 497.0 337.25 358.5 425.1083719723561 612.8061801579256 0.0 1.0
-53.076086956521735 498.0 338.5108695652174 358.0 429.7737300522888 613.3253622670434 0.0 1.0
-27.90217391304347 498.75 339.77173913043475 357.5 434.4390881322214 613.6430668015598 0.0 1.0
-2.7282608695652186 500.25 341.03260869565213 358.0 439.104446212154 615.1537073512217 0.0 1.0
22.44565217391306 499.25 342.2934782608696 357.75 443.76980429208663 614.1952024256911 0.0 1.0
47.61956521739131 499.5 343.554347826087 357.0 448.43516237201925 613.962724149934 0.0 1.0
72.79347826086956 499.0 344.8152173913044 385.5 453.10052045195187 630.9100770977642 0.0 1.0
97.96739130434781 497.5 346.07608695652175 417.25 457.76587853188454 649.3116434911096 0.0 1.0
123.14130434782612 497.75 347.3369565217391 417.25 462.4312366118172 649.5018349787892 0.0 1.0
148.31521739130437 497.75 348.5978260869565 414.5 467.09659469174983 647.7386340905506 0.0 1.0
173.48913043478262 497.5 349.8586956521739 414.25 471.76195277168245 647.3865533122873 0.0 1.0
198.66304347826087 497.75 351.11956521739125 414.0 476.42731085161506 647.4187887735552 0.0 1.0
223.83695652173913 498.25 352.38043478260875 415.5 481.0926689315477 648.7629479445546 0.0 1.0
249.0108695652174 498.75 353.6413043478261 415.5 485.7580270114803 649.1470270585123 0.0 1.0
274.1847826086957 500.0 354.9021739130435 415.25 490.4233850914129 649.9482763488468 0.0 1.0
299.35869565217394 500.5 356.1630434782609 415.5 495.0887431713456 650.4925841232944 0.0 1.0
324.5326086956522 499.0 357.42391304347825 423.0 499.75410125127826 654.1645887829654 0.0 1.0
349.70652173913044 499.5 358.6847826086956 425.0 504.4194593312109 655.8397264378348 0.0 1.0
361.0 499.25 366.5 427.0 514.4350347377346 656.9477262202515 0.0 1.0
273.5 498.5 361.5 429.25 453.3056539955319 657.8435494129319 0.0 1.0
298.0 498.25 374.5 431.75 480.2054347568841 659.2887521134406 0.0 1.0
307.5 498.0 375.0 432.5 485.89552022894264 659.5909717393046 0.0 1.0
272.5 498.25 365.0 433.0 455.50319811299937 660.1076488306912 0.0 1.0
270.5 500.0 350.5 432.5 442.742946240833 661.1023801181229 0.0 1.0
276.5 495.0 352.5 393.0 448.0059165273482 632.6168105747911 0.0 1.0
309.5 494.5 352.0 361.25 469.1817235495686 612.3999421366461 0.0 1.0
298.75 491.0 345.29999999999995 354.0 458.28038284693037 605.3073705205325 0.0 1.0
253.75 490.0 343.70000000000005 352.0 429.0174930027085 603.3275767790435 0.0 1.0
203.75 491.5 357.5 358.0 412.0492510628193 608.0594231246374 0.0 1.0
204.25 491.0 401.5 353.0 450.65840084374804 604.7359490138651 0.0 1.0
187.0 499.5 414.0 357.5 454.27817313446366 614.2576425645864 0.0 1.0
192.0 499.0 418.25 362.0 460.2773958654775 616.4778990361293 0.0 1.0
191.5 500.0 415.75 362.5 457.7372250164966 617.581036085767 0.0 1.0
207.75 487.0 379.0 355.0 432.82443767375855 602.6558018427213 0.0 1.0
231.68548387096774 482.5 344.69354838709677 328.1071428571429 419.28896483233694 584.7033652967102 0.0 0.0
249.26612903225805 490.5 336.9516129032258 302.25 427.63631876434306 577.9706332079304 0.0 0.0
266.8467741935484 498.5 329.2096774193548 276.39285714285717 435.9836726963492 571.2379011191505 0.0 0.0
284.4274193548387 500.0 321.46774193548384 298.5 444.3310266283553 583.5605842984888 0.0 0.0
302.008064516129 500.5 313.7258064516129 366.5 452.6783805603614 620.3407782275724 0.0 1.0
319.5887096774194 504.0 305.98387096774195 367.0 461.0257344923675 623.462161724212 0.0 1.0
337.16935483870964 514.0 298.241935483871 361.5 469.37308842437363 628.4448279995066 0.0 1.0
354.75 507.0 290.5 367.0 477.72044235637975 625.8897856430065 0.0 1.0
372.33064516129036 511.0 282.758064516129 368.0 486.06779628838586 629.7182318848418 0.0 1.0
389.9112903225806 510.0 275.01612903225805 368.0 494.415150220392 628.9069883536039 0.0 1.0
407.491935483871 510.5 267.2741935483871 368.5 502.7625041523981 629.6050450217883 0.0 1.0
425.07258064516134 511.5 259.53225806451616 369.5 511.1098580844042 631.001198620633 0.0 1.0
442.6532258064516 513.5 251.79032258064515 373.0 519.4572120164103 634.6741970088199 0.0 1.0
460.23387096774195 514.0 244.0483870967742 372.0 527.8045659484164 634.4919904425506 0.0 1.0
477.8145161290323 516.0 236.30645161290323 371.5 536.1519198804225 635.8210555282703 0.0 1.0
494.0 518.0 251.25 371.5 554.4874383624506 637.4452251664034 0.0 1.0
468.75 518.0 326.25 371.0 571.7800974131638 637.1538275801221 0.0 1.0
435.66666666666663 517.75 324.5 371.25 543.3672661939103 637.0963401991892 0.0 1.0
472.33333333333337 517.5 324.5 370.25 573.1852399568372 636.3107368567821 0.0 1.0
462.0 518.0 370.0 370.0 597.2980158438091 636.5721361004532 0.0 1.0
461.0 517.75 381.5 368.75 598.4149258252943 635.6427822022321 0.0 1.0
526.125 518.0 304.79166666666663 368.25 608.0422674505617 635.5565309376528 0.0 1.0
520.625 517.5 305.95833333333337 367.5 603.8977285398414 634.7145137481867 0.0 1.0
515.125 516.25 307.125 367.0 599.7531896291212 633.4059389380965 0.0 1.0
513.0 516.75 310.0 366.5 599.3909065201494 633.5243623711322 1.0 1.0
521.5 517.0 322.0 366.0 612.8998705970034 633.4390262685115 1.0 1.0
487.5 515.25 342.0 365.75 596.2372176592705 631.8672959282967 1.0 1.0
470.5 507.25 311.5 352.75 564.4361081202483 617.8471773735864 1.0 1.0
424.0 505.0 298.5 350.0 518.5348755424003 614.4306307468728 1.0 1.0
432.0 505.0 315.0 349.0 534.6516312088079 613.8615479079953 1.0 1.0
469.5 504.25 326.5 348.0 572.2245414329282 612.6765266441497 1.0 1.0
444.5 502.75 310.0 344.0 542.0640322246181 609.1746251464625 1.0 1.0
478.0 503.0 322.0 347.5 576.3407993179499 611.3635736858395 1.0 1.0
471.0 503.0 313.5 349.5 565.8033572190225 612.5025866076844 1.0 1.0
674.2 496.5 226.5 346.0 711.3927770041716 605.1686695695169 0.0 1.0
605.0 484.5 222.5 338.15 645.1163615402761 590.836047920982 0.0 0.0
535.8 474.5 218.5 330.35 578.8399460763806 578.173124092764 0.0 0.0
488.0 464.5 288.5 322.55 567.2267435095584 565.5102002645463 0.0 0.0
489.0 454.5 322.0 314.75 585.5060644466207 552.8472764363282 0.0 0.0
501.0 444.5 325.5 306.95 597.5182945097001 540.1843526081104 0.0 0.0
479.0 491.5 372.0 338.0 608.3875458197202 596.5035737457331 0.0 0.0
447.0 509.5 307.5 354.5 542.7234403203734 620.6935762436408 0.0 1.0
447.5 517.5 306.5 352.25 542.5787523746387 626.00840086889 1.0 1.0
447.0 519.75 313.5 352.25 546.316597059784 627.869941337725 1.0 1.0
483.5 518.5 318.0 354.0 578.7026261848237 627.840107536511 1.0 1.0
447.5 515.75 338.0 359.0 562.0884777429685 628.3984495438632 1.0 1.0
459.0 516.75 355.5 364.25 582.2569318111249 632.2262126116627 1.0 1.0
486.0 515.75 319.5 367.0 581.615272703119 632.9993861718772 1.0 1.0
486.0 516.0 321.0 369.0 582.440966911344 634.363590861378 1.0 1.0
488.5 515.5 323.0 372.0 585.628952465657 635.7080597736701 1.0 1.0
489.0 514.75 323.5 368.5 586.3217973092933 633.056657415297 1.0 1.0
494.5 514.5 323.0 369.5 590.6494894915827 633.4354742197503 1.0 1.0
467.0 512.75 287.0 372.75 548.1979425103711 633.9208885803962 1.0 1.0
517.0 512.5 264.5 369.5 580.7359551233438 631.812086625989 1.0 1.0
520.0 502.0 265.0 363.5 583.6309240478827 619.7946706774119 1.0 1.0
513.0 481.5 285.5 350.90625 587.4969313609836 595.8052011534712 1.0 0.0
503.5 467.5 276.5 338.78125 574.4254154584703 577.3554450884117 1.0 0.0
507.5 453.5 277.0 326.65625 578.1753908356716 558.9056890233522 0.0 0.0
504.0 439.5 295.0 314.53125 584.2845405609298 540.4559329582928 1.0 0.0
520.0 454.08333333333337 273.0 350.5 587.3073351750188 573.629269074185 1.0 0.0
552.0 478.41666666666663 286.5 362.5 621.9227020815115 600.2477585730054 1.0 0.0
541.0 498.5 285.5 356.5 611.7783818193868 612.8704032763292 1.0 1.0
555.0 501.0 344.0 354.25 652.9685318017231 613.5911257894547 0.0 1.0
592.5 498.5 370.5 353.25 698.8068353413412 610.9749310040439 1.0 1.0
597.5 501.0 359.5 353.25 697.319148688601 613.014522667102 1.0 1.0
576.0 499.25 340.5 354.75 669.116766686523 612.4528817106645 1.0 1.0
590.5 500.25 339.5 354.5 681.1399470669513 613.1253378455818 1.0 1.0
589.5 504.75 329.0 353.5 675.0961538721751 616.2266844962899 1.0 1.0
590.5 505.5 268.0 354.0 648.4707338809669 617.1274301687057 0.0 1.0
579.5 500.5 276.5 357.0 642.1281354942716 614.7757832096668 0.0 1.0
564.5 501.25 286.5 358.0 633.0508970335394 615.9672320216396 0.0 1.0
595.5 506.75 276.0 361.0 656.3507402346204 622.1870005427967 0.0 1.0
580.0 507.0 283.0 363.0 645.4622561961579 623.5528568421038 0.0 1.0
580.0 506.25 343.5 364.25 674.8665215343451 623.6731682862128 0.0 1.0
547.0 505.75 314.0 363.75 630.8123876788651 622.9745153316842 0.0 1.0
535.0 506.5 315.5 357.5 621.100181526077 619.9585333970199 0.0 1.0
529.0 506.5 310.0 360.5 613.1406593156845 621.6992642329928 0.0 1.0
528.5 505.5 306.0 362.5 610.6952006280164 622.042269385068 0.0 1.0
524.0 505.0 302.5 356.5 605.0474801374158 618.1563313596326 0.0 1.0
521.5 505.0 301.0 356.0 602.134421217718 617.8682440502199 0.0 1.0
524.0 504.5 299.5 356.5 603.5603634210922 617.7479933274178 0.0 1.0
492.0 503.5 277.0 355.5 564.7821382406148 616.3542675835592 0.0 1.0
452.5 504.5 285.5 355.25 535.0497673828839 617.0275964973094 1.0 1.0
444.0 505.25 263.5 354.75 516.3038960344029 617.353420890845 1.0 1.0
439.0 505.0 280.5 353.75 520.9681559323234 616.57454512817 1.0 1.0
529.5 491.0 328.0 363.0 624.3145887169952 610.6154378748988 0.0 1.0
499.5 491.5 331.5 361.0 599.6025195253422 609.8305092400675 0.0 1.0
500.5 491.5 338.5 359.0 604.2611872518384 608.6487471370658 1.0 1.0
495.5 492.0 328.0 358.0 594.2504760766631 608.4637101290476 1.0 1.0
522.5 492.25 383.0 358.25 647.8596774101902 608.8129819347132 0.0 1.0
524.0 492.0 377.0 358.75 645.5269567237851 608.9052498581063 1.0 1.0
550.5 491.5 351.5 358.25 654.4892658604626 608.2068390389685 1.0 1.0
582.0 492.0 313.0 358.5 660.827542877564 608.7579568268492 0.0 1.0
534.0 492.25 377.5 358.5 654.0537933030655 608.9600431564581 0.0 1.0
462.5 492.5 336.0 357.5 571.6871790589762 608.574153246751 0.0 1.0
483.5 492.0 370.5 357.25 609.1378388840797 608.0226729896888 1.0 1.0
482.0 491.5 375.0 356.0 610.697898052987 606.8840498810296 1.0 1.0
481.0 493.75 368.0 357.5 605.6316687907823 609.5861903266937 1.0 1.0
469.5 496.25 351.5 357.5 586.5051668439755 611.6129330477204 1.0 1.0
481.5 496.75 391.0 359.75 620.4680666339826 613.3359216121116 1.0 1.0
505.0 496.75 308.5 358.25 591.7882115003467 612.4573752422025 0.0 1.0
487.0 497.25 299.0 359.0 571.4638231814376 613.3013809825876 1.0 1.0
489.5 499.5 296.0 360.75 572.0381977582181 616.1500511424464 1.0 1.0
496.5 499.5 311.0 361.5 585.864213881817 616.5894792598481 1.0 1.0
495.0 499.0 316.5 362.25 587.544557576513 616.6252397190636 1.0 1.0
494.5 499.5 318.0 362.0 587.9238274304561 616.8827571669465 1.0 1.0
536.05 498.5 269.45 361.5 600.2969158532334 615.7795972380043 0.0 1.0
446.25 504.75 249.25 367.5 512.2356965708265 624.3627780232985 0.0 1.0
356.45 505.25 229.05 365.25 424.1744772884195 623.4474656170012 0.0 1.0
342.5 508.0 451.0 365.0 566.4186020943116 625.5317571700955 0.0 1.0
278.5 510.5 429.5 363.5 512.1527930144631 626.6926839876068 0.0 1.0
317.5 512.0 457.5 363.5 556.8774591728729 627.9142059230703 0.0 1.0
302.5 514.0 448.5 364.0 541.0634969751752 629.8349219130921 0.0 1.0
297.5 516.0 453.5 364.0 542.6837868979756 631.4681529404324 0.0 1.0
169.5 518.0 444.5 364.5 475.8493095971256 633.3910719294992 0.0 1.0
181.0 519.0 460.0 364.5 495.58278538969256 634.2091531979021 0.0 1.0
250.0 518.75 446.0 364.5 511.51231713298705 634.004600265722 0.0 1.0
268.75 518.5 551.25 363.75 615.4465580289059 633.3693152259996 0.0 1.0
295.0 518.25 673.5 363.25 738.0980926581653 632.8773548256378 0.0 1.0
272.5 529.75 517.5 353.75 585.340961164597 637.1535365715814 0.0 1.0
282.0 501.0 472.0 336.5 549.8520705896422 603.5177971084115 0.0 1.0
297.0 498.75 481.0 335.25 565.3058851565645 600.9530070875428 0.0 1.0
292.0 498.0 490.0 335.5 570.4096863577004 600.4705969675204 0.0 1.0
244.5 497.75 489.0 334.25 546.8672550063395 599.5652728879361 0.0 1.0
225.0 498.0 490.0 333.25 539.1905228614633 599.2159865555993 0.0 1.0
246.0 497.0 455.0 333.0 518.590676335544 598.246171080559 0.0 1.0
311.75 497.5 423.75 332.5 529.9223459249212 598.3834963992847 0.0 1.0
326.125 499.0 399.125 331.5 515.7229796318816 599.0770622794998 0.0 1.0
304.29166666666663 499.0 393.29166666666663 331.5 497.6706560163657 599.0770622794998 0.0 1.0
282.45833333333337 497.75 387.45833333333337 331.5 479.61833240084985 598.0363578716224 0.0 1.0
242.0 497.25 389.0 331.5 458.25697065576696 597.6201399976171 0.0 1.0
233.25 498.0 406.75 331.5 468.9196084494504 598.2443704396067 0.0 1.0
233.0 498.25 409.0 332.0 470.73393751910305 598.7297973294064 0.0 1.0
218.0 498.0 402.5 332.5 457.7447432794832 598.799006345201 0.0 1.0
217.0 497.75 402.5 332.0 457.2693857475332 598.3137723422942 0.0 1.0
227.0 497.25 431.5 333.0 487.6150668849034 598.4537325730133 0.0 1.0
287.85714285714283 497.25 385.0357142857143 332.75 499.0415515056669 598.3148888149377 0.0 1.0
359.0 496.75 323.75 332.25 510.2114991140254 597.6211302628618 0.0 1.0
430.1428571428571 469.25 262.4642857142857 336.25 521.381446722384 577.587283389503 0.0 1.0
490.5 441.42857142857144 250.0 335.3928571428571 551.182833016772 554.4200557031469 0.0 0.0
487.0 440.0 317.0 329.25 581.1040511965014 549.5963204556856 0.0 0.0
455.0 438.57142857142856 314.0 323.1071428571429 553.0833876156973 544.7725852082242 1.0 0.0
490.5 454.625 319.0 324.25 585.1080461672549 558.4804404474344 1.0 0.0
493.0 509.75 322.5 344.5 589.1139674485255 615.2442290407836 1.0 1.0
478.58333333333337 496.5 314.66666666666663 355.25 572.8265404041954 610.5037544294303 1.0 1.0
416.91666666666663 498.75 291.33333333333337 356.25 508.6921912035208 612.9160087715968 0.0 1.0
446.5 476.75 302.0 362.0 539.2485294494526 598.6116391453509 1.0 1.0
501.625 486.75 305.0 360.25 587.5522094419307 605.5822998715471 0.0 0.0
523.0 502.75 312.0 357.25 609.0368324830563 616.7537091079269 0.0 1.0
474.0 503.0 305.0 358.0 563.6503412523523 617.3920958353775 0.0 1.0
515.5 503.25 301.5 357.5 597.1956136508923 617.3063401958304 0.0 1.0
526.5 502.5 307.0 357.5 609.4682774402127 616.6949537543403 0.0 1.0
494.0 500.75 300.0 357.25 578.0681138461971 615.1248112756077 0.0 1.0
495.0 499.5 302.5 358.0 580.2056958700546 614.5443326123964 0.0 1.0
528.5 499.5 302.5 361.5 608.982900122825 616.5894792598481 0.0 1.0
518.5 498.25 295.0 361.5 596.7298427161811 615.5773765237194 0.0 1.0
549.0 497.5 311.0 361.0 630.9691440441509 614.6766741706501 0.0 1.0
540.5 498.5 341.5 360.5 640.1712696722182 615.1930591285958 0.0 1.0
581.5 496.75 322.5 362.25 664.9434988590879 614.8054546023275 0.0 1.0
535.0 495.75 341.0 360.75 634.4421588703894 613.1138785170002 0.0 1.0
563.5 496.5 335.0 359.0 655.9181044976643 612.6935728154642 0.0 1.0
574.5 496.5 282.5 357.75 640.2140863606965 611.9621579517029 0.0 1.0
527.5 495.5 333.5 356.75 624.2771095046708 610.5660108968884 0.0 1.0
500.5 496.5 284.5 355.0 575.7135350131789 610.3584319299258 0.0 1.0
576.0 497.25 311.5 354.0 655.5709894291978 610.3886237112432 0.0 1.0
595.5 498.75 288.0 354.5 661.4863945821216 611.900319738972 1.0 1.0
600.5 499.5 292.0 354.75 667.7308231553702 612.6563914992191 1.0 1.0
601.0 499.25 291.0 356.0 667.7440137527682 613.1781819726101 1.0 1.0
531.0 499.0 297.5 357.5 608.7731893361898 613.8464101096693 1.0 1.0
530.5 497.75 292.0 358.75 605.5528563135975 613.5610763720762 1.0 1.0
538.0 497.5 300.5 360.5 616.3513115418725 614.3830238540124 1.0 1.0
522.0 497.5 301.0 362.0 602.5653770581421 615.2645069047176 1.0 1.0
523.5 496.25 298.5 363.0 602.6232200611134 614.844180482406 1.0 1.0
522.4375 495.0 298.5 364.0 601.7017033198952 614.4275077331934 0.0 1.0
519.6875 494.5 298.5 364.5 599.3147449905568 614.3221578066077 0.0 1.0
520.5 494.25 298.875 366.0 600.2054440013108 615.011484877597 0.0 1.0
425.5 494.5 309.5 367.0 526.293662745542 615.807933698826 0.0 1.0
429.0 494.5 280.0 367.5 512.2908997666402 616.1059162189566 1.0 1.0
476.5 494.5 292.5 368.5 559.3179262775018 616.7029268618725 1.0 1.0
527.875 494.5 299.0 368.5 606.7992402845903 616.7029268618725 0.0 1.0
484.5 493.5 267.0 368.5 553.3853252149972 615.9016625854808 0.0 1.0
474.5 492.75 281.0 368.25 552.1584816883292 615.15099564246 0.0 1.0
524.0 493.25 274.0 367.75 591.3143674197383 615.2525882915713 0.0 1.0
507.0 493.5 259.0 367.5 569.332587456948 615.3035836073117 0.0 1.0
512.0 492.5 267.0 367.0 577.437286934932 614.2029702388397 0.0 1.0
511.875 492.0 265.75 366.5 576.7487194118727 613.5033326872758 0.0 1.0
508.5 492.25 264.5 366.75 573.180991369023 613.8531969352343 0.0 1.0
532.0 492.0 300.25 367.25 611.0119123679826 613.9516289063249 0.0 1.0
506.0 493.25 348.0 366.5 615.9070366967499 614.5061714351184 0.0 1.0
483.5 498.5 331.0 365.5 585.9490947338513 618.1363118277392 0.0 1.0
480.5 499.25 325.5 366.0 580.3711496640573 619.0368035219785 1.0 1.0
506.5 500.75 340.5 367.5 610.9960783931024 621.1336485894017 1.0 1.0
564.5 503.0 315.5 367.75 646.7442063867161 623.0963578788882 1.0 1.0
561.5 503.75 317.0 369.0 644.8090220242921 624.4398164153763 1.0 1.0
563.0 505.25 345.0 368.75 660.3001507502893 625.5031950546972 1.0 1.0
563.5 506.25 337.0 369.0 656.5846336276736 626.4584012100788 1.0 1.0
558.0 496.75 330.0 362.0 648.2780017133723 614.6865998759876 1.0 1.0
547.5 487.27272727272725 292.0 366.8636363636364 620.6764521553387 610.0074439733423 1.0 0.0
537.875 481.6363636363636 267.9375 368.6818181818182 600.9310018640379 606.677233245043 0.0 0.0
534.375 476.0 263.1875 370.5 595.6957760614985 603.3470225167437 0.0 0.0
530.875 470.3636363636364 258.4375 372.3181818181818 590.4605502589591 600.0168117884443 0.0 0.0
527.375 464.72727272727275 253.6875 374.1363636363636 585.2253244564197 596.686601060145 0.0 0.0
526.5 467.0 298.0 375.5 605.0476847057464 599.2544043240034 0.0 1.0
524.25 490.0 297.625 362.5 602.8596635486783 609.5154850424094 1.0 1.0
517.0 500.0 300.5 362.0 597.9893944738164 617.2885272996097 1.0 1.0
521.0 505.5 302.875 360.0 602.639957415619 620.5951803271062 1.0 1.0
524.0 499.75 306.0 357.5 606.805171598179 614.4561283418218 1.0 1.0
519.5 500.75 303.5 362.0 601.6621377972064 617.8953224026561 1.0 1.0
493.0 501.75 328.0 358.5 593.2223652624562 616.6700912553839 1.0 1.0
520.25 502.25 305.625 355.5 603.3846927196148 615.3335139265096 1.0 1.0
529.5 502.75 297.5 354.25 607.39623767187 615.020931640714 0.0 1.0
531.0 503.25 290.0 354.75 605.0338779283961 615.7176677377819 0.0 1.0
533.0 503.5 289.0 354.5 606.308549172808 615.7779632302539 0.0 1.0
535.5 505.0 292.0 359.5 609.93941553519 619.8913889406301 0.0 1.0
463.0 505.25 314.5 351.75 559.7886936895403 615.6344257060871 0.0 1.0
490.5 504.5 339.5 355.75 596.5366487574604 617.322428607767 0.0 1.0
515.0 504.75 346.5 352.0 620.7154997075893 615.3672630612446 0.0 1.0
515.5 503.75 347.0 355.75 621.4092226907105 616.7109634130252 0.0 1.0
471.0 502.25 363.5 354.25 595.2887254083837 614.61993261197 0.0 1.0
349.08333333333337 501.5 257.33333333333337 357.5 436.51502130610146 615.8802643371519 0.0 1.0
271.41666666666663 500.5 306.66666666666663 356.0 412.5253897146205 614.1957473071834 0.0 1.0
272.0 501.0 446.5 355.5 522.8977830641452 614.3137095343901 0.0 1.0
265.0 501.5 460.0 355.25 531.7101324972359 614.5769716779732 0.0 1.0
131.5 501.5 457.0 356.25 476.1872939145878 615.1555527170508 0.0 1.0
260.5 498.0 470.5 360.75 538.8945413849748 614.9346068942207 0.0 1.0
233.5 499.0 480.0 362.75 533.7840560408498 616.9186820364112 0.0 1.0
291.0 499.0 466.5 364.0 549.8283563602273 617.654829218499 0.0 1.0
206.0 498.25 511.5 365.25 551.675548359492 617.7868790260255 0.0 1.0
217.5 497.5 512.0 366.0 556.2855728122613 617.6263739439582 0.0 1.0
180.5 497.0 477.5 365.75 510.57264482301633 617.0754435585998 0.0 1.0
251.0 497.0 533.5 365.75 589.6120312304133 617.075706366368 0.0 1.0
233.5 497.0 498.5 364.25 550.4767085271899 616.1878191264984 0.0 1.0
231.0 496.5 490.5 342.0 542.1727129714352 602.8899289406381 0.0 1.0
229.5 497.25 485.5 341.0 537.0111513253712 602.9416521696933 0.0 1.0
230.5 497.25 484.5 341.0 536.5368570428022 602.9416521696933 0.0 1.0
204.0 497.0 462.5 341.0 506.00738482191935 602.7355721878637 0.0 1.0
142.5 496.75 439.5 340.75 462.0276577389151 602.387952907784 0.0 1.0
142.5 496.25 440.0 341.0 462.50024461331213 602.117166792277 0.0 1.0
151.5 496.5 455.5 340.75 480.0345065595129 602.1819091228826 0.0 1.0
148.0 507.75 451.0 345.0 474.66346761733007 613.86912543291 0.0 1.0
148.5 508.5 447.0 350.0 471.02215844156444 617.3112732926277 0.0 1.0
160.5 503.5 465.0 353.0 491.92908602742074 614.9227227436047 0.0 1.0
154.0 501.625 474.0 354.5 498.4266848524856 614.2458027800614 0.0 1.0
155.0 502.0 467.5 354.5 492.5282840448324 614.5520726512929 0.0 1.0
221.55 504.0 422.29999999999995 354.5 497.0495605261002 616.190993552133 0.0 1.0
298.95000000000005 502.0 320.70000000000005 354.5 460.278356670384 614.5521403322664 0.0 1.0
419.75 502.0 272.25 354.5 500.4301812330718 614.5521403322664 0.0 1.0
495.75 501.0 324.0 356.0 592.2777706231641 614.6031239751389 0.0 1.0
502.875 502.0 317.0 355.5 594.4535324777773 615.1294813779502 0.0 1.0
470.75 509.5 316.5 365.0 567.2549054512563 626.7530457106792 0.0 1.0
439.5 509.0 337.5 359.0 554.1433832021711 622.8659683261405 0.0 1.0
487.0 507.0 315.75 360.0 580.4829947884123 621.8114553689429 0.0 1.0
507.75 506.0 319.25 360.5 599.7754839716399 621.2860982092486 0.0 1.0
442.25 505.5 312.5 361.0 541.6202841721981 621.1693936139357 0.0 1.0
482.25 506.5 320.5 360.0 579.2929763764748 621.4035855167991 1.0 1.0
462.25 507.0 323.5 359.0 564.2144269268993 621.2334280158852 1.0 1.0
480.5 508.0 331.0 359.0 583.7277722715698 622.0491003677521 1.0 1.0
504.75 509.0 327.0 358.5 601.4275798486055 622.577906771514 1.0 1.0
507.0 511.0 326.75 357.5 603.1707850941687 623.6403868842142 1.0 1.0
509.25 510.5 385.25 357.5 638.7555142067354 623.2306956496927 1.0 1.0
503.0 515.0 374.0 358.0 626.8765659888016 627.2073147409392 1.0 1.0
497.5 512.0 347.25 358.5 606.7064272463751 625.0332623011232 1.0 1.0
491.0 513.0 333.75 358.5 593.7028007018259 625.8526808458064 1.0 1.0
535.75 514.5 350.5 357.5 640.4022794686667 626.5113726022856 1.0 1.0
568.25 512.5 341.0 356.5 662.7243931868368 624.2984062129264 1.0 1.0
560.5 507.5 323.5 356.0 647.2443121828896 619.916765489527 1.0 1.0
563.25 488.25 326.5 322.91666666666663 651.0406152568319 587.3759026422343 1.0 0.0
561.75 466.58333333333337 323.5 278.1388888888889 648.2403060888137 546.8798715819698 1.0 0.0
543.75 444.91666666666663 304.5 233.3611111111111 623.2048759213276 506.3838405217052 1.0 0.0
533.625 423.25 296.75 188.58333333333331 610.587574842458 465.8878094614406 1.0 0.0
529.0 425.5 294.0 204.0 605.2102218045982 475.49961200246594 1.0 0.0
557.0 499.25 328.0 346.25 646.4181241649533 607.7370364780529 1.0 1.0
546.5 492.5 313.5 355.0 630.0394526312007 607.1094081773089 1.0 1.0
491.5 492.75 284.0 358.5 567.7109096981644 609.3643404362838 1.0 1.0
515.0 497.75 305.0 363.5 598.5401069816248 616.3500095227766 1.0 1.0
513.5 500.5 304.5 368.0 596.9945817511726 621.2326276225797 1.0 1.0
513.5 497.5 305.0 364.0 597.2497383842039 616.4440267000775 1.0 1.0
513.0 501.25 307.0 363.0 597.8444613777065 618.8865515754328 1.0 1.0
511.5 502.25 307.0 363.0 596.5578345810237 619.6969960005207 1.0 1.0
476.0 501.0 295.0 361.5 560.0665745333204 617.805257015546 1.0 1.0
456.0 501.0 314.5 360.5 553.9442459694349 617.2215714298561 1.0 1.0
488.5 501.5 304.0 360.5 575.8160299165188 617.6265052602585 1.0 1.0
643.5 500.25 309.0 360.75 715.4052277538556 616.7582563716426 0.0 1.0
639.5 500.5 252.0 361.25 687.3612516609243 617.2536414321464 0.0 1.0
639.5 500.75 254.0 361.25 688.0971682005254 617.4561751170589 0.0 1.0
644.0 500.25 246.0 360.0 689.39331344349 616.320132385443 0.0 1.0
525.0 500.0 264.0 358.0 587.6405372829813 614.9504045042983 0.0 1.0
508.5 499.25 269.0 356.25 575.2776050167147 613.3226357950782 1.0 1.0
511.5 497.5 273.0 354.75 579.8034983730822 611.0271560221502 1.0 1.0
646.0 498.25 244.0 355.0 690.5574833208043 611.7829997075619 0.0 1.0
657.0 500.25 281.0 356.75 714.5702334733853 614.4271694764763 0.0 1.0
668.0 499.5 291.0 355.0 728.6332654693083 612.8012859817488 0.0 1.0
606.5 499.5 288.5 353.5 672.153789491349 611.9334114100977 0.0 1.0
667.0 499.0 288.0 353.0 726.5213500884278 611.236849131727 0.0 1.0
586.5 499.25 314.0 351.5 667.8406213036845 610.5758210193123 0.0 1.0
500.5 499.25 308.0 351.5 587.678312869965 610.5758210193123 1.0 1.0
591.5 499.5 282.5 351.5 656.0098879889011 610.7802387111096 1.0 1.0
528.0 500.25 304.5 351.25 609.5238495202785 611.2500541625898 1.0 1.0
506.5 500.25 292.5 352.25 584.8930301060659 611.8258707175819 1.0 1.0
494.0 501.5 280.0 357.0 567.8456946558343 615.5909556604038 1.0 1.0
620.5 501.0 270.5 358.0 676.8977521303159 615.7637643471185 0.0 1.0
624.5 501.5 279.5 359.0 684.1936395748613 616.7523127604261 1.0 1.0
624.5 501.5 284.0 356.5 686.0598485508109 615.3089703816175 1.0 1.0
596.125 501.5 261.625 352.5 651.500093917613 612.9914355029766 0.0 1.0
561.625 501.0 226.45833333333334 352.5 606.2468795830516 612.5825109981098 0.0 1.0
527.125 501.0 191.29166666666669 352.5 560.9936652484901 612.5825109981098 0.0 1.0
579.0 500.75 240.0 353.25 626.7956971631104 612.8100660122147 0.0 1.0
574.0 501.0 297.0 354.25 648.5096462881654 613.5911539188714 0.0 1.0
426.0 478.5 273.0 364.0 506.63095820357466 601.4495142259633 1.0 1.0
508.0 456.4375 274.5 327.875 577.4477176035591 566.6596299020109 1.0 0.0
639.5 459.6875 256.5 276.375 689.0229159207374 544.2446501185319 0.0 0.0
616.875 462.9375 222.25 224.875 657.2173419327278 521.829670335053 0.0 0.0
584.0416666666667 466.1875 175.91666666666666 173.375 612.0867300805589 499.41469055157415 0.0 0.0
551.2083333333333 469.25 129.58333333333331 340.0 566.9561182283903 579.5048814770627 0.0 0.0
519.5 514.25 198.5 341.5 556.8831467861628 617.3185437247652 0.0 1.0
634.21875 513.5 230.28125 349.0 674.9877956242251 620.9199842366422 0.0 1.0
625.09375 509.75 207.40625 347.5 659.5657072797112 616.928956953318 0.0 1.0
615.96875 509.0 184.53125 348.5 644.1436189351973 616.8747658804239 0.0 1.0
606.84375 539.25 161.65625 349.5 628.7215305906834 642.6050689946762 0.0 1.0
554.5 537.0 165.0 349.5 579.4516457550745 640.7177615768117 0.0 1.0
545.0 537.0 228.75 349.5 591.0746381089205 640.7177615768117 0.0 1.0
639.0 536.5 260.5 349.5 690.0590922940062 640.2988165576062 0.0 1.0
590.0 534.5 260.5 349.5 645.2820408374057 638.6239698572788 0.0 1.0
651.0 497.0 261.5 361.5 701.5586159957822 614.5659037076496 0.0 1.0
604.5 499.75 282.5 360.25 668.1943206559729 616.0613836475286 0.0 1.0
559.0 501.5 290.0 354.25 629.7468165982879 614.0116975782428 0.0 1.0
536.5 501.75 315.0 358.5 622.1393547732707 616.6646849165488 0.0 1.0
532.25 501.75 314.25 357.5 618.0991935806104 616.0838689214102 0.0 1.0
526.5 502.0 316.0 356.5 614.0560794143495 615.7079939489903 1.0 1.0
526.5 504.25 320.5 353.25 616.3812235683482 615.6940923380594 1.0 1.0
534.0 501.25 322.5 347.25 623.8294439686813 609.7820601468936 0.0 1.0
527.25 500.25 326.0 346.5 619.9021412861142 608.5329348224986 0.0 1.0
532.0 500.25 333.0 346.5 627.6248970491476 608.5329348224986 0.0 1.0
540.0 501.0 376.0 351.0 659.2177640689449 611.7350642702011 0.0 1.0
541.5 500.0 302.35 345.0 620.6100028365652 607.4742926873687 0.0 1.0
511.5 500.75 253.75 345.75 572.2438185210565 608.518209281637 0.0 1.0
481.5 500.5 205.15 346.75 523.8776342055476 608.8822008270976 0.0 1.0
510.0 500.25 342.5 345.5 614.3389881755949 607.9642211196701 0.0 1.0
391.0 497.5 400.5 344.5 561.8158680275037 605.1335391033235 0.0 1.0
336.5 494.25 424.5 343.0 541.7015908345763 601.607957437795 0.0 1.0
291.5 493.75 525.0 342.5 600.859837690132 600.9120840887588 0.0 1.0
298.5 493.0 463.0 341.5 550.9297602709162 599.7270003157494 0.0 1.0
307.5 496.75 476.0 344.0 566.6905794221707 604.2322688466534 0.0 1.0
330.0 495.25 439.0 343.5 550.3418815677595 602.7145620922392 0.0 1.0
260.5 495.75 446.0 351.0 516.5669518033554 607.4473692093627 0.0 1.0
224.5 499.0 440.0 354.0 493.96729614487566 611.8255231946432 0.0 1.0
242.5 497.75 426.0 360.0 490.2343915408836 614.2923275465982 0.0 1.0
250.0 499.0 396.0 361.0 468.3119379690103 615.8912343517788 0.0 1.0
233.0 503.5 388.5 367.5 453.18666819766855 623.3531522553908 0.0 1.0
166.5 504.25 435.5 369.5 466.3413741805831 625.1387402021066 0.0 1.0
163.0 505.5 389.5 372.5 422.3675056721644 627.9225736460787 0.0 1.0
142.0 505.75 381.0 375.0 406.6034703303215 629.6096930590968 0.0 1.0
136.0 505.5 376.5 377.0 400.3106430576521 630.6024188397357 0.0 1.0
134.5 506.25 385.0 379.0 407.8181301765679 632.4002410834 0.0 1.0
160.0 507.0 432.0 380.0 462.9466094256368 633.6001578880694 0.0 1.0
207.0 506.25 488.0 384.0 530.1188014262135 635.4094141954406 0.0 1.0
208.0 505.0 476.5 380.0 520.2670320993317 632.0011789706793 0.0 1.0
229.5 504.5 463.5 388.5 517.2076468702633 636.7520143228996 0.0 1.0
232.5 503.25 457.0 391.75 512.7429194077921 637.7538117992974 0.0 1.0
235.5 502.0 453.5 394.5 511.0015196630666 638.4625318315868 0.0 1.0
206.5 502.0 444.0 394.5 489.7436754358843 638.4625318315868 0.0 1.0
235.5 502.0 443.0 395.75 501.7079846000919 639.2370070638472 0.0 1.0
307.5 500.25 478.0 405.5 568.5198333760591 643.9569360945864 0.0 1.0
280.0 500.0 463.0 407.0 541.0834939900718 644.7088449819039 0.0 1.0
267.0 499.75 508.5 407.5 575.684371568222 644.830471876119 0.0 1.0
482.5 497.75 404.5 404.0 630.0736188357359 641.07360933167 0.0 1.0
495.5 479.0 365.0 377.75 615.428711813069 610.1570311211924 0.0 0.0
496.5 457.0 425.5 348.75 654.3024639446845 575.04537959197 0.0 0.0
485.0 435.0 338.0 319.75 592.008891017271 539.9337280627477 0.0 0.0
492.5 473.0 349.0 369.5 604.7596371021305 600.2623070440019 0.0 0.0
474.0 507.0 327.0 399.0 576.7100286996551 645.1746166329444 0.0 1.0
474.5 505.0 368.0 396.5 600.4853284867252 642.0776082395838 0.0 1.0
574.0 500.75 416.5 398.0 709.4741333148813 639.6521411549024 0.0 1.0
554.5 501.75 401.5 385.5 684.6193180648081 632.818411901914 0.0 1.0
527.0 502.5 358.0 354.0 637.098070658162 614.67249649166 1.0 1.0
537.0 505.25 349.5 358.25 640.7329873809995 619.3713703745691 1.0 1.0
532.5 503.25 351.5 355.75 638.0921615278594 616.2974539612893 1.0 1.0
572.5 504.5 339.0 357.5 666.1295158861416 618.3255614965308 0.0 1.0
577.0 504.25 307.0 358.25 653.9634547686651 618.5561387894489 0.0 1.0
557.5 503.0 339.0 359.0 652.5074608050409 617.9740655577049 0.0 1.0
571.5 502.25 354.0 360.25 672.2577645835408 618.0899030875537 0.0 1.0
596.5 503.25 328.0 360.75 681.1956968135694 619.1939757856785 0.0 1.0
531.0 502.5 315.0 356.5 617.4856777436678 616.1157572632832 0.0 1.0
532.0 502.25 324.5 359.0 623.1569848381038 617.363445774994 0.0 1.0
503.5 498.75 314.0 361.25 593.4982697570189 615.8355354571083 0.0 1.0
486.0 500.0 292.5 367.5 567.6620707120094 620.5290081857576 0.0 1.0
299.2857142857143 505.5 240.71428571428572 365.75 439.73018361098576 623.9424042375318 0.0 1.0
60.42857142857143 506.0 233.57142857142856 364.0 465.73545560443756 623.3233510787159 0.0 1.0
-178.42857142857142 507.5 226.42857142857144 364.5 491.7407275978893 624.8331882145551 0.0 1.0
-417.2857142857143 508.0 219.28571428571428 363.0 517.7459995913412 624.3666086415928 0.0 1.0
-451.0 508.0 270.5 361.5 525.900425214793 623.4953215214955 0.0 1.0
-450.5 508.25 276.5 359.5 528.5864115941587 622.5420610989133 0.0 1.0
-455.5 507.25 283.5 358.5 536.5230354719039 621.1480356649602 0.0 1.0
-509.5 505.5 305.0 358.0 594.0599771221105 619.4306527018423 0.0 1.0
-577.0 505.0 384.5 356.25 693.375758950739 618.0124902360379 0.0 1.0
-514.5 499.5 337.5 354.75 617.5803422945045 612.6617618159 0.0 1.0
-566.125 331.32142857142856 284.5 162.82142857142856 625.3889018090703 369.2503722072843 0.0 0.0
-453.0 356.6071428571429 339.0 186.10714285714286 565.8004597510264 402.51227232937197 0.0 0.0
-585.5 381.8928571428571 336.5 209.39285714285714 675.3097579333712 435.77417245145966 0.0 0.0
-583.5 407.17857142857144 303.0 232.67857142857144 658.3669515337311 469.03607257354736 0.0 0.0
-583.5 370.25 339.5 295.75 675.0834182820938 473.87042230957536 0.0 0.0
-553.5 456.5 342.0 349.0 650.635744231631 574.6253187256219 0.0 0.0
-590.0 488.0 305.5 347.0 665.2468313316411 598.7958015372543 0.0 1.0
-587.0 490.25 268.0 349.25 645.2853685597547 601.9425797025431 0.0 1.0
-592.5 489.5 300.0 349.25 664.632200064154 601.32056978994 0.0 1.0
-576.55 491.75 258.0 347.75 679.7800410757573 602.2858510933777 0.0 1.0
-204.74999999999997 496.25 212.0 343.25 512.0735739372658 603.4023736387136 0.0 1.0
167.05 497.5 166.0 336.75 344.3671067987742 600.7566143121146 0.0 1.0
475.5 496.5 250.5 334.0 537.6216149707489 598.3881868090741 0.0 1.0
585.25 499.5 273.375 334.0 648.3643249435308 600.8808574232389 0.0 1.0
480.0 498.0 316.5 331.5 575.0076669413111 598.244564072528 1.0 1.0
476.0 498.0 312.0 337.75 569.8820407579401 601.7521683647316 1.0 1.0
496.5 495.25 350.0 355.25 607.9829284113739 609.488304328946 0.0 1.0
514.0 497.5 293.0 353.75 592.4615207859583 610.4468683419402 1.0 1.0
453.0 498.0 328.0 352.25 560.2198262413697 609.9880966674714 1.0 1.0
470.0 499.75 327.5 352.75 574.4733757877264 611.7047303239394 1.0 1.0
468.0 500.25 343.0 353.5 581.2239660890017 612.5458205136442 1.0 1.0
503.0 500.0 318.5 352.0 595.3586850003669 611.4769485288764 1.0 1.0
508.5 500.0 326.5 353.0 604.2970988846542 612.0531022713634 1.0 1.0
505.0 499.25 321.0 353.25 598.4002451661943 611.5852607153629 1.0 1.0
471.5 498.5 311.5 354.75 565.201742238663 611.8413634178216 1.0 1.0
465.0 498.25 312.5 355.0 560.4273348251336 611.7828470154418 0.0 1.0
470.0 497.75 360.5 356.0 592.412417476859 611.9567661619365 0.0 1.0
469.5 496.0 294.5 356.75 554.221095351549 610.9724821747764 0.0 1.0
230.0 496.5 440.5 357.25 499.01685825076277 611.6699952741692 0.0 1.0
75.0 496.0 504.5 358.5 511.0455460686686 611.9953125798613 0.0 1.0
42.5 500.5 471.0 359.5 472.9198957476599 616.2338964709563 0.0 1.0
49.0 502.75 442.0 361.25 444.7077828650323 619.0795873369027 0.0 1.0
41.5 502.0 464.0 361.75 465.8612530920335 618.7625583676255 0.0 1.0
1.0 501.75 458.0 362.75 458.00129069563536 619.1455353283973 0.0 1.0
3.0 501.75 420.5 364.0 420.5107014096074 619.878317913636 0.0 1.0
43.5 502.0 461.0 364.0 463.0504401987389 620.0807720384436 0.0 1.0
45.0 502.0 446.0 364.0 448.2691398317995 620.0807720384436 0.0 1.0
46.5 502.5 466.0 364.0 468.3142667747193 620.4858882715077 0.0 1.0
48.5 502.5 468.5 363.75 471.003926510342 620.339067136169 0.0 1.0
49.0 501.0 469.5 363.5 472.05005316570555 618.9776113301161 0.0 1.0
51.0 499.75 472.0 362.0 474.74730424202147 617.0863995980645 0.0 1.0
51.5 499.75 471.5 360.25 474.30538590305946 616.0606255973887 0.0 1.0
52.5 494.5 468.5 337.75 471.4323917594123 598.8369741059294 0.0 1.0
49.5 494.5 467.5 337.0 470.1335920668014 598.4140116056924 0.0 1.0
37.15 496.0 435.95 333.25 437.5300753806776 597.5546883435845 0.0 1.0
37.75 496.0 439.75 333.5 441.36746740676256 597.6941107288911 0.0 1.0
38.35 496.5 443.55 333.0 445.20485943284746 597.830855092792 0.0 1.0
42.5 497.0 474.5 332.5 476.4787530148903 597.9675994566929 0.0 1.0
41.0 497.5 471.0 335.25 472.79229630653276 599.915868610828 0.0 1.0
44.5 497.5 475.5 335.75 477.578167976681 600.1952330307495 0.0 1.0
42.5 496.5 459.0 333.5 460.96510162938273 598.1106991021513 0.0 1.0
43.0 496.0 478.5 341.5 480.42922682655325 602.2086104735162 0.0 1.0
41.0 496.5 478.0 347.0 479.75540452832615 605.740262181947 0.0 1.0
41.0 496.75 480.5 348.0 482.24635027729295 606.5199459240358 0.0 1.0
39.0 496.0 484.0 348.5 485.5699332964631 606.1926034801509 0.0 1.0
37.5 509.02777777777777 487.0 320.16666666666663 488.44165465283567 601.3976656193415 0.0 1.0
45.0 487.1388888888889 480.5 314.83333333333337 482.6052382575847 580.2291723500971 0.0 0.0
25.0 465.25 496.0 309.5 496.63213373690957 559.0606790808527 0.0 0.0
26.5 443.3611111111111 490.0 304.16666666666663 490.72355493411783 537.8921858116082 0.0 0.0
21.5 421.47222222222223 497.0 298.83333333333337 497.4658260947316 516.7236925423639 0.0 0.0
19.5 493.75 496.0 314.0 496.38417426098545 585.2709114583702 0.0 0.0
23.0 516.25 490.0 338.0 490.5536857722002 617.0662796307813 0.0 1.0
24.5 491.0 485.5 342.0 486.16053293138697 598.3698814166383 0.0 1.0
-3.0 493.0 491.6428571428571 343.0 491.8348035100504 600.5815252382024 0.0 1.0
11.0 496.0 470.2142857142857 350.5 471.0040046992377 607.3441503401318 0.0 1.0
25.0 497.5 448.78571428571433 349.0 450.1732058884252 607.706717425777 0.0 1.0
39.0 495.0 427.3571428571429 349.5 429.3424070776125 605.9498741645219 0.0 1.0
30.5 496.0 444.5 351.0 445.54750764511135 607.6323137670304 0.0 1.0
31.0 496.0 439.5 350.5 440.59217526819276 607.3436012670257 0.0 1.0
33.0 496.25 441.5 351.5 442.7315778211444 608.1256148648343 0.0 1.0
35.0 497.5 442.0 354.25 443.3835811123366 610.7366973214738 0.0 1.0
35.0 500.5 440.0 354.75 441.38986638512 613.4724316394116 0.0 1.0
33.5 501.25 440.5 353.5 441.7722401803872 613.3627256850939 0.0 1.0
48.0 502.5 446.5 354.0 449.2737288010587 614.6724856309266 0.0 1.0
121.0 502.5 458.0 355.75 473.71503539219384 615.681995596846 0.0 1.0
109.0 503.75 448.0 356.25 461.0698396101577 616.9912296059499 0.0 1.0
182.625 504.25 366.75 356.25 450.3072684328772 617.3994886550038 0.0 1.0
282.7916666666667 504.25 263.0833333333333 356.0 440.96436868408614 617.2552821076599 0.0 1.0
382.95833333333337 503.5 159.41666666666666 356.0 431.6214689352951 616.6427247604564 0.0 1.0
539.5 502.75 275.0 356.25 605.6205813269958 616.1753253236991 0.0 1.0
531.0 501.5 290.0 356.5 605.0360372617998 615.3004013681175 0.0 1.0
536.0 503.0 277.5 357.0 603.5749023207961 616.8129102515184 0.0 1.0
520.0 503.0 274.5 358.5 588.0783094804749 617.6821593667734 0.0 1.0
498.0 502.5 289.0 358.5 575.7821187728065 617.2751285495908 0.0 1.0
485.0 502.0 277.5 358.5 558.7841679503472 616.8680977324083 0.0 1.0
480.5 503.0 278.5 359.0 555.3764433502504 617.9726253075755 0.0 1.0
478.5 502.0 278.0 359.5 553.3966553475898 617.4497955299686 0.0 1.0
508.5 502.25 284.0 359.0 582.4331709081134 617.3622363143552 0.0 1.0
508.0 502.25 285.0 359.0 582.4853561683874 617.3624278872946 0.0 1.0
513.0 501.75 294.5 360.5 591.5308617769776 617.8295345636222 0.0 1.0
521.5 502.0 300.0 359.5 601.6331060128 617.4498641582325 0.0 1.0
516.5 501.0 291.5 359.25 593.0812416680762 616.4913383652515 0.0 1.0
509.5 499.75 288.5 359.75 585.519539938239 615.7680137594525 0.0 1.0
602.5 499.0 383.0 358.5 713.9511553910843 614.4294836968022 0.0 1.0
535.0 495.5 374.5 359.5 654.0325880725566 612.1810901709575 0.0 1.0
516.0 493.25 358.0 359.5 631.3438959984993 610.3571365868704 0.0 1.0
520.0 493.75 355.5 360.0 629.9097394145579 611.05574901904 1.0 1.0
489.0 493.75 329.0 362.25 589.3844049977367 612.3839897788594 1.0 1.0
488.5 495.25 307.0 363.75 577.5285001590687 614.4807837489162 0.0 1.0
526.5 496.0 311.25 365.5 611.6449441875257 616.1219440987312 1.0 1.0
538.75 497.0 313.25 367.0 623.2171683708318 617.817255977076 1.0 1.0
542.5 496.0 307.75 368.0 623.7202509394081 617.6084206369342 1.0 1.0
561.25 497.0 284.25 369.0 629.3981623685131 619.0073999246958 1.0 1.0
530.75 497.0 283.75 369.5 601.8445747837903 619.3054577508582 1.0 1.0
506.0 496.5 267.5 365.0 572.3576087809752 616.2282542892419 1.0 1.0
505.25 496.0 260.25 366.0 568.341236444993 616.4192140571499 1.0 1.0
546.5 494.5 291.0 365.0 619.2195643880846 614.6181024271716 1.0 1.0
552.75 494.5 284.25 362.5 621.5555969418137 613.1366079431239 1.0 1.0
493.5 495.0 298.5 361.0 578.2715778323404 612.6552766771731 1.0 1.0
378.5 495.5 292.5 362.5 479.9349568937563 613.9434013001525 1.0 1.0
432.75 496.0 282.75 362.5 516.9373334759443 614.3470110613382 1.0 1.0
432.5 495.0 288.75 362.0 520.0400912146262 613.2447821919931 1.0 1.0
448.5 495.5 302.75 361.5 541.1245225002428 613.3538848557267 1.0 1.0
550.0 495.5 290.625 361.0 622.0634764243767 613.0589286520506 0.0 1.0
537.5 496.5 302.75 360.0 617.1070774544639 613.2860900100407 0.0 1.0
519.0 471.5 322.0 357.5 610.8346412899205 591.7453003627747 0.0 1.0
509.0 502.0 323.0 325.5 602.8368198584975 598.7730850997398 0.0 1.0
508.5 513.5 331.5 173.0 607.016765210736 552.4891492270053 0.0 0.0
501.25 309.76041666666663 331.0 212.23958333333331 600.6773279110101 376.85259105258876 0.0 0.0
501.5 328.80208333333337 332.5 199.19791666666669 601.7140032598502 390.46109423853085 0.0 0.0
501.5 347.84375 331.75 186.15625 601.3017828034133 404.06959742447293 0.0 0.0
499.25 366.8854166666667 334.75 173.11458333333334 601.0891507328054 417.67810061041496 0.0 0.0
501.25 385.92708333333337 335.5 160.07291666666669 603.1685430499026 431.28660379635704 0.0 0.0
501.75 404.96875 336.25 147.03125 604.0023618284569 444.8951069822991 0.0 0.0
502.25 424.0104166666667 337.0 133.98958333333334 604.835094669064 458.50361016824115 0.0 0.0
491.0 443.05208333333337 333.5 120.94791666666667 593.552959382999 472.1121133541832 0.0 0.0
496.0 462.09375 348.0 107.90625 606.0240644698138 485.7206165401253 0.0 0.0
505.5 481.1354166666667 342.0 94.86458333333334 610.3234651057085 499.32911972606735 0.0 0.0
505.0 500.17708333333337 340.5 81.82291666666667 609.0692309862712 512.9376229120094 0.0 0.0
277.0 519.21875 271.5 68.78125000000001 407.6485962979847 526.5461260979514 0.0 0.0
-8.22727272727273 497.75 221.8181818181818 163.0 262.7706605730864 535.178144540588 0.0 0.0
-99.86363636363637 514.0 232.9090909090909 322.75 317.25619220817697 606.9697281416928 0.0 0.0
-191.5 523.0 244.0 341.75 371.74172384326755 624.7617228787772 0.0 1.0
-283.1363636363636 526.5 255.0909090909091 341.5 426.22725547835813 627.5578096619506 0.0 1.0
-374.77272727272725 520.5 266.1818181818182 340.25 480.7127871134487 621.8572989931008 0.0 1.0
-448.5 520.8333333333333 276.0 345.0 526.621357156712 624.7535908506059 0.0 1.0
-452.0 540.1666666666667 279.0 347.0 531.1778988034094 642.0387184176612 0.0 0.0
-457.0 544.5 287.0 347.0 539.6465481811672 645.6696317709864 0.0 1.0
-497.625 546.0 292.75 348.5 577.7963868459436 647.7409237840388 0.0 1.0
-604.0 549.5 274.5 349.0 664.1342757835821 650.9618066499127 0.0 1.0
-600.0 483.5 237.0 373.0 645.1116795997605 610.7916318808111 0.0 1.0
-383.275 501.25 235.75 366.25 678.7802116914024 620.798546097717 0.0 1.0
-94.97499999999997 502.25 234.75 366.5 724.5365543265934 621.7534706851259 0.0 1.0
193.32500000000005 501.75 233.75 366.0 770.2928969617844 621.0548157820931 0.0 1.0
481.62500000000006 501.25 232.75 365.0 816.0492395969754 620.0620934378422 0.0 1.0
769.9250000000001 493.25 231.75 345.5 861.8055822321662 602.2223415966552 0.0 1.0
713.5 491.75 292.0 339.75 770.939969165161 597.7024123094817 0.0 1.0
662.0 491.0 275.5 339.5 717.052144276607 596.9432552596603 1.0 1.0
646.0 490.75 280.5 338.75 704.2701461878123 596.3114545502741 1.0 1.0
648.5 491.5 283.5 338.25 707.760328986644 596.6451565248537 1.0 1.0
649.0 492.25 279.5 338.0 706.6509958065037 597.1217372375057 1.0 1.0
642.5 488.5 277.5 352.5 699.8666607179536 602.4027338082041 1.0 1.0
642.0 490.0 275.0 352.75 698.4195346000768 603.7661729882036 1.0 1.0
644.0 488.5 275.5 354.75 700.4543285091572 603.7217161123327 1.0 1.0
558.5 489.5 289.0 355.5 629.2452001263673 604.9715582798804 1.0 1.0
490.0 493.25 324.5 354.75 587.7186488063614 607.5715646694047 1.0 1.0
498.0 493.75 324.0 354.75 594.1214500418901 607.977532506107 1.0 1.0
499.0 493.0 325.0 354.5 595.5048413523037 607.2225703973791 1.0 1.0
501.5 492.75 327.5 354.25 598.9653290194012 606.8736509811915 1.0 1.0
555.0 492.25 346.0 354.25 654.1152187215749 606.4677899992303 1.0 1.0
449.45000000000005 492.5 351.85 354.75 677.6175623143729 606.9629787822264 0.0 1.0
242.04999999999998 492.0 335.65 355.75 639.6940510881416 607.1428430596202 0.0 1.0
34.64999999999998 491.25 319.45 357.75 601.77053986191 607.7107620051875 0.0 1.0
-172.75 490.25 303.25 358.25 563.8470286356787 607.1970413681913 0.0 1.0
-380.15000000000003 490.25 287.05 358.25 525.9235174094473 607.1970413681913 0.0 1.0
-438.5 490.5 278.0 358.0 519.1977674012576 607.2513894590937 0.0 1.0
-549.0 490.75 306.5 357.75 628.7633134102871 607.3061394407597 0.0 1.0
-551.5 493.0 309.5 357.25 632.4101016016464 608.8321303294762 0.0 1.0
-565.5 494.75 269.0 357.5 627.575834244441 610.3970230402144 0.0 1.0
-529.875 496.0 264.0 357.25 596.9174073379404 611.2639123046073 0.0 1.0
-391.5 497.5 336.0 357.0 515.91588883109 612.3366954590058 0.0 1.0
-447.5 499.75 321.0 356.5 550.7290459544777 613.874851723451 0.0 1.0
-450.5 500.0 267.0 356.5 523.6788714940187 614.0783744767438 0.0 1.0
-444.0 501.0 262.5 356.25 515.7936916473637 614.748000412216 0.0 1.0
-445.0 501.25 264.5 355.25 517.6729751923897 614.3729555649151 0.0 1.0
-449.5 504.75 267.0 357.0 522.8186255308683 618.2409464280818 0.0 1.0
-451.5 504.0 268.5 357.0 525.3043733741029 617.6285525312335 0.0 1.0
-453.0 448.5 269.0 377.0 526.8491534521627 588.1380970482899 0.0 1.0
-456.5 394.375 271.0 328.625 530.8800234384962 523.1787090345258 0.0 0.0
-459.5 398.875 273.0 239.45833333333331 534.4804161269128 479.2188727326909 0.0 0.0
-460.0 403.375 272.0 150.29166666666666 534.4006277505291 435.25903643085593 0.0 0.0
-453.5 460.75 267.5 291.25 526.5155228939113 546.5461544661023 0.0 0.0
-451.0 485.5 266.5 357.5 523.8544729275603 602.9966377274582 0.0 1.0
-453.5 506.5 267.0 361.0 526.2619307353868 621.9834923653495 0.0 1.0
-453.5 486.5 265.5 363.5 525.5021712579954 607.4932773165926 0.0 1.0
-453.5 508.75 265.0 360.0 525.249702522524 623.2496293521401 0.0 1.0
-464.55 503.25 275.35 362.0 540.0626404965577 619.9230839821394 0.0 1.0
-508.75 505.0 312.75 362.0 597.2934688616322 621.3464974653789 0.0 1.0
-552.95 506.0 350.15 357.0 654.5242972267066 619.2616799096993 0.0 1.0
-552.5 508.5 326.0 357.0 642.0529765229395 621.3062488952329 0.0 1.0
-543.0 511.0 288.5 357.5 614.8837140424748 623.640584481795 0.0 1.0
-540.0 512.5 343.0 356.0 639.7257224780008 624.0134087304175 0.0 1.0
-541.0 514.0 344.5 355.0 641.3745005844869 624.676851868653 0.0 1.0
-539.5 513.5 346.5 354.0 641.1884205158312 623.697255365028 0.0 1.0
-543.125 511.0 286.875 352.0 614.3975340509282 620.5038470357526 0.0 1.0
-545.0 508.5 261.5 350.0 604.4900588649884 617.3105105871044 0.0 1.0
-548.5 506.5 269.0 348.0 610.9118185743766 614.529304940643 0.0 1.0
-550.3125 504.0 272.0 347.5 613.8635972930256 612.1867135220591 0.0 1.0
-551.5625 502.25 274.0 346.75 615.872246286634 610.3205726783453 0.0 1.0
-553.5 497.25 275.5 354.25 618.2739672311366 610.5331658241571 0.0 1.0
-559.0 497.0 275.5 356.25 623.2043676649198 611.4941418817134 0.0 1.0
-553.0 497.25 316.0 358.25 638.1656735684016 612.8631123706128 0.0 1.0
-605.5 498.75 397.5 357.5 727.7373338109454 613.6430833252518 0.0 1.0
-508.0 499.25 387.5 357.5 639.5000992041278 614.0495368330219 0.0 1.0
-396.65625 499.75 335.28125 356.5 582.104593870484 613.874851723451 0.0 1.0
-123.28125 500.25 330.40625 356.5 614.5883012923724 614.2819658353635 0.0 1.0
150.09375 500.25 325.53125 359.25 647.0720087142608 615.881992167205 0.0 1.0
423.46875 501.75 320.65625 357.25 679.5557161361494 615.9389146337019 0.0 1.0
630.5 501.75 320.5 357.25 707.2873537693597 615.9389146337019 0.0 1.0
585.0 500.5 316.0 357.5 664.8921415341094 615.0666520682973 0.0 1.0
577.25 499.5 312.5 360.0 656.4097949337388 615.7121632201032 0.0 1.0
574.0 499.25 311.5 359.75 653.0760345288879 615.362289052608 1.0 1.0
553.875 498.25 325.25 361.25 642.9550373128407 615.4309006147055 1.0 1.0
542.0 497.25 334.0 363.75 637.665369792525 616.0941043644611 0.0 1.0
590.0 497.0 307.0 366.5 665.1872715233815 617.520313885652 0.0 1.0
600.875 497.5 310.0 367.0 676.4056989423441 618.219549915576 0.0 1.0
524.5 480.0 322.0 362.0 615.6002662336311 601.2277088333643 1.0 1.0
535.0 462.75 346.0 356.75 637.149650493335 584.3017672574038 1.0 1.0
548.0 462.0 322.0 358.0 635.788539635784 584.4724116671376 1.0 1.0
566.0 461.75 314.0 358.5 647.2655352608214 584.5815709413469 1.0 1.0
577.0 462.25 333.5 358.75 666.4786466021762 585.1295813368995 1.0 1.0
570.5 477.0 318.0 362.25 653.142413988569 598.9917504953273 1.0 1.0
618.0 491.5 308.5 365.75 691.242732548385 612.6543251223939 1.0 1.0
607.0 475.25 385.5 359.75 719.7542560630596 596.0833412185593 0.0 1.0
563.0 459.0 431.0 355.25 709.1213285803581 580.4167246339681 0.0 1.0
574.0 484.75 428.0 359.25 716.0124025256516 603.4398731083319 0.0 1.0
569.0 505.5 411.0 365.5 701.9143572780984 623.7956295194087 0.0 1.0
565.0 504.25 404.0 364.25 694.670252267275 622.0540543607748 0.0 1.0
574.0 502.25 414.0 367.75 708.015015948871 622.49116225227 0.0 1.0
572.5 501.5 387.0 369.0 691.0320311063035 622.6261621622161 0.0 1.0
569.0 501.25 385.0 369.25 687.0123880975693 622.5729899454516 0.0 1.0
522.5 500.25 370.0 369.25 640.4011836784314 621.7681463169203 0.0 1.0
531.0 499.5 386.5 368.5 657.162177394807 620.7193497346937 0.0 1.0
549.5 498.5 371.0 367.75 663.0517345684914 619.4693871760219 0.0 1.0
525.0 496.5 331.0 367.0 620.633552820564 617.4151679801047 1.0 1.0
516.5 496.25 327.0 366.5 611.3111013616657 616.9167971116065 1.0 1.0
514.0 495.75 319.5 366.75 605.2090734246437 616.6633017579675 1.0 1.0
519.0 497.0 321.5 367.0 610.5119786219941 617.8171250459152 1.0 1.0
517.5 497.0 320.5 367.0 608.7089010233628 617.8171250459152 1.0 1.0
517.0 496.5 318.0 369.0 606.9744323797152 618.6059642081252 1.0 1.0
518.0 496.0 319.5 369.75 608.6085103725547 618.6526510687773 1.0 1.0
518.5 497.5 321.0 370.5 609.8223185924078 620.3042017411562 1.0 1.0
518.0 498.75 322.0 372.0 609.9251146139134 622.2024311184066 1.0 1.0
524.0 496.5 316.5 373.5 612.1678626602663 621.3006518586634 1.0 1.0
400.0 495.25 283.25 374.5 490.7517122895373 620.9048519999053 0.0 1.0
316.0 497.0 269.0 373.75 415.62562050655515 621.8510302622965 0.0 1.0
266.0 496.0 217.0 374.25 343.69498491300214 621.3526392685894 0.0 1.0
240.0 496.5 270.0 374.25 361.24933275070333 621.7518176628749 0.0 1.0
229.0 497.0 281.0 374.25 362.5018913291394 622.1511893295792 0.0 1.0
242.0 497.25 253.5 374.5 350.49182586782183 622.5012731878983 0.0 1.0
273.0 497.25 248.0 374.75 368.8421779961728 622.6517867804251 0.0 1.0
225.5 497.75 215.0 373.75 311.60093037791586 622.4508219483023 0.0 1.0
157.5 477.625 156.5 356.16666666666663 223.25449047571402 597.0946597660441 0.0 1.0
129.0 446.125 161.5 282.83333333333337 206.71622889941136 532.8485823275103 0.0 0.0
141.0 414.625 174.5 209.5 224.4056464332204 468.6025048889765 0.0 0.0
139.5 426.0 179.0 237.5 226.96868395768618 490.94071813655216 0.0 0.0
147.0 476.5 143.0 360.25 209.6866081683598 597.3728673674278 0.0 0.0
7.5 494.0 136.5 355.75 136.70594457153206 608.7644073500194 0.0 1.0
4.5 490.0 109.5 354.5 109.59756104226419 604.7899688516695 0.0 1.0
17.0 489.5 110.0 353.0 111.34536454001119 603.5065071055067 0.0 1.0
28.0 489.0 113.5 353.0 116.9134510272428 603.1011370534563 0.0 1.0
-7.0 489.5 141.5 355.5 143.81434261576393 604.971491253812 0.0 1.0
16.5 488.75 140.5 355.5 141.47278564453643 604.3650869026872 0.0 1.0
30.0 491.5 132.0 354.5 135.43585025196953 606.0067634917539 0.0 1.0
42.5 498.0 87.5 359.0 97.27630095476246 613.9096129042616 0.0 1.0
111.0 489.0 178.5 366.0 212.83204602562682 610.8414529937272 0.0 1.0
79.0 476.0 161.0 370.75 179.83576481490857 603.3502917894123 0.0 1.0
90.5 492.0 141.5 376.0 168.07401368880377 619.230368674572 0.0 1.0
107.5 491.25 146.5 379.5 181.95198567215505 620.7635163827974 0.0 1.0
114.0 493.25 175.5 384.25 209.40326440440754 625.2594935053726 0.0 1.0
102.0 495.0 175.0 386.5 202.65631871566012 628.0208425439005 0.0 1.0
-50.5 497.5 167.0 385.5 176.85337392530124 629.377867421472 0.0 1.0
-281.125 496.25 154.5 386.5 359.16462915478485 629.005464588542 0.0 1.0
-540.625 495.25 110.5 386.0 562.7295748315385 627.9080879774722 0.0 1.0
-629.5 494.5 376.5 385.5 733.6362391567945 627.0091705868424 0.0 1.0
-493.0 494.5 268.5 385.5 561.6391969405568 627.0091705868424 0.0 1.0
-486.0 493.5 228.0 387.0 536.825440101152 627.1478938463058 0.0 1.0
-492.5 491.5 228.5 399.0 542.9261177286726 633.0695201216952 0.0 1.0
-512.5 491.5 228.5 400.25 561.1360918949764 633.8556567800874 0.0 1.0
-508.25 492.5 234.875 400.0 559.9846498969408 634.4732066840963 0.0 1.0
-490.0 492.5 246.5 400.75 548.5102495763124 634.9465732831881 0.0 1.0
-502.0 492.5 245.75 401.0 558.9284228040851 635.1042436765051 0.0 1.0
-517.0 493.0 256.5 402.0 577.1320753932773 636.1238046826218 0.0 1.0
-523.375 496.5 258.25 357.0 583.6220416456392 611.5240404515856 0.0 0.0
-406.0 494.25 254.0 355.5 482.8835289557423 608.8212658981408 0.0 1.0
-502.0 494.5 249.5 354.0 560.5873786057473 608.1523524167663 0.0 1.0
-502.25 493.75 256.75 356.25 564.0759904479501 608.8539465155554 0.0 1.0
-510.25 493.25 257.0 355.75 571.3186630624759 608.1559242454917 0.0 1.0
-504.0 492.5 264.5 351.25 569.2425963288408 604.9244780902175 0.0 1.0
-475.0 496.75 274.0 333.75 548.3626648654108 598.4578050621557 0.0 1.0
-463.5 498.0 266.5 336.25 534.6542275931645 600.8948415238085 0.0 1.0
-499.0 493.75 286.5 340.75 575.3984810337806 599.928544187796 0.0 1.0
-468.0 489.75 273.5 341.5 542.0574288289947 597.0575945494583 0.0 1.0
-460.5 488.5 274.0 336.5 535.8509870139271 593.1816753744168 0.0 1.0
-464.0 488.25 272.0 338.75 537.8655836939076 594.2572208753247 0.0 1.0
-465.5 491.75 270.5 340.75 538.3880989431764 598.2759326218679 0.0 1.0
-466.5 494.0 273.0 355.5 540.51017660961 608.6185340631981 0.0 1.0
-467.5 494.5 273.5 357.5 541.6258521770253 610.1938216665259 0.0 1.0
-470.0 492.25 274.0 357.0 544.0368217445998 608.0782260994588 0.0 1.0
-459.0 492.0 271.5 357.0 533.2857761983164 607.8759443935537 0.0 1.0
-468.0 492.5 273.0 357.0 541.8135506015421 608.2805786850462 0.0 1.0
-504.89285714285717 493.0 276.0357142857143 357.0 575.8315439910343 608.6856035767546 0.0 1.0
-550.75 492.5 282.75 356.5 619.6532849150849 607.9873238438752 0.0 1.0
-596.6071428571429 492.25 289.4642857142857 356.0 663.4750258391354 607.4922023811137 0.0 1.0
-622.0 492.0 292.0 356.75 687.1320389341809 607.7292229442401 0.0 1.0
-519.5 491.25 269.5 357.0 585.4521764661638 607.2690976004351 0.0 1.0
-507.5 427.5 265.5 305.75 572.7536087012663 526.1404315894737 0.0 1.0
-506.5 421.9642857142857 263.5 277.17857142857144 570.9418124903692 504.9448231802576 0.0 0.0
-506.5 451.25 261.0 304.75 569.7924600632331 544.6365607301402 0.0 0.0
-514.5 480.53571428571433 263.0 332.32142857142856 577.8243065701994 584.3282982800229 0.0 0.0
-519.0 501.0 262.0 355.75 581.3819742647686 614.4662226270466 0.0 0.0
-518.5 494.625 261.5 348.75 580.7103830354858 605.2183354376984 0.0 0.0
-515.5 495.75 261.0 355.0 577.8072775588761 609.7487882032235 0.0 1.0
-522.0 489.25 275.5 351.0 590.2537660987343 602.1360731139184 0.0 1.0
-582.625 495.75 285.75 355.5 649.5184501093295 610.0403518742128 0.0 1.0
-740.5 493.75 314.0 356.0 804.346349730462 608.7078924804104 0.0 1.0
-663.5 495.25 301.5 357.75 728.7984343921336 610.9481386875254 0.0 1.0
-617.5 495.0 293.5 359.0 683.7208042627997 611.4786064713114 0.0 1.0
-526.5 496.75 278.0 358.75 595.5082291942213 612.7497424152111 0.0 1.0
-570.0 496.5 269.0 357.5 630.8159016333432 611.8158099945853 0.0 1.0
-549.5 496.0 238.0 357.75 598.8353627273334 611.5562963556054 0.0 1.0
-551.5 494.5 237.5 357.25 600.4652932214051 610.0496621816711 0.0 1.0
-476.5 501.0 258.0 364.5 543.7150453955722 619.5653718535276 0.0 1.0
-288.45 501.25 270.35 365.5 503.88352919390627 620.35654992694 0.0 1.0
-145.04999999999998 502.5 277.48333333333335 365.0 540.4106414165715 621.0727925567962 0.0 1.0
-1.6499999999999773 502.25 284.6166666666667 365.0 576.9377536392368 620.8704605688808 0.0 1.0
141.75000000000003 501.75 291.75 364.0 613.4648658619021 619.878317913636 0.0 1.0
285.15000000000003 501.5 298.8833333333333 363.0 649.9919780845673 619.089181014991 0.0 1.0
428.55000000000007 502.25 306.01666666666665 362.5 686.5190903072327 619.4041533278053 0.0 1.0
571.95 502.25 313.15 361.25 723.046202529898 618.6733764706945 0.0 1.0
647.5 502.75 308.0 360.25 717.0344968615086 618.4967222359078 0.0 1.0
619.25 502.75 297.5 360.25 687.0063277807619 618.4967222359078 0.0 1.0
618.5 502.75 299.0 362.75 686.9817027992673 619.9559164794133 0.0 1.0
540.0 503.5 284.0 363.75 610.5932916822129 621.1491935340623 0.0 1.0
527.0 503.5 327.0 364.25 620.2212132456234 621.4421298021402 1.0 1.0
528.5 504.75 329.0 365.25 622.5377499165197 623.0410525794712 1.0 1.0
620.5 505.5 307.5 366.0 692.5216676774407 624.0883350936789 0.0 1.0
619.5 505.25 306.5 366.0 691.1770249364976 623.8858741866025 1.0 1.0
626.0 504.0 305.0 366.0 696.3525392498541 622.873984044927 1.0 1.0
654.0 505.25 337.5 365.5 738.0870057357774 623.592909524371 1.0 1.0
621.5 505.25 330.0 365.25 704.2215818161662 623.4462662077219 1.0 1.0
609.5 504.5 344.5 364.5 700.1271531720582 622.3990566692471 1.0 1.0
609.0 505.0 319.0 365.0 687.6357364048915 623.0972349597291 1.0 1.0
605.5 505.5 332.0 365.25 690.5467182496268 623.6489862027597 1.0 1.0
604.0 506.25 306.5 364.75 677.3381876737735 623.9645396861897 1.0 1.0
602.5 506.5 307.5 364.75 676.4340063664981 624.1673282512925 1.0 1.0
606.5 506.0 298.0 365.0 675.7569829011326 623.9079143293565 1.0 1.0
589.5 504.75 346.5 364.75 683.7928109248685 622.7480879172397 0.0 1.0
548.5 417.8611111111111 333.5 203.19444444444446 642.0387450815036 465.32548065960884 1.0 0.0
542.5 421.30555555555554 332.5 233.97222222222223 636.4343678595511 484.4146034293645 0.0 0.0
508.25 424.75 334.25 264.75 608.3119092379104 503.50372619912014 1.0 0.0
546.25 428.19444444444446 360.75 295.5277777777778 654.6328996178844 522.5928489688758 1.0 0.0
571.5 431.6388888888889 375.75 326.30555555555554 683.9642606831928 541.6819717386314 1.0 0.0
551.5 471.5 375.75 348.0 667.5224182523752 586.138555377207 1.0 0.0
516.75 513.5 358.0 363.0 628.6750945540205 628.8498131861522 1.0 1.0
487.25 537.0 349.75 359.0 599.834208169154 645.9548817455943 1.0 1.0
465.0 555.0 345.0 355.0 579.0092794807587 658.8249603030287 1.0 1.0
494.25 523.0 361.0 365.5 612.0775755422385 638.1787286750409 1.0 1.0
473.0 523.5 360.0 366.5 594.4149714642148 639.1927889683254 1.0 1.0
524.0 503.5 369.75 371.5 641.3271011475174 625.719256635873 0.0 1.0
470.25 509.0 350.75 371.0 586.6567964941615 629.8705591509594 0.0 1.0
469.5 513.5 346.0 368.0 583.2207232355684 631.7485759865649 1.0 1.0
467.5 510.0 350.75 367.5 584.458767818666 628.6156354454976 1.0 1.0
470.75 509.0 358.75 367.0 591.8854519793754 627.5110871431307 1.0 1.0
472.75 516.5 362.75 364.0 595.8918405554489 631.8808009479852 1.0 1.0
470.0 529.5 307.0 361.0 561.3848300748484 640.8545603616134 0.0 1.0
435.0 538.5 323.0 358.0 542.5919898534269 646.644795588397 1.0 1.0
458.0 548.5 331.0 355.0 565.1438098974502 653.3608587427397 0.0 1.0
448.75 502.5 311.0 363.0 546.0301319230352 619.8993972092364 0.0 1.0
511.75 501.5 304.25 362.0 595.369119990562 618.503366491015 0.0 1.0
544.25 500.5 310.0 362.0 626.370345015481 617.692692662654 1.0 1.0
554.25 500.0 306.0 362.0 633.1113379690082 617.2880101746639 1.0 1.0
584.0 500.0 300.5 361.5 656.8973233833974 616.9945995072555 1.0 1.0
593.5 496.0 305.5 362.0 667.5123290710029 614.0521247461672 1.0 1.0
582.25 494.25 319.75 361.0 664.4413080057296 612.0491220257152 1.0 1.0
590.5 493.5 327.5 361.25 675.2492755518379 611.5912468259669 1.0 1.0
594.75 492.75 322.0 361.0 676.3242940534145 610.8386580732235 1.0 1.0
588.0 492.5 299.0 361.5 659.7210868446193 610.9325556333597 1.0 1.0
584.0 491.5 291.5 361.5 652.7554441491989 610.1266981243225 1.0 1.0
582.5 492.25 347.0 361.75 679.4182870789825 610.8789797106062 1.0 1.0
596.5 492.5 331.5 362.0 683.6539440966694 611.228476103658 0.0 1.0
588.5 492.25 290.5 362.25 656.3018907078593 611.175299870903 1.0 1.0
590.5 492.75 294.5 362.0 659.8641520704876 611.4299339978149 1.0 1.0
550.5 494.75 376.5 362.0 666.9472995658023 613.0431194132227 0.0 1.0
527.0 494.0 313.5 362.25 613.1977125322195 612.5855884236698 0.0 1.0
519.0 495.25 310.0 361.75 604.5471012894968 613.2990681866345 1.0 1.0
519.5 494.75 308.0 363.5 603.9886191903548 613.929814250004 1.0 1.0
516.0 496.25 307.5 366.0 600.6772313875517 616.6199210364271 1.0 1.0
482.0 496.25 300.0 366.75 567.9530438207285 617.0653813668703 1.0 1.0
528.3214285714286 497.5 281.3928571428571 368.0 600.5226722599458 618.8136540292282 0.0 1.0
538.75 497.75 249.25 368.5 596.5106495280672 619.3122117902356 0.0 1.0
549.1785714285714 497.25 217.10714285714283 369.25 592.4986267961885 619.3571242268674 0.0 1.0
551.0 497.5 213.5 369.5 591.3004488934425 619.7068572143371 0.0 1.0
546.5 498.25 285.0 369.75 616.3534625340835 620.4579983212263 0.0 1.0
500.5 498.75 306.5 369.75 587.9514040621311 620.8596840686389 0.0 1.0
490.0 498.5 309.5 369.5 579.7322404063326 620.5099424252285 1.0 1.0
486.5 497.5 307.0 369.0 575.274681632266 619.4087993881747 1.0 1.0
551.5 497.0 291.5 368.5 623.8032323155387 618.7093420985334 0.0 1.0
547.5 497.0 289.0 367.25 619.0955616969795 617.9656972084393 1.0 1.0
546.5 496.75 290.0 366.75 618.6863336505482 617.467511510019 1.0 1.0
540.5 496.0 308.5 365.25 622.5516223321587 615.973677650431 1.0 1.0
532.5 495.5 319.5 364.25 621.0049256639468 614.9783354509289 1.0 1.0
533.0 497.0 317.5 367.5 620.4013994189262 618.1161391826427 1.0 1.0
535.0 498.5 313.5 370.0 620.0870861377306 620.8078697928333 1.0 1.0
532.0 498.5 312.0 369.5 616.740195048726 620.5098709932018 1.0 1.0
531.5 497.75 310.5 369.0 615.5506182366706 619.6098495048413 1.0 1.0
536.5 498.0 313.0 368.5 621.1293887998529 619.512913505441 1.0 1.0
535.0 497.5 313.0 368.0 619.839708027959 618.8139777440242 1.0 1.0
548.0 498.25 365.0 367.25 660.2989582148771 618.9715237395778 1.0 1.0
564.0 499.25 331.0 366.0 654.3142982290208 619.0368198644405 1.0 1.0
571.0 499.5 346.5 366.0 668.2168835323589 619.2385140918173 1.0 1.0
566.0 498.5 347.0 365.75 664.3453970282903 618.284175259219 1.0 1.0
573.0 498.0 371.5 365.0 682.910557890508 617.4375779255497 1.0 1.0
572.0 496.5 328.5 364.0 659.6844738761087 615.636468689439 1.0 1.0
606.0 496.75 374.5 364.0 712.383795368371 615.8403167104393 0.0 1.0
588.5 496.25 305.0 363.5 662.8416606319541 615.1392804271113 0.0 1.0
559.5 496.0 315.5 363.5 642.3362550985235 614.9375984602015 0.0 1.0
498.0 495.25 284.0 364.0 573.2944570835325 614.6293842666578 0.0 1.0
514.5 494.25 294.5 365.5 592.8310476897195 614.714746933287 0.0 1.0
516.5 495.25 295.0 366.75 594.82266432857 616.2614647501318 0.0 1.0
512.0 498.25 290.5 368.5 588.6719274316047 619.7138972409223 0.0 1.0
519.5 499.25 284.0 370.5 592.0613621397856 621.7080313712459 0.0 1.0
520.0 499.75 307.5 372.25 604.2434777095467 623.1539559502919 0.0 1.0
508.5 435.75 336.5 373.0 609.7793901834691 574.4967135294881 0.0 1.0
508.0 317.6515151515151 333.5 304.4015151515151 607.6895187365349 440.5862190539465 0.0 0.0
508.5 326.25757575757575 334.0 296.00757575757575 608.3822388945434 443.4652672412369 0.0 0.0
506.0 334.8636363636364 332.5 287.6136363636364 605.4690161119718 446.34431542852724 0.0 0.0
524.0 343.469696969697 321.5 279.219696969697 615.0732409345344 449.2233636158177 0.0 0.0
314.3181818181818 352.0757575757576 209.9090909090909 270.8257575757576 411.47739967872656 452.102411803108 0.0 0.0
171.59090909090912 360.68181818181813 225.54545454545453 262.43181818181813 432.89446224580536 454.98145999039843 0.0 0.0
28.863636363636374 369.28787878787875 241.1818181818182 254.03787878787878 454.3115248128843 457.86050817768876 0.0 0.0
-113.86363636363632 377.8939393939394 256.8181818181818 245.64393939393938 475.7285873799632 460.73955636497914 0.0 0.0
-256.59090909090907 386.5 272.4545454545455 237.25 497.14564994704205 463.6186045522695 0.0 0.0
-399.3181818181818 395.1060606060606 288.0909090909091 228.8560606060606 518.5627125141209 466.4976527395599 0.0 0.0
-523.0 403.71212121212125 307.5 220.46212121212122 607.2009943386347 469.3767009268503 0.0 0.0
-608.0 412.3181818181818 251.5 212.0681818181818 657.964297709798 472.2557491141406 0.0 0.0
-593.5 420.9242424242424 284.5 203.6742424242424 659.0468455399996 475.13479730143104 0.0 0.0
-584.5 429.530303030303 257.5357142857143 195.28030303030303 638.7268706281964 478.01384548872136 0.0 0.0
-586.5 438.1363636363636 261.67857142857144 186.88636363636363 642.2480632977522 480.8928936760118 0.0 0.0
-588.5 446.74242424242425 265.82142857142856 178.49242424242422 645.769255967308 483.7719418633021 0.0 0.0
-590.5 455.3484848484849 269.9642857142857 170.09848484848484 649.2904486368641 486.6509900505925 0.0 0.0
-583.0 476.0 276.0 262.25 645.0310070066399 543.9135700422436 0.0 0.0
-583.5 506.75 290.0 352.5 651.6125318365664 617.2942076932206 0.0 0.0
-581.0 476.75 299.5 370.0 653.6597741264115 603.4823254526866 0.0 1.0
-569.5 462.25 296.0 360.5 641.8304975091112 586.2043075815313 0.0 1.0
-542.0 480.75 281.0 364.5 610.512144020778 603.3220077557773 0.0 1.0
-629.5 490.5 304.0 362.25 699.235180823257 609.7673742894015 0.0 1.0
-685.0 494.25 315.0 364.75 754.1632334036078 614.2684221461551 0.0 1.0
-468.57142857142856 492.5 310.5357142857143 362.0 579.2984784160744 611.2291572495178 0.0 1.0
-280.8571428571429 493.0 254.67857142857144 362.5 459.96863886145474 611.9275246957802 0.0 1.0
-93.14285714285711 493.5 198.82142857142856 362.0 340.638799306835 612.0345264287917 0.0 1.0
94.57142857142856 493.5 142.96428571428572 360.0 221.30895975221523 610.8541053798047 0.0 1.0
141.0 493.0 230.0 360.5 271.44495135813224 610.7448321516932 0.0 1.0
104.5 492.75 303.5 360.75 321.00121525674183 610.6907949854694 0.0 1.0
111.0 492.5 319.5 360.75 338.23269756295326 610.489027891467 0.0 1.0
115.5 491.75 317.5 360.5 337.8570454073068 609.7362826236779 0.0 1.0
58.0 461.25 349.5 307.5 357.08434396125983 555.4698788571092 0.0 1.0
97.5 443.59375 358.0 270.84375 371.7979837258631 520.5981252830396 0.0 0.0
119.5 443.71875 344.0 293.96875 364.5861617376245 533.6128814334719 0.0 0.0
134.0 443.84375 334.0 317.09375 359.91800688109424 546.6276375839043 0.0 0.0
150.5 443.96875 362.5 340.21875 392.7720278658602 559.6423937343366 0.0 0.0
133.5 488.25 340.5 350.25 365.8547482197879 600.9681508031974 0.0 1.0
123.0 503.25 380.5 347.5 399.9237648421372 611.5691560886223 0.0 1.0
130.5 496.0 347.5 347.75 371.21492779787457 605.770752361545 0.0 1.0
136.0 495.75 374.0 347.0 397.96296036822025 605.1256754193348 0.0 1.0
163.25 496.75 451.4 346.5 480.0357819477331 605.6613686132177 0.0 1.0
168.25 502.25 447.0 351.75 477.67949491430727 613.1757395371658 0.0 1.0
173.25 501.5 442.6 351.5 475.32320788088134 612.4169331427732 0.0 1.0
190.5 501.25 498.0 350.25 533.6266365945745 611.4954037530262 0.0 1.0
148.5 501.5 550.5 349.5 576.2181489885415 611.2716127400379 0.0 1.0
160.0 500.25 444.0 350.0 472.31787640288303 610.5326224207065 0.0 1.0
156.5 500.0 463.0 348.5 488.7347543979335 609.4688387831368 0.0 1.0
113.5 500.25 479.5 341.75 492.7504049532256 605.8517158074176 0.0 1.0
182.0 498.25 503.0 337.25 537.2409180901138 601.6566674811929 0.0 1.0
160.0 499.0 509.5 336.25 535.4349515985523 601.7184289152876 0.0 1.0
265.0 499.5 501.5 336.5 567.6629451190089 602.272778730701 0.0 1.0
313.0 499.5 513.5 337.0 601.4402134089421 602.5524224491929 0.0 1.0
327.5 499.5 528.0 338.0 621.3802414888721 603.1122793316206 0.0 1.0
333.5 499.75 546.5 338.75 640.2276417412388 603.7397033859854 0.0 1.0
328.0 499.25 542.5 338.5 633.9481671408057 603.1861315402431 0.0 1.0
331.0 498.5 529.5 339.0 624.456098226949 602.8459587655872 0.0 1.0
356.83333333333337 498.25 445.54166666666663 339.0 574.863015325109 602.6392638031416 0.0 1.0
406.16666666666663 498.0 379.70833333333337 338.75 569.1061923809958 602.2919601233181 0.0 1.0
455.5 498.75 313.875 347.5 563.3493694368826 607.911340188049 0.0 1.0
495.0 495.75 281.0 359.75 569.3488021252301 612.5260223705782 0.0 1.0
469.5 497.0 317.5 360.0 567.1188100329155 613.6847725013225 0.0 1.0
491.5 500.0 308.5 361.0 580.2977868412343 616.7018157804717 0.0 1.0
494.5 500.5 322.5 362.5 590.4845243373841 617.98717686028 0.0 1.0
532.875 499.25 315.375 363.25 619.206993854594 617.414875130589 0.0 1.0
537.5 501.75 301.0 364.75 616.2025314640555 620.3189728265088 0.0 1.0
485.0 501.5 279.0 365.5 560.0777207561896 620.5586096353112 0.0 1.0
514.0 501.0 284.0 366.0 587.7930851346745 620.4490309445249 1.0 1.0
500.5 497.5 338.5 367.5 604.2582660331076 618.5222279649618 1.0 1.0
518.0 495.25 297.5 367.0 598.0555460367219 616.4102405501059 1.0 1.0
495.5 494.75 318.5 366.0 589.0401318823072 615.413488195847 1.0 1.0
517.5 492.5 296.5 366.0 597.0747524557987 613.6060128008454 1.0 1.0
488.5 490.75 276.0 366.0 561.6729371913135 612.2022417783348 0.0 1.0
513.5 489.75 306.5 365.75 598.5147370157182 611.2513782625972 0.0 1.0
558.0 490.5 313.0 365.75 639.7933879116028 611.8523696094 1.0 1.0
546.0 491.5 318.5 365.0 632.2072349223556 612.2069412092214 1.0 1.0
530.0 491.5 324.5 365.0 621.4542063772651 612.2069412092214 1.0 1.0
531.0 491.0 327.5 365.0 623.8750300403813 611.8055246563241 1.0 1.0
526.0 492.0 326.5 365.5 619.1001317687717 612.9072078354701 1.0 1.0
478.0 493.0 349.5 365.5 594.1447229858231 613.7095496466457 1.0 1.0
521.625 492.75 328.0 366.25 616.1791624921941 613.9558187253356 1.0 1.0
519.5 492.5 327.5 366.5 614.114412932041 613.9043085041837 0.0 1.0
515.5 492.0 325.0 366.5 609.3974483044707 613.5033326872758 0.0 1.0
515.0 491.75 322.0 366.25 607.3788152732259 613.1535267627856 0.0 1.0
511.5 490.75 322.0 366.25 604.4139723732402 612.3518167005394 0.0 1.0
509.5 490.5 322.0 366.75 602.7223656045958 612.4506940057581 0.0 1.0
509.0 489.5 322.5 367.0 602.5672360400893 611.8000081726053 0.0 1.0
465.0 490.25 309.0 367.5 558.6296394672328 612.7000203835643 0.0 1.0
477.15999999999997 491.0 294.75 368.5 564.0854147285996 613.9001628293008 0.0 1.0
431.8 491.0 283.75 368.5 532.5861700834872 613.9001628293008 0.0 1.0
386.44 491.25 272.75 367.5 501.0869254383748 613.500705080316 0.0 1.0
341.08000000000004 490.75 261.75 367.5 469.5876807932624 613.1004119070444 0.0 1.0
295.72 490.0 250.75 367.0 438.08843614815 612.2001306762356 0.0 1.0
250.36 489.75 239.75 365.5 406.58919150303757 611.1017718795184 0.0 1.0
205.00000000000003 489.5 228.75 364.5 375.08994685792516 610.3037447247258 0.0 1.0
159.64000000000001 489.75 217.75 364.0 343.59070221281274 610.2057724569369 0.0 1.0
114.28 490.25 206.75 364.75 312.09145756770033 611.0546189692241 0.0 1.0
68.91999999999999 491.0 195.75 365.5 280.5922129225879 612.104026402661 0.0 1.0
23.560000000000002 491.25 184.75 366.75 249.0929682774755 613.0515862652552 0.0 1.0
-21.799999999999983 491.75 173.75 367.0 217.5937236323631 613.6018772176337 0.0 1.0
-67.15999999999997 492.0 162.75 368.25 186.09447898725068 614.5503009460585 0.0 1.0
-89.0 474.75 237.5 363.67857142857144 253.67713421458757 598.0837322108531 0.0 1.0
-96.5 467.75 226.0 348.3928571428571 245.74107112959933 583.4005888329539 0.0 0.0
-86.0 460.75 243.0 333.1071428571429 257.77493547366385 568.7174454550546 0.0 0.0
-79.0 453.75 211.0 317.82142857142856 225.4938603701263 554.0343020771554 0.0 0.0
-28.6875 453.75 204.125 366.0 237.49787248778415 583.002543075982 0.0 0.0
49.0625 498.0 201.625 379.0 256.00439872433367 625.8168683331587 0.0 0.0
126.8125 502.5 199.125 380.0 274.51092496088324 630.0052490372252 0.0 1.0
204.5625 505.0 196.625 378.0 293.0174511974328 630.802574550823 0.0 1.0
-29.0 503.5 221.0 377.5 228.7435672683264 629.3001351010281 0.0 1.0
-61.5 503.5 231.5 378.0 239.5968628797874 629.6000714739477 0.0 1.0
-75.0 503.25 242.0 376.5 253.37005576783528 628.5005440863473 0.0 1.0
-72.0 500.25 234.0 372.75 244.82653822457263 623.8530967566232 0.0 1.0
-74.2 499.75 203.85 371.25 233.79343530716287 622.5566217921557 0.0 1.0
-231.00000000000003 501.25 201.25 371.0 339.0732074048176 623.612527632879 0.0 1.0
-387.8 502.75 198.65 371.0 444.3529795024723 624.8188413735102 0.0 1.0
-447.25 503.25 289.125 370.5 534.0339240131527 624.9248882496327 0.0 1.0
-447.0 502.75 315.0 371.0 546.8422405651955 624.8189824406634 0.0 1.0
-437.0 503.5 318.5 370.5 540.758842421829 625.1273219071247 0.0 1.0
-429.0 503.25 299.0 368.5 523.2192972331309 623.7409831608793 0.0 1.0
-443.5 501.75 283.0 367.5 526.100179168666 621.9402030816527 0.0 1.0
-444.375 501.75 278.0 367.0 524.2729056460175 621.6446607858118 0.0 1.0
-464.0 501.5 265.0 366.0 534.3499334888193 620.852840856833 0.0 1.0
-479.0 500.0 279.0 364.75 554.3303666344511 618.9043311320954 0.0 1.0
-476.5 499.25 277.5 364.25 551.4151672603091 618.003744310985 0.0 1.0
-476.0 498.75 275.5 364.0 549.9785789170649 617.452495517507 0.0 1.0
-472.5 498.75 277.5 363.5 547.9621344120098 617.1580968043195 0.0 1.0
-391.5625 499.0 246.84375 363.0 468.51437363889795 617.0656367032602 0.0 1.0
-280.3125 499.5 203.96875 362.5 358.6968960354674 617.176626000512 0.0 1.0
-169.0625 499.75 161.09375 362.25 248.87941843203677 617.231923103771 0.0 1.0
-57.8125 499.5 118.21875 362.75 139.06194082860623 617.3231353343967 0.0 1.0
31.875 499.0 202.375 362.5 207.76473122273188 616.7716451369598 0.0 1.0
61.0 498.5 259.0 363.0 266.1336661227284 616.6613738511599 0.0 1.0
58.5 498.5 255.5 362.75 262.14831980641145 616.5142766898632 0.0 1.0
53.5 497.25 260.0 362.25 265.4472831944132 615.2094180110959 0.0 1.0
39.0 496.5 266.0 363.5 269.2538900671997 615.3413591827339 0.0 1.0
91.5 493.75 258.875 363.0 313.28521389034074 612.8279403134852 0.0 1.0
367.5 494.0 208.375 361.75 476.70316889395167 612.2900221959734 0.0 1.0
544.5 493.5 246.5 362.0 603.2434705656171 612.0346497877997 0.0 1.0
549.0 492.25 319.5 361.75 635.2470960726382 610.8790773530638 0.0 1.0
555.5 491.5 325.5 361.0 643.842742945425 609.8305810686237 0.0 1.0
561.5 491.25 316.5 360.0 644.5702052067279 609.037424414304 0.0 1.0
565.5 492.25 308.0 360.25 643.9479183711506 609.9920057453955 0.0 1.0
562.0 492.75 304.5 359.75 639.1903672630947 610.1014040867277 0.0 1.0
569.5 493.5 298.5 359.0 642.9877503207483 610.2649014977021 0.0 1.0
565.0 494.25 301.5 359.75 640.4165474454269 611.3126270784089 0.0 1.0
553.5833333333333 494.5 257.45833333333337 359.25 610.6076223953839 611.2209573085768 0.0 1.0
541.9166666666667 495.5 265.29166666666663 359.0 603.6381854643057 611.8834333907974 0.0 1.0
530.25 496.0 273.125 360.0 596.6687485332272 612.8751912094338 0.0 1.0
527.5 496.75 280.0 360.5 597.2101594407154 613.7758660820526 0.0 1.0
560.875 497.0 293.375 361.5 632.9697294075486 614.5677517872389 0.0 1.0
550.0 497.5 289.0 365.75 621.3058832070931 617.4803217617452 0.0 1.0
502.5 497.75 281.0 368.5 575.9801736274296 619.3142116036372 0.0 1.0
460.5 499.0 305.5 373.0 552.6862484971643 623.0019610470437 1.0 1.0
467.0 458.0625 313.5 378.03125 562.4778710274263 594.3121528835538 1.0 0.0
464.5 466.3125 309.0 356.15625 557.8962399070705 588.2580140312385 1.0 0.0
458.0 474.5625 285.0 334.28125 539.5604139559381 582.2038751789232 1.0 0.0
461.5 482.8125 296.0 312.40625 548.2769782553496 576.149736326608 1.0 0.0
467.5 488.25 317.5 335.25 565.1471049746813 593.175067280771 1.0 0.0
450.0 548.25 340.0 366.0 565.2587853635274 659.2764773479512 1.0 0.0
499.5 510.5 326.5 371.75 601.7402564650049 631.578905754648 0.0 1.0
444.5 508.25 367.0 377.75 576.429609934666 633.3664692306285 1.0 1.0
441.5 497.25 365.0 384.5 572.8474945860594 628.5709806791067 1.0 1.0
489.5 496.5 309.5 386.75 579.1471960628828 629.3554427868592 0.0 1.0
481.5 496.0 308.0 387.5 571.739534933575 629.4222789555836 1.0 1.0
494.0 501.25 295.5 389.5 577.480673208385 634.7945371206856 1.0 1.0
537.0 500.75 306.0 383.25 618.0729875545715 630.5850347369953 0.0 1.0
540.125 508.5357142857143 307.875 361.5 621.7115699338335 623.9317572206593 0.0 1.0
549.0 502.67857142857144 316.0 357.5 633.4617449972598 616.8403747917606 1.0 0.0
549.0 496.82142857142856 318.0 353.5 634.448579476698 609.7489923628618 1.0 0.0
546.0 490.9642857142857 319.0 349.5 632.358654392036 602.6576099339632 1.0 0.0
546.0 492.25 318.5 361.25 632.1062271354851 610.7703283150463 1.0 1.0
523.5 497.25 318.0 365.5 612.5910449866581 617.1294500750093 1.0 1.0
529.0 523.75 315.5 380.5 616.083361485496 647.4305740110156 0.0 1.0
502.5 514.0 337.0 377.0 605.0466576563168 637.436271324436 1.0 1.0
504.0 514.5 341.5 376.0 608.8041831694617 637.2499237148393 1.0 1.0
512.0 514.125 342.5 374.75 615.9988375375212 636.2093257074584 1.0 1.0
516.0 514.5 349.5 374.0 623.2371235143584 636.0709473006922 1.0 1.0
515.75 513.0 352.0 372.0 624.4225066858107 633.6820969539853 1.0 1.0
514.25 524.5 348.0 389.5 620.9405191740066 653.3081348469384 1.0 1.0
515.0 523.5 348.0 384.0 621.5566819202422 649.2366760604698 1.0 1.0
517.5 515.5 353.0 377.5 626.4311330674552 638.9424865781707 1.0 1.0
515.0 476.825 354.75 359.175 625.3579813894089 597.0890864720303 1.0 1.0
486.25 448.125 340.75 349.875 593.8371988659266 569.0406649422424 1.0 0.0
510.5 419.425 321.0 340.575 603.7486080013102 540.9922434124544 0.0 0.0
545.0 390.725 305.5 331.275 624.7844273242465 512.9438218826665 1.0 0.0
515.75 362.025 327.0 321.975 611.6267099661775 484.8954003528786 1.0 0.0
536.25 398.5 307.75 314.0 618.3298281816492 508.6790904312169 1.0 0.0
479.25 463.5 345.25 352.5 592.4090531774909 582.3342399163407 1.0 0.0
528.5 498.0 318.25 361.5 616.9246091012976 615.3755737092553 1.0 0.0
529.0 504.5 316.75 362.0 616.5805774638961 620.9382698537863 1.0 1.0
529.25 506.5 319.0 362.0 617.9535638684179 622.5648646801747 1.0 1.0
493.5 508.5 327.25 364.0 592.7315402206505 625.3545955178287 1.0 1.0
531.75 511.5 318.75 368.0 619.9675874072916 630.1240633935122 1.0 1.0
437.25 520.0 303.5 372.5 532.2591594194664 639.6559547770817 0.0 1.0
438.0 522.0 304.5 375.0 533.446093192681 642.7406680630287 1.0 1.0
489.25 522.0 297.75 375.0 572.7354595132675 642.7406680630287 1.0 1.0
454.0 520.5 283.5 376.5 535.336915347146 642.396670679595 1.0 1.0
456.0 519.5 286.0 376.0 538.2690914332529 641.292639907866 1.0 1.0
472.25 521.5 292.25 378.5 555.3978657519291 644.3796187743405 1.0 1.0
474.0 526.0 295.75 380.5 558.6991102876482 649.1966189067839 1.0 1.0
476.25 526.0 303.5 380.0 564.7387936905909 648.9040663644681 1.0 1.0
482.0 521.75 306.0 381.25 570.9290787495083 646.2021858765934 1.0 1.0
485.75 521.5 306.875 382.5 574.5653565974906 646.7373115958885 1.0 1.0
488.5 520.75 312.0 386.25 579.6428834294675 648.3618251177008 1.0 1.0
484.0 520.5 308.5 387.25 573.9774447110838 648.7550088699712 1.0 1.0
495.5 501.25 325.5 392.75 593.1032730345764 636.9666433478463 1.0 1.0
498.5 511.0 347.0 386.75 607.484999223158 640.871984822988 1.0 1.0
497.0 521.25 346.5 379.75 605.9468877057359 644.9176099318499 1.0 1.0
500.0 524.0 348.5 372.5 609.5322007582445 642.915537016936 1.0 1.0
497.0 514.25 342.5 366.25 603.6111289210776 631.341531317476 1.0 1.0
497.0 513.0 350.5 361.0 608.1946829765718 627.2885154815144 1.0 1.0
496.5 514.5 343.5 353.0 603.7420939899575 623.9557515142503 1.0 1.0
480.5 513.5 303.0 353.0 568.4438780568369 623.1314291071474 1.0 1.0
538.0 514.75 268.5 349.5 601.3189702410368 622.189729416023 0.0 1.0
513.0 511.0 295.0 345.0 592.5432049740094 616.5599498217417 0.0 1.0
480.0 507.5 293.0 348.25 562.3769505809373 615.4952681068714 1.0 1.0
481.5 508.0 287.0 351.0 560.5526952322962 617.4671463836139 1.0 1.0
480.0 507.5 283.0 354.25 557.2156296671355 618.9111662301955 1.0 1.0
481.0 506.0 283.5 356.5 558.3307991520796 618.975113929539 1.0 1.0
483.5 506.25 283.5 357.0 560.4859944184063 619.4661959868843 1.0 1.0
505.5 509.5 296.0 357.0 585.9786379494208 622.1306666172525 1.0 1.0
528.0 524.0 304.5 355.0 609.5356868536976 632.9349495861679 1.0 1.0
527.75 540.0 297.58333333333337 351.5 605.8678954593072 644.3315094421448 1.0 1.0
538.75 557.0 303.91666666666663 347.0 618.5603501262347 656.2528159411971 0.0 1.0
533.0 560.25 300.5 341.5 611.8735866960867 656.1267632333952 1.0 1.0
533.0 545.5 307.0 350.25 615.0920060823743 648.4414363180305 1.0 1.0
510.5 542.0 300.0 354.5 592.1607063964536 647.6375723314798 1.0 1.0
524.0 542.0 290.0 356.5 599.176155882026 648.7344792006942 0.0 1.0
527.0 543.25 309.0 356.75 611.8650469605572 649.9163368106483 1.0 1.0
514.5 504.75 282.5 368.25 587.1976195872891 624.8045004285216 0.0 1.0
521.5 411.2142857142857 274.5 374.0 589.748558541466 556.1988030482026 0.0 0.0
485.0 416.07142857142856 279.0 350.0 559.5235110743424 544.9260377412236 1.0 0.0
481.5 420.92857142857144 295.0 326.0 564.6836570438008 533.6532724342445 1.0 0.0
471.0 425.7857142857143 300.0 302.0 558.4449531909678 522.3805071272654 1.0 0.0
477.0 503.25 394.5 329.0 619.2557861289315 601.8603663816721 0.0 0.0
452.5 497.25 353.5 365.75 577.7063497299396 617.2879603902599 0.0 1.0
302.0 498.0 282.5 365.0 413.56647839900916 617.4592383125237 0.0 1.0
331.0 504.25 267.0 358.5 425.51411264151693 618.7024179620107 0.0 1.0
310.5 505.75 259.5 356.25 404.6610962389645 618.6254708002755 0.0 1.0
300.5 503.25 255.5 356.75 394.44609313555674 616.8731479754315 0.0 1.0
246.45833333333334 504.5 238.125 354.75 357.88563803578427 616.7408090385625 0.0 1.0
114.29166666666667 511.75 222.625 359.5 310.59486623737575 625.4027647336065 0.0 1.0
-17.87499999999997 512.5 207.125 360.25 263.3040944389672 626.4473795861034 0.0 1.0
-91.5 512.0 203.0 361.0 224.22014966005054 626.4704039183546 0.0 1.0
-59.5 511.5 231.5 363.5 239.02607517306456 627.5075461819596 0.0 1.0
-63.5 509.0 233.5 366.25 242.0250796671 627.0737479579714 0.0 1.0
-41.79166666666667 511.25 193.35416666666669 366.0 221.00443192247246 628.7547881946838 0.0 1.0
71.04166666666666 504.5 212.77083333333331 359.0 300.7112744441956 619.198029852313 0.0 1.0
183.875 501.5 232.1875 346.5 380.41811696591867 609.5677089475416 0.0 1.0
296.7083333333333 501.5 251.60416666666669 342.0 460.12495948764183 607.0147712912892 0.0 1.0
409.54166666666663 501.75 271.02083333333337 339.5 539.8318020093649 605.8178138858732 0.0 1.0
522.375 501.25 290.4375 337.5 619.538644531088 604.2828911338761 0.0 1.0
607.5 500.5 306.0 337.0 680.2151839334183 603.3815128092673 0.0 1.0
413.5 503.0 338.5 339.25 537.3819375153718 606.712096244677 0.0 1.0
478.0 506.25 319.5 345.5 574.9701638349488 612.9112883620653 1.0 1.0
464.0 507.0 311.0 348.0 558.5877137002838 614.9427041907472 1.0 1.0
483.5 508.5 324.5 350.5 582.3478592991316 617.5941875707254 1.0 1.0
549.0 508.5 389.0 351.75 672.99023414658 618.304390018772 0.0 1.0
555.0 509.0 347.0 351.0 654.5770709932888 618.2901242319631 1.0 1.0
556.0 507.75 328.5 349.5 645.8154750240319 616.4097770534443 1.0 1.0
555.0 509.25 363.0 350.0 663.2586436147229 617.9284607065553 1.0 1.0
556.5 508.75 328.0 350.25 645.9695958158171 617.6582759781625 1.0 1.0
555.0 509.5 324.5 351.5 642.9043437688126 618.985603653121 1.0 1.0
607.5 509.5 311.5 352.5 683.3406794082164 619.5534682333721 1.0 1.0
553.0 507.0 328.5 353.75 643.2117240260012 618.2136112008816 1.0 1.0
539.5 505.25 329.5 356.0 632.3723999728779 618.0743694947821 1.0 1.0
543.5 501.0 298.5 358.25 620.5137649960257 615.90963521819 0.0 1.0
517.0 503.25 282.5 355.25 589.6719115433209 616.0068855860948 0.0 1.0
614.125 499.75 275.375 356.5 673.1927455880514 613.8754128260757 0.0 1.0
604.5 497.75 283.0 354.75 667.4683454552563 611.2304217076529 1.0 1.0
602.5 483.25 279.0 328.5 663.9636125448383 584.4246600929387 1.0 1.0
597.5 457.5 280.0 308.3125 659.8533221521459 551.9668287126385 1.0 0.0
597.0 443.5 283.0 312.0625 660.6800628810342 542.740445118803 1.0 0.0
594.5 429.5 285.0 315.8125 659.2844833332254 533.5140615249675 1.0 0.0
597.0 415.5 285.5 319.5625 661.7548288205592 524.2876779311318 1.0 0.0
586.0 394.75 298.5 353.25 657.7485916331817 529.9680288719321 1.0 0.0
378.8863636363636 420.25 262.75 362.5 503.0075926668121 555.8639800815668 0.0 0.0
202.4318181818182 474.75 259.75 342.75 521.6037406921397 585.6570513582852 0.0 1.0
25.97727272727269 484.0 256.75 337.0 540.1998887174673 589.7669162741659 0.0 1.0
-150.47727272727275 482.5 253.75 337.5 558.7960367427949 588.824094394346 0.0 1.0
-326.93181818181824 484.75 250.75 336.25 577.3921847681224 589.9548677992229 0.0 1.0
-503.3863636363637 483.0 247.75 341.75 595.98833279345 591.6774476126087 0.0 1.0
-545.5 558.75 252.0 338.5 600.8945457575517 653.2869425297769 0.0 0.0
-557.0 500.25 287.0 354.5 627.4369573230185 613.1238332062842 0.0 1.0
-653.8333333333333 497.5 442.16666666666663 355.5 789.9608172647012 611.4626599429104 0.0 1.0
-615.1666666666667 495.75 374.83333333333337 355.25 722.6362877732045 609.8939484179501 0.0 1.0
-576.5 495.25 307.5 353.25 655.3117582817076 608.3242076510069 0.0 1.0
-549.0 495.0 257.5 352.0 606.3887234787579 607.3953951406638 0.0 1.0
-549.8 494.25 282.0 350.5 607.0114061863036 605.9152856743008 0.0 1.0
-549.0 494.25 291.1875 349.0 607.5735603389785 605.0488677124504 0.0 1.0
-548.2 496.0 269.4375 351.5 608.1357144916533 607.9212531241196 0.0 1.0
-586.5 496.5 269.0 351.5 645.3831396061964 608.3293379960703 0.0 1.0
-733.0 497.5 282.5 351.25 785.6958079051748 609.0016873246715 0.0 1.0
-649.5 498.25 271.5 350.75 703.9632175576326 609.3264694214549 0.0 1.0
-631.5 498.5 268.0 351.5 686.0153589832694 609.9627037778621 0.0 1.0
-595.5 497.75 257.0 351.0 648.5916640927362 609.0616250077244 0.0 1.0
-592.0 495.75 252.5 350.75 643.5996645893492 607.2839092523886 0.0 1.0
-598.0 495.75 250.0 352.25 648.1921939026814 608.1514025963027 0.0 1.0
-626.5 498.25 252.0 356.5 675.4733733631803 612.6574010136592 0.0 1.0
-559.0 501.5 269.0 363.5 620.3613322917283 619.3823536394947 0.0 1.0
-569.0 500.75 282.5 363.5 635.2694310368724 618.7754088666119 0.0 1.0
-567.0 501.0 279.5 364.0 632.1465802113648 619.2714781309404 0.0 1.0
-563.0 500.0 276.0 364.5 627.0183586763258 618.7570201621958 0.0 1.0
-557.0 499.5 274.0 364.5 620.7455613711954 618.3531247341466 0.0 1.0
-557.5 495.75 272.0 364.25 620.3161505094229 615.1807894002777 0.0 1.0
-556.5 488.25 268.5 363.5 617.8896600506458 608.709937613789 0.0 1.0
-559.5 475.5 270.0 362.25 621.2409333119964 597.7799800245841 0.0 1.0
-679.5 397.5 272.0 374.25 732.6572554776267 548.8528796093517 0.0 1.0
-752.1428571428571 134.5 284.07142857142856 246.25 804.6827297114367 283.18982206328786 0.0 0.0
-681.0 13.142857142857144 279.5 154.0 737.2332487137214 234.83288382392553 0.0 0.0
-609.8571428571429 -8.0 274.92857142857144 201.33333333333334 669.7837677160062 385.2808273347787 0.0 0.0
-590.0 -29.142857142857142 298.0 248.66666666666669 661.0426697386309 535.7287708456319 0.0 0.0
-746.0 -215.5 241.5 296.0 784.6197875168846 686.176714356485 0.0 0.0
-636.0 -723.5 225.0 337.75 674.6346325339318 798.4850321679289 0.0 0.0
-564.0 -711.75 216.0 347.75 604.2169712507165 792.1706494619264 0.0 0.0
-511.125 -704.0 239.5 298.5 554.6081674267933 764.7348566392652 0.0 0.0
-655.5 -689.25 226.0 317.0 693.3673347936617 758.7147597191489 0.0 0.0
-660.8333333333333 -656.0 226.5 334.25 698.5826213563562 736.2467523427595 0.0 0.0
-694.1666666666667 -651.75 230.5 333.75 731.4453810967602 732.2353114706824 0.0 0.0
-723.5 -651.5 231.5 329.0 759.6397542306676 729.859232989603 0.0 0.0
-675.0 -672.0 279.0 323.5 734.6863117967348 745.9364861925083 0.0 0.0
-585.6346153846154 -681.5 350.46153846153845 322.0 682.5358373495637 753.7584993029752 0.0 0.0
-584.1730769230769 -709.75 342.3076923076923 328.5 677.2750118588499 782.2743626644101 0.0 0.0
-582.7115384615385 -632.75 334.1538461538462 332.5 672.014186368136 715.1998306297656 0.0 0.0
-581.25 -645.25 326.0 326.5 666.7533608774222 723.1828127347405 0.0 0.0
-579.7884615384615 -643.5 317.8461538461538 327.0 661.4925353867084 721.8185677652522 0.0 0.0
-578.3269230769231 -651.75 309.69230769230774 318.0 656.2317098959945 725.2528872101198 0.0 0.0
-576.8653846153846 -653.0 301.53846153846155 315.0 650.9708844052807 725.0228068802602 0.0 0.0
-573.0 -648.0 326.0 327.5 659.2465230439755 726.1306990483417 0.0 0.0
-567.0 -661.1071428571429 341.5 361.17857142857144 661.9001804932759 753.3451277858471 0.0 0.0
-593.5 -661.5357142857142 349.0 357.8928571428571 688.5080349823071 752.1875316895876 0.0 0.0
-594.5 -661.9642857142858 339.5 354.6071428571429 684.6098128811748 751.0299355933281 0.0 0.0
-595.0 -662.3928571428571 325.0 351.32142857142856 677.9762110880217 749.8723394970685 0.0 0.0
-576.0 -662.8214285714286 311.0 348.0357142857143 654.5986326485115 748.7147434008091 0.0 0.0
-593.5 -663.25 287.625 344.75 660.610860735469 747.5571473045495 0.0 0.0
-633.5 -663.6785714285714 263.125 341.4642857142857 686.4599752960403 746.3995512082901 0.0 0.0
-628.0 -661.75 246.0 339.5 674.6995374533948 743.7576749601856 0.0 0.0
-662.125 -663.75 229.875 347.5 701.3871563665986 749.2277048263193 0.0 0.0
-666.0 -668.1666666666667 207.0 356.5 697.4475828351285 757.3286335570313 0.0 0.0
-662.0 -668.8333333333333 212.0 362.5 695.1183934480783 760.7575123117047 0.0 0.0
-678.0 -657.5 206.5 357.5 708.7562068277225 748.4066921607866 0.0 0.0
-702.875 -665.0 205.625 352.875 732.3356139548762 752.8389481647332 0.0 0.0
-643.5 -626.0 229.0 324.75 684.4708669228091 705.2226961767446 0.0 0.0
-647.5 -635.75 232.5 326.25 689.2869432999289 714.589843444732 0.0 0.0
-712.5 -632.0 215.0 326.0 744.2323825016664 711.1259004496546 0.0 0.0
-693.2272727272727 -631.25 233.90909090909093 325.75 734.1633966637878 710.3447330897895 0.0 0.0
-668.8636363636364 -632.25 258.4545454545455 326.5 721.8219730592511 711.5773529392454 0.0 0.0
-644.5 -633.25 283.0 326.25 709.4805494547146 712.3516897906093 0.0 0.0
-620.1363636363636 -630.0 307.5454545454545 324.5 697.1391258501781 708.6610329897806 0.0 0.0
-595.7727272727273 -630.0 332.0909090909091 325.0 684.7977022456414 708.8899774993265 0.0 0.0
-584.5 -627.75 350.5 326.25 681.5449073360923 707.4687452530266 0.0 0.0
-682.5 -624.25 252.5 327.75 729.7883905734511 705.0594336170426 0.0 0.0
-689.625 -622.5 191.75 328.5 715.7911159221676 703.859754819892 0.0 0.0
-691.4642857142858 -622.0 192.64285714285714 329.5 717.806390668314 703.8852670237463 0.0 0.0
-692.75 -657.0 195.5 327.0 719.8197419499473 734.0087532176137 0.0 0.0
-694.0357142857142 -642.0 198.35714285714286 328.0 721.8330932315807 720.956105628537 0.0 0.0
-695.0 -447.25 200.0 312.5 723.2048332806298 546.9623427619235 0.0 0.0
-695.0 -227.1875 198.0 323.21875 722.6542957959771 516.3069893866923 0.0 0.0
-689.5 -13.4375 197.0 330.84375 717.0909852575127 536.7675414052121 0.0 0.0
-679.9375 200.3125 192.625 338.46875 706.6994636489102 557.228093423732 0.0 0.0
-683.6875 414.0625 197.125 346.09375 711.5455114271489 577.688645442252 0.0 0.0
-685.0 454.0 200.5 339.0 713.7404483107729 566.6674553304524 0.0 1.0
-688.5 478.75 200.5 348.75 717.100185396018 592.3112367014961 0.0 1.0
-696.0 468.875 201.0 350.375 724.4429406779155 585.3505729232627 0.0 0.0
-692.5 476.5 198.0 352.0 720.2543748739201 592.4715992546326 0.0 1.0
-692.0 515.25 196.5 343.75 719.3582727797057 619.412833292674 0.0 1.0
-693.0 518.0 201.0 341.5 721.5608216909487 620.4507367884698 0.0 1.0
-691.5 513.75 207.0 340.75 721.8180314733838 616.4818423999245 0.0 1.0
-691.5 512.5 208.5 340.0 722.249769238992 615.0254059792977 0.0 1.0
-694.5 512.25 207.0 339.0 724.6925772970417 614.2646673345952 0.0 1.0
-626.5 512.25 258.5 338.5 681.5086148228022 613.9889172617754 0.0 1.0
-611.0 512.75 309.5 338.0 685.5887631969267 614.1307527162235 0.0 1.0
-598.5 512.0 266.75 337.5 655.254182287139 613.2295037541954 0.0 1.0
-614.0 511.0 309.66666666666663 336.5 692.891238632679 611.8441529722129 0.0 1.0
-664.0 510.0 472.3333333333333 337.0 828.8135770259188 611.2847127157688 0.0 1.0
-714.0 509.5 635.0 335.75 964.7359154191586 610.1791102902089 0.0 1.0
-677.375 509.75 719.25 334.25 989.4582783027523 609.5638852333605 0.0 1.0
-400.0 507.75 583.0 333.75 707.7712281707231 607.6176151398165 0.0 1.0
-392.41666666666663 507.25 582.875 333.5 689.5255170169979 607.0625851301593 0.0 1.0
-562.0833333333333 506.0 598.375 332.5 741.3652179077053 605.4686824226328 0.0 1.0
-471.5 506.0 614.5 332.5 774.6849917090444 605.4686824226328 0.0 1.0
-347.25 505.5 634.75 333.0 739.7160351611615 605.3284231735305 0.0 1.0
-210.0 503.0 733.75 347.25 794.9486564838396 611.2220339501735 0.0 1.0
-262.0 500.5 702.0 348.5 753.6265707776329 609.8792244112582 0.0 1.0
-294.5 500.5 620.5 351.5 686.9664556768005 611.5984527639243 0.0 1.0
-76.5 499.5 635.0 352.0 640.8183786449773 611.0681222253374 0.0 1.0
40.0 499.5 685.0 352.5 690.0128919161573 611.3564155931742 0.0 1.0
104.0 500.0 699.5 356.0 707.1901055794374 613.7883056081882 0.0 1.0
96.0 499.0 699.0 355.5 705.5624901706615 612.683657130041 0.0 1.0
101.5 498.5 694.0 355.5 701.3849894300022 612.276625162295 0.0 1.0
111.0 499.0 692.0 355.25 700.8544376156804 612.5392838303567 0.0 1.0
196.5 499.5 677.5 355.25 706.999124278711 612.9463157981027 0.0 1.0
223.5 499.5 596.0 356.25 636.5284969291556 613.5261640118822 0.0 1.0
173.0 499.75 577.5 356.75 604.1899180037258 614.0200553645636 0.0 1.0
142.0 501.0 486.32142857142856 339.0 513.727864007081 604.937541333059 0.0 1.0
166.0 502.75 396.75 335.25 442.40534322649427 604.276725108346 0.0 1.0
190.0 503.0 307.17857142857144 335.0 371.0828224459075 604.3463251157436 0.0 1.0
180.5 502.75 264.0 333.25 321.8545043181746 603.1693336571324 0.0 1.0
151.5 503.0 359.0 333.75 389.6582383122709 603.6539620469875 0.0 1.0
183.0 503.25 374.0 333.5 417.318590320653 603.7241353233545 0.0 1.0
159.0 502.75 365.0 333.75 398.1687418300551 603.4459488963928 0.0 1.0
151.5 501.75 392.5 334.25 420.7810434474917 602.8899113235416 0.0 1.0
187.5 501.0 401.5 352.0 443.1790140008733 612.30773069736 0.0 1.0
179.5 499.5 388.5 358.0 428.1072232355896 614.5440709665415 0.0 1.0
160.0 499.25 368.5 360.25 401.76222508921717 615.655093572972 0.0 1.0
134.8125 498.75 298.8125 361.0 327.81771472752416 615.6887070483092 0.0 1.0
110.5625 498.25 242.5625 361.5 266.57299545955954 615.5772729773918 0.0 1.0
138.0 498.0 381.0 361.5 405.2282623329395 615.3750187703472 0.0 1.0
157.0 498.0 439.5 362.5 466.7132492058057 615.9629967897245 0.0 1.0
149.5 497.75 432.5 362.5 457.64269095077367 615.7608127744189 0.0 1.0
146.0 498.5 431.5 362.0 455.53076260658224 616.0732505149043 0.0 1.0
146.5 498.75 426.0 362.0 450.5202120423087 616.2755747755168 0.0 1.0
148.5 499.75 458.5 362.25 481.9490532506351 617.2318701489426 0.0 1.0
145.5 501.0 439.5 363.0 462.99925678465394 618.6840974506252 0.0 1.0
-41.5 502.0 319.0 359.0 335.1665404558413 617.1714607405218 0.0 1.0
-301.5 503.75 161.625 339.0 355.81400092069157 607.1946721215661 0.0 1.0
-533.5 504.25 242.875 338.0 586.4144359550223 607.0521970943721 0.0 1.0
-617.5 504.0 296.5 338.5 685.6004390181919 607.1229922469576 0.0 1.0
-710.0 504.5 243.5 337.5 752.2456708761314 606.9814659443895 0.0 1.0
-703.0 503.5 182.5 337.25 726.3025998659278 606.0114319414297 0.0 1.0
-696.0 503.25 177.0 337.0 718.1547396866242 605.6645786652527 0.0 1.0
-567.5 502.75 197.0 337.25 603.8239900303788 605.3885077609449 0.0 1.0
-500.0 503.0 213.0 337.0 543.6261899927122 605.4568678219373 0.0 1.0
-546.5 508.5 229.5 365.5 593.2147619059845 626.2288336897778 0.0 1.0
-631.0 504.5 269.0 366.5 686.4105238147365 623.5739338876489 0.0 1.0
-619.0 504.0 310.0 368.5 692.2891191742697 624.3463278415029 0.0 1.0
-605.5 503.75 344.0 368.75 696.9533917557824 624.2921014417992 0.0 1.0
-598.5 504.0 308.5 369.0 673.3309431202176 624.6414971805827 0.0 1.0
-597.375 503.5 355.625 370.0 695.6237737552422 624.8298469693823 0.0 1.0
-590.75 503.5 307.5 370.0 665.9905590393819 624.8298469693823 0.0 1.0
-578.75 504.0 332.75 370.0 667.982384902341 625.2327566594699 0.0 1.0
-572.5 503.5 307.5 369.5 649.8738164959682 624.5338353596358 0.0 1.0
-476.0 504.5 298.5 369.5 562.17359234427 625.3403073527245 0.0 1.0
-503.25 506.0 249.0 369.5 561.4821539169918 626.5511447178937 0.0 1.0
-564.5 477.0 252.5 349.5 618.7188421159425 591.3368880580815 0.0 1.0
-497.0 454.75 243.0 331.5 553.2252803315107 562.7552253565484 0.0 0.0
-500.0 459.08333333333337 245.0 332.83333333333337 556.7990748397137 567.0451849627051 0.0 0.0
-525.5 463.41666666666663 248.0 334.16666666666663 581.1263738974233 571.3351445688617 0.0 0.0
-467.5 466.5 321.5 358.5 567.7937622879908 588.5827615881201 0.0 1.0
-462.75 466.5 323.0 381.0 564.4593778587109 602.3156566943842 0.0 1.0
-458.75 503.5 326.0 365.0 563.0205907432193 621.9009147524042 0.0 1.0
-452.5 510.0 306.0 358.0 546.2563512889686 623.1090469918838 0.0 1.0
-456.5 506.0 315.0 364.0 554.6336408261327 623.3234832298533 0.0 1.0
-457.0 508.0 298.5 362.5 546.0846671388764 624.0774878931547 0.0 1.0
-615.25 506.0 304.5 364.5 686.6180951958439 623.6154664534869 0.0 1.0
-733.875 506.5 237.5 363.0 776.0524192988315 623.1463834167566 0.0 1.0
-762.0 507.5 227.5 364.0 795.2968241424383 624.5416424854379 0.0 1.0
-744.75 509.5 228.0 363.5 778.8706107013968 625.8774515252555 0.0 1.0
-705.25 509.0 225.75 364.5 740.5085099207544 626.0521144441572 0.0 1.0
-612.25 509.5 259.25 364.5 668.6667543771173 626.4586977606745 0.0 1.0
-511.25 505.5 296.0 360.0 590.7621934152586 620.5907861816912 0.0 1.0
-507.75 499.0 300.0 343.5 589.7545818532046 605.7998004692013 0.0 1.0
-505.75 496.75 300.75 341.25 588.4192277526511 602.6708367493266 0.0 1.0
-505.625 499.5 303.5 337.75 589.7221366288859 602.9729552416538 0.0 1.0
-504.0 498.25 306.0 335.0 589.6202406566648 600.398316427054 0.0 1.0
-496.0 499.5 317.0 334.25 588.7338080679483 601.0186616868777 0.0 1.0
-489.0 499.75 360.5 331.25 607.5217755249842 599.5638933337552 0.0 1.0
-486.5 499.5 352.5 330.5 600.783647609105 598.9411490288508 0.0 1.0
-578.0 499.25 335.0 330.75 668.7974004756273 598.8708083152693 0.0 1.0
-521.5 499.0 332.0 331.0 618.2341576214089 598.8004676016878 0.0 1.0
-561.0 497.5 315.5 332.5 644.5823342742865 598.3836403106894 0.0 1.0
-598.625 498.0 315.75 337.5 677.4095632665665 601.603013725078 0.0 1.0
-572.7916666666667 497.25 326.75 359.75 660.2549963117506 613.7407814892158 0.0 1.0
-546.9583333333333 498.5 337.75 361.25 643.1004293569349 615.6328556213948 0.0 1.0
-556.0 498.5 360.0 363.75 663.6418719566582 617.1031950042636 0.0 1.0
-539.75 498.25 313.5 363.5 625.5734373408228 616.7538684193773 0.0 1.0
-647.0 499.0 328.0 363.25 725.428035929948 617.2127699195931 0.0 1.0
-750.5 499.0 266.0 364.25 798.3234256424448 617.8018317178664 0.0 1.0
-699.125 499.75 248.0 364.5 744.4455111652953 618.5551776734037 0.0 1.0
-634.625 500.5 273.33333333333337 364.5 694.6514558554213 619.16112604071 0.0 1.0
-570.125 502.25 298.66666666666663 364.5 644.8574005455475 620.5767531547287 0.0 1.0
-576.0 501.75 268.0 365.0 635.2952126573985 620.4662493174363 0.0 1.0
-366.375 502.25 259.625 365.5 449.48377057809296 621.1646377999498 0.0 1.0
-498.5 503.0 309.5 366.25 586.7671996566132 622.2125280844018 0.0 1.0
-573.5 503.0 281.0 367.25 638.6485364995806 622.8014155955029 0.0 1.0
-460.5 502.75 350.0 367.5 578.8176864882372 622.7470066292103 0.0 1.0
-577.5 502.75 360.0 368.25 680.964172488508 623.1899767235686 0.0 1.0
-536.0 503.25 312.5 367.75 620.4585350482807 623.2982295138092 0.0 1.0
-544.0 503.0 338.0 365.5 640.4533851549827 621.7711286221845 0.0 1.0
-548.5 502.5 339.0 364.5 644.8054613558543 620.7789461636082 0.0 1.0
-545.5 503.0 336.5 364.5 640.9387646257636 621.1838182684564 0.0 1.0
-549.5 501.75 336.5 364.0 644.3465894367257 619.878317913636 0.0 1.0
-557.0 500.5 337.0 364.0 651.016103006262 618.8682455976036 0.0 1.0
-563.5 503.25 313.0 345.0 644.9810050138415 610.1560597456307 0.0 1.0
-571.0 504.5 292.5 341.5 641.5588303060529 609.2162410945009 0.0 1.0
-581.0 504.0 293.0 339.5 650.7005972343379 607.6820544223317 0.0 1.0
-582.5 503.25 237.5 338.5 629.0568934498053 606.5004797760828 0.0 1.0
-577.5 503.25 235.0 338.0 623.4863959341453 606.2217992820792 0.0 1.0
-506.5 502.5 314.0 337.0 599.044008486921 605.0416700042479 0.0 1.0
-502.5 503.5 285.5 337.5 577.9428019556044 606.1505588548113 0.0 1.0
-498.5 504.5 286.5 337.5 574.9648110870197 606.9817206227183 0.0 1.0
-429.0 505.5 321.0 337.5 535.972582786078 607.8128823906252 0.0 1.0
-448.5 505.0 338.5 339.0 562.1295690254724 608.2337731916352 0.0 1.0
-446.0 504.5 320.0 340.5 548.922593060478 608.6546639926454 0.0 1.0
-443.5 503.5 319.5 341.0 546.6010104122355 608.1064227484085 0.0 1.0
-520.5 503.5 330.0 341.5 617.1750345800747 608.3868013032499 0.0 1.0
-528.0 502.75 266.0 341.25 591.6576861220019 607.6259092441487 0.0 1.0
-548.0 502.25 268.5 341.5 610.5484146959466 607.3527085374473 0.0 1.0
-554.5 501.75 252.0 340.75 610.1518258799945 606.5177207600991 0.0 1.0
-534.5 500.75 281.0 339.25 603.8650617405716 604.8480217838791 0.0 1.0
-488.92857142857144 501.5 271.17857142857144 338.25 639.3705911664742 604.9096619494036 0.0 1.0
-148.64285714285714 502.25 219.89285714285714 336.0 635.1909953075251 604.2778795663664 0.0 1.0
191.6428571428571 503.0 168.60714285714286 333.5 631.0113994485757 603.5163167959483 0.0 1.0
531.9285714285714 503.25 117.32142857142857 332.25 626.8318035896264 603.0346134131953 0.0 1.0
560.0 502.75 237.5 331.75 608.812996850792 602.341883785974 0.0 1.0
547.5 504.75 259.5 334.0 606.2185024357098 605.2539775014897 0.0 1.0
546.5 505.5 254.0 357.0 603.1762610202388 618.858312378399 0.0 1.0
441.0 499.25 241.5 360.0 506.658596786876 615.5145603669557 0.0 1.0
352.5 496.5 226.375 364.5 422.3870060180087 615.9332061010904 0.0 1.0
600.5 500.25 270.5 365.0 658.6226545866851 619.2560502636028 0.0 1.0
444.5 499.5 253.0 358.5 511.457999299662 614.8388740866188 0.0 1.0
432.5 455.5 274.5 301.5 512.2925667797017 546.4941012480807 1.0 1.0
517.0 433.7857142857143 277.0 261.6428571428571 588.0376420812577 506.89133090287055 1.0 0.0
435.0 435.5 285.0 255.16666666666666 520.0563152583129 505.39407683592947 1.0 0.0
597.0 437.2142857142857 279.5 248.69047619047618 659.1884630222812 503.8968227689884 0.0 0.0
436.5 438.92857142857144 288.5 242.21428571428572 523.2265743011269 502.39956870204725 0.0 0.0
459.5 440.6428571428571 280.5 235.73809523809524 538.378805056645 500.9023146351061 1.0 0.0
538.0 442.3571428571429 307.0 229.26190476190476 619.8823413209991 499.405060568165 0.0 0.0
508.5 444.07142857142856 322.5 222.78571428571428 602.2418438683474 497.90780650122394 1.0 0.0
541.0 445.7857142857143 349.0 216.30952380952382 643.837886909708 496.41055243428286 1.0 0.0
508.0 447.5 381.5 209.83333333333334 635.5142357872913 494.9132983673418 1.0 0.0
409.0 449.2142857142857 296.0 203.35714285714286 505.411824356509 493.4160443004006 1.0 0.0
460.5 449.5 275.5 238.5 536.8689558174406 510.1136426269561 0.0 0.0
342.275 530.0 274.625 301.5 557.2086182140597 609.9653450664116 0.0 0.0
149.97499999999997 516.5 278.125 326.5 556.9875420737633 611.0486838943982 0.0 1.0
-42.325000000000045 510.75 281.625 334.5 556.7664659334669 610.5527015343398 0.0 1.0
-234.62500000000006 510.75 285.125 336.5 556.5453897931704 611.6355118355204 0.0 1.0
-426.925 507.0 288.625 337.5 556.324313652874 609.0610205599505 0.0 1.0
-523.0 495.5 244.5 340.5 580.1320740251806 601.2641552007219 0.0 1.0
-575.5 496.0 201.5 334.5 609.7562813936922 598.252664709039 0.0 1.0
-582.5 499.75 210.0 337.0 619.1982097418565 602.7597944262668 0.0 1.0
-569.0 500.5 258.0 339.25 626.1174471597476 604.6415312141263 0.0 1.0
-560.875 501.0 213.375 339.0 600.0945884628592 604.9148700437112 0.0 1.0
-688.25 501.25 385.1875 337.75 789.3342074302743 604.4226546272516 0.0 1.0
-607.25 500.75 291.9375 336.75 675.3544826125112 603.4496804680261 0.0 1.0
-538.0 501.0 229.0 336.25 584.790951042134 603.3781441093944 0.0 1.0
-626.0 502.25 331.0 335.75 708.1584588495025 604.1383365978206 0.0 1.0
-698.0 503.5 382.5 335.0 795.93362143756 604.7623970176619 0.0 1.0
-708.0 505.75 387.5 332.5 807.1060992710721 605.2602754876131 0.0 1.0
-705.5 506.5 384.5 332.0 803.4741011307519 605.6123554984308 0.0 1.0
-715.0 506.25 386.0 330.25 812.5399642977751 604.4457873488539 0.0 1.0
-715.0 507.0 387.5 329.25 813.2535216908366 604.5285723700788 0.0 1.0
-712.0 507.5 315.0 328.5 781.4957763682012 604.5400534143996 0.0 1.0
-704.0 505.5 242.0 329.0 744.4326876348355 603.1347673223217 0.0 1.0
-713.0 504.5 321.0 329.25 784.6856783209778 602.4332795682169 0.0 1.0
-715.5 504.5 394.0 329.75 816.8103090537687 602.7066917593988 0.0 1.0
-706.0 505.0 322.5 330.0 778.6710285276697 603.2622295889912 0.0 1.0
-583.5 505.0 358.0 331.5 684.5704955621252 604.0838274798308 0.0 1.0
-563.5 506.0 352.5 333.0 664.6717256914023 605.7436042795849 0.0 1.0
-574.0 506.75 351.5 333.75 673.0737493588862 606.7822879085218 0.0 1.0
-545.0 507.0 336.0 332.5 640.2538761985084 606.3051618231293 0.0 1.0
-516.5 506.0 324.0 329.5 609.7116700508502 603.8269224095635 0.0 1.0
-517.5 505.5 319.5 327.75 608.1829712326311 602.4535802653186 0.0 1.0
-518.0 504.75 316.0 324.0 606.7783779931516 599.7908482450033 0.0 1.0
-519.0 503.75 267.0 320.75 583.6538178896816 597.1984912531391 0.0 1.0
-524.5 503.75 258.5 320.75 584.8703081429562 597.1978505586716 0.0 1.0
-576.0 502.75 304.5 322.0 654.0742893978957 597.0274081847319 0.0 1.0
-774.0 500.5 265.5 326.0 819.4637264711802 597.3091480265907 0.0 1.0
-624.0 498.0 234.5 330.0 667.012600285981 597.4160367117181 0.0 1.0
-624.0 494.5 209.5 333.5 658.229652420211 596.4503179514713 0.0 1.0
-628.5 490.75 212.0 335.5 663.2924405291508 594.4720875871363 0.0 1.0
-634.5 487.5 223.0 337.0 672.5473182426116 592.6425988738913 0.0 1.0
-633.0 487.5 230.5 337.75 673.6611011988241 593.0697198202731 0.0 1.0
-633.5 487.75 236.0 339.0 676.0332495563482 593.9874866246275 0.0 1.0
-633.5 488.25 245.0 340.25 679.2261183819244 595.1120467212356 0.0 1.0
-635.0 495.5 259.0 350.25 685.8073718539185 606.8534772427529 0.0 1.0
-680.0 493.75 348.5 359.5 765.6960934390523 610.7612742748499 0.0 1.0
-547.5 494.5 357.0 360.0 653.6154933341688 611.6622743898895 0.0 1.0
-552.0 490.25 364.5 357.25 661.4870800724258 606.6780347024894 0.0 1.0
-414.5 501.25 352.5 355.25 547.8916837250706 614.3730515496534 0.0 1.0
-63.5 499.5 287.6 356.75 322.1574747145585 613.8167939830624 0.0 1.0
108.5 498.75 250.0 357.5 348.71764491276286 613.6433143433078 0.0 1.0
280.5 498.75 212.4 357.75 375.27781511096725 613.7888453709265 0.0 1.0
519.5 498.75 332.0 357.25 618.1208347161604 613.4974558421699 0.0 1.0
534.0 490.25 306.5 360.0 615.7138043258192 608.2749146884287 0.0 1.0
521.5 569.0 287.0 368.9375 595.2962606146539 678.2688368509025 0.0 0.0
465.875 545.0 332.875 368.6875 574.1913671949684 658.4746301045163 0.0 0.0
416.0 521.0 330.5 368.4375 531.7125768559836 638.6804233581299 1.0 0.0
427.5 497.0 303.0 368.1875 523.9948308615111 618.8862166117437 1.0 0.0
429.5 478.5 324.5 367.5 538.3500720044998 603.3394637033174 1.0 1.0
435.0 482.25 325.5 366.0 543.3009295055324 605.4890828758518 1.0 1.0
431.0 499.75 322.5 363.25 538.3009382264565 617.8193281289907 1.0 1.0
467.0 507.0 338.5 366.25 576.7991270661012 625.4502980226055 1.0 1.0
484.5 518.25 345.0 366.5 594.822066056921 634.7515242254676 1.0 1.0
490.0 527.75 348.0 367.5 601.0065577984419 643.1052577532355 1.0 1.0
513.5 534.25 354.5 367.25 623.9857132062992 648.3041712089941 1.0 1.0
517.0 536.5 325.0 368.5 611.3694824090315 650.8646714557003 1.0 1.0
507.5 535.75 312.0 370.25 596.4199801234481 651.2405190653333 1.0 1.0
463.5 531.5 311.0 374.0 558.1698153424074 649.8992192154014 1.0 1.0
463.5 530.5 317.5 374.75 561.832882094721 649.5136007303229 1.0 1.0
479.5 529.25 341.0 376.75 588.407754183838 649.651358613602 1.0 1.0
473.5 526.5 336.5 378.25 580.9036759126941 648.2869203349337 1.0 1.0
488.0 522.0 332.0 378.5 590.2558347773818 644.784479753973 1.0 1.0
529.0 518.0 321.0 378.75 619.7126930483474 641.6974683265105 1.0 1.0
500.0 514.75 331.5 377.5 599.9489436549709 638.3367560522072 1.0 1.0
516.0 512.75 345.5 375.75 620.9893967006736 635.6896769914836 1.0 1.0
520.0 512.0 353.0 373.5 628.5023157607018 633.7566296504915 1.0 1.0
533.0 512.0 378.0 371.0 653.5738436224837 632.286207919577 1.0 1.0
530.5 510.25 357.5 369.75 639.7180793956775 630.1351020954378 1.0 1.0
524.5 509.5 384.5 371.0 650.5241528969573 630.2638066551666 1.0 1.0
495.5 508.75 358.0 373.5 611.3407176512135 631.1344184698398 1.0 1.0
499.5 508.25 341.0 373.5 605.5762520772548 630.7300353205028 0.0 1.0
526.5 507.75 396.0 374.25 659.2673102470483 630.7719454766423 1.0 1.0
526.5 506.75 301.5 373.75 606.7212649090071 629.6702709321585 0.0 1.0
439.5 506.5 319.5 372.0 543.7582271911012 628.4317863543192 1.0 1.0
504.0 501.25 342.5 349.0 609.7003847220021 611.8595544842609 1.0 0.0
544.0 494.91666666666663 355.0 319.66666666666663 649.5855841243703 591.0898279140024 1.0 0.0
543.5 488.58333333333337 356.5 290.33333333333337 650.0165785101656 570.3201013437439 1.0 0.0
542.5 482.25 355.0 261.0 648.3299538739329 549.5503747734854 1.0 0.0
542.5 468.625 348.0 271.25 644.5237822935917 544.2652403006414 1.0 0.0
541.0 467.0 342.0 368.0 640.0352948226473 594.7711212491517 1.0 0.0
431.0 502.25 402.5 369.5 589.7792379905991 623.5289299917381 0.0 1.0
490.0 509.5 354.0 373.0 607.1458929952001 631.4421984631689 1.0 1.0
503.0 512.0 351.0 371.0 615.9136826220729 632.2864990807727 1.0 1.0
539.5 512.0 335.0 370.75 635.7224212800031 632.1392882341647 0.0 1.0
526.5 511.0 353.5 368.0 637.0907417107653 629.7188703381096 0.0 1.0
551.0 511.0 293.0 365.0 624.0598033113986 627.96975525381 1.0 1.0
547.5 508.5 289.0 362.5 619.0941867237424 624.4829797175405 1.0 1.0
555.5 470.25 290.0 361.5 626.6432603814113 593.1456169472897 1.0 1.0
555.0 459.47368421052636 286.0 346.2631578947369 624.3574695754501 575.9929378706819 1.0 0.0
552.125 460.10526315789474 281.0 333.9473684210526 619.5246935983178 569.8905040317759 1.0 0.0
506.5 460.7368421052631 281.0 321.63157894736844 579.850110085205 563.78807019287 0.0 0.0
461.0 461.36842105263156 293.5 309.3157894736842 546.5016907534521 557.685636353964 0.0 0.0
561.5 462.0 312.5 297.0 642.603880752999 551.583202515058 0.0 0.0
560.0 462.63157894736844 308.0 284.6842105263158 639.111929212284 545.4807686761521 0.0 0.0
558.5 463.2631578947369 307.0 272.36842105263156 637.3157051341644 539.3783348372463 0.0 0.0
556.0 463.89473684210526 307.0 260.0526315789474 635.1263856148003 533.2759009983401 0.0 0.0
554.5 464.52631578947364 308.0 247.73684210526318 634.2982510354984 527.1734671594343 0.0 0.0
555.5 461.375 311.0 227.0 636.6327902802151 514.4236269718007 0.0 0.0
554.5 434.75 318.5 217.0 639.4737968851646 488.5034394908736 0.0 0.0
527.5 370.5 325.0 334.5 619.7867839689418 501.1019794739299 0.0 0.0
522.25 468.75 361.125 330.25 635.2606817886949 573.4035862713165 0.0 0.0
545.0 468.75 333.5 329.25 638.9428938535036 572.8293406850826 1.0 0.0
536.0 480.75 330.5 338.25 629.7116823129211 587.8211263462739 1.0 1.0
528.5 479.0 329.5 337.75 622.8032212017574 586.1033237624969 1.0 1.0
469.0 478.5 315.0 338.0 564.9687293754747 585.8380871702618 0.0 1.0
522.5 497.25 338.5 355.75 622.5708470688327 611.4201281653579 0.0 1.0
527.5 499.0 343.5 349.25 629.5330652566776 609.081367887987 1.0 1.0
527.5 501.0 334.0 352.0 624.3494806701065 612.2948995743945 1.0 1.0
481.0 506.0 342.0 357.5 590.1914454772866 619.5502634994219 1.0 1.0
498.125 510.5 332.125 359.0 598.7803206962948 624.0982245756088 0.0 1.0
405.0 520.25 296.5 355.5 501.9335115331512 630.1139574539725 0.0 1.0
463.5 529.75 327.5 353.0 568.0312541224548 636.5938682458466 0.0 1.0
521.0 540.5 348.0 349.5 626.549806866572 643.658756348382 1.0 1.0
524.0 540.5 351.0 349.0 630.695707327245 643.4070323560268 1.0 1.0
520.0 506.5 351.0 359.0 627.376297082425 620.8246765513672 1.0 1.0
521.0 506.5 350.25 358.0 627.7866499503507 620.2470610273882 1.0 1.0
519.5 506.5 350.0 356.0 626.4027633645496 619.0948371083741 0.0 1.0
525.0 510.75 340.0 354.25 625.5322348584668 621.5841985107166 0.0 1.0
494.5 511.25 330.0 352.25 594.5000640051032 620.8529499147132 0.0 1.0
499.5 513.5 345.5 351.0 607.3597526726726 621.9995340744306 0.0 1.0
529.4285714285714 513.0 335.7857142857143 349.0 627.1427778267694 620.4595212149766 0.0 1.0
515.1428571428571 513.0 306.92857142857144 350.0 600.401679562804 621.0244061817064 0.0 1.0
500.8571428571429 514.0 278.07142857142856 352.5 573.6605812988389 623.2596117721102 0.0 1.0
486.57142857142856 516.25 249.21428571428572 355.0 546.9194830348738 626.5299037154211 0.0 1.0
465.5 516.0 274.0 357.0 540.4408482424344 627.4592967442476 1.0 1.0
522.0 516.75 325.5 357.75 615.7089048491482 628.5027812189865 1.0 1.0
474.0 516.0 302.5 358.25 562.3115760255835 628.1713962775314 1.0 1.0
478.5 513.75 295.5 359.25 562.3915831230222 626.8989083448948 1.0 1.0
492.5 510.5 301.5 359.25 577.4597472134444 624.2362681823244 1.0 1.0
486.0 507.5 303.5 358.25 573.0004168960947 621.209178896938 1.0 1.0
539.0 503.75 381.5 357.75 660.5062534087102 617.8587179442078 0.0 1.0
541.5 500.5 371.5 358.0 656.8985263266773 615.3578040744051 1.0 1.0
503.5 499.0 325.5 359.75 599.553510420676 615.1598029390524 1.0 1.0
505.5 500.75 319.5 362.0 598.0062722571813 617.8959070444432 1.0 1.0
503.375 502.0 341.375 364.25 608.3106337757088 620.2274610524386 1.0 1.0
505.0 501.0 318.5 360.5 597.0497368860258 617.2227194932013 1.0 1.0
507.0 508.0 334.5 360.0 607.4883505016096 622.6326385183518 1.0 1.0
504.5 512.0 349.5 357.25 613.7633576919404 624.3177182919962 1.0 1.0
506.0 513.5 346.5 353.75 613.5918173801763 623.5590407531678 1.0 1.0
505.0 513.5 322.5 350.25 599.1925623773063 621.5769271558488 1.0 1.0
503.0 513.5 324.0 350.0 598.3184770671887 621.4357000542943 1.0 1.0
502.0 513.75 324.0 351.25 597.4780330689991 622.3469657184016 1.0 1.0
503.75 512.0 325.5 351.25 599.7636901955973 620.9030265535224 1.0 1.0
505.5 511.25 330.0 353.5 603.6806479469832 621.5631148926363 1.0 1.0
500.0 513.0 330.0 356.5 599.0831903884214 624.7092820398814 1.0 1.0
497.5 514.25 330.5 359.0 597.2742414875801 627.1635217221556 1.0 1.0
525.0 515.75 379.5 359.0 648.1653954778244 628.3940506551689 1.0 1.0
540.0 515.25 368.5 359.75 653.7710765867714 628.4130715123176 1.0 1.0
538.5 515.0 367.5 360.5 651.9560686317955 628.6376796015334 1.0 1.0
534.5 513.5 370.75 360.0 650.5716213089818 627.1222627076922 1.0 1.0
528.0 513.5 377.25 358.0 648.9540301695887 625.9763028816278 1.0 1.0
526.25 512.5 381.25 358.0 649.8717756594591 625.1563148653736 1.0 1.0
520.75 513.5 362.75 359.0 634.6439716172463 626.5486812690615 1.0 1.0
522.0 513.0 367.75 359.5 638.5330100239967 626.4259075599981 1.0 1.0
524.5 514.0 365.0 360.5 639.0143232400153 627.8187776505548 1.0 1.0
522.25 512.5 373.0 360.5 641.8580110721623 626.5911862702628 1.0 1.0
521.5 512.0 381.5 361.0 646.2715800001149 626.4702706433882 1.0 1.0
517.0 510.5 408.75 362.5 659.130935440251 626.1122103904379 1.0 1.0
528.0 510.5 420.25 363.5 674.8303026035078 626.6917104924877 1.0 1.0
476.5 512.0 407.75 363.5 627.5817641991462 627.9145929322528 0.0 1.0
445.75 513.0 399.0 362.5 598.3331118177939 628.1522506526583 0.0 1.0
480.5 514.5 400.75 362.5 625.8218588331304 629.378253054909 0.0 1.0
480.40625 515.0 359.734375 361.5 600.9697223621868 629.2116098738167 0.0 1.0
456.03125 515.5 354.671875 361.0 581.6168853761708 629.3343586145179 0.0 1.0
431.65625 515.5 349.609375 360.0 562.264048390155 628.7608967571084 0.0 1.0
407.28125 515.5 344.546875 355.5 542.9112114041392 626.1952570883941 0.0 1.0
382.90625 516.0 339.484375 356.5 523.5583744181233 627.175169420665 0.0 1.0
358.53125 444.5 334.421875 350.5 504.2055374321075 567.3967768455202 0.0 1.0
334.15625 391.82142857142856 329.359375 330.2857142857143 484.85270044609166 514.1368661951605 0.0 0.0
309.78125 418.25 324.296875 314.0 465.49986346007586 525.4417086104949 0.0 0.0
285.40625 444.67857142857144 319.234375 297.7142857142857 446.14702647406 536.7465510258293 0.0 0.0
261.03125 414.0 314.171875 311.0 426.79418948804414 520.2839967120497 0.0 0.0
236.65625 457.75 309.109375 341.75 407.44135250202834 571.4525175259398 0.0 1.0
212.28125 487.5 304.046875 341.75 388.08851551601254 595.4233594939628 0.0 1.0
187.90625 493.0 298.984375 356.75 368.7356785299967 608.5389087972504 0.0 1.0
163.53125 492.5 293.921875 358.25 349.3828415439808 609.01511482679 0.0 1.0
139.15625 494.5 288.859375 359.25 330.03000455796496 611.2207628134188 0.0 1.0
114.78125 500.25 283.796875 364.25 310.6771675719492 618.811943281589 0.0 1.0
102.5 496.75 277.5 361.0 295.896399385431 614.0718004978173 0.0 1.0
102.0 494.25 280.5 355.5 298.50291001007673 608.8227756761721 0.0 1.0
103.0 504.75 275.5 360.25 294.127637908179 620.1230751984605 0.0 1.0
102.0 505.5 270.0 362.5 288.62583929605125 622.042269385068 0.0 1.0
103.5 507.5 257.5 361.5 277.66317043298227 623.0901527068024 0.0 1.0
73.4375 510.0 250.5625 360.5 264.8779370188475 624.5480365832559 0.0 1.0
28.6875 510.0 261.3125 360.5 264.63909394185936 624.5480365832559 0.0 1.0
65.5 511.0 236.0 360.5 244.9274643761861 625.3648934821973 0.0 1.0
64.5 511.0 244.5 357.0 252.86633643125236 623.3572010121354 0.0 1.0
69.0 508.5 240.0 351.5 249.72231932494776 618.1627839776658 0.0 1.0
74.0 509.5 236.0 348.5 247.3596297353538 617.287394115773 0.0 1.0
92.0 509.0 240.0 345.5 257.07103950315195 615.1844719942131 0.0 1.0
165.0 506.75 298.5 343.75 341.0815639482963 612.3401428664363 0.0 1.0
168.5 502.0 343.0 342.5 382.7870434563643 607.7090317096536 0.0 1.0
174.5 499.75 318.5 341.5 363.37937616716187 605.2869671541093 0.0 1.0
189.9 497.25 314.0 341.5 374.1214006722577 603.2250928600531 0.0 1.0
289.5 485.5 276.0 345.0 418.010707069714 595.6535249948327 0.0 1.0
389.1 507.25 238.0 356.5 461.90001346717025 620.0035465431517 0.0 1.0
462.0 503.0 279.5 356.5 539.9745983079706 616.5236543791218 0.0 1.0
466.5 504.0 285.5 356.0 546.9594090906018 617.0510513725749 0.0 1.0
467.5 504.0 290.0 356.0 550.1437502158228 617.0510513725749 0.0 1.0
435.5 503.75 276.0 356.5 515.6645904795079 617.1358179644291 0.0 1.0
396.0 502.25 286.5 357.25 488.78840733473555 616.3462878454558 1.0 1.0
404.25 502.0 265.875 355.75 484.40448032861883 615.2742778219773 1.0 1.0
467.0 502.0 248.5 354.5 529.0289247568663 614.5522083705368 0.0 1.0
497.5 502.25 254.0 352.75 558.5931297462196 613.7499376446864 1.0 1.0
497.5 495.75 253.5 358.5 558.3639575034404 611.8080649664256 1.0 1.0
498.0 501.5 252.5 357.0 558.3549956130581 615.5920207699326 1.0 1.0
496.5 501.75 253.5 356.0 557.471709400118 615.2147037676692 1.0 1.0
500.0 501.25 256.5 355.0 561.955069259287 614.2284851376077 1.0 1.0
502.5 501.5 256.5 354.75 564.181684562435 614.2887141879089 1.0 1.0
501.0 503.0 264.0 354.25 566.30115662958 615.225246782031 1.0 1.0
515.5 502.75 303.5 353.75 598.5347365805526 614.7330691675834 1.0 1.0
491.5 502.25 372.5 354.0 616.7594757907174 614.4681303727473 1.0 1.0
464.0 502.0 367.5 355.25 591.9581842288428 614.985043838119 1.0 1.0
455.5 501.5 338.5 357.0 567.5277281336187 615.5905589147658 1.0 1.0
507.0 501.0 356.5 358.75 621.3481476736023 616.2001329238742 1.0 1.0
523.5 501.25 365.5 360.0 640.2468401849923 617.1320819528598 0.0 1.0
550.0 501.25 318.5 362.0 635.5646601388289 618.3012845385092 1.0 1.0
528.5 500.75 334.0 364.0 625.8181041001633 619.0698475851318 1.0 1.0
528.5 500.75 321.5 366.0 618.9995441364422 620.247529507345 0.0 1.0
506.0 501.5 281.0 368.0 578.8712957932223 622.0341715143802 0.0 1.0
457.5 502.75 253.5 369.75 523.0379443922961 624.0774395438433 1.0 1.0
459.0 503.5 249.0 370.25 522.191285268231 624.9778820605075 1.0 1.0
524.0 504.5 273.5 372.0 591.0923443667807 626.8207479016629 0.0 1.0
525.0 504.5 289.0 371.0 599.2919126386636 626.2277940174805 1.0 1.0
524.5 505.0 292.5 371.0 600.5473419311213 626.6308801581499 1.0 1.0
559.0 505.0 290.5 370.75 630.231341745018 626.4826984098262 1.0 1.0
620.5 504.5 338.5 370.5 708.2552518386159 625.932224473323 0.0 1.0
575.5 503.75 358.0 372.5 677.8494339943666 626.5147580587743 0.0 1.0
531.0 503.0 299.5 374.0 609.6453026561052 626.8055208709858 0.0 1.0
522.0 502.0 301.0 374.0 602.5653770581421 626.0033232867756 1.0 1.0
518.5 500.25 296.0 372.0 597.0414043858608 623.4052170501775 1.0 1.0
516.5 503.25 289.0 369.25 591.8564112763006 624.2031225743676 1.0 1.0
516.5 497.0 282.0 359.25 588.4694129689325 613.2515667508868 1.0 1.0
517.5 497.75 279.5 351.75 588.1553585827023 609.49550934799 1.0 1.0
518.5 497.75 279.0 347.75 588.7987495940374 607.1955936305501 1.0 1.0
519.5 497.25 281.0 346.75 590.628553521494 606.2124438120991 1.0 1.0
528.0 497.25 285.0 346.0 600.0088921487362 605.7841951385515 1.0 1.0
551.0 497.75 284.0 347.0 619.8908233265302 606.7653712186743 1.0 1.0
550.0 497.5 281.0 348.5 617.626356269566 607.4207844297331 1.0 1.0
540.5 493.25 285.5 356.5 611.2696250726462 608.6272798642785 1.0 1.0
545.5 453.40625 290.5 352.28125 618.0297087844413 574.9276998231232 1.0 1.0
504.5 455.03125 285.0 317.40625 579.5309358887453 557.640441283025 1.0 0.0
461.0 456.65625 299.0 282.53125 549.4895398787639 540.3531827429266 1.0 0.0
499.0 458.28125 291.0 247.65625 577.9181483454546 523.0659242028283 1.0 0.0
541.0 532.25 292.5 277.75 615.0101915832377 600.5864177048605 1.0 0.0
481.0 508.5 292.5 327.5 563.1451764839745 605.2514527319349 1.0 1.0
417.5 485.5 297.0 353.5 512.7469153170126 600.677768306198 0.0 1.0
418.0 511.5 283.0 350.0 504.7907345582381 619.7840353497741 1.0 1.0
476.5 516.25 311.5 357.5 569.422683215706 627.9530262777674 1.0 1.0
477.0 513.75 317.5 357.5 573.113223707715 625.8985203802044 0.0 1.0
483.5 513.75 323.0 361.5 581.533887812052 628.190409879898 0.0 1.0
531.0 514.0 343.5 363.0 632.4187111765877 629.2577208170047 1.0 1.0
528.0 514.5 336.5 365.5 626.112803313459 631.1117138441905 1.0 1.0
549.5 512.5 338.0 367.0 645.3228157874091 630.3533162278864 1.0 1.0
489.5 513.0 323.0 366.5 586.4633558908929 630.469082111553 1.0 1.0
497.0 513.0 324.5 366.0 593.6998220272974 630.1786130365319 1.0 1.0
432.0 509.5 297.5 363.5 524.5304416798679 625.8783544535333 1.0 1.0
439.5 505.5 299.5 362.0 531.8465379615654 621.7509647268873 1.0 1.0
517.0 510.0 263.5 364.0 581.5194681961669 626.5748832914994 0.0 1.0
505.3125 507.25 224.5625 362.75 553.0990356902953 623.6107755083176 0.0 1.0
525.0625 504.75 247.3125 361.25 580.451436554385 620.704541904214 0.0 1.0
518.0 502.25 320.5 357.0 609.5034294557838 616.2016810398658 0.0 1.0
526.5 502.0 344.0 355.25 628.918874596236 614.9866690339611 0.0 1.0
429.0 501.5 313.0 352.5 531.046137355315 612.9916651402771 0.0 1.0
518.5 497.25 331.5 347.25 615.4142947266291 606.4984689549774 0.0 1.0
519.0 495.25 318.5 346.25 608.9364490873277 604.2860484728984 1.0 1.0
519.0 481.5 314.0 343.5 606.5946163237564 591.499529086142 1.0 1.0
520.0 483.0 324.0 323.25 612.685095266864 581.1952794459835 1.0 1.0
521.0 374.67391304347825 331.0 204.3913043478261 617.253738838406 426.8053988889484 1.0 0.0
496.0 381.3695652173913 331.5 209.95652173913044 596.6646142811564 435.3781196033285 1.0 0.0
482.0 388.0652173913044 358.5 215.52173913043478 600.8424939770175 443.95084031770864 1.0 0.0
518.0 394.7608695652174 329.0 221.08695652173913 613.649734183047 452.52356103208876 1.0 0.0
519.5 401.45652173913044 319.5 226.65217391304347 609.8861512521362 461.0962817464688 1.0 0.0
541.5 408.1521739130435 325.5 232.2173913043478 631.8012815539073 469.6690024608489 1.0 0.0
532.5 414.8478260869565 331.5 237.7826086956522 627.3983571408994 478.241723175229 1.0 0.0
478.0 421.54347826086956 289.5 243.34782608695653 558.948611279299 486.81444388960915 1.0 0.0
423.5 428.2391304347826 265.5 248.91304347826087 499.8429503557195 495.38716460398916 1.0 0.0
427.5 434.9347826086956 271.0 254.47826086956522 506.15964162234604 503.9598853183693 1.0 0.0
544.0 441.63043478260875 306.5 260.04347826086956 624.402627816829 512.5326060327494 0.0 0.0
531.5 448.32608695652175 386.5 265.6086956521739 657.5916856025153 521.1053267471295 0.0 0.0
537.0 542.0 351.5 304.0 641.8353315914492 621.482072802406 1.0 0.0
471.0 509.25 279.0 347.75 547.5654059122569 616.6569687211327 0.0 1.0
467.0 514.75 276.5 349.25 542.889755550941 622.0476232378523 0.0 1.0
411.5 507.25 258.5 346.0 485.95804041190104 614.024375985114 1.0 1.0
477.5 489.25 279.0 332.5 553.1317572983113 591.542506496412 1.0 1.0
427.0 481.75 260.5 328.0 500.5875010026725 582.8096410118104 0.0 1.0
477.25 477.75 281.25 326.0 554.2085517253411 578.3780987709176 0.0 1.0
414.0 471.75 254.0 320.5 485.7101724951831 570.3246242269774 0.0 1.0
413.0 466.5 255.0 314.5 485.382508001691 562.6135857959673 1.0 1.0
418.5 465.25 259.5 313.0 492.4252568859501 560.7375339441323 1.0 1.0
421.0 500.75 261.0 350.0 495.3415383411997 610.9423835010518 1.0 0.0
419.0 503.75 263.0 352.25 494.70416458266635 614.6902706213771 1.0 1.0
421.0 505.0 268.5 351.5 499.334921705044 615.2868628868695 1.0 1.0
415.5 505.5 265.5 351.75 493.0838262649403 615.8399636041382 1.0 1.0
471.5 506.5 285.5 354.25 551.4002318729299 618.0904923929595 1.0 1.0
502.0 506.0 291.0 357.75 580.3327564962274 619.6943635133716 0.0 1.0
464.5 504.75 276.0 357.75 540.3125767445453 618.674089103873 1.0 1.0
544.0 504.25 295.0 357.5 618.8384739256633 618.1216170031944 0.0 1.0
544.0 504.25 294.5 357.75 618.600605666764 618.2662278575222 1.0 1.0
544.5 503.0 294.5 357.5 619.0400282545271 617.1023123421246 1.0 1.0
545.0 502.0 293.0 356.5 618.7682877656068 615.707937224312 1.0 1.0
548.5 501.0 295.5 355.0 623.035278917225 614.024655509653 1.0 1.0
550.0 499.5 295.0 353.0 624.1208481269466 611.6447089610111 1.0 1.0
550.5 494.25 296.5 346.25 625.2703085429952 603.467394379561 1.0 1.0
553.0 496.5 294.5 334.0 626.5301912881255 598.4562744141156 1.0 1.0
553.5 389.2368421052631 294.5 337.75 626.971257186244 515.4286543474957 1.0 0.0
553.0 390.18421052631584 295.0 330.75 626.771749403486 511.8829975831532 1.0 0.0
531.5 391.13157894736844 293.5 323.75 607.2360038769438 508.33734081881073 1.0 0.0
548.0 392.07894736842104 293.5 316.75 621.6549029684707 504.7916840544682 1.0 0.0
354.4375 393.02631578947364 277.59375 309.75 504.5913043202713 501.24602729012565 0.0 0.0
118.1875 393.97368421052636 269.96875 302.75 526.5497494229008 497.7003705257831 0.0 0.0
-118.0625 394.92105263157896 262.34375 295.75 548.5081945255304 494.1547137614406 0.0 0.0
-354.3125 395.86842105263156 254.71875 288.75 570.46663962816 490.6090569970981 0.0 0.0
-521.5 396.81578947368416 245.5 281.75 576.3971669747568 487.06340023275555 0.0 0.0
-600.0 397.7631578947369 270.0 274.75 649.4590710223592 483.517743468413 0.0 0.0
-607.0 463.0 253.5 298.5 657.8809098271992 551.1749359533951 0.0 0.0
-595.5 484.75 262.5 328.5 650.7893823599056 585.586599758873 0.0 1.0
-597.0 491.5 239.5 334.0 643.8119812240654 594.2459507644961 0.0 1.0
-598.5 489.0 213.0 337.0 635.2729003669253 593.879149901454 0.0 1.0
-592.5 491.5 246.5 337.25 642.3933551137995 596.0791358845806 0.0 1.0
-573.0 495.0 310.0 342.25 652.0189195609079 601.797385471634 0.0 1.0
-599.4166666666667 493.5 256.0 341.5 652.3357085246131 600.1372085193138 0.0 1.0
-761.0833333333333 493.5 268.0 345.0 807.3273045155286 602.1361322132088 0.0 1.0
-712.625 494.75 257.875 346.5 757.913876007108 604.0197706426441 0.0 1.0
-676.5 495.5 268.0 349.0 727.6930923496157 606.0713424103716 0.0 1.0
-612.5 495.25 255.5 350.25 663.8155803103234 606.5868681164566 0.0 1.0
-589.75 495.75 317.0 350.75 643.5854702019319 607.2838122024486 0.0 1.0
-640.0 493.5 258.0 350.5 690.0522062099452 605.3049881991458 0.0 1.0
-595.5 490.25 260.0 348.5 649.7848655661448 601.495896270178 0.0 1.0
-369.4264705882353 488.0 409.1029411764706 346.0 558.4373553056218 598.2140784312112 0.0 1.0
-303.13235294117646 486.0 393.5147058823529 346.5 530.983557000948 596.8756445150907 0.0 1.0
-236.83823529411762 479.5 377.92647058823525 349.25 503.5297586962742 593.2113340555705 0.0 1.0
-170.54411764705884 477.25 362.3382352941177 349.75 476.07596039160035 591.6863587221419 0.0 1.0
-104.25 466.75 346.75 353.5 448.62216208692655 585.5149743853906 0.0 1.0
-37.95588235294116 479.0 331.1617647058823 341.25 421.16836378225264 588.1263214504743 0.0 1.0
28.338235294117652 480.75 315.57352941176475 338.75 393.71456547757884 588.110450613662 0.0 1.0
94.63235294117649 479.25 299.9852941176471 336.75 366.26076717290505 585.7313175558145 0.0 1.0
160.9264705882353 473.25 284.3970588235294 343.75 338.80696886823114 584.9903955786119 0.0 1.0
168.5 470.25 313.0 351.25 356.17854548872623 586.9511287739688 0.0 1.0
145.0 471.75 359.5 344.5 387.7372425591153 584.1824625372846 0.0 1.0
167.0 471.5 358.5 339.0 395.6082848624005 580.7182939989945 0.0 1.0
140.5 469.25 361.0 346.0 387.3837985153191 583.0415105645108 0.0 1.0
139.0 469.0 361.0 352.25 386.8358825135021 586.5501449792334 0.0 1.0
154.0 468.25 357.0 351.75 388.99300532815494 585.6501749962845 0.0 1.0
149.5 467.75 377.5 352.25 406.68065738942937 585.5511313555164 0.0 1.0
157.0 467.25 481.0 352.0 506.0221918336318 585.001354808933 0.0 1.0
149.5 457.5 540.5 349.0 561.3215311683666 575.42586443503 0.0 1.0
159.0 501.75 499.5 321.0 524.1963611448143 596.4688671358849 0.0 1.0
174.5 471.75 494.5 316.25 524.7691496476766 567.9486277816497 0.0 1.0
148.5 474.75 505.5 313.0 526.8622584822763 568.6447576627927 0.0 1.0
143.0 474.5 504.5 311.0 524.3767326210066 567.3369958836811 0.0 1.0
139.5 474.75 521.5 310.25 539.8370558618717 567.1355611683932 0.0 1.0
146.0 474.25 512.5 306.25 532.8904733556225 564.5371332469715 0.0 1.0
120.58333333333333 472.0 438.33333333333337 305.0 455.70175752311127 561.9688799902179 0.0 1.0
28.916666666666664 471.5 255.66666666666669 305.25 259.2089089447336 561.6848373786619 0.0 1.0
-145.5 470.75 264.0 305.75 310.0893763990613 561.3275911132016 0.0 1.0
-647.5 467.5 310.5 308.0 730.3084940318265 559.8456540354878 0.0 1.0
-435.5 462.75 335.0 311.5 549.4817947309098 557.8280613316026 0.0 1.0
-437.5 466.0 334.0 310.5 550.4297510137686 559.9699338946475 0.0 1.0
-459.0 466.5 279.5 310.75 537.4045267117648 560.5246254988624 0.0 1.0
-458.0 466.75 280.0 311.75 536.8090954995936 561.2876802972802 0.0 1.0
-454.4375 466.5 273.125 313.5 530.1987496192106 562.0538922367613 0.0 1.0
-452.1875 465.75 271.625 313.5 527.4975743297805 561.4315024896156 0.0 1.0
-450.5 473.0 270.5 319.75 525.4716928627079 570.9386288025644 0.0 1.0
-241.5 465.0 250.5 317.0 347.95629591325235 562.7735595438073 0.0 1.0
-345.0 462.5 258.5 317.25 434.757590520939 560.8515028100151 0.0 1.0
-445.5 463.75 267.0 315.5 519.3835288108394 560.8961494556958 0.0 1.0
-443.5 463.25 265.5 315.25 516.8970203497549 560.3420128291289 0.0 1.0
-456.0 404.0 270.0 346.0 529.9399653821577 532.9157828197064 0.0 1.0
-436.125 212.60714285714283 247.125 356.32142857142856 501.275918792266 507.79761429694577 0.0 0.0
-433.0 8.75 243.0 356.75 496.52599114068477 504.5654126797248 0.0 0.0
-434.0 -195.10714285714286 242.5 357.17857142857144 497.1543003678994 501.3332110625039 0.0 0.0
-437.0 -456.75 246.0 364.0 501.482861281124 587.4857784803086 0.0 0.0
-437.5 -636.0 245.5 310.75 501.6736987325527 708.1911210589265 0.0 0.0
-619.75 -717.75 258.625 318.0 672.584033182978 794.7275235884362 0.0 0.0
-541.5 -743.7321428571429 252.0 303.75 598.1676360367098 815.7901722971185 0.0 0.0
-539.8333333333333 -749.375 253.33333333333331 320.5 596.3241328819178 818.2882537495342 0.0 0.0
-525.1666666666667 -755.0178571428571 250.66666666666669 317.25 581.9265172316614 820.7863352019499 0.0 0.0
-512.5 -760.6607142857142 251.5 311.5 570.8874638768743 823.2844166543656 0.0 0.0
-467.5 -766.3035714285713 268.5 308.5 539.1184359583852 825.7824981067813 0.0 0.0
-469.5 -771.9464285714287 267.5 283.0 540.3589051053814 828.280579559197 0.0 0.0
-472.5 -777.5892857142858 269.5 280.75 543.9574854770744 830.7786610116127 0.0 0.0
-468.5 -761.0 276.0 320.0 543.7539097883044 824.4836505541358 0.0 0.0
-465.5 -753.75 281.5 292.75 543.9967830787238 808.8960046594425 0.0 0.0
-468.5 -735.5 284.5 302.0 548.1172576855813 795.3502151772341 0.0 0.0
-468.5 -735.5 288.5 296.0 550.2040773722453 792.9749517100429 0.0 0.0
-489.625 -731.5 279.75 298.5 564.4100358514701 790.3154188482763 0.0 0.0
-530.0 -728.75 255.0 280.0 588.1539313764684 780.7046956301817 0.0 0.0
-523.5 -745.25 253.0 286.0 581.4303890711128 798.2661207235403 0.0 0.0
-601.5 -747.0 303.0 287.25 673.5695373140319 800.6838106895075 0.0 0.0
-610.5 -767.25 265.0 279.75 665.975562460821 816.7094714061125 0.0 0.0
-542.0 -768.5 276.5 296.5 608.4546488274748 823.8151962105804 0.0 0.0
-681.0 -768.1875 264.0 302.75 730.381474803331 825.4343380240643 0.0 0.0
-675.0 -772.4375 257.5 285.25 722.458603351422 825.9480027913208 0.0 0.0
-543.5 -772.75 269.5 276.25 606.6535307258953 825.9928831544285 0.0 0.0
-608.0 -749.25 259.5 319.5 661.4592289312693 815.1898349802177 0.0 0.0
-557.5 -731.9230769230769 254.5 321.25 613.0380837015695 809.4662539552567 0.0 0.0
-625.5 -739.1538461538462 266.0 311.5 680.3159145508546 816.1274957159808 0.0 0.0
-703.5 -746.3846153846155 229.5 287.5 740.6667044836258 822.7887374767051 0.0 0.0
-677.8214285714286 -753.6153846153845 174.89285714285714 314.5 700.6153902068231 829.4499792374293 0.0 0.0
-644.25 -760.8461538461538 146.75 324.5 661.6870844435018 836.1112209981534 0.0 0.0
-610.6785714285714 -768.0769230769231 118.60714285714286 337.5 622.7587786801807 842.7724627588776 0.0 0.0
-591.75 -771.5 127.25 348.0 605.9143366440769 846.3564594428178 0.0 0.0
-621.75 -754.5 219.75 346.0 659.4441119258166 830.1182534821127 0.0 0.0
-581.5 -758.5 297.5 334.0 653.1996826155178 828.7812079207334 0.0 0.0
-615.75 -770.5 302.25 346.0 685.9327232481203 844.6374734065266 0.0 0.0
-623.25 -726.625 388.25 355.0 734.2878465308384 811.9787772336294 0.0 0.0
-626.75 -716.0 349.25 363.0 718.4005154813799 804.9201420898823 0.0 0.0
-567.5 -755.5 329.5 355.5 656.6465143522657 834.9754237555778 0.0 0.0
-436.0 -764.0 257.75 348.5 506.93015829526763 839.7315510112298 0.0 0.0
-534.0 -740.25 255.5 382.5 591.9772493243476 822.1667836280732 0.0 0.0
-531.0 -737.0 255.0 363.5 589.055175953609 821.7748751846639 0.0 0.0
-474.5 -725.5 286.5 368.5 557.0717119191827 813.768698574934 0.0 0.0
-411.75 -702.0 308.0 359.5 514.2008269706716 788.7997204683825 0.0 0.0
-404.5 -698.0 299.5 340.0 503.31056492621747 776.4046507804447 0.0 0.0
-433.0 -735.5 294.5 325.0 523.9076187979254 804.4503768256557 0.0 0.0
-471.5 -676.5 300.5 354.5 559.1181373241914 764.0235135473633 0.0 0.0
-527.0 -735.0 337.5 343.5 629.1492234430596 811.307870696417 0.0 0.0
-396.25 -729.0 339.75 348.0 521.9695740027196 807.955972744689 0.0 0.0
-403.5 -695.5 342.0 359.5 529.029447262584 782.9191251324137 0.0 0.0
-449.5 -725.0 326.5 342.5 557.2928738765678 802.1458738240954 0.0 0.0
-510.0 -748.875 346.0 339.5 616.3602262876935 817.7151596873501 0.0 0.0
-503.5 -719.0 319.25 338.0 596.1820542642984 794.4862331978429 0.0 0.0
-502.5 -718.5833333333333 350.0 325.0 612.3775514369613 795.3242509654535 0.0 0.0
-503.5 -742.9166666666667 336.0 327.875 605.4260270693835 815.3044405867213 0.0 0.0
-559.875 -772.25 339.25 312.25 655.0699617086816 838.8248719980095 0.0 0.0
-505.5 -738.25 353.5 344.25 616.8407411966236 814.7486954602609 0.0 0.0
-503.0 -715.25 302.5 337.0 587.1479867510648 799.1741645922903 0.0 0.0
-499.0 -718.25 277.0 340.5 570.7276078145485 799.985400277893 0.0 0.0
-164.0 -702.75 278.0 345.5 448.0504750217925 783.3317271955581 0.0 0.0
-539.5 -678.75 274.5 343.25 605.3191673457015 768.2560841022608 0.0 0.0
-539.5 -693.0625 275.0 320.5 605.545415369621 777.4567960801504 0.0 0.0
-539.0 -715.8125 274.5 319.0 604.8730846327733 792.8891941668558 0.0 0.0
-532.0 -719.75 275.0 338.0 598.8732731428574 795.1687049826046 0.0 0.0
-533.5 -743.0 274.5 318.75 599.9772573378925 813.4184388602196 0.0 0.0
-533.5 -730.9375 274.0 290.25 599.7486538710868 803.6249465940007 0.0 0.0
-533.0 -704.1875 273.0 311.25 598.8472652733858 782.7210021677572 0.0 0.0
-533.0 -787.5625 271.0 330.25 597.9391832221133 866.0300440593435 0.0 0.0
-534.0 -799.8125 270.5 291.25 598.6036259913976 864.9021772267847 0.0 0.0
-531.5 -813.25 271.0 314.5 596.6014563036763 868.1268861326481 0.0 0.0
-551.0 -825.05 318.5 306.25 637.1934032633662 879.2058487998006 0.0 0.0
-552.0 -821.25 335.5 289.5 645.9600315288874 874.6743911050204 0.0 0.0
-549.5 -817.45 333.5 295.75 642.7850441025166 870.1429334102402 0.0 0.0
-550.5 -768.5 371.0 316.75 664.4159489900167 831.2252418899318 0.0 0.0
-551.5 -768.75 370.0 320.75 664.7844856655786 832.9814886821655 0.0 0.0
-516.5 -765.5 325.5 313.5 610.5114877288341 827.3914194493432 0.0 0.0
-510.5 -763.75 324.5 325.25 604.9058997057095 829.6814220606454 0.0 0.0
-512.5 -753.0 325.5 323.75 607.1310310364127 819.661261892536 0.0 0.0
-501.5 -750.25 323.0 326.0 596.5162940274433 818.0180187864053 0.0 0.0
-493.0 -734.75 320.5 331.25 588.0217043676951 805.9721294592923 0.0 0.0
-490.5 -714.0 318.5 337.5 584.8355103331907 789.7718283285951 0.0 0.0
-492.0 -677.5 317.5 348.0 585.551236016115 761.7305479526773 0.0 0.0
-486.5 -651.75 316.5 355.25 580.3919156147708 742.2816894972675 0.0 0.0
-483.0 -652.0 314.5 360.5 576.3672874131564 745.0263439745273 0.0 0.0
-482.0 -644.0 314.5 358.25 575.5295387727723 736.9413560173122 0.0 0.0
-492.0 -636.75 303.5 358.75 578.2936580897384 730.8581212300842 0.0 0.0
-432.0 -638.75 300.5 355.75 526.3478596645848 731.1454143997898 0.0 0.0
-415.0 -650.25 299.5 353.75 511.7863323692808 740.2460504754306 0.0 0.0
-433.0 -646.75 283.5 355.25 518.0381395763072 737.8948920404009 0.0 0.0
-449.5 -644.25 268.0 355.5 523.3299915642611 735.8251317301415 0.0 0.0
-539.0 -638.5 288.5 359.75 611.3625463433125 732.8731953411448 0.0 0.0
-429.5 -636.0 307.5 361.5 528.2295902351552 731.5600516743721 0.0 0.0
-429.5 -624.5 309.0 364.0 529.1070482366054 722.839043265706 0.0 0.0
-424.5 -618.5 313.0 369.0 527.420901485307 720.2105803185979 0.0 0.0
-418.0 -611.75 316.0 374.0 524.0039685756357 717.0176934659276 0.0 0.0
-407.0 -610.5 316.0 376.0 515.2758835035683 717.0000316087828 0.0 0.0
-404.5 -603.5 316.0 378.5 513.2999814987155 712.3777796725192 0.0 0.0
-404.5 -597.5 318.0 384.5 514.5331335222395 710.5268539143472 0.0 0.0
-405.5 -594.5 319.0 377.0 515.9373465561287 703.9750169704535 0.0 0.0
-419.5 -596.75 305.0 378.5 519.0713989050605 706.672402545322 0.0 0.0
-402.5 -588.25 320.0 368.5 514.2046316198926 694.1423864774088 0.0 0.0
-438.5 -586.0 321.5 363.0 544.1195456538208 689.322873457138 0.0 0.0
-450.5 -584.0 318.5 357.5 551.9121917423395 684.7356156395479 0.0 0.0
-422.0 -582.25 315.0 351.0 526.601377060046 679.8677155062989 0.0 0.0
-485.5 -584.0 272.0 345.0 556.5118822967461 678.2939391717339 0.0 0.0
-486.5 -581.75 264.5 343.5 553.7538007556655 675.5955394394342 0.0 0.0
-485.0 -584.5 260.5 339.5 550.5321654751972 675.9455367307346 0.0 0.0
-483.5 -587.25 256.0 337.25 547.091803793886 677.2017788097938 0.0 0.0
-481.0 -588.0 252.0 338.0 543.0154211158613 678.2263682241278 0.0 0.0
-479.5 -586.0 251.5 339.5 541.4541106481486 677.2417863474325 0.0 0.0
-479.5 -588.0 252.0 340.0 541.686907635117 679.2232700464908 0.0 0.0
-476.0 -590.5 252.5 340.0 538.8250825621776 681.3885178410119 0.0 0.0
-568.5 -591.75 300.0 341.25 642.8231496742635 683.0956375185232 0.0 0.0
-571.7142857142858 -594.25 283.8571428571429 342.5 639.6995172135473 685.887994528939 0.0 0.0
-570.0 -598.75 251.0 342.0 624.9392247745285 689.5402458789645 0.0 0.0
-568.2857142857142 -594.0 218.14285714285717 403.5 610.1789323355097 718.1116642023305 0.0 0.0
-569.0 -590.75 229.5 390.0 614.4079931344947 707.8896527357142 0.0 0.0
-528.0 -601.5 291.0 390.75 603.150574799556 717.2780607518647 0.0 0.0
-530.5 -605.75 269.5 389.5 595.0348092328493 720.1691392246935 0.0 0.0
-537.5 -608.75 312.0 391.75 621.4924134796754 723.9100078432573 0.0 0.0
-539.5 -614.5 294.5 387.75 614.8794428299557 726.6164875472346 0.0 0.0
-536.25 -614.25 288.0357142857143 389.75 609.1993125865288 727.4752797069959 0.0 0.0
-531.25 -607.0 304.75 388.25 613.1744109077717 720.5463662794809 0.0 0.0
-526.25 -551.15625 321.4642857142857 383.65625 617.1495092290145 671.6313767734623 0.0 0.0
-517.0 -557.78125 326.0 374.28125 611.2116641786811 672.0556199533839 0.0 0.0
-532.0 -564.40625 332.0 364.90625 627.0971933542253 672.4798631333056 0.0 0.0
-560.5 -571.03125 329.0 355.53125 650.4779168182164 672.9041063132272 0.0 0.0
-564.0 -575.5 293.0 362.5 635.5687686771461 680.2596748275369 0.0 0.0
-575.5 -581.25 263.0 356.0 633.4148545682979 681.6612630793425 0.0 0.0
-575.0 -608.5 231.0 382.0 619.6661012549907 718.5089496084371 0.0 0.0
-573.5 -750.25 230.5 421.0 618.0878050634615 860.376221861316 0.0 0.0
-570.5 -622.5 229.5 398.5 614.9315517994751 739.3207257403571 0.0 0.0
-558.0 -608.75 275.0 397.5 622.652554259766 727.0373466099923 0.0 0.0
-621.5 -605.5 247.5 386.25 669.8319939268879 718.2134355784675 0.0 0.0
-608.0 -600.5 281.5 384.75 670.0225759574062 713.1958275227769 0.0 0.0
-603.5 -598.0 317.0 386.5 682.3704976204347 712.0297210523659 0.0 0.0
-619.5 -599.25 359.0 388.25 716.0037019408428 714.0301159308178 0.0 0.0
-585.5 -597.25 348.5 389.75 681.3949242644212 713.1708527453272 0.0 0.0
-527.0 -596.0 303.0 389.75 607.9039452523393 712.1243337015876 0.0 0.0
-602.5 -592.5 322.5 395.0 683.6890928539756 712.0968630095996 0.0 0.0
-620.5 -593.5 342.5 396.0 710.5685137345729 713.4833971800671 0.0 0.0
-546.0 -593.25 334.5 395.5 640.5832655512613 712.9986278182022 0.0 0.0
-546.0 -593.75 315.0 393.5 630.3516856017518 712.3070897850864 0.0 0.0
-491.0 -594.0 291.0 390.25 571.7029165275994 710.7258938982523 0.0 0.0
-448.0 -598.75 304.0 384.75 541.4064564563973 711.7139233640339 0.0 0.0
-448.5 -597.125 302.5 384.875 540.979221605568 710.4135701164105 0.0 0.0
-445.0 -595.5 301.0 385.0 537.2392557892525 709.1158333721041 0.0 0.0
-379.5 -594.0 324.125 385.0 500.10632867142 707.8569616848931 0.0 0.0
-421.5 -590.75 312.625 385.75 528.3653217706066 705.5423338497988 0.0 0.0
-463.5 -588.5 301.125 386.5 556.6243148697932 704.0699685247178 0.0 0.0
-505.5 -589.25 289.625 384.0 584.8833079689798 703.3290340765296 0.0 0.0
-538.6428571428571 -587.5 244.0 383.25 608.2152214154886 701.4537644507548 0.0 0.0
-545.2142857142858 -587.25 230.625 384.25 616.7658959039637 701.7910160649371 0.0 0.0
-551.7857142857142 -585.75 262.125 383.75 625.3165703924387 700.2621867562866 0.0 0.0
-558.3571428571429 -586.0 293.625 386.0 633.8672448809139 701.7065058192363 0.0 0.0
-555.5 -582.0 306.0 357.0 634.2150125034916 683.1107882916181 0.0 0.0
-586.5 -582.5 323.5 329.0 669.8296717061625 669.0273465195876 0.0 0.0
-629.5 -593.75 358.5 325.5 724.4270578641833 677.119679308285 0.0 0.0
-639.5 -583.0 268.0 331.5 693.3861026494039 670.6795062368819 0.0 0.0
-649.0 -584.0 343.0 332.5 734.0640594951869 672.0215809011868 0.0 0.0
-657.5 -586.5 340.5 332.0 740.4367264141805 673.9487252772063 0.0 0.0
-637.0 -609.5 327.5 332.75 716.2583731940438 694.4589152041692 0.0 0.0
-615.5 -603.5 296.5 333.25 683.8469745131955 689.4569979461135 0.0 0.0
-623.0 -614.75 282.0 330.5 683.9798030905833 697.960778067778 0.0 0.0
-502.5 -602.25 286.5 332.5 578.4363363662874 687.9893427570439 0.0 0.0
-526.5 -594.5 296.0 333.75 604.0162408430559 681.7842465494402 0.0 0.0
-553.5 -579.0 304.5 337.5 631.7344531175922 670.1884468324823 0.0 0.0
-579.0 -577.75 305.5 342.25 654.653821641118 671.514386979994 0.0 0.0
-567.0 -577.0 300.0 345.0 641.4745909585745 672.2752633951159 0.0 0.0
-585.0 -576.75 306.5 352.0 660.429616519639 675.6883441480259 0.0 0.0
-573.0 -557.25 276.0 407.0 636.5327355132882 690.0966481400048 0.0 0.0
-585.5 -564.5 306.0 395.5 660.6411319711522 689.2613225406417 0.0 0.0
-586.5 -581.5 311.5 394.0 664.0892376235392 702.4154415682599 0.0 0.0
-608.0 -583.0 319.0 393.0 686.6055594003408 703.0921047531067 0.0 0.0
-631.5 -573.5 329.5 392.0 712.2938673731487 694.6699021517956 0.0 0.0
-639.0 -574.25 332.0 389.5 720.1024954528722 693.8867827132495 0.0 0.0
-633.0 -572.75 332.0 391.0 714.7817852115692 693.4865879457951 0.0 0.0
-630.0 -570.75 331.0 389.25 711.6613126938724 690.8481216441187 0.0 0.0
-598.0 -570.75 302.0 390.75 669.9331557530663 691.6944145303963 0.0 0.0
-589.0 -574.75 295.5 384.75 658.9698399845106 691.657690611348 0.0 0.0
-583.5 -580.25 290.5 389.75 651.8151210735999 698.9995559892633 0.0 0.0
-587.0 -581.5 289.0 389.25 654.2864391249891 699.7584259622624 0.0 0.0
-587.0 -579.5 286.0 390.75 652.9664794006949 698.9319968739239 0.0 0.0
-632.5 -577.25 263.5 387.75 686.2700843411221 695.3904359889846 0.0 0.0
-665.0 -567.0 220.0 391.0 700.446286306095 688.7753780774507 0.0 0.0
-668.5 -568.25 218.0 392.0 703.1524435870349 690.3431194323041 0.0 0.0
-667.5 -565.5 212.5 392.75 700.5101585291707 688.5077012369793 0.0 0.0
-667.5 -562.0 211.0 394.0 700.0557926159561 686.3543516301718 0.0 0.0
-665.0 -550.75 208.0 396.0 696.7711015234927 678.3393721817498 0.0 0.0
-665.0 -550.5 207.5 394.5 696.621619898893 677.2602637681891 0.0 0.0
-658.0 -551.0 206.0 391.5 689.493360016571 675.924989870485 0.0 0.0
-660.5 -550.25 207.0 394.0 692.1771810743257 676.7651464181649 0.0 0.0
-808.75 -571.5 191.25 397.0 832.5680993553658 695.9197074287407 0.0 0.0
-859.0 -594.25 209.0 401.0 885.831249142444 716.8921604755262 0.0 0.0
-641.0 -574.75 325.0 397.5 718.685247762559 698.8520065048735 0.0 0.0
-642.0 -556.5 323.0 395.0 718.6746130908418 682.4355085017164 0.0 0.0
-641.0 -585.25 320.5 396.5 716.6599263249059 706.987243410394 0.0 0.0
-640.5 -555.0 318.0 394.5 715.097931927472 680.9225155918765 0.0 0.0
-640.5 -512.65625 319.0 378.6875 715.5426609838762 637.7149307789789 0.0 0.0
-618.5 -511.28125 337.0 351.4375 704.5173853388571 621.7735318755042 0.0 0.0
-583.5 -509.90625 340.5 324.1875 675.5846158904026 605.8321329720294 0.0 0.0
-577.5 -508.53125 342.5 296.9375 671.4267856952661 589.8907340685546 0.0 0.0
-572.5 -549.5 345.0 316.5 668.4174215373794 634.2804250241684 0.0 0.0
-567.5 -604.0 360.5 350.0 672.4235905385938 698.0859464749844 0.0 0.0
-626.5 -607.25 395.5 343.5 741.1849637263568 697.6713918239606 0.0 0.0
-638.5 -618.0 399.5 347.5 753.6244438589803 708.9994901278792 0.0 0.0
-603.5 -615.5 419.5 344.5 735.9220971144848 705.3523877543353 0.0 0.0
-579.0 -611.25 436.0 343.5 724.9731347025354 701.1554374775902 0.0 0.0
-635.0 -607.5 452.5 341.5 780.6275967405195 696.9063866379718 0.0 0.0
-573.5 -597.0 453.5 338.0 731.1393334535433 686.0415699007697 0.0 0.0
-657.0 -594.5 413.0 336.5 776.9009119004093 683.127178966769 0.0 0.0
-584.0 -590.0 418.0 336.0 718.9517573050255 678.967882033571 0.0 0.0
-537.5 -587.75 387.0 335.75 662.3256392220903 676.8888180714965 0.0 0.0
-528.5 -585.0 371.0 338.5 645.7205832146974 675.8775680080373 0.0 0.0
-524.5 -584.5 374.0 339.5 644.1953365725558 675.9445000563652 0.0 0.0
-523.5 -585.75 375.0 339.25 643.9543953533068 676.9000298836751 0.0 0.0
-523.0 -588.0 371.0 339.75 641.2255190737606 679.0980944569533 0.0 0.0
-520.5 -583.75 370.0 342.0 638.608230579114 676.5561367962573 0.0 0.0
-518.0 -584.75 376.5 342.5 640.3719622219573 677.6720957835562 0.0 0.0
-581.5 -584.25 325.0 343.0 668.2717502167707 677.4932313461502 0.0 0.0
-444.5 -583.5 308.5 343.5 542.3754673746415 677.1004124875711 0.0 0.0
-442.0 -581.5 310.5 345.25 541.4827468759149 676.2692020294357 0.0 0.0
-497.5 -587.5 301.5 363.0 581.7292941052029 690.6998079240243 0.0 0.0
-503.0 -594.0 299.5 385.0 585.4139002153754 707.8625251784565 0.0 0.0
-497.5 -598.0 289.5 385.5 575.6009902701697 711.4886933722183 0.0 0.0
-500.5 -603.75 289.0 377.75 577.9517768426354 712.2033957892407 0.0 0.0
-504.5 -604.75 292.0 372.5 582.9101845261011 710.2669375404382 0.0 0.0
-506.5 -606.5 290.5 372.0 583.8978438865219 711.4960290061891 0.0 0.0
-509.5 -606.75 292.0 368.0 587.2433189961951 709.6267248907908 0.0 0.0
-511.0 -608.75 293.5 366.0 589.291199606171 710.3046612875185 0.0 0.0
-512.5 -613.0 290.5 369.0 589.1069211082148 715.4928371409458 0.0 0.0
-507.5 -612.25 284.0 369.0 581.56226001561 714.8504825350265 0.0 0.0
-616.0 -609.25 260.0 369.0 668.6248094044465 712.2826540592357 0.0 0.0
-613.0 -698.25 260.0 405.75 665.8596475704535 807.7022594137613 0.0 0.0
-615.5 -621.25 263.5 378.25 669.5324828804005 727.3469726560365 0.0 0.0
-607.5 -618.0 245.0 381.5 655.2345153842314 726.2698390859067 0.0 0.0
-614.5 -599.5 234.5 355.0 657.7241606949443 696.9131525530382 0.0 0.0
-613.5 -588.75 259.0 329.5 666.6198644657916 674.6844960793671 0.0 0.0
-535.5 -587.25 271.0 330.5 600.1678547616899 673.8640939457568 0.0 0.0
-534.0 -589.0 271.5 330.75 599.0602776477295 675.5121094521504 0.0 0.0
-539.5 -588.75 276.5 332.5 606.2281109746623 676.1540867160833 0.0 0.0
-553.5 -589.5 284.0 332.25 622.1082480191305 676.6836331649346 0.0 0.0
-550.0 -589.75 240.5 333.0 600.2845131243046 677.2696645237747 0.0 0.0
-558.0 -589.75 238.0 333.5 606.6497587295082 677.5156160193869 0.0 0.0
-524.0 -586.0 316.5 338.0 612.3912953257814 676.4918665993971 0.0 0.0
-600.5 -585.5 330.0 340.0 685.2034058929285 677.0605569847864 0.0 0.0
-596.5 -585.75 329.0 341.5 681.3251565472565 678.0305348260613 0.0 0.0
-548.5 -584.75 318.5 343.25 634.2669808059916 678.0513348262439 0.0 0.0
-545.0 -590.75 314.0 343.75 628.9842087681731 683.4891260797642 0.0 0.0
-542.5 -595.5 310.5 341.5 625.0745572740741 686.4710731171222 0.0 0.0
-559.0 -595.0 314.5 343.5 641.4426836597019 687.0374709765663 0.0 0.0
-548.5 -595.75 311.5 345.5 630.7817515907743 688.6883158638178 0.0 0.0
-553.5 -601.75 314.0 345.0 636.3637307502134 693.6346634370187 0.0 0.0
-550.0 -602.25 311.5 344.5 632.0863160702431 693.8201674994724 0.0 0.0
-548.5 -602.75 311.0 344.25 630.5341016923876 694.1294070042189 0.0 0.0
-561.0 -609.5 299.5 342.5 635.9668869455137 699.1539143973171 0.0 0.0
-535.5 -612.5 247.5 341.0 590.5597835792519 701.0278041663175 0.0 0.0
-568.0 -603.0 249.5 337.25 620.4035142071023 690.904078202851 0.0 0.0
-564.0 -654.75 249.5 232.0 616.7224388509533 694.6912780265937 0.0 0.0
-516.0 -625.5 290.5 248.0 592.2513487741442 672.871410632883 0.0 0.0
-530.0 -617.75 288.0 249.0 603.1948337246336 666.0450969980733 0.0 0.0
-537.5 -631.0 285.0 241.5 608.4035870817727 675.6429637203332 0.0 0.0
-544.5 -620.25 284.0 244.5 614.1141994775891 666.7019857689766 0.0 0.0
-548.5 -609.25 312.0 248.0 631.52960847184 657.791974797951 0.0 0.0
-557.0 -617.0 319.0 214.5 641.8802404939205 653.9068749471568 0.0 0.0
-561.0 -598.5 323.0 199.5 647.3424144627679 630.8763746272441 0.0 0.0
-561.5 -593.0 324.0 213.5 648.2733093029159 630.2718433121454 0.0 0.0
-562.5 -600.75 331.5 206.0 652.9202004500189 635.0889518094507 0.0 0.0
-566.5 -597.5 337.5 207.0 659.4152941435505 632.3411714901365 0.0 0.0
-568.0 -607.0 336.0 199.5 659.9406539641425 639.0445091807708 0.0 0.0
-574.5 -601.25 311.5 202.5 654.0120135000325 634.435435014226 0.0 0.0
-578.5 -585.75 287.0 237.0 645.780958410639 633.2671460913775 0.0 0.0
-576.0 -601.5 314.0 358.5 656.4761110091408 700.4352101955269 0.0 0.0
-537.0 -595.75 327.5 355.25 629.0157837319498 693.6285983966798 0.0 0.0
-542.0 -616.25 325.5 350.75 632.2300581265288 709.081246514666 0.0 0.0
-542.5 -605.0 325.5 358.0 632.6584897923749 702.9930030896903 0.0 0.0
-542.5 -594.75 327.5 360.25 633.6896836097151 695.3499326510178 0.0 0.0
-536.5 -607.0 326.5 369.5 628.0406898451081 710.631096388794 0.0 0.0
-533.5 -622.25 325.0 366.25 624.6977810633448 722.0360331056954 0.0 0.0
-533.0 -633.75 325.0 327.5 624.2707745842343 714.5563473441455 0.0 0.0
-534.0 -631.25 326.0 346.5 625.6454838853681 720.9080750852418 0.0 0.0
-534.625 -636.5 325.625 362.5 625.9836551160058 732.4902421884883 0.0 0.0
-537.5 -641.5 322.0 365.5 626.5810493800235 738.3316228774652 0.0 0.0
-546.0 -637.5 323.75 348.0 634.7678973062942 726.3018604721283 0.0 0.0
-543.5 -660.5 324.25 364.5 632.874678426883 754.4019502714783 0.0 0.0
-541.0 -646.5 325.75 363.0 631.501611532585 741.4427772409873 0.0 0.0
-540.25 -646.0 326.0 367.0 630.9881767378449 742.9703897195366 0.0 0.0
-542.75 -645.0 326.75 366.5 633.5165273223768 741.854509041425 0.0 0.0
-546.25 -649.0 327.25 362.5 636.774443216397 743.3757379640087 0.0 0.0
-550.5 -643.5 328.5 365.0 641.0636591724224 739.8089394151687 0.0 0.0
-554.75 -649.0 327.25 374.5 644.0826667763495 749.3014406412873 0.0 0.0
-556.5 -653.5 324.75 381.0 644.3254085531667 756.4552166895304 0.0 0.0
-555.5 -752.0 322.5 391.5 642.3291111098367 849.4894018503264 0.0 0.0
-540.75 -681.0 314.75 373.5 625.6839638342403 776.7002317496757 0.0 0.0
-524.25 -796.1875 306.75 355.71875 607.3990722861045 872.2201537012174 0.0 0.0
-524.5 -802.9375 306.5 338.59375 607.4888364084159 872.0774094555919 0.0 0.0
-525.25 -809.6875 306.0 321.46875 607.8845106903836 871.9346652099664 0.0 0.0
-524.5 -816.4375 304.5 304.34375 606.4820961055013 871.791920964341 0.0 0.0
-521.5 -726.0 303.25 325.0 603.2601542790809 798.4898152217936 0.0 0.0
-543.0 -627.5 315.75 349.0 628.1530506417936 718.0234313962517 0.0 0.0
-546.25 -620.5 324.25 345.5 635.2385554629491 710.2097392725609 0.0 0.0
-544.0 -613.5 326.0 333.5 634.2018838975355 698.2886537448184 0.0 0.0
-544.0 -608.0 324.5 330.0 633.4325855932648 691.7835730937417 0.0 0.0
-547.75 -611.0 324.75 326.0 636.7831683176862 692.5515058635146 0.0 0.0
-548.0 -611.0 326.0 325.5 637.6364649160266 692.2979910131633 0.0 0.0
-545.0 -608.375 324.0 323.75 634.0360706354184 689.1556455595238 0.0 0.0
-546.25 -606.5 323.25 322.0 634.7288368725964 686.6800329510575 0.0 0.0
-545.0 -600.25 324.0 329.0 634.0356938959815 684.5047898059937 0.0 0.0
-546.0 -595.75 324.0 332.75 634.8953555926646 682.3799201198481 0.0 0.0
-527.0 -591.75 314.0 333.5 613.4548916898483 679.2573244369029 0.0 0.0
-526.5 -618.5 309.5 344.0 610.7316254745331 707.9679559190915 0.0 0.0
-524.0 -611.75 308.0 344.25 607.8159727897437 702.135335732258 0.0 0.0
-522.5 -627.5 286.5 348.5 596.3215969341671 717.924262566939 0.0 0.0
-515.7142857142858 -660.5 244.28571428571428 357.75 571.1395551103994 751.2258848463639 0.0 0.0
-506.0 -609.25 222.0 367.25 553.3145080543621 711.440200342648 0.0 0.0
-496.28571428571433 -609.75 199.71428571428572 373.0 535.4894609983248 714.7909139651674 0.0 0.0
-532.0 -608.5 244.0 377.75 586.5023449757693 716.2249141247785 0.0 0.0
-542.0 -607.5 307.5 381.75 623.1680703715067 717.4888252602334 0.0 0.0
-544.0 -617.25 310.0 388.75 626.1305423500481 729.4685806426721 0.0 0.0
-542.5 -644.0 270.5 403.0 606.199424076581 759.7007156984355 0.0 0.0
-533.0 -659.25 310.0 408.45 616.6038888350688 775.5313196470242 0.0 0.0
-518.4000000000001 -636.25 307.125 390.25 602.5592307506488 746.4102010316055 0.0 0.0
-513.5999999999999 -613.25 306.625 372.05 598.1869136573473 717.2890824161866 0.0 0.0
-508.8 -621.75 306.125 354.5 593.8145965640458 715.7249448000514 0.0 0.0
-504.0 -617.5 305.625 345.5 589.4422794707443 707.5858586083609 0.0 0.0
-499.2 -607.0 305.125 351.25 585.0699623774428 701.3054648723653 0.0 0.0
-584.5 -605.5 384.5 346.0 699.633288326665 697.3868835831968 0.0 0.0
-612.5 -603.75 317.0 343.25 689.6731431984844 694.5033507796031 0.0 0.0
-630.5 -596.5 276.5 335.5 689.6413760799632 684.3837754504463 0.0 0.0
-622.5 -594.5 226.5 331.5 662.4266683945422 680.6780805121452 0.0 0.0
-639.0 -591.25 274.0 330.75 696.340378523541 677.4748311907385 0.0 0.0
-655.0 -587.5 269.5 331.25 709.7658992328468 674.4513275089073 0.0 0.0
-658.0 -586.75 320.0 330.0 731.6857575612302 673.1832296083726 0.0 0.0
-649.5 -583.75 316.5 332.5 722.5113925901832 671.818598440725 0.0 0.0
-577.5 -580.25 326.0 338.0 663.940082314618 671.5163112424152 0.0 0.0
-549.5 -587.0 323.0 338.5 637.5982755579721 677.6092584055132 0.0 0.0
-526.0 -594.5 318.5 341.0 615.0867933717218 685.3550650277265 0.0 0.0
-511.0 -628.0 297.5 333.0 591.293395138775 710.8297742308133 0.0 0.0
-498.0 -630.0 296.0 330.0 579.3292238105109 711.196495714127 0.0 0.0
-499.5 -634.0 297.0 332.0 581.1626933571968 715.6675652592795 0.0 0.0
-512.0 -618.0 305.5 352.0 596.2867099129185 711.2175512342449 0.0 0.0
-497.0 -612.75 306.5 357.25 583.9103326792533 709.3044908019874 0.0 0.0
-499.0 -739.75 307.5 357.75 586.1375919404312 823.4355049379943 0.0 0.0
-501.5 -845.75 308.0 329.91666666666663 588.5289444631507 909.3597960005981 0.0 0.0
-502.0 -810.0833333333333 310.0 285.1388888888889 590.0034483092167 861.5831127016068 0.0 0.0
-500.0 -774.4166666666667 310.0 240.3611111111111 588.3027022004827 813.8064294026153 0.0 0.0
-500.5 -738.75 309.5 195.58333333333331 588.4645497708657 766.029746103624 0.0 0.0
-501.0 -655.75 308.0 261.25 588.103284360421 714.8701493898842 0.0 0.0
-502.5 -618.5 307.0 355.5 588.8596797577488 713.3932690721222 0.0 0.0
-503.5 -653.0 306.5 359.5 589.4531127038331 745.5524442485382 0.0 0.0
-635.0 -603.5 341.5 363.0 721.0046842881632 704.2597836297432 0.0 0.0
-642.5 -583.75 343.5 375.0 728.5600992823877 694.6416827802805 0.0 0.0
-650.5 -625.0 345.0 353.0 736.3255940866284 717.8631307956142 0.0 0.0
-655.5 -623.0 345.5 351.0 740.9794198045131 715.1400876397258 0.0 0.0
-659.5 -576.5 346.5 348.5 744.9849428310866 673.653069824918 0.0 0.0
-578.5 -589.5 323.5 333.5 662.8080695070872 677.4294702705117 0.0 0.0
-575.5 -595.25 323.5 329.5 660.1916693264939 680.362276408096 0.0 0.0
-559.5 -591.5 320.5 331.75 644.7982061281563 678.1847768475236 0.0 0.0
-550.0 -585.5 319.0 331.75 635.8162500690601 672.9549675726469 0.0 0.0
-530.0 -585.75 313.5 329.5 615.7802860236604 672.0705789878839 0.0 0.0
-524.5 -600.5 311.5 328.0 610.0267902423674 684.25933160614 0.0 0.0
-524.5 -612.0 310.0 331.5 609.2622056861514 696.2464289190841 0.0 0.0
-525.5 -579.75 311.0 331.75 610.6321455276728 667.9608539339299 0.0 0.0
-628.5 -577.25 408.5 334.75 750.145324592243 667.28944191257 0.0 0.0
-667.5357142857142 -589.75 438.7142857142857 354.5 800.5003438192858 688.09835101503 0.0 0.0
-620.25 -701.5 369.0 366.0 724.5134359396791 791.2452930476383 0.0 0.0
-572.9642857142858 -658.5 299.28571428571433 361.5 648.5265280600725 751.216906612909 0.0 0.0
-541.0 -637.25 255.0 361.5 598.1128651111853 732.647516947867 0.0 0.0
-570.0 -625.0 299.0 360.5 643.6626926219726 721.5174958463961 0.0 0.0
-592.0 -573.75 307.0 367.5 666.8683453917326 681.4484051981483 0.0 0.0
-598.0 -569.5 308.5 367.5 672.887883042843 677.7850584990389 0.0 0.0
-604.0 -569.0 309.0 373.0 678.4519146010398 680.3633685542977 0.0 0.0
-580.5 -570.25 304.0 369.0 655.2833844841782 679.2255330952866 0.0 0.0
-580.0 -572.0 280.5 369.5 644.6751031481938 680.9658907962989 0.0 0.0
-600.0 -594.25 323.0 371.0 681.471222203292 700.6136573898499 0.0 0.0
-592.0 -615.25 338.0 376.0 682.1420855287641 721.292532946263 0.0 0.0
-581.5 -583.25 306.0 371.0 657.1001527133357 691.2466070105431 0.0 0.0
-576.0 -585.0 304.0 375.5 651.3004052386354 695.1442847150923 0.0 0.0
-577.5 -590.75 303.5 377.0 652.3954326546414 700.7957226369822 0.0 0.0
-544.5 -592.5 284.5 379.0 614.345588991912 703.3478786393299 0.0 0.0
-538.5 -594.75 278.5 382.0 606.2545224415926 706.860838351994 0.0 0.0
-550.5 -596.5 282.0 381.5 618.5263770685935 708.0639095448942 0.0 0.0
-570.5 -617.0 289.5 378.0 639.7505019732273 723.6493061572771 0.0 0.0
-570.0 -613.0 238.0 363.5 617.692498868844 712.6719445614758 0.0 0.0
-565.5 -583.5 233.5 331.5 611.8141671744377 671.11123481957 0.0 0.0
-557.0 -577.75 234.5 331.5 604.3528643587412 666.0993140162872 0.0 0.0
-558.0 -579.5 235.5 329.0 605.6603521797175 666.3792790053956 0.0 0.0
-559.5 -596.75 235.5 326.5 607.0427734367047 680.2317590262431 0.0 0.0
-560.0 -593.0 234.5 326.0 607.1165149313088 676.7018997168962 0.0 0.0
-520.0 -597.0 265.5 325.0 585.09119984579 679.7396813295363 0.0 0.0
-467.65 -602.75 281.4 322.5 545.7861852564693 683.6051328135815 0.0 0.0
-465.85 -607.25 280.6 319.0 543.8314628787205 685.9476564342458 0.0 0.0
-462.0 -607.25 279.0 320.0 539.7084309172808 686.4057654607229 0.0 0.0
-480.6875 -608.75 290.9375 320.0 561.8764433288113 687.7333706107871 0.0 0.0
-508.9375 -606.5 308.1875 320.5 594.9764467816892 685.9793910277152 0.0 0.0
-537.1875 -605.25 325.4375 320.75 628.0764502345669 684.987694762928 0.0 0.0
-565.4375 -603.75 342.6875 321.0 661.1764536874448 683.7827309122197 0.0 0.0
-570.0 -603.25 336.5 320.5 661.9190922973971 683.1042687927668 0.0 0.0
-585.0 -642.0 339.5 323.25 676.3833190744004 718.901377455881 0.0 0.0
-605.0 -612.25 343.0 323.0 695.4667594968589 692.2276854489025 0.0 0.0
-608.5 -615.75 342.5 330.5 698.2685469937395 698.8593285084535 0.0 0.0
-611.5 -620.0 343.0 337.0 701.1288849680841 705.6714700713983 0.0 0.0
-583.5 -617.75 336.0 336.5 675.6393722118482 703.4553940381354 0.0 0.0
-630.5 -607.5 405.0 318.0 749.3722823576902 685.6970513508729 0.0 0.0
-653.0 -608.5 405.0 318.0 768.3970339898719 686.5843906164487 0.0 0.0
-673.0 -607.25 427.5 317.5 797.4213508891637 685.2438602008162 0.0 0.0
-697.5 -609.0 544.5 316.5 884.8652608714744 686.3337652661869 0.0 0.0
-693.0 -611.75 436.5 316.5 819.1555928825633 688.7745100516888 0.0 0.0
-672.5 -614.0 415.0 316.5 791.7769928146784 690.7766559875377 0.0 0.0
-513.0 -623.25 371.5 314.0 633.3888817005484 697.8815736585285 0.0 0.0
-510.0 -627.25 374.0 313.0 632.4365860738385 701.0172264403207 0.0 0.0
-512.0 -627.25 375.0 313.5 634.6409120805404 701.2309355640482 0.0 0.0
-511.5 -623.5 373.0 314.5 633.0570669378867 698.3283974652068 0.0 0.0
-516.5 -621.5 377.5 315.0 639.7549498923087 696.7709339791213 0.0 0.0
-529.0 -611.75 392.5 318.0 658.7088971897516 689.4651334936625 0.0 0.0
-526.5 -607.25 392.0 319.0 656.4046407833875 685.9441776304084 0.0 0.0
-524.0 -604.5 390.0 320.25 653.2044772651041 684.0914885150227 0.0 0.0
-524.0 -605.5 390.5 321.25 653.5036751221262 685.4429368584097 0.0 0.0
-528.0 -600.25 391.0 323.5 657.0125486852539 681.8833053207888 0.0 0.0
-525.5 -594.75 389.0 326.0 653.8128638202204 678.2360951896901 0.0 0.0
-525.0 -597.5 389.5 327.0 653.7088501321823 681.1290566636015 0.0 0.0
-529.5 -618.0 393.0 360.0 659.4088805404155 715.2170709710342 0.0 0.0
-530.0 -623.75 390.0 363.0 658.0274217823942 721.688842115509 0.0 0.0
-571.5 -628.25 325.5 360.5 657.6978870667311 724.3350980548436 0.0 0.0
-599.5 -630.0 317.5 358.5 678.388812539654 724.8601589272237 0.0 0.0
-598.0 -750.0 309.0 372.0 673.116025911743 838.3601055895804 0.0 0.0
-602.5 -678.5 309.5 363.75 677.3537935670238 770.0507016964443 0.0 0.0
-609.0 -634.0 238.5 358.5 654.0361929214755 728.3395083551172 0.0 0.0
-606.0 -632.5 245.0 361.0 653.6521555752579 728.2708948078844 0.0 0.0
-606.5 -652.0 247.0 365.0 654.867516704452 747.2532478178921 0.0 0.0
-607.0 -649.75 247.5 367.0 655.5200170109188 746.3135294669551 0.0 0.0
-605.0 -623.75 247.0 366.5 653.4787104172394 723.4581849459166 0.0 0.0
-602.0 -691.25 247.5 376.0 650.8918970525757 787.3314330014741 0.0 0.0
-627.0 -760.25 243.5 383.25 672.8369671563012 851.3875367569965 0.0 0.0
-597.0 -759.25 299.0 383.25 667.6918839397908 850.4946432376104 0.0 0.0
-597.0 -621.5 258.5 370.0 650.5622597265002 723.3000679679681 0.0 0.0
-595.0 -623.0 258.5 369.75 648.7288668973702 724.4613747926417 0.0 0.0
-594.0 -620.0 257.0 362.25 647.2133787851103 718.0703826318583 0.0 0.0
-591.0 -623.0 258.5 361.0 645.0606871819565 720.0347650229578 0.0 0.0
-589.5 -623.75 259.0 361.0 643.8876380628085 720.6837574013504 0.0 0.0
-621.0 -626.0 321.5 363.0 699.4311935014968 723.6404256897556 0.0 0.0
-687.5 -626.5 375.5 367.0 783.3623297410943 726.0796252853553 0.0 0.0
-689.5 -627.0 374.0 365.5 784.4018421701978 725.7548658517794 0.0 0.0
-689.5 -624.75 373.0 368.0 783.9255746554803 725.0770951048288 0.0 0.0
-689.5 -626.75 371.5 370.0 783.213226897376 727.8159803987444 0.0 0.0
-691.5 -679.75 371.0 370.25 784.737730632186 774.0453217148608 0.0 0.0
-693.5 -680.75 369.0 367.0 785.56036010236 773.3756362232364 0.0 0.0
-695.5 -682.25 367.5 364.25 786.6237706385505 773.3980957069989 0.0 0.0
-697.0 -659.25 365.5 357.5 787.0192525721964 749.9925642553574 0.0 0.0
-698.0 -635.25 366.5 352.0 788.3693894378512 726.2566726034029 0.0 0.0
-647.5 -636.25 349.0 354.5 735.6257435322377 728.343754264734 0.0 0.0
-626.0 -634.5 340.5 354.0 712.6287304190573 726.571845370017 0.0 0.0
-640.0 -624.0 345.5 355.5 727.3036141872142 718.1783626134115 0.0 0.0
-628.5 -575.8888888888889 342.0 363.91666666666663 715.5253724544748 681.3088708770392 0.0 0.0
-601.0 -587.4444444444445 331.0 359.58333333333337 686.1352279853973 689.0337288309929 0.0 0.0
-608.0 -599.0 333.0 355.25 693.2204917839654 696.7585867849464 0.0 0.0
-621.5 -610.5555555555555 336.5 350.91666666666663 706.749288413822 704.4834447388998 0.0 0.0
-670.0 -622.1111111111111 296.5 346.58333333333337 735.1898723549231 712.2083026928535 0.0 0.0
-678.5 -626.0 245.5 353.25 721.548682775702 718.8645814837753 0.0 0.0
-674.5 -612.75 246.0 356.25 717.959803436195 708.7859199614072 0.0 0.0
-656.5 -612.75 245.0 355.75 700.7277542116406 708.5360337696868 0.0 0.0
-661.5 -628.25 243.0 357.75 704.7229899719268 722.9682791479138 0.0 0.0
-664.5 -619.75 239.5 360.0 706.3430480022876 716.7655500786414 0.0 0.0
-662.0 -619.0 237.0 360.75 703.1457077965804 716.4519724366359 0.0 0.0
-662.5 -706.75 234.5 368.5 702.7779928798254 797.0740289128084 0.0 0.0
-668.0 -661.25 239.5 368.0 709.6368589102582 756.816118003461 0.0 0.0
-668.5 -613.25 238.5 365.5 709.7708938608154 713.9094969330799 0.0 0.0
-669.5 -609.0 240.0 367.0 711.2174421370725 711.0348791901038 0.0 0.0
-674.5 -607.75 242.5 368.25 716.768094551438 710.6138398209745 0.0 0.0
-676.0 -599.25 244.0 362.75 718.6876929515352 700.5096194875601 0.0 0.0
-677.0 -599.0 244.0 366.0 719.6283962859536 701.970935111442 0.0 0.0
-678.0 -605.25 244.0 366.25 720.569219436967 707.445912588025 0.0 0.0
-620.5 -610.5 344.5 367.75 709.7238160566227 712.7080360121025 0.0 0.0
-622.5 -613.0 340.0 365.625 709.2998713119555 713.7584543727139 0.0 0.0
-622.5 -618.0 339.0 364.75 708.8210281869465 717.6147597316971 0.0 0.0
-621.5 -622.5 339.5 361.75 708.1826689102522 719.9786897748706 0.0 0.0
-621.5 -617.0 339.0 359.5 707.9429708670042 714.0938332576605 0.0 0.0
-620.5 -800.125 337.5 379.125 706.347334585251 886.368044835459 0.0 0.0
-619.5 -608.5 337.5 360.25 705.4691295741793 707.1445888081662 0.0 0.0
-572.0 -604.703125 322.5 348.265625 656.6507961328557 698.2465952712743 0.0 0.0
-568.0 -599.640625 320.0 333.953125 651.9386936146064 687.2316758836016 0.0 0.0
-561.0 -594.578125 317.5 319.640625 644.6141033331934 676.2167564959288 0.0 0.0
-555.0 -589.515625 315.5 305.328125 638.4084460731672 665.2018371082562 0.0 0.0
-557.5 -584.453125 317.0 291.015625 641.324460161854 654.1869177205834 0.0 0.0
-548.0 -579.390625 316.5 276.703125 632.8608534608034 643.1719983329108 0.0 0.0
-490.5 -574.328125 311.5 262.390625 581.0529347658083 632.157078945238 0.0 0.0
-486.5 -569.265625 311.5 248.078125 577.6804283589443 621.1421595575654 0.0 0.0
-503.0 -584.75 312.5 301.5 592.2095694724899 658.1569456232389 0.0 0.0
-515.0 -554.0 311.5 356.75 601.8782618048247 658.9284134509869 0.0 0.0
-505.5 -554.5 307.0 356.25 591.4216965085574 659.078497291152 0.0 0.0
-503.5 -544.75 303.5 356.25 587.898432237608 650.9218001183023 0.0 0.0
-504.0 -549.25 298.5 358.0 585.76301942081 655.6239612477846 0.0 0.0
-505.0 -543.75 292.0 356.5 583.3433522967571 650.1993026876021 0.0 0.0
-512.5 -537.25 289.5 358.25 588.6177266273893 645.7414457523629 0.0 0.0
-621.5 -542.25 328.5 360.75 702.987710195602 651.2896169108456 0.0 0.0
-641.0 -546.25 251.0 371.5 688.3925996080634 660.6345820592522 0.0 0.0
-657.0 -540.25 311.0 375.5 728.3842663050361 657.9303145205464 0.0 0.0
-663.0 -540.5 315.0 375.25 735.3366127699983 657.9915036428447 0.0 0.0
-568.5 -545.25 339.0 372.75 661.9013296716843 660.4849537021398 0.0 0.0
-641.5 -553.75 360.0 367.0 735.6101693006436 664.3256275057148 0.0 0.0
-658.5 -562.0 361.5 365.5 751.202470977501 670.3985873249135 0.0 0.0
-670.0 -561.0 363.5 363.0 762.2549142681639 668.1995995797324 0.0 0.0
-582.5 -562.25 338.0 356.75 673.4619162377846 665.8796147774312 0.0 0.0
-603.0 -565.25 342.0 357.25 693.2586994066805 668.6886341951787 0.0 0.0
-704.0 -550.0 357.0 377.75 789.3856061546644 667.2666823019035 0.0 0.0
-715.6136363636364 -550.5 329.1590909090909 385.875 791.7398301051013 672.309475107787 0.0 0.0
-728.4318181818182 -636.25 302.7045454545455 391.0 797.3245793486656 748.7175033874507 0.0 0.0
-741.25 -618.125 276.25 386.0 802.9093285922297 729.4983251114265 0.0 0.0
-754.0681818181818 -408.7916666666667 249.79545454545453 782.5833333333333 808.4940778357939 911.5486835424454 0.0 0.0
-766.8863636363636 -139.95833333333334 223.34090909090912 604.9166666666667 814.0788270793581 740.927991208084 0.0 0.0
-779.7045454545455 128.87499999999994 196.88636363636363 427.25 819.6635763229223 570.3072988737226 0.0 0.0
-792.5227272727273 451.5 170.4318181818182 298.0 825.2483255664865 544.8065839182909 0.0 0.0
-805.340909090909 635.5 143.97727272727275 292.0 830.8330748100507 699.3742000464924 0.0 0.0
-818.159090909091 536.75 117.5227272727273 331.5 836.4178240536148 630.8672475987069 0.0 0.0
-830.9772727272727 552.25 91.06818181818184 318.5 842.002573297179 637.6328877481264 0.0 1.0
-843.7954545454545 561.5 64.61363636363637 316.0 847.5873225407432 644.3122302114092 0.0 1.0
-699.5 558.0 202.0 318.0 728.083025727441 642.2540154140852 0.0 1.0
-552.5 554.5 288.5 321.5 623.2884642423555 640.9662969821611 0.0 1.0
-556.5 557.5 245.5 319.5 608.2601233335137 642.5625947649949 0.0 1.0
-568.15625 558.0 280.21875 318.5 635.8674621697778 642.5003620715256 0.0 1.0
-609.03125 556.0 343.84375 316.5 702.8507415338519 639.7727142483466 0.0 1.0
-649.90625 547.0 407.46875 313.5 769.8340208979259 630.4690986016034 0.0 1.0
-690.78125 543.25 471.09375 312.0 836.817300262 626.469933837242 0.0 1.0
-573.5 542.0 314.5 306.0 654.1013903138329 622.4148469502784 0.0 1.0
-637.5 536.0 337.5 306.5 721.3269941168774 617.4565330650474 0.0 1.0
-607.5 533.0 281.5 308.5 671.3083332720636 615.8500393241497 0.0 1.0
-561.5 523.75 316.5 319.5 644.5592835956497 613.5132453485913 0.0 1.0
-553.5 522.875 314.0 320.0 636.3633735360754 613.0262022468974 0.0 0.0
-521.5 517.0 317.0 325.0 610.2982304093268 610.6677762725867 0.0 1.0
-505.0 512.5 311.5 324.5 593.3470818385179 606.5942004451899 0.0 1.0
-497.0 510.5 313.0 323.5 587.3485200345826 604.3696259974388 0.0 1.0
-490.5 512.0 315.0 322.25 582.9399151957705 604.9716755038621 0.0 1.0
-485.25 515.5 315.25 319.5 578.6633508397938 606.4836317315496 0.0 1.0
-484.0 440.0 314.5 328.5 577.2083675325498 550.8472708696615 0.0 1.0
-484.0 233.70833333333334 312.0 368.04166666666663 575.8478153489177 475.95688475079567 0.0 0.0
-485.25 6.541666666666671 311.25 330.20833333333337 576.492958060763 474.4382609793503 0.0 0.0
-484.5 -220.62499999999997 312.0 292.375 576.2676693320827 472.9196372079048 0.0 0.0
-485.0 -458.0 312.0 284.0 576.688371221142 539.2222486057533 0.0 0.0
-485.5 -471.5 311.5 361.0 576.838979600881 593.8375734949366 0.0 0.0
-491.0 -475.5 313.0 366.0 582.2801284527909 600.0514694543097 0.0 0.0
-494.25 -580.5 314.75 369.0 585.9613845083657 688.7670354515611 0.0 0.0
-499.0 -567.0 316.0 364.5 590.6442810475594 674.076280700838 0.0 0.0
-502.0 -551.5 315.0 346.5 592.6457626609676 651.3197125203856 0.0 0.0
-503.25 -553.5 280.5 356.5 576.1433192982915 658.4069688707548 0.0 0.0
-501.75 -553.5 281.0 365.0 575.0775572061401 663.0138201931597 0.0 0.0
-500.5 -552.5 281.5 379.0 574.2324996354582 670.0417036483174 0.0 0.0
-501.0 -549.5 283.0 389.5 575.4042168433187 673.5446856522427 0.0 0.0
-503.5 -591.0 283.5 401.0 577.827427732647 714.4495861742525 0.0 0.0
-504.5 -581.5 284.5 395.0 579.1899204321752 702.9766611683497 0.0 0.0
-649.0 -572.5 298.0 394.0 715.8037550308161 694.9781574326931 0.0 0.0
-650.0 -569.0 244.5 394.0 694.4641596307745 692.096325727853 0.0 0.0
-648.0 -573.0 301.0 391.5 716.208112903148 693.9754794495059 0.0 0.0
-647.5 -568.0 245.5 386.0 692.4785803560526 686.7460310869697 0.0 0.0
-646.5 -560.0 244.0 380.0 691.0125043519902 676.757030861882 0.0 0.0
-649.75 -557.5 354.5 379.5 740.1658019520196 674.4103285991255 0.0 0.0
-647.0 -556.5 297.5 381.0 713.8324555633744 674.4281502017496 0.0 0.0
-646.5 -555.75 355.5 380.5 737.804663698726 673.5268163218598 0.0 0.0
-625.25 -556.0 246.25 380.5 671.9948675572463 673.7331294656267 0.0 0.0
-622.5 -553.75 246.5 382.0 669.5286412997935 672.728595958185 0.0 0.0
-620.0 -552.0 247.5 384.5 667.5749279017034 672.7143351284585 0.0 0.0
-620.0 -552.25 249.0 383.75 668.1324978795158 672.490987987052 0.0 0.0
-618.0 -552.25 249.5 384.5 666.4643077993508 672.9197695294508 0.0 0.0
-615.5 -552.0 249.5 386.25 664.1464504854802 673.7169089503602 0.0 0.0
-619.0 -570.75 250.0 387.0 667.5785648456633 689.6311751649087 0.0 0.0
-622.5 -553.0 250.5 383.75 671.0115757879346 673.1089968589596 0.0 0.0
-623.5 -551.25 301.5 382.75 694.0938781714245 671.0991945607544 0.0 0.0
-626.5 -552.25 356.5 386.0 720.8293590889612 673.7801531812318 0.0 0.0
-626.0 -633.5 357.0 401.5 720.6420748193933 751.1070609573462 0.0 0.0
-628.0 -553.25 303.5 381.5 699.1548106896826 672.0326127810649 0.0 0.0
-704.0 -552.75 241.5 384.75 744.3066795733246 673.4753767806161 0.0 0.0
-593.0 -547.0 251.5 391.5 645.3805125524174 672.6676271682818 0.0 0.0
-671.5 -546.75 238.5 392.0 712.5988458695892 672.7553444432241 0.0 0.0
-674.5 -543.75 242.5 392.5 716.7683003868779 670.6147229309636 0.0 0.0
-669.0 -541.5 241.5 395.0 711.2547012146914 670.2590916951444 0.0 0.0
-660.0 -535.5 242.0 385.0 702.9679935815001 659.55027961778 0.0 0.0
-660.5 -521.5 242.5 357.0 703.6096218784959 632.0096544781791 0.0 0.0
-662.0 -532.0 241.5 350.5 704.6745911147832 637.1009080937408 0.0 0.0
-660.0 -541.75 239.0 346.5 701.9411369338484 643.0829040976766 0.0 0.0
-655.5 -540.75 237.0 345.75 697.0288790066896 641.836140123791 0.0 0.0
-653.0 -421.25 234.0 305.75 693.6618244698076 520.525913811862 0.0 0.0
-654.5 -297.9642857142857 229.5 211.92857142857142 693.5722771588128 367.7491178804264 0.0 0.0
-659.0 -207.25 226.5 134.5 696.8382289153622 251.66227799041707 0.0 0.0
-624.0 -116.5357142857143 250.5 57.07142857142857 674.0619569821047 135.5754381004077 0.0 0.0
-606.0 -44.0 290.5 13.0 672.0327964986882 48.17820782628946 0.0 0.0
-605.0 -42.75 290.0 45.0 670.9141622915317 62.08859176461621 0.0 0.0
-605.0 -41.25 289.5 41.0 670.6977362580839 58.16654244000166 0.0 0.0
-606.5 -41.25 291.5 37.75 672.9149279848823 55.92130847766475 0.0 0.0
-609.5 -10.25 292.0 18.0 675.8359983519986 20.7607719892679 0.0 0.0
-611.0 -11.75 220.5 19.5 649.5701196564478 22.76748456452708 0.0 0.0
-612.0 -12.25 258.0 19.0 665.0012974830474 22.611809922738367 0.0 0.0
-613.0 -13.75 259.5 18.25 666.5526721757024 22.852736741590164 0.0 0.0
-642.0 -13.75 240.0 17.5 686.9863089455638 22.255900924037583 0.0 0.0
-669.0 -14.5 199.0 16.75 697.9753715573606 22.154892803996567 0.0 0.0
-663.5 -14.5 199.5 16.5 692.8453724360648 21.9658826364888 0.0 0.0
-652.0 -14.5 200.0 15.75 681.9854789553544 21.408904079240152 0.0 0.0
-646.25 -14.5 201.5625 15.0 676.9548161704804 20.862646045025063 0.0 0.0
-641.25 -11.0 201.8125 6.5 672.2593804314068 13.62083240699566 0.0 0.0
-637.0 -5.75 202.0 -3.75 668.2611935784253 6.873478624546312 0.0 0.0
-633.2 -5.5 203.8 -5.0 665.2022931496731 7.466517186829627 0.0 0.0
-628.8 -5.75 206.2 -6.25 661.7592393095722 8.49265665226346 0.0 0.0
-626.5 -5.75 208.5 -7.0 660.2836702266461 9.139942069266834 0.0 0.0
-631.7678571428571 -4.5 210.07142857142856 -9.25 665.7803505621102 10.301697102515575 0.0 0.0
-636.8392857142858 -4.25 210.35714285714283 -9.75 670.6910764344291 10.636810081887404 0.0 0.0
-641.9107142857142 -4.25 210.64285714285717 -11.25 675.6018023067478 12.030329992945315 0.0 0.0
-646.9821428571429 -4.75 210.92857142857144 -11.25 680.5125281790666 12.237084769067382 0.0 0.0
-652.0535714285714 -5.25 211.21428571428572 -12.0 685.4232540513855 13.100189391222042 0.0 0.0
-657.125 -3.25 211.5 -13.5 690.3339799237042 13.911466581031668 0.0 0.0
-662.1964285714286 -3.25 211.78571428571428 -13.0 695.244705796023 13.402288040981297 0.0 0.0
-646.5 -0.5 226.75 14.75 686.0570572395053 23.86626464029816 0.0 0.0
-585.5 -2.75 270.5 37.5 644.9657770462395 37.60813731589188 0.0 0.0
-624.5 -4.25 301.5 37.75 693.4771620263946 37.989490642564064 0.0 0.0
-652.0 -3.5 317.0 38.25 724.9797347083781 38.41273578550783 0.0 0.0
-665.5 -2.75 321.0 38.5 738.8717737647942 38.61822208227039 0.0 0.0
-671.5 -49.083333333333336 322.5 44.83333333333333 744.9285626980073 83.02895264924157 0.0 0.0
-684.25 -231.41666666666669 326.3125 66.16666666666666 758.0809144016016 256.52572277502105 0.0 0.0
-699.25 -413.75 330.0625 87.5 773.2372893430916 430.0224929008005 0.0 0.0
-702.0 -523.25 329.0 203.5 775.2721604074407 570.8165162686714 0.0 0.0
-612.5 -537.75 286.5 365.5 676.1942781179764 650.2041911933411 0.0 0.0
-575.0 -543.5 294.0 363.0 645.8168149091337 653.5758738517109 0.0 0.0
-553.0 -519.25 288.5 369.75 623.7368230746658 637.446390976 0.0 0.0
-546.5 -521.25 291.5 368.0 619.3837676623831 638.0652368496753 0.0 0.0
-546.0 -538.0 291.0 356.5 618.7062772697761 645.4380662322947 0.0 0.0
-547.5 -538.25 289.0 353.75 619.096636456544 644.108934285878 0.0 0.0
-551.5 -540.0 292.0 357.0 624.0365384799136 647.3403049717163 0.0 0.0
-553.5 -547.0 290.5 351.5 625.1021052088882 650.2315304635331 0.0 0.0
-636.5 -544.25 374.5 354.25 739.1351733733595 649.3852821319931 0.0 0.0
-554.5 -562.25 294.5 353.25 627.8540395634429 664.0126714247186 0.0 0.0
-637.5 -574.5 312.5 371.25 710.4471307326675 684.0212692515563 0.0 0.0
-663.125 -621.25 309.0 389.0 735.3992929121509 733.1505234016413 0.0 0.0
-610.5 -582.5 336.0 381.5 697.3738440319449 696.3107603324875 0.0 0.0
-576.0 -587.0 349.5 380.5 673.7450175994422 699.5351364169937 0.0 0.0
-563.5 -585.75 336.0 379.75 656.0706668790554 698.0781935373147 0.0 0.0
-564.0 -585.25 334.0 380.75 655.4809696139042 698.2047278260704 0.0 0.0
-559.0 -585.0 321.0 379.5 644.6111617792093 697.3139732163565 0.0 0.0
-539.0 -581.0 292.5 379.0 613.3812102577867 693.6873032038079 0.0 0.0
-570.5 -578.25 292.0 378.5 640.8869778169656 691.111649849506 0.0 0.0
-579.5 -572.5 295.5 374.25 650.4926643419544 683.9731933662504 0.0 0.0
-574.5 -568.25 295.0 355.75 645.8170214073158 670.4237159182373 0.0 0.0
-571.625 -562.5 255.25 344.0 626.0334411634822 659.3504210982117 0.0 0.0
-577.0 -557.0 268.0 359.0 636.213786355884 662.6693446649415 0.0 0.0
-576.75 -557.0 271.375 357.0 637.4049855662804 661.5875397822155 0.0 0.0
-579.0 -557.0 278.5 356.0 642.4976963733305 661.0504699733027 0.0 0.0
-579.5 -547.0 276.0 359.0 641.8694990232058 654.285927760304 0.0 0.0
-574.5 -550.75 272.5 357.25 635.8585258605551 656.4757232517279 0.0 0.0
-617.0 -553.5 256.0 352.0 668.6075329128006 655.9468391207561 0.0 0.0
-779.875 -556.0 266.0 343.0 823.2574486564407 653.3584556905031 0.0 0.0
-727.5 -561.0 268.5 340.0 775.4741413299354 656.0219839652766 0.0 0.0
-697.0 -544.25 270.0 345.0 747.4724190298484 644.3928182628883 0.0 0.0
-669.5 -544.75 265.0 343.0 720.040946662451 643.7417184200028 0.0 0.0
-653.0 -544.75 260.0 341.5 702.863951489353 642.9440848757605 0.0 0.0
-580.5 -547.75 255.5 340.0 634.3651449986462 644.6942961400582 0.0 0.0
-531.5 -547.75 271.0 340.0 596.8774621417372 644.6984716097834 0.0 0.0
-523.0 -549.75 287.0 340.5 596.5729194096376 646.6574276595006 0.0 0.0
-525.5 -549.25 289.0 343.5 599.7266192071689 647.8177444870361 0.0 0.0
-526.5 -550.25 287.5 343.0 599.88210481978 648.4068959617541 0.0 0.0
-524.0 -560.75 282.0 340.0 595.0630228216405 655.827400412837 0.0 0.0
-536.0 -548.5 273.5 345.5 602.1687525375075 648.2459286913249 0.0 0.0
-535.5 -552.5 308.5 344.5 618.0070288463706 651.1049222669974 0.0 0.0
-537.0 -556.0 313.0 342.75 621.5614883960252 653.1566159481868 0.0 0.0
-557.5 -557.25 333.0 343.5 649.3806743160915 654.6188601702856 0.0 0.0
-574.0 -551.5 335.5 346.0 664.861252990431 651.0521373018157 0.0 0.0
-530.0 -546.0 313.0 350.0 615.5245850321278 648.6052018361297 0.0 0.0
-517.5 -642.0 308.5 410.75 602.4773604998977 763.1736720715398 0.0 0.0
-529.0 -645.75 315.0 412.5 615.6835343026896 766.3755194170931 0.0 0.0
-548.5 -555.5 334.5 403.0 642.4591435597802 686.286566659018 0.0 0.0
-585.5 -563.5 347.5 404.0 680.8599648430329 693.36023474382 0.0 0.0
-603.0 -560.75 350.5 404.75 697.4671363827665 691.5680798522274 0.0 0.0
-613.0 -562.25 350.5 402.75 706.1304663654453 691.6165787823195 0.0 0.0
-623.0 -559.0 351.0 403.0 715.0759041494923 689.1238245442993 0.0 0.0
-626.5 -563.0 242.5 401.0 671.7962289796434 691.2122513441077 0.0 0.0
-544.0 -556.75 306.5 400.25 624.4495651389137 685.693464811959 0.0 0.0
-688.875 -550.0 212.625 400.75 720.9504639780098 680.5150344739147 0.0 0.0
-666.375 -528.5 209.125 387.25 698.4488257587147 655.1909085588956 0.0 0.0
-643.875 -402.1428571428571 205.625 393.0 675.9471875394197 579.6580963432223 0.0 0.0
-621.375 -230.71428571428572 202.125 361.0 653.4455493201247 502.20701071598774 0.0 0.0
-616.0 -59.285714285714306 210.0 329.0 650.8416103378963 424.75592508875314 0.0 0.0
-644.0 112.14285714285711 213.5 297.0 678.4757340570317 347.30483946151855 0.0 0.0
-614.375 153.0 237.0 326.5 660.7127745819512 360.5812797333341 0.0 0.0
-542.0 154.75 295.5 336.0 617.4362977550395 369.9255792816447 0.0 0.0
-571.0 154.0 294.0 336.75 642.2447193988744 370.2929578364136 0.0 0.0
-580.0 171.5 318.0 218.0 662.0559324831199 277.6350977825422 0.0 0.0
-567.0 166.75 282.0 193.5 635.4709417568046 255.43943160468052 0.0 0.0
-599.0 165.5 237.0 194.5 644.1816572654162 255.3833295445881 0.0 0.0
-603.5 163.5 241.0 194.75 649.8409488015982 254.28351911641883 0.0 0.0
-485.0 162.75 325.5 195.25 584.2661248796028 254.18546177594106 0.0 0.0
-495.5 172.0 305.0 179.25 581.8466505697345 249.03199586706683 0.0 0.0
-514.0 177.0 301.0 166.5 595.6484130494453 243.00463054592097 0.0 0.0
-517.0 178.0 299.0 168.5 597.2354538537375 245.10875888354428 0.0 0.0
-517.5 177.5 298.0 169.25 597.1689176635855 245.2587312129728 0.0 0.0
-561.5 177.5 321.5 168.75 647.3958134086595 244.9139549483259 0.0 0.0
-624.5 176.5 279.0 167.5 685.1867900413598 243.3281859493507 0.0 0.0
-632.0 175.5 223.0 164.5 670.1899936322428 240.54237273305304 0.0 0.0
-591.0 176.0 268.5 161.0 651.4631340528713 238.53781185591112 0.0 0.0
-556.5 175.75 310.5 157.5 637.2623185131156 235.99704074432628 0.0 0.0
-528.0 175.75 308.5 154.5 611.6425424669603 234.0069166512016 0.0 0.0
-495.5 176.0 310.5 152.0 584.7492008065776 232.55359438632544 0.0 0.0
-492.0 170.4375 309.5 150.5 581.2523727963433 227.8182257435335 0.0 0.0
-490.5 170.1875 307.5 132.5 578.9183880306446 217.39486638392015 0.0 0.0
-432.5 169.9375 326.5 114.5 545.7929817092847 206.9715070243068 0.0 0.0
-185.0 169.6875 289.125 96.5 441.4148093926335 196.54814766469343 0.0 0.0
25.0 186.5 221.95833333333331 94.0 386.965901373164 208.86122011283885 0.0 0.0
235.0 210.0 154.79166666666666 131.0 332.5169933536945 247.53982638572734 0.0 0.0
376.5 205.5 286.5 138.5 474.4916878302776 247.82019347249732 0.0 0.0
504.5 205.0 295.0 138.0 584.4190475634994 247.1239149979667 0.0 0.0
497.0 204.25 300.0 139.25 580.580711689267 247.20205158648892 1.0 0.0
497.0 204.25 301.5 139.75 581.3013750471404 247.48518730481717 1.0 0.0
504.0 204.0 301.5 144.0 587.297510858353 249.70438412266074 1.0 0.0
505.5 202.0 299.5 146.5 587.5636855812845 249.53303916083598 1.0 0.0
456.5 201.5 290.0 149.0 541.1386793749804 250.6070559717441 1.0 0.0
412.0 200.5 304.5 151.0 512.3285681501851 251.00049800747408 1.0 0.0
405.5 200.5 310.5 151.25 510.7296915789933 251.1510548109423 1.0 0.0
450.5 200.0 306.0 151.25 545.1391192781206 250.7520148341367 1.0 0.0
454.5 201.0 305.0 150.5 547.85797758986 251.10009978471214 1.0 0.0
348.5 200.0 306.5 149.25 581.3825485976272 249.5523446328446 0.0 0.0
139.16666666666666 200.5 300.5 147.5 565.2158372725743 248.9106265308896 0.0 0.0
-70.16666666666669 200.5 294.5 147.25 549.0491259475214 248.76264410317134 0.0 0.0
-279.50000000000006 200.75 288.5 147.25 532.8824146224684 248.96410963454935 0.0 0.0
-442.875 200.0 287.125 147.0 527.8078464883195 248.21193024143432 0.0 0.0
-453.0 202.0 263.5 147.25 524.6127108579514 249.97516442283148 0.0 0.0
-500.5 203.25 308.5 144.25 587.962429755821 249.23965865660807 0.0 0.0
-541.0 205.25 303.0 143.75 620.3878058785624 250.5826726636363 0.0 0.0
-570.0 206.25 303.5 144.0 646.5440355781676 251.54625933358926 0.0 0.0
-602.0 207.75 279.5 145.0 663.7201043891293 253.34861504588667 0.0 0.0
-588.5 208.25 304.0 146.25 663.1098564631266 254.47573187880494 0.0 0.0
-596.0 208.75 306.5 147.25 670.88615954691 255.45889371417167 0.0 0.0
-603.0 209.0 310.5 148.0 678.9593709868922 256.0969855827776 0.0 0.0
-589.0 209.5 292.5 149.5 658.1061898528412 257.37324339030624 0.0 0.0
-602.5 206.63888888888889 307.5 145.69444444444446 677.2044622506271 252.839955683778 0.0 0.0
-608.5 201.19444444444446 269.5 140.47222222222223 665.5285512880572 245.39263278238587 0.0 0.0
-632.0 195.75 203.5 135.25 664.0086817190213 237.94530988099382 0.0 0.0
-550.0 190.30555555555554 290.0 130.02777777777777 621.7962083048135 230.49798697960176 0.0 0.0
-551.0 184.86111111111111 287.0 124.80555555555556 621.2683169821628 223.05066407820965 0.0 0.0
-544.0 222.75 259.0 101.25 602.9561872971187 244.9718399043544 0.0 0.0
-534.0 211.75 284.0 129.5 604.8243514387187 248.21632781652232 0.0 0.0
-532.5 214.25 261.0 140.5 593.4234136641259 256.2218588706802 0.0 0.0
-495.5 213.0 246.5 142.5 553.8874719947655 256.27275908523677 0.0 0.0
-481.0 212.5 272.5 142.75 552.8399143368883 255.99685211136097 0.0 0.0
-507.0 210.75 291.5 137.75 584.8258818745908 251.7842588340206 0.0 0.0
-510.0 210.75 251.0 133.25 568.4199163056212 249.3425637358814 0.0 0.0
-511.5 211.0 265.5 137.75 576.5034223827012 251.984337454954 0.0 0.0
-505.0 209.5 242.0 139.75 559.9903914716062 251.8341369529104 0.0 0.0
-505.5 210.0 241.5 138.5 560.2306762474377 251.5610201943348 0.0 0.0
-509.5 209.5 239.5 136.5 562.9836101023584 250.04514492864752 0.0 0.0
-518.5 209.0 235.0 137.5 569.2703959848734 250.1744391419715 0.0 0.0
-548.0 209.0 294.0 137.5 622.0953733983991 250.1744391419715 0.0 0.0
-420.5 209.0 199.5 138.25 465.62797214685565 250.58752158967633 0.0 0.0
-405.0 209.0 173.5 139.5 440.61408186796865 251.2795712941042 0.0 0.0
-402.5 209.0 168.5 140.25 436.3485093775515 251.6964552674504 0.0 0.0
-401.0 194.0 163.5 146.77777777777777 433.0520839967521 244.60496866012423 0.0 0.0
-399.5 154.0 167.0 135.88888888888889 433.0003316251705 211.36284440968728 0.0 0.0
-440.5 114.0 187.0 125.0 478.58850298046093 178.1207201592503 0.0 0.0
-532.5 74.0 292.5 114.11111111111111 607.5567411870252 144.87859590881334 0.0 0.0
-555.0 34.0 277.5 103.22222222222223 621.0232365105115 111.6364716583764 0.0 0.0
-565.0 208.5 252.0 76.5 618.6548088079467 223.492133988756 0.0 0.0
-548.0 207.5 299.0 114.0 624.2657131832684 236.9050007249398 0.0 0.0
-570.0 209.5 304.5 129.5 646.2440516345474 246.42492615688553 0.0 0.0
-583.5 213.75 235.0 139.5 629.0451559784367 255.24367018382026 0.0 0.0
-578.0 213.25 231.0 140.75 622.4511404968516 255.51422598752717 0.0 0.0
-602.5 211.5 290.0 142.75 669.0319650781092 255.16783687122995 0.0 0.0
-544.0 210.5 293.0 143.5 617.8876637526864 254.76027285896853 0.0 0.0
-551.5 210.5 308.5 144.5 631.9234096291453 255.32446039144824 0.0 0.0
-653.0 208.5 353.5 144.0 744.5731932452957 253.39350070274287 0.0 0.0
-568.0 207.5 377.5 143.5 682.0050937564556 252.2871172553033 0.0 0.0
-567.5 206.5 358.5 141.0 671.5018189290714 250.04652997942395 0.0 0.0
-569.0 206.0 351.0 139.25 669.1602752662735 248.6516337453076 0.0 0.0
-586.0 204.0 336.5 136.5 675.7550486099909 245.45522963702354 0.0 0.0
-541.5 203.0 283.0 133.0 611.0828621600872 242.69054301885976 0.0 0.0
-612.5 201.75 339.5 131.25 700.3735926253273 240.68624265520623 0.0 0.0
-622.5 201.0 334.0 130.0 706.5284724764921 239.37631878214572 0.0 0.0
-583.0 71.25 327.0 157.25 668.4446419207881 184.62129779706876 0.0 0.0
-581.0 -126.2 319.0 219.8 662.8185804690802 265.4938434464633 0.0 0.0
-557.5 -267.0 300.5 203.0 633.3303186875472 360.3539190387663 0.0 0.0
-344.0 -407.8 188.0 186.2 392.2563998329713 455.2139946310692 0.0 0.0
-292.5 -492.5 129.0 291.5 319.6866609648894 573.8787743422073 0.0 0.0
-318.0 -521.5 154.0 346.0 353.4314952467034 625.9258769622518 0.0 0.0
-315.5 -530.75 137.5 335.25 344.16101545409856 627.765032901136 0.0 0.0
-317.5 -518.25 152.5 330.75 352.22535845122917 614.8221560774391 0.0 0.0
-331.0 -526.5 160.0 328.25 367.6467213154017 620.4504773778406 0.0 0.0
-287.5 -524.0 178.5 329.25 340.0908530906456 618.8632455302692 0.0 0.0
81.15 -537.75 183.75 328.5 225.32964382577444 630.1513890823196 0.0 0.0
307.75 -539.5 206.75 329.75 407.93548096431175 632.2944382422576 0.0 0.0
534.35 -536.0 229.75 331.5 590.5413181028491 630.2431908573354 0.0 0.0
541.0 -533.5 310.0 312.875 624.4758333605708 618.7758351401234 0.0 0.0
468.5 -536.0 304.0 250.5 559.7357868166129 592.1111675789232 0.0 0.0
506.375 -535.0 309.625 224.0 594.3427051693026 580.0017391251747 0.0 0.0
434.75 -545.0 327.0 222.5 544.0419841339304 588.6761019850184 0.0 0.0
464.75 -546.0 324.0 219.5 566.5480552321842 588.4710587266874 0.0 0.0
395.25 -542.5 330.5 218.0 515.2255518698679 584.6947002484558 0.0 0.0
467.75 -537.5 319.0 220.5 566.1751301588879 580.9722312510949 0.0 0.0
473.75 -533.5 325.75 217.0 574.9639103212078 575.9480452410173 1.0 0.0
471.25 -640.0 321.0 75.0 570.1950833626754 644.6524172133815 1.0 0.0
469.5 -628.5 315.5 99.0 565.661766198696 636.3208338310319 1.0 0.0
469.0 -627.5 313.75 110.5 564.2725935706566 637.1556775795311 1.0 0.0
481.5 -633.0 317.5 108.0 576.7589039433084 642.1472014160854 1.0 0.0
482.0 -638.5 329.25 111.0 583.7538924652205 648.0769865050181 1.0 0.0
485.5 -558.5 329.5 213.0 586.7670769851688 603.7856295968942 1.0 0.0
484.75 -546.0 334.5 326.5 588.961013089174 636.1756777241785 1.0 0.0
486.5 -566.0 329.5 316.0 587.5851432972296 648.2656737368859 1.0 0.0
561.5 -567.0 305.25 315.5 639.1265131927921 648.8873398107108 0.0 0.0
542.3499999999999 -571.5 282.79999999999995 334.0 611.7264686748501 662.111149921854 0.0 0.0
526.1500000000001 -566.5 265.20000000000005 342.5 589.2832701489176 661.9893877519096 0.0 0.0
531.0 -568.0 277.5 350.5 599.3200698833964 667.4404974944227 0.0 0.0
505.0 -566.0 303.75 355.0 589.5521952266843 668.117504635225 0.0 0.0
477.75 -564.5 322.5 357.5 576.6543490815196 668.1824132053856 1.0 0.0
469.25 -555.0 330.75 361.0 574.102640436442 662.0986258301684 1.0 0.0
471.75 -340.5 345.25 362.5 584.7073772030589 508.95193149917327 1.0 0.0
465.25 45.285714285714285 324.5 200.89285714285714 567.2411349619788 215.7248004367504 1.0 0.0
458.0 144.42857142857144 327.75 216.46428571428572 563.1911321734651 286.3689927328809 1.0 0.0
461.25 243.57142857142856 333.25 232.03571428571428 569.0423838311224 357.0131850290113 1.0 0.0
460.5 342.7142857142857 331.5 247.60714285714286 567.4103206230234 427.65737732514174 1.0 0.0
462.0 482.5 336.0 297.25 571.2633806698904 566.8161294306755 1.0 0.0
459.5 514.0 336.0 313.0 569.2421585765974 601.8017554776352 1.0 1.0
416.5 510.0 336.0 325.0 535.8357821225507 605.0901255070135 1.0 1.0
422.5 485.5 349.5 335.25 549.2789629937747 590.0024948299285 0.0 1.0
441.5 487.25 337.5 335.75 555.7670248497163 591.7277356414729 1.0 1.0
440.0 494.5 344.0 335.75 558.5123360720947 597.7222188402743 1.0 1.0
424.0 504.75 332.5 311.25 538.8319949843931 593.0015182719652 1.0 1.0
507.0 505.0 285.5 303.5 581.8612220131745 589.1884348144308 0.0 1.0
424.5 504.0 334.5 299.25 540.5613521634408 586.1457016981294 1.0 1.0
380.5 502.5 335.5 298.25 512.3967306520117 584.3452393219434 1.0 1.0
448.0 488.0 328.0 310.25 555.2372485530186 578.5562406246343 1.0 1.0
465.5 579.5 303.0 382.75 555.4305072772906 694.5354374237023 1.0 1.0
462.5 578.0 308.0 384.25 555.7846074859874 694.0955961849547 1.0 0.0
462.0 507.0 308.5 333.0 555.5349003529152 606.5793265753673 1.0 1.0
459.5 505.5 307.0 333.75 552.6381759413714 605.7386862553058 1.0 1.0
536.0 505.0 334.5 334.25 633.6144495685385 605.5974712474379 0.0 1.0
554.5 503.5 323.5 332.75 642.8324029920509 603.5190171052013 0.0 1.0
583.0 582.5 303.5 382.25 657.2680199127294 696.8843485072182 0.0 1.0
510.0 505.0 360.5 328.5 624.7603486789051 602.4430013867961 0.0 1.0
584.0 503.75 303.5 328.75 658.1553484156518 601.5322173197733 0.0 1.0
584.0 501.25 303.5 327.75 658.1551870989922 598.8920315745357 1.0 1.0
488.5 496.5 314.5 326.0 581.8473484228763 593.9611285259618 0.0 1.0
496.5 497.0 322.0 325.25 591.774411348284 593.9669078747713 1.0 1.0
495.5 496.25 311.5 322.75 585.2799080915404 591.9783135313419 1.0 1.0
538.5 499.0 294.5 317.0 614.1983186757801 591.177569144517 1.0 1.0
575.5 500.0 307.5 316.25 652.7820863925115 591.6199009001183 0.0 1.0
561.0 502.0 315.0 311.0 643.43319307196 590.5296583209497 0.0 1.0
573.0 503.0 320.0 310.25 656.3460385728349 590.9860150448435 0.0 1.0
570.5 503.5 328.5 309.5 658.3180749075805 591.018247229533 1.0 1.0
566.0 494.75 348.5 302.5 664.7069809894034 579.9009644335243 1.0 1.0
572.5 450.0 359.0 277.5 675.751381867288 528.6866089104184 1.0 1.0
581.5 346.8620689655172 345.0 168.56034482758622 676.3401135282897 385.65690282454887 1.0 0.0
583.0 360.31034482758616 332.0 176.80172413793105 670.9048429341615 401.3817667285299 0.0 0.0
583.5 373.7586206896552 381.0 185.04310344827587 696.8962288402909 417.10663063251087 0.0 0.0
536.5 387.2068965517242 343.0 193.2844827586207 636.775926078706 432.83149453649185 1.0 0.0
505.0 400.65517241379314 318.5 201.52586206896552 597.048787129196 448.5563584404729 1.0 0.0
505.5 414.1034482758621 315.0 209.76724137931035 595.6403900135948 464.2812223444539 1.0 0.0
503.5 427.55172413793105 311.5 218.00862068965517 592.0856726682147 480.0060862484349 1.0 0.0
537.5 441.0 341.0 226.25 636.6996788166613 495.7309501524159 1.0 0.0
522.0 454.44827586206895 348.0 234.49137931034483 627.3714549386729 511.4558140563969 0.0 0.0
545.0 467.8965517241379 307.0 242.73275862068965 626.3676862868126 527.1806779603778 0.0 0.0
519.5 481.3448275862069 339.5 250.97413793103448 620.650159238313 542.9055418643588 1.0 0.0
542.0 494.7931034482759 306.5 259.2155172413793 623.4726827515517 558.6304057683399 1.0 0.0
531.0 508.2413793103448 299.0 267.4568965517241 610.1909598599666 574.3552696723209 0.0 0.0
469.0 521.6896551724137 304.0 275.69827586206895 558.9717667067717 590.0801335763019 1.0 0.0
481.5 535.1379310344828 303.0 283.9396551724138 568.9035723315483 605.804997480283 1.0 0.0
525.0 519.0 296.5 300.5 603.9129969604028 599.7755692016235 1.0 1.0
483.0 578.0 308.5 306.5 573.1464881007025 654.2392736245356 1.0 1.0
532.5 561.0 305.5 294.0 615.1878379635921 633.704912071638 1.0 1.0
522.5 544.0 313.5 309.0 609.9453368665723 625.6467179263802 0.0 1.0
554.0 525.5 301.5 317.5 630.7283500119997 614.1324863256946 1.0 1.0
553.375 496.75 298.0 323.25 628.5145477797215 592.6651293618854 0.0 1.0
486.6 495.0 289.95000000000005 327.25 568.4013746298947 593.3949831194534 0.0 1.0
397.4 494.25 280.54999999999995 327.0 488.73778519892846 592.6314888095046 0.0 1.0
332.5 494.5 272.5 327.5 429.9030895881763 593.1160710834703 0.0 1.0
516.0 494.0 267.0 328.25 583.7280820915367 593.1153337960968 0.0 1.0
373.03571428571433 499.75 268.92857142857144 335.25 598.8280366622116 601.7842840663188 0.0 1.0
101.75 522.0 273.5 328.25 551.000422293828 616.6353155939341 0.0 1.0
-169.53571428571428 519.5 278.07142857142856 333.25 503.1728079254445 617.2000834774217 0.0 1.0
-405.625 526.75 267.25 335.75 488.29722171391734 624.6552753466316 0.0 1.0
-484.0 523.75 240.0 337.25 540.7075630039297 622.937994023431 0.0 1.0
-497.5 526.25 238.5 334.5 551.7223453573215 623.5620432038302 0.0 1.0
-517.0 524.0 252.0 331.5 575.4974605997943 620.0569377526174 0.0 1.0
-556.5 361.5 288.5 335.0 626.8449298500435 494.72849902142843 0.0 0.0
-564.0 73.25 294.5 368.25 636.2597319018835 380.9863204986385 0.0 0.0
-567.5 -189.0 302.0 366.5 642.8535367920063 417.12630864841617 0.0 0.0
-542.0 -530.25 323.5 334.25 631.2027362033825 631.0502713310533 0.0 0.0
-603.5 -534.75 289.0 338.75 670.3361293270683 633.015990325777 0.0 0.0
-577.5 -533.75 240.5 340.25 625.5775057890121 633.0046891630211 0.0 0.0
-573.5 -525.0 241.5 344.0 622.2738242494149 627.6953492438439 0.0 0.0
-574.5 -524.0 247.0 343.5 625.3473932495999 626.5526879266971 0.0 0.0
-565.0 -525.75 245.0 339.75 615.8329887297559 625.9748641411447 0.0 0.0
-560.5 -525.0 243.5 335.5 611.1079550536135 623.0460736331308 0.0 0.0
-562.0 -534.75 242.0 362.25 611.888882120297 645.8967670903301 0.0 0.0
-563.0 -544.0 244.5 364.5 613.7990306281039 654.8296241997302 0.0 0.0
-575.0 -549.25 249.0 365.25 626.6012153771886 659.6083443249499 0.0 0.0
-592.0 -552.0 254.0 365.5 644.1894164380692 662.0381822797619 0.0 0.0
-594.0 -556.5 255.0 364.25 646.4222530206796 665.109423923827 0.0 0.0
-583.5 -540.0 257.0 359.5 637.6257962860534 648.7298764682521 0.0 0.0
-582.5 -536.0 258.0 350.0 637.0799840035864 640.1536542669176 0.0 0.0
-581.875 -540.0 260.625 345.5 637.5797293926338 641.0703329743894 0.0 0.0
-587.0 -541.75 257.0 340.75 640.7972777095151 640.0044914371526 0.0 0.0
-585.0 -539.5 249.5 337.0 635.9843520846964 636.1051809056873 0.0 0.0
-586.5 -542.75 248.0 331.25 636.7780225478891 635.855127504998 0.0 0.0
-586.0 -551.0 251.5 328.0 637.6897756746614 641.237085639937 0.0 0.0
-582.5 -543.25 255.0 329.75 635.8706313352926 635.5039508640962 0.0 0.0
-594.0 -536.5 239.0 332.5 640.3198465526791 631.1831141726936 0.0 0.0
-598.0 -544.5 231.5 328.5 641.2466496381307 635.9188366849651 0.0 0.0
-596.5 -539.75 229.5 329.25 639.1263820523553 632.2498871232433 0.0 0.0
-593.0 -538.0 229.0 328.5 635.6809085981199 630.3627118212485 0.0 0.0
-595.0 -542.0 231.5 326.0 638.4491231642824 632.4871540197477 0.0 0.0
-596.0 -536.25 232.5 356.0 639.7438940701193 644.2898994164768 0.0 0.0
-598.5 -528.5 229.5 382.5 640.9959785745884 652.3980247800318 0.0 0.0
-600.5 -533.5 225.5 385.5 641.4441405490822 658.2067104761097 0.0 0.0
-601.0 -529.0 224.0 385.5 641.3868025557802 654.5622491287581 0.0 0.0
-590.25 -530.25 241.5 384.75 630.5360441730832 655.1321952849842 0.0 0.0
-604.5 -530.75 223.5 388.75 642.6407168700689 657.9013264243397 0.0 0.0
-738.0 -531.5 227.0 386.0 772.1324149498487 656.8776522306114 0.0 0.0
-630.5 -533.5 221.0 389.25 668.3540980048788 660.4118155251238 0.0 0.0
-567.0 -537.5 216.0 383.75 606.7495625735442 660.4319449406912 0.0 0.0
-562.5 -535.0 215.0 387.5 602.1888221076465 660.5916003583675 0.0 0.0
-565.25 -534.5 234.0 387.25 611.8797588723174 660.0419450009647 0.0 0.0
-558.0 -577.25 254.0 391.0 613.0918754927966 697.2351645392887 0.0 0.0
-570.5 -621.75 257.0 392.25 625.7154726179408 735.159272089873 0.0 0.0
-579.0 -640.0 260.0 394.0 634.6975674762652 751.6252766968541 0.0 0.0
-583.5 -528.5 260.5 395.25 639.00912840823 659.9513728647601 0.0 0.0
-587.5 -531.5 263.5 395.75 643.885632804343 662.654110280324 0.0 0.0
-595.5 -532.5 264.5 396.0 651.5992095271326 663.6069677828592 0.0 0.0
-595.0 -635.0 263.5 392.25 650.7362130105597 747.0206620590092 0.0 0.0
-597.0 -530.5 263.0 398.75 652.3634268047274 663.6540186333298 0.0 0.0
-591.5 -632.0 260.5 395.0 646.3222972312703 745.7041546617961 0.0 0.0
-596.5 -647.0 262.5 397.5 651.7047357407699 759.8011438706443 0.0 0.0
-603.5 -537.0 267.5 402.0 660.1282024118236 670.8127776559691 0.0 0.0
-595.5 -582.5 268.0 397.5 653.0271658818945 705.2252117700774 0.0 0.0
-591.0 -575.0 269.5 398.25 649.547218539162 699.4487932736719 0.0 0.0
-587.5 -564.5 269.0 400.0 646.1557486141861 691.8710757101708 0.0 0.0
-584.5 -636.75 269.5 372.75 643.6386216823723 739.48187296892 0.0 0.0
-581.0 -528.75 270.5 373.75 640.8832144288035 647.5083779092206 0.0 0.0
-576.5 -526.75 269.5 374.25 636.3824945283013 646.1645906210547 0.0 0.0
-573.0 -536.25 270.5 370.75 633.6397206304719 651.9368477259986 0.0 0.0
-571.0 -536.5 270.0 372.0 631.6178091029435 652.8542364662094 0.0 0.0
-570.0 -610.5 271.5 368.5 631.358532844969 713.1087806521364 0.0 0.0
-576.0 -569.5 247.0 358.75 626.7257412132042 673.0763870614608 0.0 0.0
-573.5 -558.0 247.5 349.25 624.6267199303086 658.2854929338728 0.0 0.0
-576.5 -552.75 247.5 348.25 627.382383899715 653.3115718691926 0.0 0.0
-579.5 -553.0 247.0 343.25 629.9440146272711 650.8755496864803 0.0 0.0
-579.5 -547.75 244.0 349.5 628.7739489066056 649.8656518241163 0.0 0.0
-621.0 -534.75 243.0 348.25 666.8544607394615 638.1886693002107 0.0 0.0
-612.0 -537.75 239.0 339.25 657.0318085671179 635.8234436649416 0.0 0.0
-486.5 -535.5 223.0 338.0 538.3281867273698 633.249104836594 0.0 0.0
-413.21875 -539.0 246.96875 336.5 482.22474967682444 635.4158639130087 0.0 0.0
-460.09375 -538.5 236.84375 336.0 520.2932430241096 634.7304535170474 0.0 0.0
-506.96875 -535.25 226.71875 335.0 558.3617363713948 631.4479685389451 0.0 0.0
-553.84375 -536.5 216.59375 336.5 596.4302297186802 633.2965897447662 0.0 0.0
-589.5 -539.75 210.0 336.75 625.7881825539267 636.1844537434584 0.0 0.0
-589.0 -542.0 206.0 336.75 623.9849539472311 638.0960770882383 0.0 0.0
-613.5 -548.5 210.5 334.5 648.6349686894537 642.4522860464317 0.0 0.0
-658.5 -562.0 266.5 333.5 712.8719513603155 653.5185462969766 0.0 0.0
-596.5 -647.5 309.5 335.5 672.015658078456 729.7493475305378 0.0 0.0
-601.0 -554.5 312.5 337.5 677.390067247999 649.1351939311255 0.0 0.0
-600.5 -539.5 314.0 364.0 677.6408131602516 650.8699412974901 0.0 0.0
-598.0 -557.0 312.5 381.25 674.7343452451504 675.2641136301829 0.0 0.0
-549.7638888888889 -541.25 223.96527777777777 389.5 593.7183876668578 666.8430231829473 0.0 0.0
-546.8194444444445 -552.75 227.82638888888889 382.5 592.7830234591886 672.1916162203563 0.0 0.0
-543.875 -554.5 231.6875 380.75 591.8476592515192 672.6382498342437 0.0 0.0
-540.9305555555555 -551.0 235.54861111111111 383.75 590.91229504385 671.4650426396646 0.0 0.0
-537.9861111111111 -547.75 239.40972222222223 384.0 589.9769308361808 668.9441290987236 0.0 0.0
-535.0416666666667 -555.0 243.27083333333331 381.0 589.0415666285116 673.1918606581969 0.0 0.0
-532.0972222222222 -553.75 247.13194444444446 383.0 588.1062024208425 673.2981613840223 0.0 0.0
-529.1527777777778 -551.25 250.99305555555554 383.75 587.1708382131733 671.6706073639059 0.0 0.0
-526.2083333333333 -553.25 254.85416666666669 380.75 586.2354740055041 671.6126175553709 0.0 0.0
-523.2638888888889 -550.0 258.71527777777777 381.25 585.3001097978347 669.2171689492443 0.0 0.0
-520.3194444444445 -542.0 262.5763888888889 381.75 584.3647455901655 662.9477846855507 0.0 0.0
-517.375 -541.25 266.4375 381.75 583.4293813824963 662.3358260383601 0.0 0.0
-514.4305555555555 -553.25 270.2986111111111 388.75 582.4940171748271 676.225830254552 0.0 0.0
-511.4861111111111 -578.0 274.15972222222223 390.25 581.558652967158 697.6829005257302 0.0 0.0
-508.54166666666663 -547.0 278.0208333333333 384.5 580.6232887594888 668.6179731975926 0.0 0.0
-505.5972222222222 -595.5 281.88194444444446 381.25 579.6879245518196 707.2336606894282 0.0 0.0
-502.6527777777778 -564.0 285.74305555555554 380.5 578.7525603441503 680.3507764341628 0.0 0.0
-499.70833333333337 -570.5 289.6041666666667 380.5 577.817196136481 685.7531903900667 0.0 0.0
-496.5 -575.5 292.0 383.0 576.0002220217959 691.2962301463905 0.0 0.0
-587.0 -578.5 239.5 382.5 634.555441382106 693.5189385152527 0.0 0.0
-570.0 -573.25 249.0 384.0 622.303399431917 689.9928495485174 0.0 0.0
-573.0 -565.75 229.5 376.5 617.251541463786 679.6099320892088 0.0 0.0
-467.5 -488.58333333333337 277.0 240.5 543.4387469909908 544.5676571340515 0.0 0.0
-468.0 -492.91666666666663 283.5 242.5 547.1735693730329 549.3388032686627 0.0 0.0
-473.0 -497.25 268.5 244.5 544.0120238932607 554.1099494032738 0.0 0.0
-478.57142857142856 -530.0 255.07142857142856 295.0 542.3322577399649 607.2403519526956 0.0 0.0
-486.0 -564.75 254.5 353.25 548.6475275063398 666.1326689534685 0.0 0.0
-493.42857142857144 -593.5 253.92857142857144 350.75 554.9627972727146 689.396702946767 0.0 0.0
-498.0 -590.0 252.0 352.5 558.1297220029857 687.2833237142822 0.0 0.0
-585.5 -560.25 279.0 364.5 649.9383606216265 668.4339672438269 0.0 0.0
-682.5 -585.25 238.0 354.25 723.9552060658601 684.1324904188068 0.0 0.0
-683.0 -583.75 282.0 353.5 738.9269290557996 682.441545795976 0.0 0.0
-668.875 -584.5 224.25 353.75 708.1750260704061 683.2134781586306 0.0 0.0
-620.0 -586.25 318.5 350.25 697.0250825828241 682.9103168600637 0.0 0.0
-624.5 -587.25 297.5 350.25 692.0526269050775 683.7674248846229 0.0 0.0
-616.5 -590.0 319.5 350.0 694.3725655433318 686.0030412479275 0.0 0.0
-604.0 -593.0 291.0 350.0 670.616512884774 688.5856838211287 0.0 0.0
-686.0 -649.5 332.0 350.0 767.8691067633227 737.8701357275199 0.0 0.0
-528.5 -643.5 310.5 350.0 612.9624833201176 732.9367711427419 0.0 0.0
-544.5 -589.0 323.0 347.5 633.1013258739051 683.8701098340518 0.0 0.0
-552.0 -587.0 330.5 345.25 643.3785039054845 681.0040935948252 0.0 0.0
-549.0 -714.75 327.5 347.5 639.2708114121493 795.2925616184109 0.0 0.0
-561.0 -594.0 332.0 343.25 651.878141468063 686.044514801614 0.0 0.0
-569.0 -596.5 334.5 342.0 660.0394542753876 687.5922147780553 0.0 0.0
-579.5 -620.0 332.0 346.5 667.8657962768302 710.319624205593 0.0 0.0
-590.0 -652.75 335.5 353.75 678.7195691599438 742.6380617153452 0.0 0.0
-600.5 -599.0 340.5 354.75 690.3191413421196 696.1670608925153 0.0 0.0
-603.0 -598.0 298.5 341.0 673.8301552550914 688.3959183907245 0.0 0.0
-598.5 -596.75 259.5 350.25 652.3362166562824 691.9477770151168 0.0 0.0
-598.0 -625.25 262.5 350.0 653.0780881446381 716.6558388927706 0.0 0.0
-603.5 -615.5 273.0 344.25 662.3755154409832 705.2308060947731 0.0 0.0
-638.3928571428571 -594.5 229.78571428571428 356.75 678.9415534495731 693.6100489240343 0.0 0.0
-617.9642857142858 -666.5 250.92857142857144 375.25 668.5603024176886 765.6675855582724 0.0 0.0
-597.5357142857142 -573.5 272.07142857142856 370.25 658.1790513858041 682.675666212386 0.0 0.0
-577.1071428571429 -575.5 293.2142857142857 375.5 647.7978003539196 687.1692788653338 0.0 0.0
-541.0431034482758 -580.0 287.7931034482759 377.0 616.7571953096442 691.7582514658017 0.0 0.0
-499.76724137931035 -580.0 273.51724137931035 376.25 578.8301389279054 691.3496182663633 0.0 0.0
-458.4913793103449 -581.5 259.2413793103448 378.25 540.9030825461664 693.6994088568506 0.0 0.0
-417.2155172413793 -485.0 244.9655172413793 357.0 502.97602616442754 602.5461080864792 0.0 0.0
-375.93965517241384 -396.56 230.68965517241378 325.77 465.04896978268863 524.3709674161576 0.0 0.0
-334.66379310344826 -352.64 216.41379310344826 306.13 427.12191340094967 492.7360400788603 0.0 0.0
-293.3879310344828 -308.72 202.13793103448276 286.49 389.19485701921076 461.101112741563 0.0 0.0
-252.11206896551724 -264.79999999999995 187.86206896551724 266.85 351.26780063747185 429.4661854042656 0.0 0.0
-210.83620689655174 -220.88 173.58620689655172 247.21 313.34074425573294 397.8312580669683 0.0 0.0
-169.56034482758622 -176.96 159.31034482758622 227.57 275.41368787399404 366.196330729671 0.0 0.0
-128.2844827586207 -133.04 145.0344827586207 207.93 237.48663149225516 334.5614033923737 0.0 0.0
-87.0086206896552 -89.11999999999998 130.75862068965517 188.29 199.55957511051622 302.9264760550763 0.0 0.0
-45.73275862068965 -45.19999999999999 116.48275862068964 168.65 161.63251872877728 271.291548717779 0.0 0.0
-4.456896551724185 -1.2799999999999727 102.20689655172414 149.01 123.7054623470384 239.65662138048168 0.0 0.0
29.5 42.640000000000015 103.0 129.37 107.14163853050688 208.02169404318437 0.0 0.0
33.0 86.56 124.0 109.72999999999999 128.31692587168715 176.38676670588706 0.0 0.0
146.60000000000002 125.0 83.19999999999999 99.25 213.11446713929115 159.6106854564049 0.0 0.0
297.40000000000003 133.25 28.800000000000004 116.0 326.00640500466244 176.8623843052747 0.0 0.0
506.0 132.0 117.0 146.5 530.2677678363085 197.375143496789 0.0 0.0
598.5 165.5 257.0 150.0 651.4847549753921 223.39930943843132 0.0 0.0
593.0 209.0 262.0 148.5 648.3293380668239 256.3862604011562 0.0 0.0
589.0 214.0 256.0 150.5 642.2284131170397 261.6223423180826 1.0 0.0
593.5 211.75 258.0 151.5 647.1524274400335 260.3660940880848 1.0 0.0
527.0 219.25 271.0 158.0 595.5420618409569 270.2494127734266 1.0 0.0
446.0 349.5 292.0 273.0 533.086547212901 443.83465645722004 1.0 0.0
450.5 483.5 289.5 319.5 535.5149237322901 580.0051244601266 1.0 0.0
614.5 494.875 262.5 314.875 668.2201901400203 586.6282254363848 0.0 1.0
554.0 475.5 285.0 322.0 624.7305617254572 574.2687214189395 0.0 1.0
521.875 494.5 324.125 310.0 614.3378404620797 583.6357811313064 1.0 1.0
521.0 504.0 324.5 305.0 613.8213487612798 589.1018829775101 1.0 1.0
515.5 517.5 302.75 315.5 597.8589954493727 606.100787494619 1.0 1.0
522.5 519.5 314.0 316.5 609.7274095643593 608.3196287297776 1.0 1.0
513.25 519.5 294.0 319.5 591.4909953986559 609.8862398530733 1.0 1.0
518.0 519.0 302.5 318.0 599.9254092792489 608.6785227699527 1.0 1.0
524.0 521.5 309.5 317.0 608.5875436077106 610.2910174281034 1.0 1.0
518.75 525.5 323.0 316.0 611.0985403809987 613.1942113349303 1.0 1.0
522.25 546.0 317.5 310.5 611.1925810867115 628.1139331291353 1.0 1.0
579.0 539.5 279.0 313.5 644.5889821417181 623.9733587516596 1.0 1.0
667.75 540.0 266.0 311.0 718.7815537410455 623.1543795220011 0.0 1.0
671.75 540.5 264.5 308.5 721.9476352220995 622.3443580526781 0.0 1.0
675.0 541.5 264.75 309.0 725.0643683711287 623.4607074739911 0.0 1.0
608.0 540.0 287.25 311.0 674.5982140003725 623.1544481416047 0.0 1.0
523.5 542.0 294.0 311.0 600.4081615944671 624.8883626990958 0.0 1.0
557.5 540.0 392.0 313.0 681.5551097627718 624.1550023288166 0.0 1.0
527.75 540.5 310.5 314.5 612.3265656346922 625.3407623892541 0.0 1.0
534.5 542.0 322.25 320.0 624.1330608339672 629.4179581903377 1.0 1.0
536.25 535.0 343.25 317.0 636.699425752276 621.8643289849824 1.0 1.0
541.0 533.0 338.0 316.5 637.9071050573983 619.8880947396876 1.0 1.0
553.0 532.5 413.5 316.0 690.6613687479207 619.2029676205577 0.0 1.0
506.75 533.0 381.0 315.0 634.0068298807073 619.1235740948651 1.0 1.0
502.25 532.5 380.0 314.0 629.8123493746778 618.1847907378186 1.0 1.0
491.25 533.5 381.0 312.0 621.803001262057 618.0343326123523 1.0 1.0
483.5 532.75 393.5 312.125 623.3911737733519 617.4500620726029 1.0 1.0
478.75 533.0 383.5 311.5 613.4233728486483 617.3505631464217 1.0 1.0
477.0 533.5 377.5 310.5 608.3124927538393 617.2784515468752 1.0 1.0
475.0 532.0 384.5 309.5 611.1190081640234 615.4792582436795 1.0 1.0
477.0 530.5 390.0 310.5 616.1563549853245 614.6880325202409 1.0 1.0
475.5 529.25 382.5 311.5 610.2527974335733 614.1157248788383 1.0 1.0
492.0 531.25 403.5 316.5 636.3035334617709 618.3841067314893 1.0 1.0
451.5 529.0 345.5 319.0 568.9572892136088 617.7394812273249 1.0 1.0
452.5 530.75 338.0 319.0 565.1179243180835 619.2405151578431 0.0 1.0
539.0 533.75 327.0 318.0 630.436454281185 621.2996135991988 0.0 1.0
537.0 536.25 329.0 316.25 629.7699005549955 622.558575361619 1.0 1.0
511.5 538.75 395.5 314.75 650.0685723669548 623.9552688329507 1.0 1.0
534.0 542.25 329.5 312.75 627.4760983600349 625.9776151004482 1.0 1.0
529.5 544.75 327.5 312.75 622.5966114853676 628.1444114436888 1.0 1.0
507.0 545.75 364.0 313.25 625.9491023046386 629.2603861139548 1.0 1.0
533.0 546.75 316.5 321.25 619.8914156966655 634.143298454125 1.0 1.0
524.0 547.0 377.0 322.25 648.0528895353032 634.8667840678386 1.0 1.0
532.0 545.75 307.5 323.0 614.4768630205047 634.1704457649384 1.0 1.0
539.0 545.5 309.0 325.5 621.2907913041238 635.2336130151693 1.0 1.0
499.5 544.5 304.5 326.25 585.2326665087919 634.7598940658869 1.0 1.0
489.5 543.0 320.5 327.0 586.0298325779385 633.8596059065446 1.0 1.0
442.5 542.5 339.0 327.0 557.4375781352438 633.4313827281607 0.0 1.0
497.0 541.25 386.5 327.0 629.6681231454224 632.3611145640191 0.0 1.0
489.0 540.25 364.0 325.5 609.6083925105165 630.7300548209654 1.0 1.0
516.5 543.0 408.0 325.25 658.2292466653983 632.9589058325676 0.0 1.0
485.5 542.75 376.5 328.25 614.4503818016515 634.300219522555 1.0 1.0
502.0 544.75 396.0 326.25 639.3966012676673 634.97734621682 1.0 1.0
504.0 549.25 332.5 329.75 604.9853497284117 640.6331314409529 1.0 1.0
477.5 554.0 281.5 330.0 554.5207870478704 644.838014910489 0.0 1.0
455.5 556.5 308.0 330.0 550.4437724470466 646.9872565655115 1.0 1.0
494.5 559.5 306.5 330.5 582.8231664692814 649.8234422513065 0.0 1.0
454.5 559.5 339.0 320.25 567.0477095445348 644.6717224043371 1.0 1.0
486.0 561.0 331.5 319.5 589.2794691899505 645.6018905313128 1.0 1.0
508.0 563.25 314.0 322.75 597.2101819989682 649.1784461865533 1.0 1.0
509.5 562.75 313.5 326.75 598.224685740892 650.7332205083171 1.0 1.0
517.5 562.5 312.5 326.75 604.5350967452914 650.5168968461178 1.0 1.0
521.5 562.75 308.0 325.25 605.6624401373059 649.9813264751915 1.0 1.0
526.0 563.75 313.0 324.25 612.0828944884654 650.3477019842354 1.0 1.0
513.5 563.75 321.5 324.0 605.8420341984781 650.223098650257 1.0 1.0
499.0 562.75 320.5 323.0 593.1248959577943 648.8579027704482 1.0 1.0
518.5 563.25 296.5 322.75 597.2896830380466 649.1672616346409 0.0 1.0
531.0 563.0 303.5 324.0 611.615329898292 649.5765505891566 1.0 1.0
476.0 562.0 353.5 325.0 592.9068241121784 649.206928986352 0.0 1.0
530.5 560.5 311.5 324.5 615.1945816363548 647.6579947108035 0.0 1.0
489.5 561.0 336.0 325.5 593.7422165065179 648.5917437032327 0.0 1.0
479.0 561.75 325.5 325.75 579.2018681318266 649.3660306366908 0.0 1.0
499.0 561.25 354.5 326.25 613.9777082731989 649.1846746574415 0.0 1.0
552.0 560.25 322.0 327.0 639.0554892941333 648.6980468728632 1.0 1.0
548.5 562.0 308.5 327.75 629.3370475872582 650.5874758945938 1.0 1.0
628.0 563.0 278.0 327.5 686.7922585151856 651.3261220899865 0.0 1.0
605.0 564.25 273.5 326.5 663.9487551016144 651.9052132735662 1.0 1.0
616.5 564.25 278.5 325.75 676.4869270060783 651.5299238138933 1.0 1.0
598.0 565.0 270.5 324.0 656.342342470977 651.3099771745617 1.0 1.0
670.0 488.3 344.5 231.5 753.4068639831544 540.8192719502613 0.0 0.0
629.5 475.5 314.5 195.5 704.3967302987908 515.3524277208821 0.0 0.0
620.0 462.7 294.5 159.5 686.3914302477989 489.8855834915032 0.0 0.0
577.5 523.25 330.0 264.75 665.1718864929492 586.4880985817842 1.0 0.0
617.5 515.5 366.5 306.0 718.1068475254513 599.6115948709156 1.0 1.0
526.5 501.5 313.5 316.25 613.2435201266256 592.8883041049919 0.0 1.0
601.5 496.0 391.5 316.25 717.687874199501 588.2625785614712 0.0 1.0
556.0 497.25 337.0 317.25 650.497855739854 589.8353269264258 0.0 1.0
562.5 523.5 312.0 307.75 643.2349423783033 607.2904332150651 1.0 1.0
569.5 543.75 311.0 302.5 648.8852694690944 622.248901790201 1.0 1.0
567.5 572.0 312.5 293.0 647.85236885535 642.7031649795539 1.0 1.0
557.0 580.0 355.0 289.25 660.5105680009381 648.1246886482515 0.0 1.0
564.5 582.0 347.0 288.75 662.6231903745231 649.6927051425598 1.0 1.0
561.5 585.25 352.0 289.25 662.7116999527391 652.8272713555485 1.0 1.0
564.0 476.0 354.0 309.25 665.8919017858948 570.8450736657235 1.0 1.0
471.5 224.5 390.5 336.5 612.6321870276217 407.2025514917191 0.0 0.0
477.0 -39.5 376.5 206.5 607.6857763656841 242.30504675954774 1.0 0.0
484.5 -194.25 412.0 110.5 636.0958617337799 223.8308794605024 1.0 0.0
545.5 -285.9166666666667 441.0 149.83333333333334 701.4893802191148 323.11270771817254 0.0 0.0
510.5 -377.58333333333337 394.5 189.16666666666669 645.1723022163561 422.3945359758427 1.0 0.0
491.5 -516.375 375.0 364.25 618.2230286683057 602.1197974824008 1.0 0.0
519.0 -599.0 355.5 357.5 629.7084545660942 698.2460957034373 1.0 0.0
528.0 -579.25 346.5 357.75 631.9161955729821 681.1514863301657 0.0 0.0
499.0 -547.25 322.0 359.25 594.2284669039423 654.6606741419657 0.0 0.0
242.41363636363636 -536.75 166.04545454545456 363.75 297.26057181218823 648.3939163112498 0.0 0.0
230.0681818181818 -573.75 184.22727272727275 363.25 310.8710235213382 679.1418358206183 0.0 0.0
217.72272727272727 -562.75 202.40909090909093 370.5 324.4814752304882 673.7640407382827 0.0 0.0
205.37727272727273 -559.5 220.5909090909091 373.0 338.09192693963814 672.4442499296755 0.0 0.0
193.03181818181818 -596.5 238.77272727272728 376.25 351.7023786487881 705.5562578504878 0.0 0.0
180.68636363636364 -599.25 256.9545454545455 372.0 365.31283035793814 705.3263853466682 0.0 0.0
168.3409090909091 -589.75 275.1363636363636 371.0 378.92328206708817 696.7396832036175 0.0 0.0
155.99545454545455 -587.25 293.3181818181818 369.5 392.53373377623814 693.824831376165 0.0 0.0
143.65 -550.25 311.5 361.5 406.1441854853881 658.5591339745661 0.0 0.0
131.30454545454546 -526.5 329.6818181818182 363.5 419.7546371945381 639.7926418042346 0.0 0.0
118.95909090909092 -503.25 347.8636363636364 352.5 433.36508890368805 614.493665612951 0.0 0.0
106.61363636363636 -289.32142857142856 366.04545454545456 338.1071428571429 446.975540612838 568.6856336380799 0.0 0.0
94.26818181818182 -41.74999999999997 384.22727272727275 330.25 460.58599232198804 544.9573001179493 0.0 0.0
81.92272727272727 205.8214285714286 402.40909090909093 322.3928571428571 474.196444031138 521.2289665978188 0.0 0.0
69.57727272727273 422.25 420.5909090909091 315.0 487.80689574028804 527.16655790205 0.0 0.0
57.231818181818184 498.25 438.7727272727273 318.25 501.417347449438 591.3859015133683 0.0 1.0
44.886363636363626 524.75 456.9545454545455 306.75 515.027799158588 607.8706272074181 0.0 1.0
32.54090909090908 531.75 475.1363636363636 306.25 528.638250867738 613.6347516226366 0.0 1.0
20.195454545454538 532.75 493.31818181818187 300.75 542.248702576888 611.7788572014035 0.0 1.0
7.849999999999994 530.0 511.5 300.5 555.8591542860379 609.2653363420782 0.0 1.0
-4.49545454545455 539.5 529.6818181818182 311.0 569.469605995188 622.7255295684081 0.0 1.0
-16.840909090909093 541.25 547.8636363636365 307.5 583.0800577043378 622.5012672683506 0.0 1.0
-29.186363636363637 528.5 566.0454545454545 309.5 596.6905094134879 612.478737184005 0.0 1.0
-41.53181818181818 533.1428571428571 584.2272727272727 304.5 610.3009611226379 613.9782049520809 0.0 0.0
-53.877272727272754 530.0 602.409090909091 300.5 623.9114128317879 609.2714121690336 0.0 0.0
-66.22272727272727 526.8571428571429 620.5909090909091 296.5 637.5218645409379 604.5646193859864 0.0 0.0
-78.56818181818184 525.25 638.7727272727273 295.25 651.1323162500878 602.5458206517117 0.0 1.0
-90.91363636363636 525.0 656.9545454545455 296.75 664.7427679592379 603.0645682650577 0.0 1.0
-99.03571428571428 523.25 625.15 297.0 659.3231052127846 601.6640752840756 0.0 1.0
-105.75 524.5 576.6833333333333 296.5 647.5600709811305 602.5053876727353 0.0 1.0
-112.46428571428571 524.25 528.2166666666667 298.0 635.7970367494763 603.0276727607045 0.0 1.0
-146.375 524.0 479.75 298.5 624.034002517822 603.0574184934632 0.0 1.0
-255.04166666666666 522.5 431.2833333333333 297.375 612.2709682861678 601.1973332203784 0.0 0.0
-343.20833333333337 520.5 382.81666666666666 295.875 600.5079340545136 598.717219522932 0.0 0.0
-431.375 523.5 334.35 291.5 588.7448998228595 599.1865812656936 0.0 1.0
-497.5 524.0 309.0 292.5 585.7256819705967 600.1101982136281 0.0 1.0
-484.0 523.75 267.0 291.75 552.8284786947061 599.5266805078779 0.0 1.0
-472.0 524.0 277.5 291.0 547.5313876348071 599.3805626877652 0.0 1.0
-580.5 524.5 277.5 291.0 644.7477292093082 599.8176806330404 0.0 1.0
-597.5 524.5 348.5 290.5 691.7071049734452 599.5754258745367 0.0 1.0
-609.5 525.5 359.0 294.5 707.3707121835278 602.3957920244662 0.0 1.0
-608.0 525.25 367.5 293.75 710.4371769650272 601.8116217966316 0.0 1.0
-411.0 523.5 257.0 295.0 484.78908112365536 600.8974237336306 0.0 1.0
-571.0 521.0 259.0 295.125 626.9947671995533 598.7821684158008 0.0 1.0
-573.0 520.25 266.5 294.5 631.9466219716069 597.8218462573595 0.0 1.0
-565.0 518.0 268.0 294.75 625.3391084345022 595.9895174320802 0.0 1.0
-553.0 515.25 262.5 295.5 612.1402084969411 593.9725285602823 0.0 1.0
-559.0 514.25 265.5 295.25 618.8552549664239 592.9803112508444 0.0 1.0
-581.5 512.5 307.0 295.0 657.7685510044828 591.3385240283268 0.0 1.0
-677.5 516.5 404.0 293.25 788.810659691237 593.952893814502 0.0 1.0
-661.5 504.25 330.75 289.5 740.3166499470208 581.4463446740956 0.0 1.0
-657.0 505.0 305.0 289.5 724.3447793545565 582.096214257115 0.0 1.0
-708.25 506.0 225.5 293.25 743.4637949770936 584.8563943211147 0.0 1.0
-768.1666666666667 506.0 243.66666666666669 294.0 809.7021221166804 585.230968669352 0.0 1.0
-500.83333333333337 346.25 280.33333333333337 259.0 579.29686680802 432.4931120820976 0.0 0.0
-509.0 267.5357142857143 277.5 188.46428571428572 581.1874679721925 327.2712592353687 0.0 0.0
-474.0 230.25 303.5 159.75 562.8408707376441 280.2738584418272 0.0 0.0
-484.0 192.96428571428572 287.5 131.03571428571428 563.1568089547596 233.2764576482857 0.0 0.0
-505.25 171.5 277.5 116.25 576.4445402317526 207.19576387767086 0.0 0.0
-491.0 199.75 315.5 156.5 583.6277943019923 253.7564241513478 0.0 0.0
-501.0 216.5 318.0 170.5 593.4227119044987 275.576689247686 0.0 0.0
-535.5 209.5 320.5 164.0 624.089364723658 266.0619289751511 0.0 0.0
-531.0 200.5 346.0 152.0 634.099609244015 251.60343232755176 0.0 0.0
-525.0 198.25 321.0 151.75 615.358929620095 249.6631405967765 0.0 0.0
-535.0 197.0 300.5 150.5 614.1239988491536 247.90976180860648 0.0 0.0
-541.5 197.0 282.9375 150.5 611.1162824305562 247.90976180860648 0.0 0.0
-547.5 197.75 296.1875 149.75 622.7244466354533 248.054890976825 0.0 0.0
-553.5 198.0 309.4375 147.25 634.3326108403505 246.75221291472346 0.0 0.0
-559.5 109.75 322.6875 92.5 645.9407750452476 143.78462274793006 0.0 0.0
-561.5 37.75 286.5 41.75 630.3901402109642 56.28664010307019 0.0 0.0
-627.0 37.75 270.0 39.25 682.7052536781638 54.475379974339134 0.0 0.0
-649.0 37.0 260.5 37.0 699.8473615425376 52.32709628583187 0.0 0.0
-559.0 30.0 294.5 31.0 631.8430931917841 43.1568803166187 0.0 0.0
-585.5 -0.0 329.5 6.5 672.1961542294016 6.5 0.0 0.0
-587.25 1.0 337.75 5.5 677.9904510922645 5.5901699437494745 0.0 0.0
-547.5 0.75 264.5 4.75 608.0452741937636 4.817355019603445 0.0 0.0
-551.5 0.25 269.5 5.0 613.8292952021102 5.0124689052802225 0.0 0.0
-571.0 -0.75 273.0 5.0 632.9082459891724 5.110076627227638 0.0 0.0
-574.0 -1.5 276.0 5.0 636.9087942663378 5.220153254455275 0.0 0.0
-571.0 -10.5 276.0 18.25 634.2058032669968 21.142158987341556 0.0 0.0
-568.0 -14.25 273.0 30.5 630.200922790093 33.665468985318114 0.0 0.0
-567.0 -14.5 273.0 31.0 629.2996106784112 34.22437921896935 0.0 0.0
-564.5 -14.0 272.0 31.0 626.6133179781433 34.02202467451991 0.0 0.0
-561.0 -13.0 271.0 30.5 623.0265276580051 33.15493930020081 0.0 0.0
-559.0 -13.25 268.0 30.5 619.9234200474526 33.254549730258326 0.0 0.0
-574.0 -14.25 279.5 31.25 638.4346769174751 34.34767712723021 0.0 0.0
-597.5 -15.25 299.5 32.25 668.3619883673068 35.674068934461125 0.0 0.0
-598.0 -15.5 295.5 33.5 667.0267600203861 36.9120576505835 0.0 0.0
-596.0 -31.25 330.5 35.5 682.1924797939671 47.492739780349275 0.0 0.0
-594.0 -37.0 366.0 35.5 697.704808640445 51.28088741549293 0.0 0.0
-595.5 -38.0 368.0 35.5 700.0318532363033 52.002403790594144 0.0 0.0
-601.0 -38.25 388.0 35.5 715.5083073086953 52.185643840849394 0.0 0.0
-602.5 -39.25 419.0 35.25 733.8718328910783 52.755334889700244 0.0 0.0
-603.0 -38.5 344.5 35.5 694.4706591637298 52.37364966975261 0.0 0.0
-602.0 -38.0 348.0 36.0 695.3473984769811 52.3450093132096 0.0 0.0
-599.0 -78.75 349.0 71.25 693.2549133959486 106.20027864908852 0.0 0.0
-597.0 -209.75 349.5 148.0 691.7799543541437 256.83941375876293 0.0 0.0
-601.0 -291.375 358.5 184.0 699.8583819139816 344.6661248310348 0.0 0.0
-586.0416666666667 -410.5416666666667 311.41666666666663 252.66666666666669 668.6150327606524 482.11607508947947 0.0 0.0
-680.2083333333333 -529.7083333333334 239.08333333333334 321.33333333333337 735.4662974277854 619.5660253479243 0.0 0.0
-774.375 -548.5 166.75 259.5 802.3175620949183 610.1764044063071 0.0 0.0
-770.0 -584.0 160.875 347.0 795.5992077805707 679.3122353860085 0.0 0.0
-632.5 -656.0 312.0 350.5 706.0636341993205 744.5837236593935 0.0 0.0
-567.0 -704.5 360.5 349.0 671.8998902580756 788.7758964781962 0.0 0.0
-542.5 -561.5 310.5 349.0 625.4672258357534 661.1542932405407 0.0 0.0
-544.5 -589.0 257.5 348.5 602.744917469447 684.6265317969275 0.0 0.0
-559.0 -585.0 290.5 350.5 629.9966656924751 682.2322050220984 0.0 0.0
-524.0 -559.25 241.5 359.25 576.9733540315381 664.697121670224 0.0 0.0
-633.5 -558.25 267.0 358.75 687.4816119859881 663.5848633068395 0.0 0.0
-610.0 -558.0 263.0 361.5 664.2877368845344 664.8660881489452 0.0 0.0
-617.0 -561.25 223.5 364.25 657.0562298333307 669.0889379821954 0.0 0.0
-627.5 -565.25 189.08333333333331 366.0 655.3752517001412 673.3970455555151 0.0 0.0
-637.5 -566.0 197.41666666666669 365.0 667.373623897706 673.4851410207847 0.0 0.0
-635.5 -579.5 219.0 364.75 672.1796396770387 684.7357915957089 0.0 0.0
-643.0 -573.25 233.0 362.25 683.9137421522917 678.1154997868334 0.0 0.0
-594.5 -571.5 277.5 362.0 658.4787925986748 676.5029576984983 0.0 0.0
-640.0 -572.25 394.0 362.5 752.7636686458632 677.4040987051392 0.0 0.0
-550.25 -571.25 294.625 363.5 625.93875597118 677.0958668228798 0.0 0.0
-544.0 -566.5 269.0 365.75 606.8749430278144 674.3115932744481 0.0 0.0
-545.5 -565.75 262.5 368.5 605.3757080624034 675.17799958039 0.0 0.0
-546.5 -563.25 258.5 370.0 604.5535347248658 673.9069924978844 0.0 0.0
-546.5 -558.75 257.0 373.25 603.913327763015 671.9536780650853 0.0 0.0
-547.5 -557.5 259.0 376.5 605.6734638585556 672.725832154583 0.0 0.0
-567.8333333333333 -566.0 285.0 380.1666666666667 635.346616517628 681.8533286742183 0.0 0.0
-537.1666666666667 -577.3333333333333 265.0 383.05555555555554 598.9813490032316 692.9039973124907 0.0 0.0
-507.0 -588.6666666666667 278.0 385.94444444444446 578.2553727563745 703.954665950763 0.0 0.0
-279.75 -600.0 267.25 388.8333333333333 593.0218774710746 715.0053345890353 0.0 0.0
9.25 -608.0 250.25 390.0 623.703386748842 722.332559773483 0.0 0.0
298.25 -583.0 233.25 394.25 654.3848960266096 704.0309720380571 0.0 0.0
587.25 -562.5 216.25 397.5 685.066405304377 688.7782644276781 0.0 0.0
658.0 -649.0 243.5 405.5 701.7411716702793 765.2664464784305 0.0 0.0
633.0 -633.0 260.0 402.0 684.3869943422601 749.9832011251638 0.0 0.0
568.5 -578.5 286.5 390.0 637.5494903411259 697.6871195349211 1.0 0.0
628.0 -560.5 270.5 381.25 683.7800131137609 677.8731699047307 1.0 0.0
630.5 -578.5 266.0 404.5 684.3174699482943 705.9497740427455 1.0 0.0
625.5 -635.5 262.0 402.0 678.1553805546662 752.2298158186939 1.0 0.0
628.0 -668.375 264.5 390.375 681.4336085318739 774.0319634276949 1.0 0.0
634.0 -655.875 263.0 387.875 686.385646938639 761.9944418728662 1.0 0.0
637.0 -705.25 269.5 390.125 691.6645756431442 806.9860126768085 1.0 0.0
640.0 -797.5 266.5 400.875 693.2784790996141 895.3043071582694 1.0 0.0
411.25 -552.75 349.0 386.75 551.6021788621556 674.7190851353067 1.0 0.0
645.5 -671.25 267.0 387.5 698.5410106756278 775.6882599947935 1.0 0.0
585.5 -613.25 275.5 380.5 647.8203446069941 721.7039272363447 1.0 0.0
129.5 -580.0 291.5 383.0 320.45128675978196 695.2083282710337 0.0 0.0
-90.0 -554.5 313.5 382.5 327.4914825418838 673.6294089518559 0.0 0.0
-352.125 -587.25 328.0 388.5 492.33368209988794 704.1354617490174 0.0 0.0
-520.5 -593.75 316.5 393.0 609.6678341983661 712.0385483628758 0.0 0.0
-554.5 -610.25 309.5 397.75 635.0283165243457 728.432176475806 0.0 0.0
-583.5 -617.0 279.0 392.25 647.4925610474559 731.2452022274415 0.0 0.0
-577.5 -582.0 243.0 384.5 626.5423013108609 697.5417393655207 0.0 0.0
-538.75 -588.5 308.5 401.0 620.8317630431959 712.1585713158681 0.0 0.0
-567.25 -593.375 321.25 387.625 651.9497812067675 708.8053057904617 0.0 0.0
-549.5 -623.5 360.5 379.5 657.1995468436119 730.087967383162 0.0 0.0
-565.75 -691.0 328.25 372.0 654.5113901714053 784.883515629421 0.0 0.0
-570.75 -697.0 248.75 354.5 622.6024630604368 781.971903727584 0.0 0.0
-569.25 -672.0 255.75 373.5 624.0646361630353 769.3753938888867 0.0 0.0
-568.0 -571.0 258.0 387.5 623.8494778657644 690.0705587649979 0.0 0.0
-566.25 -615.0 258.25 376.5 622.3603579689849 721.1226946543491 0.0 0.0
-564.25 -568.0 258.25 378.0 620.5410060566876 682.2949740088286 0.0 0.0
-562.75 -554.5 257.5 381.0 618.8650381543846 672.787333408882 0.0 0.0
-561.75 -562.5 255.25 379.0 617.0229096562448 678.2689876224249 0.0 0.0
-562.25 -555.0 254.25 379.0 617.0642060830041 672.064304878637 0.0 0.0
-541.25 -551.5 259.0 381.0 600.4929257308559 670.3083245790701 0.0 0.0
-525.25 -544.5 278.0 373.0 594.2886027193277 660.0219894706031 0.0 0.0
-529.25 -546.5 278.75 359.0 598.1916381428964 653.8680644411463 0.0 0.0
-531.25 -609.5 281.25 354.0 601.1254081027139 705.6638249789786 0.0 0.0
-532.75 -543.5 283.75 354.5 603.6035771134964 648.8935843802419 0.0 0.0
-536.75 -541.0 284.75 353.0 607.6044289385884 645.9798884722709 0.0 0.0
-536.75 -660.5 283.0 349.0 606.7867436709303 747.632738517983 0.0 0.0
-534.0 -495.0 282.0 311.0 603.8913627101161 584.8181878793416 0.0 0.0
-538.5 -383.0 287.5 256.63461538461536 610.4416087827049 500.9628377324234 0.0 0.0
-538.5 -281.0 290.0 239.48076923076923 611.6229753096313 458.6451070790398 0.0 0.0
-541.75 -179.0 292.25 222.3269230769231 615.551523928599 416.32737642565615 0.0 0.0
-559.25 -77.0 299.75 205.1730769230769 634.5164794433597 374.0096457722725 0.0 0.0
-577.0 25.0 306.25 188.01923076923077 653.2377822350282 331.6919151188889 0.0 0.0
-595.25 127.0 311.25 170.86538461538464 671.7137040186242 289.37418446550527 0.0 0.0
-607.0 208.75 313.75 164.5 683.2939717829349 265.7823546736977 0.0 0.0
-623.5 201.75 317.5 193.0 699.6851819079718 279.20365424346596 0.0 0.0
-602.0 206.0 274.5 200.0 662.9413100158542 287.1188374980694 0.0 0.0
-352.5 208.5 321.0 203.0 487.83327818710336 291.0004295529476 0.0 0.0
-17.5 219.75 281.29999999999995 154.5 417.54343380113005 268.6381312008853 0.0 0.0
244.5 215.25 213.70000000000002 155.25 447.60978442214446 265.3989097229724 0.0 0.0
474.125 214.75 195.875 154.5 513.793576699841 264.55213818158245 0.0 0.0
572.5 214.0 294.0 153.75 643.5776954999385 263.5053380032431 0.0 0.0
524.5625 211.0 288.375 152.25 599.6252027327573 260.1949892052954 0.0 0.0
478.8125 209.75 321.875 149.75 579.2138614763617 257.721966772409 0.0 0.0
454.0 207.0 345.5 148.0 570.5563203289378 254.46760329184173 1.0 0.0
465.0 203.75 340.5 146.5 581.4183849225249 250.952029227266 1.0 0.0
399.0 200.0 376.5 144.75 548.7144713275302 246.885810680803 0.0 0.0
375.0 201.0 361.5 143.5 520.9024055051952 246.9681153509497 0.0 0.0
436.5 201.5 300.5 143.5 531.203621700938 247.37539110925465 0.0 0.0
479.5 202.25 323.5 142.75 584.1819213951665 247.55443423591885 0.0 0.0
535.0 202.25 298.5 140.0 613.301830878909 245.98875106079063 0.0 0.0
537.5 251.375 325.5 144.0 629.8131448062068 291.11507229156507 0.0 0.0
538.5 317.2083333333333 318.0 153.33333333333331 626.378254249616 353.8340914858843 0.0 0.0
501.5 383.04166666666663 336.0 162.66666666666669 603.658141605698 416.55311068020353 1.0 0.0
501.0 435.25 326.0 283.25 597.7306552135769 519.4335144810088 1.0 0.0
540.5 555.75 313.5 300.25 625.593513481356 631.7091076000505 1.0 0.0
573.5 537.75 298.5 302.0 646.5330657607713 616.9396586652022 1.0 0.0
575.5 506.25 298.5 313.75 648.307458625046 595.5908781757262 1.0 1.0
576.0 521.25 297.5 312.75 648.2924229601765 607.9567156815506 1.0 1.0
576.5 533.75 297.0 305.75 648.5075859008157 615.1201733543478 1.0 1.0
520.5 537.5 310.5 303.75 607.266608442292 617.3942716862116 1.0 1.0
509.5 531.25 307.5 307.0 595.9964341356035 613.5768447450052 1.0 1.0
454.5 531.25 330.0 307.75 561.7590605691628 613.9516538642138 0.0 1.0
534.0 530.5 304.0 307.5 614.4688763476959 613.1774318026844 0.0 1.0
533.0 531.75 304.0 307.25 613.6000325945232 614.1350156413196 1.0 1.0
531.5 532.25 303.0 307.75 611.8016928060031 614.8172086080183 1.0 1.0
528.0 533.0 302.0 308.25 608.2664173797314 615.7167444005574 1.0 1.0
528.5 533.5 302.5 308.25 608.9488388263475 616.1495870599392 1.0 1.0
527.5 533.75 305.5 309.25 609.5789802460927 616.8672665193092 1.0 1.0
524.5 534.0 309.0 310.0 608.7540025223919 617.4593614282908 1.0 1.0
503.0 534.25 348.5 309.75 612.0585565882618 617.5501058697823 1.0 1.0
522.0 535.25 315.0 309.75 610.0994170502978 618.4158993998644 1.0 1.0
554.5 535.0 305.0 309.5 632.8484934081475 618.0738493721212 1.0 1.0
567.5 534.75 306.0 308.75 644.7432847715347 617.4821791984261 1.0 1.0
566.0 531.5 308.5 310.0 644.615845604084 615.3038106554443 1.0 1.0
506.5 528.25 297.0 311.25 587.4212506456311 613.1271439398181 1.0 1.0
458.5 528.5 308.0 309.5 552.3560749015219 612.4574886619638 1.0 1.0
516.0 528.25 308.0 308.0 601.9797105087421 611.4839385338344 1.0 1.0
572.5 528.5 293.5 292.0 643.349790536291 603.8047859761623 1.0 1.0
575.5 534.25 292.0 278.75 645.3405680853789 602.6139015269582 1.0 1.0
546.5 534.75 304.0 281.25 625.8309403592198 604.2012424241327 1.0 1.0
536.5 533.5 302.5 282.25 615.9282324674951 603.563670765499 1.0 1.0
555.0 533.5 329.0 286.25 645.1889202914532 605.448912878677 1.0 1.0
551.5 532.5 331.0 290.25 643.219168616097 606.4677235011104 1.0 1.0
564.5 531.5 350.0 298.0 664.1990058854706 609.3519485424222 1.0 1.0
559.0 531.75 355.5 303.5 662.4916806927499 612.2673414415106 1.0 1.0
554.0 529.5 342.5 302.5 651.3237254490591 609.8168893737798 1.0 1.0
559.5 528.25 353.0 300.5 661.5516538490486 607.7407904731494 1.0 1.0
562.0 526.5 356.5 300.25 665.5349173143555 606.0983631161621 1.0 1.0
556.5 535.0 345.0 293.0 654.7661620836751 609.9824804167231 1.0 1.0
558.0 534.5 343.5 286.5 655.2555685575401 606.4434673194716 1.0 1.0
486.5 534.0 278.0 277.5 560.7021390815537 601.7993410122201 0.0 1.0
542.5 530.75 296.5 278.25 618.2383507426961 599.265321449694 0.0 1.0
491.5 531.0 345.5 278.25 600.8494207637075 599.4866705559202 1.0 1.0
478.0 524.5 341.5 277.25 587.4695920860445 593.2697816010731 1.0 1.0
477.5 571.75 355.0 272.75 595.0187110830552 633.4924835778477 1.0 1.0
505.0 576.25 300.0 269.75 587.3885205377992 636.26209508272 0.0 1.0
504.5 577.75 304.0 270.25 589.0129455283644 637.832622102559 1.0 1.0
481.0 577.25 380.0 271.0 617.6206334391264 637.6981311445584 1.0 1.0
466.5 581.25 351.5 278.25 584.1720430967164 644.4180542106333 0.0 1.0
476.5 590.0 353.0 274.625 593.0103406636695 650.8449561347927 0.0 0.0
470.5 598.0 332.0 268.125 575.8505551231408 655.3872696598402 0.0 0.0
465.5 522.5 319.5 294.75 564.598319586346 600.2657031535235 0.0 1.0
478.0 304.5 345.5 330.25 589.830094680414 450.426953020602 0.0 0.0
471.5 125.51785714285714 338.0 305.32142857142856 580.1448059743595 349.3894249150659 0.0 0.0
493.0 27.589285714285715 365.0 312.6071428571429 613.5042702838027 392.7698835909744 0.0 0.0
472.0 -70.33928571428572 319.0 319.8928571428571 569.6886620011028 436.15034226688294 0.0 0.0
510.5 -168.26785714285714 325.0 327.17857142857144 605.666638790862 479.53080094279153 0.0 0.0
528.5 -266.19642857142856 306.5 334.4642857142857 610.9456623939233 522.9112596187001 0.0 0.0
472.5 -364.125 354.5 341.75 590.804284003658 566.2917182946086 0.0 0.0
473.0 -462.05357142857144 358.5 349.0357142857143 593.5088375089049 609.6721769705172 1.0 0.0
486.0 -530.5 358.0 351.0 603.632771336951 636.1063398432432 1.0 0.0
486.0 -619.5 353.0 361.0 600.6736250772187 718.8306078947808 1.0 0.0
452.5 -558.25 377.0 353.75 589.3060997454252 660.8957528558246 1.0 0.0
481.5 -584.5 352.5 342.25 596.7404386018882 677.3316508095652 1.0 0.0
483.0 -591.75 354.5 345.5 599.1770034148317 685.2309783180476 1.0 0.0
498.82142857142856 -666.75 299.2857142857143 329.5 609.5720269091871 744.2968047299275 0.0 0.0
358.1071428571429 -656.75 290.42857142857144 329.5 594.9165966714904 735.2653356087869 0.0 0.0
217.3928571428571 -584.75 281.57142857142856 345.25 580.2611664337936 679.0664032555662 0.0 0.0
76.67857142857142 -583.0999999999999 272.7142857142857 346.9 565.6057361960969 678.490068556787 0.0 0.0
-64.03571428571433 -581.9000000000001 263.85714285714283 348.1 550.9503059584002 678.074312395178 0.0 0.0
-204.75000000000006 -572.75 255.0 350.0 536.2948757207035 671.2444713847403 0.0 0.0
-345.4642857142858 -566.0 246.14285714285714 353.0 521.6394454830067 667.0589907308962 0.0 0.0
-448.5 -567.5 236.5 355.5 507.0371909202808 669.658859737224 0.0 0.0
-458.5 -573.0 236.5 368.25 515.904896810018 681.1387988312756 0.0 0.0
-460.0 -573.5 240.25 370.75 518.9611425757353 682.9047623685267 0.0 0.0
-463.0 -577.25 244.0 376.0 523.3606390668588 688.9115495097681 0.0 0.0
-438.5 -574.5 271.0 378.75 515.4845832206688 688.115270124521 0.0 0.0
-453.5 -573.75 240.0 380.75 513.0911162963534 688.5925828021461 0.0 0.0
-454.5 -573.0 236.5 382.5 512.3499780423534 688.9384552224368 0.0 0.0
-642.5 -304.75 228.0 380.0 683.1899947512167 494.7913354943118 0.0 0.0
-591.0 -3.125 254.0 372.125 648.0193958407551 388.9945060870415 0.0 0.0
-575.0 278.5 277.0 356.25 639.2910613721497 454.72571405031636 0.0 0.0
-578.5 466.0 239.0 337.25 625.9259728982015 576.8961265245763 0.0 0.0
-581.0 534.25 238.5 323.75 628.0473604783275 624.7058509085343 0.0 1.0
-584.5 527.5 240.0 325.75 631.8547256089328 619.9826457093232 0.0 1.0
-580.0 529.0 237.5 324.5 626.7441079944447 620.5998359497969 0.0 1.0
-582.0 528.5 238.5 319.5 628.973185167428 617.5708396583314 0.0 1.0
-589.5 527.25 281.0 318.0 654.0143117876514 615.7244222581235 0.0 1.0
-465.3571428571429 523.25 310.1428571428571 318.0 559.3474000649695 612.3036185488963 0.0 1.0
-476.78571428571433 520.5 302.71428571428567 319.75 565.1447436614582 610.8699312432444 0.0 1.0
-488.21428571428567 518.25 295.28571428571433 320.0 570.9420872579469 609.0838035537175 0.0 1.0
-499.6428571428571 518.25 287.8571428571429 327.0 576.7394308544356 612.7905522882236 0.0 1.0
-538.5 540.5 324.0 327.5 629.9205161307962 631.986083727862 0.0 1.0
-564.25 565.0 362.25 322.0 671.4513133557855 650.3760009253156 0.0 1.0
-520.0 510.75 271.5 324.5 586.6525178998343 605.1164312937407 0.0 1.0
-511.5 510.25 288.0 322.75 587.1658687091422 603.7570960475673 0.0 1.0
-485.0 510.5 254.5 325.0 547.7182706246873 605.2097075540737 0.0 1.0
-474.5 501.0 273.5 326.75 548.0754859626462 598.1374036407769 0.0 1.0
-427.5 522.5 284.5 314.25 513.5141740454035 609.7206855511731 0.0 1.0
-453.0 524.0 270.5 313.75 528.0476107339744 610.749628330781 0.0 1.0
-474.5 518.75 258.0 320.25 540.1059553036673 609.6428944709785 0.0 1.0
-474.5 529.25 259.5 316.25 540.8239084951774 616.5736163405475 0.0 1.0
-475.5 540.75 259.5 304.75 541.7019108799118 620.711915263774 0.0 1.0
-476.5 540.0 260.0 303.25 542.8188003376449 619.3228372081785 0.0 1.0
-510.0 538.75 264.0 304.0 574.4109705978013 618.6014050634894 0.0 1.0
-609.0 536.5 276.0 305.0 668.6409415260324 617.1363796300905 0.0 1.0
-454.5 533.25 291.5 304.0 540.6590934175085 613.817206099786 0.0 1.0
-424.5 530.75 294.0 303.0 516.5767506535743 611.1503094698016 0.0 1.0
-456.5 526.75 297.0 303.5 545.3310160105797 607.9300373715589 0.0 1.0
-555.5 525.75 292.0 304.5 627.9507707181621 607.563500368185 0.0 1.0
-460.5 525.75 310.0 304.75 555.3216404212153 607.6892499093667 0.0 1.0
-472.0 525.75 313.5 306.75 566.7432470191325 608.6949437188744 0.0 1.0
-421.0 511.0 302.0 305.5 518.1168641700215 595.3889909687946 0.0 1.0
-460.5 485.0 311.0 306.0 555.8713204352115 573.6102494308265 0.0 1.0
-455.0 457.17857142857144 296.5 285.2142857142857 543.4603520211036 539.7252622994124 0.0 0.0
-492.5 458.75 289.0 261.5 571.0318358280748 529.3726441239642 0.0 0.0
-495.0 460.32142857142856 291.5 237.78571428571428 574.4539271112083 519.0200259485159 0.0 0.0
-497.0 471.75 279.0 253.5 570.0963904409584 536.115303162564 0.0 0.0
-499.0 512.0 263.5 311.0 564.2989012925685 599.0534392492578 0.0 0.0
-515.0 516.0 266.0 314.0 579.6471360929019 604.0298931656505 0.0 1.0
-533.0 523.0 273.0 321.5 598.8473833142848 613.9167936661181 0.0 1.0
-511.5 525.75 269.5 308.75 578.1589202186765 609.7046819864584 0.0 1.0
-494.5 526.5 269.0 308.25 562.9327714419528 610.0986469788265 0.0 1.0
-503.3928571428571 521.25 281.2142857142857 313.5 576.7995016875244 608.2630677186863 0.0 1.0
-511.25 524.5 297.5 316.0 591.7747342759139 612.3370054433365 0.0 1.0
-519.1071428571429 523.25 313.7857142857143 310.75 606.7499668643036 608.5690120106283 0.0 1.0
-530.5 525.5 343.0 311.5 631.8281160364951 610.8866804655329 0.0 1.0
-519.125 526.25 283.5 314.25 592.421628540437 612.9377791760496 0.0 1.0
-512.5 526.25 264.0 314.5 576.503683192994 613.0655781145522 0.0 1.0
-631.5 527.5 276.5 306.5 690.164452367934 610.1267036221911 0.0 1.0
-614.5652173913044 524.0 235.8913043478261 297.75 666.5184984763099 602.6871225894121 0.0 1.0
-542.8260869565217 522.25 213.45652173913044 298.75 624.4462629471049 601.6617842249723 0.0 1.0
-471.0869565217391 520.0 191.02173913043478 298.25 582.3740274178998 599.4606822210776 0.0 1.0
-399.3478260869565 518.75 168.58695652173913 297.75 540.3017918886948 598.127696622963 0.0 1.0
-327.6086956521739 517.5 146.15217391304347 298.5 498.2295563594897 597.418352235268 0.0 1.0
-255.86956521739128 516.0 123.71739130434783 298.5 456.1573208302847 596.1197167678389 0.0 1.0
-184.13043478260872 515.0 101.28260869565217 299.0 414.0850853010797 595.5048807733501 0.0 1.0
-112.39130434782606 514.5 78.84782608695652 300.0 372.01284977187464 595.5771321067282 0.0 1.0
-40.6521739130435 514.0 56.413043478260875 312.5 329.9406142426696 601.6350530293992 0.0 1.0
31.086956521739125 516.75 33.97826086956522 326.5 287.86837871346455 611.2553655344636 0.0 1.0
102.82608695652175 517.0 11.543478260869563 324.0 245.7961431842595 610.1352309119676 0.0 1.0
174.56521739130437 517.0 -10.891304347826093 324.0 203.72390765505452 610.1352309119676 0.0 1.0
180.5 518.5 -6.0 325.25 180.61943542332855 612.0711088357602 0.0 1.0
166.0 520.5 -2.5 329.0 166.0195544923928 615.7615216898635 0.0 1.0
110.0 521.75 -10.5 330.25 111.51056628840729 617.4856273536752 0.0 1.0
49.16666666666667 523.75 -10.0 331.25 50.17632345344456 619.7113411851408 0.0 1.0
53.83333333333333 485.875 -12.0 335.58333333333337 55.157321381402824 590.6992590849385 0.0 0.0
59.0 489.375 -16.5 315.91666666666663 61.26397073247452 583.1283914907904 0.0 0.0
60.0 492.875 -24.0 296.25 64.62525051427836 575.5575238966421 0.0 0.0
60.5 514.5 -26.5 299.25 66.04922406811453 595.2263484150383 0.0 0.0
57.5 539.0 -25.0 339.25 62.70021672615967 636.8764130493446 0.0 1.0
48.75 531.5 2.200000000000001 339.25 64.70743232230971 630.5936438805916 0.0 1.0
37.75 537.0 37.800000000000004 341.5 68.2609097342417 636.3955508612647 0.0 1.0
35.5 546.0 160.5 348.5 165.38077134653903 647.7408997754615 0.0 1.0
21.5 547.25 264.0 346.0 264.88081845157865 647.4621112659415 0.0 1.0
26.5 547.0 274.0 339.25 275.2804731015043 643.6660786671861 0.0 1.0
29.0 549.0 269.0 336.0 270.5592417288278 643.6592125301938 0.0 1.0
32.5 548.75 262.0 337.5 264.0109547022222 644.2323227071081 0.0 1.0
35.5 550.75 255.5 332.5 257.9544625218097 643.3391043414731 0.0 1.0
150.0 550.0 256.5 327.25 306.44376358589324 639.9944369706243 0.0 1.0
521.0 552.0 281.0 327.5 595.0157551727111 641.8417702774431 0.0 1.0
505.5 551.75 235.0 328.0 557.4598783157695 641.8816704190208 1.0 1.0
494.0 549.0 240.5 328.5 549.6346199057332 639.7763048939833 1.0 1.0
479.0 548.5 262.5 331.0 546.2188363764867 640.6352448572893 1.0 1.0
471.5 546.5 255.5 328.5 536.3015734705491 637.6340241915237 1.0 1.0
554.5 545.5 228.5 335.5 600.2249023239636 640.4144606327768 1.0 1.0
545.5 545.25 232.0 334.25 593.655184409829 639.5474054636784 1.0 1.0
604.5 543.5 233.0 333.25 647.8604637447891 637.5325990303613 0.0 1.0
608.5 542.0 235.0 333.5 652.3016691322243 636.3854424340566 0.0 1.0
624.0 541.25 243.5 334.25 669.8437071677856 636.1404181608166 0.0 1.0
516.0 540.0 260.5 335.0 580.6577143337954 635.4726382647734 0.0 1.0
366.5 538.5 372.5 337.0 528.6792712708284 635.2575546678409 0.0 1.0
381.5 537.0 347.0 338.0 518.8933047242924 634.5179466256411 0.0 1.0
534.0 536.75 246.5 337.25 588.7484433558351 633.9071255394274 0.0 1.0
563.5 537.25 232.0 337.0 609.4745624259165 634.197587623767 0.0 1.0
552.0 538.0 216.75 337.75 593.0304216086854 635.232142126107 0.0 1.0
551.3333333333333 537.75 217.08333333333331 339.0 592.5321005015218 635.685571958322 0.0 1.0
550.6666666666667 538.25 217.41666666666669 339.75 592.0337793943582 636.5092128368099 0.0 1.0
573.75 539.0 257.875 342.0 629.050064027678 638.3457780402532 0.0 1.0
569.5 540.25 259.5 341.75 625.8459310198047 639.2679405526785 0.0 1.0
565.5 541.25 255.5 340.5 620.5425963184302 639.4472394454056 0.0 1.0
570.0 544.0 263.5 338.25 627.9589861067972 640.588629411977 0.0 1.0
579.5 543.5 255.75 334.25 633.6772288069492 638.0562049188773 0.0 1.0
593.5 543.75 246.75 332.0 643.071307053428 637.0950102085262 0.0 1.0
607.5 540.75 237.75 332.0 652.4653852999066 634.5361979641368 0.0 1.0
574.0 534.625 269.0 313.75 633.9248256390322 620.3717372007193 0.0 0.0
556.0 530.7916666666667 275.0 290.08333333333337 620.3611877654877 605.5274554472182 0.0 0.0
508.5 526.9583333333333 268.5 266.41666666666663 575.0347733423506 590.6831736937173 0.0 0.0
498.5 529.0 268.5 310.5 566.23344238822 613.4589684428659 0.0 0.0
492.5 542.75 281.5 342.75 567.2904323421335 641.9159306666413 0.0 1.0
462.0 539.0 308.0 341.25 557.1489975630952 637.9442859436533 0.0 1.0
541.5 556.75 264.5 351.5 602.7291352881298 658.4270208204999 0.0 1.0
535.0 556.25 278.0 346.5 603.5034994253435 655.3477686489939 0.0 1.0
570.5 553.0 266.5 347.0 629.6766672018572 652.8537545967289 1.0 1.0
570.5 552.0 265.0 345.75 629.0437763208001 651.3431310327979 1.0 1.0
535.5 551.0 298.5 346.75 614.9043265554252 651.0288918218373 1.0 1.0
544.0 353.75 266.0 299.5 605.748645303357 464.0990894260142 0.0 0.0
513.5 140.475 339.0 57.25 615.3720006136041 151.72197242884926 0.0 0.0
528.0 158.375 322.5 68.25 618.7040522731904 172.5552571798283 1.0 0.0
521.0 176.275 315.0 79.25 609.5617594686526 193.3885419308073 1.0 0.0
511.875 194.17499999999998 317.5 90.25 602.7228917303956 214.22182668178633 0.0 0.0
512.0 212.075 341.0 101.25 615.1635806090699 235.05511143276536 1.0 0.0
487.5 214.0 271.5 95.5 558.0041375052945 234.48271934153894 0.0 0.0
492.5 194.5 269.5 115.5 561.41476596556 226.2848468365355 1.0 0.0
493.5 191.25 269.0 139.5 562.0528825073984 236.97069173774884 1.0 0.0
492.5 192.0 269.0 163.75 561.1748836147249 252.34519746177128 1.0 0.0
490.5 193.25 269.0 165.0 559.4208709074526 254.10905952586515 1.0 0.0
485.5 192.5 276.5 161.375 558.7150984428139 251.19480697906522 1.0 0.0
431.5 192.0 344.0 158.5 552.732842128989 248.9707916408486 0.0 0.0
465.5 190.0 332.0 152.5 571.7672534511737 243.63169343963867 0.0 0.0
455.0 189.5 306.5 148.0 548.6050884676064 240.44884604923817 1.0 0.0
452.25 187.0 297.75 140.5 541.4657614265418 233.90145186199206 1.0 0.0
474.0 171.0 318.5 131.5 571.0714825998762 215.7493620624394 1.0 0.0
462.75 160.5 303.0 130.5 553.1245282710954 206.8586473899508 1.0 0.0
459.25 162.0 299.5 131.0 548.2805783886663 208.33890381453844 1.0 0.0
461.75 163.0 302.0 132.0 551.7431611733193 209.74508337503408 1.0 0.0
483.25 163.5 313.0 132.5 575.7847414390201 210.4483309508536 1.0 0.0
466.0 162.5 294.5 133.0 551.2710171535828 209.98904664710648 1.0 0.0
500.0 164.0 322.5 134.5 594.9850663319204 212.10011334484977 1.0 0.0
483.5 169.0 320.0 131.0 579.8036991257959 213.8973316711602 1.0 0.0
476.5 233.0 316.0 145.25 571.7599607081972 275.6668213565125 1.0 0.0
470.0 315.0 313.5 170.91666666666669 564.96231967688 359.47543437873776 1.0 0.0
464.5 397.0 309.0 196.58333333333334 557.8899981179086 443.28404740096295 1.0 0.0
448.0 458.25 297.0 271.75 537.5069471451129 534.1699377668026 1.0 0.0
434.5 515.5 290.5 334.0 522.6667386023119 614.413906998853 1.0 1.0
435.5 538.5 292.0 324.5 524.3340050046636 628.7166427702875 1.0 1.0
434.0 538.5 288.5 329.0 521.1414600600333 631.0496988718369 1.0 1.0
435.5 539.0 287.5 328.5 521.8425927648075 631.2205180300435 1.0 1.0
297.5 538.0 463.0 322.5 597.6908509095499 627.2564154788839 1.0 1.0
400.75 538.0 369.5 323.5 586.0453805892478 627.7713303342816 0.0 1.0
488.0 536.5 274.0 325.0 559.660664977247 627.261730398559 1.0 1.0
488.25 535.5 273.0 322.5 559.3899153416475 625.1133364919795 1.0 1.0
488.25 535.5 273.0 324.0 559.3899153416475 625.8883686409263 1.0 1.0
486.25 536.625 273.75 325.5 558.0131965054014 627.6279182942187 1.0 1.0
486.0 536.5 274.5 326.5 558.1632825616533 628.0402279722553 1.0 1.0
462.0 541.25 269.5 325.5 534.9401378998853 631.6053492864448 1.0 1.0
431.0 545.5 263.0 325.5 504.9067808386132 635.23333268349 1.0 1.0
426.0 544.75 265.0 326.75 501.6981164006897 635.2309735753572 1.0 1.0
481.0 541.75 285.5 329.25 559.4128760139656 633.9547555010013 1.0 1.0
512.0 544.25 292.5 328.0 589.6611608730339 635.4487857856441 1.0 1.0
512.5 545.5 292.5 326.0 590.0953607248091 635.4892699982062 1.0 1.0
511.5 544.5 291.0 324.0 588.4838570428249 633.606040406532 1.0 1.0
513.5 544.25 289.0 322.75 589.2395523044936 632.7525127103154 1.0 1.0
511.0 544.25 286.5 324.75 585.8355457917953 633.7767910827536 1.0 1.0
526.0 532.5 285.5 326.0 598.5909360424423 624.3723254992162 1.0 1.0
538.0 522.625 269.0 317.75 601.5056525315658 611.6959046130258 1.0 0.0
545.5 523.4583333333333 276.5 310.75 611.5739521093556 608.8224986173502 1.0 0.0
545.5 524.2916666666667 277.0 303.75 611.8000081726053 605.9490926216745 1.0 0.0
547.0 527.5 280.5 318.25 614.727010132311 616.0717881827275 1.0 1.0
555.5 531.25 279.0 320.25 621.6801399087624 620.3564859776366 1.0 1.0
561.5 542.25 271.5 329.0 623.6943984247763 634.282114067654 1.0 1.0
574.0 543.25 277.5 321.25 637.559954773764 631.1284975364521 1.0 1.0
578.5 546.0 283.0 323.25 644.0121872806039 634.5128909478938 1.0 1.0
577.5 545.5 282.5 322.0 642.8938890974146 633.4466184660931 1.0 1.0
577.5 545.0 293.5 321.5 647.8152463422992 632.7617525270514 1.0 1.0
578.0 544.75 315.0 322.25 658.262136164215 632.9279123851236 1.0 1.0
573.5 544.5 287.5 323.75 641.5382002313171 633.4779859439685 1.0 1.0
566.5 544.5 283.0 325.5 633.2544907065405 634.3742461521089 1.0 1.0
569.0 545.5 273.5 331.0 631.3192305359896 638.0683740791421 1.0 1.0
467.0 544.25 314.0 328.5 564.726595844287 635.7049000044692 0.0 1.0
503.5 541.5 288.0 327.0 580.0596326007242 632.5751471607107 1.0 1.0
501.0 540.25 287.0 327.5 577.3828784508712 631.7645141103928 1.0 1.0
504.5 540.5 334.0 329.5 605.9955809798114 633.0205815113799 1.0 1.0
556.5 540.75 375.5 331.25 671.4432830327846 634.1431155230691 1.0 1.0
548.0 539.25 361.0 332.25 656.2336486893748 633.3884135702972 1.0 1.0
539.0 541.25 343.0 329.75 639.1537758972975 633.7881879602944 1.0 1.0
536.5 550.25 318.0 333.0 623.6635915729748 643.1676343917998 1.0 1.0
563.0 549.25 314.5 331.5 644.9038430241227 641.5359233755921 1.0 1.0
566.5 549.25 310.0 331.5 645.774279361555 641.5355244942054 1.0 1.0
569.0 550.0 311.0 331.0 648.4458786252367 641.920143710877 1.0 1.0
565.25 549.0 309.5 330.0 644.4372844751297 640.5482470845475 0.0 1.0
559.5833333333333 544.5 307.5 324.75 638.5075038498351 633.9899268996886 0.0 1.0
553.9166666666667 545.0 305.5 324.0 632.5777232245405 634.0355394482629 0.0 1.0
558.3499999999999 547.0 310.1 323.75 638.6883034163174 635.6285181178675 0.0 1.0
566.1500000000001 549.0 316.9 327.5 648.8123372137848 639.2633363366531 0.0 1.0
572.0 550.0 322.5 330.0 656.6509268235243 641.4047313606272 0.0 1.0
573.5 551.75 323.5 336.0 658.4485826845837 646.007265872501 0.0 1.0
576.5 552.25 323.5 337.5 661.0635911612942 647.2146746587104 0.0 1.0
572.5 554.5 311.5 340.0 651.7824052917729 650.4389453150848 0.0 1.0
565.5 555.5 304.0 342.75 642.0330787419495 652.7319083442032 0.0 1.0
523.5 555.75 286.5 345.25 596.7711020818407 654.2596055616607 0.0 1.0
544.0 554.5 294.5 345.0 618.6105313290927 653.0660577057333 1.0 1.0
563.5 554.0 301.0 345.0 638.853073875363 652.6416935348232 1.0 1.0
564.0 553.5 302.0 344.0 639.7661894561188 651.6887875636396 1.0 1.0
565.0 553.0 304.0 342.5 641.5925498320565 650.4730970609007 1.0 1.0
565.0 552.25 306.0 342.75 642.5426055912557 649.967447984723 1.0 1.0
563.0 551.75 307.0 340.25 641.2628166360498 648.2273654229571 1.0 1.0
548.5 552.75 299.0 337.5 624.7039249013599 647.6413633495592 1.0 1.0
539.5 552.25 290.5 336.0 612.7401579354766 646.4334078870736 1.0 1.0
520.5 551.5 283.5 335.0 592.7026578050238 645.2733698651555 1.0 1.0
497.0 552.25 288.5 333.25 574.7388221440958 645.0083276942554 1.0 1.0
488.0 551.75 300.0 333.75 572.839628904335 644.839658916607 1.0 1.0
486.0 549.5 322.0 334.25 582.9924302552192 643.1750334087433 1.0 1.0
486.5 547.5 332.5 335.25 589.2695305179182 641.9881734068219 1.0 1.0
464.0 547.25 332.0 335.25 570.8133879630616 641.775004888961 1.0 1.0
476.0 545.75 343.5 333.25 588.0086041108098 639.4518645834125 1.0 1.0
477.5 543.25 323.5 333.25 576.8657516740946 637.3195094034263 0.0 1.0
483.0 541.0 322.5 333.0 580.7915885162436 635.2716495268578 0.0 1.0
500.5 539.0 304.0 333.0 586.3285329743934 633.5693088070254 0.0 1.0
504.0 536.75 326.0 333.25 602.0301515496512 631.7883305824367 0.0 1.0
502.25 535.0 389.625 334.0 635.6669923481929 630.6995398382178 0.0 1.0
504.5 534.0 386.0 334.25 635.2352668685955 629.9834183579746 1.0 1.0
483.0 533.25 363.0 334.0 604.2387521797914 629.2151627192286 1.0 1.0
465.5 532.5 387.0 334.0 605.4546196822095 628.5795494605277 1.0 1.0
492.0 532.0 353.0 335.0 606.0204467863603 628.6883735077072 1.0 1.0
508.5 526.0 349.0 316.5 616.7504506973605 613.8805428555324 1.0 1.0
535.5 528.5 359.0 317.5 644.7723780683136 616.5376579746006 1.0 1.0
554.5 528.5 366.5 319.75 664.6754277455439 617.70102345949 1.0 1.0
516.5 529.0 351.5 321.75 624.8764052571148 619.1641839020776 1.0 1.0
554.5 528.75 373.0 321.5 668.3553228284928 618.8205724691472 1.0 1.0
547.5 530.25 369.5 321.5 660.520099322346 620.1027344440921 1.0 1.0
510.0 532.0 342.0 322.5 614.0854708423766 622.1175759859973 1.0 1.0
548.0 485.25 352.0 312.5 651.315819125814 577.4295742126174 1.0 1.0
562.5 289.5 329.0 312.25 652.1187832531277 426.1125916270281 1.0 0.0
573.5 234.5 252.5 294.0 626.668105344155 376.06689075861664 0.0 0.0
574.5 230.25 275.0 292.25 636.9393418507175 372.05552504127576 1.0 0.0
591.5 228.0 334.0 292.0 679.4992909956567 370.47134727200455 1.0 0.0
578.0 227.75 320.0 292.5 660.6697392941729 370.7105671319879 1.0 0.0
576.5 233.25 298.0 266.5 649.1330703617466 354.80546360143546 1.0 0.0
598.5 232.0 293.0 196.5 666.3717418474796 304.0333097021582 1.0 0.0
597.0 229.5 294.5 195.5 665.6924637123695 301.4822698343681 1.0 0.0
595.0 253.25 285.5 151.5 659.9527665192442 299.31833464535345 1.0 0.0
591.5 348.20000000000005 288.0 150.60000000000002 657.8902407003784 379.7016773134262 1.0 0.0
584.5 441.79999999999995 278.16666666666663 207.39999999999998 647.3258170457184 488.31522990239534 1.0 0.0
584.5 509.25 270.83333333333337 271.5 644.2085946445504 577.4587355541948 0.0 0.0
588.5 528.75 279.5 310.0 651.5005324344081 612.9551576743607 1.0 1.0
589.5 526.0 282.5 321.0 653.697562902193 616.2126949834868 1.0 1.0
581.0 524.5 276.5 319.0 643.439949440366 613.8912700586944 1.0 1.0
579.0 525.0 384.0 315.5 695.0989773819581 612.5086962845498 0.0 1.0
455.0 525.5 353.5 314.5 576.4400312112605 612.4230061098904 0.0 1.0
455.0 529.5 309.0 314.5 550.0105371504183 615.8575569633877 1.0 1.0
457.0 532.75 288.5 313.5 540.4463460740888 618.1476772091776 1.0 1.0
455.5 534.5 287.5 313.0 538.6432254467027 619.4023328984159 1.0 1.0
454.5 536.5 286.0 313.0 536.9977527799222 621.1292167793603 1.0 1.0
456.0 537.5 280.5 312.5 535.3664927626435 621.7416560302192 1.0 1.0
476.5 535.5 309.0 310.75 567.9408568145036 619.1340576836715 1.0 1.0
463.0 534.0 273.5 309.5 537.7469991858419 617.2087390520063 1.0 1.0
447.0 532.5 260.5 308.0 517.3676966156943 615.1600897026156 1.0 1.0
493.0 531.25 267.0 305.5 560.8442973892313 612.8290151791666 1.0 1.0
442.5 531.0 257.0 302.5 511.7179398848549 611.1221399486155 1.0 1.0
443.0 531.0 258.5 300.0 512.9076271404002 609.8874532162324 1.0 1.0
456.0 530.75 267.5 297.5 528.6721277392219 608.4425816030509 1.0 1.0
468.5 530.0 285.5 294.5 548.666183904557 606.3255301341945 1.0 1.0
488.5 531.25 309.0 290.5 578.1670125577012 605.4890106187503 1.0 1.0
504.0 522.75 390.0 307.0 637.6168239100721 606.4707943835028 0.0 1.0
492.0 522.5 321.5 324.0 587.8275584152066 614.802686850552 1.0 1.0
490.5 525.75 317.0 327.25 584.0948044959878 619.2785154042006 1.0 1.0
514.5 525.25 318.0 330.25 604.8426204051189 620.4472169931347 1.0 1.0
516.5 524.0 317.5 331.5 606.2833762498751 620.0560357230501 1.0 1.0
461.5 521.75 291.5 335.0 545.9651593420014 620.038811149947 1.0 1.0
512.5 522.75 310.0 337.0 598.9627008149243 621.9621140422515 1.0 1.0
511.5 522.0 312.5 338.5 599.4084205265049 622.1474780811059 1.0 1.0
506.5 521.5 317.5 339.0 597.7890492801978 621.9995383754385 1.0 1.0
456.5 523.0 374.5 339.0 591.1227288542809 623.2575886334548 0.0 1.0
506.5 524.25 316.0 341.5 597.1539823954886 625.6705177687575 0.0 1.0
467.5 543.5 283.5 342.5 546.8239012500248 642.5145663019317 1.0 1.0
506.0 530.75 297.0 340.5 586.7254443782297 630.5837222156744 1.0 1.0
460.0 531.75 292.0 338.5 545.4786967451035 630.3501159302488 1.0 1.0
239.4318181818182 533.25 322.22727272727275 336.75 426.73965946982094 630.6791415648208 0.0 1.0
111.15909090909089 532.25 323.1363636363636 336.25 448.9609290925566 629.5666452436174 0.0 1.0
-17.113636363636374 560.5 324.0454545454545 333.25 471.1821987152923 652.1100246113492 0.0 1.0
-145.38636363636368 559.0 324.9545454545455 326.5 493.403468338028 647.6585283054553 0.0 1.0
-273.65909090909093 578.75 325.8636363636364 318.25 515.6247379607637 660.4806887998778 0.0 1.0
-401.9318181818182 580.25 326.77272727272725 318.5 537.8460075834994 661.9157368862354 0.0 1.0
-462.5 580.75 299.5 316.5 552.7065746152177 661.3950315240686 0.0 1.0
-471.5 580.5 278.0 314.5 547.7495502150755 660.2206245529155 0.0 1.0
-457.0 525.5 294.0 332.0 545.1302277130737 621.5902417835888 0.0 1.0
-484.0 523.75 258.0 333.75 548.4706008529537 621.0517276842561 0.0 1.0
-480.625 522.5 256.25 337.25 544.6827754529995 621.888141107582 0.0 1.0
-474.0 520.25 260.0 338.5 540.6256170605465 620.6789275376739 0.0 1.0
-482.125 520.25 263.75 339.5 549.5539998600503 621.2248636093543 0.0 1.0
-419.67857142857144 516.0 270.42857142857144 347.0 575.2681717958422 621.824068486459 0.0 1.0
-102.39285714285714 516.5 252.14285714285717 346.5 597.3024652701451 621.96119643211 0.0 1.0
214.8928571428571 517.25 233.85714285714286 345.0 619.336758744448 621.7511441024895 0.0 1.0
532.1785714285714 517.25 215.57142857142856 342.25 641.371052218751 620.2285410502213 0.0 1.0
594.0 516.5 243.5 338.5 641.9732750141478 617.5398459965788 0.0 1.0
513.0 515.75 228.5 334.25 561.6222265725507 614.591653715272 0.0 1.0
486.0 515.75 239.0 329.25 541.8278838081671 611.8886745517486 1.0 1.0
485.5 516.25 268.5 325.75 555.5872830742264 610.4330777498792 1.0 1.0
459.0 520.75 264.0 322.75 529.509654789922 612.667945367597 1.0 1.0
448.0 537.5 262.0 319.0 519.1769996342784 625.0347938607575 1.0 1.0
449.5 536.25 259.0 321.75 519.4991772772813 625.3698023618715 0.0 1.0
443.5 536.25 207.0 324.0 489.4364100582278 626.530424649641 1.0 1.0
447.0 534.75 216.5 323.75 496.6709522610972 625.118137566004 1.0 1.0
447.0 538.25 227.5 323.25 501.564589156078 627.8563964159007 1.0 1.0
448.5 539.5 232.5 324.75 505.18243060160717 629.7005751999959 1.0 1.0
448.0 505.0 229.0 327.75 503.1376300418616 602.3845594140377 1.0 1.0
448.5 335.75 228.0 327.25 503.12652617406366 468.99389373869474 1.0 0.0
452.5 286.15999999999997 245.0 238.2 514.7081152686377 372.44021982159586 1.0 0.0
452.0 272.79999999999995 237.0 223.0 510.36574737090507 352.90059887616644 1.0 0.0
451.0 259.44 233.5 207.8 507.8772938086937 333.36097793073714 1.0 0.0
447.5 246.08 243.0 192.60000000000002 509.266542600596 313.8213569853077 1.0 0.0
446.0 232.72 241.5 177.4 507.18831795794256 294.28173603987835 1.0 0.0
461.0 219.36 221.0 162.2 511.64878014687724 274.742115094449 1.0 0.0
493.0 206.0 251.0 147.0 553.2214490492449 255.2024941490196 1.0 0.0
493.0 192.64000000000001 252.5 131.8 553.9004449077383 235.6628732035902 1.0 0.0
487.0 179.28 323.0 116.60000000000001 584.7899683711919 216.12325225816085 0.0 0.0
500.0 165.92000000000002 282.0 101.4 574.0611507800031 196.58363131273148 0.0 0.0
519.0 152.56 265.0 86.2 582.9792199812505 177.04401036730212 0.0 0.0
515.5 139.20000000000002 256.0 71.00000000000001 575.6501309551505 157.50438942187276 0.0 0.0
534.0 125.84 291.0 55.80000000000001 608.6291994218789 137.96476847644337 0.0 0.0
513.5 180.25 285.5 32.75 587.5534733139971 183.35786039778492 0.0 0.0
513.0 170.75 263.0 70.0 576.662649938123 184.71311334898118 0.0 0.0
507.5 177.75 299.5 129.5 589.2918805335082 220.02744084663465 1.0 0.0
504.5 197.75 296.5 143.5 585.1813911684239 244.33317576063033 1.0 0.0
538.5 197.5 301.0 141.75 618.8900893698169 243.10388623455202 1.0 0.0
597.0 200.25 261.0 145.5 651.641870833874 247.528410131096 1.0 0.0
627.5 201.25 263.0 146.0 680.3861898029579 248.6332175863928 0.0 0.0
543.5 201.0 249.0 142.75 597.8237616555568 246.5341656926558 0.0 0.0
543.0 199.5 247.0 142.0 596.5383833924855 244.88100362789754 1.0 0.0
581.5 199.0 252.0 141.0 633.8926248839205 243.88934814551973 1.0 0.0
617.5 197.5 254.0 142.0 667.6993151557908 243.24969641378175 1.0 0.0
612.5 196.0 250.0 141.5 661.5559311199621 241.74022349585528 1.0 0.0
610.5 194.5 249.5 142.5 659.5156746402205 241.11584205448264 1.0 0.0
609.5 194.5 250.5 143.0 658.9694331860771 241.41103105516402 1.0 0.0
609.5 244.95833333333334 252.5 171.625 659.7326833294342 299.22889527795905 1.0 0.0
609.0 314.79166666666663 252.5 204.125 659.2705642583992 375.51251182694216 1.0 0.0
530.5 384.625 331.0 236.625 627.0538095276459 451.79612837592526 0.0 0.0
543.5 438.75 303.0 285.25 622.2558861278364 523.6839608496393 1.0 0.0
529.5 463.0 302.0 335.5 609.5838414898586 571.8111301755878 1.0 1.0
505.5 496.25 292.0 341.25 583.7759422068376 602.3189257093997 1.0 1.0
499.5 518.25 289.5 331.75 577.3305232510335 615.3813907785367 1.0 1.0
540.5 536.5 302.5 326.5 619.3921943088684 628.0570932419214 0.0 1.0
489.5 519.75 283.5 331.25 565.7556453960096 616.333641377239 1.0 1.0
490.0 516.5 282.5 330.0 565.6840684894089 612.9220882758627 0.0 1.0
485.0 514.0 287.0 330.0 563.5548463444547 610.8158478625124 1.0 1.0
488.5 497.5 300.5 328.0 573.5503323454828 595.9818462709047 1.0 1.0
488.5 268.25 309.0 324.5 578.0896658385805 422.3929029119707 1.0 0.0
475.5 266.95833333333337 303.5 272.9583333333333 564.2440264742378 381.8025042763663 1.0 0.0
470.0 242.23611111111111 288.0 247.56944444444446 551.2326937150914 346.36580152038067 1.0 0.0
492.5 217.5138888888889 345.0 222.18055555555554 601.4240814023073 310.9290987643951 0.0 0.0
499.5 192.79166666666669 346.5 196.79166666666669 607.9818563827062 275.4923960084095 1.0 0.0
497.5 168.06944444444446 317.0 171.40277777777777 589.9180394056668 240.05569325242388 1.0 0.0
481.5 143.34722222222223 291.0 146.01388888888889 562.9410002413495 204.6189904964383 1.0 0.0
513.0 118.62500000000001 281.0 120.625 584.9191444694452 169.1822877404527 1.0 0.0
486.0 93.90277777777779 314.5 95.23611111111111 580.3315314180268 133.7455849844671 1.0 0.0
473.0 69.18055555555556 343.5 69.84722222222221 584.6145357620801 98.30888222848148 1.0 0.0
470.5 -8.5 346.0 73.0 584.0605521130594 81.61680419151953 1.0 0.0
473.0 66.0 271.0 107.75 545.2513158470584 126.36585591795793 0.0 0.0
511.83333333333337 60.75 277.5 98.5 582.2349199569853 115.74838288013026 0.0 0.0
509.16666666666663 66.75 267.5 103.25 575.1737436206997 122.94767386348158 0.0 0.0
416.5 30.75 235.0 58.5 478.645658562165 68.49152492307316 1.0 0.0
466.0 12.25 249.0 28.0 528.4459879474831 30.567294932911906 1.0 0.0
423.0 8.5 242.0 24.5 487.37355106359416 25.955545760041563 0.0 0.0
482.0 6.75 312.5 19.25 575.0552800873558 20.40555641619566 0.0 0.0
418.0 6.0 217.0 20.25 470.9710181069381 21.124140840149053 0.0 0.0
417.5 6.25 214.5 20.75 469.37932766469316 21.67307141772406 1.0 0.0
411.5 -8.5 226.0 5.75 469.499334043849 18.582707793162292 1.0 0.0
404.0 -20.0 226.0 -9.25 462.93713667057756 22.09271689216024 1.0 0.0
311.5 -20.25 222.5 -10.0 385.9139137887396 22.58483461545599 0.0 0.0
343.5 -21.0 186.5 -11.0 390.90159208560556 23.707674799865163 0.0 0.0
330.5 -21.25 182.5 -12.25 377.54574420582014 24.530421662095073 0.0 0.0
308.5 -21.25 188.0 -12.5 361.2703764644622 24.654179525295824 0.0 0.0
287.5 -21.0 191.0 -12.25 345.3069230635411 24.3162794557881 0.0 0.0
290.5 -21.75 176.0 -12.75 339.65629690567556 25.213925455281107 0.0 0.0
281.0 -20.5 172.0 16.5 329.4934794390921 26.91317606587613 0.0 0.0
239.0 -16.75 237.5 20.0 337.03647030685886 26.092630687217294 0.0 0.0
242.5 -16.5 223.0 23.0 329.45219128095476 28.307860443664936 0.0 0.0
231.0 -16.375 246.0 23.75 338.31721015922824 28.85101846724161 0.0 0.0
245.5 -16.0 218.5 24.5 328.6574012092679 29.261749776799064 0.0 0.0
271.25 -14.5 250.0 24.5 368.91305258145945 28.47253348174569 0.0 0.0
299.75 -14.0 118.0 25.0 322.17724687105544 28.654139267311322 0.0 0.0
295.0 -13.0 136.75 23.5 325.86534291932264 26.859661887073816 0.0 0.0
311.25 4.5 161.25 15.0 350.5637704236477 15.913838232170106 0.0 0.0
302.0 8.0 156.5 13.5 340.1654510800409 15.71110255092798 0.0 0.0
305.25 7.5 162.25 14.5 345.69269640417036 16.330868674891907 0.0 0.0
223.5 7.5 117.0 16.5 253.99426769786368 18.12456896039186 0.0 0.0
94.5 6.0 88.0 17.5 131.1939132454006 18.5 0.0 0.0
103.75 5.0 79.25 17.5 139.8008699211581 18.202353773151735 0.0 0.0
44.25 3.5 43.5 19.5 62.09295102519965 19.81772444717162 0.0 0.0
111.0 2.5 101.25 20.5 153.34626286116642 20.651965176651487 0.0 0.0
113.0 -96.5 101.0 108.5 151.96321440655265 145.36520933875192 0.0 0.0
147.75 -308.5 94.25 203.5 177.84457768333937 370.2211921965811 0.0 0.0
149.0 -541.0 79.0 278.5 170.24409844191393 609.658516310245 0.0 0.0
151.0 -633.5 89.0 300.5 175.36562332513523 701.165552821501 0.0 0.0
155.25 -633.5 77.0 302.0 173.34026444673015 701.8045209685497 0.0 0.0
10.5 -653.5 141.0 299.0 172.5109095360162 718.6677685658649 0.0 0.0
-16.75 -627.0 191.5 308.5 192.5934565919339 698.792450811904 0.0 0.0
-143.29166666666669 -625.0 53.625 332.5 158.87819816591866 707.9449987940056 0.0 0.0
-126.45833333333333 -623.5 108.125 339.5 183.08092220647632 709.9392568890241 0.0 0.0
-109.625 -624.0 162.625 338.0 207.283646247034 709.664070263545 0.0 0.0
-86.75 -622.5 213.25 342.5 230.5962247599341 710.5017184399004 0.0 0.0
-84.25 -622.0 222.75 337.5 238.16504050342675 707.6658975444135 0.0 0.0
-194.5 -621.5 244.75 336.5 317.91932279699165 706.7492483193739 0.0 0.0
-427.25 -627.5 283.0 326.0 513.900258923502 707.1640139716419 0.0 0.0
-584.0 -645.5 248.5 331.5 635.3252803691807 725.6928764346592 0.0 0.0
-597.5 -609.25 193.5 334.25 628.081527827904 695.0717017647622 0.0 0.0
-603.0 -620.25 187.5 328.5 631.4786252229171 701.870633913247 0.0 0.0
-486.5 -618.5 225.5 339.25 536.2206115141812 705.4619256179371 0.0 0.0
-484.5 -652.5 228.0 336.5 535.4667988163687 734.1967355080521 0.0 0.0
-483.0 -643.0 227.5 332.5 533.8962914274643 723.9277589404362 0.0 0.0
-608.0 -667.5 200.5 335.75 640.221740351257 747.1850945301117 0.0 0.0
-609.0 -595.25 202.5 361.0 641.7863741141864 698.2457671475711 0.0 0.0
-608.5 -617.25 205.5 367.75 642.2640579055785 718.5096486095977 0.0 0.0
-608.5 -630.5 207.5 366.5 642.919630733949 729.3016426210144 0.0 0.0
-598.5 -628.75 222.0 367.75 638.3465205016938 728.4000941935433 0.0 0.0
-598.0 -641.0 224.0 364.0 638.5808335427912 737.1410991119678 0.0 0.0
-600.0 -627.25 228.5 363.0 642.0376754239405 724.8425647281224 0.0 0.0
-440.0 -645.0 302.0 359.0 533.6724738851856 738.1775254841779 0.0 0.0
-444.5 -629.0 287.5 366.0 529.6253431985759 727.7344128179075 0.0 0.0
-443.0 -639.75 269.5 361.0 518.5356868807987 734.5755225649112 0.0 0.0
-433.0 -635.0 267.5 364.0 508.96609902755927 731.9500028770103 0.0 0.0
-424.0 -637.5 258.5 363.5 496.5925290913352 733.8591907382547 0.0 0.0
-399.375 -636.0 232.75 367.5 462.44181324203896 734.5423319469699 0.0 0.0
-374.54166666666663 -639.25 207.08333333333331 361.5 428.249486917185 734.3863350562247 0.0 0.0
-349.70833333333337 -637.0 181.41666666666666 365.5 394.057160592331 734.418163357358 0.0 0.0
-394.125 -632.25 231.25 371.0 457.17404426718656 733.0628066600509 0.0 0.0
-411.0 -630.0 247.0 368.0 479.51245996714545 729.6057262750994 0.0 0.0
-416.0 -636.5 253.0 366.0 486.89332720385477 734.2593596648524 0.0 0.0
-416.5 -613.25 258.5 374.75 490.19850012138386 718.7057939524759 0.0 0.0
-415.0 -602.25 258.0 379.25 488.6607642796727 711.8826120037476 0.0 0.0
-406.0 -613.0 254.5 374.25 479.17609481925376 718.2145278602178 0.0 0.0
-403.5 -600.75 250.5 380.75 474.93633262151974 711.2678748230373 0.0 0.0
-405.0 -611.0 246.0 374.0 473.8598895279996 716.3840213395708 0.0 0.0
-435.0 -615.25 284.0 371.5 519.7767230374889 718.7159213723259 0.0 0.0
-361.46428571428567 -624.5 305.5357142857143 366.5 498.29271650686655 724.1092504347753 0.0 0.0
-218.75 -626.5 278.25 359.75 401.6681856452795 722.452623667453 0.0 0.0
-76.03571428571425 -628.5 250.96428571428572 361.0 305.04365478369243 724.7990866076204 0.0 0.0
26.5 -628.25 219.5 359.75 221.1163576824136 723.9614969858867 0.0 0.0
80.5 -624.25 218.5 360.25 232.8577250641956 720.7433942560103 0.0 0.0
81.0 -623.75 221.0 360.75 235.37686051633727 720.5592793540966 0.0 0.0
78.5 -626.25 219.5 360.75 233.11477859629576 722.7246565927691 0.0 0.0
72.0 -621.25 217.5 364.25 229.10772305379456 720.1668111659752 0.0 0.0
66.0 -619.25 215.0 363.25 224.90224883251102 717.9284379749155 0.0 0.0
82.0 -619.25 237.5 363.25 251.70287052398675 717.9284379749155 0.0 0.0
94.0 -618.25 342.5 366.75 356.0076380706844 718.8496634444407 0.0 0.0
129.0 -614.0 352.0 364.0 375.0278893984464 713.7874766375328 0.0 0.0
140.5 -538.75 335.0 365.75 363.2727385616585 652.6996228412327 0.0 0.0
135.0 -312.1666666666667 349.0 360.83333333333337 374.3141380773297 582.2987804503201 0.0 0.0
143.5 -113.05555555555554 344.5 352.6111111111111 373.1958048181533 572.515100262885 0.0 0.0
151.5 86.05555555555557 360.5 344.3888888888889 391.0526187366503 562.7314200754498 0.0 0.0
147.0 285.1666666666667 459.5 336.16666666666663 482.4421650253961 552.9477398880147 0.0 0.0
152.5 448.75 478.5 335.25 502.22020470470864 560.167674472816 0.0 1.0
168.0 476.0 532.5 350.25 558.3902292248754 590.974698586507 0.0 1.0
144.5 503.0 519.5 342.5 539.222946743451 608.5469163915386 0.0 1.0
150.0 508.0 497.0 344.5 519.1439515908207 613.798445074576 0.0 1.0
181.5 509.25 484.0 351.5 517.7402472056295 618.7842761221162 0.0 1.0
268.0 507.75 472.0 359.5 542.8062579471837 622.1352963344261 0.0 1.0
273.0 503.5 462.0 361.0 536.6311639530458 619.5437586679424 0.0 1.0
280.0 497.0 473.0 362.75 549.6626355593326 615.317465749079 0.0 1.0
277.5 505.75 460.5 353.75 537.6490760366894 617.2734920120884 0.0 1.0
276.0 509.25 453.5 338.0 530.884403613442 611.2119480427162 0.0 1.0
277.0 507.0 453.5 332.5 531.4049773948302 606.304605631791 0.0 1.0
281.5 502.75 461.0 327.0 540.1521352746056 599.738871040281 0.0 1.0
278.0 497.5 462.0 326.25 539.1922417617975 594.9368881498788 0.0 1.0
261.5 491.75 453.5 323.5 523.5139517376151 588.6185645314883 0.0 1.0
297.5 485.0 423.0 318.25 517.1481319132406 580.0931975740676 0.0 1.0
301.0 478.75 423.5 313.75 519.5712513761094 572.3994816764089 0.0 1.0
287.5 473.75 391.5 311.75 485.7289526009557 567.1218894898815 0.0 1.0
283.5 401.5 402.5 335.0 492.3254788184079 524.191052015678 0.0 1.0
272.5 79.25 395.0 335.0 479.9432919846623 352.04483743236204 0.0 0.0
273.5 -243.25 402.5 361.0 486.66038964303976 443.8273353433911 0.0 0.0
277.5 -531.0 392.5 312.5 480.75994283168404 616.7756123099455 0.0 0.0
271.0 -644.5 373.5 340.5 461.4581702668413 730.754680332783 0.0 0.0
275.5 -540.25 358.0 338.25 451.82241197754945 637.4077944016974 0.0 0.0
213.0 -543.75 338.0 340.75 400.45908836817733 641.6966911101454 0.0 0.0
180.0 -553.0 324.5 327.0 371.08419318276265 642.4762766139684 0.0 0.0
165.5 -567.25 355.0 323.75 391.89492412715344 653.139701035394 0.0 0.0
172.5 -579.25 335.5 321.0 377.24859199013434 662.2600440271561 0.0 0.0
175.5 -590.25 329.0 318.25 372.8823552680566 670.5876844509003 0.0 0.0
160.0 -595.25 359.5 314.5 393.7490406247807 673.2267636791202 0.0 0.0
106.5 -604.5 294.5 308.0 314.08492522193455 678.444299950221 0.0 0.0
53.0 -601.0 227.5 303.5 234.57697082398658 673.286000798757 0.0 0.0
43.5 -602.75 229.5 312.75 233.60330046786794 679.0590412998515 0.0 0.0
41.0 -601.25 231.0 318.25 234.61033147564558 680.3348830971537 0.0 0.0
40.5 -600.75 229.0 321.25 232.5544790946925 681.2550452487176 0.0 0.0
5.0 -593.75 237.0 325.75 237.22546965871766 677.2397725693183 0.0 0.0
20.5 -592.5 229.0 331.25 229.92119632946816 678.810378552537 0.0 0.0
37.5 -582.0 220.5 338.75 223.66678932021097 673.4782142741285 0.0 0.0
48.0 -577.25 213.5 353.25 218.8319627554672 676.7631617480093 0.0 0.0
59.5 -594.5 202.0 351.5 210.58362035751958 690.640403674027 0.0 0.0
55.5 -589.25 203.0 355.75 210.45232346776663 688.318010148324 0.0 0.0
54.0 -573.75 202.0 358.5 209.09459468976007 676.5507545781975 0.0 0.0
53.0 -585.5 202.0 352.75 208.83725721240447 683.6018254557086 0.0 0.0
63.0 -619.75 207.5 369.25 217.2174703584069 721.4540387550359 0.0 0.0
223.29999999999998 -604.25 203.0 375.25 335.65383972497693 711.2884852572136 0.0 0.0
417.70000000000005 -539.0 191.0 392.0 482.2301319101913 666.4742001472927 0.0 0.0
575.5 -532.75 208.5 382.25 612.4596079437031 655.6976555266806 0.0 0.0
598.0 -572.75 265.0 386.0 654.0960960308224 690.6854173858488 0.0 0.0
492.0 -582.0 242.5 386.5 548.5168404796955 698.9382078287358 0.0 0.0
542.5 -500.16666666666663 248.0 348.41666666666663 597.1288348152498 647.9740216704278 1.0 0.0
516.0 -330.3888888888889 305.5 289.6388888888889 600.0384123651554 525.0812943585006 1.0 0.0
528.0 -160.61111111111111 294.0 230.8611111111111 604.3379411476885 402.18856704657355 1.0 0.0
531.0 9.166666666666629 289.5 172.08333333333331 605.0485502153908 279.2958397346465 1.0 0.0
487.5 163.0 329.0 139.0 589.2503858330322 214.40421009651118 1.0 0.0
444.5 197.5 347.5 189.25 568.5179559851979 273.5882595978477 1.0 0.0
496.0 202.5 277.0 203.5 568.1066718190714 287.08622400270883 1.0 0.0
489.5 203.5 328.0 202.25 589.2391523016189 286.9099927547918 0.0 0.0
493.5 213.5 322.0 170.5 590.3846223008751 274.98449605985763 1.0 0.0
526.0 216.5 242.0 151.25 579.1144538667493 264.100391550376 1.0 0.0
568.0 219.0 171.35 151.25 593.2905920519995 266.153477114226 0.0 0.0
572.0 219.5 176.75 153.25 598.706352195697 267.7066733600834 0.0 0.0
576.0 218.5 182.15 153.5 604.1221123393946 267.03027835363366 0.0 0.0
596.125 219.5 172.75 155.0 621.2152564642478 268.7111284017347 0.0 0.0
621.625 214.7 158.41666666666669 146.45 642.2008619161529 260.4296681254086 0.0 0.0
647.125 199.5 144.08333333333331 122.25 663.186467368058 236.32659192794648 0.0 0.0
599.5 184.3 178.75 98.05 626.2739348163816 212.22351573048434 0.0 0.0
584.5 169.10000000000002 183.0 73.85 612.4850843957563 188.1204395330222 0.0 0.0
592.0 153.9 170.0 49.650000000000006 615.9851315943522 164.01736333556008 0.0 0.0
531.5 173.0 112.5 51.0 543.5251158631605 180.65301189340178 0.0 0.0
491.5 203.5 185.0 106.5 525.3159035774329 229.89026013430845 0.0 0.0
480.0 160.0 183.5 92.5 513.879730590657 184.99783394344053 0.0 0.0
479.0 177.5 176.5 114.5 510.4833643035829 211.23331195687456 0.0 0.0
478.0 199.25 171.5 137.5 507.8395623429338 242.0887650530236 0.0 0.0
484.0 194.25 179.0 134.0 516.0425352048774 235.99037171922646 0.0 0.0
478.5 195.75 168.0 135.0 507.1357375336264 237.79534624850209 0.0 0.0
483.0 194.75 170.5 134.5 512.2720119936071 236.6839658427031 0.0 0.0
483.5 194.75 172.0 136.0 513.182472420873 237.53644537020728 0.0 0.0
538.0 192.0 164.0 136.25 562.491080348172 235.43194984944066 0.0 0.0
607.0 167.25 250.5 143.25 656.6576721738559 220.21276346224596 0.0 0.0
609.0 163.25 251.5 142.25 658.8879446450567 216.53181134662884 0.0 0.0
606.0 162.25 249.5 142.25 655.352032296625 215.7790320932933 0.0 0.0
605.0 160.75 250.5 143.0 654.8093233911686 215.1518603203475 0.0 0.0
603.5 159.75 251.5 144.0 653.8077217291872 215.07290107296444 0.0 0.0
602.5 88.25 251.0 164.25 652.6923088255293 192.03762911548063 0.0 0.0
602.5 -74.46875 250.0 206.53125 652.3084009883669 274.10404756194595 0.0 0.0
600.5 -231.09375 250.0 245.90625 650.461566889236 396.7117226639198 0.0 0.0
601.0 -387.71875 250.0 285.28125 650.9233542611587 519.3193977658937 0.0 0.0
601.0 -544.34375 249.5 324.65625 650.7314832158474 641.9270728678673 0.0 0.0
496.5 -583.25 255.5 331.75 558.4991668315827 670.9982667485255 0.0 0.0
521.5 -594.75 283.0 336.75 593.3398351516366 683.4714371081634 1.0 0.0
519.5 -599.25 298.0 330.0 598.9076502405346 684.1116299264429 1.0 0.0
516.0 -624.75 296.5 356.5 595.1206867968236 719.312787442578 1.0 0.0
579.5 -623.0 298.5 350.0 652.3082386849246 714.5850243164316 0.0 0.0
538.5 -621.0 313.0 352.75 622.8820495421346 714.213616579706 1.0 0.0
588.5 -624.25 379.5 342.0 700.3984879924956 711.8050804922495 0.0 0.0
579.5 -618.5 327.0 348.25 665.4973514831247 709.8035113059127 0.0 0.0
582.5 -621.5 323.0 346.5 666.1765287171951 711.570587595651 0.0 0.0
578.5 -624.25 327.0 335.5 664.5279501547238 708.6972887322474 0.0 0.0
611.5 -624.0 358.0 334.5 708.6447897479218 708.0032345610928 0.0 0.0
591.0 -656.25 312.0 346.75 668.3983415422465 742.2608543093286 0.0 0.0
582.0 -620.75 312.5 331.5 660.6313598974461 703.7217244341415 0.0 0.0
578.5 -664.5 318.5 297.0 660.3820878565944 728.4956894450679 0.0 0.0
511.5 -632.5 342.0 306.25 615.6037806584104 702.7513874917257 0.0 0.0
461.0 -635.75 283.0 314.25 540.9346815602502 709.2344067821714 1.0 0.0
439.0 -637.75 290.5 315.25 526.4177263290836 711.4138888163434 1.0 0.0
434.5 -615.5 279.0 299.5 516.3635741303132 684.5509879982084 1.0 0.0
433.5 -474.6375 275.5 311.125 513.636567678061 573.6565820855765 1.0 0.0
431.0 -411.1875 281.0 293.625 514.5117285245516 535.4545841252371 1.0 0.0
427.5 -347.7375 278.0 276.125 509.94149105567635 497.25258616489793 1.0 0.0
521.0 -284.28749999999997 334.0 258.625 620.1828346387111 459.0505882045586 0.0 0.0
516.0 -220.83749999999998 342.5 241.125 621.2338452123001 420.8485902442194 0.0 0.0
537.5 -157.3875 302.0 223.625 616.5312561983217 382.64659228388007 1.0 0.0
540.0 -93.93749999999997 308.5 206.125 621.9109550165979 344.44459432354074 1.0 0.0
481.5 -30.487499999999983 371.0 188.625 607.898655047328 306.2425963632015 0.0 0.0
462.0 32.962500000000034 320.0 171.125 562.0150310858132 268.0405984028622 0.0 0.0
478.5 96.41250000000002 324.0 153.625 577.875910274389 229.83860044252296 1.0 0.0
537.0 148.25 312.0 133.75 621.0580191041529 199.82213809690592 0.0 0.0
507.0 152.0 322.5 136.0 601.3166904503632 203.96136991927327 0.0 0.0
473.0 153.0 319.0 139.25 570.5173091151573 206.88481043277824 1.0 0.0
469.5 187.0 337.0 149.0 577.989503300213 239.11053723108387 1.0 0.0
463.5 189.0 317.5 157.75 561.8185039809655 246.186313626053 1.0 0.0
465.5 187.25 328.5 159.0 569.7474098129744 245.64974691876353 1.0 0.0
499.0 187.75 320.0 160.25 593.3236309669035 246.8405339976939 1.0 0.0
528.5 188.0 309.5 160.5 612.456138703 247.19295175009194 1.0 0.0
483.5 186.75 343.5 161.75 593.379906525446 247.06089815462286 1.0 0.0
596.0 187.5 316.5 162.25 674.826537278825 247.9542933285805 0.0 0.0
511.5 187.75 380.0 160.75 637.365786760419 247.16551285528908 0.0 0.0
492.0 187.0 333.0 158.25 594.1060245457388 244.97372258949633 1.0 0.0
534.0 287.75 320.0 231.75 623.131198327209 369.4713634873684 1.0 0.0
586.5 445.0 319.5 285.5 667.8791058267956 529.7327879083231 1.0 0.0
584.0 530.0 317.0 322.25 664.4886704104033 620.4522494906548 1.0 1.0
521.5 535.75 294.0 321.0 598.8224260643236 624.5557367409638 1.0 1.0
463.0 537.0 273.5 317.25 537.7466956464684 623.7133418827865 0.0 1.0
588.5 540.0 312.0 314.5 666.0902721929814 624.9085672690974 0.0 1.0
521.5 540.5 295.0 314.75 599.3048691124982 625.4664120121804 0.0 1.0
502.0 571.0 314.0 318.5 592.282810248413 653.9277976157769 0.0 1.0
509.0 539.25 329.5 318.25 606.3490439107135 626.1728054417188 0.0 1.0
450.0 539.5 314.0 319.5 548.7221659066207 627.0099718632547 0.0 1.0
454.0 545.5 304.5 327.0 546.6596119179559 636.010451746499 1.0 1.0
483.5 555.0 296.0 326.0 566.970119275147 643.6636337587502 1.0 1.0
518.5 546.5 297.0 322.5 597.5377681253369 634.5724005827255 1.0 1.0
524.5 536.5 306.5 323.0 607.4945439965976 626.2282719451921 1.0 1.0
534.0 508.5 310.0 322.0 617.4773083519923 602.0824010090746 1.0 1.0
555.5 317.75 298.5 220.625 630.6599199478537 386.85966119417503 1.0 0.0
559.5 254.546875 365.5 181.21875 670.1479087260605 312.5962720929987 1.0 0.0
558.75 240.609375 418.375 172.84375 698.058555798941 296.55825701185637 0.0 0.0
548.5 226.671875 372.5 164.46875 663.3508263044464 280.5202419307141 0.0 0.0
497.0 212.734375 381.0 156.09375 626.9967548462773 264.4822268495718 0.0 0.0
484.0 198.796875 349.5 147.71875 597.0035092507446 248.44421176842957 1.0 0.0
478.5 184.859375 363.0 139.34375 600.6095584900692 232.4061966872873 1.0 0.0
468.5 170.921875 356.0 130.96875 588.4128773241569 216.36818160614501 1.0 0.0
466.5 156.984375 350.0 122.59375 583.414576283998 200.33016652500277 1.0 0.0
459.0 143.046875 349.0 114.21875 576.6621692624574 184.29215144386046 1.0 0.0
473.5 129.109375 371.5 105.84375 602.1036194059782 168.2541363627182 1.0 0.0
478.5 115.171875 356.5 97.46875 596.703846980289 152.2161212815759 1.0 0.0
442.0 101.234375 367.0 89.09375 574.5113905591597 136.17810620043366 1.0 0.0
455.5 87.296875 357.5 80.71875 579.1314254004526 120.14009111929138 1.0 0.0
473.0 73.359375 358.0 72.34375 593.206233773443 104.10207603814911 1.0 0.0
457.0 59.421875 365.0 63.96875 585.1049932972061 88.06406095700683 1.0 0.0
478.0 45.484375 360.0 55.59375 598.4012356980422 72.02604587586455 1.0 0.0
455.0 34.5 354.0 56.0 576.5352107567385 65.89092746559037 1.0 0.0
417.0 50.0 385.0 86.0 568.241679118812 99.6081038705448 0.0 0.0
419.5 44.0 386.0 86.5 570.640050266842 97.0486569651506 0.0 0.0
432.0 -35.0 357.0 93.5 560.422692444349 147.91702698028507 1.0 0.0
434.0 77.3125 358.5 54.0625 562.9194293763755 95.84884262611732 1.0 0.0
441.5 75.0625 357.0 58.8125 567.8785319474985 98.63174487316564 1.0 0.0
453.0 72.8125 410.0 63.5625 612.7278624822723 101.41464712021397 1.0 0.0
457.5 70.5625 396.5 68.3125 605.636072626392 104.1975493672623 0.0 0.0
454.5 68.3125 368.0 73.0625 584.804810238533 106.98045161431062 1.0 0.0
523.0 66.0625 359.0 77.8125 634.3591966869622 109.76335386135896 0.0 0.0
497.0 63.8125 357.5 82.5625 612.3877653040618 112.5462561084073 0.0 0.0
481.5 61.5625 352.5 87.3125 596.7419414820753 115.32915835545563 1.0 0.0
469.0 59.3125 348.0 92.0625 584.0286769605741 118.11206060250396 1.0 0.0
477.0 57.0625 348.5 96.8125 590.7463793138902 120.89496284955229 1.0 0.0
523.5 54.8125 354.0 101.5625 631.9562738158477 123.67786509660061 0.0 0.0
519.5 52.5625 357.5 106.3125 630.6277712184844 126.46076734364894 1.0 0.0
512.5 50.3125 351.0 111.0625 621.174108657639 129.24366959069727 1.0 0.0
423.5 48.0625 325.0 115.8125 533.8394560923267 132.0265718377456 0.0 0.0
188.5 45.8125 221.5 120.5625 291.09639317234 134.80947408479392 0.0 0.0
52.5 43.5625 98.0 125.3125 113.66470823700297 137.59237633184225 0.0 0.0
-10.25 41.3125 44.0 130.0625 45.17845470121757 140.37527857889057 0.0 0.0
-30.25 39.0625 59.0 134.8125 67.11928911912543 143.1581808259389 0.0 0.0
-37.5 36.8125 85.25 139.5625 93.1360336429538 145.94108307298723 0.0 0.0
-3.5 34.5625 43.5 144.3125 43.69689319217906 148.72398532003555 0.0 0.0
-56.125 39.0 75.66666666666667 173.0 103.48312262319065 177.47855959042488 0.0 0.0
-224.625 54.5 146.33333333333334 214.0 278.7526708731325 220.83138983657028 0.0 0.0
-393.125 57.5 217.0 219.5 454.0222191230743 226.90683576969147 0.0 0.0
-657.5 58.0 403.25 219.5 772.4903819111931 227.03410246920183 0.0 0.0
-468.75 144.5 273.0 159.0 523.0446132383647 215.6817702097194 0.0 0.0
-473.75 155.5 267.0 150.5 524.9465294627712 216.4046757115587 0.0 0.0
-509.25 155.0 273.5 149.0 578.8727397474581 215.0023260215985 0.0 0.0
-565.0 153.5 300.5 148.0 639.9449361399281 213.2281645710388 0.0 0.0
-571.75 153.5 295.25 148.0 643.4860425110323 213.22846798529685 0.0 0.0
-573.25 153.5 292.0 147.0 643.3351903520568 212.53529173724286 0.0 0.0
-572.75 151.5 292.25 146.5 643.003282908662 210.7474792257312 0.0 0.0
-574.5277777777778 151.5 288.72222222222223 145.0 643.0798414980329 209.70784553356373 0.0 0.0
-574.6388888888889 150.0 277.6111111111111 143.5 638.5096095446105 207.586728862902 0.0 0.0
-574.75 150.0 266.5 142.0 633.9393775911881 206.5529427439546 0.0 0.0
-574.8611111111111 151.0 255.3888888888889 139.5 629.3691456377655 205.5766261462455 0.0 0.0
-574.9722222222222 151.0 244.27777777777777 138.5 624.7989136843431 204.89814542840548 0.0 0.0
-573.9285714285714 149.5 241.92857142857144 139.0 622.8369445542181 204.13537175119848 0.0 0.0
-572.5 72.5 242.5 177.0 621.7443963651924 199.41020669729113 0.0 0.0
-571.0714285714286 -145.75 243.07142857142856 252.25 620.6518481761666 301.69900963540636 0.0 0.0
-563.0 -387.0 239.25 301.0 611.727831945178 490.62564303514273 0.0 0.0
-557.5 -583.25 234.75 331.0 604.9081036179933 670.9757867449491 0.0 0.0
-556.5 -628.75 233.75 332.75 603.5988405823848 711.5787602044073 0.0 0.0
-554.5 -645.25 231.5 343.75 600.8849442634306 731.1041307301205 0.0 0.0
-555.0 -626.0 229.0 340.0 600.388269128782 712.3752823990054 0.0 0.0
-553.5 -627.75 227.5 332.75 598.430480498866 710.4886467158781 0.0 0.0
-553.5 -619.25 226.0 344.25 597.8614597190701 708.5704230213605 0.0 0.0
-554.0 -603.5 224.5 343.5 597.7594214752164 694.7046440644933 0.0 0.0
-557.0 -587.0 225.5 341.5 600.9154120220089 679.1514010533186 0.0 0.0
-565.0 -568.0 228.25 346.5 609.3628403725891 665.3467349488933 0.0 0.0
-573.0 -567.0 228.25 344.0 616.7900091967601 663.1930844506326 0.0 0.0
-568.5 -582.0 226.0 347.75 611.774679117387 678.0173071321555 0.0 0.0
-566.25 -563.5 226.75 344.25 609.9634468450733 660.3345070666064 0.0 0.0
-568.1875 -560.0 225.875 345.25 611.4381005341797 657.8736872076199 0.0 0.0
-566.9375 -565.25 225.375 341.25 610.0918123847878 660.2720137892692 0.0 0.0
-563.875 -564.25 221.25 343.75 605.7465936904393 660.7141495013083 0.0 0.0
-554.0 -563.0 207.0 340.0 591.4114582780194 657.7008805400985 0.0 0.0
-548.0 -562.0 203.5 342.5 584.5650834823372 658.1415635752818 0.0 0.0
-547.0 -568.5 203.5 347.5 583.6278519787871 666.3002776132107 0.0 0.0
-547.0 -569.0 205.0 349.75 584.1524507284327 667.9217704093428 0.0 0.0
-547.0 -573.75 204.0 350.25 583.8022971041082 672.2084323731265 0.0 0.0
-546.0 -575.0 205.5 356.25 583.3922085355235 676.4179739741494 0.0 0.0
-546.0 -575.75 206.5 360.0 583.7452087299682 679.0371162895834 0.0 0.0
-588.0 -573.75 250.5 362.25 639.1559267500094 678.5382311058723 0.0 0.0
-603.0 -583.75 251.5 364.25 653.3466055521328 688.1218561714876 0.0 0.0
-616.5 -564.25 259.0 350.25 668.6967710434692 664.1211005356083 0.0 0.0
-565.0 -563.0 329.0 350.5 653.8096751293361 663.1935887494387 0.0 0.0
-564.0 -565.0 327.5 351.25 652.1913025584378 665.2849683902737 0.0 0.0
-626.875 -564.0 331.5 339.5 709.6644874036693 658.2986718261122 0.0 0.0
-726.5 -572.0 340.5 335.25 802.36954085146 663.0060189606539 0.0 0.0
-584.0 -580.0 287.5 334.5 650.9413860724285 669.5498515375821 0.0 0.0
-598.5 -584.5 297.0 328.5 668.1417595033045 670.486808230373 0.0 0.0
-733.0 -581.0 335.5 326.0 806.9591987732972 666.2109296907784 0.0 0.0
-778.5 -581.75 343.5 328.5 852.1671519528606 668.0958635778474 0.0 0.0
-652.5 -575.75 321.5 332.25 729.304638892183 664.7448567058043 0.0 0.0
-526.5 -567.75 299.5 336.25 606.4421258315051 659.8560095446389 0.0 0.0
-508.0 -562.5 292.5 340.0 586.1953611326645 657.2812096556672 0.0 0.0
-514.5 -562.5 285.0 348.0 588.1700579428174 661.4522728331219 0.0 0.0
-465.5 -565.5 273.5 353.25 539.9156658580605 666.7652611490475 0.0 0.0
-440.375 -565.5 259.5 354.25 512.8100802595108 667.2955547475091 0.0 0.0
-555.375 -568.5 235.875 361.5 603.4242192741075 673.7060192082354 0.0 0.0
-558.5 -630.25 225.0 367.5 602.11897243407 729.6227611245112 0.0 0.0
-557.0 -633.75 235.5 365.0 604.7390517064728 731.7259715121992 0.0 0.0
-555.0 -573.0 236.0 363.0 603.0928775409316 678.3053476674547 0.0 0.0
-550.0 -580.5 235.5 360.5 598.2979232242647 683.3306508004483 0.0 0.0
-546.5 -675.5 236.0 368.75 595.2800091499726 770.5763327476287 0.0 0.0
-532.9166666666667 -587.75 215.25 345.25 574.8288232996214 681.7438408383998 0.0 0.0
-542.5833333333333 -676.5 200.25 356.5 578.4394316573062 765.1595612599037 0.0 0.0
-536.5 -621.75 198.0 346.25 571.872275631695 711.7062946115786 0.0 0.0
-539.0 -647.0 196.5 349.75 573.7017177050382 735.4828355029642 0.0 0.0
-591.0 -619.25 227.0 345.0 633.1873862996467 708.8692347241874 0.0 0.0
-621.0 -645.25 251.75 345.25 670.1010631247943 731.9650360943072 0.0 0.0
-609.0 -595.25 249.41666666666669 341.75 658.1167741649135 686.3837000830564 0.0 0.0
-597.0 -593.0 247.08333333333331 341.5 646.1324852050326 684.3034779978836 0.0 0.0
-585.0 -587.5 244.75 343.5 634.1481962451518 680.5505662437506 0.0 0.0
-573.0 -586.25 246.0 345.0 623.5868224849902 680.2313729288637 0.0 0.0
-651.375 -587.0 344.125 346.75 738.8253802220502 681.7662635373894 0.0 0.0
-603.5 -592.75 212.5 371.25 639.8222391282818 699.9266393926066 0.0 0.0
-589.5 -599.5 204.5 391.5 623.9769294303453 716.0117865265563 0.0 0.0
-589.0 -592.0 211.0 387.5 625.6812237629177 707.5495735000303 0.0 0.0
-495.5 -584.0 240.0 389.0 550.5636180369447 701.6964741841883 0.0 0.0
-588.0 -624.0 214.0 391.5 625.7315952075319 736.6801392251393 0.0 0.0
-589.5 -628.0 216.0 387.5 627.8267837616056 738.0705322198556 0.0 0.0
-590.5 -679.0 216.0 384.5 628.765831209652 781.3571590336376 0.0 0.0
-594.5 -619.25 217.0 380.0 632.8665992374533 726.7561940747312 0.0 0.0
-598.0 -587.0 217.5 378.5 636.3256553302163 698.4496479801235 0.0 0.0
-601.0 -604.0 225.5 380.5 641.9135944403442 713.8830589948593 0.0 0.0
-601.0 -669.9642857142858 228.0 380.17857142857144 642.7956419257514 771.9325752381244 0.0 0.0
-604.0 -737.25 233.5 375.75 647.5732900456605 829.7143381176506 0.0 0.0
-598.25 -804.5357142857143 230.25 371.32142857142856 641.0451639047412 887.4961009971769 0.0 0.0
-595.0 -745.75 224.5 358.5 635.9444744804273 828.3670519135724 0.0 0.0
-600.0 -611.5 231.5 337.5 643.1198410642996 698.5933414122778 0.0 0.0
-598.0 -568.0 225.5 344.0 639.1045807005526 664.0688222387889 0.0 0.0
-559.0 -566.75 237.5 335.25 607.6728514178792 658.4870946240728 0.0 0.0
-552.0 -564.75 212.0 338.0 591.3104363489588 658.1710060354239 0.0 0.0
-550.0 -630.25 211.0 346.0 589.0849107503327 719.6727562427664 0.0 0.0
-549.0 -584.75 210.5 344.5 587.9721507010345 678.8426304657298 0.0 0.0
-549.5 -632.75 210.0 345.5 588.2603590248114 721.7162425284268 0.0 0.0
-545.0 -587.75 212.0 342.0 584.7811837403801 680.1230659138641 0.0 0.0
-545.5 -647.0 212.5 342.5 585.4286609494255 732.2742737301343 0.0 0.0
-545.0 -568.5 213.0 340.75 585.1446119325635 662.7995370606166 0.0 0.0
-543.5 -593.5 212.5 338.0 583.5658158355474 683.0610813154484 0.0 0.0
-469.5 -642.75 258.0 339.25 536.2964432478575 726.925237625692 0.0 0.0
-459.21875 -631.5 258.90625 339.5 528.6062530177594 717.3956919738303 0.0 0.0
-482.84375 -583.5 242.78125 337.0 542.697410754761 673.8268693758484 0.0 0.0
-506.46875 -586.75 226.65625 334.5 556.7885684917627 675.4010391512279 0.0 0.0
-530.09375 -661.5 210.53125 337.0 570.8797262287644 743.0450059062944 0.0 0.0
-551.5 -593.75 213.5 333.5 591.3835480471879 681.0094855920076 0.0 0.0
-551.5 -605.75 216.5 333.5 592.4733297576822 691.4893343916963 0.0 0.0
-551.875 -612.75 219.0 332.25 593.740773465953 697.0494542500817 0.0 0.0
-542.5 -697.5 212.0 335.75 582.4519577785919 774.9858685403545 0.0 0.0
-540.0 -606.0 208.5 344.0 578.8546173337859 696.9947187000121 0.0 0.0
-540.5 -590.0 205.5 338.75 578.2480299764654 680.3406724916572 0.0 0.0
-432.5 -588.25 206.5 346.5 482.1633320689063 682.7156242013768 0.0 0.0
-612.0 -592.0 327.5 344.5 694.368859809176 684.9420836969907 0.0 0.0
-497.0 -587.5 445.0 347.25 667.2755499948235 682.4549760591703 0.0 0.0
-511.4375 -588.5 406.6875 372.75 657.6146009132202 696.6255127054437 0.0 0.0
-455.1875 -575.0 509.4375 372.75 691.7332733290657 685.3696314002798 0.0 0.0
-396.6875 -576.5 600.4375 381.75 721.782096687434 691.4409002390535 0.0 0.0
-331.4375 -574.0 656.1875 380.25 739.6213728733704 688.5247252563571 0.0 0.0
-271.025 -574.0 682.625 384.5 739.0518508179034 690.8812827830088 0.0 0.0
-225.125 -572.5 621.125 386.25 683.2559340382263 690.6132834678226 0.0 0.0
-179.225 -570.0 559.625 390.25 627.460017258549 690.7930719857293 0.0 0.0
-133.325 -600.0 498.125 393.0 571.6641004788719 717.2516332897001 0.0 0.0
-87.42500000000001 -571.25 436.625 390.5 515.8681836991947 691.9666088966742 0.0 0.0
-41.525000000000006 -639.0 375.125 394.75 460.07226691951746 751.1158491223157 0.0 0.0
4.374999999999972 -640.5 313.625 393.75 404.27635013984025 751.8684944330698 0.0 0.0
50.275000000000006 -716.25 252.125 391.5 348.48043336016303 816.2657824384225 0.0 0.0
96.17499999999998 -641.25 190.625 383.25 292.6845165804858 747.0490660293536 0.0 0.0
142.075 -627.0 129.125 383.75 236.88859980080855 735.1552506470623 0.0 0.0
156.0 -579.0 126.0 382.0 205.82739831426633 693.6645722290291 0.0 0.0
133.5 -601.0 236.0 381.0 271.181156389385 711.7108312849134 0.0 0.0
138.0 -598.5 275.5 357.5 308.14624901174864 697.1432272975799 0.0 0.0
160.0 -703.75 281.0 363.5 323.3604670679796 793.0723974572699 0.0 0.0
129.5 -672.0 286.0 356.75 313.9874302454009 760.8286620641657 0.0 0.0
144.0 -656.0 284.0 357.0 318.59384613860453 746.8510079545645 0.0 0.0
145.0 -645.5 281.5 355.75 316.78801165643847 737.040615985877 0.0 0.0
142.0 -625.5 297.0 356.5 329.20189369206577 720.0283127976998 0.0 0.0
200.5 -630.75 246.0 354.5 323.6414356156556 723.5602685799911 0.0 0.0
166.875 -617.25 192.625 350.0 283.9126622527685 709.5776296289374 0.0 0.0
60.70833333333333 -622.25 180.125 351.5 237.5367412173996 714.6658853051923 0.0 0.0
-45.45833333333334 -633.0 167.625 353.5 191.1608201820307 725.019380006081 0.0 0.0
-24.5 -628.0 205.5 348.0 206.95533120093842 717.978520170541 0.0 0.0
-25.0 -610.5 216.0 340.0 217.4447710146443 698.7924282077531 0.0 0.0
-23.5 -608.25 216.5 340.0 217.77166941546827 696.8272105664366 0.0 0.0
-25.0 -607.5 212.5 342.75 213.9661108377892 697.5197917685678 0.0 0.0
-49.0 -646.0 241.5 346.0 247.0770686159931 733.0211859966471 0.0 0.0
-71.5 -629.5 281.5 353.25 290.4393616623638 721.9871079803967 0.0 0.0
-67.5 -613.5 280.0 368.75 288.0212904125689 715.7929019261818 0.0 0.0
-66.5 -778.75 278.5 380.875 286.3297688243756 867.7342304380577 0.0 0.0
-67.5 -599.0 279.5 360.0 287.53521523458653 698.8574520865816 0.0 0.0
-67.5 -598.0 278.0 360.0 286.0779869977433 698.0003373453159 0.0 0.0
-67.0 -596.5 276.0 360.5 284.01586912093177 696.9743413263127 0.0 0.0
-101.0 -597.75 279.5 362.25 297.8239187076264 698.9493850807125 0.0 0.0
-364.5 -598.75 269.0 362.25 456.4630145346654 699.8047266148631 0.0 0.0
-553.0 -598.25 259.0 364.0 610.6685578740107 700.2876494336597 0.0 0.0
-639.1666666666667 -597.5 215.33333333333331 366.25 674.6263763059602 700.8177048864554 0.0 0.0
-771.8333333333333 -597.75 290.66666666666663 369.75 824.8830710719213 702.870730763987 0.0 0.0
-646.0 -694.5 295.0 355.25 738.8437894997098 781.0667537821543 0.0 0.0
-601.0 -712.0 343.0 352.75 692.450206627952 794.6098675430567 0.0 0.0
-602.5 -672.75 282.0 350.75 665.9200022776399 758.7045543673304 0.0 0.0
-603.5 -653.25 311.5 349.25 679.15337631292 740.7519331335303 0.0 0.0
-587.5 -643.0 297.5 348.0 658.5488414805181 731.1317000494109 0.0 0.0
-587.5 -611.0 305.5 339.0 662.1832803600805 698.7544926266633 0.0 0.0
-589.0 -607.5 307.0 340.0 664.206441245095 696.1731861173064 0.0 0.0
-587.0 -610.5 308.0 339.0 662.8974686703602 698.3074055278632 0.0 0.0
-584.5 -613.0 309.5 340.0 661.3853300051392 700.9775046896847 0.0 0.0
-584.0 -610.0 310.0 341.0 661.1777695403673 698.8429458460392 0.0 0.0
-582.0 -608.5 309.5 341.0 659.1769489294965 697.5343043240272 0.0 0.0
-579.0 -605.75 309.0 342.75 656.2944900632413 695.9976642330647 0.0 0.0
-577.5 -604.75 308.0 343.75 654.500148691124 695.6196042368845 0.0 0.0
-577.5 -605.5 309.0 343.75 654.9713309426322 696.2717571223274 0.0 0.0
-578.0 -609.25 311.0 344.25 656.3575198563376 699.7831992334948 0.0 0.0
-578.5 -608.0 239.5 346.5 626.1170018455017 699.8046121328034 0.0 0.0
-578.0 -607.75 239.0 346.5 625.46382789095 699.5873430025483 0.0 0.0
-579.0 -613.5 240.0 358.5 626.770556029938 710.6471858523785 0.0 0.0
-579.0 -593.5 240.0 373.75 626.7702978263058 701.7495534584152 0.0 0.0
-578.5 -606.0 241.5 360.5 626.8850993222907 705.1305814985933 0.0 0.0
-578.0 -603.5 241.5 362.25 626.4233791933376 703.8762156345757 0.0 0.0
-578.0 -600.75 243.0 363.75 627.0033592013292 702.2981133735884 0.0 0.0
-576.5 -594.5 243.0 342.75 625.6210346200091 686.4837769015139 0.0 0.0
-577.5 -500.375 244.5 243.5 627.1255855089952 532.4487210142455 0.0 0.0
-578.0 -398.4423076923077 244.0 117.73076923076923 627.3915939721389 450.00037075725106 0.0 0.0
-602.0 -302.3653846153846 247.0 110.03846153846155 650.732802381923 401.4160809569439 0.0 0.0
-629.0 -206.28846153846155 252.0 102.34615384615384 677.7335307152828 352.83179115663665 0.0 0.0
-720.2857142857142 -110.21153846153845 262.5357142857143 94.65384615384616 766.6638244875805 304.24750135632945 0.0 0.0
-675.4285714285714 -14.134615384615358 252.67857142857144 86.96153846153847 721.2336480333196 255.66321155602225 0.0 0.0
-630.5714285714287 81.94230769230768 242.82142857142856 79.26923076923077 675.8034715790586 207.07892175571504 0.0 0.0
-585.7142857142858 150.25 232.96428571428572 88.0 630.3732951247977 174.7190378754076 0.0 0.0
-582.5 144.5 277.0 131.5 645.0155824266444 195.72844800249402 0.0 0.0
-585.5 147.0 271.5 157.0 645.3876524625441 215.08092832790737 0.0 0.0
-589.0 148.5 311.5 162.5 667.1674280018321 220.13394804091087 0.0 0.0
-588.5 147.5 351.0 165.5 685.2250109253285 221.6945948996791 0.0 0.0
-589.0 147.0 313.5 167.5 668.1131058597557 222.8594222659779 0.0 0.0
-591.0 137.0 235.0 159.0 637.0773136814914 209.8832906178257 0.0 0.0
-591.5 27.0 197.0 41.5 623.4431410333807 49.696561097028635 0.0 0.0
-590.0 18.75 194.5 10.0 621.2331677183238 23.275015543244802 0.0 0.0
-589.0 13.5 194.0 10.5 620.1265999777787 17.127526071351266 0.0 0.0
-587.5 10.75 193.5 6.25 618.5454910237183 12.441723295539148 0.0 0.0
-587.0 15.25 193.5 11.25 618.0705865837655 18.953817990092006 0.0 0.0
-587.0 14.5 192.5 9.25 617.75842829113 17.217174460098825 0.0 0.0
-588.5 6.5 192.0 10.25 619.0284726892617 14.594731106589705 0.0 0.0
-589.0 -3.75 192.5 16.5 619.6589982616297 16.928482201719795 0.0 0.0
-591.0 -4.5 192.5 18.0 621.5606545130496 18.554371882126212 0.0 0.0
-592.0 -4.0 191.5 15.5 622.2029221389654 16.009532633331688 0.0 0.0
-591.0 -4.75 191.5 12.5 621.2515402360623 13.423089804804608 0.0 0.0
-589.0 -5.25 192.0 12.5 619.5038531062249 13.559706150791962 0.0 0.0
-587.5 -5.75 191.5 14.25 617.9228128775269 15.366437079258382 0.0 0.0
-586.5 -5.75 190.5 16.25 616.6625707321293 17.249715374623825 0.0 0.0
-581.0 -5.5 183.0 20.0 609.1392663125174 20.746300043395465 0.0 0.0
-580.0 -5.25 180.0 22.5 607.2898090267304 23.109874153879304 0.0 0.0
-578.0 -19.25 177.0 37.0 604.4945456540927 41.71014753932575 0.0 0.0
-576.5 -23.25 175.5 43.0 602.6215469070349 48.88497281960798 0.0 0.0
-575.0 -24.5 172.0 44.5 600.1746944354489 50.798641347760324 0.0 0.0
-577.0 -62.57142857142857 173.0 65.21428571428572 602.377508746386 93.76802461360973 0.0 0.0
-578.0 -208.85714285714283 174.0 140.07142857142856 603.6224912876116 255.7392080066627 0.0 0.0
-579.5 -355.1428571428571 175.0 214.92857142857144 605.3472160887568 417.7103913997157 0.0 0.0
-580.0 -501.42857142857144 174.0 289.7857142857143 605.5379669003514 579.6815747927687 0.0 0.0
-617.375 -541.75 178.75 327.5 642.810189381103 633.1349995608921 0.0 0.0
-583.5 -528.75 225.5 327.0 631.237471304121 621.7459545839556 0.0 0.0
-428.64150943396226 -537.25 174.2311320754717 324.75 463.84253127654245 627.7746629792067 0.0 0.0
-411.20754716981133 -539.75 165.1556603773585 335.25 448.8490553681928 635.3918672420477 0.0 0.0
-393.7735849056604 -639.75 156.08018867924528 332.75 433.85557945984317 721.7807714864964 0.0 0.0
-376.33962264150944 -648.5 147.00471698113208 332.5 418.8621035514936 728.8470114390385 0.0 0.0
-358.90566037735846 -619.75 137.92924528301887 332.25 403.86862764314395 703.1956298190925 0.0 0.0
-341.4716981132076 -689.0 128.85377358490564 334.5 388.8751517347943 765.933534865876 0.0 0.0
-324.0377358490566 -581.5 119.77830188679245 329.0 373.8816758264447 668.1321568895136 0.0 0.0
-306.60377358490564 -581.0 110.70283018867923 325.0 358.88819991809504 665.7223072852933 0.0 0.0
-289.1698113207548 -582.25 101.62735849056602 323.5 343.8947240097454 666.1018027493246 0.0 0.0
-271.7358490566038 -581.75 92.55188679245282 322.5 328.90124810139577 665.1689593452786 0.0 0.0
-254.30188679245282 -582.5 83.47641509433961 321.75 313.9077721930461 665.4543745750275 0.0 0.0
-236.8679245283019 -581.5 74.40094339622641 319.25 298.91429628469655 663.3735639648467 0.0 0.0
-219.43396226415098 -584.25 65.3254716981132 316.0 283.9208203763469 664.2324119362422 0.0 0.0
-202.0 -587.75 56.24999999999999 317.5 268.9273444679973 668.0327117750983 0.0 0.0
-184.56603773584908 -592.25 47.17452830188678 316.25 253.93386855964764 671.3979110361759 0.0 0.0
-167.13207547169813 -592.5 38.099056603773576 318.0 238.94039265129803 672.4448552580612 0.0 0.0
-149.69811320754718 -596.5 29.023584905660357 317.0 223.9469167429484 675.5013922313728 0.0 0.0
-132.26415094339626 -578.25 19.948113207547152 319.25 208.95344083459878 660.5859008508678 0.0 0.0
-114.83018867924531 -370.0 10.872641509433947 211.0 193.95996492624914 426.51493744945753 0.0 0.0
-97.39622641509436 -230.45454545454544 1.7971698113207424 128.02272727272728 178.9664890178995 283.33495623362916 0.0 0.0
-79.96226415094341 -165.72727272727272 -7.2783018867924625 119.38636363636363 163.97301310954987 248.144627223976 0.0 0.0
-62.52830188679246 -100.99999999999999 -16.35377358490568 110.75 148.97953720120023 212.95429821432282 0.0 0.0
-45.09433962264154 -36.27272727272725 -25.429245283018886 102.11363636363637 133.98606129285062 177.76396920466965 0.0 0.0
-27.660377358490592 28.454545454545496 -34.50471698113209 93.47727272727272 118.99258538450101 142.57364019501648 0.0 0.0
-10.226415094339643 57.5 -43.58018867924531 89.5 103.99910947615138 107.85991527140553 0.0 0.0
7.207547169811278 47.5 -52.655660377358515 127.0 89.00563356780174 135.782825779682 0.0 0.0
24.641509433962256 63.25 -61.731132075471706 169.5 74.0121576594521 180.91683389944137 0.0 0.0
32.5 68.75 -61.0 172.625 69.12405498141291 185.81160654822645 0.0 0.0
26.65 120.5 -48.95 168.5 55.73814162766725 212.04521622292035 0.0 0.0
18.85 187.0 -35.55 162.0 40.24351416198506 247.41722885478742 0.0 0.0
17.75 186.5 -15.75 161.5 25.954402803556732 246.7073164703471 0.0 0.0
-26.5 186.5 -5.0 160.0 39.667163358022584 245.72800594873652 0.0 0.0
-6.0 186.0 13.75 159.5 15.040822104756057 245.0229581080108 0.0 0.0
-5.0 71.5 18.5 100.0 19.17821621201682 123.6623745209269 0.0 0.0
-5.0 36.5 20.0 80.5 20.624445725585083 88.38952069748746 0.0 0.0
-4.5 37.0 21.5 79.5 21.966839836491445 87.69112823184535 0.0 0.0
-4.5 36.5 22.5 78.0 22.9464274322498 86.11884283602237 0.0 0.0
-3.0 29.5 23.5 67.0 23.698907892760452 73.21804394009658 0.0 0.0
-2.75 19.0 24.75 56.5 24.902554626398874 59.60934564628526 0.0 0.0
-5.5 17.0 56.0 53.5 58.660032296098336 56.13801808259922 0.0 0.0
63.5 15.0 49.5 51.5 80.51784369718641 53.64018597547364 0.0 0.0
135.0 15.0 101.375 49.5 168.8687884801978 51.72503238981244 0.0 0.0
212.33333333333331 13.5 155.20833333333334 47.0 263.04795509120487 48.90733746868502 0.0 0.0
289.66666666666663 12.0 209.04166666666669 43.5 357.22712170221195 45.12617694678489 0.0 0.0
301.5 11.5 313.75 43.0 435.3192291932521 44.515444720173875 0.0 0.0
314.75 10.5 339.0 42.0 462.6802767551609 43.29277893285152 0.0 0.0
303.0 12.0 342.5 41.5 457.2935231742964 43.20278593290381 0.0 0.0
295.5 12.0 370.5 42.0 474.46501977377875 43.68065933568311 0.0 0.0
303.25 13.0 341.75 42.0 456.89563955435165 43.965895873961216 0.0 0.0
312.25 14.0 348.75 41.0 468.24732851242305 43.32435804486894 0.0 0.0
340.75 14.5 374.75 40.0 506.5376346281598 42.549629463710914 0.0 0.0
349.0 14.0 352.5 39.0 496.04940720827744 41.437797038794585 0.0 0.0
277.25 13.5 394.25 38.0 482.2630944487529 40.32713752220498 0.0 0.0
298.25 13.5 389.25 37.875 491.0192251904234 40.209090268833634 0.0 0.0
301.25 14.0 368.5 39.0 475.99992805565773 41.43937095966295 0.0 0.0
301.0 45.25 400.0 22.25 500.6510511293076 58.375154341569434 0.0 0.0
284.5 150.17857142857142 425.5 38.035714285714285 511.8503696167552 156.05125570699397 0.0 0.0
279.0 247.75 473.0 78.75 552.5184924937937 260.9670666542887 0.0 0.0
465.75 345.32142857142856 406.125 119.46428571428572 626.6764564629532 365.8828776015835 0.0 0.0
282.5 452.0 503.0 205.5 577.6288273128057 497.88931725327564 0.0 0.0
225.5 507.5 473.5 277.5 524.4593354631895 578.4290964099613 0.0 1.0
232.5 506.75 484.5 282.0 537.3979654848138 579.9345000976809 0.0 1.0
231.0 502.5 512.0 285.0 561.7044187241868 577.6958512806714 0.0 1.0
223.0 505.5 514.0 292.5 560.293733460135 584.026687134022 0.0 1.0
317.5 504.5 510.0 302.5 600.7551284268363 588.2474060722164 0.0 1.0
225.5 508.5 511.5 308.0 559.0061243851821 594.5083092310427 0.0 1.0
268.0 509.0 514.5 305.0 581.8890539600559 593.3858237306845 0.0 1.0
246.0 508.75 514.0 307.0 570.5470976814175 594.2016317577534 0.0 1.0
208.5 508.0 544.0 309.0 582.7451631653196 594.5975457768345 0.0 1.0
177.0 507.5 497.0 310.0 528.1869115746343 594.6900453177268 0.0 1.0
168.5 506.25 496.5 310.5 524.3260854771688 593.8851931700665 0.0 1.0
188.0 504.5 493.5 312.0 528.2691177741754 593.1815229447661 0.0 1.0
169.5 481.75 480.5 325.25 509.5199806358215 581.7802928527492 0.0 1.0
137.5 465.25 527.0 320.5 544.6512497866594 565.1692314006082 0.0 1.0
126.0 514.5 536.0 309.5 550.6482442424835 600.4282901907123 0.0 1.0
130.0 479.0 528.0 186.0 543.7953156189415 514.3477830480485 0.0 0.0
138.5 483.5 518.0 170.0 536.197568479618 512.5276933979843 0.0 0.0
136.0 480.75 527.5 172.5 544.7497133816238 510.7613550572372 0.0 0.0
136.5 485.0 529.0 171.5 546.3289847191985 514.4331461270859 0.0 0.0
142.0 484.0 527.0 172.75 545.7962316585856 513.9053661275763 0.0 0.0
145.0 482.0 534.5 172.5 553.8188035244414 511.9377415293503 0.0 0.0
130.5 476.0 515.0 171.0 531.6067639807695 505.78380478898987 0.0 0.0
100.0 436.5 514.5 124.75 524.1583329121767 454.8582290498701 0.0 0.0
100.0 409.0 497.0 99.75 506.96101280687606 421.0202542666588 0.0 0.0
95.5 404.75 502.5 105.0 511.49439280915374 418.1769457994859 0.0 0.0
95.5 398.75 507.5 105.75 516.407374995651 412.5353478286754 0.0 0.0
95.0 397.0 504.0 103.5 512.8754638530174 410.2705913874942 0.0 0.0
98.5 397.0 486.0 105.5 495.97153382150884 410.77885350919973 0.0 0.0
115.5 397.25 386.0 107.0 402.91741975022404 411.4081249680248 0.0 0.0
135.5 332.65625 378.0 126.46875 401.592021375074 421.0912400913648 0.0 0.0
146.5 99.28125 393.0 178.34375 419.41833297346966 476.8948721673423 0.0 0.0
101.5 -134.09375 417.5 230.21875 429.8100599092496 532.6985042433198 0.0 0.0
125.20833333333334 -367.46875 343.16666666666663 282.09375 365.31714021138373 588.5021363192973 0.0 0.0
126.04166666666666 -677.5 331.83333333333337 322.75 355.0368571512872 752.6292846818662 0.0 0.0
126.875 -778.0 320.5 358.41666666666663 344.7565740911908 856.7519988982647 0.0 0.0
125.0 -684.0 307.5 346.08333333333337 331.9361929258656 766.7510380057133 0.0 0.0
104.0 -668.5 349.0 344.75 364.22264037423355 752.1602136444649 0.0 0.0
96.0 -667.0 350.0 318.75 362.967704030568 739.3368017618387 0.0 0.0
104.0 -669.5 347.0 304.0 362.2499137335991 735.2904315817552 0.0 0.0
103.5 -663.5 350.0 302.0 364.98333146671985 728.9972129412306 0.0 0.0
100.0 -669.5 350.5 307.5 364.48680623005487 736.7876286634664 0.0 0.0
104.0 -671.75 350.5 306.5 365.60398005153644 738.370248997288 0.0 0.0
102.5 -671.5 358.0 304.5 372.3946892274227 737.3158845852852 0.0 0.0
102.5 -667.0 364.5 308.0 378.64362896036175 734.6810852243525 0.0 0.0
103.5 -669.0 362.0 312.5 376.50531204751945 738.388798523197 0.0 0.0
131.5 -664.0 356.0 316.0 379.52694162358875 735.3605279625649 0.0 0.0
145.5 -664.5 373.5 308.75 400.8420778892298 732.7459285764685 0.0 0.0
142.0 -669.0 373.0 310.0 399.11528714344024 737.3381398615933 0.0 0.0
141.5 -672.0 367.5 313.0 393.8074224881319 741.3232950486448 0.0 0.0
149.0 -669.0 366.0 318.25 395.27235163412354 740.8428322656198 0.0 0.0
171.5 -671.5 354.0 321.25 393.37146328337803 744.3887720283903 0.0 0.0
160.5 -671.0 360.5 323.25 394.6195924997254 744.8087267078436 0.0 0.0
152.5 -662.0 354.0 329.25 385.56643919740907 739.372386934528 0.0 0.0
164.0 -654.25 353.0 337.75 389.23789611708446 736.2869315466721 0.0 0.0
161.5 -673.0 364.5 334.0 398.67609492339295 751.3539506443594 0.0 0.0
154.5 -675.75 361.5 329.5 393.1350888619542 751.804357631952 0.0 0.0
250.5 -703.0 394.0 329.0 472.296510819075 776.188419832949 0.0 0.0
279.0 -667.0 366.0 335.5 460.2446322057085 746.6274107528407 0.0 0.0
276.5 -656.0 378.5 339.5 468.7740679164583 738.6558548690623 0.0 0.0
266.5 -652.75 374.0 344.25 459.27197962265234 737.9683237487861 0.0 0.0
268.0 -648.75 367.0 342.75 454.62056535272313 733.7264146099387 0.0 0.0
258.0 -638.25 381.0 346.75 460.1388295509271 726.363722094639 0.0 0.0
254.0 -634.75 389.0 351.25 464.58263108916026 725.4571497067484 0.0 0.0
245.5 -630.5 406.5 352.0 475.3447059177412 722.1044139528458 0.0 0.0
209.5 -631.5 496.0 351.25 538.4554438468135 722.6149125415589 0.0 0.0
191.0 -637.5 525.5 349.5 559.1461590052559 727.0218848105837 0.0 0.0
221.5 -653.0 477.5 345.75 526.3919479036158 738.8872542791494 0.0 0.0
218.5 -655.25 531.5 345.25 574.6818120481403 740.64191806841 0.0 0.0
151.0 -651.5 531.5 347.5 552.6571883184424 738.3825035079606 0.0 0.0
118.0 -649.0 534.0 347.5 546.9613821931341 736.1774960590624 0.0 0.0
125.5 -647.0 512.5 347.25 527.6430703488563 734.2966449341382 0.0 0.0
115.0 -647.25 543.0 345.0 555.049919603874 733.462039639143 0.0 0.0
112.0 -663.0 545.5 349.0 556.8960949336383 749.2580173980921 0.0 0.0
117.0 -658.5 525.0 348.5 537.9094672136505 745.0411197134182 0.0 0.0
115.0 -655.0 524.0 348.5 536.4708752579212 741.9421002650733 0.0 0.0
117.5 -656.5 538.5 347.0 551.1707115959302 742.564007067604 0.0 0.0
116.5 -695.0 539.5 351.25 551.9352317074894 778.8325171176534 0.0 0.0
115.5 -643.5 538.0 347.75 550.2624797255653 731.452196211678 0.0 0.0
115.0 -640.75 540.0 349.5 552.1120106367831 729.8706218241086 0.0 0.0
117.5 -639.0 528.0 349.0 540.916733363336 728.0948134962237 0.0 0.0
132.0 -638.25 518.5 349.0 535.6066865987555 727.4366480223669 0.0 0.0
121.5 -637.0 550.0 349.75 563.2683504946197 726.7008280749831 0.0 0.0
111.5 -636.5 487.5 349.75 500.08903806536006 726.262564758985 0.0 0.0
110.0 -642.1875 474.0 349.421875 486.5965519975314 731.0970131422444 0.0 0.0
109.0 -642.9375 460.5 351.109375 473.22432657624165 732.5687138461881 0.0 0.0
92.5 -643.6875 483.5 352.796875 492.3937863130203 734.0404145501318 0.0 0.0
98.5 -644.4375 481.0 354.484375 491.01544416740717 735.5121152540753 0.0 0.0
99.0 -645.1875 481.0 356.171875 491.1260314155489 736.983815958019 0.0 0.0
107.0 -645.9375 481.5 357.859375 493.2458192836083 738.4555166619627 0.0 0.0
108.0 -646.6875 488.0 359.546875 499.8087174155443 739.9272173659065 0.0 0.0
100.0 -647.4375 498.5 361.234375 508.4317741712797 741.39891806985 0.0 0.0
100.5 -642.0 507.0 371.0 516.866631315566 741.5607613430118 0.0 0.0
97.5 -637.75 521.5 378.75 530.5376881047871 741.7391000161106 0.0 0.0
105.0 -636.5 517.5 378.0 528.0452010822396 740.2813726751785 0.0 0.0
59.5 -635.25 490.0 378.25 495.10722477925765 739.3346018737902 0.0 0.0
-145.0 -636.0 436.5 377.5 465.28703703840375 739.5960045862877 0.0 0.0
-374.0 -634.75 335.0 378.0 505.3907037770491 738.7771338580112 0.0 0.0
-501.5 -644.25 272.5 376.75 570.7526953983995 746.3405901225399 0.0 0.0
-501.5 -637.0 260.5 377.0 565.124020970321 740.2013239653115 0.0 0.0
-600.875 -636.5 273.5 377.0 660.4592594266549 739.771920049038 0.0 0.0
-621.3333333333333 -635.5 295.25 378.0 689.6664328282372 739.4216086469495 0.0 0.0
-602.4444444444443 -634.75 318.25 377.25 684.3608462276688 738.3936906550689 0.0 0.0
-583.5555555555557 -637.5 341.25 378.25 679.0552596271004 741.2735849727742 0.0 0.0
-564.6666666666667 -629.75 364.25 378.75 673.749673026532 734.8719226563999 0.0 0.0
-534.0 -630.25 340.0 378.25 633.5943391564549 735.0430209545025 0.0 0.0
-515.0 -632.25 297.0 378.0 594.5032380083196 736.6303079685586 0.0 0.0
-511.5 -630.25 296.5 377.5 591.2228852133517 734.657486995027 0.0 0.0
-509.5 -631.0 296.5 377.0 589.4934265960902 735.0442610926004 0.0 0.0
-517.0 -632.5 300.0 377.0 597.7368370882944 736.3322959099377 0.0 0.0
-525.5 -634.5 301.5 376.0 605.848695582501 737.5408530371933 0.0 0.0
-537.0 -639.0 305.5 374.5 617.8187373377934 740.6592299176918 0.0 0.0
-550.0 -646.75 310.0 374.25 631.348333409016 747.2279038438273 0.0 0.0
-534.0 -641.6428571428571 306.0 367.9642857142857 615.4609558704298 739.6883552992138 0.0 0.0
-533.5 -644.2142857142858 304.5 361.82142857142856 614.2825513315554 738.9519555978791 0.0 0.0
-533.0 -646.7857142857142 305.0 355.67857142857144 614.0972201762133 738.2155558965446 0.0 0.0
-530.5 -649.3571428571429 281.5 349.5357142857143 600.8260981161515 737.47915619521 0.0 0.0
-659.0 -651.25 320.0 344.25 732.585173918262 736.6376895958647 0.0 0.0
-766.5 -655.25 331.0 341.25 834.9328180720286 738.7949791201966 0.0 0.0
-556.5 -654.5 383.0 339.5 675.5601284735806 737.3138496299166 0.0 0.0
-565.5 -653.0 392.5 332.5 688.3652356193312 732.7824155951732 0.0 0.0
-562.0 -656.25 394.0 332.0 686.3526987678199 735.4509332623508 0.0 0.0
-569.5 -656.0 397.5 332.5 694.5044996254524 735.4565014281889 0.0 0.0
-576.0 -554.0 376.5 321.5 688.4845937112659 640.8307093862038 0.0 0.0
-585.0 -388.70833333333337 419.0 195.10416666666669 719.5734940259659 444.7564428323818 0.0 0.0
-556.5 -333.54166666666663 296.5 195.52083333333331 630.559487182987 434.78808337220744 0.0 0.0
-574.5 -278.375 292.0 195.9375 644.4494019065851 424.81972391203306 0.0 0.0
-572.0 -223.20833333333334 287.0 196.35416666666669 639.9636321062 414.8513644518587 0.0 0.0
-569.5 -168.04166666666669 282.5 196.77083333333331 635.7198361796379 404.8830049916843 0.0 0.0
-569.0 -112.87500000000003 278.0 197.1875 633.2830774811598 394.9146455315099 0.0 0.0
-574.5 -57.70833333333334 242.5 197.60416666666669 624.5176944374928 384.9462860713356 0.0 0.0
-586.0 -2.5416666666666856 207.0 198.02083333333331 621.4861969286386 374.97792661116125 0.0 0.0
-599.5 52.62499999999997 208.5 198.4375 634.735666325044 365.00956715098687 0.0 0.0
-580.0 107.79166666666663 208.5 198.85416666666669 616.3446551354962 355.0412076908125 0.0 0.0
-508.0 162.95833333333331 222.0 199.27083333333331 555.4848240061672 345.0728482306381 0.0 0.0
-553.375 218.12499999999994 339.0 199.6875 625.1667317091421 335.1044887704637 0.0 0.0
-602.5 252.75 241.5 177.75 649.0982467190823 309.3272103724412 0.0 0.0
-605.0 226.5 242.0 152.5 651.6053650244285 273.07389907269123 0.0 0.0
-600.5 187.25 244.5 139.25 648.3682270093072 233.35429329711155 0.0 0.0
-603.0 191.0 244.0 147.5 650.4976702577128 241.32396922620688 0.0 0.0
-606.0 190.5 243.0 148.5 652.9052853756252 241.54224372862438 0.0 0.0
-609.0 191.0 242.0 150.0 655.3208539267744 242.86023834696647 0.0 0.0
-610.0 190.5 240.5 151.0 655.6982918995595 243.08691861143 0.0 0.0
-611.5 157.5 240.5 131.5 657.0939811016382 205.2531939667034 0.0 0.0
-613.5 29.5 241.5 60.5 659.3212673206713 67.4711453193136 0.0 0.0
-614.0 17.0 241.0 38.5 659.603694178553 42.08648339467087 0.0 0.0
-614.5 16.5 311.0 30.5 688.7233128248287 34.67789800342287 0.0 0.0
-603.5 14.25 270.0 27.0 662.2500201586372 30.530688085660962 0.0 0.0
-598.0 12.0 216.0 18.75 635.8192822403757 22.3562453599297 0.0 0.0
-594.0 12.25 210.5 15.5 630.1957000203709 19.770799399175278 0.0 0.0
-556.4000000000001 11.0 215.27499999999998 9.0 598.8024453499838 14.536188250648236 0.0 0.0
-507.59999999999997 7.3125 222.97500000000002 -2.6875 558.6468892218185 12.06505498327429 0.0 0.0
-458.8 -1.4375 230.675 4.5625 518.4913330936532 18.27768283311417 0.0 0.0
-410.0 -10.1875 238.375 11.8125 478.335776965488 24.490310682954053 0.0 0.0
-361.2 -18.9375 246.075 19.0625 438.1802208373226 30.702938532793933 0.0 0.0
-595.0 -9.25 194.5 27.25 625.9858347613597 33.084126510836285 0.0 0.0
-599.8125 -10.0 202.9375 8.5 633.2419190786462 13.287225368543353 0.0 0.0
-607.5625 -15.5 212.1875 19.0 643.5626126777331 24.527798487149838 0.0 0.0
-492.5 -9.5 216.5 26.0 539.9581680461174 27.685204769381723 0.0 0.0
-371.5 -9.0 209.5 29.0 426.5003076246991 30.36590093321857 0.0 0.0
-532.5 -8.5 214.0 32.5 573.8922239952342 33.60426158814195 0.0 0.0
-542.5 -8.0 193.75 36.75 577.3383493779371 37.61920829881766 0.0 0.0
-555.1666666666667 -4.5 166.75 41.75 581.3146001755317 42.0192491441598 0.0 0.0
-567.8333333333333 -3.0 139.75 43.25 585.2908509731262 43.354007750025986 0.0 0.0
-578.0 -3.0 218.0 44.5 619.6654895395793 44.60100895719737 0.0 0.0
-564.5 -3.0 217.5 44.5 604.9526051947993 44.60105970247156 0.0 0.0
-518.5 -3.0 229.5 45.75 567.9133027680962 45.84825806508083 0.0 0.0
-577.5 -4.5 268.5 47.5 637.3844517877053 47.71480985416882 0.0 0.0
-655.0 -6.25 277.5 48.5 711.3592435089645 48.901394423461184 0.0 0.0
-660.5 -7.75 210.0 50.75 693.0802623073319 51.33851319912263 0.0 0.0
-659.0 -9.0 211.82142857142856 52.0 692.2189044702582 52.773168103960984 0.0 0.0
-657.0 -4.0 214.25 81.0 691.0704273541597 81.12778820210173 0.0 0.0
-655.0 -3.25 216.67857142857144 84.5 689.9219502380613 84.5628459057626 0.0 0.0
-647.5 -3.75 219.5 84.5 683.6993174863418 84.58353786140194 0.0 0.0
-637.5 -4.0 219.5 84.75 674.2304676468339 84.8443435882312 0.0 0.0
-632.5 -3.75 313.5 85.0 705.9312599299574 85.08304695172495 0.0 0.0
-568.5 -3.75 295.5 87.0 640.7125238473791 87.08102682299594 0.0 0.0
-591.5 -3.75 301.0 92.0 663.6817482271855 92.0797851575218 0.0 0.0
-619.5 -4.25 308.5 93.25 692.0640856954612 93.34730340018766 0.0 0.0
-624.0 -3.75 310.5 96.25 696.9836798663223 96.32342835814725 0.0 0.0
-631.0 -3.5 313.0 100.0 704.3655229145377 100.06123736804014 0.0 0.0
-630.0 -3.5 313.5 103.5 703.6927529066411 103.55916321392206 0.0 0.0
-585.5 -18.5 302.5 101.0 659.0270940489688 103.81324416582606 0.0 0.0
-584.0 -36.0 299.5 99.75 656.3208531112954 106.04767339246233 0.0 0.0
-581.5 -37.75 296.0 100.5 652.5015777811573 107.35626331119022 0.0 0.0
-570.0 -38.25 294.5 100.75 641.5852251345259 107.76662758990898 0.0 0.0
-581.0 -38.5 322.0 101.0 664.2727563376941 108.08908363012428 0.0 0.0
-572.5 -39.0 276.0 101.0 635.5568739675243 108.26919026943204 0.0 0.0
-589.5652173913044 -39.5 274.67391304347825 100.5 650.4216729896556 107.98394997513 0.0 0.0
-593.8260869565217 -39.5 279.3695652173913 100.5 656.3133037001828 107.98394997513 0.0 0.0
-598.0869565217391 -39.5 284.0652173913044 101.5 662.20493441071 108.91525550896384 0.0 0.0
-602.3478260869565 -40.25 288.7608695652174 102.0 668.0965651212373 109.65453287073039 0.0 0.0
-606.608695652174 -40.25 293.45652173913044 102.5 673.9881958317646 110.11954864890748 0.0 0.0
-610.8695652173913 -40.5 298.1521739130435 104.0 679.8798265422919 111.60757142774858 0.0 0.0
-615.1304347826087 -38.75 302.8478260869565 105.75 685.7714572528191 112.62604291749439 0.0 0.0
-619.3913043478261 -38.75 307.54347826086956 106.75 691.6630879633465 113.56596141486858 0.0 0.0
-623.6521739130435 -38.0 312.2391304347826 107.0 697.5547186738736 113.54832451776801 0.0 0.0
-627.9130434782609 -37.5 316.9347826086956 106.0 703.446349384401 112.43776056112112 0.0 0.0
-632.1739130434783 -37.75 321.6304347826087 105.25 709.3379800949282 111.81620485647878 0.0 0.0
-636.4347826086956 -38.25 326.32608695652175 104.5 715.2296108054554 111.28058058703883 0.0 0.0
-641.5 -38.0 233.5 104.0 682.6748206165838 110.72528540684692 0.0 0.0
-648.5 -37.5 233.5 103.0 689.2565667194604 109.614229278084 0.0 0.0
-647.0 -37.5 233.5 101.5 687.8455285823633 108.20582239417618 0.0 0.0
-646.0 -38.5 232.5 101.0 686.565707948187 108.08923035163382 0.0 0.0
-644.5 -38.75 232.0 100.25 684.9852883749322 107.47897253111196 0.0 0.0
-643.5 -39.0 231.5 100.0 683.8749222362933 107.33592129385204 0.0 0.0
-589.0 -38.25 308.5 101.25 670.8519864007437 108.23700396680208 0.0 0.0
-551.5 -39.0 392.5 100.0 676.9113577172579 107.33629743380124 0.0 0.0
-559.5 -38.5 363.5 101.25 667.9023681746596 108.32276028251002 0.0 0.0
-561.5 -38.5 363.0 101.25 669.3538132760642 108.32276028251002 0.0 0.0
-561.5 -39.5 365.5 101.25 670.6723826814983 108.68220073134981 0.0 0.0
-563.0 -39.0 401.5 100.75 691.4992987088351 108.03566033855583 0.0 0.0
-564.5 -38.5 331.0 101.0 654.3863048973301 108.08923035163382 0.0 0.0
-669.0 -38.5 342.0 101.75 752.358953161913 108.79054623547624 0.0 0.0
-564.5 -38.0 335.0 102.25 656.4185517739968 109.08349148045397 0.0 0.0
-563.5 -38.5 335.0 103.5 655.5587809525368 110.42871003502668 0.0 0.0
-562.0 -38.0 334.5 104.5 654.014002447263 111.19564201640776 0.0 0.0
-568.0 -37.5 350.5 105.25 667.5150755457034 111.73101422791504 0.0 0.0
-569.5 -38.0 355.5 106.0 671.3724273841262 112.6064897351207 0.0 0.0
-437.8125 -38.375 302.90625 105.75 532.3971854499937 112.49758333163582 0.0 0.0
-471.0625 -38.0 320.53125 105.0 569.8195858707752 111.66467659918244 0.0 0.0
-504.3125 -37.5 338.15625 105.0 607.2419862915567 111.4955156048888 0.0 0.0
-537.5625 -36.5 355.78125 106.0 644.6643867123382 112.10820665767515 0.0 0.0
-521.0 -36.5 327.5 105.5 615.5233670041517 111.63568750921155 0.0 0.0
-534.0 -36.0 295.0 106.0 610.0684896555788 111.94741688242821 0.0 0.0
-622.5 -36.0 317.75 106.0 698.9075738584356 111.94741688242821 0.0 0.0
-601.5 -36.5 313.0 107.5 678.1232757203363 113.52752970094964 0.0 0.0
-472.75 -15.5 278.0 106.5 548.4332522973673 109.20578568967701 0.0 0.0
-428.5 4.0 286.5 101.5 516.536488984269 101.58021725592897 0.0 0.0
-514.4 5.0 298.23333333333335 100.5 596.9642487986408 100.62554040971155 0.0 0.0
-528.0 3.5 261.16666666666663 102.0 599.2739273381773 102.06003135410062 0.0 0.0
-541.6 3.5 224.1 100.5 601.5836058777136 100.56092831139982 0.0 0.0
-555.2 4.5 187.0333333333333 99.0 603.89328441725 99.10222255568749 0.0 0.0
-568.8 5.5 149.96666666666664 99.0 606.2029629567865 99.1526600752597 0.0 0.0
-582.4 20.0 112.89999999999999 95.5 608.5126414963229 98.4551512291141 0.0 0.0
-596.0 35.0 75.8333333333333 92.5 610.8223200358592 98.90130783157451 0.0 0.0
-609.6 36.0 38.76666666666665 95.5 613.1319985753956 102.06110373403496 0.0 0.0
-629.5 37.0 160.25 95.5 652.1200467720198 102.41810080270258 0.0 0.0
-790.25 37.5 226.25 96.5 822.3204493906513 103.53018883398214 0.0 0.0
-786.5 37.5 204.25 97.5 814.1833397990563 104.46306628248 0.0 0.0
-636.3571428571429 38.0 208.71428571428572 98.0 669.8645475770052 105.11050054606987 0.0 0.0
-619.5 38.5 193.0 97.5 649.1038366045526 104.8260463816126 0.0 0.0
-602.6428571428571 44.0 177.28571428571428 99.0 628.3431256321 108.33743581975716 0.0 0.0
-585.25 44.5 210.0 99.0 623.3052527186578 108.54166030590275 0.0 0.0
-572.0 45.5 226.0 97.5 615.059997538828 107.59414482210452 0.0 0.0
-585.25 46.25 237.75 98.25 631.6985659313837 108.5917504280061 0.0 0.0
-510.5 46.5 269.75 98.0 577.4004634198914 108.47255847715314 0.0 0.0
-503.5 47.0 262.0 98.5 567.5974353855069 109.13960617970392 0.0 0.0
-548.0 47.5 254.5 98.5 604.2160906285903 109.35492672943457 0.0 0.0
-519.5 47.75 241.5 98.75 572.8903546201159 109.68882582739403 0.0 0.0
-527.5 23.25 245.5 92.0 581.8392310556553 97.13020114894222 0.0 0.0
-506.5 -4.75 245.0 84.125 562.7690529908664 85.03036895338622 0.0 0.0
-507.0 -11.75 239.0 81.625 560.5098641728961 83.73558958978172 0.0 0.0
-513.0 -18.75 248.0 79.125 569.8186241723417 82.44081022617723 0.0 0.0
-524.5 -25.75 264.0 76.625 587.1985711902134 81.14603086257276 0.0 0.0
-521.0 -44.25 267.0 79.5 585.4447873441056 90.98874759963141 0.0 0.0
-533.0 -39.0 274.0 82.5 599.32021656844 91.25637880282986 0.0 0.0
-532.0 -38.75 273.5 89.5 598.1962620035838 97.52856513985142 0.0 0.0
-541.0 -39.0 279.5 91.25 608.9345204687008 99.23502270523318 0.0 0.0
-550.5 -35.0 268.0 94.0 612.3875018767444 100.3678755879258 0.0 0.0
-553.5 -32.5 244.5 97.25 605.1152900558196 102.5369142259321 0.0 0.0
-514.0833333333334 -33.5 220.91666666666669 98.0 559.5793717912277 103.56761076707332 0.0 0.0
-470.41666666666663 -34.0 194.58333333333331 100.25 509.20727755808446 105.85942149162352 0.0 0.0
-426.75 -34.0 168.25 100.75 458.8351833249412 106.33305032051501 0.0 0.0
-430.0 -34.5 174.0 100.25 463.9823174847233 106.02037124171895 0.0 0.0
-477.5 -35.0 239.5 100.75 534.3293153077775 106.65699608871341 0.0 0.0
-485.5 -35.0 243.5 100.25 543.1544489662786 106.18481215303842 0.0 0.0
-501.5 -34.5 260.5 101.0 565.121715315985 106.72992140228007 0.0 0.0
-499.0 -34.0 257.0 100.5 561.2932680532565 106.09653305309486 0.0 0.0
-518.5 -33.5 272.0 100.5 585.5177420719078 105.9363016156407 0.0 0.0
-502.5 -32.5 254.5 100.25 563.3266126663666 105.3865192707472 0.0 0.0
-470.0 -32.5 257.5 100.25 535.9711349189224 105.3865192707472 0.0 0.0
-467.0 -32.0 274.0 100.75 541.4471941214654 105.71056329524905 0.0 0.0
-466.5 -32.25 274.5 100.75 541.2693705142825 105.7858743244971 0.0 0.0
-463.5 -30.75 270.0 100.5 536.4068255832049 105.09933229947741 0.0 0.0
-450.0 -30.0 264.5 99.25 521.9772724041843 103.6857153365287 0.0 0.0
-441.5 -30.25 261.0 99.75 512.8775300599856 104.23604360074492 0.0 0.0
-430.0 -30.0 258.5 100.5 501.7192940342313 104.88207663848004 0.0 0.0
-418.5 -30.25 253.5 99.75 489.28979158610946 104.23604360074492 0.0 0.0
-439.5 -30.5 266.0 100.5 513.7287746314587 105.02628758565149 0.0 0.0
-431.0 -30.5 260.5 100.25 503.6098668433234 104.78701157593804 0.0 0.0
-439.5 -30.0 265.5 100.25 513.4691445328742 104.64333914472742 0.0 0.0
-442.5 -30.0 261.5 78.0 513.9929560213695 83.7810000860367 0.0 0.0
-444.5 -28.0 258.5 23.0 514.200897687238 36.47716324387358 0.0 0.0
-444.0 -28.0 255.5 14.5 512.2658331873191 31.53893141698451 0.0 0.0
-443.5 -28.5 253.5 13.0 510.83705817021536 31.32491021535417 0.0 0.0
-442.5 -28.0 253.0 12.25 509.7211338917765 30.566313668465966 0.0 0.0
-442.5 -27.25 254.5 11.75 510.4671271088322 29.677145263483037 0.0 0.0
-470.0 -26.0 271.0 11.0 542.5383139906901 28.231188426986208 0.0 0.0
-518.0 -27.5 301.0 11.0 599.1035071846352 29.618988693604578 0.0 0.0
-518.0 -28.0 304.5 12.0 600.8698605332654 30.463092423455635 0.0 0.0
-518.5 -27.25 303.5 11.75 600.7950450880442 29.675403037382107 0.0 0.0
-518.0 -27.0 305.5 10.75 601.3771158631 29.06139603335911 0.0 0.0
-516.5 -27.75 305.5 11.0 600.0855649037128 29.850812176111212 0.0 0.0
-516.0 -28.25 302.0 10.0 597.8806273697353 29.96780705785746 0.0 0.0
-515.5 -28.25 297.5 9.5 595.1861335236542 29.807179480391696 0.0 0.0
-514.5 -27.75 295.5 8.0 593.3221252465426 28.88022327018072 0.0 0.0
-502.0 -27.25 284.5 7.5 577.0202881666584 28.266329172601036 0.0 0.0
-519.0 -28.0 300.0 6.5 599.4675795224139 28.748690752938167 0.0 0.0
-521.0 -28.75 303.5 4.75 602.954158680044 29.142085964704666 0.0 0.0
-523.0 -29.75 307.5 4.25 606.7003226814834 30.053369261798334 0.0 0.0
-523.0 -30.25 312.0 4.25 608.9934318200812 30.547835959889554 0.0 0.0
-522.5 -31.5 312.5 4.5 608.8207323457503 31.81980515339464 0.0 0.0
-523.0 -31.0 312.5 5.0 609.2497680293322 31.405869794009057 0.0 0.0
-528.5 -30.75 310.0 6.25 612.7204131271728 31.38011953335962 0.0 0.0
-534.5 -31.25 264.0 5.5 596.2279081872165 31.734831837664004 0.0 0.0
-539.0 -32.5 246.25 5.0 592.7454875771592 32.88271798825701 0.0 0.0
-541.6666666666667 -33.5 235.91666666666669 5.25 591.0178118675772 33.90978475120791 0.0 0.0
-544.3333333333333 -33.25 225.58333333333331 5.75 589.2901361579951 33.74475502801638 0.0 0.0
-534.5 -32.75 251.0 5.5 590.5622582391555 33.211692878705804 0.0 0.0
-525.0 -32.75 272.0 5.25 591.7439410411303 33.168780005777485 0.0 0.0
-502.0 -33.25 289.5 5.75 579.4948233201083 33.74413303356174 0.0 0.0
-500.5 -33.5 291.0 5.5 578.96080492953 33.95207562968159 0.0 0.0
-505.5 -33.5 295.5 5.0 585.5343758743061 33.8710791088799 0.0 0.0
-492.5 -33.25 282.5 4.75 567.7709723340774 33.588242037820834 0.0 0.0
-485.5 -32.75 270.5 3.75 555.770489253041 32.96515783607806 0.0 0.0
-482.0 -33.0 264.0 3.5 549.5638321463778 33.18964438887508 0.0 0.0
-478.5 -33.0 260.0 4.0 544.5773057711931 33.24159473787029 0.0 0.0
-471.0 -34.0 254.0 4.0 535.124812854198 34.2345353946496 0.0 0.0
-469.0 -34.25 253.0 4.0 532.8883945769769 34.482797755435946 0.0 0.0
-467.5 -33.25 252.5 3.5 531.336305567356 33.43632668899128 0.0 0.0
-457.5 -33.75 233.0 2.5 513.415466464044 33.84641642476854 0.0 0.0
-458.5 -34.25 235.0 2.0 515.2157771705407 34.30834756155387 0.0 0.0
-459.0 -32.25 233.0 0.5 514.7523676487559 32.25724485542232 0.0 0.0
-458.0 -29.192307692307693 230.0 -1.3846153846153846 512.5075609198366 29.53179733178604 0.0 0.0
-457.5 -28.115384615384613 227.0 -3.230769230769231 510.7205210402094 28.907527107500762 0.0 0.0
-460.0 -27.03846153846154 224.5 -5.076923076923077 511.85979712050187 28.283256883215486 0.0 0.0
-458.5 -25.96153846153846 222.0 -6.923076923076923 509.4183546811911 27.65898665893021 0.0 0.0
-457.5 -24.884615384615387 222.5 -8.76923076923077 508.7366344474216 27.034716434644928 0.0 0.0
-456.5 -23.807692307692307 261.0 -10.615384615384617 525.8454033487972 26.410446210359652 0.0 0.0
-460.5 -17.25 262.0 5.5 529.8153311224346 25.828512641696637 0.0 0.0
-460.5 -4.5 263.0 13.5 530.3105222414505 26.91963324214055 0.0 0.0
-458.5 -11.5 262.0 -8.0 528.0782466799576 14.993957870630588 0.0 0.0
-458.0 -14.75 260.0 4.0 526.6537658360369 15.619062933813474 0.0 0.0
-458.5 -17.0 256.5 -4.5 525.3708781340471 17.592147171621164 0.0 0.0
-459.0 -18.25 252.0 -18.25 523.6305712891699 27.32289196224211 0.0 0.0
-459.5 -20.0 250.5 -28.0 523.3465977763859 34.43307027783788 0.0 0.0
-457.5 -24.5 255.5 -12.0 524.0100544364286 27.284641142199423 0.0 0.0
-457.0 -22.5 258.5 -12.5 525.0440798000359 26.100813409171494 0.0 0.0
-458.0 -16.5 262.0 -3.25 527.6439977487566 16.81881881234071 0.0 0.0
-524.5 -14.5 245.5 0.25 579.1723668932843 14.504309064273453 0.0 0.0
-550.0 -14.0 272.0 0.5 613.5829585190894 14.008937107326602 0.0 0.0
-552.0 -12.0 273.5 2.75 616.040827457276 12.316206553993336 0.0 0.0
-553.0 -9.5 272.0 3.75 616.2735177664531 10.215996214851222 0.0 0.0
-549.0 -8.5 264.0 3.5 609.177679565285 9.192388155425116 0.0 0.0
-547.0 -9.0 282.0 3.5 615.7528617642828 9.72056669151496 0.0 0.0
-528.5 -12.0 278.0 -0.5 597.1647203047438 12.050271372617754 0.0 0.0
-492.5 -14.0 236.0 -5.5 546.1756668086242 15.060249026414205 0.0 0.0
-463.0 -11.5 233.0 -4.0 518.3223410448717 12.184952157699888 0.0 0.0
-460.0 -11.75 236.0 -5.25 517.0080037626149 12.882748450113604 0.0 0.0
-576.0 -12.0 204.25 -7.0 611.1550950474859 13.892443989449804 0.0 0.0
-582.0 -10.25 211.25 -6.5 619.1991887239124 12.137253668763707 0.0 0.0
-588.0 -9.0 218.25 -3.5 627.2432824003388 9.678288268306803 0.0 0.0
-594.0 -9.25 225.25 -3.0 635.2873760767654 9.724631201545389 0.0 0.0
-528.0 -9.75 245.5 -2.5 583.2613585589695 10.087806071860555 0.0 0.0
-455.5 -10.5 247.5 -2.25 518.3980145134383 10.741147867838713 0.0 0.0
-454.5 -11.5 246.0 -2.25 516.8043728577871 11.720609912934286 0.0 0.0
-456.0 -12.5 247.0 -2.0 518.5990744303349 12.658988901172163 0.0 0.0
-456.5 -13.5 248.5 -2.0 519.7542688617382 13.64734406395618 0.0 0.0
-456.0 -13.5 248.0 -2.0 519.0761409876072 13.64734406395618 0.0 0.0
-492.0 -14.5 281.0 -1.75 566.5916625641436 14.609877783176808 0.0 0.0
-491.5 -15.5 282.0 -1.5 566.6536084029207 15.572411502397436 0.0 0.0
-489.5 -15.75 282.5 -2.0 565.1696646589448 15.88523857404789 0.0 0.0
-482.5 -15.0 283.5 -2.25 559.6235341727509 15.1681351822163 0.0 0.0
-483.0 -15.0 284.0 -2.0 560.3081168180838 15.132745950421556 0.0 0.0
-483.5 -15.0 283.5 -0.75 560.4859498685047 15.020813699088272 0.0 0.0
-481.0 -14.75 282.0 -0.5 557.5708803482089 14.791715780114123 0.0 0.0
-510.5 -13.75 260.5 0.75 573.126979819343 13.772462466862248 0.0 0.0
-505.0 -14.0 254.0 2.0 565.281698903419 14.142135623730953 0.0 0.0
-494.0 -13.75 243.0 2.75 550.5346064232263 14.023675640511167 0.0 0.0
-520.5 -13.0 283.5 3.0 592.7190490015253 13.355142601746575 0.0 0.0
-506.5 -12.5 263.5 3.0 570.9460040342208 12.864151884864565 0.0 0.0
-501.5 -14.0 256.0 2.5 563.0625890223007 14.22173459365407 0.0 0.0
-498.5 -14.75 253.0 2.25 559.0274526479021 14.923342459991858 0.0 0.0
-498.5 -14.75 251.5 1.75 558.3498007521808 14.855062843767405 0.0 0.0
-491.0 -14.5 241.0 1.0 546.9570844493242 14.54299893283008 0.0 0.0
-490.0 -15.5 241.0 0.0 546.0595681633703 15.508062419270823 0.0 0.0
-489.0 -15.5 241.5 -0.5 545.383625551481 15.508062419270823 0.0 0.0
-470.5 -16.0 281.5 -2.0 548.2815119322893 16.130365385338038 0.0 0.0
-449.5 -17.25 261.5 -2.75 520.0312682682668 17.47017301564788 0.0 0.0
-445.0 -16.75 257.5 -2.25 514.1315620129504 16.902781018451165 0.0 0.0
-474.5 -16.5 280.0 -2.5 550.9541137252983 16.688319268278637 0.0 0.0
-474.0 -17.0 279.5 -3.0 550.2703826618257 17.272398661548344 0.0 0.0
-462.0 -16.75 270.0 -3.75 535.1165872663216 17.18265393905957 0.0 0.0
-414.0 -16.75 187.5 -3.5 454.8742542795918 17.12030167399086 0.0 0.0
-356.0 -16.5 80.5 -4.0 364.99035082756427 16.977926846349646 0.0 0.0
-362.0 -16.0 91.0 -4.5 373.42544770258553 16.624375121574396 0.0 0.0
-375.0 -15.5 100.5 -4.5 388.27228361798467 16.147154034242227 0.0 0.0
-360.5 -15.5 99.5 -4.0 373.9829699493992 16.00781059358212 0.0 0.0
-366.0 -15.5 109.5 -3.5 382.0414294204878 15.897731998714534 0.0 0.0
-363.5 -16.0 102.0 -2.5 377.5413293663499 16.204211771220802 0.0 0.0
-351.0 -16.5 105.0 -1.5 366.38640860989517 16.5755226967056 0.0 0.0
-329.5 -16.0 86.5 -1.5 340.66488588273273 16.076497352801866 0.0 0.0
-331.0 -16.5 89.0 -2.0 342.75681341770553 16.62077013859466 0.0 0.0
-344.0 -16.0 106.0 -2.5 359.9663770847709 16.204211771220802 0.0 0.0
-347.5 -15.25 113.5 -2.5 365.5682412449361 15.462779074433069 0.0 0.0
-342.0 -14.5 108.0 -4.0 358.6616190589974 15.08156364404843 0.0 0.0
-342.0 -14.0 109.0 -2.5 358.949857222426 14.229978343503653 0.0 0.0
-343.0 -86.09375 109.5 42.71875 360.05482482214137 98.37696150460832 0.0 0.0
-338.5 -182.21875 103.0 102.34375 353.8240789070928 210.69006267911146 0.0 0.0
-335.0 -278.34375 96.5 161.96875 348.6219298896729 323.00316385361464 0.0 0.0
-337.5 -374.46875 100.0 221.59375 352.0170683811172 435.31626502811775 0.0 0.0
-419.5 -540.25 104.0 289.75 432.7571606353649 613.0477870081518 0.0 0.0
-504.0 -539.25 99.5 326.0 514.9201117871575 630.147044787871 0.0 0.0
-453.5 -534.5 126.0 324.5 470.67959867237755 625.2930025697908 0.0 0.0
-448.5 -568.5 127.5 326.5 466.27286276516185 655.5879991892648 0.0 0.0
-443.0 -569.0 129.5 318.75 461.54139604885654 652.199316717984 0.0 0.0
-444.0 -569.75 127.0 321.75 461.806650235715 654.3229087874988 0.0 0.0
-489.0 -568.5 143.0 321.5 509.5403562527048 653.1117547887022 0.0 0.0
-498.5 -568.25 147.0 321.25 519.7225568726885 652.7711904311925 0.0 0.0
-496.0 -551.0 148.0 331.0 517.6101134648361 642.7800840300699 0.0 0.0
-495.5 -557.5 149.0 330.5 517.4178678785648 648.1238202740547 0.0 0.0
-494.5 -548.0 152.5 334.0 517.4839235383397 641.7650464833832 0.0 0.0
-524.0 -546.5 174.0 333.0 552.134255118044 639.9619197397896 0.0 0.0
-534.0 -546.5 177.0 331.75 562.5701958443935 639.3124475980535 0.0 0.0
-524.0 -551.5666666666666 173.0 330.3 551.8197491328456 642.9282358644435 0.0 0.0
-512.5 -551.8333333333333 169.5 335.5 539.8023014489892 645.9271041476372 0.0 0.0
-514.0 -552.0999999999999 171.5 340.7 541.8571288744749 648.9259724308308 0.0 0.0
-505.5 -552.3666666666666 176.0 345.9 535.7376941188314 651.9248407140245 0.0 0.0
-504.5 -552.6333333333334 121.5 351.1 518.9567045950951 654.9237089972181 0.0 0.0
-528.0 -552.9000000000001 113.5 356.3 540.0619376897862 657.9225772804118 0.0 0.0
-523.5 -553.1666666666667 116.0 361.5 536.1981800598319 660.9214455636054 0.0 0.0
-504.0 -553.4333333333334 133.5 366.7 521.7826944657384 663.9203138467991 0.0 0.0
-484.5 -540.5 130.5 372.75 501.7673932316702 656.5693613811767 0.0 0.0
-485.0 -540.6 131.0 361.725 502.3804862752387 650.4588838146631 0.0 0.0
-472.5 -533.0 165.0 358.625 502.2530806135658 642.4285221353138 0.0 0.0
-453.5 -525.4 199.5 355.525 495.4422366036488 634.3981604559644 0.0 0.0
-463.0 -517.8 194.0 352.42499999999995 502.0573907008277 626.367798776615 0.0 0.0
-479.0 -510.20000000000005 188.0 349.32500000000005 514.5730463671059 618.3374370972658 0.0 0.0
-493.5 -522.5 186.5 341.75 527.5817508685454 624.5016826409977 0.0 0.0
-496.0 -539.5 201.0 333.0 535.4564083901614 633.994819403521 0.0 0.0
-484.0 -544.5 201.0 330.0 524.2365616915364 636.7408409696193 0.0 0.0
-496.5 -536.5 192.0 332.5 532.3351820870155 631.1804635040135 0.0 0.0
-488.92857142857144 -537.5 184.28571428571428 330.5 522.6684588236585 630.9805860721865 0.0 0.0
-481.5 -539.0 172.0 330.25 511.5452992354376 632.1282028267626 0.0 0.0
-474.07142857142856 -544.75 159.71428571428572 329.25 500.42213964721657 636.5252048515094 0.0 0.0
-527.5 -545.75 165.5 329.0 552.8633276938649 637.2486453053064 0.0 0.0
-422.5 -548.75 265.5 329.0 499.62899710734075 639.8205675029559 0.0 0.0
-404.0 -545.5 242.5 335.0 471.1954907977632 640.154372938563 0.0 0.0
-406.0 -543.0 241.0 336.5 472.1408688092993 638.8132433715905 0.0 0.0
-408.0 -540.75 243.0 337.0 474.8822849289117 637.1821065140728 0.0 0.0
-426.5 -540.75 241.0 338.75 489.8809463355062 638.0925726440305 0.0 0.0
-431.5 -541.75 241.5 338.75 494.4843157506688 638.9405266660337 0.0 0.0
-435.5 -539.0 241.0 338.25 497.736978215088 636.3442978593495 0.0 0.0
-437.5 -538.0 239.0 337.25 498.52513222458344 634.9665972424211 0.0 0.0
-437.0 -532.0 245.5 340.75 501.31786056858823 631.7755355160251 0.0 0.0
-446.5 -531.5 254.0 341.25 513.690995518861 631.6200256137176 0.0 0.0
-447.5 -521.5 255.5 346.5 515.3023980739429 626.2118439799201 0.0 0.0
-448.5 -528.5 259.0 342.0 517.9127623222578 629.5055023450457 0.0 0.0
-432.5 -527.0 249.0 341.0 499.06592443473227 627.7021761562136 0.0 0.0
-452.5 -529.25 264.5 337.75 524.1341084740661 627.8382536491096 0.0 0.0
-434.5 -529.75 253.0 336.75 502.79146850405255 627.7225747957896 0.0 0.0
-437.0 -530.25 257.5 335.75 507.226499739805 627.611017610358 0.0 0.0
-463.0 -530.75 283.0 333.75 542.640011428459 626.964776451787 0.0 0.0
-458.5 -545.5 276.5 333.75 535.4273253716203 639.5278868667128 0.0 0.0
-462.5 -540.25 283.0 344.0 542.213959230771 640.473325385191 0.0 0.0
-451.0 -539.5 270.5 344.5 525.9004183303147 640.111592696285 0.0 0.0
-442.5 -541.0 264.5 344.5 515.5254906440755 641.3745109621526 0.0 0.0
-478.0 -537.75 240.0 345.75 534.8871038068659 639.3119996743299 0.0 0.0
-479.0 -558.0 232.5 343.5 532.4871424616985 655.32462092936 0.0 0.0
-483.0 -453.36538461538464 250.5 299.78846153846155 544.0956147908043 554.8220175136182 0.0 0.0
-484.0 -352.8269230769231 250.5 272.9423076923077 544.9828463529832 501.1226260980545 0.0 0.0
-485.5 -252.28846153846155 251.0 246.09615384615387 546.5448289024424 447.42323468249083 0.0 0.0
-508.5 -151.75000000000003 251.0 219.25 567.1271575909607 393.72384326692713 0.0 0.0
-535.5 -51.21153846153848 254.5 192.40384615384613 592.9007982973046 340.02445185136344 0.0 0.0
-535.5 49.326923076923066 254.5 165.55769230769232 592.9002478806949 286.32506043579974 0.0 0.0
-511.5 149.86538461538458 230.0 138.71153846153845 560.8317598176168 232.62566902023605 0.0 0.0
-519.0 178.5 239.5 151.25 571.5955952872177 233.9913144535251 0.0 0.0
-530.0 199.0 251.0 152.0 586.4362519621473 250.41034780778494 0.0 0.0
-527.0 202.75 249.5 158.25 583.0774041451399 257.19927660253063 0.0 0.0
-490.5 263.75 251.0 200.25 551.4534014907281 331.21474665320324 0.0 0.0
-459.0 380.5 254.0 245.75 524.5923298736705 453.1918233487353 0.0 0.0
-453.0 512.0 246.0 300.0 515.4853259400019 593.4284070970489 0.0 0.0
-464.0 510.0 251.25 303.0 527.6576188849924 593.2219156834208 0.0 1.0
-479.5 512.5 260.5 303.0 545.6933266404283 595.3728670030312 0.0 1.0
-483.0 510.0 263.0 300.5 549.9621882411946 591.9462090650943 0.0 1.0
-468.25 510.0 272.0 299.5 541.7289373729143 591.4430634612495 0.0 1.0
-466.5 524.0 288.75 329.0 548.6345018118172 618.7220953928822 0.0 1.0
-465.5 515.0 291.5 331.5 549.2381727629702 612.4681624378528 0.0 1.0
-465.75 511.5 297.25 331.5 552.5225903495268 609.5284884219659 0.0 1.0
-461.0 508.5 295.5 330.5 547.5782347938375 606.4674739681298 0.0 1.0
-446.75 506.0 283.75 329.5 529.2445611874718 603.8264025724015 0.0 1.0
-439.5 504.0 278.0 327.0 520.0427549716298 600.7938331351118 0.0 1.0
-435.0 497.5 275.0 325.0 514.6358056757608 594.2484926914224 0.0 1.0
-426.75 494.5 269.25 317.5 504.59051060939487 587.6817206888569 0.0 1.0
-460.0 365.0 296.0 340.5 547.0063992821094 501.33145158633255 0.0 0.0
-464.25 3.2916666666666643 296.25 202.75 550.7196765454173 233.4760370359873 0.0 0.0
-467.0 -179.54166666666669 295.5 223.75 552.6401665606793 353.42932671242426 0.0 0.0
-468.5 -362.375 291.75 244.75 551.9152572064612 473.38261638886127 0.0 0.0
-469.5 -490.5 288.75 303.0 551.1883276955061 577.9897127588417 0.0 0.0
-502.0 -477.75 281.5 356.0 575.9194770789335 595.8347760949507 0.0 0.0
-492.0 -502.0 214.0 357.0 536.526750367748 616.0142041865024 0.0 0.0
-491.25 -581.0 213.75 348.5 535.7384079648828 677.7402768573977 0.0 0.0
-491.5 -564.5 214.5 341.0 536.267386666944 659.5009540638489 0.0 0.0
-491.0 -564.0 215.0 341.0 536.0093657976726 659.0728843792897 0.0 0.0
-490.5 -646.5 214.0 341.5 535.1506797155358 731.2128875899098 0.0 0.0
-489.75 -565.25 212.25 349.0 533.7651890458492 664.3106308172585 0.0 0.0
-488.25 -571.25 209.0 350.0 531.1028499249066 669.9478599870718 0.0 0.0
-486.75 -637.0 207.5 331.75 529.1331035846804 718.2225711915236 0.0 0.0
-486.0 -635.0 205.5 327.75 527.6611128366387 714.5944955454343 0.0 0.0
-486.0 -607.0 204.5 321.5 527.2726641824781 686.8852110725018 0.0 0.0
-485.0 -605.25 205.5 323.75 526.7402472295387 686.3978108198938 0.0 0.0
-485.5 -606.75 205.5 323.25 527.2006619732209 687.4858053627584 0.0 0.0
-485.5 -604.0 206.5 326.75 527.5914249694022 686.7179645420226 0.0 0.0
-485.0 -596.5 207.5 336.75 527.5236961502299 685.0660614425785 0.0 0.0
-450.0 -655.75 252.5 342.375 516.1777080819526 740.0006650956341 0.0 0.0
-461.5 -709.0 275.0 358.75 537.2218165054788 796.9753548288039 0.0 0.0
-462.5 -583.5 277.5 361.75 539.3637319052763 686.546937149412 0.0 0.0
-463.5 -589.0 277.5 360.25 540.2207881968261 690.4358849911209 0.0 0.0
-463.5 -587.0 277.5 359.25 540.2207881968261 688.207603790306 0.0 0.0
-464.0 -586.0 277.5 361.5 540.6499013796972 688.5431692218888 0.0 0.0
-464.5 -583.75 278.5 358.5 541.5925590330797 685.0464082135773 0.0 0.0
-467.5 -604.25 287.0 355.75 548.5804224908816 701.3008790496995 0.0 0.0
-471.5 -582.5 297.0 351.5 557.2443579933935 680.3489845674146 0.0 0.0
-472.5 -716.5 298.5 344.0 558.8904823971615 795.3929800894552 0.0 0.0
-473.5 -611.5 300.0 334.25 560.537762397733 696.8927751518445 0.0 0.0
-430.5 -604.0 263.0 338.75 504.4792142004459 692.5088219034817 0.0 0.0
-432.0 -630.75 263.0 341.75 505.7600047428955 717.4904082377363 0.0 0.0
-469.5 -600.75 282.5 344.25 547.9464843022032 692.3934095420527 0.0 0.0
-508.0 -592.5 293.0 344.25 586.4919039508786 685.2480053195302 0.0 0.0
-509.0 -590.25 303.0 346.25 592.3598438352396 684.3133223553755 0.0 0.0
-504.5 -590.75 297.0 345.5 585.432361052178 684.3652645376573 0.0 0.0
-497.0 -583.5 292.0 360.25 576.4315090083037 685.8675001080401 0.0 0.0
-491.5 -577.5 286.5 375.75 568.9064803252807 688.9827783079456 0.0 0.0
-485.0 -641.0 279.0 383.0 559.5230931537949 747.3327007781246 0.0 0.0
-506.5 -603.0 302.0 379.0 589.7021580948904 712.3718602547588 0.0 0.0
-503.5 -598.0 304.5 378.5 588.4156451062581 707.7910229246222 0.0 0.0
-500.5 -645.0 304.5 382.0 585.8502944754542 750.2270872983283 0.0 0.0
-498.0 -603.5 306.0 377.0 584.5000205975696 711.6921741566641 0.0 0.0
-495.5 -582.5 306.5 376.25 582.6345112444055 693.4484187053857 0.0 0.0
-489.0 -583.5 300.5 371.75 573.9526822487418 691.8672669425007 0.0 0.0
-462.0 -625.75 289.5 371.75 545.2476901440059 728.1194190187924 0.0 0.0
-446.0 -618.25 279.0 370.25 526.0773759683691 720.6376299710491 0.0 0.0
-451.0 -631.5 280.0 374.5 530.8493439208736 734.6128514455095 0.0 0.0
-451.5 -638.0 281.5 372.75 532.0662552727808 738.9095832044468 0.0 0.0
-434.5 -595.0 268.0 374.5 510.5091225417161 703.110192775508 0.0 0.0
-433.5 -701.6 266.0 210.35 508.6072788031215 733.1683548911051 0.0 0.0
-450.5 -662.0 280.0 241.75 530.4252740438415 706.8189627827257 0.0 0.0
-444.5 -622.4 278.5 273.15 524.5404460338862 680.4695706743464 0.0 0.0
-442.5 -578.0 276.5 354.0 521.7840263959226 677.9038001984405 0.0 0.0
-442.0 -581.0 275.0 354.0 520.5662111897528 680.3506946297873 0.0 0.0
-442.0 -588.5 274.5 349.75 520.3020757214024 684.5942826238811 0.0 0.0
-442.0 -591.0 275.0 350.0 520.5660380777832 686.8937504071546 0.0 0.0
-443.0 -635.5 274.0 353.75 520.8886637276722 727.342561304643 0.0 0.0
-442.5 -620.5 273.5 352.75 520.2004674987812 713.7596858621869 0.0 0.0
-444.0 -599.5 273.0 348.25 521.2151009081142 693.3100394414182 0.0 0.0
-445.0 -592.0 273.5 345.0 522.3287456608605 685.1927198825922 0.0 0.0
-423.0 -594.25 268.0 343.0 500.7527664246886 686.139259750083 0.0 0.0
-423.5 -596.0 269.5 342.0 501.97905979296854 687.1535490703661 0.0 0.0
-422.5 -589.5 271.0 343.75 501.9434729130363 682.413796952487 0.0 0.0
-440.5 -614.25 283.0 346.0 523.5735830439734 704.9959160337885 0.0 0.0
-426.5 -599.0 273.5 351.25 506.6602143928874 694.4901465675548 0.0 0.0
-425.5 -586.0 273.5 356.5 505.8186433891104 685.9218045907357 0.0 0.0
-425.0 -585.5 270.5 357.5 503.7809543839465 686.0155963605825 0.0 0.0
-424.0 -622.0 270.0 360.0 502.669054022732 718.7013373336995 0.0 0.0
-422.0 -615.0 268.0 365.5 499.9080291921616 715.6122875773162 0.0 0.0
-420.0 -588.0 266.5 369.5 497.41574988922673 694.4596998735929 0.0 0.0
-420.0 -587.0 265.5 370.5 496.88123781074324 694.1467609090893 0.0 0.0
-421.0 -615.0 264.5 361.0 497.1933728440072 713.1245168912163 0.0 0.0
-420.5 -587.5 264.0 366.0 496.504208762738 692.211570118852 0.0 0.0
-420.0 -613.0 264.5 366.75 496.3469048961623 714.5847191760743 0.0 0.0
-422.0 -579.0 263.5 373.25 497.5100501497432 688.8812486977072 0.0 0.0
-422.0 -586.0 263.5 379.5 497.5100501497432 698.1553988616158 0.0 0.0
-423.0 -590.5 263.0 385.5 498.094549559397 705.1960237217022 0.0 0.0
-422.0 -595.0 262.5 384.0 496.9811364629446 708.1551626483914 0.0 0.0
-429.5 -588.0 265.5 371.5 504.9368001590884 695.5275743962794 0.0 0.0
-442.5 -586.0 273.0 374.0 519.9378029368518 695.1781435227158 0.0 0.0
-443.0 -586.5 273.0 375.5 520.3635087032791 696.4068594931567 0.0 0.0
-441.5 -584.5 273.5 377.5 519.3501413614263 695.8070325223061 0.0 0.0
-440.0 -581.5 274.5 378.5 518.6041361192562 693.8338636835213 0.0 0.0
-439.0 -585.0 272.5 375.5 516.6984130031753 695.1517794670599 0.0 0.0
-438.5 -583.0 271.0 368.75 515.483686361327 689.8315908097995 0.0 0.0
-463.0 -582.0 227.0 367.75 515.6599287975073 688.4506455765736 0.0 0.0
-461.0 -582.75 219.5 365.5 510.5894267394243 687.8873423070911 0.0 0.0
-454.0 -586.25 215.5 362.0 502.549748781153 689.0094536601157 0.0 0.0
-453.5 -582.5 215.0 361.75 501.88375791229055 685.6889415060792 0.0 0.0
-455.0 -585.0 213.0 362.75 502.3883537748583 688.3406053992439 0.0 0.0
-459.5 -615.5 210.5 365.5 505.4234390723672 715.8467798339824 0.0 0.0
-463.0 -615.5 208.0 364.0 507.5760405117934 715.0783110144016 0.0 0.0
-466.0 -609.25 207.5 358.5 510.1100776954952 706.9001723784818 0.0 0.0
-469.0 -609.25 206.0 354.0 512.247050192712 704.6293657457231 0.0 0.0
-471.5 -601.0 204.5 350.0 513.9384305706164 695.4870559071417 0.0 0.0
-472.0 -588.0 202.5 343.5 513.6056571733324 680.9835860294177 0.0 0.0
-472.0 -587.75 200.5 340.75 512.8207261204217 679.3826180722932 0.0 0.0
-476.5 -593.0 199.0 339.0 516.3871961878099 683.0631495129112 0.0 0.0
-412.0 -634.25 231.0 351.75 472.344803383696 725.7096132868076 0.0 0.0
-411.0 -652.75 231.0 354.5 471.46882947450786 742.8100536327307 0.0 0.0
-412.5 -624.0 231.0 353.75 472.77614876957034 717.3125467910091 0.0 0.0
-412.5 -610.25 232.5 354.25 473.5108871752666 705.6192767530025 0.0 0.0
-413.0 -605.25 230.5 356.5 472.9685507515272 702.4386973461737 0.0 0.0
-412.5 -571.25 229.5 366.5 472.04508163245623 678.7111882801361 0.0 0.0
-458.5 -598.0 273.5 368.0 533.8780227076461 702.1607485141722 0.0 0.0
-458.5 -626.5 275.5 370.5 534.9042590202564 727.8577968632783 0.0 0.0
-459.0 -600.5 275.5 369.5 535.3329022317325 705.1465594059772 0.0 0.0
-461.0 -582.0 275.5 368.0 537.0486477033528 688.5841062672681 0.0 0.0
-460.5 -600.0 277.0 367.25 537.3912135707542 703.568675488764 0.0 0.0
-458.0 -579.0 275.0 367.75 534.2181474059582 685.916318322996 0.0 0.0
-447.5 -574.0 267.0 366.5 521.1002212684712 681.0276989899326 0.0 0.0
-460.5 -579.75 262.5 353.25 530.1857646323929 678.8938066898263 0.0 0.0
-477.5 -583.0 262.0 355.75 544.7051448390198 682.9696930960616 0.0 0.0
-490.5 -650.75 277.0 354.0 563.3111238004595 741.3217378765762 0.0 0.0
-492.5 -608.0 276.0 347.75 564.5638780351615 700.424400620969 0.0 0.0
-494.5 -604.75 275.5 346.75 566.0658270929046 697.1069742592774 0.0 0.0
-495.0 -626.0 275.5 347.75 566.5027803374509 716.1750455440095 0.0 0.0
-493.0 -580.25 274.0 351.25 564.0258779534979 678.282895172222 0.0 0.0
-478.5 -617.5 275.0 346.0 551.9794364648458 707.8577836093687 0.0 0.0
-467.0 -646.5 277.0 348.75 542.9716244292356 734.5952132931267 0.0 0.0
-467.0 -681.75 276.5 350.75 542.7165466429045 766.7612670502 0.0 0.0
-466.0 -642.5 276.0 348.5 541.6013293927555 730.9472913631867 0.0 0.0
-465.0 -610.75 275.5 346.0 540.4861237811754 701.9485017915006 0.0 0.0
-465.0 -617.0 275.5 343.75 540.4861237811754 706.4452854623504 0.0 0.0
-465.0 -585.0 275.0 342.5 540.2314376163176 677.8873512961727 0.0 0.0
-440.5 -588.0 256.0 341.75 509.4875336378402 680.1013688629288 0.0 0.0
-418.5 -591.0 240.5 337.0 482.682703685032 680.3308469724509 0.0 0.0
-440.5 -570.15 263.5 320.425 513.2961818219981 655.5916643134456 0.0 0.0
-445.5 -596.75 268.5 286.125 520.1563304388172 667.9062148076716 0.0 0.0
-452.5 -623.35 272.5 251.825 528.2163382554538 680.2207653018977 0.0 0.0
-447.5 -649.95 270.0 217.52500000000003 522.6435920873646 692.5353157961238 0.0 0.0
-442.5 -676.55 268.0 183.22500000000002 517.3300417282849 704.8498662903498 0.0 0.0
-448.5 -674.8333333333333 273.5 199.25 525.3138027294025 705.7492556712494 0.0 0.0
-455.0 -588.1666666666667 279.5 320.125 533.9899984940466 672.40316171217 0.0 0.0
-433.0 -593.0 253.0 341.25 501.49688958665774 684.1789091465988 0.0 0.0
-433.5 -579.25 249.5 350.0 500.1724842819216 676.7830628171473 0.0 0.0
-458.0 -573.25 280.0 356.25 536.8275767952703 674.9313991207191 0.0 0.0
-457.0 -554.0 274.0 357.75 532.8462423166225 659.5298802636776 0.0 0.0
-464.0 -534.5 274.0 358.0 538.8623876942606 643.3160100167588 0.0 0.0
-461.0 -528.0 271.5 357.5 535.0087186659937 637.6468824312465 0.0 0.0
-487.5 -522.0 272.5 359.75 558.4923352083952 633.9592275459677 0.0 0.0
-486.0 -520.0 272.0 359.0 556.9388252484412 631.888120540038 0.0 0.0
-486.0 -528.0 273.5 358.0 557.6721707239836 637.9315317922558 0.0 0.0
-489.0 -533.25 277.0 357.0 562.0053648306442 641.7335334261337 0.0 0.0
-490.5 -538.75 279.5 358.25 564.5445066600153 646.9888951718616 0.0 0.0
-489.5 -461.5 280.0 328.8181818181818 563.9240059652116 566.674224852804 0.0 0.0
-491.5 -377.5 280.5 268.09090909090907 565.9086167595653 463.0808466819677 0.0 0.0
-495.5 -293.5 280.0 207.36363636363637 569.13992128474 359.48746851113157 0.0 0.0
-494.5 -209.5 277.0 146.63636363636363 566.7973648094967 255.89409034029543 0.0 0.0
-498.0 -125.5 275.5 85.90909090909092 569.1306231298634 152.3007121694593 0.0 0.0
-507.5 -41.5 277.0 25.181818181818187 578.174263982793 48.70733399862313 0.0 0.0
-511.0 -21.0 278.5 2.25 581.9651871131977 23.17450719079733 0.0 0.0
-515.0 -22.0 282.0 0.0 587.1534983909105 22.976841000939487 0.0 0.0
-518.0 -19.5 285.0 -17.25 591.2268873887294 26.058918193020432 0.0 0.0
-522.0 -14.0 287.0 35.5 595.6953935569932 38.16385749256429 0.0 0.0
-522.0 -12.0 287.0 34.75 595.6953919580039 36.76373547886698 0.0 0.0
-522.0 -11.25 285.5 35.0 594.9741591027295 36.76568248011631 0.0 0.0
-521.5 -10.75 282.5 34.75 593.1007502945853 36.37478928280622 0.0 0.0
-507.0 -10.0 272.0 34.75 575.3547019084772 36.16257372567635 0.0 0.0
-481.0 -9.75 255.0 34.75 544.4137721371897 36.092312058284186 0.0 0.0
-468.5 -9.75 249.0 34.75 530.5594048375036 36.092312058284186 0.0 0.0
-480.5 -8.25 257.0 34.25 544.9125447616893 35.23008720101285 0.0 0.0
-444.5 -6.75 246.5 34.75 508.28701275269833 35.40005797911671 0.0 0.0
-442.0 -6.25 259.5 34.25 512.5470771895577 34.81616618317403 0.0 0.0
-441.0 -5.5 259.0 34.0 511.431506542442 34.44551677907165 0.0 0.0
-445.5 -4.0 262.5 35.0 517.0859212552202 35.241837599913985 0.0 0.0
-416.21875 -3.0 242.96875 36.0 481.99082861994117 36.12487926352088 0.0 0.0
-403.09375 -2.5 242.84375 37.0 470.76152760221464 37.08771850691949 0.0 0.0
-389.96875 -1.5 242.71875 37.0 459.5322265844881 37.03376283697065 0.0 0.0
-376.84375 -0.75 242.59375 37.0 448.3029255667616 37.00844463540013 0.0 0.0
-452.5 -0.5 240.5 37.75 514.1879260376777 37.75331125825904 0.0 0.0
-509.0 -0.5 268.5 37.75 575.5993599675995 37.75331125825904 0.0 0.0
-476.0 -0.75 228.0 37.5 527.879199137418 37.5082669208266 0.0 0.0
-468.0 -2.0 228.5 37.5 520.9057785563298 37.55330490408935 0.0 0.0
-483.5 -2.5 251.0 36.75 544.8214112651033 36.838547390878894 0.0 0.0
-483.0 -3.0 239.5 36.5 539.1191432902382 36.62308015445998 0.0 0.0
-482.5 -3.5 246.0 36.75 541.6069732550537 36.91933414315838 0.0 0.0
-489.0 -2.5 244.5 42.0 546.7208614950695 42.113112613014714 0.0 0.0
-481.5 -0.25 236.5 59.25 536.4462248407992 59.25105040162448 0.0 0.0
-484.0 -1.75 241.5 59.75 540.9235560454958 59.776114319513226 0.0 0.0
-499.5 -3.0 255.0 60.0 560.825507622469 60.07495318350236 0.0 0.0
-467.0 -3.0 233.5 60.25 522.1223042652534 60.32464384126463 0.0 0.0
-471.5 -3.5 235.5 60.5 527.046017281871 60.603210856818144 0.0 0.0
-475.0 -4.5 236.5 60.75 530.6198752672071 60.91833110350341 0.0 0.0
-469.5 -5.0 232.0 59.75 523.6930930160578 59.95887267304778 0.0 0.0
-462.0 -4.5 222.5 60.0 512.7868183958448 60.17090083355852 0.0 0.0
-457.5 -3.75 219.5 60.5 507.4316909866184 60.61690759723531 0.0 0.0
-456.0 -3.5 219.5 61.75 506.08012452461173 61.84911236347945 0.0 0.0
-454.5 -3.0 220.0 61.0 504.9457891694909 61.07576767281089 0.0 0.0
-454.0 -2.75 221.0 62.0 504.9327162023145 62.06129806957114 0.0 0.0
-453.5 -2.75 222.5 62.0 505.1421072366935 62.06146048300777 0.0 0.0
-453.5 -1.0 223.5 62.0 505.5833747811546 62.01007930155162 0.0 0.0
-453.5 -0.5 223.5 61.5 505.5833264655788 61.502032621081355 0.0 0.0
-454.5 0.5 221.5 62.0 505.6011273721608 62.00201609625287 0.0 0.0
-472.0 0.5 233.0 61.5 526.3870173639716 61.502032621081355 0.0 0.0
-487.0 0.5 265.5 61.0 554.6705713489348 61.00204914590984 0.0 0.0
-487.5 -0.5 265.0 61.0 554.8705317664948 61.00204914590984 0.0 0.0
-481.5 0.25 233.0 59.0 534.9271751814146 59.005351673129155 0.0 0.0
-528.5 0.25 370.5 56.5 648.1889267377361 56.50550167666478 0.0 0.0
-479.0 -0.75 237.0 55.5 534.42610383994 55.50566112813646 0.0 0.0
-476.0 -1.0 234.0 55.5 530.4074396554017 55.50900900883103 0.0 0.0
-486.0 -0.5 255.0 55.25 548.8528172713786 55.25454507895013 0.0 0.0
-450.0 -0.0 240.5 54.75 510.23657942717597 54.75 0.0 0.0
-447.5 -0.5 239.0 52.75 507.32366935100964 52.75485391144745 0.0 0.0
-447.0 -1.75 239.0 48.5 506.882629412372 48.53916869157634 0.0 0.0
-446.5 -2.75 239.5 43.75 506.6779055771033 43.8378180515562 0.0 0.0
-442.0 -3.75 236.5 42.75 501.2945740779567 42.91957287709718 0.0 0.0
-443.0 -4.0 236.0 44.5 501.9414256006496 44.68327802387915 0.0 0.0
-443.0 -2.5 224.0 47.75 496.5425799517702 47.82724410101546 0.0 0.0
-443.0 -1.0 224.5 50.5 496.76324040242855 50.51267879898445 0.0 0.0
-443.5 -0.5 235.5 52.5 502.14808076226774 52.50238111434315 0.0 0.0
-457.5 -0.25 255.5 53.5 524.1420204572792 53.501157382601214 0.0 0.0
-439.5 -0.5 228.5 52.75 495.354741410253 52.75485391144745 0.0 0.0
-457.0 -1.0 243.5 51.75 517.8239750683776 51.76960031034969 0.0 0.0
-463.5 -3.25 250.5 51.0 526.861296607322 51.10440843822636 0.0 0.0
-460.5 -3.75 251.0 50.25 524.4632590646597 50.390259225467524 0.0 0.0
-469.0 -4.0 258.5 49.0 535.5215292138747 49.16301104605176 0.0 0.0
-474.0 -4.5 250.5 47.0 536.2139870350488 47.218084083375395 0.0 0.0
-472.5 -5.5 247.0 45.5 533.2258756734404 45.83390011867892 0.0 0.0
-469.0 -6.25 255.5 45.0 534.0798161323829 45.432306651689764 0.0 0.0
-452.5 -6.25 238.5 46.0 511.5651559006998 46.42371980069447 0.0 0.0
-558.3214285714286 -6.0 192.92857142857144 48.0 590.7163440555928 48.37358624867998 0.0 0.0
-567.6071428571429 -6.75 194.64285714285717 50.0 600.057554266491 50.458101754629624 0.0 0.0
-576.8928571428571 -8.5 196.35714285714283 51.25 609.3987644773892 51.96025511525792 0.0 0.0
-586.1785714285714 -10.25 198.07142857142856 51.75 618.7399746882875 52.76116089276647 0.0 0.0
-547.5 -13.0 232.0 52.0 594.9957965348938 53.6312400246902 0.0 0.0
-447.0 -47.0 246.0 74.0 510.3385575470693 87.67819670545204 0.0 0.0
-461.0 -62.0 270.5 86.5 534.5024587442731 106.45833630694533 0.0 0.0
-460.0 -94.25 267.5 79.25 532.1258838071753 124.9356123693913 0.0 0.0
-501.5 -195.72500000000002 260.0 111.875 565.473449468768 225.5697475061295 0.0 0.0
-546.1785714285714 -296.025 243.57142857142856 162.375 598.3321953136318 337.78528102947087 0.0 0.0
-545.75 -396.325 229.0 212.875 592.3036148517454 450.0008145528123 0.0 0.0
-545.3214285714286 -496.625 214.42857142857142 263.375 586.2750343898588 562.2163480761537 0.0 0.0
-543.0 -596.925 219.0 313.875 585.6950698171702 674.431881599495 0.0 0.0
-539.5 -674.25 241.0 349.0 590.8900877753937 759.9849908449518 0.0 0.0
-498.0 -584.0 296.0 339.125 579.327293762846 675.324187385304 0.0 0.0
-491.5 -585.5 285.0 338.625 568.1905201781224 676.3712131345881 0.0 0.0
-453.25 -585.5 260.0 340.5 522.5990451797479 677.311228313838 0.0 0.0
-426.0 -582.5 246.0 342.5 491.9285875765398 675.7312230270686 0.0 0.0
-415.0 -587.0 250.75 343.0 484.8966432289956 679.8673332624226 0.0 0.0
-429.25 -589.5 252.25 343.5 497.88125301214893 682.2775730095562 0.0 0.0
-429.75 -589.0 252.0 345.5 498.1859778486507 682.856590246734 0.0 0.0
-437.75 -586.0 233.5 342.5 496.13374982784944 678.7542850908324 0.0 0.0
-442.0 -640.0 231.0 343.0 498.72356708451844 726.4330891103607 0.0 0.0
-447.25 -580.5 231.75 345.0 503.72834568647033 675.2855632427315 0.0 0.0
-455.5 -548.0 261.0 321.0 524.9773804651015 635.1472911630156 0.0 0.0
-463.5 -635.5 266.75 306.5 534.7792060424115 706.3247028328021 0.0 0.0
-473.25 -553.5 273.5 297.5 546.5967008067817 628.3917555321354 0.0 0.0
-476.0 -556.0 274.5 295.5 549.4781615314662 629.6498615508613 0.0 0.0
-475.5 -651.5 272.75 303.0 548.1727902415385 719.2563075432379 0.0 0.0
-471.25 -567.5 267.75 230.0 542.0028320156047 613.8712449720297 0.0 0.0
-481.0 -546.0 274.0 181.0 553.5679407648379 575.2734493550213 0.0 0.0
-482.5 -541.0 276.0 176.0 555.8618878511362 568.9086883732084 0.0 0.0
-484.0 -538.5 277.0 168.5 557.6607082750733 564.2470449238707 0.0 0.0
-484.0 -538.0 278.0 165.0 558.1581012102564 562.7367556075998 0.0 0.0
-486.25 -534.5 283.0 169.0 562.608543966563 560.5951911683202 0.0 0.0
-474.34375 -533.0 271.5625 166.5 547.0495625791905 558.4006178363344 0.0 0.0
-495.71875 -538.3636363636364 255.8125 164.70454545454544 559.522646428459 562.998181045666 0.0 0.0
-517.09375 -579.8181818181818 240.0625 179.52272727272725 571.9957302777277 606.9872820428966 0.0 0.0
-538.46875 -621.2727272727273 224.3125 194.3409090909091 584.4688141269962 650.9763830401273 0.0 0.0
-553.1666666666667 -662.7272727272727 219.83333333333331 209.1590909090909 595.4698009887295 694.965484037358 0.0 0.0
-547.8333333333333 -704.1818181818181 249.16666666666669 223.97727272727275 602.0544968878569 738.9545850345887 0.0 0.0
-544.25 -745.6363636363636 268.5 238.79545454545456 606.9156075825499 782.9436860318193 0.0 0.0
-409.0 -550.0 266.0 339.75 487.8935371979903 646.5176803274728 0.0 0.0
-474.0 -588.5 294.5 346.75 558.0387490388425 683.2385065276933 0.0 0.0
-460.0 -605.0 283.0 359.75 540.0824020924495 704.3272551751802 0.0 0.0
-462.0 -675.0 287.0 357.25 543.8920376833831 764.1551400047273 0.0 0.0
-455.0 -557.0 278.0 360.25 533.2063648798817 663.3490837345671 0.0 0.0
-454.5 -579.5 276.5 364.0 531.9985902236959 684.4057549613033 0.0 0.0
-450.0 -568.5 262.0 385.5 520.8097360890492 686.8789436317556 0.0 0.0
-451.0 -563.5 250.5 385.25 515.8985452027619 682.6296965640034 0.0 0.0
-479.0 -560.0 251.0 386.0 540.914444930561 680.1448072591447 0.0 0.0
-503.5 -562.5 316.5 386.0 594.7159406403287 682.2051305070183 0.0 0.0
-502.5 -566.5 329.5 384.5 600.9241327233657 684.6623831101425 0.0 0.0
-496.5 -564.5 293.0 384.5 576.5861418658744 683.0093173510691 0.0 0.0
-457.0 -561.25 277.0 360.25 534.3951560691096 666.9952075450866 0.0 0.0
-458.0 -649.5 276.0 348.5 534.7335785229875 738.2496479804076 0.0 0.0
-525.5 -670.75 288.0 345.875 601.6250547372757 754.835439480525 0.0 0.0
-474.0 -738.5 320.0 346.25 571.905655042256 815.8918999516316 0.0 0.0
-474.5 -663.5 320.5 340.0 572.5997729653759 745.5433141288564 0.0 0.0
-475.5 -576.5 282.5 345.5 553.0882074508122 673.5611733032404 0.0 0.0
-471.0 -570.9166666666667 298.0 360.83333333333337 557.5784814987609 675.4267355585025 0.0 0.0
-465.0 -550.5833333333333 299.0 358.16666666666663 552.9511381157428 656.9623596583035 0.0 0.0
-464.5 -530.25 298.0 355.5 551.984246939566 638.4979837581045 0.0 0.0
-459.0 -523.75 307.5 345.125 552.4828051773065 627.5666590740468 0.0 0.0
-468.0 -552.0 313.0 326.0 563.0219044538055 641.0906467606594 0.0 0.0
-476.5 -555.5 319.0 335.75 573.4224684906808 649.0827831393186 0.0 0.0
-476.5 -557.0 319.0 336.5 573.4224684906808 650.7545753852153 0.0 0.0
-477.0 -562.75 319.5 341.0 574.1161271252025 658.0035344435851 0.0 0.0
-464.5 -561.5 309.5 340.0 558.1671585338854 656.417796634892 0.0 0.0
-465.5 -576.75 309.5 345.5 558.9995701877103 672.3247746841271 0.0 0.0
-463.0 -574.0 309.0 340.0 556.6418713696986 667.1403038846449 0.0 0.0
-461.0 -570.0 307.0 341.5 553.8682328200575 664.4900458256482 0.0 0.0
-458.0 -572.0 305.0 385.75 550.2626821145029 689.9420417003703 0.0 0.0
-457.5 -665.75 304.5 406.5 549.5693768761138 780.0616367051066 0.0 0.0
-459.0 -572.5 305.0 383.25 551.0954304157905 688.9389346370428 0.0 0.0
-460.0 -571.75 305.5 384.0 552.2048985657407 688.7341698913367 0.0 0.0
-460.5 -570.5 306.5 384.5 553.1749271252269 687.9757103913149 0.0 0.0
-461.5 -569.25 306.0 386.75 553.7316410363037 688.2013727065364 0.0 0.0
-463.5 -567.25 305.5 386.75 555.1239282495114 686.5479803481251 0.0 0.0
-465.0 -563.0 305.0 385.25 556.1025761513288 682.1925614906322 0.0 0.0
-466.5 -563.5 305.0 382.25 557.358217497524 680.9263080033745 0.0 0.0
-469.5 -562.0 307.0 377.5 560.9627997590273 677.015694057383 0.0 0.0
-478.0 -563.0 304.0 386.5 566.4863618785162 682.8991506803915 0.0 0.0
-482.0 -604.25 303.0 385.75 569.3272128461689 717.3460375913739 0.0 0.0
-483.0 -584.5 303.5 386.0 570.4395235255005 700.6250294158187 0.0 0.0
-483.5 -597.25 303.5 382.75 570.8630051626249 709.3743731883368 0.0 0.0
-484.0 -627.0 303.0 386.0 571.0211726445868 736.491295417148 0.0 0.0
-485.5 -567.0 303.0 391.0 572.2929756689313 688.7459321568493 0.0 0.0
-485.0 -591.0 302.5 383.0 571.604102504522 704.251738476481 0.0 0.0
-486.0 -593.5 302.5 383.5 572.4528364852426 706.6223621821204 0.0 0.0
-485.5 -597.0 302.0 382.0 571.7641559244511 708.755191769138 0.0 0.0
-485.0 -582.0 302.5 379.0 571.604102504522 694.562168249196 0.0 0.0
-485.0 -562.0 302.0 377.0 571.3398114522038 676.7377227498155 0.0 0.0
-484.5 -568.25 301.5 376.0 570.6509440980537 681.3895055708556 0.0 0.0
-484.0 -561.0 301.0 374.25 569.9626954704393 674.3767992238845 0.0 0.0
-484.0 -559.5 299.5 374.0 569.1719632333152 672.991956880214 0.0 0.0
-485.0 -558.0 298.5 375.0 569.4973661045326 672.301329599486 0.0 0.0
-486.0 -559.75 298.5 375.75 570.3492351182738 674.1722668164414 0.0 0.0
-485.5 -561.25 299.0 375.25 570.1852769056738 675.1401671181261 0.0 0.0
-485.5 -561.75 298.5 374.75 569.9233006114032 675.2782155282966 0.0 0.0
-485.0 -575.75 296.5 376.5 568.4516250306617 687.9686852554573 0.0 0.0
-482.5 -589.0 295.0 377.0 565.537299762362 699.3211157795669 0.0 0.0
-479.9375 -580.5 282.5625 374.25 556.9463448461315 690.6970355029557 0.0 0.0
-475.6875 -557.09375 276.8125 493.3928571428571 550.3924482924668 670.1217796058916 0.0 0.0
-471.4375 -539.21875 271.0625 454.96428571428567 543.838551738802 654.7972492744199 0.0 0.0
-467.1875 -521.34375 265.3125 416.5357142857143 537.2846551851374 639.4727189429482 0.0 0.0
-486.0 -503.46875 253.5 378.1071428571429 548.3990738459327 624.1481886114766 0.0 0.0
-499.5 -511.5 245.5 372.25 556.5802698079463 632.6192441555538 0.0 0.0
-486.0 -509.5 246.5 389.75 544.9605504878194 641.5080990388846 0.0 0.0
-481.5 -519.0 226.0 384.5 531.9808053442878 645.9122753567924 0.0 0.0
-482.0 -523.5 255.0 381.5 545.3026419317298 647.7613479365211 0.0 0.0
-471.5 -516.5 253.0 387.25 535.3501387144156 645.5594943088015 0.0 0.0
-502.0 -515.5 257.0 378.5 563.9625639280725 639.5486139826938 0.0 0.0
-499.0 -559.0 267.0 401.0 566.0368026797519 687.9690041935912 0.0 0.0
-498.5 -640.5 280.5 424.0 571.9988547894931 768.749098311625 0.0 0.0
-493.0 -542.0 268.5 422.0 561.4779975030622 686.9237839816117 0.0 0.0
-490.0 -611.0 254.0 430.0 551.9204626134131 747.1447270416921 0.0 0.0
-502.0 -535.75 262.0 432.25 566.2593604158492 688.3887779491104 0.0 0.0
-497.5 -534.0 260.5 430.0 561.5771921638876 685.6100284478403 0.0 0.0
-486.5 -536.0 253.5 428.5 548.584135191531 686.2277099021087 0.0 0.0
-498.5 -535.5 262.0 428.5 563.1607418143439 685.8400851452752 0.0 0.0
-510.0 -540.0 269.5 424.75 576.827794555232 687.0322918201941 0.0 0.0
-501.5 -543.0 261.0 423.0 565.3530701763802 688.3159519777324 0.0 0.0
-507.0 -546.5 257.0 422.0 568.4224060193028 690.4684087928445 0.0 0.0
-531.0 -549.0 267.0 420.5 594.3493560875451 691.5366682959473 0.0 0.0
-545.5 -554.5 270.0 421.75 608.6642810381829 696.6662993586635 0.0 0.0
-548.0 -551.75 264.0 386.75 608.2762978263768 674.4262233462146 0.0 0.0
-566.0 -567.5 264.0 330.5 624.5414317721443 656.8810001424798 0.0 0.0
-578.5 -563.75 262.0 335.25 635.0643640902618 655.9014082666604 0.0 0.0
-584.5 -562.5 261.0 326.5 640.1259829439094 650.3933363498463 0.0 0.0
-583.5 -672.5 256.0 358.0 637.1877983403956 763.0221159606783 0.0 0.0
-580.5 -570.0 251.5 350.75 632.6393601654893 669.279420725506 0.0 0.0
-538.5 -582.0 241.0 354.25 589.9862366376324 681.4142813459534 0.0 0.0
-566.5 -629.75 310.5 365.25 646.0384048264259 728.8348585863239 0.0 0.0
-558.5 -565.5 317.0 359.5 642.1961745083787 670.097398611935 0.0 0.0
-564.5 -589.25 301.0 355.25 639.7396225704224 688.1545851589707 0.0 0.0
-576.0 -585.75 295.0 351.0 647.1502738453626 682.8664565840651 0.0 0.0
-590.0 -553.75 296.5 337.5 660.3128599299732 648.5186690068047 0.0 0.0
-606.5 -563.75 309.5 167.25 680.905979145413 588.0450570766518 0.0 0.0
-620.5 -550.5 310.5 162.25 693.8580008061955 573.9126703764214 0.0 0.0
-606.0 -553.25 264.5 155.75 661.208178849374 574.7588351273491 0.0 0.0
-652.5 -552.25 273.5 152.75 707.5147592153969 572.9876398102996 0.0 0.0
-705.5 -514.0 328.0 133.25 778.0319204271359 531.0738948763566 0.0 0.0
-722.1666666666667 -484.75 339.1666666666667 75.75 797.8517967249204 490.66934984254 0.0 0.0
-749.7222222222222 -481.5 350.05555555555554 62.75 827.4281263766545 485.57473560347887 0.0 0.0
-777.2777777777778 -492.5 360.94444444444446 56.0 857.0044560283885 495.6737376905261 0.0 0.0
-804.8333333333333 -494.5 371.8333333333333 54.0 886.5807856801225 497.4411694175084 0.0 0.0
-849.0 -496.5 386.5 52.5 932.8439627392088 499.26811807155957 0.0 0.0
-881.0 -493.5 401.0 43.5 967.9695476826728 495.4138101122385 0.0 0.0
-846.6666666666667 -492.75 406.91666666666663 41.25 940.3134304865912 494.47431716370744 0.0 0.0
-818.2222222222222 -498.25 420.1388888888889 19.25 921.4240218465777 498.641236182518 0.0 0.0
-789.7777777777778 -495.0 433.3611111111111 9.5 902.534613206564 495.33821218151326 0.0 0.0
-761.3333333333333 -491.5 446.58333333333337 19.0 883.6452045665505 491.8671075525922 0.0 0.0
-725.5 -488.0 430.0 21.5 843.4973308406101 488.4736656016089 0.0 0.0
-680.5 -488.5 390.0 20.0 784.3508508097996 488.90924686839514 0.0 0.0
-646.5 -441.5 380.5 72.0 750.1621163669889 447.77891839402434 0.0 0.0
-562.5 -427.1 414.0 110.10000000000001 698.6391443238401 448.5096808337374 0.0 0.0
-562.5 -463.9 412.5 196.89999999999998 697.5516722884893 510.4873493061125 0.0 0.0
-548.5 -522.5 403.5 281.0 680.9834618050882 593.2718351438702 0.0 0.0
-548.0 -561.0 406.0 341.25 682.0118484346142 656.6373224126711 0.0 0.0
-558.5 -558.0 418.25 352.0 697.7881230151488 659.7861323923823 0.0 0.0
-572.5 -540.5 435.25 364.5 719.2200208396891 651.9467995729327 0.0 0.0
-586.5 -536.5 452.25 368.0 740.6519186642295 650.5848899702235 0.0 0.0
-596.5 -543.75 457.0 361.25 751.463778694238 652.8210737697968 0.0 0.0
-600.0 -559.25 442.5 346.25 745.6649062678698 657.7657064989015 0.0 0.0
-632.5 -556.0 449.5 345.0 775.9663172930649 654.3402279927631 0.0 0.0
-635.0 -553.75 454.5 345.25 780.8945771376407 652.5618597279234 0.0 0.0
-643.5 -551.75 453.5 346.75 787.2537315084426 651.6638313525414 0.0 0.0
-631.0 -556.25 434.0 358.75 765.8483937057499 661.9505922490432 0.0 0.0
-616.5 -573.5 421.0 362.0 746.5349220224034 678.2125087111898 0.0 0.0
-611.5 -573.75 419.0 363.5 741.2822002143072 679.219049554476 0.0 0.0
-582.0 -559.5 382.0 366.0 696.1722587789171 668.5777972241181 0.0 0.0
-568.5 -562.5 370.0 362.75 678.3032933472185 669.3234954860625 0.0 0.0
-563.0 -560.75 405.0 360.75 693.7191495314853 666.7692746240715 0.0 0.0
-565.0 -555.75 393.5 360.0 688.5254327331734 662.1631280472113 0.0 0.0
-579.5 -553.5 399.0 357.25 703.5792240255388 658.7793079475714 0.0 0.0
-590.5 -551.75 407.5 355.5 717.5097213668644 656.3599457651787 0.0 0.0
-574.5 -561.5 397.5 351.75 698.6210611711118 662.6225755942463 0.0 0.0
-590.5 -533.75 401.5 353.0 714.0895900654054 639.9422255069417 0.0 0.0
-578.0 -544.2083333333333 384.5 330.41666666666663 694.2087652630944 637.7690696648342 0.0 0.0
-582.0 -605.0416666666667 396.0 310.08333333333337 704.0159370090987 683.1677952459622 0.0 0.0
-574.0 -665.875 368.0 289.75 681.8389066504241 728.5665208270902 0.0 0.0
-570.5 -730.5 361.0 296.25 675.1269786821077 788.3932311533093 0.0 0.0
-574.0 -552.75 380.0 355.5 688.3933175318753 657.2353371991787 0.0 0.0
-562.0 -548.25 379.5 357.75 678.1338034066061 654.6473594204335 0.0 0.0
-530.0 -554.25 385.0 357.0 655.0767163913662 659.2806821244989 0.0 0.0
-520.0 -554.0 397.5 361.5 654.5519110362497 661.590712983364 0.0 0.0
-496.5 -541.0 386.0 368.75 628.8967950842432 654.738939735972 0.0 0.0
-500.0 -547.75 418.0 367.75 651.7109713580969 659.7523430311044 0.0 0.0
-478.0 -570.5 424.5 373.5 639.3431383877682 682.0948239742345 0.0 0.0
-463.0 -575.25 394.0 372.0 607.9623609789103 685.0699374795977 0.0 0.0
-444.5 -571.75 404.0 381.5 600.8952103459712 687.3460857894559 0.0 0.0
-433.5 -572.25 379.0 380.0 575.8710451954946 686.9503558320841 0.0 0.0
-432.5 -574.5 390.0 370.0 582.9324184322458 683.3592044464717 0.0 0.0
-434.0 -573.5 386.5 358.5 581.2294926490133 676.3354886052583 0.0 0.0
-430.5 -561.75 389.0 357.75 580.283057235014 666.0086718248398 0.0 0.0
-438.0 -564.75 380.5 347.25 580.2575052593666 662.993845892029 0.0 0.0
-500.0 -561.75 390.0 348.5 634.9130535113052 661.1633447001971 0.0 0.0
-493.5 -536.0 329.5 351.75 593.4116619658028 641.1391386273165 0.0 0.0
-487.5 -534.75 319.5 344.5 582.8702540963275 636.1115418600898 0.0 0.0
-488.0 -539.75 322.0 352.0 584.6606501472229 644.3893351837788 0.0 0.0
-494.0 -537.5 327.5 362.5 592.6991870500789 648.315140121563 0.0 0.0
-546.5 -536.0 400.0 361.5 677.248466263156 646.5135889302665 0.0 0.0
-506.0 -619.75 362.0 449.25 622.2061897178642 765.579069525777 0.0 0.0
-512.5 -539.5 394.0 377.0 646.4681586575576 658.1715086211002 0.0 0.0
-501.5 -536.0 374.0 361.0 625.6038448996021 646.2336377442605 0.0 0.0
-481.5 -532.25 359.0 356.75 600.6028135131414 640.7501450995553 0.0 0.0
-425.0 -530.0 364.0 356.25 559.5763636879838 638.6032160930529 0.0 0.0
-408.5 -539.25 360.0 348.0 544.4955846229802 641.9047636728726 0.0 0.0
-411.5 -556.75 372.5 330.0 555.0576993636867 647.20234348257 0.0 0.0
-422.5 -545.5 390.0 332.5 574.9899640482995 638.8537041858481 0.0 0.0
-447.0 -458.5 389.5 302.25 592.9619619937341 549.5208174127857 0.0 0.0
-417.5 -344.65625 349.0 246.40625 544.1579170240882 423.6882282232864 0.0 0.0
-433.0 -247.53125 346.0 176.28125 554.2612144471614 303.90674296247016 0.0 0.0
-434.5 -150.40625 344.0 106.15625 554.1897298460643 184.125257701654 0.0 0.0
-428.5 -53.28125 345.0 36.03125 550.126020632652 64.34377244083778 0.0 0.0
-450.0 -43.0 368.5 35.5 581.7024978842222 55.77519638662723 0.0 0.0
-470.0 -55.25 350.5 34.25 586.3488564041047 65.01577534206511 0.0 0.0
-466.9375 -55.25 333.46875 35.75 573.8779547990059 65.81193646208466 0.0 0.0
-456.1875 -54.75 318.09375 36.25 556.2899067510426 65.66300298714387 0.0 0.0
-445.4375 -24.5 302.71875 32.0 538.7018587030793 40.30980759367009 0.0 0.0
-434.6875 -22.0 287.34375 33.5 521.113810655116 40.07830572520417 0.0 0.0
-476.0 -22.25 339.0 33.25 584.3776494588353 40.021338137129135 0.0 0.0
-486.0 -24.0 351.5 31.5 599.8095252493969 39.62592808832946 0.0 0.0
-477.5 -25.25 357.5 30.0 596.5246538933411 39.21512364505624 0.0 0.0
-481.0 -19.0 342.5 71.0 590.4851078528216 73.56531708028544 0.0 0.0
-480.0 -19.25 331.0 79.5 583.0696578503646 81.7988764390904 0.0 0.0
-480.5 -20.0 319.0 82.5 576.7529928725246 84.88996121243127 0.0 0.0
-474.0 -21.0 331.0 84.0 578.1356770118324 86.58530306203191 0.0 0.0
-469.5 -28.75 320.5 95.75 568.481586939745 100.07469510132515 0.0 0.0
-434.5 -138.60714285714286 297.0 135.67857142857142 526.3076093436323 209.8606422657924 0.0 0.0
-406.0 -274.75 280.0 175.25 493.19035394677144 340.1972230766154 0.0 0.0
-405.0 -410.8928571428571 278.5 214.82142857142856 491.51545426955283 470.5338038874384 0.0 0.0
-401.5 -526.0 269.5 266.5 483.5623229880099 590.1089385967755 0.0 0.0
-418.25 -562.75 273.5357142857143 337.0 499.8799102899227 655.9586338962006 0.0 0.0
-429.25 -561.75 265.67857142857144 338.0 505.2460969732533 655.5970356585599 0.0 0.0
-440.25 -562.75 257.82142857142856 341.25 510.61228365658405 658.135068874254 0.0 0.0
-451.25 -561.0 249.96428571428572 351.5 515.9784703399148 662.0232161408987 0.0 0.0
-448.5 -563.0 275.0 349.75 526.1450172594707 662.7931043885454 0.0 0.0
-456.0 -561.5 283.0 348.5 536.6815267845325 660.8594570018165 0.0 0.0
-457.5 -562.75 276.0 353.25 534.3225985624506 664.4440567638005 0.0 0.0
-449.0625 -577.75 261.46875 342.25 519.7012592714582 671.5146576025355 0.0 0.0
-433.3125 -585.5 243.34375 341.0 497.21145745438224 677.5627314655353 0.0 0.0
-417.5625 -586.25 225.21875 337.75 474.7216556373064 676.5828853094364 0.0 0.0
-401.8125 -586.25 207.09375 337.75 452.2318538202305 676.5834568765956 0.0 0.0
-445.5 -589.5 198.0 334.75 487.87072711175165 677.9283731821954 0.0 0.0
-496.0 -592.25 235.5 345.0 550.2237707746515 685.4878736786097 0.0 0.0
-464.125 -587.75 258.875 355.25 531.4415713708711 686.7718477940989 0.0 0.0
-432.5 -585.25 244.5 355.5 496.8267317574447 684.7611476605472 0.0 0.0
-492.0 -585.0 236.5 354.5 547.1833392354265 684.0288872457883 0.0 0.0
-436.0 -583.0 247.5 354.5 501.36118451226037 682.3190236245799 0.0 0.0
-463.0 -578.0 258.0 355.5 530.0414087688016 678.5751616438669 0.0 0.0
-465.5 -583.25 261.5 355.0 533.9220353921887 682.7997712897536 0.0 0.0
-472.5 -576.75 254.0 355.5 536.4445561319187 677.5113694169196 0.0 0.0
-478.5 -573.5 258.0 355.0 543.6247817603014 674.4833013231884 0.0 0.0
-489.5 -570.5 274.5 355.5 561.2529440116579 672.2002649281999 0.0 0.0
-499.0 -564.25 291.5 353.75 577.9132473835475 665.9726683914778 0.0 0.0
-502.0 -552.0 297.0 355.0 583.277862445496 656.2994749981233 0.0 0.0
-500.5 -543.75 295.5 357.25 581.223305709724 650.6091060206168 0.0 0.0
-500.0 -541.5 291.0 354.75 578.5162336779126 647.3560460705944 0.0 0.0
-498.5 -538.75 283.0 351.0 573.2324822140132 643.0028887026853 0.0 0.0
-496.0 -531.25 279.5 352.75 569.3297025912738 637.6983063306303 0.0 0.0
-495.0 -531.5 281.5 347.0 569.4447392797254 634.7546480739131 0.0 0.0
-491.0 -540.5 288.0 336.5 569.2319948800302 636.6936366332163 0.0 0.0
-498.5 -544.75 312.5 338.25 588.5034437484378 641.2242071911512 0.0 0.0
-476.5 -536.25 310.5 336.625 568.7433036782943 633.1537376902054 0.0 0.0
-470.0 -538.5 307.0 336.5 561.3824307463694 634.9942903439086 0.0 0.0
-468.75 -542.0 306.5 337.5 560.0616484791453 638.4959074532039 0.0 0.0
-488.75 -544.5 316.5 334.5 582.2822084672215 639.039821933384 0.0 0.0
-488.0 -544.5 310.75 332.0 578.5473858973628 637.7337809056041 0.0 0.0
-468.25 -549.0 290.5 325.5 551.0494538483756 638.2413257576761 0.0 0.0
-469.25 -548.0 285.5 325.0 549.2798054679174 637.1256273698541 0.0 0.0
-465.0 -546.0 257.25 323.5 531.7656433935014 634.6407130222323 0.0 0.0
-513.75 -547.0 266.0 323.0 578.528444118726 635.247102891869 0.0 0.0
-511.5 -548.5 269.25 322.5 578.0533509682646 636.2849249749119 0.0 0.0
-501.25 -539.0 274.0 326.5 571.2716843783985 630.1773706161457 0.0 0.0
-512.25 -536.5 277.25 358.5 582.5030171601409 645.7060758425473 0.0 0.0
-588.5 -525.0 274.0 385.0 649.1805161988182 651.0395649910265 0.0 0.0
-583.25 -534.5 276.25 383.0 645.367660017948 657.5556365700345 0.0 0.0
-568.75 -543.5 265.0 379.0 627.4619961096064 662.6018526206017 0.0 0.0
-567.5 -543.5 260.75 379.0 624.5382456920645 662.5959038463415 0.0 0.0
-569.5 -543.5 260.75 380.0 626.3552093001181 663.1695568171742 0.0 0.0
-565.0 -547.5 263.25 380.0 623.3450204643734 666.4509921139588 0.0 0.0
-558.5 -546.5 261.5 381.0 616.6952399490665 666.2006195048132 0.0 0.0
-554.25 -546.0 263.25 382.0 613.6121454403742 666.3641821432745 0.0 0.0
-550.75 -542.5 271.0 385.0 613.8242382789899 665.2302338392748 0.0 0.0
-551.75 -545.0 274.5 385.0 616.2627880188597 667.2705598181295 0.0 0.0
-534.0 -547.0 278.25 387.0 603.4459384765008 670.0586227629201 0.0 0.0
-520.0 -547.5 325.75 386.5 613.6075167730062 670.1782527235082 0.0 0.0
-515.75 -551.5 318.25 389.0 606.0413562118695 674.8879429254623 0.0 0.0
-507.75 -549.5 311.75 387.0 595.8172179247758 672.1006357788392 0.0 0.0
-508.5 -551.25 309.0 386.875 595.0237626375364 673.460579824004 0.0 0.0
-508.625 -548.5 304.0 386.25 592.5529529803816 670.8511902562698 0.0 0.0
-509.0 -552.5 298.5 387.75 590.0727743215182 674.98699953211 0.0 0.0
-554.5 -555.5 253.5 388.25 609.8068836273062 677.7308644343141 0.0 0.0
-549.5 -558.0 250.0 387.0 603.7115898071753 679.0684515449199 0.0 0.0
-560.0 -560.5 255.5 387.5 615.5328495049029 681.4077933572773 0.0 0.0
-564.0 -554.5 258.5 387.0 620.4178377515514 676.1946948476034 0.0 0.0
-561.5 -560.0 251.0 387.0 615.048553492716 680.7146758755393 0.0 0.0
-560.5 -558.5 243.0 387.25 610.9097997697459 679.6213902157424 0.0 0.0
-560.0 -558.0 236.0 386.5 607.6973515369536 678.7830426178291 0.0 0.0
-556.5 -558.25 213.5 383.25 596.1591069207852 677.143753253117 0.0 0.0
-550.0 -556.75 216.5 385.25 591.0772229923568 677.0444696676491 0.0 0.0
-548.5 -557.0 183.0 385.75 578.2224917797646 677.5339068008952 0.0 0.0
-546.0 -561.5 171.5 385.0 572.300838720336 680.8161166942815 0.0 0.0
-549.5 -564.25 179.0 386.75 578.1699509520831 684.0719381651008 0.0 0.0
-565.75 -562.25 175.375 389.5 592.4912807737646 683.9851280242891 0.0 0.0
-548.0 -565.75 191.5 385.5 580.8939857761447 684.6050033355139 0.0 0.0
-510.0 -488.0 176.0 364.5 539.5148036850193 609.35151267174 0.0 0.0
-519.0 -308.60714285714283 180.5 312.07142857142856 549.5573095967176 485.2800358677579 0.0 0.0
-504.0 -144.75 163.5 269.5 529.9095347828189 396.53237276147155 0.0 0.0
-517.0 19.10714285714286 178.0 226.92857142857144 546.784453370691 307.7847096551852 0.0 0.0
-471.5 173.5 172.5 239.5 502.1520679059548 295.74121915571004 0.0 0.0
-437.5 240.5 202.5 272.5 482.1364621834166 363.4701784039503 0.0 0.0
-440.0 246.0 218.5 280.75 491.26924361610253 373.2797601623618 0.0 0.0
-439.0 249.0 227.0 285.0 494.2167124843462 378.4531613372425 0.0 0.0
-444.5 250.5 248.0 289.5 509.0032327512515 382.83360083299715 0.0 0.0
-437.0 250.25 237.5 289.75 497.6132332476076 382.85784002064315 0.0 0.0
-344.0 251.25 254.0 289.75 431.02480581802496 383.5122235729379 0.0 0.0
-191.41666666666666 251.5 267.08333333333337 291.0 391.8389875788205 384.62092069563187 0.0 0.0
-99.97222222222223 248.5 278.5277777777778 248.0 425.4424373292669 351.9563043436611 0.0 0.0
-8.527777777777786 245.75 289.9722222222222 212.5 459.0458870797133 324.884077846913 0.0 0.0
82.91666666666666 242.25 301.41666666666663 210.75 492.6493368301597 321.09305411125746 0.0 0.0
174.36111111111111 242.25 312.8611111111111 211.25 526.2527865806062 321.4212587576821 0.0 0.0
265.80555555555554 241.5 324.30555555555554 212.0 559.8562363310525 321.3508848502345 0.0 0.0
357.25 219.75 335.75 195.75 593.459686081499 294.305132400205 0.0 0.0
448.69444444444446 187.25 347.19444444444446 165.75 627.0631358319454 250.07716534320792 0.0 0.0
540.1388888888889 184.5 358.6388888888889 165.5 660.6665855823918 247.85177021760404 0.0 0.0
597.5 184.75 431.0 165.25 737.5429277150163 247.87143767120742 0.0 0.0
611.5 185.25 413.5 163.75 738.7295937636721 247.24835596501734 0.0 0.0
606.0 185.75 393.5 162.75 722.6719615450227 246.96387636656814 0.0 0.0
558.0 186.0 388.0 161.25 679.6450853657032 246.1663739027608 1.0 0.0
511.5 190.0 363.5 156.25 627.6232015089454 246.02304095243187 1.0 0.0
550.0833333333333 194.0 327.83333333333337 153.75 640.6398645969166 247.53935054633473 0.0 0.0
530.4166666666667 195.0 355.16666666666663 153.75 638.6221648550018 248.32257456883352 0.0 0.0
576.0 195.75 353.5 153.0 675.8267929140816 248.45245899323027 0.0 0.0
557.5 196.25 369.0 151.25 668.9096626581147 247.77170917292185 0.0 0.0
545.0 196.0 347.5 149.5 646.487553899057 246.5093957577709 0.0 0.0
494.0 196.5 330.5 147.75 594.3621861996842 245.85183015184106 1.0 0.0
469.0 198.0 326.5 147.25 571.6058155168816 246.75402407970535 1.0 0.0
415.0 199.5 332.0 148.0 531.5721250995782 248.4043865439366 1.0 0.0
461.5 198.0 339.0 149.0 573.0377628157132 247.8006448995732 1.0 0.0
445.5 197.5 305.0 148.5 540.1654878182205 247.100364815026 0.0 0.0
504.5 196.75 341.0 148.75 609.9329711442365 246.65207810401478 0.0 0.0
577.0 211.75 374.0 156.0 688.0764353405377 263.0318102616883 0.0 0.0
631.5 348.8 358.0 6.149999999999999 726.0239215227946 351.79584430281756 0.0 0.0
619.4000000000001 444.0 329.20000000000005 82.75 701.5223277097757 457.93963718162036 0.0 0.0
622.5999999999999 539.2 320.79999999999995 159.35 700.4626872827289 564.0834300604231 0.0 0.0
631.0 560.0 334.0 258.5 714.0904986699481 617.9019773938132 0.0 0.0
634.375 554.75 353.5 300.5 726.219273850334 630.9109563641443 0.0 1.0
540.625 574.5 514.375 302.25 748.0465452497775 649.1881671763279 0.0 1.0
567.75 533.0 400.625 294.0 695.3589811956313 608.9547152581881 0.0 1.0
551.5 544.5 343.5 306.75 649.7623978738793 625.2969963484447 1.0 1.0
542.5 517.0 378.0 314.0 661.4949068840522 604.8846764821913 1.0 1.0
530.0 517.75 465.0 313.5 705.1571768246039 605.2663292033203 0.0 1.0
530.0 518.5 394.5 314.0 661.3708590253838 606.1672389251219 1.0 1.0
491.5 494.5 390.0 304.5 627.488224448181 580.738062940024 1.0 1.0
491.0 493.5 378.0 303.0 619.682762368514 579.0956077765815 1.0 1.0
487.0 493.0 368.5 303.0 610.7346185447173 578.6926108367627 1.0 1.0
488.5 491.5 343.0 308.5 596.9219448321915 580.2969676434348 1.0 1.0
511.0 493.25 347.0 312.75 617.6812479014947 584.0672837894248 1.0 1.0
505.5 501.5 344.0 325.75 611.449186770637 598.0103773097106 1.0 1.0
399.5 501.25 324.0 322.75 514.5080379423222 596.1709121420328 0.0 1.0
438.5 499.5 301.5 317.25 532.4795366753802 591.733412966222 0.0 1.0
481.5 501.0 313.0 319.0 574.2930298833821 593.937856919995 1.0 1.0
467.0 501.75 313.0 324.25 562.2020970359301 597.4041439013507 1.0 1.0
445.0 502.5 329.0 325.5 553.4133497985688 598.7125154084019 1.0 1.0
406.0 502.75 291.0 326.5 499.5397084471075 599.4663399094932 1.0 1.0
479.0 504.75 318.5 327.5 575.227346355576 601.6883018854975 0.0 1.0
459.5 509.75 405.0 327.0 613.0226119675086 605.6206425398914 0.0 1.0
455.5 512.5 376.0 326.5 590.6881563971476 607.6668302428678 1.0 1.0
445.5 512.25 377.0 325.75 583.6309196557611 607.0529170516487 1.0 1.0
443.0 512.75 380.5 324.25 583.999258004247 606.6718585579381 1.0 1.0
463.0 513.0 370.0 324.0 592.7320675279225 606.7495364645943 1.0 1.0
445.0 513.5 351.5 322.5 567.0781552906058 606.3736267316942 1.0 1.0
449.5 513.5 381.0 321.5 589.2643187105971 605.8419968182336 1.0 1.0
444.5 513.0 362.5 321.5 573.5741823036083 605.418392105605 1.0 1.0
438.5 513.5 366.5 323.0 571.5537777842121 606.6395854922386 1.0 1.0
448.5 506.75 424.0 315.75 618.0984015161291 597.0720251120264 1.0 1.0
503.0 491.0 359.0 305.0 617.9756449483353 578.0293539804015 0.0 0.0
486.0 486.33333333333337 383.5 299.0 620.0804684941168 570.9085576454238 1.0 0.0
487.5 481.66666666666663 394.0 293.0 628.4234575226511 563.7877613104461 1.0 0.0
464.0 505.75 404.0 298.75 615.2404481097134 587.4110514582753 1.0 1.0
461.0 497.5 382.5 284.0 599.2631347794606 572.8545290431509 1.0 1.0
463.5 507.5 371.0 283.5 593.6960590965139 581.3221335510249 1.0 1.0
428.0 519.0 385.5 283.5 576.7469195524858 591.3826532351914 1.0 1.0
433.0 531.5 370.5 286.75 570.3037302057635 603.9210656131988 0.0 1.0
429.5 538.0 354.5 288.25 556.9970545151822 610.3540866253388 0.0 1.0
418.0 538.0 384.5 288.0 568.4675907284444 610.236656769354 0.0 1.0
453.0 535.25 364.5 286.75 581.4372763521899 607.2226014325724 1.0 1.0
485.0 534.0 374.5 286.0 612.8149901466074 605.7667208682783 1.0 1.0
543.0 590.75 422.0 271.5 688.8681500263492 650.1524183196489 0.0 1.0
456.75 579.75 373.0 274.0 590.526192301287 641.3641707128959 0.0 1.0
448.5 557.0 429.5 280.0 622.5206757223539 623.4172371036025 0.0 1.0
539.5 535.5 510.5 286.5 747.8091736331606 607.3808584142118 0.0 1.0
470.0 526.75 429.0 293.25 636.4487066689935 602.8813203843237 1.0 1.0
459.0 529.25 395.5 298.0 606.1486768363075 607.379269933554 1.0 1.0
488.5 531.5 398.5 297.0 630.4293421554389 608.8530299249312 1.0 1.0
479.5 529.5 380.5 298.25 612.1288239658188 607.7198038130862 1.0 1.0
507.5 529.5 376.5 297.75 632.1832947506339 607.4748882583659 1.0 1.0
459.0 530.25 359.5 295.75 583.0641276887387 607.1533973167213 1.0 1.0
454.25 530.5 382.625 294.5 595.0996402313511 606.7623578423031 1.0 1.0
501.5 527.75 338.0 294.5 604.7701280963395 604.3594355521343 1.0 1.0
499.5 526.75 338.0 293.75 603.112147022011 603.12821152119 1.0 1.0
428.5 530.25 393.5 299.75 581.7693094123881 609.1103395641182 0.0 1.0
357.0 530.5 362.5 302.25 508.79250883996315 610.561820910433 0.0 1.0
365.5 529.5 348.0 303.25 504.6810349867824 610.1895788847983 0.0 1.0
375.5 529.25 330.0 304.75 499.93046420892364 610.7194458623577 0.0 1.0
396.5 530.0 345.0 305.5 525.5877932453357 611.7437679714315 0.0 1.0
439.0 527.0 430.0 306.5 616.0286491659533 609.6498431894306 0.0 1.0
456.5 527.0 414.0 307.5 616.8122077692688 610.1519782012139 0.0 1.0
537.625 527.0 355.625 306.25 648.1978086133169 609.5228537323192 0.0 1.0
526.675 526.75 331.475 306.0 663.3337713551542 609.181596166125 0.0 1.0
456.2416666666667 525.75 322.775 304.75 653.2877589444247 607.6890454402819 0.0 1.0
385.8083333333333 523.75 314.075 299.25 643.241746533695 603.2221021517203 0.0 1.0
315.375 527.0 305.375 300.0 633.1957341229656 606.4070126310646 0.0 1.0
244.94166666666663 482.5 296.675 302.75 623.149721712236 570.0232155758806 0.0 1.0
174.50833333333333 288.09375 287.975 220.15625 613.1037093015063 415.4838426438624 0.0 0.0
104.07499999999996 74.46875 279.275 232.78125 603.0576968907769 458.9693375666859 0.0 0.0
33.64166666666665 -139.15625 270.575 245.40625 593.0116844800473 502.4548324895095 0.0 0.0
-36.79166666666674 -352.78125 261.875 258.03125 582.9656720693177 545.9403274123331 0.0 0.0
-107.22500000000002 -522.75 253.175 290.75 572.9196596585882 598.3695446532817 0.0 0.0
-177.65833333333336 -537.5 244.47500000000002 322.5 562.8736472478586 626.8337159239472 0.0 0.0
-248.0916666666667 -535.25 235.775 341.0 552.8276348371292 634.6929088027866 0.0 0.0
-318.5250000000001 -546.25 227.075 336.25 542.7816224263995 641.4860548503138 0.0 0.0
-388.95833333333337 -549.75 218.375 339.25 532.7356100156699 645.999908680277 0.0 0.0
-459.3916666666667 -548.5 209.675 340.75 522.6895976049404 645.7414925440133 0.0 0.0
-443.0 -555.0 242.0 338.5 504.80553509290473 650.0839477239949 0.0 0.0
-471.5 -561.75 244.0 334.75 531.0623547865918 653.9272830902382 0.0 0.0
-477.5 -542.75 243.5 344.0 536.1164764031413 642.6894265886542 0.0 0.0
-697.5 -542.5 302.5 344.5 760.2814039162015 642.6601686069555 0.0 0.0
-725.0 -540.0 252.0 346.25 769.7360544647111 641.5176854081751 0.0 0.0
-712.0 -529.25 265.5 338.5 762.8920163141856 628.2421989334352 0.0 0.0
-623.5 -393.25 317.5 253.0 699.7317930643728 467.7356685239913 0.0 0.0
-583.5 -307.63157894736844 300.0 201.35526315789474 656.1044436121995 391.158576535753 0.0 0.0
-440.25 -252.47368421052633 267.66666666666663 187.82894736842104 556.1930652122202 368.59020342101167 0.0 0.0
-179.25 -197.31578947368422 262.33333333333337 174.30263157894737 490.4937588941998 346.0218303062703 0.0 0.0
81.75 -142.1578947368421 257.0 160.7763157894737 424.7944525761794 323.45345719152897 0.0 0.0
375.5 -87.00000000000001 304.5 147.25 483.9601932047153 300.8850840767876 0.0 0.0
550.0 -31.84210526315792 266.75 133.7236842105263 614.8925659766899 278.3167109620463 0.0 0.0
434.5 23.31578947368419 251.25 120.19736842105263 503.917585462273 255.74833784730495 0.0 0.0
470.0 78.4736842105263 358.5 106.67105263157895 591.1196224510278 233.1799647325636 0.0 0.0
427.0 133.63157894736838 313.0 93.14473684210526 530.7790666692465 210.61159161782226 1.0 0.0
503.5 172.0 330.5 95.25 603.8246827965921 196.98911114517557 1.0 0.0
545.0 152.5 306.5 141.75 625.2744257256519 208.21447225936527 1.0 0.0
516.0 168.5 332.0 149.0 614.9920674627423 227.50359237695454 1.0 0.0
515.5 199.5 336.5 121.75 615.8591505723687 233.76633615800188 0.0 0.0
566.0 205.5 391.5 130.75 688.3664341107722 243.570574227743 1.0 0.0
546.5 208.75 363.0 131.5 656.0885699684583 246.71622664169902 1.0 0.0
543.0 207.75 333.5 129.5 637.4470933916068 244.80825201651248 1.0 0.0
550.0 208.0 373.0 127.0 664.7262939075729 243.7106676695766 1.0 0.0
530.0 208.25 388.5 126.5 657.1625714784982 243.66042155762443 0.0 0.0
511.5 208.0 312.5 127.0 599.4246104360936 243.70693033068514 0.0 0.0
508.0 191.5 335.0 109.5 608.514370967859 220.70398149435312 1.0 0.0
493.5 174.75 328.5 95.5 592.8383149004528 199.1434773821265 1.0 0.0
494.5 171.0 342.5 87.75 601.5286317661097 192.2007075231602 1.0 0.0
496.5 172.25 346.0 90.25 605.1692032008141 194.46188738820683 1.0 0.0
518.5 172.5 340.0 91.0 620.2091136543112 195.03140772706328 1.0 0.0
577.625 173.0 280.875 91.75 649.7058038368625 195.8245889616673 1.0 0.0
699.6666666666667 171.5 178.91666666666669 88.5 724.922502801259 192.98882085738086 0.0 0.0
454.3333333333333 172.75 210.58333333333331 91.75 504.70995142521355 195.60326100973657 0.0 0.0
656.875 173.0 174.375 93.5 686.0191782434661 196.650561870069 0.0 0.0
446.375 144.25 229.875 117.0 520.3866273904443 185.74489551570917 0.0 0.0
366.0 144.0 305.5 118.25 477.3446475311714 186.33056083955591 0.0 0.0
472.5 144.5 381.0 118.25 606.9820972477619 186.7172994994688 0.0 0.0
390.0 144.0 280.5 118.0 481.02047622596046 186.17223324977584 0.0 0.0
200.0 143.75 73.0 117.75 217.08966060891137 185.82047458878066 0.0 0.0
164.0 144.75 18.0 117.75 164.99110143446563 186.59529688147765 0.0 0.0
165.0 146.0 28.0 117.0 167.4073443658044 187.09649319276463 0.0 0.0
154.5 146.0 25.5 117.0 156.61968061394577 187.09649319276463 0.0 0.0
0.0 145.75 109.5 116.5 109.5 186.590594912656 0.0 0.0
-53.5 145.25 139.0 117.0 149.9840146951856 186.51162723715902 0.0 0.0
1.0 146.5 130.5 117.5 134.24793119731495 187.7994998265901 0.0 0.0
50.5 146.25 64.5 118.0 82.62968373543043 187.91776697236918 0.0 0.0
57.5 146.0 69.5 118.5 92.24816382219163 188.0382958731965 0.0 0.0
-1.0357142857142856 145.5 100.60714285714286 119.0 113.81700455170275 187.96635390964968 0.0 0.0
-21.17857142857143 145.0 45.035714285714285 119.5 110.80563199344783 187.8973094021053 0.0 0.0
-41.32142857142857 145.0 -10.535714285714278 119.0 107.79425943519291 187.57931655702345 0.0 0.0
-61.464285714285715 144.5 -66.10714285714286 118.0 104.782886876938 186.5592399666979 0.0 0.0
62.5 143.5 7.5 118.25 66.71226203175894 185.94508201289653 0.0 0.0
-24.0 135.3125 80.0 110.90625 83.98902658370572 174.97208929181556 0.0 0.0
0.0 125.0625 107.0 100.78125 107.01059701552256 160.6439410033173 0.0 0.0
-10.0 114.8125 74.5 90.65625 75.16849541363241 146.31579271481903 0.0 0.0
89.0 104.5625 18.0 80.53125 90.8020364552581 131.98764442632074 0.0 0.0
34.5 124.0 77.5 108.0 84.96934300660013 164.5528428211702 0.0 0.0
50.0 94.0 60.5 96.5 78.49988604294731 134.77926820273905 0.0 0.0
51.0 126.5 23.5 127.0 60.02886444519157 179.25223611028406 0.0 0.0
-85.91666666666667 126.5 86.08333333333333 126.5 203.66645253882834 178.89801564019652 0.0 0.0
-275.1388888888889 130.25 197.52777777777777 129.5 400.4806881970201 183.673876319385 0.0 0.0
-464.36111111111114 129.0 308.9722222222222 128.5 597.2949238552118 182.08033941610836 0.0 0.0
-653.5833333333334 129.5 420.41666666666663 128.0 794.1091595134035 182.0830854308 0.0 0.0
-601.0 129.75 330.5 127.0 688.7424839753577 181.5601638044009 0.0 0.0
-621.75 129.75 254.5 126.0 664.6823000572974 180.86208235504898 0.0 0.0
-762.3125 129.0 450.125 126.0 888.3065571265226 180.32504556969008 0.0 0.0
-665.5625 129.25 284.625 125.25 731.7521991288777 179.98402629726036 0.0 0.0
-594.0 130.0 159.5 124.25 615.0428854328878 179.82795990273195 0.0 0.0
-596.5 130.0 161.5 124.5 617.976320683697 180.0010566655367 0.0 0.0
-596.0 130.5 162.5 124.5 617.7571260950692 180.3621364828763 0.0 0.0
-654.0 130.5 372.0 124.0 753.3742736685326 180.01768974068756 0.0 0.0
-791.5 131.0 298.0 124.0 850.1984641777503 180.38015411901608 0.0 0.0
-611.0 131.5 290.5 123.75 676.5860331631277 180.57294324552805 0.0 0.0
-717.0 132.0 341.5 123.5 794.1745037500245 180.76573237204 0.0 0.0
-718.5 131.75 343.5 123.5 796.388538020422 180.58333735995564 0.0 0.0
-715.0 131.25 347.5 124.0 794.9727646745537 180.56258989632948 0.0 0.0
-657.0 130.5 331.0 125.0 735.704255003973 180.7076374467598 0.0 0.0
-596.0 131.0 301.0 126.0 667.6958685797458 181.76113664990487 0.0 0.0
-584.0 131.0 285.0 127.75 649.831517429215 182.9783990937987 0.0 0.0
-570.5 131.5 273.0 128.0 632.4552137316095 183.51123025364944 0.0 0.0
-553.0 130.0 271.0 127.75 615.8333484474705 182.2638041290004 0.0 0.0
-538.5 130.0 270.5 128.0 602.6273569729422 182.43937880385738 0.0 0.0
-623.5 130.0 248.0 128.75 672.9863219137998 182.96610082732394 0.0 0.0
-581.0 130.25 251.0 129.0 632.9618001221645 183.31964828868183 0.0 0.0
-583.0 130.25 240.5 129.0 630.6584690417795 183.31964828868183 0.0 0.0
-669.0 130.0 213.5 130.0 704.366227606877 183.8477631085024 0.0 0.0
-664.5 130.0 161.5 130.5 683.8440875349658 184.201993801956 0.0 0.0
-664.5 130.5 168.0 130.5 685.408613390103 184.5562244954096 0.0 0.0
-663.0 131.0 171.5 130.0 684.8223282173981 184.5562244954096 0.0 0.0
-661.5 131.0 182.5 130.0 686.2368393777526 184.5562244954096 0.0 0.0
-646.5 131.0 186.25 129.5 672.795309493079 184.20471340319187 0.0 0.0
-644.5 130.5 191.0 129.0 672.2110506828445 183.4972751841291 0.0 0.0
-665.25 129.5 198.5 128.0 694.2334061071109 182.0834246827809 0.0 0.0
-666.0 130.0 198.25 128.0 694.8808491256254 182.43903091169932 0.0 0.0
-666.5 130.0 199.0 128.0 695.5741506171994 182.43903091169932 0.0 0.0
-666.0 130.5 196.5 127.5 694.383637270453 182.44623292097017 0.0 0.0
-618.5 129.0 231.0 127.5 662.2462364644346 181.375990693366 0.0 0.0
-454.0 128.0 242.75 128.0 514.8628702312953 181.01933598375612 0.0 0.0
-357.125 127.5 230.375 127.0 502.89244302107477 179.9590231135966 0.0 0.0
-220.625 128.0 219.54166666666669 127.0 483.13717366706345 180.31361568112376 0.0 0.0
-84.125 129.0 208.70833333333331 127.0 463.38190431305213 181.02486017119307 0.0 0.0
52.375 128.0 197.875 127.0 443.62663495904076 180.31361568112376 0.0 0.0
188.875 128.0 187.04166666666666 126.0 423.8713656050295 179.61069010501575 0.0 0.0
325.375 126.5 176.20833333333331 126.0 404.1160962510181 178.54481230212207 0.0 0.0
376.75 127.0 229.75 126.0 441.29248506599436 178.89941307897016 0.0 0.0
322.75 127.0 226.5 126.0 395.5933116368039 178.89941307897016 0.0 0.0
264.25 127.0 231.25 126.5 351.197199652426 179.25226499933424 0.0 0.0
252.5 127.5 258.25 127.5 361.3759085494373 180.31257582454026 0.0 0.0
262.5 127.5 239.0 128.0 355.00317364730853 180.66612853548392 0.0 0.0
260.75 127.0 236.5 128.0 352.0271872313608 180.31361568112376 0.0 0.0
247.625 127.0 258.625 128.0 358.07406222967063 180.31396501895694 0.0 0.0
236.0 126.0 237.75 128.0 334.99416938081345 179.61069010501575 0.0 0.0
285.0 126.0 250.0 127.0 379.8703117903328 178.89941307897016 0.0 0.0
281.5 126.0 289.0 127.0 404.3957646665164 178.89941307897016 0.0 0.0
291.5 126.0 211.5 127.0 360.14586560996577 178.89941307897016 0.0 0.0
290.5 126.25 210.5 127.25 358.7486391228849 179.25296371872105 0.0 0.0
289.25 126.75 209.0 127.0 356.8567821494805 179.42921603045275 0.0 0.0
197.0 126.75 157.0 126.75 252.0178913713671 179.25191770243353 0.0 0.0
195.0 126.0 156.0 127.0 250.10408493665895 178.8997651999997 0.0 0.0
187.0 125.5 118.0 126.0 222.4704871439084 177.8377069127917 0.0 0.0
157.0 125.25 168.5 126.0 232.50051654684285 177.66145878213553 0.0 0.0
165.5 125.25 165.0 126.0 233.72586950345544 177.66145878213553 0.0 0.0
137.5 126.75 119.0 126.75 181.99520792768112 179.2519177241378 0.0 0.0
61.0 128.5 83.0 129.25 103.0066378044772 182.2576276806023 0.0 0.0
-85.57142857142856 129.5 107.35714285714286 130.5 188.72677561295194 183.85048270973826 0.0 0.0
-254.99999999999997 129.0 176.5 132.5 347.9623802301751 184.92531372144697 0.0 0.0
-424.4285714285714 131.75 245.64285714285714 133.0 507.1979848473982 187.20869115805226 0.0 0.0
-563.0 131.75 305.5 134.0 640.547924433342 187.9204466766521 0.0 0.0
-664.5 132.0 305.5 133.5 732.5615145186566 187.74017574312364 0.0 0.0
-547.0 132.0 288.5 133.5 619.1429956559095 187.74017574312364 0.0 0.0
-593.0 133.0 258.5 133.0 647.01408505976 188.09040379562165 0.0 0.0
-583.0 131.75 311.5 133.75 661.0001918774525 187.7434984607193 0.0 0.0
-577.0 132.75 306.5 134.25 653.353978645051 188.80082096234364 0.0 0.0
-571.5 132.5 304.0 134.0 647.3242110641372 188.44727752749526 0.0 0.0
-583.5 133.0 323.0 134.0 670.2361849989331 188.7988347421668 0.0 0.0
-631.0 133.0 434.9 134.0 773.385227127576 188.7988347421668 0.0 0.0
-617.0 132.75 372.5 133.25 754.2668224460233 188.09106836731604 0.0 0.0
-603.0 132.5 310.1 133.0 735.1484177644707 187.73751497672276 0.0 0.0
-582.0 132.75 354.5 132.75 682.78443582549 187.73685040502838 0.0 0.0
-539.5 132.75 294.5 133.0 614.6532060579093 187.91379355657602 0.0 0.0
-604.0 132.25 339.0 133.25 692.6524717790481 187.73851495691218 0.0 0.0
-688.0 131.5 511.5 132.5 857.3109686930734 186.67786678501676 0.0 0.0
-656.375 130.75 465.125 132.5 805.4730279095108 186.15005819362347 0.0 0.0
-563.5 131.0 312.0 133.5 644.149581809359 187.03843819703042 0.0 0.0
-555.0 131.5 307.0 133.5 634.2519115719881 187.38863359339595 0.0 0.0
-551.0 131.5 313.0 133.25 633.6955383022113 187.21069236803842 0.0 0.0
-582.5 131.25 322.0 134.0 665.5787234980011 187.57023857193258 0.0 0.0
-588.0 130.25 288.0 133.75 655.3252761286944 186.69292964125216 0.0 0.0
-587.1944444444445 131.75 252.625 133.5 639.6909482528888 187.564240094845 0.0 0.0
-586.7870370370371 133.0 246.79166666666669 133.5 637.608378940449 188.44428884951648 0.0 0.0
-586.3796296296297 133.0 240.95833333333331 133.25 635.5258096280093 188.26734632256907 0.0 0.0
-585.9722222222222 132.75 235.125 134.25 633.4432403155694 188.80082096234364 0.0 0.0
-585.5648148148148 133.5 229.29166666666669 134.5 631.3606710031295 189.50593658247223 0.0 0.0
-585.1574074074074 132.5 223.45833333333334 134.5 629.2781016906897 188.80280718252047 0.0 0.0
-584.75 125.5 217.625 132.25 627.1955323782498 182.38632543328305 0.0 0.0
-584.3425925925926 90.25 211.79166666666669 128.16666666666669 625.1129630658099 167.13442938897072 0.0 0.0
-583.9351851851852 53.916666666666664 205.95833333333334 124.38888888888889 623.0303937533702 155.34681485458773 0.0 0.0
-583.5277777777778 17.58333333333333 200.125 120.61111111111111 620.9478244409303 143.55920032020472 0.0 0.0
-583.1203703703703 -18.750000000000007 194.29166666666669 116.83333333333333 618.8652551284904 131.77158578582174 0.0 0.0
-582.7129629629629 46.5 188.45833333333334 111.0 616.7826858160506 149.47822060496475 0.0 0.0
-582.3055555555555 146.75 182.625 128.5 614.7001165036108 195.05852045950382 0.0 0.0
-581.8981481481482 145.25 176.79166666666669 136.5 612.617547191171 199.332916168854 0.0 0.0
-581.4907407407408 143.5 170.95833333333334 139.0 610.5349778787311 199.78585208523583 0.0 0.0
-581.0833333333334 268.0 165.125 223.5 608.4524085662913 349.00697974691457 0.0 0.0
-580.6759259259259 420.75 159.29166666666669 271.25 606.3698392538514 502.4618345506255 0.0 0.0
-580.2685185185185 512.75 153.45833333333334 287.5 604.2872699414115 587.8513300436249 0.0 1.0
-579.8611111111111 512.75 147.625 288.5 602.2047006289718 588.3440426245982 0.0 1.0
-579.4537037037037 516.75 141.79166666666669 286.5 600.1221313165319 590.8579131481799 0.0 1.0
-579.0462962962963 517.0 135.95833333333334 288.0 598.039562004092 591.8075948913347 0.0 1.0
-578.6388888888889 516.25 130.125 304.0 595.9569926916522 599.1217862383469 0.0 1.0
-578.2314814814815 521.75 124.29166666666667 308.5 593.8744233792124 606.131875576435 0.0 1.0
-577.8240740740741 522.25 118.45833333333334 310.0 591.7918540667725 607.3264141966135 0.0 1.0
-577.4166666666666 521.5 112.62500000000001 309.5 589.7092847543327 606.4266151198742 0.0 1.0
-577.0092592592592 521.5 106.79166666666667 311.0 587.6267154418929 607.1930783651947 0.0 1.0
-576.6018518518518 520.75 100.95833333333334 312.0 585.544146129453 607.063692663763 0.0 1.0
-603.0 525.75 367.0 300.5 705.9375681439867 605.5690433288408 0.0 1.0
-601.75 524.75 328.5 298.0 685.9922844418081 603.4624049008662 0.0 1.0
-594.5 524.5 376.5 297.0 703.6964144888639 602.7514293757459 0.0 1.0
-720.75 524.0 313.75 295.0 786.4158233289712 601.3328444660058 0.0 1.0
-625.5 524.5 340.0 293.75 712.31699178737 601.1573172917092 0.0 1.0
-682.0 524.75 348.5 291.25 767.0020037014865 600.1578214349579 0.0 1.0
-618.5 525.25 420.0 289.5 747.6244161499767 599.7494015644547 0.0 1.0
-619.0 526.75 360.0 286.5 716.0748445671993 599.6243342465239 0.0 1.0
-584.0 528.5 294.0 284.5 653.8332752365014 600.2103797836222 0.0 1.0
-605.5 529.5 347.0 282.0 697.8842792687185 599.9120308501929 0.0 1.0
-582.5 530.0 325.5 281.25 667.2788741804009 600.0013022347337 0.0 1.0
-599.0 529.75 341.0 280.5 689.2676151092472 599.4294160534124 0.0 1.0
-614.0 530.75 350.5 280.5 707.0015750460664 600.313618504123 0.0 1.0
-601.5 532.75 389.0 280.5 716.32623294188 602.0829367044148 0.0 1.0
-581.5 533.25 307.0 279.25 657.6536674087745 601.9437059697487 0.0 1.0
-586.0 438.75 284.5 298.75 651.4164513777475 532.2170705175477 0.0 1.0
-588.0 433.5 276.0 305.0 649.5550548523536 532.2273841572028 0.0 0.0
-588.5 496.75 233.5 296.25 634.1787320845447 578.381062716828 0.0 1.0
-586.0 498.25 270.5 296.25 645.4195969191583 579.6701500215299 0.0 1.0
-586.0 499.25 268.0 297.0 644.3766355903808 580.9127118913475 0.0 1.0
-567.0 436.5 258.5 303.5 623.1519759905125 533.860714709609 0.0 1.0
-539.9285714285714 498.5 252.14285714285714 303.5 595.9276918021875 583.6670407717793 0.0 1.0
-528.5 488.5 251.0 338.5 585.114670941374 594.3197961590557 0.0 1.0
-517.0714285714286 486.75 249.85714285714286 339.0 574.3016500805604 593.1667379473183 0.0 1.0
-562.0 489.75 263.0 339.25 620.5752934376646 595.7732337153714 0.0 1.0
-546.5 489.75 275.0 339.75 612.0988178173561 596.0579912710591 0.0 1.0
-566.0 489.5 247.0 341.0 618.2949978201617 596.567241783766 0.0 1.0
-579.5 493.0 285.0 341.0 645.7904072174663 599.4416765671635 0.0 1.0
-603.5 497.0 300.5 341.0 674.1850866138573 602.7356967014837 0.0 1.0
-604.0 500.0 315.0 342.0 681.2061260531013 605.7760982956731 0.0 1.0
-600.0 502.75 320.0 343.0 680.0000407083407 608.6105003712516 0.0 1.0
-589.5 508.0 321.5 343.25 671.4717710834506 613.0942568625827 0.0 1.0
-602.5 508.0 335.0 344.75 689.3701988355242 613.9357705207183 0.0 1.0
-602.0 511.5 338.5 344.5 690.6422216637825 616.6949586181813 0.0 1.0
-566.0 502.0 338.5 347.25 659.8269075708251 610.4761159995799 0.0 1.0
-481.2352941176471 525.5 333.9779411764706 341.25 625.4232230803784 626.5908050120015 0.0 1.0
-418.88235294117646 540.25 325.9485294117647 338.25 621.987520520883 637.4207012824465 0.0 1.0
-356.52941176470586 538.5 317.91911764705884 338.0 618.5518179613875 635.7890693178986 0.0 1.0
-294.1764705882353 543.5 309.8897058823529 337.0 615.1161154018921 639.5008863209425 0.0 1.0
-231.82352941176472 550.75 301.8602941176471 335.0 611.6804128423967 644.6430216926103 0.0 1.0
-169.47058823529412 558.0 293.83088235294116 330.0 608.2447102829012 648.2785470214399 0.0 1.0
-107.11764705882354 556.75 285.8014705882353 326.0 604.8090077234058 645.1732953400461 0.0 1.0
-44.764705882352956 554.75 277.7720588235294 323.0 601.3733051639103 641.9327755609784 0.0 1.0
17.588235294117624 517.8333333333333 269.74264705882354 302.75 597.9376026044149 599.9773080419843 0.0 1.0
79.94117647058823 515.1666666666667 261.7132352941177 283.75 594.5019000449196 588.5848170736401 0.0 0.0
142.29411764705884 512.5 253.68382352941177 264.75 591.0661974854241 577.1923261052959 0.0 0.0
204.6470588235294 513.0 245.65441176470588 267.0 587.6304949259287 578.4806123850354 0.0 1.0
267.0 519.75 237.625 304.5 584.1947923664333 602.3872549986412 0.0 1.0
329.35294117647055 525.75 229.59558823529414 314.5 580.7590898069378 612.6822618082988 0.0 1.0
391.70588235294116 519.25 221.56617647058823 320.75 577.3233872474424 610.330212031346 0.0 1.0
454.05882352941177 501.25 213.53676470588238 323.0 573.887684687947 596.3116829468129 0.0 1.0
516.4117647058823 501.0 205.50735294117646 319.5 570.4519821284515 594.2068046355535 0.0 1.0
482.0 500.5 194.5 320.75 519.7844025621341 594.4595728875515 0.0 1.0
476.0 500.75 194.5 320.5 514.2112239809671 594.5341290983981 0.0 1.0
478.5 503.0 155.0625 321.0 505.0339344836375 596.6996964984944 0.0 1.0
490.5 513.5 109.8125 325.0 503.5940196798847 607.7067273630585 0.0 1.0
550.0 516.0 219.0 328.0 592.3417730220308 611.4250012000348 0.0 1.0
473.5 523.5 243.0 334.5 533.4309677817167 621.2427645281742 0.0 1.0
412.5 525.5 361.5 334.0 548.5384443476155 622.6610043620037 0.0 1.0
476.5 527.0 327.0 336.0 577.9521711325988 625.0001421972581 0.0 1.0
491.5 525.5 348.5 336.5 602.684000406991 624.0054134749598 1.0 1.0
469.0 522.75 310.0 336.0 562.1932396045897 621.4206658721725 1.0 1.0
567.0 523.25 278.0 334.5 631.4849179108719 621.032185709897 0.0 1.0
570.5 523.25 280.0 334.0 635.5080262825848 620.7638515366153 1.0 1.0
504.0 523.0 347.5 332.25 612.8857559143948 619.6120284173955 0.0 1.0
562.0 521.75 289.5 332.0 632.1821617088829 618.4231760022615 0.0 1.0
505.0 522.75 289.5 331.25 582.1001183193817 618.8660567036695 0.0 1.0
576.0 524.0 297.0 328.5 648.0625202371825 618.4573456902622 0.0 1.0
585.5 507.0 297.0 332.75 656.5207147051763 606.5288758086801 1.0 1.0
550.5 518.5 294.0 325.75 624.2464562245168 612.3368622015715 1.0 1.0
597.0 512.0 306.0 325.25 670.8539721987352 606.6217920132915 1.0 1.0
595.0 505.0 308.5 324.5 670.221837000443 600.2756729785006 1.0 1.0
544.5 505.75 295.5 320.25 619.6474046123876 598.6198496320723 1.0 1.0
596.0 507.0 370.0 317.25 705.1797869368751 598.078327102662 1.0 1.0
581.5 507.0 435.0 314.75 726.2392855757757 596.7559721793432 0.0 1.0
617.0 507.0 355.0 312.75 714.7971495065153 595.7029208884423 0.0 1.0
618.5 507.75 347.5 311.75 712.0648007088444 595.8176884118897 0.0 1.0
611.5 505.0 399.5 314.0 730.4724123071992 594.6686024183562 0.0 1.0
618.0 499.0 335.0 308.75 703.8637178020429 586.796630822842 0.0 1.0
609.0 499.0 290.5 309.0 674.7379533599292 586.925948730508 1.0 1.0
547.5 497.25 282.5 307.5 616.2523607629428 584.648498170355 1.0 1.0
534.0 498.0 330.0 306.0 628.0914752011983 584.5004071192812 1.0 1.0
531.0 497.0 300.5 305.5 610.1345930072812 583.3861769387909 1.0 1.0
519.0 497.5 295.5 311.0 597.2287913863306 586.7261230115319 1.0 1.0
515.5 495.0 295.0 318.0 593.95863257514 588.3445352348294 1.0 1.0
529.5 494.75 310.0 319.25 613.5725999884185 588.8108732416345 1.0 1.0
520.5 494.0 308.5 320.75 605.0565612682578 588.9964302008825 1.0 1.0
535.0 492.0 315.5 322.75 621.1346742850981 588.4212751568141 1.0 1.0
567.5 491.5 364.0 326.25 674.226079301317 589.9251672541926 0.0 1.0
542.0 492.0 336.5 322.5 638.0673162773729 588.277765384169 1.0 1.0
550.5 492.5 303.5 323.0 629.2778861926176 588.9696511705845 0.0 1.0
564.5 493.75 339.5 318.5 658.7445290737054 587.5681354463273 1.0 1.0
540.0 494.75 331.5 312.5 633.7295086846789 585.1808243034902 1.0 1.0
500.0 495.5 324.0 309.0 595.856993515393 583.953739605018 0.0 1.0
495.0 496.5 304.5 303.5 581.3493208956761 581.9159200095221 0.0 1.0
466.5 496.25 263.5 300.75 535.7757216572971 580.271925508596 1.0 1.0
530.0 495.25 253.5 298.25 587.6665653194636 578.1225258067776 1.0 1.0
529.5 492.75 283.5 297.25 600.8200055937511 575.465452278774 1.0 1.0
517.5 495.25 310.5 296.25 604.8609298376261 577.0963268752495 0.0 1.0
471.0 490.75 309.5 298.25 563.6077678183035 574.272409723605 1.0 1.0
475.5 490.0 314.5 301.0 570.1356624062246 575.0662409743848 1.0 1.0
522.0 489.5 306.5 301.5 605.74886914227 574.9022253901915 0.0 1.0
539.0 483.5 304.5 304.0 619.1591435256163 571.1443502952886 1.0 1.0
562.0 488.25 316.0 311.5 644.7480822817578 579.162250251261 1.0 1.0
556.5 488.5 314.0 320.0 638.9769994873402 583.9798155191874 1.0 1.0
556.0 489.0 322.5 321.0 642.8516441026813 584.9461689949253 1.0 1.0
543.5 489.5 393.5 321.0 671.3436004164093 585.3643521951343 1.0 1.0
625.5 490.25 374.5 321.0 731.8004961531058 585.9915208906533 1.0 1.0
553.5 491.25 440.5 316.5 707.394942545627 584.379389464971 1.0 1.0
580.0 491.25 407.5 317.0 708.8767124445234 584.6502127546215 1.0 1.0
546.0 496.25 372.5 312.25 661.0597610190853 586.3433049604171 1.0 1.0
571.5 501.5 310.0 308.25 650.7166328005861 588.6601063084895 1.0 1.0
607.0 501.25 317.0 304.25 684.7904814597536 586.3615046420764 1.0 1.0
612.5 499.75 329.0 302.25 695.267819786495 584.0429656085892 1.0 1.0
535.5 499.5 383.625 302.5 660.7052757078376 583.9576183251658 0.0 1.0
634.5 500.0 393.5 300.75 748.378961945302 583.4821104763054 0.0 1.0
614.5 498.5 314.0 300.0 690.0778783093831 581.8096904295139 0.0 1.0
547.5 497.5 394.5 299.0 676.0105960087276 580.437119764062 0.0 1.0
563.0 496.5 427.5 299.0 707.7678738955726 579.5802360329413 0.0 1.0
554.0 496.75 437.5 299.0 705.9199442012155 579.7944283292659 0.0 1.0
553.0 495.5 353.5 300.5 656.3318550527 579.5006226851757 0.0 1.0
544.0 495.0 323.0 303.75 632.7881359552714 580.7662792643702 0.0 1.0
532.4166666666667 495.0 317.91666666666663 307.5 620.9144780521959 582.7366227988684 0.0 1.0
520.3055555555557 494.0 332.4722222222222 310.0 618.8379329012771 583.2125788536389 0.0 1.0
508.19444444444446 492.75 347.0277777777778 313.0 616.7613877503583 583.7581032058499 0.0 1.0
496.0833333333333 493.0 361.58333333333337 314.0 614.6848425994394 584.5040833442943 0.0 1.0
540.5 491.75 440.0 314.25 697.2017366511462 583.5849315775321 0.0 1.0
564.0 489.75 440.5 312.5 715.7052884450839 580.9573090031199 0.0 1.0
555.5 487.25 337.0 309.75 650.1193657942315 577.3713111222219 0.0 1.0
546.75 484.5 316.83333333333337 307.75 632.2998889438636 573.977649217074 0.0 1.0
534.4166666666667 482.0 324.6111111111111 305.75 625.940980817388 570.795153331756 0.0 1.0
522.0833333333333 481.0 332.3888888888889 303.5 619.5820726909124 568.7477166904557 0.0 1.0
509.75 480.75 340.16666666666663 302.25 613.2231645644367 567.8693786209321 0.0 1.0
513.5 481.5 353.5 301.0 623.4147303777397 567.8414999080721 0.0 1.0
588.5 481.25 380.5 300.0 700.8589696747028 567.099268197896 0.0 1.0
545.0 481.0 444.0 299.0 703.1395033068156 566.3585436805911 1.0 1.0
539.0 480.0 400.5 298.5 671.509431248807 565.2454602033173 0.0 1.0
522.0 480.0 399.0 297.25 657.0883483320804 564.5865470224985 1.0 1.0
525.5 479.75 411.25 296.5 667.2921093195037 563.9790153670838 1.0 1.0
530.0 480.5 409.0 296.5 669.470707518223 564.6171269099087 1.0 1.0
514.5 487.25 394.0 294.5 648.0670342626506 569.3641537879289 1.0 1.0
521.5 489.0 363.0 297.5 635.5212639133985 572.4419778184663 0.0 1.0
517.0 425.0 346.5 319.5 622.3756281465178 531.935697654658 0.0 1.0
509.85 341.5 259.85 334.75 572.3505635228873 479.75250256082023 0.0 0.0
483.25 289.0 231.25 261.75 536.0314241539045 390.57490031539726 0.0 0.0
456.65 188.75 202.65 270.25 499.71228478492174 329.6394711794503 0.0 0.0
507.5 122.75 290.0 303.75 584.8815806959556 328.3119305494257 0.0 0.0
525.0 123.40789473684211 317.0 308.82894736842104 613.281838868466 334.2371371624887 1.0 0.0
520.0 101.03947368421052 307.5 294.14473684210526 604.1179886050089 318.8706337628111 1.0 0.0
528.0 78.67105263157896 313.5 279.4605263157895 614.0591479530533 303.5041303631335 1.0 0.0
484.0 56.30263157894737 296.0 264.77631578947364 567.3406610188229 288.1376269634559 0.0 0.0
491.0 33.93421052631579 410.0 250.09210526315792 640.317754634549 272.7711235637783 0.0 0.0
513.0 11.565789473684212 355.0 235.4078947368421 624.4303082603017 257.4046201641007 1.0 0.0
527.0 -10.80263157894737 386.0 220.7236842105263 655.0084310318098 242.03811676442308 0.0 0.0
533.5 -33.171052631578945 326.0 206.03947368421052 625.2186498717729 226.6716133647455 1.0 0.0
538.5 -55.53947368421052 332.0 191.35526315789474 632.6185970676331 211.3051099650679 1.0 0.0
544.5 -77.90789473684211 337.0 176.67105263157896 640.3509839777886 195.93860656539027 1.0 0.0
496.0 11.75 296.5 191.5 577.8654807450293 191.88962598966899 0.0 0.0
530.0357142857142 15.5 302.4642857142857 207.5 610.7671481350172 208.07862182181026 0.0 0.0
512.75 13.75 273.75 207.0 582.0337893140538 207.4563200421797 0.0 0.0
495.4642857142857 55.75 245.03571428571428 130.0 553.3004304930904 142.18047779158354 0.0 0.0
477.5 58.5 242.0 96.5 535.6512702311114 112.8493316456146 0.0 0.0
500.0 60.5 369.0 94.5 621.8671797230652 112.20952297846779 0.0 0.0
491.5 58.5 332.0 95.0 593.1245500914633 111.56728786697039 1.0 0.0
432.5 -8.25 384.0 52.5 583.4165604211983 53.235009430422856 1.0 0.0
489.0 -4.125 332.5 53.75 591.3352010855035 53.911591143411 1.0 0.0
488.5 -3.0 333.5 52.5 591.4850531082343 52.58565216618483 1.0 0.0
480.75 -1.0 334.5 50.0 585.699279143778 50.00999999970011 1.0 0.0
483.0 -1.5 334.5 48.5 587.519595466088 48.52319033204639 1.0 0.0
473.75 -3.0 332.75 46.0 578.9319465189019 46.100786321959376 1.0 0.0
478.0 -7.340909090909091 334.0 60.13636363636364 583.1299038419797 60.58782577346754 1.0 0.0
479.75 -8.704545454545453 333.75 64.68181818181819 584.4220468981398 65.28391642713049 1.0 0.0
475.5 -10.068181818181817 336.5 69.22727272727272 582.5281928481954 69.98000708079343 1.0 0.0
476.5 -11.431818181818182 340.0 73.77272727272728 585.365705420066 74.67609773445636 1.0 0.0
476.25 -12.795454545454545 339.25 78.31818181818181 584.7282198936914 79.3721883881193 1.0 0.0
453.5 -14.159090909090908 326.0 82.86363636363637 558.5379010643444 84.06827904178226 1.0 0.0
572.75 -3.5 321.75 69.0 657.0721586947236 69.39374087381307 0.0 0.0
579.0 -12.5 283.0 56.5 645.0848769248832 58.55672185542754 0.0 0.0
573.75 -18.5 249.75 20.5 625.7531700430673 28.049000672350743 1.0 0.0
573.0 3.0 250.0 25.0 625.1640741675749 25.279962803782194 1.0 0.0
497.5 3.5 202.25 19.5 537.1751723548948 19.813394838468007 0.0 0.0
503.75 -12.5 200.75 2.5 542.2775500591968 17.283388108534258 0.0 0.0
509.0 -22.0 200.25 -2.0 546.9762923216167 22.109311525557523 0.0 0.0
513.25 -28.5 202.25 -12.0 551.66225918094 30.96133305102753 0.0 0.0
513.5 -31.0 191.5 -16.0 548.146144749014 34.88628092622404 0.0 0.0
455.8 -32.0 129.8 -17.5 474.3865288980114 36.48314560567091 0.0 0.0
507.0 -33.0 177.0 -16.0 538.1474880445153 36.677001288507405 0.0 0.0
558.2 -34.5 224.2 -15.5 601.908447191019 37.83295057713717 0.0 0.0
580.25 -35.5 271.0 -14.5 640.4147677869682 38.34756510983965 0.0 0.0
603.25 -35.0 278.25 -14.0 664.3306120182659 37.69661109422365 0.0 0.0
599.0 -35.0 272.25 -14.0 657.9719785637695 37.70175641599717 0.0 0.0
595.125 -34.0 271.125 -15.0 653.9767650172179 37.179107745354095 0.0 0.0
556.75 -33.25 237.25 -15.5 605.4356944549215 36.68546929942589 0.0 0.0
520.0 -32.5 201.0 -15.5 557.4984125951436 36.007587171695164 1.0 0.0
518.5 -32.25 201.5 -16.25 556.2869248250474 36.11423171407465 1.0 0.0
515.0 -33.0 203.0 -19.5 553.5665700019438 38.361954283752276 1.0 0.0
515.5 -12.25 209.5 -29.25 556.4445483942014 31.71962472303435 1.0 0.0
516.0 -14.5 212.5 -31.75 558.0432330922041 34.90699454787081 1.0 0.0
515.0 -20.0 209.0 -36.75 555.7944265058682 41.84295560988922 1.0 0.0
520.0 -22.75 286.0 -39.0 597.3207255665238 45.152179196383806 1.0 0.0
538.5 -24.5 282.5 -41.0 612.2772758087201 47.76312161212071 0.0 0.0
474.5 -28.25 195.5 -44.25 513.4441004138475 52.50975188941001 1.0 0.0
529.0 -33.0 203.5 -48.0 566.7927247901255 58.2494635168428 1.0 0.0
361.5 -32.25 222.5 -44.75 425.18507336167045 55.161098525349146 0.0 0.0
259.5 -32.5 277.5 -44.5 380.1099982973987 55.10444628158421 0.0 0.0
258.0 -22.0 259.5 -21.0 366.0624995951954 30.422027050735196 0.0 0.0
258.0 -11.5 247.5 -8.0 357.51957988339603 14.014939931910536 0.0 0.0
258.0 -11.0 250.0 -8.0 359.254784240934 13.601918773319516 0.0 0.0
246.5 -9.5 244.5 -8.5 347.19302987200683 12.747548783981962 0.0 0.0
247.5 -9.0 262.0 -8.5 360.41691758713876 12.384182032076634 0.0 0.0
257.5 10.25 283.5 2.5 382.98877353575085 11.479453522116678 0.0 0.0
253.0 8.25 265.5 -4.0 366.82580177593377 9.250252100314746 0.0 0.0
465.5 11.5 404.5 -0.5 620.4629126119996 13.104264849393585 0.0 0.0
535.0 53.166666666666664 391.5 24.833333333333332 664.7497516442077 58.886354041115396 0.0 0.0
489.0 195.83333333333331 372.5 102.16666666666666 616.489670726821 221.05602489420042 1.0 0.0
514.0 338.5 334.0 179.5 612.9929575710128 383.2256957472854 1.0 0.0
520.0 448.75 330.0 260.5 615.8733636065128 519.7939933928016 1.0 0.0
522.5 474.5 325.0 324.0 615.3342238704985 575.0301775796206 1.0 0.0
521.5 527.0 316.5 308.0 610.0283331909775 610.4067347909855 1.0 1.0
521.5 510.25 314.5 311.5 609.016816724866 597.9808936553359 1.0 1.0
532.5 492.75 323.5 315.5 623.0638193672585 585.1021595838383 1.0 1.0
531.5 491.0 318.0 313.5 619.3702490600319 582.548987126398 1.0 1.0
498.0 490.75 319.5 313.5 591.7609780178173 582.3382441619228 1.0 1.0
528.0833333333333 491.25 318.16666666666663 312.75 616.5252833736087 582.3565324368749 1.0 1.0
528.4166666666667 506.0 320.83333333333337 310.25 618.1905787906956 593.6241030439087 1.0 1.0
529.5 497.0 319.5 338.0 618.4265457833883 601.0432742285532 1.0 1.0
529.0 497.25 318.0 338.5 617.2241001345858 601.5312396639158 1.0 1.0
539.0 496.25 310.125 338.5 621.8833859512209 600.7048629286253 0.0 1.0
429.5 495.5 295.5 338.5 523.3039796328417 600.0854105875263 0.0 1.0
381.0 496.0 317.5 338.0 497.0419724808879 600.2170296454638 0.0 1.0
455.5 496.0 338.0 336.75 567.224610628596 599.513701146669 1.0 1.0
458.0 495.5 296.0 335.25 546.8750538858486 598.2584712001267 1.0 1.0
510.0 496.0 284.5 334.5 583.9871076387543 598.2527293344793 1.0 1.0
519.0 497.0 291.5 334.0 595.2649627179012 598.8037519436791 1.0 1.0
523.5 534.75 290.5 322.25 598.7011791771848 624.4212534570172 1.0 1.0
528.0 535.75 292.0 321.0 603.3639052458884 624.6076041572062 1.0 1.0
534.0 548.0 295.0 321.25 610.0664427386357 635.2246656099751 1.0 1.0
541.0 547.75 298.5 327.75 617.8863400535884 638.3188988766025 1.0 1.0
542.5 549.0 305.0 331.5 622.3975719605374 641.3216300759357 1.0 1.0
531.375 548.0 313.75 331.25 617.099416011843 640.3363243441984 0.0 1.0
530.0 548.0 314.5 333.0 616.2896170803803 641.2434659167757 1.0 1.0
535.0 539.5 316.5 336.5 621.6091945536991 635.8421165702284 1.0 1.0
533.5 543.75 315.5 334.5 619.8085875676404 638.4039228968065 1.0 1.0
536.5 535.75 315.0 342.25 622.1397164678526 635.8244504252434 1.0 1.0
502.0 539.75 309.5 371.25 589.9245583473389 655.1027756226247 1.0 1.0
489.5 538.5 365.0 373.5 611.0286265045952 655.3506694892437 0.0 1.0
494.5 538.5 391.0 373.0 630.4057570124544 655.0659653374963 1.0 1.0
482.0 613.75 358.5 386.5 600.7301946813511 725.810186056684 1.0 1.0
489.0 538.75 375.5 368.0 616.5450686816718 652.443959429611 1.0 1.0
488.0 608.5 370.0 376.5 612.4122578229523 716.0154762978276 1.0 1.0
489.0 549.75 372.0 327.75 614.4201711391217 640.5497267328528 1.0 1.0
485.5 525.75 372.5 304.25 611.9367554216658 607.4459456385179 1.0 1.0
479.5 520.5 334.0 305.0 584.3646651446252 603.2787543933499 0.0 1.0
464.0 517.5 366.5 304.5 591.3589543447658 600.4385896992297 1.0 1.0
464.5 516.75 369.5 305.25 593.6750000300297 600.1736364972589 1.0 1.0
480.875 515.75 345.25 306.75 592.4663670236087 600.0793885710125 0.0 1.0
486.875 512.5 350.0 307.0 599.9874296267861 597.4156291743732 0.0 1.0
458.0 511.5 340.5 309.5 571.3337649927744 597.8488370798216 0.0 1.0
213.0 511.5 194.5 312.5 289.09344793581937 599.4073975152444 0.0 1.0
121.5 511.0 148.5 315.0 192.56206900620748 600.2886583535233 0.0 1.0
110.5 510.75 187.5 316.25 222.3489722067104 600.7327867576842 0.0 1.0
58.5 509.75 231.5 317.75 239.57077654044696 600.674730104099 0.0 1.0
57.0 509.5 156.0 318.5 166.2097391539852 600.8598006190796 0.0 1.0
34.0 510.0 91.0 317.5 98.55977797287878 600.7557649965494 0.0 1.0
13.5 510.5 78.0 316.0 80.74022012617623 600.3885664678207 0.0 1.0
-6.0 511.0 77.5 315.0 77.73692404485894 600.2886583535233 0.0 1.0
-37.0 511.75 141.0 314.0 153.2626961587897 600.4032508669674 0.0 1.0
8.0 442.75 73.5 322.5 73.93866522325122 547.7662245526841 0.0 0.0
16.0 438.25 86.0 315.5 87.62843826285875 540.0034772096233 0.0 1.0
9.107954545454545 437.5 121.2840909090909 314.0 132.08628941831057 538.5190218104025 0.0 1.0
-13.414772727272727 438.5 132.32954545454544 313.0 153.59790662540922 538.750161423618 0.0 1.0
-35.9375 438.5 143.375 312.0 175.10952383250788 538.1693635026693 0.0 1.0
-58.46022727272727 437.5 154.42045454545456 311.5 196.62114103960656 537.0647857580889 0.0 1.0
-80.98295454545456 436.5 165.46590909090907 312.0 218.13275824670524 536.5414583600793 0.0 1.0
-103.50568181818181 436.75 176.51136363636363 312.5 239.6443754538039 537.0353833464493 0.0 1.0
-126.0284090909091 434.5 187.5568181818182 313.25 261.15599266090254 535.6465590258554 0.0 1.0
-148.55113636363637 438.0 198.60227272727275 316.75 282.6676098680012 540.5317696147267 0.0 1.0
-171.07386363636363 454.0 209.64772727272725 318.75 304.17922707509985 554.7238716782595 0.0 1.0
-193.59659090909093 470.75 220.6931818181818 303.25 325.69084428219855 559.9706614718409 0.0 1.0
-216.1193181818182 477.5 231.73863636363637 298.0 347.2024614892972 562.8591181554482 0.0 1.0
-238.64204545454544 475.5 242.78409090909088 304.0 368.7140786963959 564.3728616036334 0.0 1.0
-261.16477272727275 480.0 253.82954545454547 301.0 390.22569590349457 566.5767433116164 0.0 1.0
-283.6875 482.5 264.875 299.0 411.7373131105932 567.6330470702653 0.0 1.0
-306.21022727272725 480.5 275.9204545454545 298.5 433.2489303176919 565.6700183101268 0.0 1.0
-328.73295454545456 480.0 286.9659090909091 298.5 454.7605475247905 565.2453007323458 0.0 1.0
-351.2556818181818 480.75 298.0113636363636 300.0 476.2721647318892 566.6776281706776 0.0 1.0
-373.7784090909091 481.75 309.05681818181813 302.25 497.78378193898783 568.7163122101203 0.0 1.0
-396.3011363636364 481.25 320.10227272727275 301.25 519.2953991460865 567.76183115696 0.0 1.0
-418.8238636363636 481.25 331.14772727272725 301.75 540.8070163531852 568.0269886402207 0.0 1.0
-441.34659090909093 481.5 342.19318181818176 301.5 562.3186335602838 568.1064820108859 0.0 1.0
-463.8693181818182 482.25 353.2386363636364 302.25 583.8302507673825 569.139816962004 0.0 1.0
-442.5 483.0 303.5 301.5 536.6764761872512 569.3780116050197 0.0 1.0
-472.0 483.5 307.5 301.5 563.3746315533839 569.8021586480697 0.0 1.0
-481.5 483.25 318.5 300.75 577.308767875146 569.1936223145256 0.0 1.0
-507.625 482.0 313.875 301.0 597.6242964389164 568.2649030161901 0.0 1.0
-547.7916666666667 482.75 309.70833333333337 294.75 630.2632897593597 565.6197649551113 0.0 1.0
-587.9583333333333 483.5 305.54166666666663 296.5 662.9022830798029 567.1723723877953 0.0 1.0
-597.0 483.5 266.5 297.5 654.1327971057497 567.6957812068009 0.0 1.0
-585.0 486.75 324.5 300.0 669.3118636368246 571.774124298641 0.0 1.0
-590.5 489.25 299.5 300.0 662.1108222721537 573.9070445204768 0.0 1.0
-606.0 444.5 302.5 274.5 677.3054686250612 522.4278306075068 0.0 1.0
-612.0 410.7857142857143 306.5 242.71428571428572 684.4607004958744 477.41669227134685 0.0 0.0
-615.5 420.5 337.0 235.0 702.7069830510676 482.1291228060893 0.0 0.0
-619.0 430.21428571428567 340.5 227.28571428571428 707.5031805394474 486.84155334083164 0.0 0.0
-603.0 448.25 376.5 243.75 710.8887171063609 510.44111906322814 0.0 0.0
-455.70000000000005 494.75 358.9642857142857 304.75 682.8963653086087 581.2177315415616 0.0 0.0
-289.29999999999995 533.25 356.25 310.75 681.9657047680696 617.1880793949172 0.0 1.0
-269.0 534.0 353.5357142857143 310.0 681.0350442275304 617.4595145125722 0.0 1.0
-601.0 535.9166666666667 358.5 307.58333333333337 699.8108814826405 617.9115577067164 0.0 1.0
-584.5 535.5833333333333 332.5 305.91666666666663 672.4673010615259 616.7941524373218 0.0 1.0
-599.0 536.5 306.0 306.75 673.060010556982 618.0031226473502 0.0 1.0
-655.0 540.0 245.5 306.25 699.4967215208628 620.8014559762645 0.0 1.0
-709.0 505.33333333333337 262.5 288.33333333333337 756.0348150619634 581.854621057282 0.0 1.0
-733.5 504.66666666666663 270.0 279.66666666666663 781.6153603924197 577.1650460404408 0.0 0.0
-741.5 504.0 271.5 271.0 789.642037624641 572.4754710235995 0.0 0.0
-712.0 503.33333333333337 292.5 262.33333333333337 770.4904996421232 567.7858960067583 0.0 0.0
-682.9285714285714 502.66666666666663 290.57142857142856 253.66666666666669 743.7133961104224 563.0963209899171 0.0 0.0
-685.5 520.5 256.0 279.5 734.0580680967298 590.8707783663285 0.0 0.0
-688.0714285714286 533.5 221.42857142857144 298.0 724.4027400830372 611.0887660261961 0.0 1.0
-693.375 530.0 194.625 302.5 720.1784085595589 610.2519940351644 0.0 1.0
-700.0 529.75 190.5 303.75 725.4588403859676 610.6549541518557 0.0 1.0
-639.5 531.5 230.0 307.0 682.5037526859568 613.7970036948236 0.0 1.0
-574.5 532.0 248.0 307.75 626.0925882341729 614.6024373261171 0.0 1.0
-587.0 531.0 278.5 311.0 649.716285875661 615.3715837982145 0.0 1.0
-542.5 529.75 285.0 311.5 612.891526927916 614.5464413352558 0.0 1.0
-512.5 526.0 289.5 291.5 588.6152190994973 601.3720219128925 0.0 1.0
-509.0 524.0 289.5 291.0 585.5691675626373 599.3808991128956 0.0 1.0
-508.0 522.5 290.0 291.0 584.9480220950334 598.0697624972772 0.0 1.0
-572.0 521.25 317.0 291.25 653.9688365552869 597.0998896782637 0.0 1.0
-612.0 519.25 333.0 290.75 696.731223377557 595.1102761554384 0.0 1.0
-626.5 518.5 340.0 289.5 712.8129536409513 593.8455186325817 0.0 1.0
-626.5 518.0 340.5 289.5 713.0515808884895 593.4090574819902 0.0 1.0
-626.5 517.5 343.5 288.5 714.4889782214979 592.4850209077019 0.0 1.0
-639.0 518.25 293.5 288.5 704.863101723045 593.140325366659 0.0 1.0
-753.5 519.0 251.375 288.5 794.4889426580789 593.7956298256161 0.0 1.0
-823.0 521.5 254.5 294.0 861.6825482837301 598.6697742310248 0.0 1.0
-759.5 521.25 247.125 309.75 798.6996255898785 606.3404571375311 0.0 1.0
-742.5 520.5 248.0 311.25 782.8222341261969 606.4634889616498 0.0 1.0
-691.0 523.5 247.75 313.0 734.2579324517458 609.9357397667545 0.0 1.0
-642.5 526.5 249.0 314.0 689.0632586391623 613.024008020067 0.0 1.0
-644.5 526.0 249.5 313.5 691.1084707438545 612.3393611377588 0.0 1.0
-658.5 525.25 253.0 314.75 705.4301981862503 612.3358903527351 0.0 1.0
-653.0 526.0 253.5 315.0 700.4797030673813 613.107657756776 0.0 1.0
-584.5 526.75 266.5 314.75 643.6160638619881 613.6232428550978 0.0 1.0
-517.0 526.5 280.5 323.0 588.1915562595032 617.6823063986894 0.0 1.0
-525.5 525.5 284.5 322.0 597.570531956449 616.3079027383017 0.0 1.0
-574.0 524.25 311.0 321.0 653.1156338930924 614.7189379763441 0.0 1.0
-601.5 524.0 330.0 321.5 686.0867619044532 614.7668257152462 0.0 1.0
-613.0 524.5 318.5 322.25 690.8399475984725 615.5855244309596 0.0 1.0
-582.5 524.75 312.5 322.75 661.0319784333731 616.0606444249624 0.0 1.0
-584.5 498.0 313.0 333.0 663.0306991994084 599.1064526788316 0.0 1.0
-575.5 496.0 293.0 336.5 645.9259425741798 599.3734637221206 0.0 1.0
-562.5 494.25 284.0 335.0 630.1378004656656 597.0832183079415 0.0 1.0
-572.5 492.25 278.0 335.0 636.4283614002857 595.4284697376208 0.0 1.0
-510.79166666666663 487.25 327.45833333333337 333.5 622.333905318295 590.4534790935961 0.0 1.0
-357.9583333333333 486.0 401.29166666666663 333.5 591.7266700965107 589.4219626040414 0.0 1.0
-205.12499999999997 486.0 475.125 332.25 561.1194348747264 588.7156402655864 0.0 1.0
-17.0 485.5 555.5 331.5 560.7035483578816 587.8796791483536 0.0 1.0
74.5 484.75 572.0 330.75 578.160812192447 586.8377296309851 0.0 1.0
41.16666666666667 485.5 605.1666666666667 331.25 606.653793725002 587.7387643733721 0.0 1.0
19.833333333333336 483.5 551.8333333333333 329.75 552.2869050058467 585.2412505730118 0.0 1.0
61.0 477.0 580.875 325.5 584.5970704156587 577.4766916750481 0.0 1.0
96.5 475.5 564.5 326.0 572.8760464181305 576.5216441630673 0.0 1.0
154.5 482.0 456.0 329.5 481.4791514006211 583.8615671729809 0.0 1.0
149.5 483.25 471.5 330.5 494.63960565933456 585.4579333790292 0.0 1.0
155.0 484.0 505.5 331.5 528.7576911400818 586.6415004071907 0.0 1.0
153.5 484.5 493.5 332.0 516.9179630166215 587.3365873620722 0.0 1.0
150.0 486.25 467.0 333.0 490.5869127625722 589.3455150338075 0.0 1.0
147.0 486.5 434.5 333.0 458.6930920617584 589.5518808723568 0.0 1.0
144.5 483.5 420.0 330.5 444.16264971699684 585.6641544008422 0.0 1.0
145.0 484.5 401.5 332.5 426.88956943139397 587.6193495793003 0.0 1.0
123.5 484.0 393.0 332.5 412.14351543349505 587.2072293125193 0.0 1.0
106.5 484.0 387.5 333.0 401.86876134785507 587.4908369366289 0.0 1.0
105.5 482.5 397.0 334.0 410.78150004292127 586.8246850158969 0.0 1.0
93.0 481.25 365.5 335.25 377.1746993840732 586.5106137294986 0.0 1.0
124.6875 481.0 242.8125 336.25 279.6375538112669 586.8774186175435 0.0 1.0
27.4375 490.75 224.0625 333.75 242.629029744481 593.4852530823277 0.0 1.0
-44.0 490.0 215.5 334.25 219.96103785362249 593.1474310051906 0.0 1.0
-18.5 491.5 225.0 333.0 226.29091160219224 593.6852704274164 0.0 1.0
-33.0 493.25 217.0 332.0 222.07744845576673 594.5751745853286 0.0 1.0
-16.5 494.25 247.0 332.0 248.11772358776872 595.4052148914014 0.0 1.0
14.0 494.5 218.0 331.5 218.46959294443914 595.3339399026398 0.0 1.0
7.0 494.75 224.5 331.5 224.6096960869948 595.5416289943475 0.0 1.0
-11.0 496.0 275.5 331.5 275.77172807243295 596.5804639778275 0.0 1.0
-3.5 496.0 249.0 331.0 249.02504421911493 596.3029204771726 0.0 1.0
-88.0 505.25 299.0 332.0 328.6233845128084 604.576134597975 0.0 1.0
-380.5 519.5 263.5 327.0 464.26830023948025 613.863254246363 0.0 1.0
-500.0 521.5 294.0 322.5 580.0329598147181 613.1642477101042 0.0 1.0
-504.0 524.75 294.5 321.5 583.7349608605525 615.4062313282286 0.0 1.0
-515.0 526.5 323.0 320.25 608.274816505331 616.2487619745361 0.0 1.0
-515.0 529.0 300.5 319.25 596.2597736275086 617.8686879828376 0.0 1.0
-518.0 505.29166666666663 303.5 304.91666666666663 600.3635865961678 590.3860381407248 0.0 1.0
-522.5 490.45833333333337 306.0 274.58333333333337 605.5099971577423 562.8307787912606 0.0 0.0
-557.5 475.625 344.5 244.25 655.9550183725453 535.2755194417965 0.0 0.0
-584.5 474.5 279.0 242.0 647.6782063605216 532.8251809745507 0.0 0.0
-582.5 533.5 279.5 319.25 646.0864877624776 621.7257870879957 0.0 0.0
-598.0 537.25 282.5 324.25 661.3700553847416 627.5154380685184 0.0 1.0
-611.0 531.0 285.0 328.5 674.2004192570068 624.3988895029206 0.0 1.0
-610.0 525.25 281.0 330.0 671.6121322052585 620.3125396276816 0.0 1.0
-614.0 527.0 281.0 331.0 675.2460342022863 622.3266627761303 0.0 1.0
-615.0 525.5 279.5 330.5 675.5336322760572 620.7904505026959 0.0 1.0
-615.0 523.5 338.0 326.5 701.7614922496773 616.9726249604937 0.0 1.0
-615.0 524.5 279.5 327.0 675.5343015879191 618.0852934876212 0.0 1.0
-615.5 528.75 283.0 330.0 677.4445418983967 623.2795733895734 0.0 1.0
-613.5 532.5 290.0 335.5 678.5889944166854 629.3841169521679 0.0 1.0
-648.0 531.0 289.5 326.75 709.9123751005955 623.4794365767693 0.0 1.0
-587.5 531.0 310.0 328.0 664.6492836922921 624.1354019762058 0.0 1.0
-542.5 530.75 308.5 328.25 624.086852338884 624.0542792250521 0.0 1.0
-548.5 530.5 310.5 328.5 630.287782943951 623.9731564738984 0.0 1.0
-546.5 530.5 307.0 327.5 626.8263316102795 623.4472712266852 0.0 1.0
-552.5 530.5 322.5 327.5 639.8225638585297 623.4472712266852 0.0 1.0
-547.0 527.75 341.5 326.75 644.8505759161287 620.7143312661406 0.0 1.0
-542.5 525.25 340.0 326.75 640.2393217077497 618.5897215152401 0.0 1.0
-531.0 528.0 345.5 326.75 633.5072419799967 620.9265566804472 0.0 1.0
-472.0 529.0 356.0 325.75 592.391638224938 621.2521936954254 0.0 1.0
-478.0 529.25 375.5 325.75 608.500027992108 621.4649976454398 0.0 1.0
-519.0 530.375 401.5 324.875 656.1731982461822 621.965980168603 0.0 1.0
-548.0 531.5 416.5 324.5 688.3155892633181 622.7298772341022 0.0 1.0
-562.125 528.0 420.75 318.0 702.1535387625102 616.3816230862526 0.0 1.0
-570.75 528.0 422.75 314.5 710.2648676073962 614.5686405392648 0.0 1.0
-566.5 525.5 417.25 312.5 703.5764873281181 611.3971952361317 0.0 1.0
-552.75 524.0 403.5 311.0 684.3592239180148 609.3415012320877 0.0 1.0
-547.75 524.0 398.5 309.5 677.3717416797181 608.5772873342962 0.0 1.0
-447.75 522.0 350.0 308.5 569.0299012914309 606.3466951468811 0.0 1.0
-252.75 522.0 194.0 308.0 318.6208701731227 606.0924021962328 0.0 1.0
-244.25 523.0 184.5 308.5 306.10183386623964 607.2077486330359 0.0 1.0
-239.5 521.5 182.5 306.0 301.1087849344249 604.6485952509431 0.0 1.0
-239.0 522.0 181.5 307.0 300.1054134427235 605.5848412898064 0.0 1.0
-237.5 523.0 182.0 306.5 299.21605906100694 606.1940695849803 0.0 1.0
-257.0 523.5 183.0 307.5 315.78668917793493 607.131369639224 0.0 1.0
-126.75 522.5 156.75 307.0 205.04609980705368 606.0159087128827 0.0 1.0
-153.5 522.5 169.5 300.0 228.68422241998266 602.503900784026 0.0 1.0
-162.25 520.9166666666667 170.0 297.75 235.0052134517145 600.0119216477539 0.0 0.0
-155.25 518.8055555555557 171.25 298.08333333333337 231.28685602122152 598.3490230910286 0.0 0.0
-82.0 516.6944444444443 169.25 298.41666666666663 188.0695210378172 596.6861245343032 0.0 0.0
-18.25 514.5833333333333 193.5 298.75 204.93264281059538 595.0232259775779 0.0 0.0
-8.5 513.0 178.25 298.0 179.6202781522018 593.273754431369 0.0 1.0
-27.75 512.0 177.0 298.0 179.56012050245323 592.4086427458668 0.0 1.0
-8.75 508.5 161.75 298.0 161.99666437622096 589.5671498344941 0.0 1.0
-12.5 427.0 165.5 253.5 166.26177492218488 497.2747964319225 0.0 1.0
-28.5 386.5833333333333 176.75 203.83333333333334 179.11724687788555 437.1390050677704 0.0 0.0
48.5 400.69444444444446 237.0 218.27777777777777 241.96922086238237 456.4703329180201 0.0 0.0
49.0 414.80555555555554 238.0 232.72222222222223 242.9917847776265 475.80166076826976 0.0 0.0
15.5 428.9166666666667 249.125 247.16666666666666 249.65213899678832 495.13298861851945 0.0 0.0
10.5 450.5 239.5 278.0 239.75982485391063 529.4911188342596 0.0 0.0
80.5 498.5 233.5 309.25 260.28471515617434 586.9167816435552 0.0 0.0
212.625 588.5 221.875 319.25 308.1547632240763 669.5172124228511 0.0 0.0
295.5 549.75 211.5 315.5 364.09692758277754 633.8521605738199 0.0 1.0
331.0 543.0 207.0 315.0 390.39723712831744 627.7533367440499 0.0 1.0
329.0 541.0 206.5 311.5 388.43716267332593 624.27393335824 0.0 1.0
331.5 535.75 209.5 313.0 392.15111883048354 620.4813280060744 0.0 1.0
332.0 527.0 211.0 311.5 393.3768314601691 612.1780986947315 0.0 1.0
316.5 497.5 203.0 322.0 376.0070462762517 592.6136640043037 0.0 1.0
365.5 501.0 181.5 320.75 409.94528519811126 594.8951471338266 0.0 1.0
365.0 521.75 138.0 318.0 390.2177275990708 611.0218739500997 0.0 1.0
367.5 519.25 136.0 322.0 391.8651982141255 610.988830953816 0.0 1.0
305.5 517.5 131.0 324.0 333.26938479493043 610.5647144218342 0.0 1.0
338.75 520.75 122.75 328.25 361.1766019415317 615.5718836074238 0.0 1.0
299.0 522.0 195.5 328.25 357.4650545299791 616.6296354288344 0.0 1.0
292.0 523.5 154.0 325.0 330.2354099087962 616.1910606363504 0.0 1.0
288.0 526.75 157.0 321.75 328.0142662858842 617.2427857361758 0.0 1.0
283.5 528.5 150.5 322.5 320.99878038170243 619.1273553698337 0.0 1.0
266.5 528.25 151.5 323.75 306.7227551248395 619.5660834883784 0.0 1.0
279.0 528.75 145.5 324.75 314.6606329328443 620.5152352811107 0.0 1.0
233.0 529.75 111.0 333.0 258.0919471308533 625.7188507640634 0.0 1.0
239.0 530.0 109.5 333.25 262.9140460988776 626.0635808697322 0.0 1.0
238.0 530.25 164.5 333.75 290.59886150390105 626.5418698538219 0.0 1.0
263.5 529.75 151.0 333.5 303.834146049564 625.985614324316 0.0 1.0
257.5 529.25 158.0 333.0 302.6779043411477 625.2955942795954 0.0 1.0
206.0 530.0 100.0 324.5 229.26379575382538 621.450498964332 0.0 1.0
225.5 530.5 55.5 323.0 232.22941292440936 621.0952020423279 0.0 1.0
182.0 530.5 69.0 323.25 195.09263014201963 621.2252876998181 0.0 1.0
271.46875 530.75 87.71875 323.25 285.35562699277557 621.4388489882324 0.0 1.0
390.09375 530.25 131.34375 323.0 411.68635475465106 620.8818041572308 0.0 1.0
508.71875 529.5 174.96875 323.0 538.0170825165266 620.2412836953051 0.0 1.0
627.34375 529.5 218.59375 320.5 664.3478102784021 618.9502931691721 0.0 1.0
602.5 523.875 232.5 316.1875 645.9396891931668 612.1245362387803 0.0 1.0
554.5 509.375 241.0 288.9375 604.6093750557214 586.4836390218569 0.0 0.0
555.0 494.875 267.5 261.6875 616.3055476648883 560.8427418049334 0.0 0.0
565.0 480.375 312.0 234.4375 647.9245505920989 535.2018445880101 0.0 0.0
531.5 484.0 315.5 246.5 618.9767597419439 543.6178888077536 0.0 0.0
561.0 519.25 359.5 313.5 666.3064150835854 606.5595480554387 1.0 1.0
554.0 592.0 309.5 312.25 634.5952926365369 669.3892708698122 1.0 1.0
511.0 546.0 297.5 319.25 591.3003056653187 632.4857694097843 1.0 1.0
505.5 576.5 290.5 321.75 583.0271759822756 660.3882695856629 1.0 1.0
564.5 552.0 284.5 314.25 632.1396206535388 635.1990860758824 0.0 1.0
542.0 533.0 303.5 323.75 621.7512315043402 623.6320488387494 1.0 1.0
574.5 527.5 303.5 323.5 649.7412516484137 618.7970108819941 1.0 1.0
551.5 528.0 312.0 322.75 633.687899240892 618.8308395670249 1.0 1.0
526.5 524.75 321.0 324.0 616.6386776475299 616.723659165754 1.0 1.0
553.5 523.5 313.5 327.0 636.2075734088932 617.2367860067966 1.0 1.0
522.0 524.5 342.0 328.0 624.1562983023211 618.6150104309363 1.0 1.0
570.0 526.25 322.0 328.0 655.0732996099645 620.0993629085123 1.0 1.0
584.5 526.75 315.0 323.75 664.0211761750367 618.2876609939588 1.0 1.0
613.0 526.0 311.5 328.0 687.6072578606775 619.8871070656328 1.0 1.0
611.0 525.5 306.0 325.25 683.3426655531534 618.0141364265344 1.0 1.0
574.0 526.75 298.0 323.0 646.812143241933 617.9065484281391 1.0 1.0
539.0 530.0 298.0 322.0 615.8940344904036 620.153669373873 1.0 1.0
530.0 532.5 309.5 321.25 613.7539291939979 621.899206739607 1.0 1.0
561.0 535.25 334.0 320.0 654.0106416974658 623.6127590392699 1.0 1.0
490.5 539.25 290.5 318.75 570.0814664221671 626.4139882704521 1.0 1.0
477.0 540.5 297.0 314.0 561.9058067965102 625.0899896026257 1.0 1.0
483.0 540.5 301.5 314.5 569.3781080273388 625.3403334609968 1.0 1.0
500.5 540.75 388.0 315.5 633.5511933668074 626.0597538623149 0.0 1.0
487.0 541.75 328.0 315.25 588.1505217612373 626.7979205145307 0.0 1.0
403.0 541.25 425.0 315.25 586.1239607109255 626.3658284622775 0.0 1.0
419.5 541.0 400.5 316.0 580.5322440741581 626.5277835791346 0.0 1.0
385.5 541.75 387.0 316.5 546.2483840924831 627.4276100868901 0.0 1.0
373.5 543.25 384.0 317.5 535.6853618413207 629.2272291078921 0.0 1.0
372.5 543.75 404.5 318.0 549.9118385842041 629.9111670930516 0.0 1.0
365.0 544.75 394.5 317.5 537.5655030778742 630.5231700949143 0.0 1.0
369.5 545.5 407.5 317.5 550.2371177029554 631.1708855289226 0.0 1.0
430.5 545.75 358.0 312.5 560.9073446856355 628.9011130585933 0.0 1.0
488.5 511.5625 387.5 314.0 623.6232066898206 600.762793997972 1.0 1.0
450.0 509.8125 340.5 290.0 564.3056521834545 588.7148001833693 1.0 0.0
444.0 508.0625 374.0 266.0 580.5343777072026 576.6668063687669 1.0 0.0
431.5 506.3125 381.0 242.0 575.6369692399014 564.6188125541642 1.0 0.0
445.0 504.5625 388.0 218.0 590.422124997613 552.5708187395617 1.0 0.0
443.5 502.8125 411.5 194.0 605.0831778382033 540.5228249249592 1.0 0.0
426.5 519.5 416.5 213.25 596.9768023766868 562.246576653846 1.0 0.0
435.5 564.0 378.5 281.5 576.9966980067887 630.3766754122764 0.0 1.0
453.0 550.5 367.0 298.75 583.023969069457 626.3400520330707 1.0 1.0
468.0 548.0 378.0 301.25 601.6500449835746 625.3445242831465 1.0 1.0
466.0 552.5 393.5 300.75 609.938003217354 629.0554171346581 1.0 1.0
455.5 547.25 375.5 302.5 590.3229663064034 625.2912854173271 1.0 1.0
431.5 543.75 368.5 299.0 567.4372901611193 620.5362141699876 1.0 1.0
409.0 545.0 415.5 300.25 583.516896988258 622.2345145497098 1.0 1.0
400.5 538.75 400.0 300.75 566.1522031110927 617.0107038728058 1.0 1.0
379.0 536.5 389.0 298.5 543.1046609604209 613.9499471202091 1.0 1.0
343.5 581.75 349.0 331.5 489.74668828153926 669.601183485965 0.0 1.0
238.4 527.5 334.7 294.0 426.72970778795633 603.8977454928032 0.0 1.0
73.99999999999999 526.5 255.5 291.25 327.92209232612026 601.6952442609733 0.0 1.0
-90.4 515.75 176.3 293.25 229.11447686428414 593.293468839603 0.0 1.0
-457.15 510.25 248.8 298.5 520.5139338646625 591.170116909858 0.0 1.0
-467.75 511.5 244.0 305.0 527.6903957268942 595.5310655205151 0.0 1.0
-478.35 510.5 239.2 305.0 534.8668575891259 594.6730084231338 0.0 1.0
-481.5 507.5 237.5 309.25 536.8885500875961 594.3139170930601 0.0 1.0
-586.5 505.0 273.0 315.0 646.9413386919393 595.1894442307218 0.0 1.0
-686.5 503.625 261.5 315.625 736.7514253373605 594.3553315574425 0.0 1.0
-689.5 500.75 325.5 316.0 762.4734262913212 592.1204103056926 0.0 1.0
-716.0 505.0 210.5 307.5 746.3160664186444 591.2999214024791 0.0 1.0
-774.625 519.5 448.25 295.0 901.9040703792882 597.4216979263196 0.0 1.0
-722.0 517.5 356.5 294.5 805.2181384567323 595.4298353647913 0.0 1.0
-729.5 577.75 366.0 291.75 816.1656999199131 647.3695382927996 0.0 1.0
-714.5 539.25 233.0 287.25 751.5315345203709 611.0484063677322 0.0 1.0
-711.5 521.0 232.5 291.5 748.5246174988426 597.0039472695291 0.0 1.0
-707.5 520.5 232.0 290.5 744.5671724378929 596.0794331481443 0.0 1.0
-706.5 514.25 231.0 289.75 743.3057754752771 590.2611978250461 0.0 1.0
-705.5 495.75 229.5 289.0 741.8898327404223 573.8372209685872 0.0 1.0
-732.0 496.5 358.0 287.75 814.8556542192289 573.8574381198039 0.0 1.0
-726.0 498.75 354.5 287.0 807.9274171131366 575.4307760690231 0.0 1.0
-724.0 501.25 354.5 286.25 806.1304500662995 577.2266744277354 0.0 1.0
-683.0 500.0 337.0 285.5 761.6169857499269 575.7693214030348 0.0 1.0
-706.5 499.75 366.0 285.0 795.6776340644751 575.3045924274232 0.0 1.0
-714.5 500.25 365.5 284.75 802.5588275309344 575.6150048080135 0.0 1.0
-587.5 502.25 286.0 285.0 653.415971139866 577.477445020196 0.0 1.0
-576.0 503.75 280.0 285.0 640.4498675201572 578.7824095931171 0.0 1.0
-563.0 504.25 271.5 284.25 625.0453721471853 578.8490657951643 0.0 1.0
-598.0 506.0 299.0 285.5 668.5843626706039 580.9889034745249 0.0 1.0
-607.0 506.25 304.5 286.0 679.095334991539 581.4509094257885 0.0 1.0
-599.5 511.0 302.5 295.0 671.4958641918097 590.0644133890921 0.0 1.0
-604.5 518.75 306.0 306.75 677.5368993867667 602.6586773090183 0.0 1.0
-606.0 519.75 243.0 306.0 652.9052132667184 603.1386302399561 0.0 1.0
-607.0 523.25 244.5 309.0 654.3923019868851 607.6771993915561 0.0 1.0
-590.0 523.25 269.0 309.25 649.0347938562625 607.8043540053249 0.0 1.0
-571.5 525.25 342.0 311.25 666.0177439828881 610.544178668693 0.0 1.0
-537.5 527.75 316.0 312.0 623.5090641757711 613.0776526513503 0.0 1.0
-534.0 528.5 316.5 310.0 620.7487334135151 612.7101569289298 0.0 1.0
-531.5 527.25 315.5 307.0 618.0878296315439 610.1160367705241 0.0 1.0
-531.0 528.0 316.5 310.0 618.1693259414664 612.2781288676401 0.0 1.0
-525.0 526.25 314.5 309.0 611.9928512654376 610.2623030498792 0.0 1.0
-525.0 509.5 316.5 313.5 613.0231915353683 598.3452491617176 0.0 1.0
-525.0 472.625 317.0 307.375 613.2813618212073 563.8071130703337 0.0 0.0
-522.5 442.125 313.5 291.875 609.3344971456991 529.8089497099539 0.0 0.0
-524.0 411.625 312.5 276.375 610.1084457604927 495.81078634957424 0.0 0.0
-524.0 478.5 309.5 298.25 608.5775366689037 563.8458351522794 0.0 0.0
-653.5 525.75 316.0 305.5 727.4825633376704 608.078874982019 0.0 1.0
-589.5 518.5 276.5 303.5 651.1241665982056 600.7950450880442 0.0 1.0
-588.0 513.0 276.5 303.5 649.7664616840866 596.0548306864636 0.0 1.0
-587.5 513.5 277.5 308.5 649.7403678410926 599.0451520156503 0.0 1.0
-588.0 512.25 277.5 306.75 650.1925153473971 597.0725520434796 0.0 1.0
-587.0 511.75 278.0 306.75 649.5024583600707 596.6436577202417 0.0 1.0
-712.0 516.5 365.0 307.5 800.1063679828526 601.1082377613977 0.0 1.0
-715.5 514.25 370.0 300.75 806.2483277048084 595.7385208601204 0.0 1.0
-610.5 511.25 326.5 297.75 692.8441184861622 591.6349664598433 0.0 1.0
-624.5 512.25 304.0 295.75 694.5626069682269 591.4972881285528 0.0 1.0
-671.0 511.5 347.0 293.25 755.4138440730451 589.5997061662426 0.0 1.0
-665.5 510.0 342.0 291.25 748.2342198605684 587.3045092966765 0.0 1.0
-656.5 507.25 324.0 289.25 732.1001634734578 583.9248592830915 0.0 1.0
-610.0625 506.5 270.8125 288.5 668.5040519244511 582.9025336956138 0.0 1.0
-580.3125 507.5 200.0625 291.5 616.2378091047017 585.2605171400025 0.0 1.0
-554.0 505.5 176.0 288.5 582.0003235440321 582.0332366594591 0.0 1.0
-553.5 505.25 248.0 288.25 606.5231811954437 581.6922754475888 0.0 1.0
-546.5 504.5 255.0 288.0 603.0649720719359 580.916762302407 0.0 1.0
-539.0 504.0 257.5 287.5 597.3511625520234 580.2346508094807 0.0 1.0
-535.5 504.75 259.0 287.25 594.8456080319236 580.7625450784517 0.0 1.0
-543.0 504.0 261.0 289.0 602.4699687412809 580.9796751118591 0.0 1.0
-529.0 501.25 242.5 292.25 582.8621629109383 580.2318556218063 0.0 1.0
-532.5 485.0 290.0 300.25 606.3762927979164 570.4177570344154 0.0 1.0
-565.0 505.75 318.0 290.0 648.3465688289897 582.9950271520956 0.0 1.0
-554.0 505.0 313.5 290.5 636.5518465042002 582.5939547495285 0.0 1.0
-550.0 505.5 309.5 290.5 631.1039358454941 583.0271759822756 0.0 1.0
-550.0 505.0 312.0 289.0 632.3322393044384 581.8471119428978 0.0 1.0
-547.5 506.25 335.0 287.75 641.9709971316975 582.3138936115133 0.0 1.0
-544.5 506.5 319.5 286.5 632.3172035988841 581.9145646912364 0.0 1.0
-539.5 506.25 286.0 285.5 610.6196073204834 581.2059017411552 0.0 1.0
-519.0 506.5 344.5 283.25 622.9308242917755 580.3213421117725 0.0 1.0
-534.5 507.0 350.5 283.0 639.1717884703066 580.6361995681798 0.0 1.0
-534.5 507.0 349.0 284.0 638.3506622886565 581.1242504853133 0.0 1.0
-530.0 506.75 307.5 284.0 613.4828748874265 580.906296388028 0.0 1.0
-524.0 507.25 272.0 286.0 590.3897403812623 582.3217131242852 0.0 1.0
-520.0 507.5 302.5 285.0 602.096633379097 582.0491817707504 0.0 1.0
-514.5 507.5 333.0 285.0 612.8616534298726 582.0491817707504 0.0 1.0
-510.5 508.0 324.0 284.5 604.6485216253891 582.2407464593414 0.0 1.0
-506.0 506.75 274.5 284.25 575.6616253015003 581.0281468980559 0.0 1.0
-527.0 506.25 343.0 283.0 628.8039993042369 579.9813568871614 0.0 1.0
-551.5 506.25 317.5 283.5 636.3736670145247 580.225238524515 0.0 1.0
-543.0 505.5 310.0 283.5 625.2645812426363 579.5710136110786 0.0 1.0
-536.5 506.0 299.0 284.5 614.1968761837454 580.496554684005 0.0 1.0
-491.0 505.5 383.5 285.5 624.4871807849051 580.5519446701669 0.0 1.0
-394.0 507.25 451.0 285.75 599.3196408969193 582.1989643125341 0.0 1.0
-344.5 506.25 469.0 286.5 581.9721750780332 581.6971928564046 0.0 1.0
-340.5 505.75 477.0 287.75 586.0624966673777 581.8794775620902 0.0 1.0
-330.5 505.75 467.5 287.5 572.5409308474759 581.7553848175644 0.0 1.0
-235.0 475.9375 517.5 280.75 569.5263658950487 552.8074990342241 0.0 1.0
-153.5 467.6875 552.0 257.75 572.9481283587543 534.8986479926864 0.0 0.0
-145.5 459.4375 510.0 234.75 530.373545232723 516.9897969511485 0.0 0.0
-215.125 451.1875 516.375 211.75 560.2645133180322 499.08094590961065 0.0 0.0
-323.5 451.5 450.0 214.25 554.2194058638505 499.98219307761485 0.0 0.0
-144.0 500.5 525.0 283.0 544.3904915555211 575.0267891325586 0.0 0.0
-197.0 514.0 496.0 282.75 537.07154595973 586.6379240576803 0.0 1.0
-74.5 510.0 508.0 282.25 519.916575271998 582.8937384683104 0.0 1.0
103.5 507.75 615.0 283.5 623.6484216927681 581.5345316716202 0.0 1.0
104.5 507.5 618.0 282.25 626.7729325729522 580.707966292298 0.0 1.0
107.5 507.5 618.0 281.5 627.2800590296653 580.3434328050935 0.0 1.0
109.5 507.0 609.0 280.5 618.7678875193773 579.4215292764823 0.0 1.0
24.0 521.5 596.0 283.5 596.5861656954537 593.5783620441505 0.0 1.0
122.5 518.25 503.5 281.25 519.3818098415941 589.6553240651763 0.0 1.0
128.0 516.0 536.0 280.0 551.3059863982173 587.0741009446763 0.0 1.0
132.5 509.5 551.0 265.0 566.7277614113414 574.3879895841737 0.0 1.0
155.0 491.5 529.5 191.0 551.7211190485505 527.3385786366164 0.0 0.0
155.0 495.75 505.0 187.5 528.2520811767837 530.0250342281597 0.0 0.0
151.0 495.5 513.5 190.0 535.241390853862 530.6811926861837 0.0 0.0
124.5 495.25 558.0 192.0 571.7350071915986 531.1662720093665 0.0 0.0
117.5 495.25 499.5 192.5 513.2643639652305 531.3465181114856 0.0 0.0
115.5 496.0 385.5 192.5 402.4528000009351 532.0467387758106 0.0 0.0
123.5 495.5 394.5 191.0 413.51490698944053 531.0378988358552 0.0 0.0
91.5 501.75 422.0 234.75 431.80580130492604 555.0940622322844 0.0 0.0
103.5 493.75 400.0 295.25 413.17354555150786 575.3408169716423 0.0 1.0
139.5 472.5 372.5 309.0 400.5721373077738 564.5684631299166 0.0 1.0
180.0 469.5 343.5 309.5 387.8076232914365 562.3350196008246 0.0 1.0
180.0 523.0 333.5 342.0 378.9754509257151 624.9006686168644 0.0 1.0
94.0 470.25 349.0 309.0 362.4518459392061 562.686485840871 0.0 1.0
117.0 470.0 326.0 308.75 346.42141310354975 562.3402939140719 0.0 1.0
118.0 506.0 345.5 301.25 365.1103028639685 588.8940366418778 0.0 1.0
122.0 514.75 354.5 306.0 374.9079146848468 598.8391961437706 0.0 1.0
127.0 516.0 353.5 311.0 375.6224246964217 602.4757312543702 0.0 1.0
121.5 513.25 335.0 309.0 356.5743445214641 599.0890623688156 0.0 1.0
104.5 513.0 238.5 310.25 260.39970501394953 599.5198981370646 0.0 1.0
113.0 515.75 239.5 310.25 264.8192792258616 601.8751700193711 0.0 1.0
115.5 502.79166666666663 238.0 299.41666666666663 264.5453647297567 585.2529416970619 0.0 1.0
118.0 483.95833333333337 232.0 277.08333333333337 260.28532813661377 557.8686267456017 0.0 0.0
92.5 465.125 246.5 254.75 263.3112007584167 530.4843117941414 0.0 0.0
39.5 476.5 178.0 253.5 182.3302599874283 539.7382919909919 0.0 0.0
55.0 503.5 192.5 300.0 200.21745928306729 586.0994913656607 0.0 1.0
46.0 514.25 189.0 314.5 194.53268154094923 602.8109413555403 0.0 1.0
36.0 524.25 193.0 312.0 196.33043449472348 610.0682155257451 0.0 1.0
67.5 524.25 211.0 309.0 223.46913167275275 608.5384775136681 0.0 1.0
317.0 575.5 337.0 313.5 463.2242374447877 655.4609564312416 0.0 1.0
445.0 568.5 478.5 312.0 656.1461312042045 648.600136945362 0.0 1.0
506.75 520.5 343.25 312.0 613.0369111909392 606.851282808288 0.0 1.0
468.0 524.0 337.75 311.5 577.1532709814296 609.5970806182245 1.0 1.0
494.25 507.0 309.5 284.42857142857144 584.1320306642422 582.2366254102612 1.0 0.0
480.0 487.0 298.0 249.0 565.1176402709268 548.3889050909839 1.0 0.0
485.0 467.0 277.75 213.57142857142856 558.9007780568647 514.5411847717066 1.0 0.0
497.0 471.5 264.5 227.0 563.0096622976862 524.0280506385973 1.0 0.0
504.75 506.0 290.75 300.5 582.5161026537814 588.5340397371524 1.0 1.0
501.5 520.0 297.0 303.5 582.8711077137567 602.0996112863138 1.0 1.0
463.5 516.375 308.5 304.5 557.2225972384298 599.4694015535517 1.0 1.0
493.75 512.0 301.5 301.5 578.5291863071451 594.1778598838553 1.0 1.0
457.0 512.0 357.0 299.0 583.2968903083531 592.9141383123904 1.0 1.0
501.75 507.5 379.25 295.5 629.0423288042891 587.2623036959022 1.0 1.0
501.5 504.5 371.75 292.0 624.3114134426486 582.9103166578102 1.0 1.0
506.0 504.5 394.5 294.0 641.6210703753261 583.9152305686366 1.0 1.0
464.5 510.0 407.75 293.5 618.6918849198149 588.4269120356328 1.0 1.0
462.75 511.0 422.5 303.5 628.2396443706842 594.3345108349816 0.0 1.0
546.5 482.0 395.75 311.0 675.2136225655304 573.8568540995109 0.0 1.0
553.46875 339.5 399.00892857142856 276.5 714.7338134968852 437.9058103833531 0.0 0.0
506.09375 228.70652173913044 403.6875 150.7173913043478 721.7582744266979 273.93950528839116 0.0 0.0
458.71875 245.5326086956522 408.36607142857144 157.58695652173913 728.7827353565103 291.91276128705715 0.0 0.0
411.34375 262.35869565217394 413.0446428571429 164.45652173913044 735.8071962863229 309.88601728572314 0.0 0.0
363.96875 279.1847826086956 417.72321428571433 171.32608695652175 742.8316572161355 327.8592732843891 0.0 0.0
316.59375 296.0108695652174 422.40178571428567 178.19565217391306 749.8561181459479 345.83252928305507 0.0 0.0
269.21875 312.8369565217391 427.0803571428571 185.06521739130437 756.8805790757606 363.805785281721 0.0 0.0
221.84375 329.6630434782609 431.75892857142856 191.93478260869566 763.905040005573 381.779041280387 0.0 0.0
174.46875 346.4891304347826 436.4375 198.80434782608694 770.9295009353856 399.752297279053 0.0 0.0
127.09375 363.3152173913043 441.11607142857144 205.67391304347825 777.9539618651982 417.725553277719 0.0 0.0
79.71875 380.14130434782606 445.7946428571429 212.54347826086956 784.9784227950107 435.69880927638496 0.0 0.0
32.34375 396.9673913043478 450.47321428571433 219.41304347826087 792.0028837248233 453.67206527505095 0.0 0.0
-15.03125 413.79347826086956 455.1517857142857 226.2826086956522 799.0273446546357 471.6453212737169 0.0 0.0
-62.40625 438.125 459.8303571428571 280.75 806.0518055844484 520.4594832134809 0.0 0.0
-109.78125 459.5 464.50892857142856 305.25 813.0762665142609 551.7224678239284 0.0 1.0
-157.15625 494.25 469.1875 311.5 820.1007274440734 584.345242113651 0.0 1.0
-204.53125 472.25 473.86607142857144 302.5 827.125188373886 560.835775916119 0.0 1.0
-251.90625 473.75 478.5446428571429 298.5 834.1496493036984 559.960306472156 0.0 1.0
-299.28125 506.5 483.22321428571433 298.5 841.1741102335111 588.095787341121 0.0 1.0
-346.65625 525.75 487.9017857142857 292.75 848.1985711633235 601.7605342907551 0.0 1.0
-394.03125 527.25 492.5803571428571 292.25 855.2230320931361 602.8307292469422 0.0 1.0
-441.40625 528.5 497.25892857142856 293.75 862.2474930229487 604.6513282173419 0.0 1.0
-488.78125 527.0 501.9375 293.25 869.2719539527611 603.0958390705268 0.0 1.0
-536.15625 527.25 506.61607142857144 292.0 876.2964148825738 602.7079512051318 0.0 1.0
-583.53125 526.75 511.2946428571429 291.75 883.3208758123862 602.1494530590779 0.0 1.0
-630.90625 546.25 515.9732142857142 292.25 890.3453367421988 619.5729176560815 0.0 1.0
-678.28125 521.25 520.6517857142858 290.75 897.3697976720114 596.8576910388706 0.0 1.0
-725.65625 520.25 525.3303571428571 288.5 904.3942586018238 594.8887496256971 0.0 1.0
-456.5 519.0 285.5 287.25 538.7101081002851 593.1894932384921 0.0 1.0
-619.0 519.0 289.0 285.75 684.0331783769219 592.4650784500625 0.0 1.0
-624.0 518.5 258.5 285.5 675.4246678428633 591.905982261544 0.0 1.0
-666.0 518.5 425.0 286.0 791.9150325899097 592.1471523194214 0.0 1.0
-641.5 485.5 293.5 293.5 707.5285758253805 567.3212436233621 0.0 1.0
-653.0 486.0 354.5 295.0 743.0216868682428 568.5276310418162 0.0 1.0
-559.5 486.5 328.5 295.5 649.1584168824206 569.212335270259 0.0 1.0
-278.75 487.0 310.5 296.5 575.680478195864 570.1589935348213 0.0 1.0
28.25 488.75 293.16666666666663 293.5 539.1170921448586 570.105220162029 0.0 1.0
335.25 498.75 275.83333333333337 297.0 502.55370609385307 580.4895979700694 0.0 1.0
593.625 508.25 275.75 296.25 654.9917097292002 588.2883450750037 0.0 1.0
557.0 495.25 226.5 301.75 601.3712976205725 579.9435314612213 0.0 1.0
500.5 520.5 299.0 317.0 583.1328157769171 609.9181353911888 0.0 1.0
577.0 563.25 249.5 336.0 628.7398988237858 655.8556082734317 0.0 1.0
568.5 563.0 259.5 322.25 624.9704150499217 648.7879282180838 0.0 1.0
612.0 529.0 278.5 306.0 672.3890285128514 611.127650013817 1.0 1.0
665.0 518.75 312.5 307.25 734.7853889134589 602.9143963585354 1.0 1.0
720.0 518.5 341.0 309.0 796.6687177258473 603.5921736389832 0.0 1.0
719.5 511.75 341.0 309.25 796.2169642409553 597.9338402453564 0.0 1.0
720.0 502.75 343.5 309.75 797.7419698297207 590.513592004163 0.0 1.0
719.5 498.5 350.5 310.0 800.3316136419814 587.0283212929339 0.0 1.0
715.5 499.5 352.0 311.5 797.3987131633535 588.6701206987804 0.0 1.0
714.5 500.5 355.0 310.5 797.8316235249696 588.991239767012 0.0 1.0
330.5 501.5 234.0 310.0 404.95226073772665 589.5780270668166 0.0 1.0
326.0 501.5 233.0 310.5 400.7057330862136 589.8412334877751 0.0 1.0
326.5 501.25 232.5 309.75 400.8222969717418 589.2339362269403 0.0 1.0
486.25 501.25 265.75 307.5 556.3146832131321 588.0542743571739 0.0 1.0
658.0 500.25 304.5 308.5 725.0409197556882 587.7264072000446 0.0 1.0
701.0 499.5 293.0 308.5 759.9373950131701 587.0882123079666 0.0 1.0
512.5 497.5 229.5 308.5 561.550062605864 585.3875378180221 0.0 1.0
506.0 498.75 224.0 310.25 553.3700893928458 587.3731490219923 1.0 1.0
510.5 505.25 228.0 302.5 559.1163219758002 588.9335120213914 1.0 1.0
525.5 503.75 249.0 296.5 581.5099212640548 584.5308835056661 1.0 1.0
526.0 499.25 265.0 295.25 588.9857404055929 580.0201665773077 1.0 1.0
535.0 499.0 312.5 293.5 619.5953050640198 578.9155810651498 1.0 1.0
524.0 498.5 308.5 294.75 608.091471502293 579.1200506783675 1.0 1.0
534.0 498.75 339.5 294.25 632.7890001736266 579.0810774704075 1.0 1.0
503.0 499.5 305.5 291.75 588.537958785563 578.4655345258502 1.0 1.0
522.0 502.0 354.0 290.0 630.8848881048409 579.7448253801645 0.0 1.0
510.5 503.0 343.5 289.0 615.3098391897466 580.112111617889 1.0 1.0
520.5 503.5 340.5 290.0 621.9812605232728 581.0447494799505 1.0 1.0
525.5 500.5 327.5 292.0 619.2313213651576 579.4581366426601 1.0 1.0
386.5 501.5 262.0 294.0 467.29386156911744 581.3246746950774 0.0 1.0
387.5 501.25 307.0 294.5 494.37933266572134 581.3622997547197 1.0 1.0
453.0 499.25 321.0 297.0 555.2190567938221 580.9140274002239 0.0 1.0
512.0 498.75 411.5 298.5 657.3152791404125 581.2520132326171 0.0 1.0
473.5 498.5 421.0 299.0 634.2453170834867 581.2945175588441 0.0 1.0
485.0 498.25 395.5 298.5 627.6981632293218 580.8232288686311 0.0 1.0
491.5 479.0 394.0 295.5 630.6591708839728 562.8158876796408 0.0 1.0
406.5 479.5 421.5 290.0 585.5805086928674 560.419126915462 1.0 1.0
436.5 479.5 367.0 295.5 571.4383229418765 563.2418690739107 1.0 1.0
410.5 477.5 296.0 296.0 506.0894788056321 561.8027717740644 1.0 1.0
475.0 477.75 331.0 295.75 580.8349074022371 561.8835806435204 1.0 1.0
542.5 478.25 300.5 295.5 620.1689961339816 562.1773116804472 1.0 1.0
554.0 478.25 301.0 295.75 630.4901046671122 562.3088505585822 1.0 1.0
532.5 478.5 294.0 296.5 608.4375211357103 562.916091556649 1.0 1.0
560.5 478.75 292.5 297.0 632.2387913972345 563.3920303561913 1.0 1.0
563.5 479.5 282.5 296.0 631.521804891142 563.5037940644513 1.0 1.0
292.0 479.25 302.0 294.75 435.3120266395928 562.635510446688 0.0 1.0
-13.25 479.5 272.875 295.5 292.6264649289817 563.241128480852 0.0 1.0
-227.0 479.25 261.0 295.75 348.1467198294497 563.1598289923302 0.0 1.0
-430.5 479.75 248.0 295.25 501.92344862966235 563.3228485552254 0.0 1.0
-632.0 478.75 215.0 295.75 668.8962993433471 562.7341676052674 0.0 1.0
-632.0 478.25 329.0 295.25 717.4057473010166 562.0461563794097 0.0 1.0
-608.0 478.75 256.0 295.75 661.0677573893597 562.7341676052674 0.0 1.0
-599.5 478.5 261.0 297.0 655.2889469728656 563.1798363864077 0.0 1.0
-574.0 463.58333333333337 215.5 287.25 613.1206420516478 545.455319071773 0.0 1.0
-561.0 447.91666666666663 218.5 264.25 602.0498137107583 520.3592883443953 0.0 0.0
-545.5 432.25 225.5 241.25 590.2754642810348 495.26325761701753 0.0 0.0
-456.45 441.0 247.25 260.5 571.8235253945809 512.6250860904611 0.0 0.0
-126.25000000000003 443.5 252.25 312.0 489.1826067666546 542.5647550539197 0.0 1.0
203.95 440.0 257.25 324.0 406.54168813872826 546.4308156227837 0.0 1.0
618.0 458.5 340.0 319.75 705.6815546248097 558.9833222463117 0.0 1.0
428.5 461.5 388.5 313.75 581.1989963767473 558.0885322415689 0.0 1.0
444.0 465.75 407.5 321.25 602.7395991539722 565.7960777353119 0.0 1.0
645.5 466.25 375.875 319.75 702.9540539017466 565.3580303440438 0.0 1.0
469.75 468.0 284.0 319.0 549.0379003147686 566.3789184867983 0.0 1.0
406.0 470.25 339.5 318.5 529.3412164337691 567.9589663519757 0.0 1.0
468.0 470.0 354.5 316.25 588.9170277815706 566.4946341905998 0.0 1.0
520.0 470.25 336.0 314.0 619.2624038241743 565.4482761758873 1.0 1.0
555.0 505.75 347.5 298.25 654.8161513407931 587.1504217235424 1.0 1.0
473.0 493.5 313.5 290.5 568.5657078628979 572.6757531916077 1.0 1.0
492.5 452.25 336.5 214.5 598.8765068549799 502.3981426884511 0.0 1.0
548.0 450.1590909090909 348.5 162.8409090909091 649.4356070826882 478.84932313478157 0.0 0.0
446.0 452.3712121212121 308.5 159.96212121212122 544.2079138326169 480.13065561515884 0.0 0.0
562.5 454.5833333333333 344.0 157.08333333333334 659.3907978973504 481.4119880955361 0.0 0.0
506.0 456.79545454545456 381.5 154.20454545454547 635.0612073532769 482.6933205759134 0.0 0.0
420.0 459.00757575757575 371.5 151.32575757575756 560.976119690811 483.97465305629055 0.0 0.0
416.0 461.219696969697 408.5 148.4469696969697 583.0865839916664 485.2559855366678 0.0 0.0
414.0 463.4318181818182 400.0 145.5681818181818 575.6784704884949 486.5373180170451 0.0 0.0
406.5 465.6439393939394 404.5 142.68939393939394 573.4654517785082 487.81865049742237 0.0 0.0
511.5 467.8560606060606 407.0 139.81060606060606 658.2449704665146 489.09998297779964 0.0 0.0
623.5 470.0681818181818 427.0 136.9318181818182 760.3171308585931 490.3813154581769 0.0 0.0
395.0 472.280303030303 334.0 134.0530303030303 517.2826541102996 491.6626479385542 0.0 0.0
400.0 474.49242424242425 330.0 131.1742424242424 518.5561642140719 492.94398041893146 1.0 0.0
401.0 476.70454545454544 334.0 128.29545454545453 521.8852676570132 494.22531289930873 1.0 0.0
402.0 478.9166666666667 328.5 125.41666666666666 519.1516485427313 495.506645379686 1.0 0.0
404.0 481.1287878787879 354.5 122.53787878787878 537.4819206117293 496.7879778600633 1.0 0.0
486.5 483.34090909090907 372.5 119.6590909090909 613.7162907550834 498.06931034044055 1.0 0.0
403.5 490.5 358.0 198.5 539.4282949051621 534.1799796882754 1.0 0.0
403.0 515.0 333.0 303.5 522.7796804170654 597.7805311510101 1.0 1.0
540.5 522.25 355.5 311.75 646.9470013471926 608.2220140342212 0.0 1.0
480.0 520.75 337.5 313.25 587.3175063387218 607.7056296322114 0.0 1.0
394.5 521.5 312.0 314.0 502.9656089640167 608.7349826059533 1.0 1.0
392.5 523.0 309.5 314.5 499.8465040121291 610.2780104182027 1.0 1.0
391.0 523.5 309.25 314.5 498.51447112095616 610.7066122946692 1.0 1.0
391.0 361.625 307.5 286.0 497.43126948213967 462.9326085541849 1.0 0.0
585.5 179.25 347.5 201.5 681.0563499551411 270.4724639604647 0.0 0.0
589.5 115.0 348.0 205.5 684.9433041120767 235.492738822293 0.0 0.0
471.0 109.5 448.0 206.0 651.0090346003708 233.3031612676279 0.0 0.0
456.5 108.5 404.5 207.0 616.0298285412443 233.71286997816722 0.0 0.0
470.0 106.75 279.0 207.0 546.5721842844339 232.90505840533808 0.0 0.0
506.5 135.25 361.0 193.75 621.9921702763661 238.29673632684108 0.0 0.0
501.0 197.75 349.0 164.5 610.5771505812227 257.22810721854967 1.0 0.0
495.0 197.75 331.0 162.75 595.4713870156315 256.11091658366695 1.0 0.0
574.5 198.5 336.5 162.0 666.3199594708935 256.2152514461883 1.0 0.0
411.0 196.5 396.5 159.0 573.8338800983252 252.7725759966263 0.0 0.0
347.5 196.5 341.5 156.75 487.2256577213967 251.3635198214011 0.0 0.0
444.5 216.0 389.0 170.0 594.436845167062 274.8751382829874 0.0 0.0
530.0 276.2857142857143 365.5 215.96428571428572 643.8865067233446 350.67769999706894 1.0 0.0
544.5 330.0 397.5 257.25 674.3759404443867 418.42356075699183 1.0 0.0
543.5 383.71428571428567 382.0 298.53571428571433 664.3179082880106 486.16942151691467 1.0 0.0
537.5 462.75 414.5 325.75 678.9047901099318 566.4769292552864 1.0 0.0
528.5 496.0 391.5 320.25 657.7119191897427 590.4038187658851 1.0 1.0
529.0 508.75 394.16666666666663 322.25 678.3464526663688 602.2259182190596 1.0 1.0
648.625 505.5 416.83333333333337 322.75 780.885657343664 599.7488013180593 0.0 1.0
672.0 503.25 408.5 324.5 786.4203584468656 598.8002270242457 0.0 1.0
559.5 501.0 350.5 324.25 660.7370615955632 596.7738820676373 0.0 1.0
485.125 506.75 278.75 318.75 560.1321619692751 598.6639658020862 0.0 1.0
451.0 510.0 249.0 315.75 515.6810848565088 599.8319349845235 0.0 1.0
373.0 511.75 231.5 315.5 439.000490295448 601.1893400093776 0.0 1.0
441.5 512.0 244.5 316.0 505.3365751475064 601.6644155684799 0.0 1.0
438.0 512.0 251.5 316.5 505.69207961119275 601.9275069540131 0.0 1.0
506.5 512.25 272.5 317.75 575.1535388955118 602.7977534023579 1.0 1.0
565.5 513.25 304.0 317.25 642.5780951266072 603.384821987737 1.0 1.0
569.0 514.0 313.5 318.0 650.3607080994846 604.4173599197713 0.0 1.0
503.5 513.5 343.5 319.75 609.5127319715308 604.9154633794466 1.0 1.0
509.0 513.75 317.0 319.75 599.642160401216 605.1278510569944 1.0 1.0
585.0 514.25 330.5 318.5 672.8484549086577 604.8930669351843 1.0 1.0
663.5 514.25 327.0 316.75 739.7057579721393 603.9749578517212 0.0 1.0
380.5 516.5 297.0 313.5 483.05577440804643 604.1984290265013 1.0 1.0
384.0 518.0 341.5 311.5 513.9680992835617 604.4486192278346 1.0 1.0
385.5 534.5 327.0 296.5 505.51594850951585 611.2720512040252 1.0 1.0
388.0 523.0 337.5 292.5 514.2611033005497 599.2372324089413 1.0 1.0
390.0 518.5 349.5 291.0 523.6940097424631 594.5782865783683 1.0 1.0
391.5 516.75 366.0 291.0 535.9369211076705 593.0633918104952 1.0 1.0
392.5 516.75 344.0 294.0 521.9126512823495 594.5308016430793 1.0 1.0
391.0 512.75 335.5 309.0 515.2105497838909 598.6886033985882 1.0 1.0
459.0 509.5 334.5 314.75 569.2651638933637 598.8805037204072 1.0 1.0
391.5 489.5 346.5 323.0 522.8141871327172 586.6134755416961 1.0 1.0
388.0 486.75 317.5 328.0 501.3484366621279 586.9506595296607 1.0 1.0
448.0 497.0 337.5 327.0 562.5165334016477 594.9639346762456 1.0 1.0
394.5 505.75 371.0 324.5 541.5472614702326 600.9023393598113 1.0 1.0
395.5 494.75 372.5 329.5 543.3024955433839 594.437129631179 1.0 1.0
464.0 487.5 354.5 333.0 585.2292618082909 590.3782492151456 1.0 1.0
515.5 483.0 359.5 336.5 628.4760203914498 588.661374738531 0.0 1.0
384.5 490.25 340.5 335.25 513.5961430590621 593.964436162526 0.0 1.0
444.5 484.5 337.5 337.5 558.1391288945761 590.531517004911 0.0 1.0
378.5 483.5 352.0 339.0 516.8903155619644 590.5045944292485 0.0 1.0
449.0 501.75 351.0 332.5 572.0002755004119 601.9213666015328 0.0 1.0
373.5 502.75 356.0 331.25 516.0627551580656 602.0683069414175 0.0 1.0
371.0 481.0 324.0 337.5 492.5711799085936 588.0908384909101 0.0 1.0
502.0 361.75 322.0 397.75 596.3993327220107 538.292774933883 0.0 0.0
370.0 262.5 321.0 417.5 489.8716594990095 493.1710882535367 0.0 0.0
430.5 109.75 311.0 295.75 531.757479930457 315.4721959983797 0.0 0.0
369.0 118.63157894736841 288.0 339.72368421052636 468.08770342345684 360.4881782021285 0.0 0.0
383.0 105.47368421052633 295.0 319.3552631578947 483.4398058032693 337.7510059784015 0.0 0.0
451.0 92.31578947368422 317.5 298.9868421052631 552.1060595376371 315.0138337546746 0.0 0.0
353.5 79.15789473684211 280.0 278.61842105263156 451.08882356750456 292.27666153094765 0.0 0.0
358.0 66.0 321.5 258.25 482.078520731124 269.53948930722066 0.0 0.0
537.5 52.8421052631579 331.5 237.8815789473684 631.6432841600185 246.80231708349373 0.0 0.0
553.5 39.684210526315795 328.0 217.51315789473685 643.3865865534383 224.0651448597668 1.0 0.0
607.5 26.526315789473692 343.5 197.14473684210526 698.2571115403975 201.32797263603985 1.0 0.0
396.5 13.368421052631582 287.0 176.7763157894737 489.47162034564803 178.5908004123129 1.0 0.0
392.5 11.75 303.0 190.0 495.8493505922929 190.47567190283638 1.0 0.0
390.0 31.25 318.5 251.25 503.56168065542295 253.1859972157007 1.0 0.0
400.5 32.0 333.0 252.0 520.8559264257457 254.02797935620197 1.0 0.0
463.0 30.5 350.5 252.5 581.7966786183059 254.33541553475865 1.0 0.0
406.5 38.25 342.0 247.5 531.2309795331597 250.57730582779806 1.0 0.0
410.5 163.25 364.0 187.75 548.6460226239317 249.01258047735 1.0 0.0
547.5 174.25 329.0 181.75 639.0985682937071 251.78611944375572 0.0 0.0
660.05 173.5 266.7 178.75 712.4778128796893 249.10655245647644 0.0 0.0
658.25 173.25 225.5 176.0 697.4583497039359 246.9652652871749 0.0 0.0
656.45 173.5 184.3 174.0 682.4388865281826 245.72011444028612 0.0 0.0
422.0625 173.75 236.3125 172.75 483.81436912193175 245.01352005424155 0.0 0.0
490.3125 173.75 293.5625 170.75 571.6563536317442 243.60853970835808 0.0 0.0
450.5 172.5 303.0 153.5 543.4189265712627 230.91886700485105 1.0 0.0
524.5 172.75 350.0 149.0 630.6261250236716 228.1306837546088 1.0 0.0
460.0 173.0 488.5 149.75 678.8395973185986 228.8101794700107 1.0 0.0
395.5 174.25 466.5 152.75 611.7422804009809 231.7236868571042 0.0 0.0
390.5 175.0 425.0 154.5 577.1712871599457 233.44241154166065 0.0 0.0
474.0 175.25 420.0 154.25 635.9963561374691 233.4644074612431 0.0 0.0
456.0 162.75 400.5 149.25 608.5974663160299 220.90752626735878 0.0 0.0
515.0 126.5 375.0 129.0 637.0864628255933 180.67756431334183 1.0 0.0
515.5 125.75 363.0 127.0 630.4835688883406 178.7235164006305 1.0 0.0
512.5 125.0 352.5 124.75 622.0229095459426 176.60080496871694 1.0 0.0
508.5 124.75 340.0 123.75 611.6962072793978 175.71745787491972 1.0 0.0
389.0 124.75 301.0 123.0 491.8556780221162 175.19088178942542 0.0 0.0
402.0 124.25 350.5 122.0 533.3942226584986 174.1323949133342 1.0 0.0
372.375 125.0 298.125 122.0 477.07953934331243 174.6682572013299 0.0 0.0
368.0 119.25 290.0 119.25 468.5345418423883 168.7470364863329 0.0 0.0
365.0 112.25 326.0 116.25 489.39274591318883 161.79481503991275 0.0 0.0
358.5 105.25 298.5 113.25 466.50294303942576 154.84259359349258 0.0 0.0
434.0 98.25 326.5 110.25 544.248224306996 147.8903721470724 0.0 0.0
364.0 91.25 318.0 107.25 483.3800797202188 140.93815070065227 0.0 0.0
366.5 81.5 342.0 104.5 501.28459980334526 132.563228772147 0.0 0.0
367.5 75.5 333.0 113.5 495.9830068787253 136.34579567333117 0.0 0.0
433.25 76.5 352.0 118.5 560.2009852235456 141.0682570869751 0.0 0.0
348.75 -53.0 346.5 175.0 491.6188506904583 187.58720541217468 0.0 0.0
350.75 -271.0 332.0 250.5 483.239596096014 369.3266104187121 0.0 0.0
442.25 -498.5 348.5 285.0 565.3921180462423 574.4207895150578 0.0 0.0
360.5 -605.625 357.5 326.25 508.0273421612727 687.9103985980305 0.0 0.0
374.75 -683.0 308.5 322.0 485.39672363476626 755.1733510436472 0.0 0.0
454.25 -678.5 330.0 309.0 562.4861929443359 745.7670931321064 0.0 0.0
375.75 -763.0 344.0 293.5 509.44333279613375 818.2313601480244 0.0 0.0
378.0 -619.0 346.5 328.5 512.7935785094411 700.8224711846825 0.0 0.0
381.5 -635.5 339.0 328.0 510.37644065311326 715.153342010196 0.0 0.0
384.5 -632.5 338.5 328.5 512.558367524689 712.7192381570678 0.0 0.0
394.25 -604.0 355.75 329.5 531.1190077200212 688.0308442671676 0.0 0.0
396.25 -607.0 360.75 340.5 535.869429880876 696.0254121718593 0.0 0.0
442.5 -617.5 342.5 370.5 561.151517937028 720.1397345062547 0.0 0.0
455.0 -619.5 341.5 364.5 570.164469887888 718.7770935723066 0.0 0.0
459.75 -615.0 339.5 358.0 573.127121349841 711.6102377227508 0.0 0.0
391.25 -610.5 336.5 354.0 516.0762151603552 705.7103674076463 1.0 0.0
387.75 -607.5 348.0 351.5 521.0317942621052 701.8608359491328 1.0 0.0
461.0 -603.0 350.0 347.0 580.6905906228844 695.7174342808053 1.0 0.0
512.5 -598.5 333.5 347.0 611.4928865540894 691.8368258709613 0.0 0.0
380.5 -598.0 318.5 338.5 496.2357325224867 687.1582345677099 0.0 0.0
382.75 -597.0 347.75 340.5 517.7403538830445 687.2816314592149 1.0 0.0
445.0 -602.5 272.5 332.0 522.8661440551413 687.9574165299481 0.0 0.0
509.75 -609.25 282.25 318.875 582.7609559332986 687.6662285833557 1.0 0.0
509.25 -602.25 287.0 320.5 584.56391520683 682.2216010593909 1.0 0.0
508.0 -604.5 294.0 318.0 586.9466694194898 683.0410489829774 1.0 0.0
510.0 -603.0 296.0 318.25 589.6791439667111 681.830088107019 1.0 0.0
511.0 -604.25 302.0 310.0 593.5715232849782 679.1351788133715 1.0 0.0
510.0 -387.78125 299.5 308.0625 591.4391614260037 531.7881081209794 1.0 0.0
505.5 -186.90625 287.0 296.3125 581.2914197519215 510.2106832240303 1.0 0.0
496.0 13.96875 282.5 284.5625 570.8150494349155 488.6332583270812 1.0 0.0
524.5 214.84375 329.5 272.8125 619.450750264904 467.055833430132 1.0 0.0
386.5 397.375 302.5 283.625 490.8089779271981 488.22856573526246 0.0 0.0
600.5 482.5 325.0 328.5 683.7377668634397 583.7384681310128 0.0 0.0
649.5714285714286 476.75 293.9642857142857 318.5 713.0308724279625 573.3536134199579 0.0 1.0
663.8571428571429 472.625 309.82142857142856 328.375 732.7250161542856 575.5285052827222 0.0 0.0
678.1428571428571 484.0 325.67857142857144 324.5 752.4191598806086 583.0073324884561 0.0 1.0
692.4285714285714 504.75 341.5357142857143 317.75 772.1133036069317 596.439628580174 0.0 1.0
511.0 516.5 309.0 312.25 598.3671117775035 603.6773999732748 0.0 1.0
383.5 530.25 276.75 304.25 472.93102300676367 611.3371814858574 0.0 1.0
417.5 533.75 400.0 303.75 579.2346326396023 614.1282807899709 0.0 1.0
398.25 539.75 327.25 304.0 515.5941325253805 619.4727102880877 0.0 1.0
378.5 546.0 332.5 302.25 503.81649734339305 624.0782823440543 0.0 1.0
501.0 552.5 385.5 301.25 632.1997399501595 629.2916558827404 0.0 1.0
515.5 553.25 401.5 303.0 653.4084112135333 630.7888528826937 1.0 1.0
381.0 553.5 453.5 304.5 592.3330072845679 631.7297697034613 0.0 1.0
394.5 551.5 417.0 304.0 574.0666091679532 629.736836337039 0.0 1.0
471.0 534.0 415.5 309.75 629.9886872325078 617.4553775641195 0.0 1.0
402.5 498.25 396.0 309.75 564.7029028954444 586.6841088251872 0.0 1.0
412.5 496.5 424.0 309.25 591.5532281857531 584.9342181813741 0.0 1.0
468.0 495.0 409.0 314.25 623.1739026633521 586.35067899914 0.0 1.0
486.0 493.0 428.5 319.0 648.8702578012894 587.2068734233353 0.0 1.0
486.5 493.0 399.0 319.0 630.5237960284873 587.205245208181 0.0 1.0
564.5 493.25 394.5 318.25 688.7213978707683 587.0096554685266 1.0 1.0
507.5 499.25 360.0 309.75 622.9807942557661 587.595899758097 1.0 1.0
668.1428571428571 495.0 371.0 316.0 764.2416092925885 587.2656979596203 0.0 1.0
696.7142857142858 497.0 391.0 317.0 798.9519355418317 589.4898550265596 0.0 1.0
725.2857142857142 498.75 411.0 316.0 833.6622617910748 590.4301174771293 0.0 1.0
753.8571428571429 496.25 431.0 303.0 868.3725880403181 581.4537322384988 0.0 1.0
766.25 508.25 428.125 302.25 877.7583780936402 591.38482236496 0.0 1.0
667.0 521.5 429.0 301.25 795.6108950703017 602.2573032868961 0.0 1.0
607.5 503.25 449.5 314.0 755.879195930373 593.7121927576709 0.0 1.0
671.5 475.25 395.0 314.25 780.2855167085095 569.7505869227396 0.0 1.0
747.0833333333333 479.5 368.5 319.25 833.6681273953704 576.0562623671759 0.0 1.0
743.4166666666667 479.0 302.5 325.25 803.2754072970472 579.0124844006864 0.0 1.0
751.5 468.70833333333337 300.5 315.70833333333337 809.4636113573157 565.1935167545207 0.0 1.0
744.5 465.54166666666663 281.0 300.54166666666663 795.7663737958329 554.3672668154148 0.0 0.0
738.6428571428571 462.375 283.5 285.375 791.2676346790345 543.541016876309 0.0 0.0
731.5 464.25 289.5 287.25 786.8346831650397 546.0056970058549 0.0 1.0
724.3571428571429 493.75 295.5 308.0 782.4017316510451 582.2120551227426 0.0 1.0
659.5 529.5 279.0 306.0 716.0978451168498 611.5616490208258 0.0 1.0
342.0 530.5 536.5 308.5 636.4008639049752 613.6795280748875 0.0 1.0
445.875 534.5 411.875 307.25 607.1155068821759 616.5210780391672 0.0 1.0
514.0 538.25 391.0 307.5 650.8507132422118 619.8951221257034 0.0 1.0
646.0 537.5 338.5 308.25 730.8686120497414 619.6166038657284 0.0 1.0
696.375 539.0 322.08333333333337 310.0 767.252130434117 621.7915070125443 0.0 1.0
649.875 539.25 300.41666666666663 313.0 715.9523340712342 623.5059395935108 0.0 1.0
603.375 537.25 278.75 314.25 664.6525377083514 622.4072155566092 0.0 1.0
583.0 532.25 295.0 311.0 653.7728997319506 616.4503758703981 0.0 1.0
544.5 530.5 317.5 311.5 630.6172677536323 615.2105572230028 0.0 1.0
505.5 528.75 338.0 311.25 608.0952239865978 613.5673748182137 1.0 1.0
503.0 528.0 329.0 316.0 601.0427493132461 615.3376880424373 1.0 1.0
497.5 527.25 359.0 316.5 613.5632668090052 614.9510785872772 1.0 1.0
480.0 527.0 334.0 316.5 584.7710201408836 614.7367322683751 1.0 1.0
482.75 527.5 374.25 317.25 611.620457585761 615.5517530972099 1.0 1.0
484.5 526.75 397.5 318.25 626.8386491643416 615.4256598699291 1.0 1.0
480.5 526.0 418.0 318.0 636.8829395727383 614.6543977138209 1.0 1.0
492.5 526.0 387.5 317.0 626.6690468239052 614.1379902322667 0.0 1.0
493.5 525.75 411.0 316.75 642.4439142831654 613.7947429033513 1.0 1.0
520.25 524.5 382.5 317.25 645.8517301491313 612.98271958731 0.0 1.0
524.0 523.75 373.5 316.0 643.6764914288894 611.6944922752758 1.0 1.0
503.41666666666663 522.5 272.08333333333337 316.75 572.5577551949582 611.0129771156644 0.0 1.0
503.08333333333337 531.0 246.41666666666669 313.25 561.2258287582696 616.5117864345638 0.0 1.0
502.75 530.75 220.75 314.5 549.893902321581 616.9330187176033 0.0 1.0
507.5 531.5 217.0 315.5 552.0835569385448 618.0878296315439 0.0 1.0
500.5 519.5 228.0 320.5 550.0522942231714 610.410391768273 0.0 1.0
493.0 532.75 258.5 316.5 556.6658260336969 619.67316288855 0.0 1.0
390.5 532.25 282.0 317.5 482.03772706175687 619.7550555688555 0.0 1.0
441.5 533.75 257.0 316.25 511.0047852140283 620.4120577347331 0.0 1.0
434.5 535.75 262.5 314.25 507.6773244798493 621.1132933398052 1.0 1.0
500.0 536.5 260.5 313.5 563.8111333241882 621.381174188164 1.0 1.0
501.0 538.0 255.5 312.0 562.4121637212327 621.9229752001792 1.0 1.0
491.5 539.5 308.5 311.0 581.1793303578131 622.7208713869576 0.0 1.0
553.0 541.25 295.5 310.5 627.0047164478024 623.9886441079568 0.0 1.0
521.15 535.5 271.6 315.5 587.7783188215506 621.5871146887712 0.0 1.0
493.75 531.5 242.0 320.25 550.168085620427 620.5262651434386 0.0 1.0
466.35 533.25 212.4 320.0 512.5578524193033 621.8967591553453 0.0 1.0
452.0 534.0 271.0 320.5 527.1628237060904 622.797265402785 0.0 1.0
448.0 534.0 317.0 318.0 548.919788870279 621.5148736845521 1.0 1.0
444.0 534.25 315.5 311.25 544.6843910435866 618.3038356099006 1.0 1.0
442.0 534.0 315.5 317.0 543.0514823353551 621.0035985998034 1.0 1.0
521.775 533.0 232.05 317.0 626.8747176976092 620.1435562266088 0.0 1.0
284.875 532.5 250.25 316.5 638.5618968734719 619.4582310374122 0.0 1.0
47.974999999999994 529.5 268.45 316.5 650.2490760493347 616.8814823253254 0.0 1.0
-188.925 529.0 286.65 316.5 661.9362552251976 616.4538752676498 0.0 1.0
-425.825 514.0714285714286 304.85 306.57142857142856 673.6234344010604 598.5481537966496 0.0 1.0
-599.5 512.3571428571429 292.0 302.8571428571429 667.19690171324 595.1870156755141 0.0 0.0
-641.5 510.6428571428571 310.0 299.1428571428571 712.8043718073277 591.8258775543786 0.0 0.0
-672.0 508.92857142857144 224.0 295.42857142857144 708.3502664649577 588.4647394332432 0.0 0.0
-666.0 512.5 220.0 304.0 701.3959149334607 595.8799025898392 0.0 1.0
-658.0 572.0 215.25 308.5 692.3141947317362 649.97525935918 0.0 1.0
-652.0 508.5 212.5 317.5 685.7557023888091 599.4864020910229 0.0 1.0
-649.1666666666667 506.0 211.16666666666669 312.5 682.6483280880448 594.720603184869 0.0 1.0
-645.8333333333333 504.0 209.83333333333331 302.0 679.0660791420838 587.5554780091021 0.0 1.0
-643.125 501.5 222.625 301.5 680.6087483587471 585.1533986913175 0.0 1.0
-633.5 500.0 186.0 301.5 660.2415619854552 583.8684069745713 0.0 1.0
-667.0 494.25 202.0 297.0 696.9178967516889 576.7347908235481 0.0 1.0
-675.5 500.0 203.0 312.5 705.3442955954376 589.6238207535378 0.0 1.0
-681.5 500.75 199.0 312.5 709.9600813917614 590.2603875867633 0.0 1.0
-683.0 497.5 201.0 328.5 711.9620776417801 596.1795708275667 0.0 1.0
-683.5 518.5 202.0 362.0 712.7245401146622 632.397805268595 0.0 1.0
-682.5 533.75 203.0 360.25 712.0500476226497 643.9682099967192 0.0 1.0
-680.5 541.5 202.0 361.25 709.848127136165 650.9407172180183 0.0 1.0
-702.5 548.5 281.5 358.5 759.4935881242609 655.2681670860931 0.0 1.0
-696.0 545.75 211.0 358.75 727.2830695949915 653.1039311442887 0.0 1.0
-215.5 533.25 206.5 367.25 537.7254319571305 647.5617067527958 0.0 1.0
97.08333333333333 516.125 202.25 375.75 418.39723506449377 638.4253207221814 0.0 0.0
-140.1388888888889 505.5 214.58333333333331 378.5 528.3038680708969 631.5306204112671 0.0 1.0
-377.36111111111114 502.25 226.91666666666669 377.0 638.2105010772999 628.0024897301814 0.0 1.0
-614.5833333333334 496.25 239.25 379.0 748.1171340837029 624.425490174671 0.0 1.0
-842.5 491.75 258.0 383.0 881.1363292789747 623.3035880695022 0.0 1.0
-853.0 496.75 257.5 384.0 891.019255635297 627.8673603265165 0.0 1.0
-886.0 502.75 267.0 385.75 925.3569065576438 633.6881150302522 0.0 1.0
-784.5 500.75 226.5 384.75 816.6656857736411 631.4930263761172 0.0 1.0
-734.0 499.0 185.5 382.5 757.0783478715281 628.7356004336518 0.0 1.0
-746.0 521.0 197.5 341.25 771.7020389339078 623.2790470831208 0.0 1.0
-749.0 536.25 195.5 301.75 774.107152265977 615.3299553394106 0.0 1.0
-739.5 523.75 185.0 304.0 762.2906434294131 605.5824937279142 0.0 1.0
-756.5833333333333 521.5 180.16666666666669 303.25 777.7846139746562 603.2602213153019 0.0 1.0
-756.9166666666667 518.5 164.83333333333331 303.0 774.702140009762 600.5426750573284 0.0 1.0
-746.0 517.5 151.5 303.0 761.2281350763 599.6792892871989 0.0 1.0
-786.75 515.0 202.0 302.5 804.3414003831782 597.270222222902 0.0 1.0
-765.0833333333333 512.0 183.25 311.0 786.840146336187 599.0995300776073 0.0 1.0
-735.4166666666667 515.0 192.25 320.5 760.5158071807098 606.5919120410558 0.0 1.0
-705.75 517.25 201.25 321.75 734.1914680252328 609.1561509130219 0.0 1.0
-684.0 518.75 204.5 321.75 713.9246990631914 610.4318617697463 0.0 1.0
-690.0 522.75 205.5 321.5 719.9518294862795 613.7018001315207 0.0 1.0
-527.55 529.5 147.1 321.0 645.9351989262794 619.2021618074566 0.0 1.0
-67.74999999999997 530.75 129.5 320.5 589.1957352846248 620.0128238770844 0.0 1.0
392.05 530.5 111.9 320.75 532.45627164297 619.9281073387956 0.0 1.0
528.0 530.25 240.5 321.25 584.5952069391033 619.9732359231855 0.0 1.0
653.0 529.25 228.0 321.5 691.847557518442 619.2483181458091 0.0 1.0
565.125 527.5 377.125 322.0 688.8907527035303 618.0131471093475 0.0 1.0
728.0 526.75 242.0 320.75 767.168885374213 616.722176532309 0.0 1.0
648.5 527.0 253.0 320.25 697.2625474758975 616.6758533819794 0.0 1.0
731.5 526.75 246.5 319.0 771.9239973914804 615.8137537203468 0.0 1.0
659.5 526.75 264.5 319.0 711.8351170816135 615.8137537203468 0.0 1.0
722.5 527.0 274.5 318.5 775.2436923110695 615.7689770651334 0.0 1.0
819.0 526.75 239.5 317.75 853.3005830748946 615.1671579450347 0.0 1.0
806.5 526.0 229.0 316.5 838.3818068281041 613.8799629180429 0.0 1.0
810.0 522.0 223.5 312.5 840.2694432097187 608.3922616473126 0.0 1.0
810.5 488.5357142857143 220.5 278.82142857142856 839.9586401890662 562.5733827934799 0.0 0.0
808.5 484.67857142857144 219.5 288.1071428571429 837.7663933045244 564.0894683316606 0.0 0.0
805.0 480.82142857142856 217.5 297.3928571428571 833.8652469074365 565.6055538698411 0.0 0.0
806.0 476.9642857142857 216.0 306.67857142857144 834.4412052287155 567.1216394080217 0.0 0.0
802.5 498.0 212.5 319.5 830.158156933641 591.8334073136934 0.0 1.0
802.0 524.75 215.0 316.5 830.321172065459 612.8169957791333 0.0 1.0
802.5 515.5 224.5 317.5 833.3112893818311 605.4329637417045 0.0 1.0
802.0 530.0 234.5 315.5 835.5807389112254 616.7984113427254 0.0 1.0
636.5 531.5 263.5 317.0 690.5589143726602 618.8547891064592 0.0 1.0
521.5 532.875 268.5 313.5 586.5710289816582 618.2549414872467 0.0 1.0
695.0 531.25 291.5 310.0 753.6561129875731 615.0826603550855 0.0 1.0
698.0 531.5 288.0 304.5 755.0814525599209 612.5468294512095 0.0 1.0
543.5 536.25 295.5 303.75 618.6428731199176 616.302255204952 0.0 1.0
538.0 540.25 309.5 290.5 620.672673791578 613.5296352745777 0.0 1.0
491.5 543.75 309.0 281.0 580.5771802462523 612.0663125965995 0.0 1.0
487.5 544.5 308.0 282.5 576.6480393347348 613.4229778226377 1.0 1.0
488.0 546.5 328.0 284.75 587.994153882464 616.2359614440468 1.0 1.0
479.0 537.25 323.0 284.0 577.7290985301786 607.7097409357079 1.0 1.0
456.0 523.25 322.5 289.75 558.5926977537122 598.1212563968174 1.0 1.0
443.0 522.75 322.5 288.5 547.9555972870808 597.076064745455 1.0 1.0
455.0 523.25 331.5 288.5 562.9592370754906 597.5140803964064 1.0 1.0
447.5 521.25 314.5 290.75 546.961883287775 596.8560415388591 1.0 1.0
449.5 521.5 310.0 283.5 546.0338457722977 593.609969481123 1.0 1.0
451.5 414.04166666666663 316.0 180.79166666666669 551.106340753867 451.7981221780045 1.0 0.0
454.0 432.20833333333337 315.5 191.95833333333331 552.8621669652296 472.9368602990726 1.0 0.0
454.5 450.375 327.5 203.125 560.2253625343396 494.0755984201406 1.0 0.0
456.0 476.5 329.5 241.5 562.6683702922246 534.6223174123702 1.0 0.0
452.5 527.0 321.0 299.5 554.7947945368494 606.1650376563066 1.0 0.0
453.0 534.5 326.5 312.5 558.4006943676031 619.1515753628073 1.0 1.0
456.0 536.75 333.5 310.0 564.9428068108697 619.8417802984409 1.0 1.0
457.5 537.0 331.5 308.5 564.9765481858517 619.3080782844377 1.0 1.0
457.5 537.25 330.0 309.0 564.097742214775 619.7729955717423 1.0 1.0
460.0 537.0 328.0 310.0 564.9638623267583 620.0556462766624 1.0 1.0
461.5 539.0 323.5 310.5 563.5919685109559 622.0379811554918 1.0 1.0
459.0 538.5 321.0 310.0 560.10906785048 621.3562958547338 1.0 1.0
450.5 513.5 368.5 280.0 582.2125269742082 584.878045328628 1.0 0.0
484.5 519.0 330.5 285.25 587.9954052446105 592.2234319400052 1.0 1.0
491.5 522.0 308.5 285.75 580.5460825913229 595.0945737929935 1.0 1.0
484.5 523.75 305.0 284.0 572.724023954866 595.7941740087833 1.0 1.0
479.5 525.25 343.0 283.25 589.6512035595321 596.7566143845396 1.0 1.0
474.5 527.25 313.0 282.75 568.4362143811568 598.2810707031949 1.0 1.0
472.5 529.0 317.0 282.0 569.0067513730226 599.4709814143047 1.0 1.0
489.5 531.0 290.5 283.25 569.2284194910496 601.8249540222722 1.0 1.0
487.0 538.0 283.5 302.75 563.511464331917 617.3348932184929 1.0 1.0
490.0 537.25 282.0 308.0 565.3529908678067 619.2830959390478 1.0 1.0
491.0 537.25 282.5 315.5 566.4691625995857 623.0412234812511 1.0 1.0
492.5 537.25 286.5 320.25 569.7720431088467 625.4579829306057 1.0 1.0
552.5 538.5 306.0 323.25 631.5793953301518 628.072112840198 0.0 1.0
554.5 537.75 315.5 325.0 637.9737934595047 628.3312435865807 1.0 1.0
556.5 537.0 316.0 325.5 639.9611496849727 627.9494340792969 1.0 1.0
556.5 536.25 314.5 326.0 639.2204174383546 627.5670265986028 1.0 1.0
555.5 531.0 316.5 322.0 639.3381381805928 621.0041959868806 1.0 1.0
556.0 527.5 314.5 319.75 638.7855724739286 616.8469574421754 1.0 1.0
524.0 500.6388888888889 306.0 300.44444444444446 606.9052288386013 583.8721730353225 1.0 1.0
410.5 431.19444444444446 283.5 258.22222222222223 500.6650096873845 502.60270598897864 0.0 0.0
273.0 361.75 260.5 216.0 377.3529506554703 421.33323894263475 0.0 0.0
288.5 292.30555555555554 359.5 173.77777777777777 461.41259332956133 340.06377189629086 0.0 0.0
279.0 222.86111111111111 324.5 131.55555555555554 428.18087758982404 258.794304849947 0.0 0.0
312.0 185.75 227.0 201.75 386.3643643679613 275.7281588540079 0.0 0.0
369.15 176.5 197.5 239.5 421.2379917952993 297.5107762953849 0.0 0.0
437.35 174.75 185.5 239.0 477.3350455725377 296.07267642866736 0.0 0.0
496.5 213.5 211.0 155.0 540.234887722561 264.07706400368806 0.0 0.0
497.5 213.75 282.0 137.75 571.8671787755618 254.29216459326142 0.0 0.0
503.0 210.0 281.5 140.25 576.4352100444007 252.5274355821661 0.0 0.0
524.0 211.0 291.0 142.5 599.4009765587513 254.61330830690366 0.0 0.0
507.5 211.0 282.5 143.5 580.8758748501657 255.17298054457092 0.0 0.0
531.5416666666667 210.5 177.83333333333331 145.0 561.6756507010255 255.6085553807426 0.0 0.0
525.7083333333333 209.75 223.16666666666669 146.5 574.77578215979 255.84630736560322 0.0 0.0
519.875 210.0 268.5 147.0 587.8759136185545 256.3386137503288 0.0 0.0
494.5 209.5 284.5 146.0 570.5233332348289 255.35811028716205 0.0 0.0
486.5 208.0 283.5 145.5 563.0861738515002 253.83918558642074 1.0 0.0
438.5 206.25 269.5 146.0 514.7576762743486 252.69619665323535 1.0 0.0
541.5 205.0 305.0 146.75 621.503729421948 252.1122841588458 1.0 0.0
543.5 204.75 341.0 146.75 641.823543684606 251.90977500887107 1.0 0.0
579.0 204.5 328.0 146.5 666.7664331443291 251.56080607556032 0.0 0.0
601.5 203.85 292.5 141.8 668.8486733274781 248.64029809228578 0.0 0.0
581.5 204.31666666666666 287.5 135.53333333333333 648.7138335376225 245.83018708602458 0.0 0.0
556.0833333333333 204.78333333333333 255.625 129.26666666666668 612.1746646960326 243.02007607976338 0.0 0.0
542.4166666666667 205.25 232.125 123.0 590.4968339547304 240.2099650735022 0.0 0.0
528.75 205.71666666666667 208.625 116.73333333333333 568.8190032134282 237.39985406724097 0.0 0.0
526.5 206.18333333333334 228.5 110.46666666666667 574.7959134986409 234.58974306097977 0.0 0.0
561.5 206.65 297.5 104.19999999999999 635.4448204872151 231.77963205471858 0.0 0.0
524.5 210.0 324.75 108.5 617.5230290763363 236.46584187911475 0.0 0.0
544.5 208.0 314.5 138.0 628.9968998968855 249.8219967874785 0.0 0.0
502.25 201.5 290.0 137.0 579.9629931140937 243.68883626927425 0.0 0.0
543.0 204.0 300.0 143.5 620.3729376328056 249.43224636033852 0.0 0.0
563.0 202.0 300.0 143.0 637.9412205219033 247.49343425634547 1.0 0.0
571.5 203.0 294.5 141.5 642.9172205320637 247.4498297670261 1.0 0.0
525.75 200.5 315.0 140.0 613.3927675514144 244.5409504007049 0.0 0.0
519.5 198.0 308.75 139.5 604.3313146004205 242.20721073257522 1.0 0.0
525.25 196.0 309.75 138.5 609.9508669104785 239.9964134691009 1.0 0.0
503.0 196.0 329.5 140.5 601.3483870411094 241.1570790145765 1.0 0.0
515.0 195.0 333.5 140.0 613.5964763372074 240.0522547962868 1.0 0.0
562.0 192.5 333.0 138.5 653.3012590634737 237.14657914462944 1.0 0.0
582.0 193.5 326.5 135.5 667.3824798275621 236.22570193725022 1.0 0.0
574.75 207.5 367.5 142.65625 682.970052815743 251.81466576594272 1.0 0.0
564.25 265.5 343.0 179.28125 660.7381060462251 320.38275148273715 0.0 0.0
570.5 323.5 324.0 215.90625 656.0840535253876 388.9508371995315 1.0 0.0
570.0 381.5 323.5 252.53125 655.4029343613099 457.5189229163259 1.0 0.0
566.0 430.0 392.75 297.5 689.0815835531107 523.0102004514832 1.0 0.0
489.5 515.0 303.5 302.5 575.9535797901034 597.2698348958886 0.0 0.0
486.75 518.0 312.0 302.5 578.2725426272626 599.8617901669513 1.0 1.0
487.5 522.0 297.5 305.0 571.1065418649679 604.5736138044863 1.0 1.0
487.25 520.375 297.75 302.75 571.0233789235283 602.0364048331525 1.0 1.0
489.0 516.5 296.75 303.0 571.997989045822 598.817396327621 1.0 1.0
488.5 513.0 296.5 301.0 571.4410332936461 594.7856846725266 1.0 1.0
488.0 511.25 295.0 298.0 570.2362287287633 591.7610220531554 1.0 1.0
489.0 511.0 296.5 299.0 571.8683701654347 592.0496135878343 1.0 1.0
495.0 511.5 304.5 302.5 581.1769093432199 594.254601095743 1.0 1.0
502.0 517.75 318.5 307.75 594.5187185734047 602.3095318089656 1.0 1.0
501.0 519.25 324.5 307.25 596.9111288578731 603.3470940715621 1.0 1.0
498.5 518.5 321.0 311.0 592.9114241521578 604.6185660857597 1.0 1.0
496.0 520.75 272.5 313.75 565.9544401813696 607.9635599353676 0.0 1.0
485.0 521.25 257.0 317.0 548.8879715705002 610.0758599208444 1.0 1.0
486.0 522.0 261.5 317.75 551.8861217397543 611.104865296225 1.0 1.0
509.0 522.0 266.0 318.75 574.33003254956 611.6296619222828 1.0 1.0
458.125 526.5 250.1875 317.25 540.7800683857677 614.698778052237 0.0 1.0
150.625 527.5 160.9375 312.75 302.296711018858 613.2450450474018 0.0 1.0
-160.5 525.5 86.0 308.25 188.37115288667485 609.2369893507878 0.0 1.0
130.0 526.75 186.0 309.0 366.46899287664564 610.6935225635863 0.0 1.0
512.875 528.75 295.25 308.0 591.7890704989425 611.9162871261925 0.0 1.0
484.5 529.75 265.0 305.0 552.3398858733609 611.2786616546866 0.0 1.0
514.5 532.25 211.5 300.5 556.3869355108324 611.235383278352 0.0 1.0
520.125 541.5 181.5 308.75 551.7907984250755 623.4273286848083 0.0 1.0
535.625 556.75 160.83333333333331 311.75 560.4095470982834 638.0909777477693 0.0 1.0
551.125 550.75 140.16666666666666 314.5 569.0282957714911 634.2211462175791 0.0 1.0
553.5 548.5 254.0 314.5 609.086790982126 632.2678210807076 0.0 1.0
535.5 548.0 262.5 314.0 596.3919568398825 631.5859029702528 0.0 1.0
542.0 548.0 266.5 313.5 604.0159184985636 631.3415144087286 0.0 1.0
577.0 543.25 269.5 316.5 636.8381789775724 628.7232350119176 0.0 1.0
561.5 540.5 289.0 316.5 632.2941823805628 626.3486937525736 0.0 1.0
528.5 540.75 306.5 318.0 611.0070246661946 627.3234469092445 0.0 1.0
487.5 537.25 267.0 319.25 555.8492797023288 624.9481978224703 0.0 1.0
536.0 536.75 283.5 323.75 606.8316242371493 626.8290294942806 0.0 1.0
525.5 536.5 257.5 325.0 585.1978298665204 627.2619911215395 1.0 1.0
477.5 537.0 254.5 324.5 541.1404482050991 627.4308193968604 1.0 1.0
415.5 537.75 272.0 325.25 496.6383039957539 628.4606136062544 0.0 1.0
519.0 538.5 305.5 325.5 602.2405810833956 629.231674345785 0.0 1.0
542.5 540.25 318.0 321.25 629.1395295581503 628.5601934159768 0.0 1.0
563.0 546.25 388.0 315.0 683.8100805349925 630.5664739715721 0.0 1.0
492.0 544.75 422.0 314.5 648.5960805432098 629.0175863032537 0.0 1.0
563.5 541.75 370.5 324.0 674.3940460150232 631.2440724201068 0.0 1.0
583.5 542.75 375.5 323.5 693.8879353311572 631.8472570957465 0.0 1.0
592.0 542.25 365.5 322.0 695.7834507853624 630.6498308427431 0.0 1.0
597.5 540.0 349.5 323.5 692.2114219746868 629.4860764368069 0.0 1.0
558.5 537.5 317.5 324.5 642.484676195987 627.8588083479849 0.0 1.0
566.5 521.75 271.5 322.0 629.2919951079045 613.1129532765632 0.0 1.0
579.0 527.75 337.0 322.0 670.025099574847 618.226817088808 0.0 1.0
525.0 531.25 279.0 323.5 595.8031670354744 621.9960175989293 0.0 1.0
515.5 534.5 271.0 324.0 582.4033184564944 625.0330528680684 1.0 1.0
513.5 535.0 259.5 323.0 575.3704694517367 624.943411143197 1.0 1.0
537.5 538.5 268.0 322.0 601.0004243721522 627.4283352265397 1.0 1.0
556.5 540.5 251.0 321.0 611.995829777678 628.6344845663034 1.0 1.0
556.5 542.75 239.5 321.25 606.7146273150507 630.6974253088601 0.0 1.0
538.0 543.25 238.5 320.75 588.5455902172885 630.873396352867 1.0 1.0
535.5 543.0 232.5 320.5 583.7952831731296 630.5310741013104 1.0 1.0
553.0 543.0 243.5 321.0 604.4947501273891 630.785224937934 1.0 1.0
486.5 543.5 275.5 320.5 559.1910860645461 630.9619392420234 1.0 1.0
445.5 544.0 324.0 319.5 551.1228408054758 630.885438001138 0.0 1.0
524.5 544.5 300.0 319.0 604.2357974644658 631.0636369507704 0.0 1.0
523.5 545.0 303.0 319.0 604.8646817455872 631.4950514453775 1.0 1.0
506.0 545.25 300.5 318.0 588.5139447680556 631.2064467060081 1.0 1.0
474.0 545.5 318.5 318.5 571.1719526613593 631.6745098875796 1.0 1.0
479.0 545.0 342.5 319.5 588.8638633785013 631.7481445539676 1.0 1.0
483.5 546.0 349.0 321.0 596.3038860478159 633.3698528150032 1.0 1.0
491.0 544.75 351.0 322.0 603.5637020042527 632.8009961539492 1.0 1.0
493.5 544.0 348.0 323.0 603.860265340842 632.6649982415654 1.0 1.0
489.5 545.75 339.0 323.75 595.4341737455572 634.5529782483158 1.0 1.0
487.0 546.75 320.5 324.25 583.0008128500297 635.6679497525683 1.0 1.0
480.5 547.0 316.0 324.0 575.097147919789 635.7554561307359 1.0 1.0
483.5 546.5 304.0 324.5 571.1966054130131 635.5808127214664 1.0 1.0
502.5 547.75 288.5 324.5 579.4294928609032 636.656086575136 1.0 1.0
508.0 544.75 290.0 319.5 584.9506156680293 631.5321887376681 1.0 1.0
513.0 546.5 294.5 322.0 591.5238912509408 634.3084224866968 1.0 1.0
508.5 547.5 289.0 323.5 584.8881655865782 635.9315757075558 1.0 1.0
499.5 547.75 276.0 323.75 570.6815199722437 636.2740936982802 1.0 1.0
499.0 546.5 336.0 325.25 602.5176113160587 635.9640146054733 1.0 1.0
500.0 546.75 297.0 327.0 581.557418026145 637.0750183190673 1.0 1.0
493.0 546.5 316.0 328.0 585.8422912873452 637.3745493869201 1.0 1.0
490.5 541.5 309.5 326.0 580.1053784360672 632.0587919695081 1.0 1.0
494.0 542.5 313.5 326.5 585.0809797272049 633.1735637627743 1.0 1.0
493.0 542.5 299.5 327.0 576.8456055731731 633.4313827281607 1.0 1.0
480.0 541.5 295.0 325.5 563.44557914147 631.8010202749631 1.0 1.0
468.0 540.0 289.0 324.0 550.042246285815 629.7430148134818 1.0 1.0
465.5 540.0 286.5 322.5 546.6008843851018 628.9726587623529 1.0 1.0
520.0 537.25 303.0 321.5 601.9230333417011 626.099413328768 1.0 1.0
490.0 535.0 271.0 321.25 559.9475281055377 624.0423194299443 1.0 1.0
487.0 530.25 269.5 318.75 556.5964880582089 618.6815733417006 1.0 1.0
487.0 342.5 268.5 371.75 556.1127958627144 514.7215770542632 1.0 0.0
485.5 99.64285714285715 269.5 357.3928571428571 555.2841614885122 457.6330975089353 1.0 0.0
474.0 -79.5 263.5 305.25 542.3186310761266 453.94376386607 1.0 0.0
474.0 -258.6428571428571 264.5 253.10714285714283 542.8086584914402 450.25443022320474 1.0 0.0
477.5 -443.75 283.0 256.0 555.0636147624748 512.4192465183779 1.0 0.0
477.5 -732.25 283.5 313.5 555.3183771495411 796.6464315446391 1.0 0.0
472.0 -707.5 310.5 339.0 564.9882293894676 787.2730202175378 1.0 0.0
473.5 -651.0 303.5 317.5 562.419068663228 724.447771617876 1.0 0.0
470.5 -639.25 314.0 324.0 565.664581159172 716.67117460826 1.0 0.0
487.0 -703.0 315.5 324.5 580.4353405672366 774.5182923442811 1.0 0.0
500.0 -750.75 289.5 334.0 577.7776868248393 822.8463114766023 1.0 0.0
504.5 -638.75 285.5 331.75 579.6824533397111 719.7638134209807 1.0 0.0
504.5 -694.75 284.5 323.75 579.1896836786549 766.4811704899014 1.0 0.0
506.0 -626.5 283.5 337.0 580.0072760507613 711.5050305203181 1.0 0.0
510.5 -614.75 281.5 349.5 582.9693532544673 707.1573415881236 1.0 0.0
510.5 -646.5 287.5 353.0 585.8896566775396 736.7394254277351 1.0 0.0
509.5 -618.75 286.0 354.75 584.2828425515676 713.2314987383069 1.0 0.0
510.0 -614.0 285.5 353.75 584.4744993141592 708.6152516828872 1.0 0.0
511.5 -610.5 292.5 355.25 589.2345512468919 706.3382719144297 1.0 0.0
509.5 -607.0 292.0 356.5 587.2466974213344 703.9482391275357 1.0 0.0
509.5 -606.0 284.0 357.5 583.306472394292 703.5924061558744 1.0 0.0
512.5 -603.0 287.0 356.25 587.3890726429315 700.3735494928726 1.0 0.0
511.0 -549.5 286.5 338.75 585.8356767974708 645.855173303197 1.0 0.0
511.5 -338.75 283.5 325.75 584.8121621487012 469.9859209810659 1.0 0.0
509.5 -17.819444444444443 284.5 194.76388888888889 583.5500754672726 203.34573360099586 1.0 0.0
509.0 32.90277777777777 285.5 205.81944444444446 583.6019619569489 239.0989360630992 1.0 0.0
505.5 83.625 285.0 216.875 580.306332638466 274.8521385252026 1.0 0.0
506.0 134.34722222222223 284.0 227.93055555555554 580.2518333546832 310.6053409873059 1.0 0.0
507.0 185.06944444444446 282.0 238.98611111111111 580.149151170055 346.3585434494093 1.0 0.0
507.0 235.79166666666669 280.5 250.04166666666666 579.4225555055788 382.1117459115127 1.0 0.0
506.0 286.5138888888889 276.0 261.0972222222222 576.3787471716302 417.864948373616 1.0 0.0
506.5 337.2361111111111 276.0 272.1527777777778 576.8173800445056 453.6181508357194 1.0 0.0
509.5 387.9583333333333 277.5 283.20833333333337 580.1695379845908 489.3713532978228 1.0 0.0
509.5 400.75 281.5 287.25 582.1034605236375 493.1937709145781 1.0 0.0
509.5 477.5 283.0 307.0 582.8202476368294 567.8938540542676 1.0 0.0
510.0 474.25 282.0 324.75 582.7728472241712 574.8000745957935 1.0 1.0
511.0 511.75 281.5 322.0 583.4065906381244 604.6768081512691 1.0 1.0
508.5 523.75 280.0 318.0 580.493506650798 612.7305520277768 1.0 1.0
504.0 520.25 268.0 316.5 570.8685077987303 608.960549695224 1.0 1.0
497.0 519.5 251.5 319.5 557.0117109476379 609.8856764938471 1.0 1.0
490.5 517.25 247.5 318.0 549.4111010744703 607.1833738919499 1.0 1.0
484.0 513.25 252.5 310.75 545.9057663758845 599.9926575167683 1.0 1.0
491.5 514.0 254.0 310.25 553.2528761930203 600.3757693867051 1.0 1.0
493.5 512.1 281.0 315.15 567.9089173229108 601.3563061471549 1.0 0.0
489.5 508.9 272.0 321.35 559.9957951882074 601.9206816042714 1.0 0.0
480.5 512.0 280.0 324.0 556.1573465926131 605.9219815985543 1.0 1.0
484.0 518.0 288.0 325.0 563.2089452035136 611.5153639960811 1.0 1.0
475.5 522.5 277.5 332.5 550.5533633056009 619.3292451385588 1.0 1.0
475.0 528.25 273.5 337.75 548.1126699747579 626.9953563831436 1.0 1.0
471.5 530.25 274.5 337.75 545.5846068988843 628.6817264003023 1.0 1.0
473.0 531.25 280.5 336.75 549.979396030013 628.989268897953 1.0 1.0
464.0 534.25 263.0 335.0 533.3527811977424 630.594983092816 1.0 1.0
461.5 535.5 281.5 332.5 540.5782571109376 630.332758928608 1.0 1.0
459.5 564.0 275.0 328.5 535.516799993891 652.891189979963 1.0 1.0
460.5 551.5 277.5 323.5 537.6494871540273 639.3782310259205 1.0 1.0
461.5 546.0 263.0 322.5 531.1835538178051 634.1311494169561 1.0 1.0
465.5 542.5 269.0 322.0 537.6643230743799 630.8653852509335 1.0 1.0
484.0 541.25 260.5 321.25 549.6572069683035 629.4076758488255 1.0 1.0
499.5 538.75 308.0 319.75 586.8291769555839 626.4922155891446 1.0 1.0
488.0 529.5 300.0 321.5 572.8390426032188 619.4924605822498 1.0 1.0
487.0 513.9285714285714 311.0 293.8571428571429 577.8326116314804 593.7323448687359 1.0 0.0
485.5 502.5 308.0 253.0 574.9567353728975 565.2871292356535 1.0 0.0
484.5 491.07142857142856 305.0 212.14285714285717 572.5079221757737 536.8419136025711 1.0 0.0
491.0 498.0 273.0 224.5 561.9000287961414 547.2529214895443 1.0 0.0
466.0 522.75 240.25 305.5 524.3826833921539 605.4815733316075 0.0 1.0
460.0 541.0 228.58333333333331 332.75 513.7912442651183 635.1970194980736 0.0 1.0
454.0 546.0 216.91666666666669 339.5 503.19980513808264 642.9449253569229 0.0 1.0
502.5 545.0 244.5 340.5 558.8889124349805 642.6238634009599 0.0 1.0
446.0 534.0 252.0 337.0 512.2697178740211 631.4572775708589 0.0 1.0
597.5 523.25 272.0 343.5 657.214236156221 625.9258108773213 0.0 1.0
489.0 530.5 312.5 340.0 580.3548698919294 630.1578849911872 0.0 1.0
485.0 525.25 292.5 331.5 566.4521317065785 621.1187991009119 1.0 1.0
476.5 530.5 270.5 329.75 547.9257626260833 624.6323233254893 1.0 1.0
480.5 533.5 269.0 327.5 550.709489990914 626.0020004402386 1.0 1.0
462.0 535.0 273.0 327.5 536.6333844979575 627.2814180394871 1.0 1.0
458.0 534.75 286.0 326.0 539.9911093397586 626.2855982569672 1.0 1.0
456.5 535.0 299.0 325.5 545.7137544191928 626.2390258840062 1.0 1.0
457.5 535.0 295.0 326.0 544.3633222227238 626.4993792317846 1.0 1.0
457.0 533.25 297.5 328.0 545.3035414848162 626.0510143728527 1.0 1.0
457.0 533.0 296.0 329.5 544.4860162193638 626.6258640533381 1.0 1.0
457.5 532.75 284.5 331.25 538.7453663066269 627.3354096887409 1.0 1.0
455.5 531.75 271.0 332.75 530.0202209753498 627.2811916426054 1.0 1.0
449.0 529.0 269.5 335.0 523.6715057332631 626.1543325801255 1.0 1.0
453.0 526.75 275.0 337.0 529.9377588031653 625.3291274623707 1.0 1.0
459.0 525.25 283.0 340.25 539.2311307593818 625.8276120488727 1.0 1.0
464.0 525.75 290.5 341.75 547.4361336255363 627.0615387924422 1.0 1.0
462.0 526.25 289.5 342.25 545.2103451761072 627.7535404218654 1.0 1.0
463.5 527.75 288.0 338.25 545.6889501940313 626.8496815687079 1.0 1.0
495.5 530.25 345.5 336.5 605.7156850332353 628.0119173792663 1.0 1.0
504.0 534.5 298.0 341.25 585.5083525845823 634.1473398437746 1.0 1.0
541.0 539.25 319.0 335.5 628.0462639684474 635.1051548835396 0.0 1.0
509.0 541.75 304.5 327.5 593.1294065326217 633.051703976545 1.0 1.0
527.5 541.5 312.0 323.75 612.8623768714532 630.9017188402615 1.0 1.0
507.5 541.75 303.5 322.75 591.328794260616 630.6034748255123 1.0 1.0
504.0 541.0 294.5 320.5 583.7348129487485 628.8139928315902 1.0 1.0
506.0 539.5 295.0 324.5 585.7143106264687 629.5729919951959 1.0 1.0
522.5 484.25 305.5 344.0 605.2608383868527 595.1546313969577 1.0 1.0
529.5 281.5 317.0 398.25 617.1475096499271 488.9293367719225 1.0 0.0
520.5 182.5 332.0 416.5 617.3834543797855 454.76156659422634 1.0 0.0
500.0 191.0 299.0 415.25 582.6019885516764 457.09425430703914 1.0 0.0
505.0 198.75 315.5 413.5 595.4650564878573 458.80284512821277 1.0 0.0
493.0 202.0 308.0 443.25 581.3030017265452 487.1304879772988 1.0 0.0
495.5 214.75 306.5 510.25 582.6358789785122 553.6024889329838 1.0 0.0
495.0 212.0 295.0 513.5 576.2383214395381 555.5451461092078 1.0 0.0
495.5 209.5 291.0 516.0 574.6318111080753 556.9083898532565 1.0 0.0
498.5 206.5 291.5 517.5 577.4731553862317 557.1794343943304 1.0 0.0
496.5 183.0 293.0 543.5 576.507810897026 573.8351072852663 1.0 0.0
494.5 169.5 291.0 588.0 573.769743496433 611.9454244847444 1.0 0.0
496.0 166.75 297.5 588.5 578.3796218722499 611.6689869501226 1.0 0.0
493.5 166.0 298.0 587.5 576.4966081630438 610.5017355983757 1.0 0.0
489.0 166.25 299.0 586.5 573.1703995986336 609.607515825089 1.0 0.0
478.5 168.5 298.5 586.0 563.9737566008519 609.7444478559896 1.0 0.0
473.5 147.5 298.5 534.25 559.7363525765527 554.2379169534391 1.0 0.0
481.5 137.2 295.0 478.75 564.6865481643845 498.06363147597574 1.0 0.0
467.5 142.8 287.5 477.75 548.828359874906 498.6771310166895 1.0 0.0
465.5 160.75 285.5 520.75 546.0774096456844 544.9964955128095 1.0 0.0
464.0 176.0 284.0 569.25 544.0148728365536 595.8368882843212 1.0 0.0
465.0 177.5 285.0 563.25 545.3902023034295 590.5563632255366 1.0 0.0
465.0 178.25 284.0 564.25 544.8686984808046 591.7357109343264 1.0 0.0
477.5 176.5 289.0 563.0 558.1462784846906 590.0197442932974 1.0 0.0
467.5 173.0 281.5 562.5 545.7091786441066 588.5031046741996 1.0 0.0
471.0 171.5 292.5 562.0 554.4696096656681 587.5852948318297 1.0 0.0
475.5 168.75 298.5 561.5 561.4290433088411 586.3104311952656 1.0 0.0
470.0 166.75 298.0 558.75 556.5127882365238 583.1014109716432 1.0 0.0
465.5 165.25 300.0 557.0 553.796245450974 580.9982102341371 1.0 0.0
471.5 163.75 304.0 554.75 561.0068874033033 578.4132450421548 1.0 0.0
466.5 162.25 308.0 552.75 559.0086192830688 576.0709679485306 1.0 0.0
464.5 161.25 299.5 551.75 552.6848771352393 574.8314863931139 1.0 0.0
465.5 133.5 299.5 541.5 553.5255849472162 558.2070339143538 1.0 0.0
469.5 -29.5 291.0 507.75 552.4389409969788 510.94030161352964 1.0 0.0
469.5 -231.75 263.5 470.75 538.3893438922928 526.7054613229913 1.0 0.0
469.0 -327.5 269.5 450.75 540.9181770946058 557.1649005048298 1.0 0.0
470.0 -333.75 269.5 453.0 541.7848426966987 562.6854074700716 1.0 0.0
477.5 -338.25 267.0 448.75 547.0788358787821 561.9546830232877 1.0 0.0
480.5 -368.0 266.0 438.5 549.2149849228449 573.0709470781717 1.0 0.0
487.0 -685.75 268.0 368.25 555.8715970851295 783.8506517553135 1.0 0.0
480.0 -718.75 273.5 372.5 552.4522671969446 809.5582765008401 1.0 0.0
491.0 -728.75 276.0 375.0 563.2615368357428 819.6524888927594 1.0 0.0
493.0 -680.5 283.0 378.75 568.4523147271011 778.814196817859 1.0 0.0
496.0 -764.75 284.0 386.75 571.5524370296331 857.5702245226614 1.0 0.0
497.5 -682.5 287.0 373.5 574.3477026863721 778.1378808320392 1.0 0.0
535.5 -707.25 312.0 375.5 619.7616821107378 800.8690241533751 0.0 0.0
534.0 -619.5 310.5 376.0 617.7104904403033 724.724569841339 1.0 0.0
534.0 -645.0 310.25 386.0 617.584900420296 751.6788053054397 1.0 0.0
533.5 -635.5 309.25 372.5 616.6506069069095 736.6253267091852 1.0 0.0
539.75 -633.5 291.5 367.0 613.4356607351292 732.1284031644841 1.0 0.0
511.25 -639.5 294.0 362.5 589.7567601450091 735.097100128907 1.0 0.0
508.75 -617.5 291.0 361.5 586.095264041465 715.5651285351929 1.0 0.0
521.0 -593.5 303.5 369.5 602.9675654688143 699.1229956860234 1.0 0.0
516.25 -602.5 310.0 361.5 602.2200938438035 702.6329736097186 1.0 0.0
503.25 -754.5 308.0 383.5 590.0248905375081 847.0430681917848 1.0 0.0
500.0 -656.5 305.75 352.0 586.0744032501016 745.0782914321303 1.0 0.0
494.25 -615.5 294.75 351.5 575.4786315673109 708.7965179160407 1.0 0.0
496.0 -659.5 300.0 354.5 579.7142519613083 748.754880926497 1.0 0.0
498.0 -643.5 301.25 352.0 582.0280976142981 733.4840154858407 1.0 0.0
478.25 -609.5 272.5 345.5 550.4659388094888 700.6156992340022 1.0 0.0
507.25 -601.5 267.25 372.0 573.3462896963035 707.3383177940239 1.0 0.0
520.5 -604.5 273.0 387.0 588.3012367109516 717.7769490708741 1.0 0.0
520.75 -591.5 267.5 393.0 585.4548674257674 710.157432476343 1.0 0.0
521.25 -591.0 339.0 390.5 623.9457382599724 708.3590064464208 1.0 0.0
514.75 -584.0 328.75 398.0 610.7847546719634 706.7319668910993 1.0 0.0
521.25 -593.0 321.75 380.5 612.5794978157464 704.5987343116881 1.0 0.0
526.25 -587.5 308.5 383.5 610.0293204516502 701.6279979447072 1.0 0.0
528.5 -396.5 301.0 401.5 608.2092640606061 565.8545447299028 1.0 0.0
532.0 -195.41666666666669 300.0 375.66666666666663 610.7571732352784 526.8484775401587 1.0 0.0
534.0 -10.638888888888914 299.25 345.8888888888889 612.1327986588519 536.5441131576297 1.0 0.0
528.0 174.13888888888886 296.0 316.1111111111111 605.3105756970841 546.2397487751007 1.0 0.0
528.25 358.91666666666663 350.75 286.33333333333337 634.094766409818 555.9353843925717 0.0 0.0
525.0 509.25 336.0 276.75 623.3543659552545 579.6183412598557 1.0 1.0
519.0 541.75 330.5 309.25 615.5639031613944 625.974189019473 1.0 1.0
530.5 479.5 305.0 330.0 612.0277293223094 582.0836861783373 1.0 1.0
491.5 479.75 341.0 330.25 598.8672132357283 582.4305777163154 1.0 1.0
489.0 481.5 324.5 332.25 586.9136955009855 585.0062551938372 1.0 1.0
465.0 505.0 356.5 318.5 586.0389487972182 597.4824274353217 1.0 1.0
485.5 530.25 320.5 309.0 581.748616929212 613.7162244206661 1.0 1.0
465.0 529.0 357.0 310.0 587.747799808167 613.1407466147576 1.0 1.0
461.0 526.5 325.5 313.0 564.3456646773391 612.5134362721278 1.0 1.0
457.5 527.75 327.5 315.5 562.6457912944195 614.8666319565694 1.0 1.0
457.5 516.25 320.0 335.0 558.3103499062843 615.5012501028054 1.0 1.0
453.5 508.25 328.5 337.25 559.9847646146317 609.9637244032908 1.0 1.0
453.0 504.75 333.0 343.75 562.2411420641512 610.6878428453844 1.0 1.0
482.5 502.0 311.0 345.5 574.53018744601 609.4052293116969 1.0 1.0
460.5 500.5 321.5 347.5 561.6272689540413 609.3108802904032 1.0 1.0
495.5 498.15 334.0 349.75 597.5588359447687 608.6731446028514 1.0 0.0
481.5 496.35 372.0 350.75 608.570143750479 607.7774238656152 1.0 0.0
492.0 494.25 372.0 351.5 616.8739342559766 606.4944364447118 1.0 1.0
521.5 532.5 348.0 324.0 626.9499733996404 623.3235585021429 1.0 1.0
514.5 530.5 334.5 308.0 613.6827491651679 613.4289879806886 1.0 1.0
469.5 528.0 296.0 316.5 555.0196312326132 615.6504513362705 0.0 1.0
472.5 535.5 293.5 316.5 556.2366596892027 622.0624268368738 1.0 1.0
472.0 543.25 291.5 328.0 554.7580788984369 634.5901447315603 1.0 1.0
475.5 532.0 306.0 322.0 565.4537254103519 621.8611129434232 1.0 1.0
476.0 526.0 309.0 327.75 567.5015558997804 619.7609225430862 1.0 1.0
469.0 526.5 298.5 320.5 555.9514610844051 616.3786372971607 1.0 1.0
529.5 522.0 284.5 319.25 601.1831045582916 611.886404389073 1.0 1.0
493.5 515.5 286.0 322.5 570.3855306580981 608.069287242994 1.0 1.0
457.0 521.5 298.0 322.0 545.8926917463947 612.8998910816399 1.0 1.0
471.0 526.5 319.5 320.5 569.4553953561788 616.3886345601371 0.0 1.0
435.5 429.0 345.0 330.5 555.5947030677012 542.7732657941078 1.0 1.0
461.5 286.1428571428571 337.5 192.64285714285714 572.1773643785301 345.2841465929438 1.0 0.0
497.0 254.71428571428572 346.0 189.21428571428572 607.9040344498665 318.56704738514145 1.0 0.0
478.5 223.28571428571428 367.0 185.78571428571428 604.0865825352214 291.8499481773391 0.0 0.0
535.0 191.85714285714286 320.0 182.35714285714286 624.1030487098733 265.1328489695368 1.0 0.0
454.0 172.25 313.0 207.0 552.6152656755241 269.2936664577793 1.0 0.0
453.0 172.5 292.0 204.5 539.1070111188626 267.53862474402445 1.0 0.0
485.0 174.25 289.0 204.5 564.5869670066609 268.6722902033189 1.0 0.0
525.0 174.5 291.0 203.0 600.6062379992153 267.695893465184 1.0 0.0
530.0 206.0 290.0 148.0 604.3335403762921 253.66247410218182 0.0 0.0
489.0 200.0 301.0 148.0 574.2230366182946 248.8054692740506 1.0 0.0
492.5 200.25 293.5 147.5 573.3337544303267 248.71410116855884 1.0 0.0
480.5 200.25 287.0 145.5 559.6873923238529 247.5315629195413 1.0 0.0
469.5 201.0 318.0 145.5 567.3123409904788 248.13564844453873 1.0 0.0
476.5 203.25 299.0 145.25 562.5417983493913 249.81620962757893 1.0 0.0
521.5 245.0 345.5 182.5 625.8105149284456 305.5245079276974 1.0 0.0
522.0 431.25 353.5 276.25 630.445204908943 512.8629458443826 1.0 0.0
477.0 553.25 309.5 298.75 568.6829370286187 628.7891496127643 1.0 0.0
471.5 526.25 287.5 309.75 552.240655166383 610.646144726667 1.0 1.0
480.0 521.5 305.0 305.75 568.7046800083122 604.5207398987741 1.0 1.0
476.5 522.5 300.0 311.0 563.0739557802464 608.0523121358391 1.0 1.0
481.0 523.0 289.0 310.0 561.1729618772883 607.9712164239356 1.0 1.0
496.0 522.25 324.5 309.75 592.72108829706 607.1986109014963 0.0 1.0
484.5 522.0 304.0 308.25 572.0351180604935 606.2209440046036 1.0 1.0
468.5 522.5 278.0 306.0 544.7717411907486 605.5099090848968 1.0 1.0
470.5 522.5 277.0 304.0 545.9848966727751 604.5022722029802 1.0 1.0
467.0 522.0 274.0 303.0 541.4473714854644 603.566949894499 1.0 1.0
442.5 521.5 296.5 301.75 532.7301942664474 602.5084921296059 1.0 1.0
466.5 519.0 286.0 315.25 547.1912995432326 607.2497332439095 1.0 1.0
464.0 518.0 282.0 321.5 542.9793480574706 609.6607876278662 1.0 1.0
472.5 520.5 275.5 318.25 546.9942975033731 610.0880030232734 1.0 1.0
543.0 521.25 245.5 314.5 595.9212290583961 608.7810109759405 0.0 1.0
520.0 521.25 253.0 312.0 578.3020153768935 607.4914593737242 1.0 1.0
507.5 521.0 248.0 312.5 564.8693662404472 607.5337983564135 1.0 1.0
459.5 521.5 239.0 318.0 517.9418896631153 610.809209284193 1.0 1.0
471.5 521.0 253.5 319.0 535.4621605379646 610.9026332679844 1.0 1.0
444.5 520.75 286.0 320.0 528.5673033134607 611.2124422736156 1.0 1.0
424.5 518.25 281.0 325.5 509.07912418390737 611.9925361797182 1.0 1.0
414.0 517.25 283.5 329.0 501.7651343008998 613.0159564605585 1.0 1.0
398.0 302.25 285.5 275.0 489.8518489166068 409.4831068127786 1.0 0.0
401.0 126.3 381.0 213.64999999999998 553.4427059530028 263.90137601002414 0.0 0.0
181.25806451612902 48.70000000000001 363.61290322580646 229.85000000000002 414.6377828819715 251.49281552359332 0.0 0.0
138.29032258064515 -1.5 358.06451612903226 279.0 423.51500723910976 279.1266196773704 0.0 0.0
95.32258064516128 29.0 352.51612903225805 334.5 432.39223159624805 335.8967794201722 0.0 0.0
52.35483870967742 17.0 346.9677419354839 335.0 441.26945595338634 335.43441120558055 0.0 0.0
9.387096774193537 16.0 341.41935483870964 335.5 450.14668031052463 335.88475231558954 0.0 0.0
-33.58064516129032 15.5 335.8709677419355 336.5 459.02390466766303 336.85807808348613 0.0 0.0
-76.5483870967742 16.75 330.3225806451613 337.75 467.9011290248013 338.16518697810477 0.0 0.0
-119.51612903225805 16.25 324.7741935483871 338.5 476.7783533819396 338.8898836025669 0.0 0.0
-162.48387096774195 18.5 319.2258064516129 342.25 485.6555777390779 342.7509743029042 0.0 0.0
-205.45161290322582 -100.5 313.6774193548387 347.75 494.5328020962162 368.4752137362485 0.0 0.0
-248.4193548387097 -365.75 308.1290322580645 348.0 503.4100264533545 506.769222532139 0.0 0.0
-291.38709677419354 -559.0 302.5806451612903 354.0 512.2872508104929 661.9200559983602 0.0 0.0
-334.35483870967744 -600.5 297.0322580645161 363.0 521.164475167631 701.693303545261 0.0 0.0
-377.32258064516134 -602.5 291.48387096774195 372.25 530.0416995247695 708.225681732943 0.0 0.0
-420.2903225806451 -678.25 285.93548387096774 382.75 538.9189238819077 779.1766511688288 0.0 0.0
-463.258064516129 -643.5 280.38709677419354 379.0 547.796148239046 746.9683099544333 0.0 0.0
-458.0 -626.0 281.5 379.0 537.7574767240963 731.8263204038917 0.0 0.0
-457.5 -680.75 259.5 388.25 525.9719574273898 784.3395740988225 0.0 0.0
-449.0 -604.75 252.5 382.75 515.1306420971155 715.6967380137987 0.0 0.0
-554.5 -618.75 286.5 382.25 624.4218403983082 727.3643461890892 0.0 0.0
-503.325 -701.5 390.225 390.75 682.1604693937317 803.4546915837673 0.0 0.0
-280.625 -621.25 359.125 386.0 665.9599106893006 731.6904576073103 0.0 0.0
-57.92500000000001 -594.0 328.025 382.5 649.7593519848697 706.592892657056 0.0 0.0
164.77499999999992 -632.75 296.92499999999995 386.0 633.5587932804386 741.9076507538405 0.0 0.0
387.47499999999997 -488.75 265.825 371.75 617.3582345760076 617.3720070798765 0.0 0.0
593.0 -177.25 253.0 305.0 644.7385669359915 352.7807825200099 0.0 0.0
595.5 -93.77272727272728 233.0 229.5568181818182 639.4609249328782 280.64763043728084 0.0 0.0
595.5 -40.13636363636364 264.0 236.9659090909091 651.4007547985318 306.8163750919106 0.0 0.0
593.0 13.5 229.0 244.375 635.6810343052032 332.98511974654036 0.0 0.0
587.0 67.13636363636363 233.0 251.7840909090909 631.5635276103604 359.15386440117015 0.0 0.0
596.5 120.77272727272727 225.5 259.19318181818187 637.7561459700262 385.3226090557999 0.0 0.0
628.5 174.4090909090909 212.0 266.60227272727275 663.3058312059634 411.4913537104296 0.0 0.0
569.0 228.04545454545453 214.5 274.0113636363636 608.6472016888724 437.6600983650594 0.0 0.0
576.55 281.68181818181813 176.5 281.4204545454545 603.1696622942774 463.8288430196892 0.0 0.0
611.95 335.31818181818176 172.5 288.8295454545455 635.9957087215232 489.997587674319 0.0 0.0
668.5 388.95454545454544 172.0 296.2386363636364 690.2911283375992 516.1663323289487 0.0 0.0
632.5 442.59090909090907 258.875 303.64772727272725 685.9384679924779 542.3350769835785 0.0 0.0
599.0 583.25 258.875 300.75 652.565740456284 656.4353806571241 0.0 0.0
595.5 502.75 256.0 302.0 648.2363224244118 586.4861253892202 1.0 0.0
590.5 506.5 260.0 302.5 645.2056382251159 589.9565823302098 1.0 1.0
591.0 511.75 259.0 306.5 645.2613499365734 596.5174713716135 1.0 1.0
598.5 536.25 257.5 310.25 651.5436411505267 619.5594393474107 1.0 1.0
614.0 526.0 265.0 335.25 668.7557695411201 623.8986077628965 1.0 1.0
620.5 557.0 262.0 340.5 673.5462211215606 652.8736383058488 1.0 1.0
630.0 556.0 263.0 333.25 682.692463705291 648.2652947968785 1.0 1.0
630.0 588.75 260.5 322.0 681.7333228186028 671.0854284970287 1.0 1.0
627.0 556.25 258.5 326.0 678.1972159185907 644.9439789545418 1.0 1.0
620.5 518.5 255.5 334.5 671.0443904575666 617.2626705426133 1.0 1.0
616.0 524.5 252.0 337.5 665.552402144264 623.8566558391698 1.0 1.0
550.0 542.5 237.0 318.25 599.0693649063674 628.9618174825907 1.0 1.0
516.0 536.5 303.5 321.0 598.8148896982784 625.2016815609818 0.0 1.0
586.0 534.25 212.5 326.0 623.3462129464605 625.8621763301807 0.0 1.0
586.5 517.25 208.5 342.25 622.4594781849653 620.5782996269203 1.0 0.0
589.0 508.5 210.0 349.5 625.3207912758483 617.10845175531 1.0 1.0
585.5 511.75 210.0 340.75 622.0214296095712 614.8161195990238 1.0 1.0
579.5 510.25 216.0 344.0 618.4466699192686 615.3789387638046 1.0 1.0
580.5 504.6071428571429 219.0 341.5357142857143 620.4365147634028 609.3599831948741 1.0 1.0
557.0 503.03571428571433 248.0 331.67857142857144 611.0758123416956 602.668986584539 1.0 0.0
498.5 501.46428571428567 349.5 321.82142857142856 609.7861099158816 595.9779899742041 0.0 0.0
511.0 499.8928571428571 332.0 311.9642857142857 609.4925405148078 589.286993363869 0.0 0.0
516.0 502.25 326.0 316.5 611.0981225351669 593.6602555442344 0.0 1.0
520.0 498.5 371.0 315.5 642.017764540759 589.9516419570041 0.0 1.0
527.0 510.5 374.5 320.5 649.8343492567585 602.7693071493169 0.0 1.0
542.0 505.25 307.0 325.0 622.9069438731948 600.7533578541239 1.0 1.0
537.0 499.25 342.5 325.75 637.6737625321332 596.1245016242633 1.0 1.0
538.0 501.25 310.5 327.5 621.1873625646631 598.7582530774355 1.0 1.0
567.5 511.5 349.0 331.0 667.0519749124583 609.2565970868918 1.0 1.0
503.25 510.75 399.25 323.5 645.4926291385545 604.5863351717742 0.0 1.0
547.25 487.0 335.5 332.75 645.2698621776103 589.831675748992 0.0 1.0
556.5 489.5 301.0 333.0 632.6873373955135 592.0299275870402 1.0 1.0
551.5 492.5 295.5 333.5 625.6791662362543 594.7930732136135 1.0 1.0
536.0 493.25 282.0 340.5 605.6746303124589 599.3711153617055 1.0 1.0
527.5 493.25 284.5 346.5 599.3300691105139 602.7943113766253 0.0 1.0
503.0 489.75 292.5 349.75 581.8641556896791 601.8140397838713 0.0 1.0
510.5 496.0 297.5 347.75 590.8608663456821 605.7687282789307 0.0 1.0
510.0 479.5 297.5 352.5 590.4289584048199 595.1274179326297 0.0 1.0
510.0 476.25 299.5 353.375 591.4392417431284 593.0387092087558 0.0 1.0
509.5 477.0 301.0 354.5 591.7705008456102 594.3272267547015 0.0 0.0
512.5 443.42857142857144 299.5 296.17857142857144 593.5964002223451 533.5954193192158 0.0 0.0
516.5 439.1428571428571 300.5 268.8928571428571 597.5555930433613 516.1806378202966 0.0 0.0
489.5 434.8571428571429 334.5 241.60714285714286 594.9644289008363 498.7658563213773 0.0 0.0
469.5 430.57142857142856 316.0 214.32142857142856 565.955634722121 481.35107482245803 1.0 0.0
469.0 431.25 319.5 309.25 567.5153047309037 531.1090186319577 1.0 0.0
483.5 477.5 305.0 340.5 571.804393696654 586.4711723902051 1.0 1.0
465.0 495.0 304.0 334.5 555.5551293030627 597.4242348616868 1.0 1.0
486.5 497.5 296.5 339.75 569.777902375798 602.4498142122225 1.0 1.0
495.0 502.75 305.5 351.0 581.9025173074132 613.155173619686 1.0 1.0
476.0 488.5 285.0 350.0 554.798487151606 600.9440636346715 1.0 1.0
469.5 520.75 306.0 334.0 560.4186448067101 619.5272883678981 1.0 1.0
487.5 574.5 301.0 317.75 573.0111988285853 656.5202171700107 1.0 1.0
471.875 599.75 302.875 319.25 560.7132850543293 679.4267726159176 0.0 1.0
486.0 580.25 328.0 327.5 587.4774521711148 666.2971288126646 1.0 1.0
515.0 574.25 312.5 329.0 602.9709338795403 661.8192451346076 1.0 1.0
461.0 570.5 265.5 331.25 531.9995284202599 659.6975631348378 1.0 1.0
493.0 569.0 318.5 331.75 586.9880143727701 658.6586768634513 1.0 1.0
515.0 564.5 330.0 336.5 611.671576804121 657.1879836212474 1.0 1.0
494.5 426.5 313.0 301.25 585.2377724343703 522.9220142678407 1.0 0.0
491.0 197.75 301.0 243.25 575.9247022604948 313.50132970519644 1.0 0.0
501.0 176.25 315.5 225.5 592.1645476741817 286.2069433973176 1.0 0.0
521.0 170.5 319.0 223.0 611.2530455416614 280.7124699860366 1.0 0.0
487.5 169.25 334.5 220.75 591.4420015395408 278.1657626909511 1.0 0.0
489.0 179.5 300.0 194.25 573.7990285079424 265.5598703586894 1.0 0.0
501.0 188.5 334.0 145.5 602.3134488519372 238.12336359795654 1.0 0.0
495.0 191.5 285.5 146.75 571.4341067475013 241.2640094217375 1.0 0.0
493.0 194.25 296.0 147.0 575.0585596449533 243.6022667340206 1.0 0.0
495.0 196.0 299.0 149.0 578.2960806902046 246.20538491844013 1.0 0.0
499.0 186.25 320.5 137.25 593.1074202313105 231.41226337790243 1.0 0.0
494.5 180.75 222.5 101.25 542.2536072296277 207.81051261348966 0.0 0.0
495.5 177.30769230769232 225.5 21.78846153846154 544.4013643573014 179.07377188251183 1.0 0.0
500.0 176.53846153846155 223.0 28.942307692307693 547.4757952995451 180.87603229670896 1.0 0.0
501.0 175.76923076923077 221.0 36.09615384615385 547.5784959964626 182.67829271090613 1.0 0.0
499.0 175.0 220.0 43.25 545.350961125671 184.4805531251033 1.0 0.0
479.0 174.23076923076923 211.5 50.40384615384615 523.6301660113332 186.28281353930043 1.0 0.0
443.5 173.46153846153845 188.0 57.55769230769231 481.7230723878806 188.0850739534976 0.0 0.0
492.0 172.69230769230768 202.0 64.71153846153847 531.853369683987 189.88733436769476 0.0 0.0
495.0 171.9230769230769 199.5 71.86538461538461 533.6902909401849 191.6895947818919 0.0 0.0
490.0 171.15384615384613 195.0 79.01923076923077 527.3807357300482 193.4918551960891 0.0 0.0
491.0 170.38461538461536 206.5 86.17307692307693 532.6838493306499 195.29411561028624 0.0 0.0
510.0 169.61538461538464 275.5 93.32692307692308 579.6815365807031 197.0963760244834 0.0 0.0
435.0 168.84615384615387 307.5 100.48076923076923 533.0562364210348 198.89863643868057 0.0 0.0
481.0 168.0769230769231 323.0 107.63461538461539 580.9005709573302 200.70089685287772 0.0 0.0
516.5 173.5 291.0 143.25 592.8349772376384 225.84866987748902 1.0 0.0
526.0 168.25 285.0 177.25 598.2489752651884 244.53447678064975 1.0 0.0
535.0 172.25 308.5 207.0 617.9508730661585 269.37429876046417 1.0 0.0
480.5 182.5 376.5 257.5 613.1576454559004 315.6177907305603 1.0 0.0
486.0 183.25 318.0 260.75 580.8590242870196 318.7023035105291 1.0 0.0
466.0 185.75 276.0 263.25 541.6151691966693 322.18594307987104 1.0 0.0
472.5 186.75 270.0 265.5 544.2024015439201 324.6043628058808 1.0 0.0
497.0 186.25 293.5 267.75 577.2892141219705 326.1621273166162 1.0 0.0
526.5 184.25 305.5 270.0 608.7976454912928 326.8768435245337 1.0 0.0
527.5 185.5 316.0 267.25 614.9419862992936 325.3214944986778 1.0 0.0
531.5 187.5 311.0 265.25 615.8228933676331 324.82998651372475 1.0 0.0
542.5 187.75 305.5 265.75 622.6334197148449 325.38318591510915 1.0 0.0
548.0 187.75 329.0 263.5 639.2911979247128 323.5472798561234 1.0 0.0
550.0 193.21875 336.0 240.84375 644.6830657697756 311.4113135562857 1.0 0.0
539.0 198.84375 320.5 209.96875 627.1042337191117 293.71994188968995 1.0 0.0
537.0 204.46875 317.0 179.09375 623.6277588984535 276.0285702230942 1.0 0.0
534.0 210.09375 316.5 148.21875 620.75279842602 258.3371985564985 1.0 0.0
537.0 195.5 304.0 202.0 617.0972557223733 281.13823894154035 1.0 0.0
535.5 186.25 300.5 257.75 614.0528995001719 318.01357241205807 1.0 0.0
542.5 184.5 302.0 261.0 620.9078015022982 319.6269962000059 1.0 0.0
568.5 184.25 299.5 260.5 642.6650129134714 319.0743129943727 1.0 0.0
584.0 183.5 387.5 260.5 700.8684305050585 318.64177835018 0.0 0.0
565.5 185.0 364.5 262.0 672.8339242568163 320.732235398875 1.0 0.0
562.0 305.0 376.5 293.0 676.4769757178046 423.8473557305944 1.0 0.0
474.0 373.0 318.5 336.0 571.3957272150185 505.65510452958836 0.0 0.0
465.0 459.75 324.5 322.0 567.161869109116 561.29825278725 0.0 1.0
434.5 473.5 328.0 324.0 544.4079887434455 573.7416464525892 1.0 1.0
468.5 473.25 333.5 318.75 575.2285004316245 570.7301494072206 1.0 1.0
465.5 501.75 333.5 310.75 572.7843527056037 590.188059717208 1.0 1.0
498.5 513.5 341.5 323.0 604.25539290192 606.6706398181043 1.0 1.0
447.0 519.5 343.5 335.5 563.7459070160601 618.418969834483 0.0 1.0
503.0 506.75 362.0 341.5 619.9970328267705 611.1440476083765 1.0 1.0
501.5 497.5 470.5 346.125 687.7799893195717 606.0600607230872 0.0 1.0
503.25 504.0 461.25 343.0 685.1359588280328 609.6785309170347 0.0 1.0
493.25 497.0 315.25 348.5 585.448453686721 607.0101584035256 0.0 1.0
503.25 502.5 284.5 348.5 578.2822488377292 611.5315489278206 1.0 1.0
456.0 499.0 276.0 353.5 533.03928834416 611.5254830838309 1.0 1.0
454.5 511.0 273.5 350.0 530.4522065849358 619.3796845816496 1.0 1.0
454.25 514.5 285.75 349.0 536.6601995480373 621.7004272298054 1.0 1.0
500.25 515.5 281.75 347.5 574.7061498962535 621.6894153504917 1.0 1.0
523.75 514.5 291.25 344.5 599.7260048135181 619.192215990702 0.0 1.0
466.75 514.5 306.5 340.0 558.3886042105343 616.6960367682382 0.0 1.0
479.0 513.5 245.0 336.5 538.0663489616745 613.9340186209873 0.0 1.0
479.25 521.5 248.75 338.0 540.0243036982727 621.4712305134899 0.0 1.0
476.25 505.41666666666663 251.0 313.54166666666663 538.3694303945254 595.2098499863332 0.0 1.0
474.0 463.08333333333337 252.0 259.70833333333337 536.8517915065145 532.4944623322557 0.0 0.0
436.5 420.75 237.5 205.875 496.92912684366706 469.7790746781783 1.0 0.0
438.25 423.5 239.0 206.0 499.18349775842603 471.43195700096396 1.0 0.0
474.5 479.5 255.0 325.5 538.6961762818569 579.9881316515757 1.0 0.0
511.25 538.5 269.5 324.0 577.9340921727797 630.5919781558056 0.0 0.0
462.0 598.5 248.0 301.5 524.354976283684 670.1531986321618 0.0 1.0
476.75 592.5 268.75 310.0 547.3317201129316 668.6976031088573 0.0 1.0
521.25 589.0 267.25 311.0 585.7802577934501 666.0651818035042 0.0 1.0
533.25 585.0 268.5 308.0 597.0515825819723 661.1281754434157 0.0 1.0
553.75 579.5 318.0 307.5 638.6511755406748 656.0308929391549 0.0 1.0
569.0 575.0 271.0 311.0 630.2410919531242 653.7174154231027 0.0 1.0
568.75 569.5 269.75 313.5 629.4773513785876 650.0880456004193 1.0 1.0
560.75 525.0 270.75 315.0 622.693864300526 612.5715830659791 1.0 1.0
562.25 546.375 270.25 325.125 623.82872877085 635.9272583523589 1.0 1.0
579.0 575.0 362.0 330.75 684.0369568081226 663.3413424027108 1.0 1.0
512.0 576.25 265.0 334.5 576.5178035127637 666.2999966613118 0.0 1.0
479.5 574.75 344.0 335.5 595.3027102629308 665.506979079119 0.0 1.0
437.5 576.0 335.0 336.0 551.0446103651308 666.8376261865862 1.0 1.0
443.5 581.25 320.5 336.0 547.2276644789494 671.3773738770144 1.0 1.0
476.0 569.5 283.5 336.0 554.7973883676193 661.2319750161962 1.0 1.0
440.0 562.75 290.0 334.5 526.9839271442128 654.6587111890282 1.0 1.0
443.0 556.0 273.0 334.5 520.7196801293488 648.8653616753566 1.0 1.0
491.0 551.25 299.0 333.25 575.676270252002 644.1523068699194 1.0 1.0
482.0 545.75 297.5 333.0 566.8103182149503 639.3217479716672 0.0 1.0
474.0 540.75 291.5 332.5 556.7218296257934 634.7970078552819 1.0 1.0
435.0 533.0 325.5 333.0 543.5675826216943 628.4751848092432 1.0 1.0
429.5 526.5 270.0 334.0 507.31958273314723 623.5055473346134 1.0 1.0
418.0 523.75 287.0 335.25 507.05534989131576 621.8575977732736 1.0 1.0
421.0 524.25 275.0 336.0 503.1135258318794 622.682969654737 1.0 1.0
513.5 527.0 286.5 335.75 588.0196197433893 624.8658195350881 0.0 1.0
519.0 530.75 285.5 335.75 592.3443024929879 628.0317140356761 1.0 1.0
523.0 536.5 284.0 336.0 595.1346299143554 633.0310044822825 1.0 1.0
527.0 540.75 282.0 337.5 597.7068328164804 637.4300470764828 1.0 1.0
532.0 544.0 282.5 338.0 602.3551745191107 640.4532323581864 1.0 1.0
528.0 544.5 319.0 338.0 617.9774349185727 640.8782816166677 1.0 1.0
535.5 538.5 280.0 341.0 604.2849079697423 637.3938075932232 1.0 1.0
532.5 530.0 284.0 346.0 603.5328210358473 632.9472517664432 1.0 1.0
515.0 541.75 243.0 344.25 569.4506996800841 641.8747919975926 0.0 1.0
512.5 542.0 240.0 345.0 565.9650159364087 642.4865860591153 1.0 1.0
518.0 528.5 248.0 348.5 574.307517369125 633.1512776941129 1.0 1.0
520.0 431.0 245.5 373.0 575.0397614396381 570.277294575289 1.0 0.0
516.5 421.17499999999995 241.0 353.01250000000005 569.9590698779211 551.1626127642553 1.0 0.0
446.0 392.07500000000005 234.5 344.36249999999995 504.24266901839746 525.3572273611566 0.0 0.0
450.43055555555554 362.975 120.84722222222223 335.7125 466.8149547001554 499.5518419580578 0.0 0.0
446.15277777777777 333.875 106.23611111111111 327.0625 460.67145333717696 473.7464565549592 0.0 0.0
441.875 304.775 91.625 318.4125 454.5279519741985 447.94107115186046 0.0 0.0
437.59722222222223 275.67499999999995 77.01388888888889 309.76250000000005 448.3844506112201 422.13568574876183 0.0 0.0
433.31944444444446 246.575 62.40277777777778 301.11249999999995 442.2409492482417 396.3303003456631 0.0 0.0
429.04166666666663 217.475 47.791666666666664 292.4625 436.09744788526325 370.52491494256446 0.0 0.0
424.7638888888889 188.37499999999997 33.180555555555564 283.8125 429.9539465222848 344.7195295394657 0.0 0.0
420.4861111111111 159.275 18.56944444444445 275.1625 423.81044515930637 318.9141441363671 0.0 0.0
416.20833333333337 190.0 3.9583333333333357 284.0 417.6669437963279 345.6934696078224 0.0 0.0
446.0 217.25 60.0 334.25 454.30475852379425 398.6715485384607 0.0 0.0
482.0 217.0 173.5 352.0 512.3157508778504 413.5147770545255 0.0 0.0
498.5 219.5 185.5 354.75 532.0649508993665 417.1667523316271 1.0 0.0
509.125 221.5 186.375 359.5 542.2488003175024 422.25888835028536 0.0 0.0
516.5 222.75 186.0 361.5 548.9701735328651 424.6172570043876 1.0 0.0
476.0 211.5 208.0 372.5 521.5226050175465 428.5367086013328 1.0 0.0
449.0 201.0 146.0 386.5 472.14221847590943 435.6417438489786 0.0 0.0
454.0 201.25 181.5 390.5 488.93626682849384 439.3083342558324 0.0 0.0
458.5 200.5 182.5 390.5 493.49293062233477 438.9657585801777 0.0 0.0
378.5 199.0 244.5 389.5 450.78743442733344 437.39146930771267 0.0 0.0
419.0 198.0 228.5 389.0 480.820716647925 436.491922672099 0.0 0.0
436.5 198.0 243.5 388.0 504.3324921939096 435.6009622892673 0.0 0.0
476.5 265.375 188.0 342.75 512.2810801597354 454.692762061849 0.0 0.0
414.0 355.875 248.0 282.41666666666663 483.3547395328838 480.45152472556185 0.0 0.0
452.0 446.375 315.5 222.08333333333331 553.3159238948044 506.21028738927464 0.0 0.0
421.5 451.25 269.5 282.5 500.31497520387984 532.4621426730872 1.0 0.0
431.0 525.5 284.0 330.25 516.2549112574217 620.6932622229374 1.0 1.0
409.0 519.75 290.5 328.5 502.2847254094811 614.8609407245583 1.0 1.0
457.5 515.25 265.5 330.0 529.5615812410656 611.8710554962981 1.0 1.0
460.5 518.5 266.5 325.0 532.6279028012299 611.9377398083789 0.0 1.0
512.0 517.5 309.5 328.5 599.38700086982 612.9625564344109 0.0 1.0
527.5 511.5 335.0 331.5 624.9308630386015 609.5321469965776 1.0 1.0
521.5 512.0 292.0 334.5 598.0507851200773 611.5939244483916 1.0 1.0
518.5 504.75 289.5 338.0 594.1448331130981 607.4780455549981 1.0 1.0
534.5 499.0 280.5 343.0 603.6311326177926 605.5279800687674 1.0 1.0
540.5 502.25 290.5 349.75 613.6209693031565 612.0305602299044 1.0 1.0
524.5 503.75 286.0 353.0 597.4540927093719 615.1207351168216 1.0 1.0
506.0 504.0 283.0 355.5 579.7629339375732 616.7639357795913 1.0 1.0
510.0 505.0 281.0 356.5 582.2898430624618 618.1564663173895 1.0 1.0
563.0 506.0 286.5 356.0 631.8398505488245 618.6862443113473 1.0 1.0
584.5 506.0 324.5 353.0 669.6533438241892 616.9665230449642 1.0 1.0
578.5 498.0 345.0 336.75 674.4826289998731 601.1707429493387 0.0 1.0
544.0 493.0 314.0 331.0 628.1362629589514 593.810132325561 1.0 1.0
506.5 514.0 332.5 348.25 605.897903921288 620.865885700057 1.0 1.0
497.5 513.75 323.5 349.5 593.4991545925512 621.3611022945431 1.0 1.0
597.0 513.75 269.0 350.75 654.8182941043851 622.0649917104345 0.0 1.0
556.375 514.0 200.25 352.0 591.3999924435304 622.9768616775059 0.0 1.0
535.875 514.5 205.25 350.5 574.1168345758457 622.5445586971368 0.0 1.0
515.375 515.75 210.25 349.75 556.833676708161 623.1559642668108 0.0 1.0
508.0 514.5 227.5 348.25 556.6886172638303 621.2795797123777 0.0 1.0
524.0 488.0 252.0 354.0 581.4683418401731 603.2161803525532 0.0 1.0
518.5 489.0 276.0 351.5 587.4222151938463 602.2347513451148 0.0 1.0
518.3 497.0 269.20000000000005 348.25 584.0424041486513 606.8667928255882 0.0 1.0
518.7 501.75 270.79999999999995 349.25 585.1361635070392 611.3335605309705 0.0 1.0
494.5 507.5 240.5 351.25 550.1654301518518 617.2014592536351 0.0 1.0
466.0 512.25 201.0 354.5 507.5374391280994 622.9543482057886 0.0 1.0
465.5 512.5 193.75 357.5 504.2118562864031 624.8711975539304 0.0 1.0
468.0 518.5 194.5 360.25 506.80930719398975 631.365540657389 1.0 1.0
466.5 523.0 191.5 362.75 504.2762497411146 636.4883146803303 1.0 1.0
468.5 511.25 186.0 351.25 504.07208956453184 620.2897128182749 1.0 1.0
470.5 495.625 185.5 327.625 505.7483222612477 594.3049093156296 1.0 0.0
471.0 489.79166666666663 188.0 310.45833333333337 507.1341045522377 580.1381822393394 1.0 0.0
471.5 483.95833333333337 187.5 293.29166666666663 507.41395495566707 565.9714551630493 1.0 0.0
542.5 478.25 285.5 329.25 613.4713717269503 581.1250822729148 0.0 0.0
489.5 536.0 265.0 354.75 556.6323142775686 642.7780393960554 0.0 0.0
460.0 522.5 284.0 368.0 541.7599357340582 639.0940845437875 0.0 1.0
426.5 520.0 290.0 370.5 515.917062547139 638.4913665255103 0.0 1.0
536.5 517.0 247.5 372.5 590.8372924344865 637.2169289720068 0.0 1.0
599.875 515.5 254.125 372.0 651.5728300713611 635.7077438629874 0.0 1.0
595.5 524.0 262.5 367.0 651.4018163851858 639.7382277150554 0.0 1.0
582.0 524.0 230.0 366.0 625.7989325080669 639.1656061652259 0.0 1.0
562.5 525.5 283.0 363.25 629.6797104108275 638.8283218283599 0.0 1.0
581.5 526.5 304.5 356.75 656.6072951998427 635.984121414328 1.0 1.0
535.5 529.75 293.5 351.5 610.6632659184786 635.7594539038989 1.0 1.0
512.0 530.75 348.5 348.25 619.945378439486 634.8040532087342 1.0 1.0
524.5 530.5 303.5 345.5 605.9806828512337 633.0883187394563 1.0 1.0
515.0 527.75 319.0 343.5 605.8609625730376 629.6926273413712 1.0 1.0
520.5 525.25 293.5 344.0 597.6071640974169 627.8752462728357 1.0 1.0
508.5 523.25 291.5 346.75 586.1288986117355 627.7156537709601 1.0 1.0
508.0 522.5 272.5 347.5 576.4760527789142 627.5051181718223 1.0 1.0
518.0 530.5 270.5 351.5 584.3751319523583 636.3932318457012 1.0 1.0
525.5 539.25 265.5 353.25 588.8228946236811 644.6519725749204 1.0 1.0
526.0 538.75 266.0 353.0 589.5116509754229 644.0967641417371 1.0 1.0
507.0 532.5 298.0 353.0 589.5894696934092 638.8924854912565 1.0 1.0
482.0 527.0 306.0 353.0 570.9649977460028 634.3012051167514 1.0 1.0
485.0 526.5 300.5 352.5 570.551516910954 633.6075283643653 1.0 1.0
484.5 526.25 298.0 351.5 568.8095023819486 632.8438447052781 1.0 1.0
488.5 526.0 301.0 351.0 573.788566282919 632.3584212894799 1.0 1.0
487.0 526.5 303.5 351.0 573.8342545245407 632.7746287338439 1.0 1.0
488.5 526.25 302.5 350.5 574.5768235824808 632.2889621885467 1.0 1.0
479.5 528.0 298.5 350.5 564.8217002101416 633.7462634753879 1.0 1.0
484.5 520.75 307.0 351.25 573.5762112165368 628.151378826285 1.0 1.0
510.5 511.21875 316.5 345.46875 600.7111224725345 617.0497530288933 1.0 0.0
508.0 508.84375 358.5 338.09375 621.9877300047262 611.0005178754811 1.0 0.0
502.0 506.46875 329.0 330.71875 600.2228823319958 604.9512827220692 1.0 0.0
502.0 504.09375 320.0 323.34375 595.3189994152622 598.902047568657 1.0 0.0
497.0 500.0 311.5 330.0 586.5616471427309 599.0897947554444 1.0 1.0
496.5 499.75 311.0 339.75 585.8617313042344 604.3228189113086 1.0 1.0
491.0 507.25 299.5 335.75 575.1366341582536 608.3023140587761 1.0 1.0
490.5 516.5 294.0 332.5 571.8639496642875 614.2795997700034 1.0 1.0
493.0 521.75 299.5 334.25 576.8942844145361 619.6353097647532 1.0 1.0
491.5 521.5 294.0 336.75 572.7330926079155 620.7766303800804 1.0 1.0
481.5 521.0 277.5 339.75 555.7804411200632 621.9896352448192 1.0 1.0
513.5 522.5 281.5 342.0 585.5979514659309 624.476233995792 1.0 1.0
513.0 520.25 282.5 345.75 585.6412820768235 624.6632741760588 1.0 1.0
512.0 517.75 285.5 348.25 586.2207030453013 623.9745255155403 1.0 1.0
510.5 519.25 292.5 349.25 588.3593189639026 625.7811598478806 1.0 1.0
498.5 520.25 287.5 349.5 575.4649082641718 626.746199337586 1.0 1.0
330.5 516.75 310.0 349.5 454.1983684156377 623.8448536743172 0.0 1.0
81.69444444444444 513.0 220.47222222222223 348.0 239.48972446494147 619.8975864705712 0.0 1.0
38.47222222222223 511.0 204.36111111111111 347.25 226.21023758077618 617.8216312282099 0.0 1.0
-4.75 515.75 188.25 345.0 212.9307506966109 620.5022818822547 0.0 1.0
-47.972222222222214 519.5 172.1388888888889 350.5 199.6512638124456 626.682150839694 0.0 1.0
-91.19444444444444 520.5 156.02777777777777 350.5 186.3717769282803 627.5113690988185 0.0 1.0
-137.0 520.75 228.0 351.5 265.99668187258976 628.2779000895216 0.0 1.0
-96.0 520.5 234.0 351.75 252.96766071381933 628.2104387904828 0.0 1.0
-169.5 520.25 244.0 351.5 297.14432900976124 627.8633068498835 0.0 1.0
-154.5 520.25 251.0 351.5 295.86459441181967 627.8633068498835 0.0 1.0
-134.30555555555554 520.0 250.25 351.25 284.1617413746553 627.5161892623598 0.0 1.0
-119.52777777777777 518.75 239.25 350.25 268.05201094824315 625.9209358812993 0.0 1.0
-104.75 517.75 228.25 349.5 251.94228052183087 624.6721796787187 0.0 1.0
-89.97222222222221 518.0 217.25 348.75 235.83255009541864 624.4602210422697 0.0 1.0
-75.19444444444444 518.5 206.25 349.0 219.72281966900638 625.014599829476 0.0 1.0
-71.5 518.75 226.5 349.0 237.65234131743472 625.2223914851617 0.0 1.0
-58.5 496.25 233.5 353.5 240.90729053860244 609.4859038504194 0.0 1.0
-104.5 477.75 269.5 355.25 291.728472265831 595.3570679179285 0.0 1.0
47.5 474.0 187.5 351.5 193.59390132318256 590.1135965480223 0.0 1.0
-0.5 475.25 186.0 355.25 189.75089792924234 593.3507630206522 0.0 1.0
-3.0 477.0 180.5 355.5 184.0967817137601 594.9027319049775 0.0 1.0
-19.5 469.0 179.5 348.5 181.51249527162264 584.305793769388 0.0 1.0
-18.0 468.5 226.5 348.0 227.68972288061894 583.6062456828233 0.0 1.0
-10.0 469.0 206.0 343.0 206.2435550178196 581.058308620336 0.0 1.0
-28.0 475.75 216.5 352.0 218.313010153317 591.8125417819608 0.0 1.0
-31.0 476.0 214.0 351.5 216.23385092637778 591.716496120194 0.0 1.0
28.0 501.25 194.5 346.5 197.04414073897658 609.3633477922117 0.0 1.0
271.5 505.0 202.5 348.5 339.84762867453634 613.5781560587546 0.0 1.0
265.0 507.25 270.5 350.0 380.9545451625295 616.281252885809 0.0 1.0
278.5 507.0 213.5 350.0 350.919555325483 616.0754823883191 0.0 1.0
269.5 507.0 200.0 350.0 336.0856447152378 616.0754823883191 0.0 1.0
319.04999999999995 508.5 150.05 349.75 360.1227640072434 617.1689816777564 0.0 1.0
366.45000000000005 508.5 99.44999999999999 349.0 386.7252321173481 616.7440852741145 0.0 1.0
429.0 506.5 113.0 348.5 445.7206005482278 614.812638392191 0.0 1.0
528.0 505.0 267.5 348.75 591.9846733858931 613.7194838179689 0.0 1.0
535.5 507.5 281.0 350.25 604.7489377878715 616.6290163032224 1.0 1.0
533.0 507.75 288.0 349.75 605.8331764761745 616.5510894447757 1.0 1.0
469.0 506.75 291.5 349.75 552.2142006728013 615.7278180628888 0.0 1.0
487.5 507.0 243.0 350.0 547.2334948461425 616.0755023007484 0.0 1.0
306.16666666666663 506.5 307.6666666666667 350.5 613.3240629955242 615.9485213489725 0.0 1.0
45.7222222222222 506.5 306.55555555555554 350.0 646.0352005293062 615.6644653104349 0.0 1.0
-214.72222222222223 506.75 305.44444444444446 350.5 678.7463380630882 616.1540657372036 0.0 1.0
-475.16666666666674 506.5 304.3333333333333 350.25 711.4574755968702 615.8062639999196 0.0 1.0
-661.5 506.25 242.5 349.75 706.631834446814 615.3162837460725 0.0 1.0
-574.5 507.0 269.5 349.25 634.5865916280978 615.649742050301 0.0 1.0
-549.5 506.25 266.5 349.25 610.7147605948517 615.0325389868166 0.0 1.0
-537.5 505.5 264.5 349.25 599.0547152971837 614.4150509270453 0.0 1.0
-535.0 505.5 284.5 348.5 606.1905665769657 613.9891444135394 0.0 1.0
-530.5 504.75 265.5 346.25 593.2693810625589 612.0969392442564 0.0 1.0
-544.5 465.75 308.5 346.5 625.8273972750037 580.755551040595 0.0 1.0
-543.0 287.0 302.0 328.5 621.3316344755029 436.2873959618572 0.0 0.0
-543.5 176.9318181818182 301.0 295.5 621.2837043731299 416.7423993891569 0.0 0.0
-539.5 82.8409090909091 275.0 295.5 605.9716010720904 458.4573009809401 0.0 0.0
-541.0 -11.25 303.5 295.5 620.3170583097811 500.1722025727232 0.0 0.0
-543.0 -105.3409090909091 303.5 295.5 622.062124757793 541.8871041645064 0.0 0.0
-543.5 -199.43181818181822 302.5 295.5 622.011655839342 583.6020057562896 0.0 0.0
-542.5 -293.52272727272725 301.5 295.5 620.6517040132626 625.3169073480726 0.0 0.0
-543.0 -387.6136363636364 299.5 295.5 620.1204755425372 667.0318089398559 0.0 0.0
-545.5 -481.7045454545455 298.0 295.5 621.5901299372083 708.7467105316391 0.0 0.0
-544.5 -575.7954545454545 298.0 295.5 620.7127416304747 750.4616121234221 0.0 0.0
-545.0 -669.8863636363637 305.0 295.5 624.5428357188641 792.1765137152054 0.0 0.0
-543.5 -763.9772727272727 316.5 300.0 628.9395578537647 833.8914153069884 0.0 0.0
-542.0 -742.0 319.5 313.0 629.1615499554794 805.3178636400305 0.0 0.0
-551.5 -723.0 338.0 324.75 646.8430999277381 792.597499211345 0.0 0.0
-607.0 -701.75 338.5 315.5 695.380140636606 769.4116262986556 0.0 0.0
-541.5 -705.75 326.0 319.0 632.0591119020623 774.4960068720549 0.0 0.0
-541.5 -681.0 323.0 319.5 630.5166770377584 752.225726596251 0.0 0.0
-505.5 -676.0 335.0 319.5 606.6850440994076 747.7033091428239 0.0 0.0
-502.0 -685.0 356.0 314.5 615.4185603623555 753.8568991042553 0.0 0.0
-494.5 -642.5 353.0 328.0 607.5683116478015 721.3813672071549 0.0 0.0
-487.0 -639.25 328.5 324.0 587.7102350289085 716.670683231586 0.0 0.0
-481.5 -630.5 312.5 327.5 574.0196441639719 710.4833182202549 0.0 0.0
-476.0 -618.75 308.0 342.25 566.9592750123678 707.2911141786826 0.0 0.0
-475.5 -703.75 309.5 360.0 567.3542276342573 791.8923530230584 0.0 0.0
-476.0 -793.25 310.0 324.5 568.0458383401215 857.0565218528127 0.0 0.0
-477.0 -759.5 306.5 356.0 566.9843671629989 838.7949805498033 0.0 0.0
-476.5 -727.0 300.5 360.0 563.3405463266837 811.2517789419221 0.0 0.0
-477.0 -730.5 300.5 359.5 563.7637218873223 814.207672166493 0.0 0.0
-480.0 -735.5 299.0 358.5 565.520943556108 818.2192082035332 0.0 0.0
-520.0 -702.5 296.5 359.0 598.5919025542967 789.0665344855281 0.0 0.0
-520.5 -722.0 325.0 344.0 613.9902173418727 800.9473983872213 0.0 0.0
-521.5 -597.5 329.5 331.25 617.2224676123814 683.1787780362985 0.0 0.0
-526.5 -609.75 331.5 333.5 622.5888073859687 694.9964900509368 0.0 0.0
-533.0 -608.25 363.5 334.75 645.1528244220564 694.2807359426416 0.0 0.0
-573.0 -605.75 347.0 336.75 669.8793382243646 693.0625856883464 0.0 0.0
-520.0 -599.75 338.5 341.75 621.0477233324971 690.291908457793 0.0 0.0
-531.0 -592.25 283.5 343.5 602.0823527654429 684.6556021213615 0.0 0.0
-629.5 -588.75 314.5 346.0 703.6935012067484 682.8930176618112 0.0 0.0
-647.0 -587.125 318.0 347.25 720.9272592871935 682.1293328103268 0.0 0.0
-654.0 -585.0 316.5 349.0 726.5613801559696 681.1945440764202 0.0 0.0
-655.0 -587.0 316.5 351.0 727.4598672061463 683.9371316137178 0.0 0.0
-654.25 -589.5 258.75 350.5 705.6215717491235 685.8285972703025 0.0 0.0
-719.5 -589.0 340.0 350.0 795.7901464069893 685.1431855897576 0.0 0.0
-734.0 -587.5 364.5 349.5 819.5222309391703 683.5982006997971 0.0 0.0
-744.5 -588.0 355.5 347.5 825.0865264328145 683.008283049299 0.0 0.0
-757.5 -605.0 345.75 348.5 832.679291904205 698.240069315088 0.0 0.0
-777.75 -634.5 420.5 350.5 886.2837221099812 724.930995199141 0.0 0.0
-777.875 -654.5 491.5 352.5 920.1462563088646 743.5564107541024 0.0 0.0
-773.375 -591.5 493.5 350.0 917.4240719838723 687.29342350993 0.0 0.0
-754.0 -592.5 415.75 346.5 863.239071629524 686.4079713746181 0.0 0.0
-753.25 -618.5 411.75 344.5 860.4065232706321 708.0744349272237 0.0 0.0
-745.0 -617.0 344.0 342.5 820.5857931592783 705.6878450098997 0.0 0.0
-745.5 -724.5 349.0 343.5 823.1483309657074 802.9654424037856 0.0 0.0
-682.25 -615.5 335.75 343.5 760.391055244314 704.8637902263076 0.0 0.0
-672.5 -614.5 331.75 341.5 749.8767379835404 703.0168497329419 0.0 0.0
-620.25 -613.0 312.0 339.0 694.3452159314147 700.49272555162 0.0 0.0
-646.75 -619.5 320.5 338.0 721.8083497920045 705.7084685983364 0.0 0.0
-629.0 -617.5 318.5 337.0 705.0436411177162 703.4737432005279 0.0 0.0
-624.25 -616.5 315.25 331.5 699.3390759324504 699.974969949433 0.0 0.0
-642.5 -618.0 225.5 322.5 680.9257488538856 697.0869744874021 0.0 0.0
-645.25 -613.5 224.5 313.0 683.1994371311455 688.7322358681388 0.0 0.0
-613.0 -602.5 311.5 307.0 687.6136047621436 676.2065143134898 0.0 0.0
-579.25 -608.5 299.0 300.5 651.8680141988726 678.6593092073567 0.0 0.0
-594.0 -543.5 306.0 297.0 668.1856686697042 620.1988218312009 0.0 0.0
-581.75 -475.125 303.75 268.25 656.2779927858305 545.7979686796335 0.0 0.0
-577.875 -380.77272727272725 305.0 245.04545454545456 653.4272560176707 501.57102768424807 0.0 0.0
-579.5 -257.1363636363636 309.0 227.77272727272725 656.7352993685759 451.3624557363752 0.0 0.0
-602.0 -133.49999999999997 322.0 210.5 682.7099067570255 401.1538837885024 0.0 0.0
-579.0 -9.863636363636346 301.0 193.22727272727275 652.5663086944342 350.94531184062953 0.0 0.0
-575.0 113.77272727272731 299.5 175.95454545454544 648.3312861212984 300.73673989275676 0.0 0.0
-562.0 202.75 296.5 212.25 635.4182122303496 295.8441800666643 0.0 0.0
-560.0 191.75 297.5 300.0 634.118936784901 356.04519202330556 0.0 0.0
-553.5 196.25 324.5 312.0 642.1432662862832 368.6054717630914 0.0 0.0
-549.0 199.0 323.0 323.0 637.4000579894889 379.381645016242 0.0 0.0
-544.5 204.0 318.5 360.75 631.2128384916541 414.6366044554039 0.0 0.0
-588.0 197.5 280.0 469.5 652.0488417119234 509.4210263163959 0.0 0.0
-652.0 189.0 259.0 499.0 701.6458678761849 533.596756145768 0.0 0.0
-771.0 186.75 285.0 501.75 821.9941933526019 535.3781847165219 0.0 0.0
-810.5 185.0 294.5 499.0 862.345979667661 532.1898183619561 0.0 0.0
-831.0 168.25 297.5 544.5 882.6480284102215 569.916608443832 0.0 0.0
-851.0 166.5 300.5 552.5 902.4987170578033 577.0464048329818 0.0 0.0
-866.85 165.25 306.7 547.0 919.7790417996555 571.4163484263679 0.0 0.0
-742.25 164.75 289.5 544.0 797.5796472486345 568.4001320407378 0.0 0.0
-617.65 163.25 272.3 544.25 675.3802526976135 568.2072659638633 0.0 0.0
-584.0 163.0 268.5 544.75 642.7662532960986 568.6137812314737 0.0 0.0
-584.0 163.5 270.5 547.0 643.604155764109 570.912808173149 0.0 0.0
-585.5 164.75 269.5 552.5 644.5468999950674 576.5408303565537 0.0 0.0
-587.0 163.75 269.5 554.0 645.9096635927822 577.6938705078114 0.0 0.0
-615.5 163.75 378.0 556.5 722.7032658736425 580.0916910452784 0.0 0.0
-549.0 164.0 361.0 557.0 657.0555532068806 580.6419033655379 0.0 0.0
-544.5 164.0 357.5 558.5 651.3733339018943 582.0810333467396 0.0 0.0
-540.5 162.5 356.5 559.5 647.4816736746543 582.6205716862328 0.0 0.0
-540.0 163.5 357.5 560.0 647.615819757362 583.3803514995511 0.0 0.0
-529.5 163.0 354.5 562.75 637.2132081372706 585.8811171579915 0.0 0.0
-527.0 162.75 352.0 564.5 633.7453533359409 587.4929411788652 0.0 0.0
-524.0 161.25 347.5 566.5 628.7545835728017 589.0025083819373 0.0 0.0
-521.5 162.5 343.5 567.5 624.4633696222702 590.307223128588 0.0 0.0
-518.5 162.5 341.5 568.0 620.8584359180737 590.7883048860574 0.0 0.0
-434.5 163.25 345.0 569.0 556.9682194631616 591.9557109772013 0.0 0.0
-227.09090909090912 164.5 341.45454545454544 570.0 534.5371694002293 593.2623787161967 0.0 0.0
-42.54545454545456 164.5 326.72727272727275 570.0 570.2055551718524 593.2623787161967 0.0 0.0
141.99999999999997 164.0 312.0 569.0 605.8739409434755 592.1631792205415 0.0 0.0
326.5454545454545 163.25 297.27272727272725 568.5 641.5423267150986 591.4751245509526 0.0 0.0
511.090909090909 162.75 282.54545454545456 568.0 677.2107124867216 590.8566833488828 0.0 0.0
648.0 162.75 273.0 568.5 703.1620439610142 591.3373174881901 0.0 0.0
644.0 162.0 271.5 569.0 698.9162000411866 591.6122040661434 0.0 0.0
649.5 161.75 274.0 569.5 704.9306609665697 592.0248767587801 0.0 0.0
580.5 160.75 292.5 570.25 651.7911634929906 592.4746818398114 0.0 0.0
513.5 160.0 306.0 571.0 597.7613440130629 592.9932699452772 0.0 0.0
570.5 160.5 311.0 571.75 650.3617212338102 593.8505567489133 1.0 0.0
557.0 161.75 276.5 572.5 621.8537133612515 594.9117986173342 1.0 0.0
551.5 162.75 277.0 571.75 617.155936240766 594.4625475289313 1.0 0.0
528.5 163.25 352.0 571.0 635.0901201627653 593.8785273460842 0.0 0.0
497.0 163.25 292.0 569.75 576.6427093957261 592.676742076809 0.0 0.0
348.1428571428571 164.0 224.39285714285714 570.5 455.3256231445431 593.6046005067457 0.0 0.0
140.71428571428572 155.0 255.96428571428572 568.5 457.2996681904949 589.3060850433096 0.0 0.0
-66.7142857142857 112.25 287.53571428571433 534.75 459.2737132364467 546.4046368596014 0.0 0.0
-274.1428571428571 110.25 319.1071428571429 528.75 461.24775828239854 540.1219422296097 0.0 0.0
-435.5 110.0 297.0 529.0 527.1645662822912 540.3156484870673 0.0 0.0
-440.5 109.75 295.5 529.75 530.4562553913379 540.9992261261765 0.0 0.0
-477.0 91.66666666666666 283.5 511.875 555.062300306193 520.4452607779957 0.0 0.0
-492.0 112.33333333333334 280.5 489.375 566.3472589040255 503.5086001480006 0.0 0.0
-498.5 133.0 272.0 466.875 567.8818264750707 486.57193951800554 0.0 0.0
-501.0 147.5 276.5 471.0 572.4344726814484 493.60876141902855 0.0 0.0
-567.0 148.0 273.0 515.0 629.6263001944556 535.8469473758594 0.0 0.0
-650.0 147.25 237.5 514.5 692.0429022138626 535.1574999383255 0.0 0.0
-654.25 148.25 246.0 513.75 699.0536482220417 534.7125108820953 0.0 0.0
-636.5 132.25 250.0 483.25 683.8369253834721 501.0829661607286 0.0 0.0
-661.0 101.5 238.5 375.0 702.791299162705 388.53206344131877 0.0 0.0
-617.0 104.5 258.5 364.5 669.1688129281604 379.1844965976777 0.0 0.0
-630.0 105.25 245.5 364.75 676.1473496813975 379.6316909806684 0.0 0.0
-652.0 106.0 253.5 364.5 699.5474075432645 379.60042216272166 0.0 0.0
-643.5 106.25 256.0 364.75 692.5526069267868 379.91014867195236 0.0 0.0
-648.5 168.0 234.5 208.0 690.3135629551966 268.4479105181844 0.0 0.0
-647.0 173.75 304.5 184.5 715.8941430868213 253.4399162475028 0.0 0.0
-558.0 173.0 328.0 183.75 647.2735511945825 252.37491876530765 0.0 0.0
-597.0 173.25 343.0 183.25 688.5203933392627 252.1827216489596 0.0 0.0
-557.5 172.0 322.5 182.0 644.0608409678077 250.4156544627352 0.0 0.0
-555.5 173.5 325.0 181.0 643.5877950986951 250.72570727195364 0.0 0.0
-555.5 174.0 324.5 181.0 643.3354490466074 251.0717029057636 0.0 0.0
-554.5 175.0 324.0 180.75 642.2201474538841 251.5876761124241 0.0 0.0
-555.5 175.75 325.5 179.75 643.8405296459903 251.39262118084685 0.0 0.0
-557.5 176.25 325.5 179.5 645.566949621479 251.56529280170747 0.0 0.0
-561.5 176.5 326.5 178.75 649.52650972054 251.20478687252051 0.0 0.0
-566.0 176.25 336.0 178.25 658.2189490249373 250.6735925382278 0.0 0.0
-571.5 177.0 341.0 177.75 665.5057399851756 250.84725261685617 0.0 0.0
-577.0 177.5 343.5 176.75 671.5067914128074 250.49370240018322 0.0 0.0
-588.0 177.0 348.5 175.75 683.5178997701212 249.4335444339108 0.0 0.0
-593.5 177.25 350.5 174.25 689.2702912018304 248.55708601668312 0.0 0.0
-599.0 178.25 350.0 172.5 693.7595559384428 248.0586705020291 0.0 0.0
-609.3333333333333 189.5 301.95833333333337 162.0 680.4454697264564 249.30838783273163 0.0 0.0
-628.6666666666667 190.5 279.79166666666663 162.0 689.3646539866429 250.06849061807048 0.0 0.0
-648.0 191.25 257.625 162.0 698.2838382468294 250.64077380178514 0.0 0.0
-642.5 191.25 294.5 161.75 709.0711929492729 250.4790393088322 0.0 0.0
-594.0 192.25 350.5 161.25 689.7073646704825 250.92155338662315 0.0 0.0
-584.0 192.0 349.0 160.5 680.3361359700832 250.24867065317397 0.0 0.0
-615.0 192.0 360.5 160.25 712.8713325516107 250.08877232592232 0.0 0.0
-582.0 192.0 365.0 159.25 687.1266374378072 249.4485909505082 0.0 0.0
-488.5 182.75 325.0 165.75 586.8313274887407 246.86232406330964 0.0 0.0
-436.0 173.5 317.0 171.5 539.1172983338238 243.9559386446659 0.0 0.0
-476.0 174.0 328.5 171.5 578.3566220343615 244.31204061892635 0.0 0.0
-487.5 174.5 320.5 171.5 583.4217878473316 244.6681425931868 0.0 0.0
-502.0 173.5 312.5 172.0 591.326850788487 244.30795338184308 0.0 0.0
-538.2857142857142 173.5 321.6071428571429 172.5 627.2731760159438 244.65996811902025 0.0 0.0
-545.4285714285713 173.25 304.0357142857143 172.5 625.244218351638 244.48280842309168 0.0 0.0
-552.5714285714287 173.0 286.46428571428567 172.75 623.215260687332 244.48229750885426 0.0 0.0
-559.7142857142858 173.25 268.8928571428571 172.0 621.1863030230262 244.13027981742465 0.0 0.0
-579.0 169.5 267.5 167.0 637.8069059750449 237.9491951561789 0.0 0.0
-559.0 166.5 282.5 164.5 626.4100524235625 234.05691398760683 0.0 0.0
-515.5 163.5 245.5 162.0 571.1150966979947 230.1667773518186 0.0 0.0
-507.5 162.75 262.5 163.5 571.371022418861 230.69426128856475 0.0 0.0
-507.0 161.75 253.5 163.0 566.9325412257679 229.6346968351791 0.0 0.0
-555.5 160.5 265.5 162.5 615.6936157805918 228.4001389061995 0.0 0.0
-549.0 160.5 261.5 163.0 608.0988627308849 228.7558742415154 0.0 0.0
-533.5 160.5 263.5 163.25 595.0248285894606 228.9341460314929 0.0 0.0
-516.0 160.5 261.5 163.75 578.4845474133954 229.2909573525216 0.0 0.0
-506.5 160.5 256.5 164.5 567.7451439462573 229.82737418296932 0.0 0.0
-520.5 162.0 258.0 166.0 580.94139264359 231.94854612309473 0.0 0.0
-530.0 162.0 253.0 166.5 587.3066375406675 232.30744694518995 0.0 0.0
-585.0 161.5 249.0 167.0 636.3229048077777 232.31713238588324 0.0 0.0
-585.0 161.5 241.33333333333331 168.0 634.4612609115245 233.037014227354 0.0 0.0
-546.3333333333333 162.0 252.44444444444446 168.0 604.7790423507855 233.38408159992167 0.0 0.0
-507.6666666666667 162.25 263.55555555555554 167.0 575.0968237900465 232.83920342481167 0.0 0.0
-469.0 162.75 274.6666666666667 167.5 545.4146052293077 233.5467640585146 0.0 0.0
-457.0 162.5 272.5 167.25 532.3715961644198 233.19271611673778 0.0 0.0
-502.5 162.5 265.0 167.5 568.4816844171057 233.37202060229927 0.0 0.0
-474.0 162.25 279.0 167.5 550.0222580618583 233.19808049132348 0.0 0.0
-462.5 162.0 261.5 167.75 531.3386201178807 233.20397222283418 0.0 0.0
-489.5 161.75 282.5 168.0 565.1699409608888 233.21096545640728 0.0 0.0
-504.0 162.0 280.0 167.5 576.5553881182366 233.02521292926514 0.0 0.0
-509.5 161.75 261.5 165.75 572.6888585355023 231.5950262054422 0.0 0.0
-473.5 160.0 216.5 165.25 520.6485754191906 230.01708417676375 0.0 0.0
-446.0 162.5 189.0 163.5 484.3948870998913 230.54507377100188 0.0 0.0
-522.0 178.5 222.0 173.5 567.2562037217771 248.92669623980674 0.0 0.0
-528.0 178.75 228.0 175.5 575.1276787488939 250.50368350411878 0.0 0.0
-519.5 178.5 226.5 176.75 566.7320074944926 251.2027946856678 0.0 0.0
-523.0 177.25 249.5 176.25 579.4653264950787 249.96324730047877 0.0 0.0
-543.5 177.0 276.5 177.5 609.7912979916966 250.66985189216524 0.0 0.0
-563.0 176.0 293.0 178.0 634.9644262259127 250.32080547474766 0.0 0.0
-561.5 175.25 324.5 178.25 648.526350716646 249.97124836469112 0.0 0.0
-560.5 175.5 327.5 178.5 649.1662911212081 250.32478902417955 0.0 0.0
-561.0 175.5 327.5 179.0 649.5980480054625 250.68181532018622 0.0 0.0
-562.5 176.0 326.5 180.25 650.3959377384715 251.92527850749403 0.0 0.0
-560.5 176.0 324.0 179.75 647.4120112247411 251.56777555679514 0.0 0.0
-553.0 178.0 317.0 179.5 637.4151073396949 252.79314873860224 0.0 0.0
-492.5 173.8125 315.0 172.9375 584.6242747200807 245.20809344160512 0.0 0.0
-495.5 167.5625 315.5 164.1875 587.4195576398963 234.6252643741973 0.0 0.0
-495.5 161.3125 319.0 155.4375 589.3058855505948 224.0424353067895 0.0 0.0
-495.5 155.0625 319.0 146.6875 589.3057355906185 213.45960623938169 0.0 0.0
-496.0 176.5 317.0 166.75 588.6470323800984 242.83195378650004 0.0 0.0
-496.5 176.5 318.5 186.0 589.8768321567885 256.42860686662806 0.0 0.0
-496.5 177.0 344.5 187.5 604.3273171294588 257.84733935910367 0.0 0.0
-500.0 178.0 352.5 190.75 611.7739982361838 260.90151498982436 0.0 0.0
-500.0 177.0 349.0 189.25 609.7584740902355 259.1227514014204 0.0 0.0
-494.5 176.5 342.5 189.0 601.5286102512729 258.5986272198675 0.0 0.0
-495.5 177.25 344.0 189.25 603.2055410664461 259.29378464620515 0.0 0.0
-484.0 179.25 341.0 189.5 592.0622425555364 260.84640209510496 0.0 0.0
-479.0 179.25 337.5 189.75 585.9584048059522 261.028254981849 0.0 0.0
-480.0 179.5 340.0 190.0 588.2193393075975 261.3816789652456 0.0 0.0
-480.5 179.25 343.0 190.5 590.363670597599 261.5737721594751 0.0 0.0
-477.0 180.5 337.0 190.0 584.0376744505595 262.06917025854074 0.0 0.0
-475.5 180.5 332.5 190.0 580.2211493032164 262.06917025854074 0.0 0.0
-477.5 181.75 330.5 189.75 580.7210896642634 262.7513081643193 0.0 0.0
-479.0 181.75 330.5 188.0 581.956514436871 261.4901349058149 0.0 0.0
-478.5 181.5 327.5 187.0 579.8440397001036 260.59810296645986 0.0 0.0
-478.0 181.5 346.0 185.75 590.3853494851302 259.702412439373 0.0 0.0
-481.0 182.0 346.0 184.5 592.8358624154446 259.1616290594275 0.0 0.0
-493.5 182.5 292.5 183.0 573.6710997520297 258.4477703521545 0.0 0.0
-493.0 182.5 289.0 183.25 571.4673900376499 258.6249091287493 0.0 0.0
-495.5 181.5 291.0 183.5 574.6317264012348 258.0988289067582 0.0 0.0
-499.0 174.75 299.0 172.25 581.7235289949731 245.3726906278191 0.0 0.0
-495.0 171.0 294.0 172.0 575.7266580651326 242.53969349299686 0.0 0.0
-496.5 167.5 296.5 173.0 578.2984584505039 240.80153454119642 0.0 0.0
-496.0 167.5 303.5 172.0 581.4884554919172 240.0841067488338 0.0 0.0
-490.5 167.25 327.0 170.25 589.5089547925286 238.65900470630856 0.0 0.0
-444.0833333333333 167.0 313.16666666666663 169.25 545.2731423453517 237.77004650700871 0.0 0.0
-386.19444444444446 166.5 299.3888888888889 167.75 492.2088479143128 236.35269676246932 0.0 0.0
-328.30555555555554 165.5 285.6111111111111 166.5 439.14455348327385 234.7605162713696 0.0 0.0
-270.4166666666667 166.25 271.83333333333337 166.25 386.08025905223496 235.114068062995 0.0 0.0
-227.5 167.0 261.5 166.0 346.6102166683952 235.46761985462035 0.0 0.0
-215.0 165.5 255.0 166.0 333.5851682634299 234.40643203068768 0.0 0.0
11.0 164.25 211.5 166.75 231.1916875174673 234.0592873458981 0.0 0.0
245.70000000000002 164.0 199.39999999999998 167.5 331.14292418964754 234.41923478995352 0.0 0.0
439.29999999999995 163.5 238.60000000000002 168.5 509.3537437193043 234.7860728407884 0.0 0.0
584.0 163.5 253.0 168.25 636.591730989702 234.60678348105262 0.0 0.0
472.125 162.5 262.375 167.75 541.7268778270313 233.5515847873943 0.0 0.0
513.0 162.25 286.0 167.5 587.3510971197948 233.19808049132348 0.0 0.0
510.5 162.0 282.5 167.25 583.5359272132157 232.8445677993974 1.0 0.0
492.5 162.5 327.5 166.5 594.0706527411878 232.65639885054193 1.0 0.0
534.5 163.25 291.5 165.25 608.8205811238645 232.28888265397728 1.0 0.0
533.5 164.5 286.5 165.5 605.5614700760223 233.34630916301205 1.0 0.0
537.0 164.75 287.5 166.25 609.1185798393758 234.055019759611 1.0 0.0
542.0 245.0 289.0 216.5 614.2359307519337 327.03455267203213 1.0 0.0
540.5 389.5 289.5 277.0 613.1537276057107 478.2196583215798 1.0 0.0
544.5 509.0 290.0 337.75 616.9144742142823 610.8651831160832 1.0 0.0
547.0 501.25 288.0 345.0 618.1852473166923 608.6989012041514 1.0 1.0
545.5 530.0 285.0 342.0 615.4634868190676 630.7646329722527 1.0 1.0
546.0 506.75 285.0 337.0 615.9066922272891 608.6529574900228 1.0 1.0
542.5 514.5 281.75 340.25 611.301373335684 616.8319727333028 1.0 1.0
533.0 514.0 280.0 346.5 602.0790804952321 619.8858135875031 0.0 1.0
571.5 513.75 366.5 347.25 679.3776891441837 620.098174077329 0.0 1.0
566.0 513.25 349.0 348.25 664.9956579535624 620.2452773746913 1.0 1.0
557.0 512.0 324.5 349.0 644.9920365869036 619.632955869844 1.0 1.0
553.5 512.25 295.5 349.0 627.4430948920808 619.8395617528854 1.0 1.0
553.5 511.75 291.5 348.5 625.567377548223 619.1450713724947 1.0 1.0
555.5 511.75 292.0 347.0 627.5702412829089 618.3021389042938 1.0 1.0
530.5 511.25 348.0 344.25 634.4622542783181 616.3506499953355 0.0 1.0
506.5 512.5 325.0 340.5 602.0866036826789 615.3050247436815 0.0 1.0
518.0 512.25 269.5 339.0 583.9128821883048 614.2646518474894 0.0 1.0
478.5 512.5 242.0 339.0 536.2147877785311 614.4732898255086 1.0 1.0
472.5 512.75 251.0 339.25 535.1562760222414 614.8195907155484 1.0 1.0
476.0 514.5 244.5 341.0 535.1248959925747 617.2451381753241 1.0 1.0
476.0 516.0 247.5 343.75 536.5 620.0178897788264 1.0 1.0
474.5 497.5 250.0 310.75 536.3307805791657 586.8793070675458 1.0 1.0
498.5 478.375 259.0 283.625 561.790856743608 556.2313432921907 1.0 0.0
470.5 477.54166666666663 256.0 292.45833333333337 535.6364839088881 560.1047274467787 1.0 0.0
458.5 476.70833333333337 278.0 301.29166666666663 536.1976269858948 563.9781116013669 1.0 0.0
428.5 465.0 282.0 340.75 512.9692803242797 576.505525247376 1.0 1.0
401.54999999999995 510.0 292.85 338.5 498.61550035838064 612.1227905077453 1.0 1.0
364.95000000000005 511.75 308.65 342.75 479.6532259848133 615.9266435617915 1.0 1.0
324.5 510.75 314.0 338.25 451.5698781810062 612.5998938587032 1.0 1.0
353.5 510.5 391.5 334.75 527.6728459746718 610.4661376136482 1.0 1.0
278.5 511.5 315.5 338.5 420.8632381124284 613.3642844343294 0.0 1.0
138.625 513.75 327.5 343.25 482.87934762493705 617.8674644634509 0.0 1.0
-75.875 516.0 321.5 346.5 530.5466159187132 621.5462981424789 0.0 1.0
-290.375 515.25 315.5 350.25 578.2138842124893 623.0246730268765 0.0 1.0
-504.875 513.75 309.5 353.25 625.8811525062654 623.4787187418649 0.0 1.0
-740.0 511.0 360.0 355.0 822.9254396277311 622.2105752878201 0.0 1.0
-659.0 503.75 332.0 343.0 737.9075153992192 609.4598242070749 0.0 1.0
-619.5 497.75 318.0 332.5 696.3510266103787 598.5913632193243 0.0 1.0
-617.0 497.25 316.0 331.25 693.2135320761677 597.4814971667086 0.0 1.0
-608.75 495.0 313.0 330.5 684.5062856990238 595.1934719875567 0.0 1.0
-620.0 492.0 316.25 328.5 695.9991955584647 591.5879216953185 0.0 1.0
-613.0 490.5 316.75 326.5 690.0002453804627 589.230446741175 0.0 1.0
-615.5 489.0 321.5 324.5 694.4080238079141 586.8742825915026 0.0 1.0
-622.5 488.5 328.75 322.5 703.9790337245047 585.3534608369157 0.0 1.0
-622.0 488.5 330.75 320.5 704.4729662969002 584.2537975914234 0.0 1.0
-558.5 487.0 316.5 326.0 641.9614142868007 586.0483591097191 0.0 1.0
-540.0 486.0 304.5 329.5 619.9360563180669 587.1685746792706 0.0 1.0
-512.75 485.0 285.75 331.5 587.0001164965172 587.4668075729896 0.0 1.0
-526.0 485.0 304.5 333.5 607.7803871429711 588.5976979227833 0.0 1.0
-525.0 484.5 302.5 336.0 605.9141859651552 589.6068739920967 0.0 1.0
-523.5 485.0 299.5 336.0 603.1205157150499 590.0177963417714 0.0 1.0
-517.75 484.5 327.0 336.5 612.3676560395866 589.8919392566744 0.0 1.0
-523.5 485.5 314.5 336.5 610.8568389859893 590.7135515628535 0.0 1.0
-537.25 487.5 316.0 335.0 623.2936096551833 591.5088996049546 0.0 1.0
-552.25 486.5 326.0 326.0 641.2935512617314 585.6276997995545 0.0 1.0
-550.0 486.5 328.5 322.5 640.6352261825257 583.6854235625594 0.0 1.0
-550.25 487.5 332.0 320.5 642.6501075201397 583.4183571984122 0.0 1.0
-548.5 489.0 330.75 319.5 640.5065365227485 584.124494611626 0.0 1.0
-547.0 489.5 330.5 319.0 639.0928083132578 584.2704441487665 0.0 1.0
-542.5 489.5 330.5 319.0 635.2453265448869 584.2699072549794 0.0 1.0
-538.75 489.5 326.0 319.0 629.7096937422889 584.2698434798771 0.0 1.0
-476.75 489.5 293.75 319.0 560.2514860868255 584.2699072549794 0.0 1.0
-467.0 489.0 281.0 320.5 545.2018513126052 584.6719165480757 0.0 1.0
-472.25 489.25 294.5 321.0 556.5559006279982 585.1552092949858 0.0 1.0
-477.0 488.25 254.5 321.75 540.6471172560207 584.7321680980708 0.0 1.0
-494.75 488.25 268.0 323.5 562.6776454981223 585.6968467355797 0.0 1.0
-495.0 488.0 270.0 325.25 563.8484742508067 586.4568890896994 0.0 1.0
-489.0 488.25 273.5 326.5 560.3263062609816 587.3587596193918 0.0 1.0
-496.0 487.5 274.0 327.5 566.7673943596898 587.2929264384129 0.0 1.0
-491.5 485.5 295.5 327.0 573.4965222394294 585.3540193922684 0.0 1.0
-486.5 483.75 289.0 326.25 565.8652879371764 583.4836166920134 0.0 1.0
-505.0 482.25 297.0 324.25 585.8620503850887 581.1229913741606 0.0 1.0
-495.5 480.0 291.0 322.25 574.6315137995052 578.1393143209912 0.0 1.0
-501.5 479.0 292.5 321.25 580.5704111667105 576.751771223571 0.0 1.0
-506.0 478.75 288.0 321.25 582.2199709065908 576.5442266954147 0.0 1.0
-491.0 478.5 270.5 321.5 560.58318612161 576.4759318479827 0.0 1.0
-511.5 478.25 263.5 322.25 575.7866166634963 576.6877015799631 0.0 1.0
-490.0 478.75 276.0 323.25 563.574827476998 577.6609474026811 0.0 1.0
-443.5 479.75 283.5 323.5 526.4246417797075 578.6297019991464 0.0 1.0
-464.0 480.0 270.5 323.25 537.2558116663665 578.6973349680504 0.0 1.0
-492.5 480.5 274.0 322.75 563.5922403135821 578.8331517618622 0.0 1.0
-491.5 480.75 269.5 322.0 560.537699743408 578.6230541925772 0.0 1.0
-500.5 481.5 292.75 320.5 580.0370899810409 578.4137792272933 0.0 1.0
-505.5 481.0 313.5 321.0 594.8214047190602 578.2750376236804 0.0 1.0
-504.5 482.5 309.5 320.5 591.8737385495021 579.2464932997005 0.0 1.0
-508.0 482.5 286.5 320.5 583.2208408243375 579.2464932997005 0.0 1.0
-528.0 482.75 290.0 319.5 602.4357368346862 578.9022642359951 0.0 1.0
-528.0 482.75 257.5 319.75 587.4500665108732 579.0403656459116 0.0 1.0
-515.0 483.75 275.0 318.75 583.8236510008646 579.3235235427851 0.0 1.0
-516.5 485.0 307.5 317.5 601.6463965309999 579.6820249067587 0.0 1.0
-524.0 487.5 316.0 320.75 611.9142313624004 583.556016994225 0.0 1.0
-515.0 490.0 304.5 319.75 598.2915172247314 585.0988239766732 0.0 1.0
-507.5 457.0 324.0 311.5 602.1174608429149 553.1661807280155 0.0 1.0
-512.0 387.17857142857144 351.0 243.21428571428572 620.761992440457 463.7559318243732 0.0 0.0
-499.0 332.75 334.0 161.5 600.465922906425 381.7426608535199 0.0 0.0
-509.5 278.32142857142856 326.5 79.7857142857143 605.1421891983052 299.7293898826666 0.0 0.0
-521.5 144.25 322.0 80.0 612.9000440212808 194.31485445505712 0.0 0.0
-520.0 203.25 310.0 171.5 605.4337345740107 266.4584017680299 0.0 0.0
-555.0 192.5 321.5 191.0 641.4067193608682 271.17957225921907 0.0 0.0
-557.0 194.25 312.0 189.5 638.430129913409 271.37584442105776 0.0 0.0
-583.0 194.25 329.5 189.25 669.6754512604418 271.198727833955 0.0 0.0
-587.5 194.0 339.0 189.25 678.2899914097243 271.0209355522795 0.0 0.0
-581.5 193.0 337.5 167.25 672.3457086784724 255.38587167360424 0.0 0.0
-538.0 193.0 322.0 164.0 626.9999110583421 253.26883903323576 0.0 0.0
-529.0 193.75 327.0 164.5 621.9090806549516 254.16452801675484 0.0 0.0
-519.5 194.25 333.0 165.0 617.0653801990875 254.86876759383432 0.0 0.0
-512.0 196.25 338.5 164.75 613.7805423383124 256.23637303945475 0.0 0.0
-513.0 196.75 336.5 164.75 613.517047226085 256.6188789394539 0.0 0.0
-529.0 196.75 337.0 164.75 627.2244689036031 256.6188789394539 0.0 0.0
-538.5 165.75 333.5 156.25 633.4081051277891 227.79742188782325 0.0 0.0
-534.5 165.0 332.0 157.0 629.217549108923 227.75890496960136 0.0 0.0
-536.5 166.75 331.5 156.5 630.6550086548145 228.68723169607972 0.0 0.0
-530.0 167.5 324.0 156.25 621.1999027858528 229.06571915450127 0.0 0.0
-534.0 167.75 282.0 155.5 604.4897012579556 228.7364015299978 0.0 0.0
-526.5 167.25 296.0 154.75 604.0075236035573 227.86019824958422 0.0 0.0
-516.5 167.5 298.5 153.0 596.5525681904983 226.86208766892216 0.0 0.0
-512.0 166.75 296.5 153.0 591.6556284409158 226.30640969122626 0.0 0.0
-508.5 167.75 294.0 151.5 587.3740823643132 226.03672848294866 0.0 0.0
-502.0 168.0 286.5 150.0 578.0022796110204 225.2198925494816 0.0 0.0
-501.0 168.0 275.0 149.5 571.5120638216638 224.88750413916893 0.0 0.0
-510.0 167.75 261.0 149.0 572.9384333137848 224.3682019878339 0.0 0.0
-523.0 167.5 261.0 148.25 584.5090252615475 223.684214726734 0.0 0.0
-525.0 167.25 268.0 147.75 589.4487198072143 223.16529641233416 0.0 0.0
-483.0 165.0 270.0 151.0 553.59915337434 223.66492796144863 0.0 0.0
-479.0 164.0 265.5 153.5 548.088333835665 224.63158534530817 0.0 0.0
-532.5 162.5 281.0 156.0 602.0982957516172 225.2629350024191 0.0 0.0
-528.5 162.25 287.0 158.5 601.3994570456739 226.82007401501534 0.0 0.0
-533.5 162.25 299.5 160.0 611.8203589621014 227.8713229527827 0.0 0.0
-539.5 162.75 308.0 160.5 621.2285396320013 228.57842208548783 0.0 0.0
-540.0 163.5 307.5 159.5 621.4147295163334 228.41328353622475 0.0 0.0
-542.5 163.0 303.5 160.0 621.6258443842627 228.405609997912 0.0 0.0
-544.0 162.25 293.0 159.75 617.889409033351 227.69524590455217 0.0 0.0
-537.0 162.0 287.5 159.75 609.1187770420995 227.5172393183875 0.0 0.0
-522.0 163.75 277.5 160.0 591.1773906684837 228.94177695854984 0.0 0.0
-519.0 163.5 275.0 161.0 587.3608348525447 229.46295997393565 0.0 0.0
-511.0 171.25 265.5 160.5 575.8573447037222 234.75866196166234 0.0 0.0
-511.0 179.75 261.5 165.5 574.0237700496239 244.3370644227785 0.0 0.0
-505.0 180.25 263.5 168.75 569.6115298502825 246.91525074804224 0.0 0.0
-503.0 181.0 275.0 170.75 573.267170104451 248.8304554706305 0.0 0.0
-511.0 180.75 288.5 171.0 586.8269166679411 248.82040113088868 0.0 0.0
-511.0 180.5 293.0 171.0 589.0432038501067 248.6387942377456 0.0 0.0
-512.0 181.0 290.5 170.25 588.6716204622674 248.48763351013383 0.0 0.0
-517.0 180.0 295.5 168.0 595.4907639921882 246.220573233117 0.0 0.0
-516.5 179.0 301.5 165.0 598.0589435833227 243.44609429355796 0.0 0.0
-520.0 179.0 305.5 164.0 603.1005305917082 242.76943991041588 0.0 0.0
-519.5 178.25 300.5 163.25 600.1541330004789 241.70979550009838 0.0 0.0
-521.5 179.25 288.5 163.25 595.9821234046096 242.4481909031222 0.0 0.0
-507.0 179.0 278.0 164.0 578.2197848716812 242.77046576055977 0.0 0.0
-489.0 180.25 271.5 165.75 559.3150354737637 244.87390579913193 0.0 0.0
-488.5 181.0 274.0 166.5 560.0966761787531 245.9337012566194 0.0 0.0
-488.0 182.0 273.5 166.5 559.4160073834278 246.67051644780844 0.0 0.0
-483.0 178.640625 270.5 166.875 553.5877503604938 244.45895869336655 0.0 0.0
-493.0 173.203125 281.0 162.375 567.4603744526635 237.41713609003958 0.0 0.0
-501.0 167.765625 286.0 157.875 576.8865682364019 230.3753134867126 0.0 0.0
-494.5 162.328125 283.5 153.375 570.0021929782375 223.33349088338562 0.0 0.0
-487.5 156.890625 280.0 148.875 562.1888028056055 216.29166828005864 0.0 0.0
-480.0 151.453125 276.5 144.375 553.9425171329132 209.24984567673164 0.0 0.0
-471.5 146.015625 273.5 139.875 545.0821039072921 202.20802307340466 0.0 0.0
-463.0 140.578125 270.5 135.375 536.2269236225093 195.16620047007768 0.0 0.0
-437.5 154.0 267.5 112.0 512.837850187037 192.2515247600467 0.0 0.0
-129.54166666666666 138.0 229.33333333333331 107.0 324.409214825611 175.46571431555037 0.0 0.0
92.29166666666667 163.25 150.66666666666666 134.5 381.23343718402407 211.55885668070698 0.0 0.0
314.125 158.25 71.99999999999999 130.0 438.05765954243714 204.80543005592156 0.0 0.0
498.5 154.3409090909091 124.5 113.29545454545455 524.2693529434708 191.8849483293752 0.0 0.0
602.0 157.70454545454544 280.625 102.47727272727273 664.1997730252758 189.81964810863798 0.0 0.0
611.0 161.0681818181818 285.0 91.6590909090909 674.2003484864154 187.7543478879008 0.0 0.0
543.5 164.4318181818182 337.0 80.8409090909091 639.5723900558141 185.68904766716355 0.0 0.0
522.0 167.79545454545456 320.5 70.02272727272727 612.7528032565502 183.62374744642636 1.0 0.0
514.0 171.1590909090909 359.0 59.20454545454545 627.1269705954837 181.55844722568915 1.0 0.0
488.5 175.25 313.0 140.25 580.1735138464328 224.62988257134052 1.0 0.0
472.0 174.25 306.5 164.5 562.784382080034 239.66721359740177 1.0 0.0
470.0 173.5 304.5 172.5 560.0186400341295 244.66097818980535 1.0 0.0
455.5 135.5 331.0 165.0 563.5710983261146 214.53576166154602 1.0 0.0
436.0 84.25 370.5 148.5 572.3787071247696 170.73669477561737 1.0 0.0
457.0 86.25 331.5 148.5 564.6008102269293 171.73270480448184 1.0 0.0
485.5 87.5 321.0 148.5 582.2117163096912 172.36162946863004 1.0 0.0
501.0 87.75 315.0 148.0 591.7994119892101 172.0583644020048 1.0 0.0
501.5 87.0 319.0 149.5 594.3599300336571 172.9731694817745 1.0 0.0
502.5 86.75 317.5 150.25 594.401109244131 173.49534106848722 1.0 0.0
505.0 87.0 316.5 150.75 595.985118097238 174.0533772020819 1.0 0.0
506.0 87.0 312.5 151.0 594.7218195026414 174.26990560621763 1.0 0.0
505.0 87.5 309.0 152.0 592.0356255309114 175.38653818120312 1.0 0.0
505.0 94.5 303.0 148.0 588.9265409100486 175.80119159991898 1.0 0.0
508.0 133.5 303.5 125.5 591.7611190435161 183.2280013441931 1.0 0.0
495.0 133.5 363.0 124.5 616.5276591786526 182.54451678345913 1.0 0.0
442.5 132.75 380.0 124.5 583.5546550750748 181.99752608292744 0.0 0.0
441.0 131.5 339.0 124.5 556.2460787304956 181.08735966738612 1.0 0.0
443.5 131.5 338.0 126.25 557.6225265485025 182.29680628314648 1.0 0.0
444.0 132.25 355.0 128.0 568.4794693793278 184.04914791616235 1.0 0.0
447.5 132.25 373.5 129.5 582.8892057421879 185.09549722633164 1.0 0.0
448.0 132.5 370.5 130.0 581.3603936828242 185.62429092440934 1.0 0.0
449.5 132.25 373.0 131.0 584.1111334674476 186.14871644710314 1.0 0.0
481.0 132.5 368.0 132.0 605.6719059109721 187.03141446883546 1.0 0.0
474.0 132.5 372.5 131.5 602.8914199851578 186.67786171234187 1.0 0.0
456.5 132.75 359.5 131.5 581.0667571427463 186.85514029425713 1.0 0.0
447.0 135.15 355.5 129.1 571.1343408784155 187.0978517585941 1.0 0.0
441.5 145.75 355.5 127.5 566.8396862644041 194.39277384650953 1.0 0.0
460.0 156.35 335.5 125.9 569.4098854197082 201.687695934425 1.0 0.0
469.5 166.95 328.5 124.30000000000001 573.0141231945768 208.98261802234043 1.0 0.0
468.5 177.55 323.5 122.69999999999999 569.3371499294569 216.27754011025587 1.0 0.0
467.5 192.5 318.0 120.0 565.405986161508 226.89429947020963 1.0 0.0
439.0 199.5 366.5 132.0 572.0172169600039 239.21917758525535 1.0 0.0
449.5 201.0 360.5 148.0 576.2374041865257 249.64390806822354 1.0 0.0
447.5 201.25 345.5 157.25 565.3585402029962 255.40078108758632 1.0 0.0
439.0 201.25 336.0 156.0 552.828586023719 254.6344674361499 1.0 0.0
434.0 199.0 332.5 157.25 546.7287649881991 253.63404454156773 1.0 0.0
412.0 125.75 311.5 129.25 520.5701704960088 180.43310630831408 0.0 0.0
223.58333333333334 116.25 341.25 124.25 519.4477663828173 170.16630204336388 0.0 0.0
33.0277777777778 117.75 318.25 124.75 528.4666207057619 171.55055991578786 0.0 0.0
-157.52777777777774 117.25 295.25 125.75 537.4854750287066 171.93530360350468 0.0 0.0
-348.08333333333326 116.5 272.25 127.0 546.5043293516511 172.34083741308305 0.0 0.0
-604.0 116.25 294.0 126.0 671.9119854959021 171.4353715553343 0.0 0.0
-662.5 116.0 313.5 125.0 732.9722114798788 170.53186117977117 0.0 0.0
-591.5 116.25 292.5 122.0 659.8702053100823 168.5180675247284 0.0 0.0
-652.0 116.5 276.0 121.25 708.9108401128342 168.1482753460383 0.0 0.0
-589.0 114.75 304.0 118.75 662.8251732951201 165.1340627345573 0.0 0.0
-571.0 113.75 297.5 117.75 643.8580662946963 163.72000939837045 0.0 0.0
-351.0 113.5 204.0 117.0 406.0761152256983 163.00690169437613 0.0 0.0
-90.5 115.5 37.0 115.5 100.03464585202089 163.34204908897658 0.0 0.0
-16.0 115.75 -10.5 117.5 19.221907806040544 164.93961751059678 0.0 0.0
-29.5 117.0 0.0 119.25 29.715663352253692 167.0616447747683 0.0 0.0
-32.0 117.0 1.0 120.0 32.1455776466994 167.59809616014712 0.0 0.0
-29.5 116.75 -3.5 120.5 29.764526715326735 167.78213473927997 0.0 0.0
39.5 117.5 -7.0 121.5 40.49252778096805 169.02218789259592 0.0 0.0
38.5 118.25 -4.0 122.75 38.70723446592381 170.44280552852328 0.0 0.0
40.5 118.0 -4.0 123.0 40.69708116628776 170.4494059831245 0.0 0.0
59.0 118.25 21.5 122.5 65.41298935891811 170.2632971709112 0.0 0.0
82.5 116.75 12.5 120.5 83.47065587107504 167.78214707324247 0.0 0.0
59.0 115.5 149.0 118.75 160.25616189849325 165.65578637736368 0.0 0.0
86.5 116.5 71.0 120.5 115.63248742281814 167.60855950327618 0.0 0.0
90.0 117.5 69.5 120.25 113.79945785450158 168.1267256724177 0.0 0.0
96.5 118.0 70.0 120.25 119.2634020618539 168.47579398787735 0.0 0.0
82.0 118.5 80.5 121.5 115.1740816141932 169.71926268121103 0.0 0.0
83.0 119.25 71.5 121.5 109.55123869695451 170.24348543804786 0.0 0.0
82.35 120.5 23.75 121.5 86.6247570425673 171.12277504966363 0.0 0.0
119.75 122.25 58.75 121.75 135.02313107064916 172.5347761440443 0.0 0.0
157.15 123.0 93.75 121.75 183.42150509873102 173.06673299403195 0.0 0.0
62.0 121.75 165.0 121.5 176.7175610585045 172.00390601901677 0.0 0.0
70.5 120.5 220.5 122.25 231.6311519730575 171.65543888207242 0.0 0.0
67.0 120.75 236.5 123.0 245.89206502866224 172.36471311410227 0.0 0.0
72.5 120.0 227.5 123.25 238.77330008149872 172.0191643833203 0.0 0.0
86.5 119.25 242.0 123.75 257.0136791792879 171.85640821002988 0.0 0.0
65.5 117.925 203.0 122.425 213.69620386706288 170.01763239406773 0.0 0.0
43.0 111.625 213.0 112.125 219.23914011462892 158.36278293614427 0.0 0.0
9.5 105.325 151.0 101.825 151.33264791573893 146.7079334782208 0.0 0.0
11.0 99.025 198.0 91.52499999999999 198.726617324919 135.05308402029732 0.0 0.0
-1.9821428571428572 92.725 98.35714285714286 81.225 98.68456290574275 123.39823456237384 0.0 0.0
4.089285714285714 103.5 109.78571428571428 101.75 111.1663561136858 145.4492046557648 0.0 0.0
10.160714285714285 121.5 121.21428571428572 104.5 123.64814932162881 160.41975907659798 0.0 0.0
16.232142857142858 121.0 132.64285714285714 112.0 136.12994252957182 164.94214308240518 0.0 0.0
22.303571428571427 124.25 144.07142857142858 118.25 148.61173573751483 171.52775365931814 0.0 0.0
28.374999999999996 124.25 155.5 120.25 161.09352894545788 172.91226017797524 0.0 0.0
34.44642857142857 121.75 166.92857142857142 119.75 173.5753221534009 170.79551497861655 0.0 0.0
40.51785714285714 120.25 178.35714285714286 121.5 186.0571153613439 170.94618059818907 0.0 0.0
46.58928571428571 121.25 189.78571428571428 121.0 198.53890856928692 171.29753046535689 0.0 0.0
52.66071428571428 123.0 201.21428571428572 122.0 211.02070177722996 173.24260448379857 0.0 0.0
58.732142857142854 122.5 212.64285714285714 121.5 223.50249498517297 172.53550359273885 0.0 0.0
64.80357142857142 123.25 224.07142857142858 122.25 235.984288193116 173.5975891516102 0.0 0.0
70.875 124.75 235.5 121.75 248.46608140105903 174.32050051095842 0.0 0.0
76.94642857142857 167.75 246.92857142857144 106.5 260.94787460900204 198.70269595203973 0.0 0.0
83.01785714285714 171.75 258.3571428571429 106.5 273.4296678169451 202.08990538282507 0.0 0.0
89.08928571428571 171.0 269.7857142857143 105.75 285.91146102488807 201.05937942043573 0.0 0.0
95.16071428571428 169.25 281.2142857142857 102.25 298.39325423283105 197.7394443056584 0.0 0.0
101.23214285714286 149.5 292.6428571428571 85.25 310.8750474407741 172.1009877915032 0.0 0.0
107.30357142857142 156.5 304.07142857142856 91.5 323.35684064871714 181.28577478666168 0.0 0.0
113.375 156.0 315.5 92.25 335.8386338566602 181.2357137747562 0.0 0.0
119.44642857142856 158.0 326.92857142857144 94.75 348.3204270646032 184.2324848357016 0.0 0.0
111.75 158.25 378.5 94.0 396.51431383597344 184.06270344817386 0.0 0.0
54.5 168.25 498.0 103.0 501.34686192980485 197.2749947044136 0.0 0.0
-7.0 171.5 554.5 106.0 554.6681179620776 201.61428298950835 0.0 0.0
2.25 171.0 572.0 105.0 572.0118499850453 200.6638980982877 0.0 0.0
5.5 136.0 584.5 100.0 584.5594539686158 168.84502869574155 0.0 0.0
-25.0 132.5 499.0 99.0 501.5893003589821 165.40103332638046 0.0 0.0
131.625 132.0 348.625 100.25 392.0047839678716 165.75313613147188 0.0 0.0
269.5 131.0 526.0 97.5 591.3856663246773 163.30110226204843 0.0 0.0
11.5 128.40384615384616 576.0 94.15384615384616 576.1425827832791 159.26413674927258 0.0 0.0
31.5 124.9423076923077 551.0 89.6923076923077 551.8998745324443 153.88151606557145 0.0 0.0
51.0 121.48076923076923 712.5 85.23076923076923 714.9979578217554 148.49889538187028 0.0 0.0
65.0 118.01923076923077 609.5 80.76923076923077 615.5671988210812 143.11627469816915 0.0 0.0
15.25 114.5576923076923 570.0 76.3076923076923 570.2943159301878 137.73365401446802 0.0 0.0
59.5 111.09615384615384 568.0 71.84615384615384 572.0588939520273 132.35103333076688 0.0 0.0
108.0 122.5 603.5 77.5 613.0974804066501 144.95694108716003 0.0 0.0
107.5 136.75 636.0 83.25 645.0215678977659 160.15900234981777 0.0 0.0
95.0 139.25 632.5 89.75 639.701946120166 165.69573489007482 0.0 0.0
56.0 141.75 701.0 94.5 703.2860419498309 170.3637088081471 0.0 0.0
29.5 142.25 740.0 100.75 740.627951486447 174.314739888798 0.0 0.0
-14.0 141.25 767.5 99.75 767.7132118758648 172.92373690146212 0.0 0.0
13.0 142.75 689.5 102.5 689.6810466529387 175.7384529836743 0.0 0.0
32.0 143.5 706.0 102.5 706.8853288323444 176.34766797437385 0.0 0.0
57.5 143.5 793.5 103.5 795.5964180847917 176.93077742439272 0.0 0.0
38.0 143.5 744.5 103.5 745.4720890059668 176.93077742439272 0.0 0.0
38.75 142.5 739.0 103.5 740.0197679811362 176.12069725049352 0.0 0.0
72.75 142.5 702.0 102.0 705.8458368473316 175.24387380335568 0.0 0.0
81.75 141.5 712.0 102.0 716.6907719203913 174.43169011125016 0.0 0.0
82.25 140.0 720.25 98.5 724.9311941205126 171.17982084617805 0.0 0.0
79.0 137.5 707.5 94.5 711.9131377827764 166.8429394016863 0.0 0.0
89.75 124.0 699.75 79.5 705.5707388119893 147.30050824607704 0.0 0.0
95.25 102.0 703.5 59.5 709.9391765635064 118.10243161642717 0.0 0.0
93.5 86.0 693.25 34.0 699.5444396550602 92.85547938136028 0.0 0.0
76.03571428571429 113.5 696.3571428571429 61.0 700.9290303479208 130.27737187429932 0.0 0.0
58.75 141.5 695.5 98.5 698.6220913154118 172.41356617005596 0.0 0.0
41.46428571428572 97.0 694.6428571428571 58.0 696.3151522829028 114.38291498652127 0.0 0.0
32.75 123.0 681.0 108.5 681.8044319370077 165.10019629767407 0.0 0.0
48.25 105.475 674.0 104.525 675.747984949725 150.73848902771795 0.0 0.0
45.5 108.775 674.5 89.225 676.0583830946543 144.88450293769898 0.0 0.0
52.0 112.075 688.75 73.925 690.7102151878555 139.03051684768002 0.0 0.0
42.75 115.375 691.25 58.625 692.6285922061982 133.17653075766106 0.0 0.0
40.75 118.675 678.5 43.324999999999996 679.7327423041637 127.3225446676421 0.0 0.0
47.25 151.0 687.25 69.5 688.8780918260608 167.05578778281887 0.0 0.0
30.0 144.5 680.5 92.5 681.1703141476406 171.83635668552432 0.0 0.0
21.75 147.0 690.5 103.5 691.0140454857774 179.8698370038211 0.0 0.0
34.25 140.0 700.5 113.0 701.3571439001769 179.9152421828092 0.0 0.0
111.5 143.5 708.5 114.5 721.7336587776697 183.5824065644636 0.0 0.0
74.0 144.5 644.75 113.5 648.9831700045668 183.75111302555422 0.0 0.0
72.5 144.25 632.0 112.75 636.1496827179724 183.0873951832255 0.0 0.0
54.5 144.75 649.0 111.5 651.5094463505909 182.71527526822672 0.0 0.0
49.5 145.5 626.25 112.0 628.2519376484548 183.6144057529256 0.0 0.0
58.5 145.75 626.0 111.5 628.7410370360255 183.5091657780278 0.0 0.0
56.5 146.25 614.0 111.0 616.6399353076959 183.60306463598386 0.0 0.0
54.75 191.08333333333331 612.875 143.0 615.4012965533223 239.3566625482232 0.0 0.0
61.75 265.41666666666663 603.375 163.0 606.6391997134663 313.15216797538284 0.0 0.0
68.75 339.75 593.875 183.0 597.87710287361 386.9476734025425 0.0 0.0
77.5 430.25 595.0 255.25 600.0287644348565 501.2726811333222 0.0 0.0
85.0 472.0 592.0 324.0 598.080404454711 572.5113073255982 0.0 1.0
79.5 484.0 627.0 332.0 632.0701911607464 586.9250006988211 0.0 1.0
78.5 488.5 598.0 336.75 603.2004887462391 593.323557696322 0.0 1.0
72.0 491.75 573.0 336.25 577.5119131923661 595.7207497423728 0.0 1.0
88.5 498.75 536.5 339.25 543.9796917576566 603.1940109854634 0.0 1.0
78.0 504.0 551.0 343.5 556.5293300576434 609.9249303856402 0.0 1.0
63.5 501.5 505.5 344.25 509.47476231305757 608.2849264115146 0.0 1.0
95.5 503.75 551.0 344.75 559.2756188382871 610.4233548981678 0.0 1.0
41.5 504.75 612.5 346.0 613.9531351094464 611.9547225734256 0.0 1.0
25.5 505.5 508.0 347.0 508.6453720186912 613.1389158030576 0.0 1.0
65.0 504.75 521.5 347.0 525.9168536201123 612.5206792904687 0.0 1.0
35.0 499.0 634.0 342.5 634.9685954359069 605.2332620003128 0.0 1.0
104.5 493.25 539.875 327.75 551.7698478675052 592.2129745391908 0.0 1.0
97.5 493.25 601.5 331.0 609.4622109736399 594.0225430670064 0.0 1.0
75.5 491.25 561.5 330.25 566.5531981813981 591.9395503094021 0.0 1.0
139.5 489.0 611.5 325.5 628.7832023544771 587.4276713039083 0.0 1.0
150.5 486.5 552.5 322.5 573.0449661967202 583.6852916911064 0.0 1.0
55.5 486.5 522.0 323.0 537.1886409081685 583.9633388570215 0.0 1.0
140.375 487.75 575.75 324.5 592.6529023434252 585.8335977572124 0.0 1.0
112.0 488.25 556.5 322.25 567.7926539770469 585.0099449896325 0.0 1.0
102.5 489.25 550.5 325.25 560.0680649781989 587.4975415811388 0.0 1.0
121.5 491.0 612.0 326.0 624.0784775955944 589.370586646776 0.0 1.0
109.0 494.5 586.5 327.5 596.5435017174253 593.115940020836 0.0 1.0
24.0 498.0 570.0714285714286 327.5 578.8839728421422 596.0372599007726 0.0 1.0
-61.0 499.5 551.5 328.25 558.4933342881461 597.7025649515463 0.0 1.0
-57.0 499.5 532.9285714285713 328.75 538.10269573415 597.9773040087367 0.0 1.0
183.0 502.0 547.0 328.5 586.3794728025125 599.9314851951856 0.0 1.0
333.1428571428571 503.5 696.9642857142858 327.5 772.905713106909 600.6402214930267 0.0 1.0
277.7142857142857 508.75 634.8214285714286 327.0 694.5058526821596 604.7816492538939 0.0 1.0
222.28571428571428 511.75 572.6785714285713 328.25 616.1059922574101 607.9771741657104 0.0 1.0
166.85714285714286 513.0 510.5357142857143 329.5 537.7061318326605 609.7042914520872 0.0 1.0
235.0 512.0 605.0 329.25 649.0750777105235 608.7280128165623 0.0 1.0
358.5 513.5 601.0 329.75 699.8030222004179 610.2603630963403 0.0 1.0
367.1542553191489 512.5 612.2792553191489 325.0 714.5271296886517 606.8701487055364 0.0 1.0
360.0265957446809 513.0 598.6515957446809 321.0394736842105 699.977273346661 605.175769582982 0.0 0.0
352.8989361702128 511.0 585.0239361702128 319.0921052631579 685.4274170046705 602.4497210475255 0.0 0.0
345.77127659574467 509.0 571.3962765957447 317.14473684210526 670.8775606626798 599.7236725120691 0.0 0.0
338.64361702127655 507.0 557.7686170212767 315.1973684210526 656.3277043206892 596.9976239766127 0.0 0.0
331.51595744680856 505.0 544.1409574468084 313.25 641.7778479786987 594.2715754411563 0.0 0.0
324.38829787234044 503.0 530.5132978723404 311.3026315789474 627.2279916367081 591.5455269057 0.0 0.0
317.26063829787233 501.0 516.8856382978723 309.35526315789474 612.6781352947174 588.8194783702435 0.0 0.0
310.1329787234042 499.0 503.2579787234042 307.4078947368421 598.1282789527268 586.0934298347871 0.0 0.0
303.0053191489362 497.0 489.63031914893617 305.4605263157895 583.5784226107362 583.3673812993306 0.0 0.0
295.8776595744681 501.5 476.0026595744681 317.25 569.0285662687456 593.4759283761778 0.0 1.0
288.75 511.5 462.375 335.5 554.4787099267551 611.7312517692183 0.0 1.0
281.6223404255319 517.25 448.7473404255319 351.75 539.9288535847644 625.5204673047206 0.0 1.0
274.4946808510638 516.25 435.11968085106383 350.75 525.3789972427737 624.1317130474919 0.0 1.0
267.3670212765958 516.25 421.4920212765958 346.5 510.82914090078316 621.7608133408971 0.0 1.0
260.23936170212767 518.25 407.86436170212767 344.0 496.2792845587926 622.0284321037382 0.0 1.0
253.11170212765958 516.0 394.23670212765956 345.0 481.7294282168019 620.7127022548643 0.0 1.0
245.9840425531915 508.5 380.60904255319144 331.0 467.17957187481136 606.7398668302776 0.0 1.0
238.8563829787234 507.25 366.98138297872345 331.0 452.6297155328208 605.6928849839853 0.0 1.0
231.72872340425533 506.75 353.35372340425533 330.5 438.0798591908301 605.0008102165666 0.0 1.0
224.60106382978722 509.25 339.7260638297872 350.0 423.53000284883956 618.1124800724019 0.0 1.0
217.47340425531917 518.0 326.0984042553191 399.0 408.98014650684894 653.8559576123273 0.0 1.0
210.34574468085106 522.0 312.4707446808511 400.5 394.4302901648583 657.9393969052165 0.0 1.0
203.21808510638297 522.5 298.843085106383 402.0 379.88043382286776 659.2497693230271 0.0 1.0
196.0904255319149 523.25 285.2154255319149 403.0 365.3305774808771 660.4571169836515 0.0 1.0
188.9627659574468 518.0 271.5877659574468 428.0 350.7807211388865 671.943972385938 0.0 1.0
181.83510638297872 518.625 257.9601063829787 427.25 336.2308647968959 671.9488598942512 0.0 1.0
174.70744680851064 519.125 244.33244680851064 426.25 321.6810084549053 671.7011450557623 0.0 0.0
167.57978723404256 519.625 230.70478723404256 425.25 307.1311521129147 671.4534302172735 0.0 0.0
160.45212765957447 521.25 217.07712765957447 425.0 292.5812957709241 672.552395292993 0.0 1.0
153.3244680851064 522.75 203.4494680851064 425.5 278.0314394289335 674.0311837460597 0.0 1.0
146.1968085106383 509.0 189.8218085106383 360.75 263.48158308694286 623.9590472375246 0.0 0.0
139.06914893617022 509.5 176.1941489361702 347.75 248.93172674495227 616.8632897023097 0.0 1.0
131.9414893617021 508.25 162.56648936170214 346.5 234.38187040296165 615.1262734850559 0.0 1.0
124.81382978723404 507.75 148.93882978723403 345.5 219.83201406097106 614.1502182044036 0.0 1.0
117.68617021276596 505.75 135.31117021276597 346.0 205.28215771898044 612.7800333122632 0.0 1.0
110.55851063829786 505.75 121.68351063829786 346.0 190.73230137698988 612.7800333122632 0.0 1.0
103.4308510638298 505.75 108.0558510638298 345.0 176.1824450349992 612.2162696994508 0.0 1.0
96.3031914893617 506.25 94.42819148936172 344.5 161.63258869300864 612.3473950966581 0.0 1.0
89.17553191489364 505.75 80.80053191489361 345.25 147.08273235101802 612.3566193759958 0.0 1.0
82.04787234042553 505.75 67.17287234042556 344.75 132.5328760090274 612.0749510277584 0.0 1.0
74.92021276595744 512.5 53.545212765957444 353.0 117.98301966703684 622.3064224416298 0.0 1.0
67.79255319148936 515.75 39.91755319148933 355.5 103.43316332504617 626.4018232582337 0.0 1.0
60.66489361702128 516.75 26.289893617021278 358.0 88.8833069830556 628.645078453578 0.0 1.0
53.537234042553195 517.5 12.662234042553223 358.5 74.33345064106499 629.5463295664322 0.0 1.0
46.40957446808511 517.75 -0.9654255319148888 359.75 59.783594299074366 630.464309913493 0.0 1.0
39.28191489361703 518.0 -14.593085106383 361.0 45.23373795708379 631.3834664667038 0.0 1.0
24.75 518.5 -20.625 362.0 32.67924463416596 632.3658574778856 0.0 1.0
-1.0 518.0 -20.0 361.75 20.194098946046097 631.8131643296417 0.0 1.0
-3.5 517.5 -28.0 362.25 28.226168286440135 631.6892863159156 0.0 1.0
-3.0 517.75 -23.0 359.75 23.194827009486403 630.464253209179 0.0 1.0
1.0 517.25 -10.5 358.5 10.547511554864494 629.3407922428617 0.0 1.0
5.0 517.25 11.5 357.0 13.007038405564941 628.488077811315 0.0 1.0
19.5 517.75 41.0 356.5 45.544670230083845 628.615409134655 0.0 1.0
22.5 519.5 24.0 355.5 32.89959073469437 629.4922557109023 0.0 1.0
20.0 519.0 7.0 355.5 21.19487510405346 629.0797483926123 0.0 1.0
15.5 519.25 10.0 356.0 18.447859320716574 629.5687961943114 0.0 1.0
12.5 518.5 12.5 356.5 17.681206124017443 629.2333273502875 0.0 1.0
10.0 518.0 12.5 360.5 16.03115802423723 631.0985625683979 0.0 1.0
10.0 519.0 1.5 362.5 10.5388651539045 633.061805829415 0.0 1.0
11.5 519.0 -0.5 363.0 11.686950397563152 633.3490080810545 0.0 1.0
11.59090909090909 516.5 -11.931818181818183 364.0 23.728374495340454 631.8771521729698 0.0 1.0
11.045454545454547 516.25 -29.840909090909093 365.5 39.24169165919729 632.5380094255497 0.0 1.0
10.5 498.0 -47.75 369.5 54.75500882305413 620.1100459659884 0.0 1.0
9.954545454545455 500.5 -65.6590909090909 366.5 70.26832598691098 620.3411569053787 0.0 1.0
9.40909090909091 500.0 -83.56818181818181 365.5 85.78164315076782 619.3476125914804 0.0 1.0
11.0 500.0 -82.5 367.0 83.32406337317218 620.2334145338873 0.0 1.0
19.5 499.5 -21.0 367.5 29.80567940238906 620.1261968341605 0.0 1.0
23.0 499.75 -13.0 367.0 26.419750741894358 620.0317460251891 0.0 1.0
18.5 500.0 -14.5 366.5 23.524946358248084 619.9372952162178 0.0 1.0
12.0 482.5 -8.5 362.5 15.277538594036109 603.5469918576064 0.0 1.0
8.5 464.0 0.5 357.0 8.514743979800336 585.4444098614947 0.0 1.0
12.5 464.0 -2.0 355.5 12.727303343834706 584.5307947405338 0.0 1.0
7.250000000000001 464.0 -28.75 354.5 40.444020140171574 583.9234697900221 0.0 1.0
-2.416666666666666 465.0 -65.75 354.5 74.99012452206884 584.7180944694632 0.0 1.0
-12.083333333333332 466.0 -102.75 354.0 109.53622890396609 585.2112084718054 0.0 1.0
-21.749999999999996 463.0 -139.75 351.5 144.08233328586334 581.3099851766424 0.0 1.0
-15.5 462.15625 -148.0 335.71875 149.25373741607496 571.8292602502663 0.0 0.0
20.5 465.03125 -99.5 317.34375 101.59353746184169 563.9866515363709 0.0 0.0
22.0 467.90625 -90.0 298.96875 92.66117044075088 556.1440428224755 0.0 0.0
12.5 470.78125 -92.0 280.59375 92.85945160665328 548.3014341085802 0.0 0.0
28.0 472.5 -123.0 319.25 126.1495713886764 570.2637141225335 0.0 1.0
32.0 471.25 -125.5 336.5 129.5159734190537 579.0620304447721 0.0 1.0
36.0 475.0 -114.5 339.0 120.07028016278902 583.5633347245065 0.0 1.0
37.5 476.5 -107.0 342.25 113.40317408175173 586.675880419542 0.0 1.0
38.5 477.0 -102.5 345.75 109.4920088408282 589.128257235164 0.0 1.0
41.5 478.75 -102.0 347.0 110.119253539061 591.2787529976317 0.0 1.0
47.11363636363636 478.5 -106.1590909090909 348.75 116.44862297907085 592.1054410469899 0.0 1.0
45.56818181818181 477.75 -126.79545454545453 350.25 135.79490961281536 592.3854666557529 0.0 1.0
44.02272727272727 477.0 -147.4318181818182 352.0 155.14119624655987 592.8179837505454 0.0 1.0
42.47727272727273 478.0 -168.0681818181818 351.5 174.48748288030436 593.3269748090679 0.0 1.0
40.93181818181819 477.0 -188.70454545454547 354.0 193.83376951404887 594.0077114064643 0.0 1.0
39.38636363636364 477.25 -209.3409090909091 355.0 213.18005614779338 594.8046956696652 0.0 1.0
67.0 477.75 -155.5 355.5 169.46585256019895 595.5042693159767 0.0 1.0
54.0 476.0 -135.0 354.0 145.51388324683117 593.2048550899647 0.0 1.0
44.0 476.75 -134.0 352.75 141.08696987855154 593.0625997883682 0.0 1.0
41.0 472.75 -133.0 353.5 139.1859633914844 590.3015486429967 0.0 1.0
34.0 474.0 -132.0 353.5 136.3257725132505 591.3023005611768 0.0 1.0
26.5 473.5 -125.5 352.0 128.3208686326594 590.0053719961938 0.0 1.0
22.0 473.0 -124.5 352.0 126.43107870498554 589.6041044633255 0.0 1.0
32.3125 472.5 -110.28125 352.0 130.58298207842756 589.2031391861779 0.0 1.0
45.5625 472.0 -47.40625 352.0 135.73795808277583 588.8021739090303 0.0 1.0
58.8125 471.25 15.46875 352.5 140.89293408712416 588.5005312817958 0.0 1.0
72.0625 471.75 78.34375 352.75 146.04791009147243 589.0507172130818 0.0 1.0
60.0 471.75 137.5 352.5 152.0839956586853 588.9009550791028 0.0 1.0
54.0 471.25 179.0 352.25 187.59248935701996 588.3507691478168 0.0 1.0
36.5 470.5 182.5 352.25 186.13305977650828 587.7504251697605 0.0 1.0
28.5 469.5 168.0 352.5 170.8332819316646 587.1001534003349 0.0 1.0
47.5 469.0 181.5 352.75 187.61287045493378 586.850579294404 0.0 1.0
57.0 468.0 181.0 353.25 189.76449613906885 586.3527968003982 0.0 1.0
91.0 482.0 165.0 348.0 190.64075682395926 594.529655532456 0.0 1.0
232.0 491.5 125.5 346.0 263.7902248206731 601.0725951573243 0.0 1.0
262.5 497.25 84.0 346.0 279.6523110101007 605.7840094197315 0.0 1.0
254.0 495.0 90.0 348.0 273.10272953760597 605.0859565012767 0.0 1.0
255.5 495.25 97.0 348.75 277.49031473975623 605.7231087493001 0.0 1.0
240.65625 500.5 26.5625 350.75 245.5090624600217 611.1676689647844 0.0 1.0
221.53125 502.0 1.3125 353.5 227.48446815112044 613.9757731376703 0.0 1.0
202.40625 503.0 -23.9375 354.0 209.45987384221917 615.0814313489582 0.0 1.0
183.28125 504.0 -49.1875 355.0 191.4352795333179 616.4747903181419 0.0 1.0
212.0 506.0 10.5 357.0 212.7567181794027 619.2616799096993 0.0 1.0
214.0 508.25 40.0 356.5 217.70935035101803 620.8142500860431 0.0 1.0
169.0 509.25 62.0 356.5 183.49793003813448 621.6331981608032 0.0 1.0
168.0 509.75 69.5 355.75 187.7378904112563 621.6134218016705 0.0 1.0
327.75 511.5 35.5 355.5 330.9591375655997 622.9072667137127 0.0 1.0
464.08333333333337 513.5 24.166666666666664 325.25 465.9012085647197 607.8405866779906 0.0 1.0
600.4166666666667 514.0 12.833333333333332 326.75 600.8432795638397 609.066248863481 0.0 1.0
662.25 513.75 253.0 324.75 721.1288241043846 607.7842223018545 0.0 1.0
674.125 512.5 330.625 324.5 750.8416955808608 606.5942396231501 0.0 1.0
592.5 512.5 305.0 324.0 666.5786134523834 606.3272431922617 1.0 1.0
638.0 512.75 313.0 321.75 710.6435199651837 605.3394728664696 1.0 1.0
623.0 511.5 319.0 319.0 699.9215725511522 602.8216734413149 1.0 1.0
610.5 513.0 315.5 330.0 687.2064882566449 609.9932846049599 1.0 1.0
555.5 514.75 305.5 338.25 634.2780060475002 615.9405952282211 1.0 1.0
606.5 516.75 315.5 343.0 683.6541371139181 620.2254751020284 1.0 1.0
609.5 516.5 330.0 342.5 693.1019083141814 619.7406715715856 1.0 1.0
595.5 516.75 349.0 344.0 690.233089698909 620.7799890614671 1.0 1.0
607.0 515.5 328.5 345.0 690.1918990396246 620.2945017395577 0.0 1.0
611.0 515.0 323.0 344.75 691.1697873576284 619.7399500269578 0.0 1.0
558.0 514.0 292.5 344.25 630.2063883514501 618.631110449952 0.0 1.0
637.0 515.75 293.0 343.0 701.1553158447928 619.3924947083377 0.0 1.0
573.5 518.0 308.0 342.5 654.350448884532 620.9914057766273 0.0 1.0
528.0 518.0 355.5 343.0 636.5789806014998 621.2672692458993 1.0 1.0
502.0 518.25 392.0 344.5 637.0600617773304 622.3048542745566 1.0 1.0
470.5 517.75 334.5 344.75 577.6314404175589 622.0271257473244 1.0 1.0
518.5 517.5 254.0 345.0 577.420770570287 621.9575950175381 0.0 1.0
558.0 517.5 235.0 344.75 605.4662650196867 621.8189895689336 0.0 1.0
644.5 509.25 305.5 336.5 714.7557032180928 610.3846078159015 0.0 1.0
480.0 509.5 312.5 333.5 577.7688578560853 608.9440177980425 0.0 1.0
465.5 507.5 375.0 329.25 598.1429468944575 604.9487250319112 0.0 1.0
502.5 504.5 317.0 325.5 595.7524101425082 600.3927704635244 0.0 1.0
510.5 502.5 330.0 321.0 608.0675322785846 596.2781053919275 1.0 1.0
491.0 504.25 353.5 322.0 605.0199169416233 598.2923248704049 1.0 1.0
475.0 504.0 342.5 321.75 585.6122043960718 597.9460750036467 1.0 1.0
439.0 506.0 321.0 322.75 543.8459357390104 600.1702880582193 1.0 1.0
445.5 507.5 326.5 321.5 552.3519243511718 600.7656921488913 1.0 1.0
496.5 507.75 305.0 324.5 582.9878506104535 602.6009593867352 1.0 1.0
468.0 502.25 343.0 335.25 580.2447176884909 603.8830067459833 1.0 1.0
476.5 508.0 359.0 333.75 596.6047577274387 607.8271752424329 1.0 1.0
497.5 508.5 383.0 332.5 630.8421928263876 607.5596062309459 0.0 1.0
520.5 508.0 323.5 332.0 612.8534028274446 606.8674277154065 0.0 1.0
497.1158536585366 506.5 306.7317073170732 333.0 586.0624545211866 606.1610759525887 0.0 1.0
470.6036585365854 507.0 293.7073170731707 334.0 559.2312987557857 607.1295021818545 0.0 1.0
444.0914634146342 506.0 280.6829268292683 335.5 532.4001429903849 607.1216766704683 0.0 1.0
417.5792682926829 504.5 267.6585365853658 335.5 505.56898722498397 605.8718291362716 0.0 1.0
391.0670731707317 501.5 254.6341463414634 337.5 478.7378314595831 604.5019067336543 0.0 1.0
364.5548780487805 485.75 241.609756097561 291.0 451.90667569418224 570.0811755676855 0.0 0.0
338.04268292682923 468.75 228.58536585365854 225.66666666666669 425.0755199287813 525.6442655616622 0.0 0.0
311.530487804878 451.75 215.5609756097561 160.33333333333334 398.24436416338045 481.2073555556388 0.0 0.0
285.0182926829268 477.5 202.53658536585368 267.5 371.4132083979796 548.1660094899571 0.0 0.0
258.5060975609756 487.5 189.5121951219512 339.5 344.5820526325787 594.4363418269857 0.0 1.0
231.9939024390244 489.5 176.4878048780488 346.0 317.75089686717786 599.4535578207144 0.0 1.0
205.4817073170732 487.25 163.46341463414635 353.5 290.91974110177694 601.9760100462956 0.0 1.0
178.96951219512198 486.5 150.4390243902439 349.0 264.08858533637607 598.7357253451734 0.0 1.0
152.4573170731707 487.0 137.41463414634148 348.75 237.25742957097518 598.9954618014997 0.0 1.0
125.9451219512195 489.0 124.39024390243904 350.25 210.4262738055743 601.4948909242512 0.0 1.0
99.4329268292683 488.75 111.3658536585366 351.0 183.59511804017345 601.7289704652794 0.0 1.0
72.92073170731709 489.5 98.34146341463416 350.0 156.76396227477255 601.7559721348846 0.0 1.0
46.40853658536588 490.75 85.31707317073172 350.75 129.9328065093717 603.2090339272345 0.0 1.0
19.896341463414643 491.25 72.29268292682929 352.25 103.1016507439708 604.488775493602 0.0 1.0
-6.615853658536594 488.25 59.26829268292683 353.75 76.27049497856996 602.9324487764521 0.0 1.0
-40.5 485.5 73.0 352.75 83.48678452148211 600.1199775502957 0.0 1.0
-70.21428571428572 483.5 64.85714285714286 352.75 97.77869899828863 598.5021479486418 0.0 1.0
-69.07142857142858 482.0 40.285714285714285 352.0 88.66855823712248 596.8485260470152 0.0 1.0
-67.92857142857142 480.5 15.714285714285712 350.5 79.55841747595632 594.7525425122542 0.0 1.0
-66.78571428571428 479.75 -8.857142857142861 349.5 70.44827671479015 593.5573919620834 0.0 1.0
-66.0 478.5 60.0 349.5 90.83905513689606 592.5475398428102 0.0 1.0
-100.25 477.0 143.875 349.5 175.53994983805632 591.3369067885508 0.0 1.0
-86.5 478.5 141.5 349.5 169.0765999749355 592.5475398428102 0.0 1.0
-96.0 482.0 176.0 348.5 200.47962008280106 594.79647388956 0.0 1.0
-85.5 483.0 166.5 351.5 187.1729062897091 597.363809733768 0.0 1.0
-80.5 483.0 162.0 354.5 180.90066881834395 599.1320901938924 0.0 1.0
-78.0 485.0 163.5 354.5 181.1600967640814 600.7456508827663 0.0 1.0
-203.25 486.0 191.0 355.5 295.9662594970807 602.1432653981803 0.0 1.0
-365.58333333333337 524.0 223.0 377.5 442.82012637121323 645.8241471743279 0.0 0.0
-527.9166666666667 533.0 255.0 374.5 589.6739932453457 651.4187209998745 0.0 1.0
-641.5 535.0 231.0 373.0 681.9194648648163 652.1917096736995 0.0 1.0
-669.0 532.5 313.5 381.5 738.8912563831373 655.0561691911574 0.0 1.0
-630.25 520.0 291.0 401.0 694.1946103032853 657.0228650821051 0.0 1.0
-631.75 502.0 291.25 418.0 695.6545101372499 653.2447424229645 0.0 1.0
-653.5 503.5 308.5 420.0 722.6585719908064 655.677018492419 0.0 1.0
-652.25 504.5 328.75 420.5 731.6920860072967 656.765178735901 0.0 1.0
-603.25 505.5 389.75 422.0 719.5014306627259 658.4940035218572 0.0 1.0
-583.75 498.0 381.5 429.0 697.3838506177965 657.3464500371531 0.0 1.0
-586.25 490.0 381.75 435.5 699.5907472975572 655.5611034290686 0.0 1.0
-581.5 486.0 373.25 435.5 690.9897563558012 652.5769650874279 0.0 1.0
-653.0 484.0 394.0 433.5 762.7612057845645 649.7525197062454 0.0 1.0
-568.25 484.0 358.5 436.0 671.8856705085302 651.4230576207754 0.0 1.0
-591.75 482.5 334.25 436.0 679.8931665686832 650.3094552781669 0.0 1.0
-589.0 481.5 342.75 435.5 681.5627435312839 649.2322398456777 0.0 1.0
-599.0 480.5 322.5 435.5 680.351640520748 648.4909405689489 0.0 1.0
-588.5 480.5 301.75 435.875 661.3603138026826 648.7428545629205 0.0 1.0
-586.875 501.75 283.75 378.5 652.2033670192983 628.7993343250832 0.0 0.0
-644.5 501.5 263.0 357.75 696.1215786831985 616.0254215877937 0.0 1.0
-690.0 500.5 262.5 357.0 739.0787607569108 614.776167705756 0.0 1.0
-693.25 500.75 230.125 356.25 730.4574034277983 614.5442445060316 0.0 1.0
-700.625 500.25 296.5 355.5 738.880551033666 613.7021928732247 0.0 1.0
-710.5 499.25 195.5 355.5 737.201320609234 612.8878543508968 0.0 1.0
-645.5 499.0 290.5 355.5 708.3997794070503 612.6855111027191 0.0 1.0
-544.0 481.875 289.0 328.625 616.0008620458218 584.3688181681657 0.0 1.0
-533.0 459.375 295.0 267.125 609.5052361439509 535.2406466130278 0.0 0.0
-541.0 436.875 295.5 205.625 617.1518972098966 486.1124750578899 0.0 0.0
-577.0 433.5 280.0 242.25 641.3621367602673 500.9635913548989 0.0 0.0
-589.0 486.25 267.5 320.0 646.8981959953787 582.1191629575926 0.0 1.0
-700.5 492.0 329.0 327.0 774.1096440810506 590.75688557468 0.0 1.0
-572.0 518.0 302.5 328.0 647.0694713962915 613.1155793973726 0.0 1.0
-619.5 520.75 333.0 329.5 703.3282346333947 616.2402149694971 0.0 1.0
-658.0 510.75 238.0 331.5 699.7322609855967 608.9876849615692 0.0 1.0
-610.5 494.75 275.0 336.25 672.8333596798213 598.2030045978487 0.0 1.0
-503.0 487.5 304.5 344.0 587.9935104619615 596.6653371209223 0.0 1.0
-476.5 487.25 303.5 347.75 564.9464623029057 598.6495615301021 0.0 1.0
-524.5 478.5 309.0 355.0 608.7543477103579 595.8097070664503 0.0 1.0
-535.0 464.25 298.0 361.5 612.4173814577648 588.3964399426634 0.0 1.0
-547.0 491.75 290.0 345.5 619.1216367298124 600.9895031819708 0.0 1.0
-548.0 491.0 291.0 345.5 620.4717519841037 600.3763280783663 0.0 1.0
-572.0 489.0 307.0 344.5 649.2035044177999 598.1649142078625 0.0 1.0
-589.5 488.25 339.5 342.5 680.2739897053134 596.4011930980797 0.0 1.0
-594.0 488.0 348.0 342.0 688.4332736000649 595.909389085287 0.0 1.0
-631.0 487.75 384.5 342.0 739.2606777272085 595.7046945426434 0.0 1.0
-598.5 487.0 386.5 342.0 712.449647343586 595.0908187585418 0.0 1.0
-596.0 485.75 375.0 342.0 704.1601205512068 594.0683874136972 0.0 1.0
-594.0 483.5 349.0 342.0 689.1380696886358 592.2299666264605 0.0 1.0
-719.0 483.0 383.0 342.0 814.6923091543048 591.8217637093114 0.0 1.0
-588.7 486.5 365.8 345.0 693.4067847579757 596.4119823592451 0.0 1.0
-569.5 486.5 323.0 344.0 655.6442318403618 595.8351042095744 0.0 1.0
-550.3 489.5 280.2 335.0 617.8816789227479 593.1580538523131 0.0 1.0
-339.5 491.0 303.5 331.5 484.0551790785489 592.4300985966526 0.0 1.0
-431.625 493.0 308.0 328.5 546.889784091908 592.4225687799393 0.0 1.0
-538.0 492.5 317.5 326.5 624.7004230514447 590.8967594002634 0.0 1.0
-540.5 492.25 310.5 325.5 623.338218013945 590.1361033501039 0.0 1.0
-557.0 493.75 316.0 335.0 640.3975188805523 596.695638179893 0.0 1.0
-545.0 490.5 312.5 359.0 629.7516820957792 607.8424672393578 0.0 1.0
-603.0 491.25 340.0 363.75 692.4142862382402 611.2624031682155 0.0 1.0
-493.77631578947364 490.5 306.4342105263158 363.5 589.1209966789606 610.5103230137161 0.0 1.0
-462.1447368421053 491.5 303.0131578947368 364.5 570.9714590380511 611.9088984481268 0.0 1.0
-430.5131578947369 491.25 299.5921052631579 364.25 552.8219213971415 611.5595181903093 0.0 1.0
-398.88157894736844 491.5 296.17105263157896 364.5 534.6723837562319 611.9092982060743 0.0 1.0
-367.25 491.0 292.75 364.5 516.5228461153222 611.5074906947239 0.0 1.0
-335.61842105263156 491.5 289.32894736842104 363.5 498.3733084744126 611.3141492223804 0.0 1.0
-303.9868421052631 492.5 285.9078947368421 363.0 480.223770833503 611.8213284974522 0.0 1.0
-272.35526315789474 493.0 282.4868421052632 361.75 462.0742331925934 611.4835264551548 0.0 1.0
-240.72368421052633 493.0 279.0657894736842 361.0 443.9246955516838 611.0402300504292 0.0 1.0
-209.0921052631579 492.75 275.64473684210526 360.5 425.77515791077417 610.5430650576909 0.0 1.0
-177.46052631578945 492.5 272.2236842105263 360.0 407.6256202698646 610.0469142566931 0.0 1.0
-145.82894736842107 491.25 268.80263157894734 359.0 389.476082628955 608.4468983656964 0.0 1.0
-114.19736842105263 458.5 265.38157894736844 354.75 371.3265449880454 579.9810466204683 0.0 1.0
-82.56578947368419 268.75 261.9605263157895 227.75 353.17700734713577 354.945678614706 0.0 0.0
-50.93421052631581 201.67857142857144 258.5394736842105 126.39285714285714 335.02746970622616 238.36743702535634 0.0 0.0
-19.30263157894737 191.25 255.11842105263156 130.25 316.87793206531654 231.93427208088855 0.0 0.0
12.32894736842104 180.82142857142856 251.69736842105263 134.10714285714286 298.72839442440693 225.50110713642073 0.0 0.0
43.96052631578948 175.5 248.2763157894737 143.0 280.5788567834974 226.40383085908297 0.0 0.0
75.59210526315792 179.0 244.85526315789474 173.0 262.4293191425877 248.93885257830675 0.0 0.0
65.5 179.5 307.0 172.5 313.9142394161296 248.9507987487832 0.0 0.0
52.5 177.75 332.0 171.25 336.15440316653724 246.82331728719527 0.0 0.0
66.0 176.75 350.0 171.5 356.16951887994605 246.2779787313903 0.0 0.0
62.0 185.25 368.0 162.0 373.1864830672611 246.37673960553565 0.0 0.0
79.0 195.0 392.5 157.5 400.37139052562634 250.6618213891332 0.0 0.0
69.0 193.25 372.5 158.0 378.865834635159 249.62032213776126 0.0 0.0
69.5 194.25 370.5 156.0 377.06601745383455 249.13723334488026 0.0 0.0
71.5 195.0 346.0 155.75 353.3843539934966 249.56577513671365 0.0 0.0
-134.0 194.75 316.5 154.75 345.92506245218834 248.74725800377126 0.0 0.0
-506.0 194.0 368.5 154.0 629.1633866814625 247.6936683913725 0.0 0.0
-504.5 194.75 298.0 152.75 585.9409717659428 247.5080770405304 0.0 0.0
-502.0 185.75 324.0 151.25 597.5672740633119 239.5767414761084 0.0 0.0
-502.5 174.25 289.0 150.75 579.6801828166076 230.41917100871916 0.0 0.0
-506.0 173.25 314.5 152.5 595.7936235840555 230.8085156451969 0.0 0.0
-500.5 173.75 316.0 152.25 591.9089983596223 231.0179310314515 0.0 0.0
-497.5 173.5 316.5 152.0 589.6428129866658 230.66510668415717 0.0 0.0
-499.0 173.5 304.5 152.0 584.5692934565384 230.66510668415717 0.0 0.0
-507.5 162.75 313.5 145.0 596.5223998797234 217.97381032475752 0.0 0.0
-505.0 108.6341463414634 315.0 69.02439024390245 595.1901910553165 128.7282346134151 0.0 0.0
-511.5 107.17073170731707 322.5 67.1219512195122 604.6805143410405 126.55317281953542 0.0 0.0
-515.5 105.70731707317074 325.0 65.21951219512195 609.3975066456265 124.37811102565573 0.0 0.0
-519.5 104.2439024390244 328.0 63.31707317073171 614.3812961544705 122.20304923177605 0.0 0.0
-532.0 102.78048780487805 354.5 61.41463414634146 639.318540835397 120.02798743789637 0.0 0.0
-524.0 101.3170731707317 333.0 59.51219512195122 620.8618622900281 117.8529256440167 0.0 0.0
-519.0 99.85365853658536 329.0 57.609756097560975 614.4935579908122 115.677863850137 0.0 0.0
-522.0 98.39024390243902 344.5 55.707317073170735 625.4317969679688 113.50280205625731 0.0 0.0
-519.5 96.92682926829269 342.0 53.80487804878049 621.9681860123342 111.32774026237763 0.0 0.0
-516.0 95.46341463414635 329.0 51.90243902439025 611.9619491799297 109.15267846849795 0.0 0.0
-511.5 94.0 316.5 50.0 601.5025291683557 106.97761667461828 0.0 0.0
-507.5 92.53658536585365 307.5 48.09756097560976 593.3909930464956 104.8025548807386 0.0 0.0
-505.5 91.07317073170731 311.0 46.19512195121951 593.5077348738942 102.6274930868589 0.0 0.0
-501.0 89.60975609756098 322.0 44.29268292682927 595.5547644137409 100.45243129297921 0.0 0.0
-501.0 88.14634146341464 330.5 42.390243902439025 600.1932457582144 98.27736949909954 0.0 0.0
-502.0 86.6829268292683 330.5 40.487804878048784 601.027806681914 96.10230770521986 0.0 0.0
-503.5 85.21951219512195 327.0 38.58536585365854 600.3681516295183 93.92724591134018 0.0 0.0
-501.0 83.7560975609756 320.5 36.6829268292683 594.7493017133547 91.75218411746049 0.0 0.0
-506.5 82.29268292682926 312.0 34.78048780487805 594.8833954553877 89.5771223235808 0.0 0.0
-510.0 80.82926829268293 304.5 32.87804878048781 593.9868974149854 87.40206052970112 0.0 0.0
-506.5 79.3658536585366 301.0 30.975609756097562 589.1886425993778 85.22699873582144 0.0 0.0
-507.0 154.75 306.5 53.75 592.4465569352037 164.48785572273144 0.0 0.0
-509.0 140.25 308.0 90.75 594.9338130526118 167.70649338174684 0.0 0.0
-507.0 143.5 300.5 132.75 589.3635847315572 195.5853628475678 0.0 0.0
-508.5 148.25 288.0 146.5 584.3941246028978 208.42955824636127 0.0 0.0
-512.5 149.0 285.5 147.5 586.6705622936129 209.66103592991144 0.0 0.0
-515.5 151.0 288.0 150.0 590.5016133226577 212.84296437439232 0.0 0.0
-517.0 150.5 292.0 151.5 593.7623751579372 213.54770935914325 0.0 0.0
-516.0 150.5 296.5 152.5 595.1207574859144 214.25830987442976 0.0 0.0
-524.0 151.0 303.5 153.5 605.5574101694601 215.32243256637037 0.0 0.0
-522.0 150.0 276.0 154.25 590.9213841361834 215.1588862214112 0.0 0.0
-529.5 148.25 302.0 153.75 609.5698184499228 213.58199557502854 0.0 0.0
-527.0 145.5 317.0 153.75 615.011107414698 211.6839261076528 0.0 0.0
-608.5 144.0 374.5 154.0 714.5605128194704 210.83670605595344 0.0 0.0
-617.5 144.5 408.0 154.5 742.2565421163786 211.54345499733523 0.0 0.0
-642.5 142.6875 322.0 152.25 719.1779911668566 208.6655467467051 0.0 0.0
-577.5 140.9375 323.0 149.25 661.6914246832949 205.28371893573737 0.0 0.0
-556.0 139.1875 384.5 146.25 676.0010415523652 201.90189112476963 0.0 0.0
-611.0 137.4375 388.5 143.25 724.1319352575772 198.52006331380193 0.0 0.0
-501.5 154.0 369.5 116.5 623.7218834447938 193.1313218159496 0.0 0.0
-418.890625 159.25 369.203125 136.5 582.2382858492882 209.74772913262717 0.0 0.0
-338.078125 155.5 338.140625 137.5 532.3448354855243 207.61968649883454 0.0 0.0
-257.265625 42.75 307.078125 69.5 482.45138512176027 85.03529242510146 0.0 0.0
-176.453125 3.0 276.015625 41.5 432.55793475799635 41.77432174834303 0.0 0.0
-95.640625 -5.0 244.953125 30.0 382.6644843942324 30.44608227507051 0.0 0.0
-14.828125 -7.0 213.890625 24.5 332.7710340304684 25.48186765741658 0.0 0.0
65.984375 -8.75 182.828125 21.5 282.8775836667045 23.22272902049762 0.0 0.0
146.796875 -7.5 151.765625 15.5 232.98413330294045 17.224698338853184 0.0 0.0
149.5 -9.75 189.0 10.25 241.44395530959116 14.150968941118624 0.0 0.0
178.5 -10.5 234.5 5.5 294.71294897318535 12.020888508822997 0.0 0.0
183.5 -11.5 259.5 3.0 317.91708239616264 11.914725264086233 0.0 0.0
155.5 -30.25 265.5 -16.75 307.6893023298232 39.16954085374467 0.0 0.0
152.5 -53.75 269.5 -40.5 309.6611140810123 67.3003353187416 0.0 0.0
150.5 -54.75 280.0 -41.75 317.8843722961269 68.85308832562241 0.0 0.0
241.0 -54.25 258.5 -43.0 360.264082654874 69.22489881243835 0.0 0.0
206.5 -53.5 141.5 -44.0 250.36139420638833 69.27012973312505 0.0 0.0
184.0 -53.5 177.5 -44.5 255.87520794794682 69.588103740169 0.0 0.0
239.5 -53.75 175.0 -46.25 296.7112900906599 70.90990633820968 0.0 0.0
209.0 -30.25 164.5 -2.5 267.0831474523107 31.067137612720888 0.0 0.0
200.0 -16.75 192.0 17.0 277.2484563210333 23.866134788333888 0.0 0.0
208.5 -15.5 169.5 14.5 269.30318294619417 21.237557503938717 0.0 0.0
211.5 -15.5 165.0 13.0 268.7767888534786 20.23355627141717 0.0 0.0
212.20833333333331 -15.75 131.41666666666666 12.5 249.7450578701429 20.10812412799342 0.0 0.0
207.04166666666669 -15.75 117.08333333333334 12.5 238.32140970653967 20.10812412799342 0.0 0.0
201.875 -15.5 102.75 12.5 226.8977615429364 19.91230775173988 0.0 0.0
170.0 -25.0 96.0 5.0 196.00394407157492 25.49811616782673 0.0 0.0
195.5 -25.0 157.0 7.5 250.8021972184255 26.206160458360937 0.0 0.0
220.0 -25.25 184.5 6.5 288.74706980854467 26.14056585159615 0.0 0.0
252.0 -28.25 208.5 3.25 327.42791025188205 28.439028393244723 0.0 0.0
281.5 -31.25 173.0 1.25 332.5206437502021 31.275762999308476 0.0 0.0
244.5 -31.0 263.5 2.0 361.5920460352087 31.06956170313172 0.0 0.0
210.0 -29.5 218.0 2.25 304.54084272881556 29.586435077239003 0.0 0.0
210.0 -25.0 161.0 7.75 264.62576405022963 26.796729146963195 0.0 0.0
221.5 -20.25 178.67857142857144 14.5 284.67731702407144 24.915025787910054 0.0 0.0
239.5 -19.5 200.25 16.0 312.3121043158862 25.24465253213694 0.0 0.0
257.5 -17.0 221.82142857142858 19.0 339.94689160770093 25.53206603770535 0.0 0.0
237.0 -17.0 304.0 23.5 391.35130094507406 29.014497327059765 0.0 0.0
221.5 -15.5 431.0 28.0 484.7627555157368 32.00482231517294 0.0 0.0
227.5 -15.75 469.0 27.5 521.3869678703583 31.691632387597636 0.0 0.0
153.5 -16.75 543.0 28.0 564.7322541645184 32.62992977812368 0.0 0.0
211.5 -17.5 525.0 27.5 566.0407164246849 32.59601202601324 0.0 0.0
310.0 -17.0 620.0 28.5 693.3029249695755 33.187865308265756 0.0 0.0
254.0 -17.25 484.0 27.5 547.3496783485275 32.46316917333383 0.0 0.0
220.0 -17.0 465.5 28.25 514.8726570507529 32.97088286020432 0.0 0.0
260.0 -16.75 531.5 27.25 591.6860614144568 31.98683063294716 0.0 0.0
203.5 -16.25 416.0 27.0 463.1691532306645 31.51292440298868 0.0 0.0
210.0 -16.25 384.5 26.0 438.1111222238569 30.660484502278333 0.0 0.0
252.0 -16.5 387.0 27.5 462.5633791382028 32.07023542164915 0.0 0.0
268.5 -16.75 375.5 26.5 461.67748854530174 31.35055277021913 0.0 0.0
259.1 -19.5 343.0 32.5 430.54833642096094 37.913270299252176 0.0 0.0
241.5 -18.31818181818182 275.0 41.29545454545455 368.2204577984081 46.370017764284 0.0 0.0
223.9 -13.40909090909091 207.0 45.02272727272727 305.8925791758554 49.07348462913997 0.0 0.0
233.0 -8.5 277.5 48.75 363.16879132041186 51.77695149399594 0.0 0.0
229.0 -3.59090909090909 326.0 52.47727272727273 398.4028376693958 54.48041835885191 0.0 0.0
262.375 1.3181818181818183 324.5 56.20454545454545 419.9335439239538 57.183885223707875 0.0 0.0
413.0 4.75 295.5 59.75 509.83416566285047 59.93930495637326 0.0 0.0
537.5 -3.0 257.0 35.5 595.7931076205014 36.248013949418656 0.0 0.0
527.5 -9.5 292.0 41.25 604.8554229735562 42.58082812091288 0.0 0.0
499.0 1.25 312.5 33.25 589.9468299266262 33.52076827063718 0.0 0.0
455.0 -4.5 275.5 18.0 532.0624445034599 18.55767450556772 1.0 0.0
487.0 -10.5 283.0 0.25 563.2572838247004 10.528926607218827 1.0 0.0
492.0 -11.5 298.5 -4.25 575.6456075246406 13.288018216270466 1.0 0.0
516.5 -13.75 442.5 -4.5 680.136241726216 14.624190411655396 0.0 0.0
434.0 -13.5 291.5 -7.75 522.8155441442716 15.608729322967797 0.0 0.0
341.0 -3.5 330.5 13.5 475.1664524595468 13.951460900374682 0.0 0.0
340.5 -10.25 287.0 9.0 445.37337905476306 13.697292366434583 0.0 0.0
478.0 -12.25 249.0 9.75 541.3919329402893 18.389462489434653 0.0 0.0
488.3125 -2.5 231.375 18.0 541.7403024776071 18.203639745422667 0.0 0.0
420.0625 -2.75 241.875 19.25 485.44369823215715 19.44595155937558 0.0 0.0
362.0 -3.0 294.0 21.0 467.7647838743216 21.213203435596427 0.0 0.0
411.5 -3.25 351.0 22.25 540.8711335704274 22.487099192322958 0.0 0.0
372.5 -0.0 338.5 23.5 503.7329785352002 23.50531854708632 0.0 0.0
390.5 -0.25 390.5 24.25 552.2559808506959 24.25265927354316 0.0 0.0
362.0 0.5 398.5 24.0 538.3759345732235 24.010412149464315 0.0 0.0
362.0 -0.0 408.5 18.5 545.8473286173921 18.5 0.0 0.0
384.0 -2.75 414.5 12.5 565.1174227594281 12.826473218982951 0.0 0.0
383.5 -6.5 410.5 8.5 561.7990314087906 10.835927237427462 0.0 0.0
398.5 -8.25 347.0 3.0 528.4244347205795 8.782290095603447 0.0 0.0
340.0 -11.5 398.0 -0.75 523.4751307496479 11.546693311223912 0.0 0.0
419.5 -11.25 349.0 -1.25 545.6938124417111 11.322599018101227 0.0 0.0
423.0 -13.5 352.0 1.25 550.3033717562073 13.61476510887299 0.0 0.0
331.0 -14.5 356.5 2.5 486.48360100801085 14.71393896956216 0.0 0.0
414.5 -5.0 375.0 13.0 559.4605881869775 13.943374877252687 0.0 0.0
390.5 -3.75 439.5 14.25 588.1587879747276 14.750023756982664 0.0 0.0
411.5 -2.75 517.5 15.25 661.1692909429466 15.498688504442969 0.0 0.0
385.5 -1.5 519.5 17.5 646.9084175140955 17.56437635952574 0.0 0.0
381.0 1.0 517.5 20.0 642.6460594115549 20.030606997112812 0.0 0.0
375.5 1.5 492.0 20.5 618.9218704637094 20.554804791094465 0.0 0.0
384.0 1.5 535.5 20.0 658.9512400665601 20.056206003351207 0.0 0.0
384.0 1.5 556.0 20.0 675.9601730781376 20.056206003351207 0.0 0.0
374.5 1.25 486.5 20.0 615.484047763774 20.040991483690874 0.0 0.0
429.0 1.25 482.0 20.75 645.7917820178898 20.78893951160055 0.0 0.0
352.5 0.5 438.5 21.25 564.5848850878958 21.255882352603287 0.0 0.0
395.5 1.5 466.5 21.75 611.598778465589 21.801669566726126 0.0 0.0
381.5 0.5 442.0 22.5 584.3425301607315 22.505557612660034 0.0 0.0
420.0 1.25 417.5 22.75 593.9102360158922 22.79707406840386 0.0 0.0
398.0 2.0 415.0 23.25 575.3718694767604 23.33587279568595 0.0 0.0
404.0 2.0 423.5 22.5 585.4689226266811 22.588757397802453 0.0 0.0
392.5 1.0 401.0 21.25 561.1734770554441 21.27351964582976 0.0 0.0
407.0 1.0 369.0 21.75 549.9189733048966 21.772979397788063 0.0 0.0
172.5 2.5 402.5 22.5 437.95242618865257 22.642774521930463 0.0 0.0
181.0 1.75 378.0 23.5 419.1002274255768 23.56681103702624 0.0 0.0
189.0 1.75 374.5 24.5 419.49145046705485 24.5633508603955 0.0 0.0
190.0 1.25 358.5 22.5 405.76078195313744 22.600254047075893 0.0 0.0
76.40625 -5.0 348.40625 23.714285714285715 424.9749529862156 25.75624709607701 0.0 0.0
-75.71875 -11.0 346.28125 26.0 460.2949659627433 30.757001777959175 0.0 0.0
-227.84375 -17.0 344.15625 28.285714285714285 495.61497893927105 35.75775645984134 0.0 0.0
-379.96875 -23.0 342.03125 30.57142857142857 530.9349919157987 40.7585111417235 0.0 0.0
-421.5 -29.0 328.5 32.85714285714286 534.4312452566026 45.759265823605666 0.0 0.0
-420.75 -35.0 311.25 35.14285714285714 523.3649708696248 50.76002050548784 0.0 0.0
-424.5 -41.0 308.0 37.42857142857143 524.469864703424 55.760775187369994 0.0 0.0
-427.0 -3.5 304.0 39.5 524.1613929960205 45.64713205069448 0.0 0.0
-441.75 -13.0 306.75 8.0 537.8461856133013 15.643263525751848 0.0 0.0
-468.25 -17.5 362.25 23.0 592.0468631970451 29.667408179085445 0.0 0.0
-500.0 -24.5 351.0 11.5 611.3858252772185 27.6854668213971 0.0 0.0
-488.0 -26.5 311.0 -3.0 578.6753647694779 28.13056637698238 0.0 0.0
-563.0 -28.0 363.5 -8.5 670.4947799572657 29.39815995889394 0.0 0.0
-549.75 -24.0 307.75 7.5 630.4071204808965 27.346203968373633 0.0 0.0
-577.75 -19.5 303.75 8.0 653.5243179562144 21.082314900979412 0.0 0.0
-650.0 -32.5 281.5 11.0 708.5669759694562 34.40411419820099 0.0 0.0
-581.5 -21.0 277.5 30.5 644.4436225018787 37.031478650449614 0.0 0.0
-513.75 -19.5 260.5 30.0 576.0215517232534 35.78058132562969 0.0 0.0
-512.5 -18.5 260.0 32.5 574.6794313594717 37.40274019514089 0.0 0.0
-261.0 -17.5 238.5 33.0 353.5582140775708 37.35304539123952 0.0 0.0
-272.5 -17.5 237.0 33.5 361.1852135100745 37.795502377928514 0.0 0.0
-294.25 -15.0 238.75 32.5 378.92689108125955 35.79462106435626 0.0 0.0
-321.0 -16.5 241.5 34.0 402.5604080371111 37.792904394478754 0.0 0.0
-414.0 -15.5 251.25 32.5 484.27543529357445 36.0097720157754 0.0 0.0
-433.25 -19.0 254.5 28.5 502.4749931649177 34.79363519969034 0.0 0.0
-498.75 -23.5 266.5 23.0 565.6563446557245 32.889967197053366 0.0 0.0
-529.25 -25.5 269.75 22.0 594.0296013698536 33.68601046667948 0.0 0.0
-400.65 -21.5 271.8928571428571 24.5 572.2677957986116 32.77706203648269 0.0 0.0
-256.84999999999997 -20.25 287.75 28.0 573.8049656856512 34.55700600835236 0.0 0.0
-232.375 -19.75 303.6071428571429 27.75 575.3421355726907 34.062392054242125 0.0 0.0
-480.875 -18.5 303.0 29.0 568.6307204216953 34.40532975408142 0.0 0.0
-591.0 -16.5 326.5 31.0 675.1950474230628 35.1241710888478 0.0 0.0
-784.0 -15.0 389.0 33.0 888.0822053942045 36.2497284813284 0.0 0.0
-719.5 -15.0 471.0 33.5 861.3546021883997 36.70490430446591 0.0 0.0
-588.8333333333333 -14.5 390.75 34.0 708.0949549865701 36.968641343364425 0.0 0.0
-584.1666666666667 -15.0 295.75 35.0 656.2826870163747 38.079374978519816 0.0 0.0
-615.5 -15.0 315.0 35.5 691.6638940522366 38.53894134508627 0.0 0.0
-688.0 -16.0 246.5 36.5 730.8551103306536 39.85285435197835 0.0 0.0
-493.5 -14.75 333.0 35.25 595.4190845628608 38.211817412057755 0.0 0.0
-652.0 -14.25 312.0 34.75 724.4079863487489 37.55853593064608 0.0 0.0
-660.0 -12.5 260.0 34.5 709.3659309888942 36.697697398654654 0.0 0.0
-724.0 -10.0 271.5 34.5 773.2372351141257 35.93288954450698 0.0 0.0
-707.5 -8.25 269.5 34.25 757.0911694633463 35.23089497583984 0.0 0.0
-724.0 -9.0 273.0 34.0 773.7603189107922 35.20089370721177 0.0 0.0
-834.0 -10.5 302.0 35.25 886.9967044565417 36.78066875100623 0.0 0.0
-847.5 -10.25 321.5 35.0 906.4555343369118 36.47015741607458 0.0 0.0
-595.5 -11.0 382.0 35.5 707.4924434567408 37.16517186829626 0.0 0.0
-594.0 -12.25 379.5 36.5 704.8954725024378 38.50154117729855 0.0 0.0
-576.5 -14.0 356.0 36.25 677.5605434153375 38.86350709261508 0.0 0.0
-572.0 -14.25 346.0 37.25 668.5124578470545 39.88394683963905 0.0 0.0
-566.5 -15.0 338.5 38.0 659.9296683384896 40.85380896788346 0.0 0.0
-561.5 -15.0 330.0 37.5 651.2958363884377 40.38873605350878 0.0 0.0
-555.5 -27.0 326.5 22.5 644.346855804353 35.151956302616 0.0 0.0
-659.0 -22.5 417.5 29.75 784.6462775511247 38.665805134273 0.0 0.0
-581.5 -16.5 243.0 37.75 630.2351802189767 41.20223500412848 0.0 0.0
-578.5 -17.5 238.0 37.5 625.5467514662448 41.38484381183325 0.0 0.0
-578.0 -17.5 239.5 38.0 625.6550567205543 41.83670687604018 0.0 0.0
-577.5 -17.25 232.0 38.25 622.3586463932185 41.96382388647736 0.0 0.0
-580.75 -17.5 208.25 37.5 617.4112476983391 41.38290363651676 0.0 0.0
-584.5 -18.25 184.5 36.25 612.9278097786068 40.597283416046054 0.0 0.0
-593.0 -19.0 189.5 35.0 622.5428860536472 39.82533001859622 0.0 0.0
-618.625 -19.0 284.0 34.5 661.6812656966492 39.38591118661596 0.0 0.0
-588.0 -19.25 276.0 32.5 650.1315623162582 37.78012596449442 0.0 0.0
-616.0 -19.25 267.0 30.5 672.4852769053116 36.07235520657385 0.0 0.0
-656.5 -20.25 281.5 29.0 714.9814039461477 35.3737730687387 0.0 0.0
-609.375 -20.25 245.75 27.75 657.1303828737572 34.3537872979534 0.0 0.0
-622.0 -20.25 232.5 26.25 664.033341849889 33.15954576539433 0.0 0.0
-632.5 -20.5 234.0 25.5 674.4562982161115 32.71849629796577 0.0 0.0
-723.0 -19.5 270.5 24.5 771.9468554547599 31.322714277972036 0.0 0.0
-771.6176470588235 -19.0 287.13235294117646 24.5 823.3914834486227 31.00654974485993 0.0 0.0
-746.4411764705883 -20.0 273.30882352941177 24.5 795.0760951991901 31.629101156814464 0.0 0.0
-721.2647058823529 -20.0 259.4852941176471 24.0 766.7607069497576 31.248934441363858 0.0 0.0
-696.0882352941176 -19.25 245.66176470588235 24.5 738.445318700325 31.158484309778675 0.0 0.0
-670.9117647058824 -18.25 231.83823529411762 25.0 710.1299304508923 30.952724115583628 0.0 0.0
-645.7352941176471 -19.5 218.01470588235293 26.0 681.8145422014597 32.501384795636625 0.0 0.0
-620.5588235294117 -18.75 204.19117647058823 26.5 653.4991539520271 32.46311984687268 0.0 0.0
-595.3823529411766 -19.5 190.36764705882354 27.5 625.1837657025944 33.714483049277575 0.0 0.0
-555.5 -20.5 224.5 28.0 601.1605312565691 34.702473717728225 0.0 0.0
-534.5 -20.25 267.0 27.5 597.4807996008017 34.15665810783353 0.0 0.0
-534.2916666666667 -20.25 257.0 26.0 593.1175398388049 32.99021063130013 0.0 0.0
-533.4583333333333 -23.5 235.0 21.5 583.6674654330361 31.8693646452828 0.0 0.0
-532.625 -27.25 213.0 16.0 574.2173910272675 31.6587108995343 0.0 0.0
-524.5 -32.25 201.0 10.5 561.7371888751605 33.94913912111048 0.0 0.0
-543.5 -28.5 249.5 13.5 598.1249626363294 32.96458031466953 0.0 0.0
-534.0 -18.25 256.5 23.5 592.4092097609381 29.76009856024519 0.0 0.0
-536.0 -17.75 245.5 24.0 589.8302942942354 29.850825437543875 0.0 0.0
-533.0 -20.5 223.0 19.5 577.7705868508563 28.78719963943483 0.0 0.0
-529.0 -20.0 255.5 20.5 587.4736793606083 29.193240767610234 0.0 0.0
-525.0 -22.0 237.0 20.02777777777778 576.2185191692528 29.78221178247669 0.0 0.0
-468.5 -26.0 255.5 26.138888888888886 533.6963969712274 36.964643159131214 0.0 0.0
-460.5 -30.0 244.0 32.25 521.2362588185679 44.147074535785734 0.0 0.0
-465.0 -34.0 234.5 38.36111111111111 520.783352929785 51.329505912440254 0.0 0.0
-478.5 -38.0 249.5 44.47222222222222 539.6843311584338 58.511937289094774 0.0 0.0
-487.0 -23.5 259.5 55.5 551.8237218234847 60.91228970647954 0.0 0.0
-485.0 -32.5 258.0 40.0 549.3534568611258 52.92274932316916 0.0 0.0
-482.5 -26.0 268.5 49.75 552.1789150471045 56.16128507873429 0.0 0.0
-476.0 -26.75 260.0 51.0 542.3802696011603 57.591224188890884 0.0 0.0
-488.5 -27.5 262.0 40.0 554.3250957354717 48.87346896540014 0.0 0.0
-493.0 -31.5 265.0 38.5 559.7088528869273 49.91168066658486 0.0 0.0
-485.0 -30.75 277.5 41.0 558.8818689129056 51.25009757212004 0.0 0.0
-484.0 -38.75 258.5 35.0 548.7067867100859 52.23932818078723 0.0 0.0
-489.0 -36.75 264.5 36.75 555.95105415805 52.45136275058367 0.0 0.0
-493.0 -31.5 268.0 41.0 561.135491833154 51.70500179968448 0.0 0.0
-506.0 -32.5 291.0 41.0 583.9351031138278 52.320201981773224 0.0 0.0
-508.0 -32.0 272.5 40.0 576.4722818332626 51.228803759150566 0.0 0.0
-502.5 -31.0 272.5 39.0 571.6342088925035 49.8196748283246 0.0 0.0
-496.0 -31.0 271.5 39.5 565.4453486972841 50.212999271922286 0.0 0.0
-490.5 -29.75 268.0 39.0 558.9404938378296 49.052033698407385 0.0 0.0
-434.5 -29.25 196.0 38.5 476.77773000961133 48.35104130355654 0.0 0.0
-446.0 -29.75 115.5 38.75 462.1802794811916 48.858809140931356 0.0 0.0
-449.875 -29.75 108.75 38.0 464.41053726085136 48.263004515928735 0.0 0.0
-376.375 -29.25 129.75 37.25 398.9686311672793 47.362941387454214 0.0 0.0
-77.83333333333334 -26.0 -4.791666666666666 39.25 77.98351005077672 47.197786294657604 0.0 0.0
-77.16666666666666 -25.5 -3.9583333333333335 39.75 77.27718177917745 47.22637739975144 0.0 0.0
-76.5 -26.0 -3.125 39.25 76.57085350757818 47.087717521459766 0.0 0.0
-337.5 -25.25 49.0 40.5 341.70676094492785 47.72690547814025 0.0 0.0
-444.0 -25.5 191.0 41.5 483.3396434813827 48.7101784614554 0.0 0.0
-443.0 -25.25 173.5 42.5 476.0491462293004 49.43539920723755 0.0 0.0
-485.0 -25.0 217.5 42.75 531.5375043486548 49.52649453263177 0.0 0.0
-493.5 -24.5 253.5 44.0 554.8050810389318 50.36119537898202 0.0 0.0
-492.0 -25.0 251.5 45.25 552.5544596522768 51.69780303721231 0.0 0.0
-494.0 -24.75 251.5 46.0 554.3359039048803 52.243351590033996 0.0 0.0
-491.5 -23.5 251.0 47.0 551.8816011723463 52.55187920662118 0.0 0.0
-490.0 -23.25 252.0 47.5 551.0027223163239 52.88537529732477 0.0 0.0
-492.0 -23.5 254.0 48.25 553.6967095714909 53.66865457137823 0.0 0.0
-495.0 -22.5 253.0 48.0 555.9087222516171 53.01179114121688 0.0 0.0
-498.5 -22.75 255.0 48.0 559.9357650597459 53.11886233495097 0.0 0.0
-558.0 -23.75 242.0 47.75 608.2181215085345 53.33045713446969 0.0 0.0
-554.5 -23.75 246.0 48.0 606.6193910093681 53.556150475639214 0.0 0.0
-554.0 -24.0 247.0 45.75 606.5682496263744 51.664145313768614 0.0 0.0
-553.0 -24.25 248.0 45.0 606.0635280232593 51.1228412316367 0.0 0.0
-552.5 -24.5 248.0 43.5 605.6073743968687 49.925546669030254 0.0 0.0
-553.0 -24.75 249.5 41.5 606.6791135174752 48.32990180968075 0.0 0.0
-553.5 -25.0 249.5 40.0 607.1347154284304 47.16990566028302 0.0 0.0
-553.0 -25.0 249.0 40.0 606.473412442788 47.16990566028302 0.0 0.0
-555.5 -25.25 250.0 40.5 609.163832606223 47.72646272492646 0.0 0.0
-563.0 -26.0 253.0 42.0 617.2341602083955 49.40552049847507 0.0 0.0
-570.5 -26.0 256.0 45.0 625.30495912168 51.97118949427217 0.0 0.0
-572.0 -25.5 256.5 47.0 626.8782352454555 53.474082331904675 0.0 0.0
-569.5 -26.0 255.0 48.25 623.9834066317298 54.810271975630855 0.0 0.0
-569.5 -25.75 253.5 50.25 623.3719309065629 56.4636103526293 0.0 0.0
-566.0 -25.75 253.0 51.0 619.9718249415896 57.13594924967265 0.0 0.0
-564.5 -25.75 253.0 51.75 618.6026689917937 57.80257058285753 0.0 0.0
-472.0 -25.75 266.0 52.25 541.7940703546695 58.2531881535064 0.0 0.0
-472.0 -26.0 262.0 53.0 539.8457469152306 59.03559527319147 0.0 0.0
-473.0 -27.5 259.5 53.0 539.5085190813522 59.71631209230624 0.0 0.0
-470.5 -51.25 257.0 65.25 536.1152488212426 83.58934876298193 0.0 0.0
-465.0 -110.64285714285714 252.0 89.92857142857143 528.8942826219474 144.3609491484141 0.0 0.0
-469.5 -181.21428571428572 253.5 99.64285714285714 533.5669875701769 211.03669662388222 0.0 0.0
-553.5 -251.78571428571428 261.0 109.35714285714286 611.9509601536938 277.71244409935036 0.0 0.0
-632.0 -322.3571428571429 290.0 119.07142857142857 695.3602793187456 344.38819157481845 0.0 0.0
-632.0 -635.25 287.0 310.0 694.1131133564036 706.8555134111323 0.0 0.0
-645.5 -686.25 290.5 341.25 707.8562765865486 766.4368194728191 0.0 0.0
-635.5 -683.25 285.5 363.0 696.6855245221473 773.7187115864015 0.0 0.0
-632.0 -684.5 280.0 353.5 691.2481464712944 770.391597524857 0.0 0.0
-633.5 -634.5 279.0 352.5 692.216389278006 725.9302128439556 0.0 0.0
-622.5 -621.75 273.5 347.0 679.9328362433179 712.1548163468528 0.0 0.0
-615.5 -624.5 270.0 342.25 672.1163203557692 712.1400893700278 0.0 0.0
-611.0 -592.25 268.5 351.0 667.3930184746109 688.6942860564719 0.0 0.0
-617.0 -580.5 272.5 353.0 674.496337634692 679.4042584536326 0.0 0.0
-486.0 -579.5 265.0 352.0 553.5534371796564 678.029816911104 0.0 0.0
-487.5 -577.5 302.0 351.0 573.4634420200125 675.8013262492293 0.0 0.0
-489.5 -575.25 268.5 349.5 558.3032330194766 673.0994389857246 0.0 0.0
-488.5 -575.75 268.0 348.25 557.1860453675359 672.8836000801452 0.0 0.0
-449.0 -577.5 242.5 346.0 510.3125196648583 673.2183790244381 0.0 0.0
-386.0 -578.0 147.0 345.0 413.14340656767996 673.1337650655412 0.0 0.0
-330.0 -577.75 125.0 345.5 353.05214589400526 673.1763950403806 0.0 0.0
-313.5 -579.0 109.0 344.0 332.3675132875859 673.4826488084858 0.0 0.0
-339.0 -580.0 91.5 341.0 351.1317174846752 672.8171176603206 0.0 0.0
-347.0 -580.5 96.0 343.0 360.0347205478938 674.2660245230727 0.0 0.0
-347.0 -582.0 88.5 340.0 358.1092123733152 674.0369953473837 0.0 0.0
-425.5 -617.5 161.0 342.75 455.60627243501494 706.4210913312804 0.0 0.0
-480.5 -588.0 230.5 336.0 533.0189861432963 677.2311530232587 0.0 0.0
-476.0 -590.75 218.0 329.75 523.5456818625509 676.5649172607468 0.0 0.0
-489.5 -608.0 241.0 318.25 545.6112984428866 686.3863058663649 0.0 0.0
-488.5 -616.75 240.5 319.0 544.4928833327392 694.3700164475472 0.0 0.0
-487.0 -606.75 240.0 318.25 542.9263301774929 685.1739351045887 0.0 0.0
-509.5 -616.75 259.5 311.0 571.8018066516589 690.7980947662925 0.0 0.0
-530.5 -600.0 276.0 323.5 598.0019130014525 681.6541214816137 0.0 0.0
-531.0 -612.0 277.0 337.75 598.9075169965653 699.0137072075136 0.0 0.0
-531.5 -610.25 273.5 345.5 597.7412036785513 701.26697997259 0.0 0.0
-531.5 -608.5 276.5 347.5 599.1204278011439 700.734795821674 0.0 0.0
-530.5 -604.25 275.0 349.5 597.5413647307591 698.0489103566987 0.0 0.0
-529.0 -595.5 273.0 352.0 595.2898453694637 691.7565675258659 0.0 0.0
-528.5 -584.75 272.0 353.25 594.3874558294151 683.1705934471873 0.0 0.0
-526.5 -558.5 272.0 354.25 592.60973892372 661.3881211921523 0.0 0.0
-497.0 -563.0 276.0 350.75 568.6803158271834 663.3243785582702 0.0 0.0
-495.0 -556.25 263.0 347.75 560.530106920813 656.0460951329757 0.0 0.0
-495.5 -550.0 272.0 346.75 565.2472398078128 650.181504497471 0.0 0.0
-491.0 -588.75 284.0 327.5 567.2188737073295 674.1221851168882 0.0 0.0
-484.0 -660.5 295.5 330.0 567.0771742354459 738.5890719850233 0.0 0.0
-479.5 -665.0 305.5 329.0 568.5513853812895 742.0736921415305 0.0 0.0
-477.5 -694.25 311.0 328.5 569.8485101000979 768.8463313665263 0.0 0.0
-475.5 -638.75 311.5 324.0 568.4476008643853 716.5756140646768 0.0 0.0
-476.5 -423.7678571428571 308.5 300.80357142857144 567.648218529751 520.4963558497876 0.0 0.0
-478.5 -360.8392857142857 299.5 264.0178571428571 564.5138311498956 451.1649731973514 0.0 0.0
-503.0 -297.9107142857143 256.0 227.23214285714286 564.3983487388676 381.83359054491507 0.0 0.0
-498.0 -234.98214285714286 244.0 190.44642857142856 554.5664577373432 312.50220789247885 0.0 0.0
-498.5 -172.05357142857142 228.6375 153.66071428571428 548.4664731639476 243.1708252400426 0.0 0.0
-500.5 -109.12499999999997 225.1875 116.87500000000001 548.9815046942322 173.83944258760633 0.0 0.0
-502.5 -46.196428571428584 221.7375 80.08928571428571 549.4965362245166 104.50805993517008 0.0 0.0
-504.5 1.5 218.28750000000002 51.0 550.011567754801 51.024955254965214 0.0 0.0
-506.5 2.0 214.83749999999998 55.0 550.5265992850856 55.11894274092013 0.0 0.0
-508.5 5.5 211.3875 58.25 551.0416308153701 58.511402674701586 0.0 0.0
-510.5 -14.5 207.9375 29.25 551.5566623456546 32.646960241855865 0.0 0.0
-512.5 -14.0 204.4875 26.0 552.071693875939 29.530133356035748 0.0 0.0
-514.5 -13.0 201.03750000000002 21.5 552.5867254062235 25.126973520219703 0.0 0.0
-516.5 -15.5 197.58749999999998 19.0 553.1017569365081 24.520503619443993 0.0 0.0
-492.5 -15.5 224.5 17.0 542.5470438677837 23.014402113696505 0.0 0.0
-464.0 -16.25 254.5 14.25 529.2202683337115 21.641310473772734 0.0 0.0
-471.5 -17.75 255.5 10.25 536.2765397446581 20.511579522821002 0.0 0.0
-471.5 -19.75 252.5 5.75 534.9161169136082 20.766503825799653 0.0 0.0
-532.5 -19.25 289.0 7.25 605.8690527808267 20.579162268190597 0.0 0.0
-588.5 -19.25 327.5 7.75 673.4913720207518 20.75196856208674 0.0 0.0
-580.5 -18.75 300.0 8.25 653.9015130368755 20.491634072876188 0.0 0.0
-573.5 -17.0 330.0 9.0 661.6716862206404 19.24045995144933 0.0 0.0
-560.5 -17.0 326.5 11.0 648.662980353168 20.252808477230943 0.0 0.0
-558.5 -18.0 319.5 12.25 643.4303083025534 21.781806337234173 0.0 0.0
-556.5 -17.0 292.5 13.5 629.0532615779812 21.711825052288965 0.0 0.0
-556.0 -16.5 316.0 16.5 639.5254980822874 23.43110012114684 0.0 0.0
-549.8 -15.5 246.6 19.75 604.5061987035159 25.12062814425476 0.0 0.0
-581.0 -14.5 189.0 22.0 616.2558637786714 26.35772672891833 0.0 0.0
-612.2 -14.0 131.4 22.5 628.0055288538268 26.5 0.0 0.0
-511.5 -14.25 299.0 22.25 592.6076741823442 26.424312126255398 0.0 0.0
-508.5 -14.0 309.5 21.5 595.2835461706181 25.656799859075328 0.0 0.0
-503.0 -13.5 307.5 19.75 589.5467055402345 23.92346973764508 0.0 0.0
-537.5 -13.0 318.5 18.25 624.8565516948847 22.408285991004348 0.0 0.0
-603.5 -12.75 336.0 17.25 690.7330589803565 21.460279269205564 0.0 0.0
-629.0 -12.25 344.0 16.5 716.9257252200623 20.551223653793805 0.0 0.0
-612.0 -12.75 344.5 15.5 702.2996727344082 20.071118037941893 0.0 0.0
-613.5 -13.0 338.0 14.5 700.4476718413434 19.474342094150447 0.0 0.0
-613.0 -14.0 336.0 14.0 699.0471796323807 19.802147354761548 0.0 0.0
-608.5 -14.0 333.0 14.0 693.6578879108954 19.802147354761548 0.0 0.0
-597.5 -15.5 328.0 13.5 681.6086343234579 20.557428743034443 0.0 0.0
-595.5 -15.5 324.5 13.0 678.1755863980834 20.230022802612478 0.0 0.0
-590.0 -15.0 322.0 13.0 672.1487942513975 19.8530301301886 0.0 0.0
-597.5 -15.5 323.5 13.5 679.4546409990855 20.557428743034443 0.0 0.0
-614.5 -17.025 332.0 16.35 698.4525225271343 23.637293083984275 0.0 0.0
-621.5 -19.725 333.5 20.15 705.3272591467976 28.24643576848256 0.0 0.0
-619.0 -22.425 331.5 23.95 702.1776443890444 32.855578452980836 0.0 0.0
-626.0 -25.125 335.0 27.75 710.0007059856981 37.46472113747912 0.0 0.0
-543.5 -27.825 316.5 31.549999999999997 629.271431535381 42.0738638219774 0.0 0.0
-493.0 -0.0 307.5 60.0 581.0408606494616 60.960919213026145 0.0 0.0
-504.5 -7.25 309.5 35.0 591.8703606131706 35.92650522758825 0.0 0.0
-524.5 -10.25 316.0 34.5 612.3369348897663 36.13307650707385 0.0 0.0
-509.0 -7.75 306.0 36.0 593.903178332544 36.82641385681547 0.0 0.0
-487.0 -8.75 291.5 40.5 567.5755334995824 41.48937649351669 0.0 0.0
-485.5 -9.0 289.0 35.25 565.0055888289526 36.38696907326457 0.0 0.0
-485.0 -13.0 289.0 33.25 564.575973745446 35.724199329255526 0.0 0.0
-485.0 -11.5 289.0 36.5 564.5759470611549 38.268786236304905 0.0 0.0
-485.0 -12.5 288.5 37.0 564.3201662177244 39.0547770999128 0.0 0.0
-487.0 -12.5 288.0 36.75 565.7853608654416 38.81776630903893 0.0 0.0
-491.5 -14.0 289.5 38.25 570.4231033459232 40.73339748215342 0.0 0.0
-500.0 -13.5 275.0 40.5 570.8722219118922 42.69074841227312 0.0 0.0
-526.5 -14.375 309.0 40.75 610.4792797529255 43.21253649248693 0.0 0.0
-543.75 -14.5 252.5 41.5 600.500586739927 43.962743361984565 0.0 0.0
-492.0 -15.5 293.5 42.5 572.8930392177008 45.23825814507008 0.0 0.0
-525.5 -16.5 311.25 42.5 610.7622622837482 45.59056920021947 0.0 0.0
-566.5 -17.0 289.0 42.5 637.2637110936325 45.776254988672534 0.0 0.0
-564.0 -17.0 246.0 43.5 615.3147243816845 46.706176037906594 0.0 0.0
-519.0 -16.0 265.0 43.0 584.0269379182407 45.881222701441274 0.0 0.0
-459.75 -15.5 286.75 42.5 541.8453545451173 45.23825814507008 0.0 0.0
-457.25 -15.5 287.25 42.5 539.9915679819046 45.23825814507008 0.0 0.0
-454.75 -16.5 287.75 42.5 538.142865771805 45.59056920021947 0.0 0.0
-455.0 -15.5 289.25 41.5 539.158894179245 44.30011286667337 0.0 0.0
-453.25 -15.0 290.75 42.5 538.4915565284085 45.07185719185274 0.0 0.0
-460.1875 -14.0 285.34375 42.5 541.5305634947706 44.74760255025647 0.0 0.0
-464.9375 -13.0 278.71875 42.0 542.289106685294 43.965895873961216 0.0 0.0
-469.6875 -12.0 272.09375 41.5 543.0476498758172 43.20033903113538 0.0 0.0
-474.4375 -12.5 265.46875 40.5 543.8061930663405 42.38513890504548 0.0 0.0
-480.0 -12.0 260.5 40.5 546.1329143079304 42.243103887543626 0.0 0.0
-490.5 -12.0 256.75 40.5 553.6560895448315 42.24038352098617 0.0 0.0
-487.5 -10.5 261.5 39.5 553.2082937031391 40.87175063537161 0.0 0.0
-489.25 -10.5 267.5 39.5 557.6039137051166 40.87175063537161 0.0 0.0
-481.0 -10.0 272.0 39.5 552.6283720129892 40.7506930874261 0.0 0.0
-487.0 -11.0 272.0 39.5 557.8109531404536 41.00304866714181 0.0 0.0
-495.0 -10.5 272.0 39.0 564.8174922412588 40.39027743676971 0.0 0.0
-485.5 -10.5 267.5 38.5 554.317802368589 39.90613987846983 0.0 0.0
-485.0 -10.5 264.0 38.5 552.1968930201215 39.90613987846983 0.0 0.0
-483.25 -10.5 262.75 38.0 550.0619374609083 39.423977475642914 0.0 0.0
-484.25 -11.0 264.0 37.5 551.5402178489048 39.084972503880834 0.0 0.0
-487.75 -11.25 289.0 36.5 567.0391326937506 38.194513990778084 0.0 0.0
-488.0 -10.5 283.0 35.5 564.2538868486417 37.025478020113546 0.0 0.0
-462.5 -10.5 260.0 34.5 530.5719631758002 36.06398147451349 0.0 0.0
-459.5 -10.75 258.5 36.0 527.2217184457511 37.571530224718714 0.0 0.0
-459.0 -11.25 258.0 36.0 526.5406537227345 37.717627705415616 0.0 0.0
-455.0 -11.0 257.5 36.0 522.812230295808 37.64306044943742 0.0 0.0
-450.5 -10.75 254.5 37.25 517.4176691525503 38.77139154423954 0.0 0.0
-456.5 -11.75 259.0 37.75 524.8598231212111 39.53671750262646 0.0 0.0
-464.5 -11.75 221.0 37.5 514.3940610077065 39.29965786988204 0.0 0.0
-459.0 -12.0 237.0 38.5 516.8045503894361 40.32812891083054 0.0 0.0
-459.0 -12.5 249.5 39.0 522.429029300811 40.95424275945045 0.0 0.0
-462.0 -12.75 249.5 39.25 525.0667457110735 41.26924729315697 0.0 0.0
-463.5 -13.0 247.5 40.75 525.4414282601738 42.77345290501043 0.0 0.0
-509.5 -13.0 271.5 41.0 577.3236356700746 43.01162633521314 0.0 0.0
-482.0 -12.75 222.0 42.0 530.7297694746509 43.8932765515861 0.0 0.0
-479.5 -13.25 247.0 42.0 539.3789980604561 44.04110969175972 0.0 0.0
-479.5 -12.0 246.0 43.0 538.9214199968429 44.64302857109943 0.0 0.0
-479.0 -12.25 247.5 43.5 539.1634724274262 45.19207396387853 0.0 0.0
-481.0 -12.0 248.0 44.0 541.1707815663915 45.6095680120271 0.0 0.0
-481.0 -11.5 249.0 44.0 541.6290666760008 45.47801666739657 0.0 0.0
-480.5 -10.25 250.0 43.5 541.6462911585829 44.6914875110112 0.0 0.0
-491.5 -10.0 243.0 42.5 548.3895538390949 43.66077319956702 0.0 0.0
-494.125 -10.0 209.5 42.5 538.123028483659 43.66077319956702 0.0 0.0
-483.625 -9.5 173.5 42.0 515.7270140819502 43.06376473983744 0.0 0.0
-473.125 -8.5 137.5 42.25 493.33099968024146 43.09992516108325 0.0 0.0
-424.5 -8.0 204.5 42.75 471.5055397498737 43.492121294797755 0.0 0.0
-501.0 -9.25 255.0 42.25 562.1634500245008 43.2511431828312 0.0 0.0
-511.5 -9.5 255.5 42.5 571.7637195402377 43.54882317583335 0.0 0.0
-522.5 -9.5 258.5 42.5 582.9481512875167 43.54882317583335 0.0 0.0
-520.5 6.75 253.5 10.75 578.949852214735 13.223442101699263 0.0 0.0
-528.0 6.0 272.0 3.0 594.0060989872302 7.376625719176156 0.0 0.0
-548.5 1.5 278.0 -3.25 614.9404003364064 3.9525624189766635 0.0 0.0
-538.5 2.75 269.0 -2.5 601.949582390949 3.7203293719430324 0.0 0.0
-468.0 2.5 187.5 -3.0 504.8575013938952 3.9183482697270255 0.0 0.0
-449.5 2.5 143.5 -4.5 471.85286759520557 5.1478150704935 0.0 0.0
-445.0 3.75 137.0 -4.25 465.61143187272626 5.7754696539631745 0.0 0.0
-438.0 5.25 135.0 -2.75 458.33292140968956 5.928009501496435 0.0 0.0
-429.5 5.75 134.0 -3.75 449.91970733690505 6.865152478065314 0.0 0.0
-414.0 5.5 97.0 -3.25 426.18091038888383 6.40574087018311 0.0 0.0
-381.5 5.0 73.5 -4.0 388.5195569103955 6.415044915701853 0.0 0.0
-372.5 4.75 72.0 -4.0 379.3946230988671 6.233619419272889 0.0 0.0
-371.5 4.25 69.5 -3.75 377.94522699579113 5.678865687494035 0.0 0.0
-371.5 4.25 72.5 -2.5 378.50887111605135 4.931040384497288 0.0 0.0
-365.5 5.0 67.0 -4.5 371.61386727148727 6.763773638952289 0.0 0.0
-353.0 6.0 54.5 -4.0 357.18262080091813 7.216452007802298 0.0 0.0
-349.0 6.75 60.0 -4.0 354.12118192448554 7.847213254767711 0.0 0.0
-349.0 6.75 59.5 -3.5 354.0361321056115 7.610584139968363 0.0 0.0
-349.5 6.25 59.0 -3.0 354.44498867948465 6.9335572320687735 0.0 0.0
-402.0 6.0 35.5 -2.0 403.79075913264694 6.324555320336759 0.0 0.0
-499.5 7.25 25.0 -0.75 500.1852638270451 7.293858000525965 0.0 0.0
-461.0 7.5 17.0 -0.75 461.31396834743396 7.541510582198616 0.0 0.0
-454.5 7.0 12.0 -0.25 454.6627840648481 7.009601202601324 0.0 0.0
-452.5 6.5 2.5 -0.25 452.5465721198084 6.509601202601324 0.0 0.0
-459.125 7.0 51.875 0.0 470.85360779898804 7.0 0.0 0.0
-469.95833333333337 8.75 125.70833333333333 -1.0 497.30697722858645 8.80700326122463 0.0 0.0
-480.79166666666663 9.5 199.54166666666666 -0.75 523.760346658185 9.533938667693905 0.0 0.0
-423.0 9.75 248.5 -0.25 492.0869808063843 9.756246098625198 0.0 0.0
-433.5 9.75 242.0 -1.0 497.20924005514007 9.801181104196145 0.0 0.0
-495.5 10.25 286.5 -1.0 572.4667321376077 10.298693587992691 0.0 0.0
-510.5 10.75 283.0 -0.5 583.7525544919458 10.77268050859363 0.0 0.0
-516.0 10.75 288.0 -0.25 590.9474542794237 10.75594901040716 0.0 0.0
-504.5 9.75 278.0 -0.75 576.0247242271836 9.783641579475868 0.0 0.0
-505.0 9.0 281.0 -1.0 577.9152698320543 9.055385138137416 0.0 0.0
-474.0 9.25 255.0 -1.0 538.2388467157748 9.303935862704407 0.0 0.0
-496.5 9.75 269.5 -1.0 564.9271573443705 9.801181104196145 0.0 0.0
-483.0 10.0 259.0 -1.0 548.0605952163387 10.04987562112089 0.0 0.0
-485.5 10.0 259.5 0.25 550.5002653359536 10.006246098625198 0.0 0.0
-487.0 10.0 259.0 1.25 551.5886647856375 10.10526561221798 0.0 0.0
-487.0 9.25 259.5 2.75 551.8235678185556 9.655137166349693 0.0 0.0
-482.5 9.25 257.5 3.25 546.9119176697193 9.805530673081716 0.0 0.0
-473.0 8.5 241.5 3.5 531.3518683230071 9.215552445252149 0.0 0.0
-356.5 7.5 56.0 3.5 362.48180218681114 8.280022507931534 0.0 0.0
-338.0 7.0 -3.0 3.0 338.014832135465 7.615773105863909 0.0 0.0
-327.0 6.5 -14.5 3.5 327.41650331784285 7.413437828395944 0.0 0.0
-326.5 6.25 -1.5 4.0 326.5095150181767 7.421635656082426 0.0 0.0
-329.0 6.75 5.5 5.0 329.0923403763508 8.401467500235494 0.0 0.0
-331.0 7.0 -7.0 4.5 331.12854134861135 8.332291507670588 0.0 0.0
-329.0 6.75 -14.0 4.0 329.29773830361535 7.847213254767711 0.0 0.0
-329.0 6.75 -13.0 4.0 329.25721298434127 7.847213254767711 0.0 0.0
-333.5 3.5 -9.0 0.75 333.6360112452413 8.129571132170799 0.0 0.0
-330.5 4.5 -11.5 3.25 330.70034193408094 6.247605120920693 0.0 0.0
-332.5 -4.5 -7.5 -10.0 332.58491823680777 10.965951887695338 0.0 0.0
-329.5 -7.25 -7.0 -11.5 329.57599477418944 13.617702627997204 0.0 0.0
-326.0 -9.0 19.0 -12.0 326.5548277821693 15.005334517433354 0.0 0.0
-324.0 -9.5 21.5 -11.75 324.71285349188673 15.117380160928107 0.0 0.0
-326.5 -11.75 34.0 -14.25 328.2786120533302 18.47292221895376 0.0 0.0
-324.0 -12.0 28.0 -14.0 325.20902303603475 18.43908891458577 0.0 0.0
-322.5 -12.0 27.5 -14.0 323.6734265170088 18.43908891458577 0.0 0.0
-329.0 -6.0 22.5 -7.0 329.7903635142311 9.302775637731994 0.0 0.0
-325.5 -9.886363636363637 20.0 -5.863636363636363 326.11889634281357 17.92621103840022 0.0 0.0
-326.0 -11.068181818181818 17.0 2.3181818181818183 326.4429506054618 21.82782575626718 0.0 0.0
-326.0 -12.25 17.0 10.5 326.4433733490223 25.72944047413414 0.0 0.0
-319.0 -13.431818181818182 23.5 18.68181818181818 319.8644865515902 29.6310551920011 0.0 0.0
-308.0 -14.613636363636363 22.0 26.863636363636363 308.81333114692666 33.53266990986806 0.0 0.0
-311.5 -9.25 25.5 41.0 312.5419971779793 42.77531589140129 0.0 0.0
-310.5 -29.25 27.5 24.5 311.7154182034681 42.64550108964832 0.0 0.0
-305.5 -27.0 22.5 51.25 306.33074205086416 59.677611221108435 0.0 0.0
-305.0 -30.5 24.5 6.0 305.9827774470567 32.6508350148611 0.0 0.0
-417.5 -37.5 96.5 5.75 428.5289673801833 38.33416814925181 0.0 0.0
-473.0 -31.75 210.5 23.0 518.0646666937658 39.217056012613725 0.0 0.0
-506.5 -34.0 265.0 11.0 571.636997073743 36.13683141089298 0.0 0.0
-495.5 -30.25 250.0 7.0 555.0681906786072 31.049816517866237 0.0 0.0
-499.0 -30.75 254.0 5.5 559.9329926010349 31.244236974595417 0.0 0.0
-497.0 -30.0 250.0 6.5 556.3353770006538 30.69998034152772 0.0 0.0
-497.5 -30.0 249.5 6.0 556.5579033297022 30.59411708155671 0.0 0.0
-499.0 -30.0 250.5 6.5 558.3469354449801 30.704087294023246 0.0 0.0
-507.5 -29.75 252.5 7.0 566.8445151589958 30.562489736544897 0.0 0.0
-516.0 -30.25 259.5 6.5 577.5779168274569 30.942241805561075 0.0 0.0
-519.0 -29.25 258.5 4.75 579.8131599608641 29.633444371999058 0.0 0.0
-520.5 -28.75 258.5 4.0 581.1562189385625 29.031759715232038 0.0 0.0
-524.0 -28.5 260.5 2.75 585.1806989791944 28.64089051659673 0.0 0.0
-525.0 -27.5 263.5 1.5 587.4157814571431 27.544924933724495 0.0 0.0
-543.0 -26.25 250.5 -0.25 598.3841601337501 26.25245074485685 0.0 0.0
-526.0 -25.75 213.0 -1.75 567.4920438127982 25.8104445848501 0.0 0.0
-524.5 -25.5 216.5 -2.0 567.426394879034 25.578341014389753 0.0 0.0
-541.5 -25.0 232.0 -0.75 589.1072517675858 25.01249575324679 0.0 0.0
-544.5 -25.0 234.0 0.25 592.6523182473351 25.01249575324679 0.0 0.0
-545.0 -25.0 232.0 1.5 592.3252091639329 25.049932207181257 0.0 0.0
-546.0 -26.75 232.0 0.5 593.2453118230266 26.759611831257686 0.0 0.0
-546.5 -29.75 231.0 -3.0 593.3155045133722 29.916605392394082 0.0 0.0
-528.5 -31.5 221.5 -6.5 573.0496866100943 32.16599275800614 0.0 0.0
-500.5 -34.0 261.0 -9.5 564.4666059236873 35.30290609968837 0.0 0.0
-497.5 -37.5 261.5 -12.5 562.039968153394 39.52847075210474 0.0 0.0
-497.5 -40.0 264.0 -13.5 563.2071492543979 42.21936094523018 0.0 0.0
-497.0 -36.0 264.5 -7.5 563.000222024823 37.06096038669449 0.0 0.0
-496.0 -31.25 264.0 -1.0 561.882550004892 31.26600511324925 0.0 0.0
-475.0 -32.0 294.5 -2.5 558.8889650512593 32.18553955443995 0.0 0.0
-474.5 -33.5 287.0 -5.0 554.5442079587269 33.8710791088799 0.0 0.0
-475.5 -33.75 281.0 -5.0 552.3270365993907 34.11837983187953 0.0 0.0
-474.0 -34.5 273.5 -5.5 547.2464068286082 34.93812118200428 0.0 0.0
-465.0 -38.0 264.0 -9.0 534.7158169705313 39.05831536994509 0.0 0.0
-460.0 -40.75 264.5 -12.25 530.6225304750667 42.55257881581656 0.0 0.0
-464.0 -33.0 271.5 -3.5 537.595568199971 33.185128921780446 0.0 0.0
-473.0 -35.0 284.5 3.931818181818181 551.9685226532397 38.319056713544825 0.0 0.0
-470.0 -37.0 287.0 13.84090909090909 550.7323864682498 44.50134621667317 0.0 0.0
-476.0 -39.0 297.0 23.75 561.0571984611568 50.6836357198015 0.0 0.0
-500.0 -41.0 281.0 33.65909090909091 573.593619434123 56.86592522292983 0.0 0.0
-500.0 -43.0 265.0 43.56818181818181 565.8843018800558 63.04821472605816 0.0 0.0
-497.5 -34.75 257.5 28.0 560.1907845383153 46.59001471068417 0.0 0.0
-482.0 -22.5 239.5 8.0 538.238677908982 24.7408879905186 0.0 0.0
-466.0 -27.5 228.0 5.5 518.7872412780594 28.3753248334248 0.0 0.0
-465.0 -27.0 231.0 10.5 519.216910853092 28.97355978600122 0.0 0.0
-499.5 -21.25 261.5 18.75 563.8107428734709 28.341656862189133 0.0 0.0
-502.0 -21.5 268.5 20.0 569.2955570654915 29.36637605121294 0.0 0.0
-504.5 -22.5 277.0 18.5 575.5429214206526 29.163010597683602 0.0 0.0
-504.5 -20.25 282.0 17.25 577.965777952265 26.74732842061665 0.0 0.0
-498.0 -15.75 279.0 18.5 570.8296931701047 24.304473115308184 0.0 0.0
-491.0 -9.25 272.0 18.5 561.3066820328163 20.683628791873055 0.0 0.0
-490.0 -9.0 267.0 15.0 558.0224009840465 17.4928556845359 0.0 0.0
-487.5 -10.5 259.5 14.5 552.2655875666394 17.9161250960424 0.0 0.0
-483.5 -10.75 247.5 14.5 543.1667741208221 18.050537618869136 0.0 0.0
-486.5 -9.75 249.0 13.0 546.5192560308403 16.251230827480672 0.0 0.0
-456.5 -9.5 241.5 12.0 516.4591829052724 15.30694493520431 0.0 0.0
-412.0 -9.25 216.0 10.5 465.1883447592641 14.002892313842809 0.0 0.0
-412.0 -11.5 220.5 7.5 467.2948152247035 14.094647136510845 0.0 0.0
-425.0 -11.75 240.5 8.5 488.33419811533395 14.512643484183094 0.0 0.0
-445.5 -14.25 271.5 7.5 521.7113016748272 16.11287884235086 0.0 0.0
-412.5 -14.75 244.5 7.0 479.51943440192906 16.32709377267573 0.0 0.0
-409.0 -17.25 246.0 6.25 477.28103208241816 18.347955539957205 0.0 0.0
-435.5 -17.5 264.5 7.5 509.5296933627493 19.03943276465977 0.0 0.0
-455.5 -18.25 276.5 7.75 532.855670392682 19.82748044637404 0.0 0.0
-490.5 -18.5 294.0 9.5 571.8622508286176 20.797761175540998 0.0 0.0
-490.0 -18.5 293.0 11.0 570.9197509256749 21.524760754914567 0.0 0.0
-487.5 -18.0 290.0 12.0 567.2361546360396 21.633307652783937 0.0 0.0
-485.5 -18.25 286.5 12.0 563.7309327793205 21.84219236199194 0.0 0.0
-483.0 -18.75 280.0 12.5 558.291310264492 22.541521581717127 0.0 0.0
-481.0 -19.0 268.0 12.0 550.6225483718147 22.47220505424423 0.0 0.0
-479.0 -18.5 254.5 12.0 542.412856755335 22.052756353514084 0.0 0.0
-469.0 -17.75 247.5 12.0 530.3006586895208 21.42620141335344 0.0 0.0
-459.5 -17.5 250.0 12.5 523.1067863272004 21.50966226525729 0.0 0.0
-457.5 -17.25 258.0 13.0 525.234706487197 21.600581957812167 0.0 0.0
-456.0 -17.0 270.0 13.0 529.9399653821577 21.40093455903269 0.0 0.0
-454.0 -17.25 282.0 13.0 534.4534349289102 21.600581957812167 0.0 0.0
-463.0 -16.5 308.5 13.0 556.3855418469984 21.005951537600005 0.0 0.0
-477.0 -16.75 337.5 13.0 584.3276068885502 21.20344304831635 0.0 0.0
-466.0 -33.0 339.0 35.5 576.2612443656544 48.66426582497278 0.0 0.0
-459.0 -144.66666666666666 336.5 97.75 569.133802673867 182.1881201772875 0.0 0.0
-470.0 -327.3333333333333 338.5 96.75 579.2084994622664 353.7332786086339 0.0 0.0
-418.0 -510.0 289.5 95.75 508.5929062759001 525.2784370399803 0.0 0.0
-420.5 -633.5 251.5 186.5 489.9752770537731 666.7053156574509 0.0 0.0
-463.5 -563.25 242.0 295.25 522.9801562872578 636.4449552147631 0.0 0.0
-471.0 -529.0 218.5 306.25 519.2171259514856 611.2538608830333 0.0 0.0
-476.5 -525.5 211.5 312.5 521.3297081384355 611.4053936182871 0.0 0.0
-486.0 -525.75 214.0 311.75 531.0292146786796 611.230710745037 0.0 0.0
-479.5 -525.0 218.0 314.0 526.7594433339573 611.7404303917349 0.0 0.0
-615.9239130434783 -524.75 174.01086956521738 318.5 640.3525664536096 613.8444667739292 0.0 0.0
-603.6195652173913 -545.25 182.05434782608694 324.25 631.9535008195064 634.379438883407 0.0 0.0
-591.3152173913044 -545.5 190.0978260869565 327.25 623.5544351854033 636.1311298270325 0.0 0.0
-579.0108695652174 -546.75 198.14130434782606 331.0 615.1553695513003 639.1376009653701 0.0 0.0
-566.7065217391305 -533.75 206.18478260869563 337.25 606.7563039171971 631.3704317972577 0.0 0.0
-554.4021739130435 -537.5 214.2282608695652 334.0 598.3572382830941 632.8314592572922 0.0 0.0
-542.0978260869565 -540.0 222.27173913043478 331.0 589.958172648991 633.3727180736473 0.0 0.0
-529.7934782608695 -544.75 230.31521739130434 331.25 581.5591070148878 637.5571786107508 0.0 0.0
-517.4891304347826 -548.25 238.3586956521739 331.75 573.1600413807848 640.8089851207994 0.0 0.0
-505.1847826086956 -546.25 246.40217391304347 333.25 564.7609757466817 639.8786071790407 0.0 0.0
-492.8804347826087 -550.0 254.44565217391303 333.5 556.3619101125785 643.2124977084275 0.0 0.0
-480.57608695652175 -551.25 262.4891304347826 333.0 547.9628444784755 644.0241697620838 0.0 0.0
-521.0 -551.25 232.5 333.0 571.4507296456643 644.0235753011824 0.0 0.0
-520.0 -555.25 317.0 329.5 609.6319844024337 645.6592644152611 0.0 0.0
-507.0 -561.0 310.5 328.0 594.9767864887883 649.8501260378902 0.0 0.0
-498.0 -561.0 272.5 327.5 567.6798404401912 649.5979557971851 0.0 0.0
-486.0 -562.0 284.5 327.5 563.502130543845 650.4630043521199 0.0 0.0
-516.5 -585.75 205.5 308.75 555.8836519516676 662.1489659044614 0.0 0.0
-460.0 -581.75 256.5 308.25 526.7057741559184 658.3711365772474 0.0 0.0
-472.5 -581.25 273.5 308.75 545.9487273078612 658.16429881051 0.0 0.0
-467.5 -581.5 273.5 309.25 541.6257983018695 658.6190329124613 0.0 0.0
-462.5 -595.75 279.5 306.5 540.3955896334052 669.9772630249645 0.0 0.0
-463.5 -594.25 287.0 308.75 545.1618390100473 669.6772955758628 0.0 0.0
-464.0 -620.5 295.0 301.25 549.83938876207 689.7700132294783 0.0 0.0
-511.5 -614.25 273.0 304.75 579.8205311914937 685.7501015706575 0.0 0.0
-519.5 -615.5 276.0 304.0 588.2656245001192 686.5304752964951 0.0 0.0
-522.0 -606.25 271.0 307.75 588.1538914263851 679.8939704144127 0.0 0.0
-516.0 -604.25 262.5 306.75 578.9361020585338 677.6564274474556 0.0 0.0
-507.0 -594.0 250.0 305.0 565.3017954817774 667.7288962980738 0.0 0.0
-524.0 -589.75 259.5 301.5 584.7367382428756 662.3519141002221 0.0 0.0
-517.5 -701.75 271.0 299.25 584.1659790921349 763.0375665048562 0.0 0.0
-489.5 -740.0 278.0 294.5 562.9357479971097 796.8597426536472 0.0 0.0
-489.5 -506.0 277.0 281.5 562.4404951977226 579.6436142461139 0.0 0.0
-503.5 -260.3719512195122 288.5 145.21341463414635 580.297013343742 300.58951670011413 0.0 0.0
-504.0 -241.859756097561 292.5 140.0670731707317 582.7284449479924 291.75148046853064 0.0 0.0
-491.0 -223.34756097560975 286.5 134.9207317073171 568.474522166394 282.91344423694716 0.0 0.0
-496.0 -204.83536585365852 293.5 129.77439024390245 576.3449732164222 274.07540800536367 0.0 0.0
-505.5 -186.3231707317073 302.0 124.6280487804878 588.8418464590115 265.2373717737803 0.0 0.0
-504.0 -167.8109756097561 297.0 119.48170731707316 585.00002675369 256.3993355421968 0.0 0.0
-499.5 -149.2987804878049 290.5 114.33536585365854 577.8360131613224 247.56129931061332 0.0 0.0
-491.0 -130.78658536585365 284.0 109.1890243902439 567.2187701239964 238.72326307902983 0.0 0.0
-494.5 -112.27439024390245 289.0 104.04268292682926 572.7600675323471 229.88522684744638 0.0 0.0
-495.75 -93.76219512195122 290.5 98.89634146341464 574.5957975096023 221.04719061586292 0.0 0.0
-493.5 -75.25 293.0 93.75 573.9287477486146 212.20915438427946 0.0 0.0
-487.25 -56.73780487804879 290.5 88.60365853658536 567.2776714380266 203.37111815269597 0.0 0.0
-498.25 -38.22560975609757 303.5 83.45731707317074 583.431168719859 194.5330819211125 0.0 0.0
-510.25 -19.713414634146346 315.75 78.3109756097561 600.0445764682944 185.69504568952905 0.0 0.0
-510.75 -1.2012195121951095 312.5 73.16463414634146 598.7718349446375 176.8570094579456 0.0 0.0
-502.0 17.3109756097561 299.0 68.01829268292683 584.3249119262391 168.0189732263621 0.0 0.0
-499.25 35.82317073170731 291.0 62.87195121951219 577.8722199903905 159.18093699477865 0.0 0.0
-503.0 54.335365853658516 286.5 57.72560975609756 578.877094464941 150.3429007631952 0.0 0.0
-505.0 72.84756097560972 297.75 52.579268292682926 586.4076248200581 141.50486453161173 0.0 0.0
-503.0 91.35975609756099 282.75 47.43292682926829 577.0288633755886 132.66682830002827 0.0 0.0
-477.25 109.8719512195122 290.25 42.286585365853654 558.6721054829947 123.82879206844481 0.0 0.0
-482.5 103.5 307.0 57.0 571.8988062692601 118.48390315464138 0.0 0.0
-467.75 93.5 307.0 49.5 559.5065562222703 105.80649485948058 0.0 0.0
-466.75 87.5 309.25 63.0 559.9029936550273 108.0091184611837 0.0 0.0
-468.25 111.5 309.0 89.0 561.0216671738694 142.7453116496613 0.0 0.0
-478.0 152.5 311.5 113.0 570.5453647182219 189.80342096984708 0.0 0.0
-481.5 153.5 307.0 114.0 571.0446142949666 191.2025395451714 0.0 0.0
-466.25 154.0 298.0 115.0 553.3472189110698 192.2008337639648 0.0 0.0
-465.75 154.0 298.0 117.5 552.9284255549412 193.70660804422755 0.0 0.0
-466.25 154.5 300.25 118.0 554.5703113936007 194.40743298547 0.0 0.0
-467.5 154.0 306.75 120.0 559.166866813212 195.2331938989884 0.0 0.0
-468.25 154.5 314.75 121.5 564.2071005449334 196.55191291459818 0.0 0.0
-464.75 154.875 316.75 121.25 562.4261101050117 196.69278855425546 0.0 0.0
-465.5 155.25 316.0 121.5 562.6285493724008 197.14236636839104 0.0 0.0
-466.0 152.25 312.5 123.5 561.081593683189 196.04174498679686 0.0 0.0
-465.5 151.75 304.5 122.75 556.2467977435915 195.18100927025682 0.0 0.0
-448.5 148.25 255.0 124.25 516.4274796701371 193.43248424748936 0.0 0.0
-484.5 148.5 253.5 123.75 546.8139503249809 193.30372188235935 0.0 0.0
-470.5 148.5 233.5 123.0 525.2584476057267 192.8256871578444 0.0 0.0
-485.0 149.5 243.0 122.75 542.4710109300256 193.4368834888015 0.0 0.0
-480.5 150.25 258.5 123.5 545.7151962454326 194.4925815128957 0.0 0.0
-482.0 150.5 260.0 124.0 547.6543150531791 195.0032051018649 0.0 0.0
-487.5 151.75 273.5 125.75 559.0217843201663 197.0818330345009 0.0 0.0
-509.0 152.0 300.0 126.75 590.8353677913387 197.91311064551417 0.0 0.0
-510.5 153.25 299.0 128.0 591.618012258865 199.67370428721162 0.0 0.0
-509.0 153.25 292.5 128.25 587.0583431403512 199.83430391656324 0.0 0.0
-508.0 153.75 284.5 128.75 582.2408782542943 200.53854744451058 0.0 0.0
-507.0 155.0 276.5 129.0 577.4957384829595 201.65838019600912 0.0 0.0
-501.5 154.25 270.5 128.5 569.8012444793499 200.76256779810183 0.0 0.0
-498.5 154.25 271.0 129.5 567.4006018419202 201.40348028058264 0.0 0.0
-497.5 154.75 276.5 130.25 569.1735236287788 202.26869732356556 0.0 0.0
-500.0 155.25 285.0 131.0 575.5215063277064 203.13446606331192 0.0 0.0
-503.0 155.75 291.5 132.25 581.3615594369461 204.3239902969826 0.0 0.0
-504.0 156.75 295.0 132.75 583.9880869643983 205.41076231376385 0.0 0.0
-506.0 158.0 279.0 131.0 578.1149745771528 205.24904938170337 0.0 0.0
-502.5 158.5 297.5 128.0 583.9859792556058 203.73416962734132 0.0 0.0
-492.5 158.75 320.5 128.0 587.6024670348708 203.92788975715445 0.0 0.0
-494.5 167.25 312.0 167.0 584.7034161189019 236.35057412779236 0.0 0.0
-492.5 168.5 304.5 168.25 579.0308116697114 238.11886563015014 0.0 0.0
-492.0 169.0 305.0 168.5 578.8687468583655 238.6498481015704 0.0 0.0
-491.0 169.25 314.5 167.75 583.087698381086 238.29734577304134 0.0 0.0
-485.0 82.0 318.5 154.75 580.2305411260905 190.16414859938703 0.0 0.0
-485.0 9.700000000000001 325.5 136.55 584.1024941501669 142.10847923326358 0.0 0.0
-485.5 29.300000000000004 326.5 127.94999999999999 585.0767468657857 140.8032703614997 0.0 0.0
-488.0 48.900000000000006 313.0 119.35 579.8110118666021 139.4980614897358 0.0 0.0
-485.5 68.5 289.0 110.75 565.0064755884416 138.19285261797194 0.0 0.0
-475.5 88.1 273.0 102.15 548.2998458370055 136.88764374620803 0.0 0.0
-439.5 156.5 262.0 112.0 511.83260734174667 192.68112369391656 0.0 0.0
-274.25 160.75 254.83333333333334 152.25 482.0283167907533 221.4544860873637 0.0 0.0
-93.25 166.0 248.6111111111111 169.0 477.77026387986075 236.92814321458252 0.0 0.0
87.75 169.0 242.3888888888889 173.75 473.51221096896825 242.38572415987636 0.0 0.0
268.75 169.5 236.16666666666669 174.0 469.2541580580757 242.91302333560708 0.0 0.0
427.0 169.5 241.0 175.25 490.3379751232252 243.80952477731452 0.0 0.0
510.6666666666667 170.0 279.08333333333337 177.0 581.9534935872025 245.41597381464817 0.0 0.0
575.3333333333333 170.0 317.41666666666663 176.0 657.0872864632853 244.69675079512317 0.0 0.0
475.0 170.5 265.0 175.5 543.9245911116159 244.684490722236 0.0 0.0
494.5 170.25 270.0 176.25 563.4172798115877 245.05023206125094 1.0 0.0
480.5 168.25 266.5 177.25 549.4730633415504 244.38931597442183 1.0 0.0
624.0 167.5 312.5 179.5 697.9788875569434 245.51367673370743 0.0 0.0
546.0 168.75 442.5 178.75 705.9243471483403 245.8213276008184 0.0 0.0
556.0 169.5 342.5 177.75 653.0280294729764 245.6151703126395 1.0 0.0
532.5 169.75 310.0 175.5 616.3576702281943 244.16301579650695 1.0 0.0
532.0 203.75 258.5 156.5 591.4822477106727 256.9186761962069 0.0 0.0
532.5 204.75 261.5 153.0 593.2491663311155 255.6005192501789 1.0 0.0
505.0 205.0 261.0 151.5 568.5933322348045 254.90652857275438 1.0 0.0
460.5 206.0 289.0 150.25 543.6755710935278 254.9731537505766 1.0 0.0
449.5 204.73125 274.0 145.46875 526.4320662153036 251.33186585268578 1.0 0.0
470.5 201.65625 273.5 139.34375 544.2575221797597 246.0021173463517 1.0 0.0
489.0 198.58125 298.5 133.21875 572.9519282691717 240.6723688400176 1.0 0.0
488.0 195.50625000000002 284.5 127.09375 564.8767552247402 235.3426203336835 1.0 0.0
481.0 192.43124999999998 335.5 120.96875 586.559940018705 230.01287182734944 1.0 0.0
498.5 189.35625 302.5 114.84375 583.5718277248284 224.68312332101533 1.0 0.0
512.5 186.28125 280.0 108.71875 584.0005193676138 219.35337481468125 1.0 0.0
583.5 183.20625 341.0 102.59375 676.1621274473143 214.02362630834716 1.0 0.0
615.5 180.13125000000002 256.5 96.46875 666.8076934169251 208.69387780201308 0.0 0.0
629.0 177.05624999999998 368.0 90.34375 728.7586606939294 203.364129295679 0.0 0.0
605.8333333333333 173.98125 270.72222222222223 84.21875 663.7416103268679 198.03438078934488 0.0 0.0
567.1666666666667 170.90625 267.6111111111111 78.09375 627.8271549761466 192.7046322830108 0.0 0.0
528.5 167.83125 264.5 71.96875 591.9126996254254 187.3748837766767 0.0 0.0
489.83333333333337 164.75625000000002 261.3888888888889 65.84375 555.9982442747041 182.04513527034263 0.0 0.0
451.1666666666667 161.68124999999998 258.27777777777777 59.71875 520.0837889239829 176.71538676400854 0.0 0.0
461.0 158.60625 242.5 53.59375 524.3028813591308 171.38563825767443 0.0 0.0
319.0 155.53125 224.0 47.46875 389.7919430593188 166.05588975134035 0.0 0.0
316.5 152.45625 218.0 41.34375 384.31314529054043 160.72614124500626 0.0 0.0
377.0 149.38125000000002 226.0 35.21875 440.5873507506135 155.39639273867218 0.0 0.0
548.5 146.30624999999998 286.0 29.09375 618.6532476616875 150.0666442323381 0.0 0.0
555.0 147.0 395.5 27.0 681.8037766196711 149.47132320823314 0.0 0.0
508.5 208.25 362.5 102.5 624.5035710436701 232.1600088530296 1.0 0.0
502.5 209.75 346.5 105.5 610.3872709086334 234.78846231486028 1.0 0.0
489.75 209.25 337.375 110.5 594.7082980979908 236.6383025988757 0.0 0.0
521.0 210.25 450.5 109.0 689.2153154362168 236.82638779659612 0.0 0.0
501.5 213.25 363.25 109.75 619.4830920182385 239.83585090497337 0.0 0.0
480.0 213.75 334.0 108.5 584.8110370610593 239.71154538009085 1.0 0.0
471.0 213.75 316.0 108.0 567.1956678451251 239.48502084838913 1.0 0.0
487.0 212.75 364.5 107.5 608.3009672783568 238.3669947159945 0.0 0.0
489.5 248.75 354.0 101.0 604.091587609291 269.18143226658304 1.0 0.0
467.0 305.0 297.0 70.75 554.3269650875071 313.09937101905615 0.0 0.0
441.0 312.5 335.5 79.25 554.1172517192538 322.3924180611744 1.0 0.0
434.0 312.25 328.0 79.75 544.0076288260814 322.273420451496 1.0 0.0
420.0 311.5 322.5 80.0 529.5362028625577 321.6094222279452 1.0 0.0
491.0 311.0 285.5 80.5 567.9720597910069 321.24951361830887 0.0 0.0
490.0 311.5 283.0 81.25 565.8531168688514 321.9226179233056 1.0 0.0
487.0 312.0 280.0 82.25 561.773460438217 322.6593601206971 1.0 0.0
496.5 313.0 290.0 83.5 574.9889541996802 323.94780993400093 1.0 0.0
504.5 313.5 305.5 83.5 589.7933942258935 324.42952479774794 1.0 0.0
462.5 329.5 315.0 61.5 561.1252435019514 335.19818397030224 1.0 0.0
413.5 317.75 286.0 44.25 502.84267880929616 320.84003594448905 1.0 0.0
412.5 307.75 272.5 30.25 494.38100282461494 309.24297179439225 1.0 0.0
412.5 300.5 266.5 21.25 491.09929245665694 301.2580060168475 1.0 0.0
409.0 293.25 251.0 12.0 479.8775603198194 293.5096026196538 1.0 0.0
413.5 291.0 249.5 9.0 482.94345909487834 291.13914240257174 1.0 0.0
414.0 291.75 260.5 9.5 489.1546249638301 291.9050709279989 1.0 0.0
419.5 293.5 298.5 10.0 514.872704712334 293.6703088326806 1.0 0.0
577.0 297.91666666666663 304.5 -0.16666666666666652 652.8393184525888 298.73667852760354 0.0 0.0
457.0 303.1388888888889 342.0 -13.722222222222221 570.8018056293606 304.8255580755533 0.0 0.0
432.5 308.3611111111111 395.0 -27.277777777777775 586.204704252777 310.91443762350303 1.0 0.0
447.0 313.58333333333337 380.5 -40.83333333333333 587.0172565706974 317.0033171714528 1.0 0.0
444.0 343.0 342.0 -6.5 560.44625815578 346.0120450251166 1.0 0.0
716.875 241.25 375.75 88.25 604.3348427306361 256.8894621118593 0.0 0.0
508.0 244.75 391.0 101.75 641.3004678339009 265.06801174133875 1.0 0.0
570.5 242.75 432.0 105.5 717.4249071793957 264.68688877802435 1.0 0.0
497.5 239.25 350.5 116.0 608.5753118216278 265.88845323534974 1.0 0.0
507.0 238.0 375.0 106.5 630.7132559511927 260.7535831072916 1.0 0.0
461.5 173.25 304.0 124.75 552.6395307086493 213.55060737154756 0.0 0.0
458.5 167.0 304.0 126.0 550.2406362993258 209.20124118040854 1.0 0.0
456.5 166.75 323.0 124.75 559.2151496672013 208.25044407591906 1.0 0.0
445.0 166.75 295.0 124.75 533.9019029667024 208.2506379451773 1.0 0.0
434.0 166.75 292.0 126.75 523.1012464331627 209.45464358806367 1.0 0.0
468.5 166.5 270.0 126.0 541.5673492116817 208.80193964616325 1.0 0.0
424.5 166.0 271.5 126.0 503.9258011702423 208.4036741148451 1.0 0.0
412.0 153.0 321.0 137.5 523.9954984859073 205.7511109305214 1.0 0.0
423.5 146.5 288.5 145.0 512.4299952188592 206.124355669096 1.0 0.0
419.5 146.25 284.0 146.0 507.0868357947029 206.6527117428468 1.0 0.0
511.0 146.5 283.0 146.25 584.1461673268004 207.00626461511808 0.0 0.0
512.0 146.5 281.0 147.5 584.0788488106723 207.89089076670297 1.0 0.0
530.5 147.0 276.5 147.75 598.2353329530226 208.42047306104655 1.0 0.0
521.0 147.75 262.5 148.0 583.3929186894887 209.1275788299917 1.0 0.0
516.5 159.25 268.0 172.25 581.8903955026414 234.58846577056607 1.0 0.0
468.0 159.25 263.0 171.0 537.8400813501232 233.67146575163065 1.0 0.0
503.0 159.5 245.5 170.25 559.7170609665768 233.29239532109187 1.0 0.0
488.5 159.25 262.0 170.25 554.6735093977763 233.12174900863428 1.0 0.0
459.0 156.1875 279.5 164.59375 538.0402567397114 226.9477148917984 1.0 0.0
464.5 152.4375 309.0 156.71875 559.3282320481105 218.6999408544799 0.0 0.0
495.5 148.6875 275.5 148.84375 567.0936670061847 210.4521668171614 0.0 0.0
436.08333333333337 144.9375 349.41666666666663 140.96875 559.4466163111186 202.20439277984292 0.0 0.0
508.41666666666663 150.0 343.08333333333337 171.0 613.9328273532536 227.48906893576088 0.0 0.0
496.0 155.5 416.5 184.0 648.4344289507762 240.90744247562444 0.0 0.0
504.5 157.0 337.5 185.0 607.1840838827289 242.63965051079347 0.0 0.0
519.875 157.0 274.125 189.5 587.7477371196218 246.0880975503847 0.0 0.0
535.5 156.25 294.0 188.75 610.8979521184704 245.03213850531176 0.0 0.0
659.5 162.0 569.5 181.5 871.5882725208274 243.44007438084168 0.0 0.0
640.0 168.5 498.5 173.0 811.2523210007104 241.49818158021344 0.0 0.0
547.0 168.5 349.5 172.5 649.2843819285149 241.1400008293937 0.0 0.0
585.5 168.25 368.5 171.0 691.8663346282945 239.89391873654358 1.0 0.0
626.5 168.25 332.0 170.75 710.2199835024528 239.71571706251927 1.0 0.0
513.5 168.5 280.0 170.25 590.4757857071754 239.53568299346847 0.0 0.0
87.1875 168.5 235.5625 170.0 264.4332505067632 239.36035241071392 0.0 0.0
-22.0625 170.0 131.8125 169.0 180.29060256136825 239.7102417594017 0.0 0.0
-162.5 168.75 115.0 170.5 199.85132125515645 239.88975937483957 0.0 0.0
-504.0 170.5 217.0 196.75 548.8950120301099 260.76177517048376 0.0 0.0
-507.5 167.25 248.5 300.75 565.0974436208762 344.4215710678925 0.0 0.0
-511.5 167.0 253.0 330.5 570.6498489379412 370.29643416052255 0.0 0.0
-510.0 167.5 250.5 332.0 568.2027037593352 371.86059313081796 0.0 0.0
-503.5 167.75 248.0 334.25 561.6583424805187 373.98414205386223 0.0 0.0
-531.0 164.5 252.0 378.5 587.7628807985204 413.063766764126 0.0 0.0
-525.5 161.25 250.0 461.75 581.9369703854156 489.12333529643297 0.0 0.0
-541.0 161.5 253.0 471.0 597.2713199388943 497.91894551297594 0.0 0.0
-529.5 160.75 253.0 470.5 586.8394155125395 497.20349576694247 0.0 0.0
-497.0 160.0 279.5 469.75 570.2300307145151 496.25106647109624 0.0 0.0
-496.5 158.5 288.0 467.75 573.9829588585048 493.875310836133 0.0 0.0
-499.0 158.0 289.0 469.5 576.6496015163032 495.3728393846396 0.0 0.0
-496.5 156.75 287.0 481.5 573.481726903665 506.39595759148574 0.0 0.0
-499.0 153.75 288.5 505.25 576.3967817398012 528.1256690544976 0.0 0.0
-495.5 154.75 287.0 504.75 572.6162002620003 527.940100420675 0.0 0.0
-497.0 156.5 289.5 503.75 575.1691084734009 527.5001061721247 0.0 0.0
-495.0 157.5 290.5 502.5 573.9471070911429 526.6047116795496 0.0 0.0
-494.5 156.75 287.5 525.0 572.0021853105109 547.9153184131229 0.0 0.0
-492.0 158.25 284.0 547.25 568.0845362017893 569.6725068236404 0.0 0.0
-498.5 157.0 259.0 550.0 561.7790726312876 571.9697386869714 0.0 0.0
-495.0 155.5 262.0 551.5 560.2185181647159 573.0043825214774 0.0 0.0
-493.5 153.75 248.5 553.0 552.5375018259967 573.9763027658264 0.0 0.0
-490.0 153.75 247.5 553.75 548.9596424764445 574.6986645592544 0.0 0.0
-494.5 154.5 255.5 553.75 556.6064235263491 574.8993972982706 0.0 0.0
-494.0 150.75 252.5 599.0 554.7909902476814 617.6803896799652 0.0 0.0
-496.5 151.25 262.5 603.5 561.7119736551872 622.1646184896433 0.0 0.0
-580.0 152.5 284.0 604.0 647.3705435363563 622.9544646135192 0.0 0.0
-560.0 152.75 226.0 600.5 603.8853281327865 619.6235576616715 0.0 0.0
-531.0 155.0 252.5 594.75 588.9629264554655 614.6161757412149 0.0 0.0
-487.5 155.0 272.5 592.25 558.4913043635579 612.1969180798476 0.0 0.0
-474.0 155.25 276.0 597.25 548.5055676291161 617.0982238964298 0.0 0.0
-206.16666666666666 156.0 227.5 599.75 374.04990113576247 619.7065027767773 0.0 0.0
45.16666666666667 156.0 157.5 603.5 414.8540267796919 623.3363861274267 0.0 0.0
296.5 156.75 87.5 608.0 455.65815242362135 627.8810237832831 0.0 0.0
454.5 156.25 114.5 611.25 476.26792193148924 630.9046110058755 0.0 0.0
558.375 155.25 252.375 614.75 612.841083989445 634.0526918737069 0.0 0.0
587.0 154.25 244.0 618.0 635.6958049146311 636.9597969199647 1.0 0.0
532.5 116.5 255.0 626.75 592.011127412674 637.937423239497 1.0 0.0
638.0 84.0 284.5 624.25 699.1851856364001 629.8765094718135 1.0 0.0
561.5 84.0 260.5 621.75 618.9870502839815 627.3987715890244 0.0 0.0
555.5 82.75 301.0 619.5 631.8152377906797 625.0023288719364 1.0 0.0
575.5 83.25 306.5 619.25 652.1661775126588 624.8209111367266 1.0 0.0
576.5 4.25 333.5 601.25 666.492639114284 601.5412233567226 1.0 0.0
540.5 -13.0 316.5 599.5 626.3619205378393 599.640934324452 1.0 0.0
504.0 -13.5 292.5 602.0 582.7307527878619 602.1515233388109 1.0 0.0
533.0 -13.5 343.5 605.0 634.1338338322378 605.1508263870455 1.0 0.0
532.5 -14.0 347.0 606.0 635.6247455250881 606.1616945997165 1.0 0.0
506.0 -14.0 317.0 604.75 597.6775906351717 604.9120294199301 1.0 0.0
526.0 -6.5 270.0 594.0 591.298667788388 594.0816098357554 1.0 0.0
521.5 39.785714285714285 343.0 563.8214285714286 625.0562157133363 570.8579464102826 1.0 0.0
500.0 91.5 293.5 536.25 580.152092500611 552.6674010488364 1.0 0.0
578.5 143.21428571428572 327.5 508.67857142857144 664.7732915066624 534.4768556873903 0.0 0.0
541.5 180.75 305.5 523.5 621.7575384853474 553.9732924611865 1.0 0.0
540.5 196.75 282.5 562.5 609.8891853311279 595.9168395996608 1.0 0.0
537.0 197.75 289.5 565.5 610.0796160959674 599.0789657960422 1.0 0.0
478.0 199.25 314.0 567.75 572.5915301189154 601.6982931503185 0.0 0.0
470.5 200.0 306.5 568.75 561.5309151120757 602.8901801970435 1.0 0.0
461.5 199.75 299.5 570.0 550.2819724623421 603.9872212858158 1.0 0.0
510.5 200.5 286.5 571.0 585.4354618743212 605.1786926189652 0.0 0.0
486.0 174.25 292.5 580.0 567.240928075186 606.008526916399 1.0 0.0
456.875 156.0 250.91666666666669 586.5 521.2679819828029 606.892302240137 0.0 0.0
454.375 155.75 242.58333333333331 586.0 515.1574692838336 606.3450428440779 0.0 0.0
451.875 156.75 234.25 587.25 509.04695658486435 607.8101114101149 0.0 0.0
464.5 157.5 241.5 588.25 523.555643554618 608.9699467366823 0.0 0.0
488.5 157.75 275.5 589.5 560.8320785143644 610.2421240450369 0.0 0.0
547.5 157.75 376.0 587.5 664.96372411172 608.3103239488003 0.0 0.0
565.5 156.0 323.0 564.5 651.3371551512473 585.6595591136539 1.0 0.0
547.5 158.0 304.0 559.5 626.2418687651814 581.381345129234 1.0 0.0
619.0 158.5 273.0 558.0 676.7802712289524 580.0745480840151 1.0 0.0
526.5 158.75 256.0 555.25 585.4415073677732 577.498161182865 0.0 0.0
502.5 159.25 309.5 551.25 590.1769071142153 573.7941771248338 0.0 0.0
528.5 141.75 303.0 433.25 609.2145251772811 455.90971461029847 1.0 0.0
538.0 156.75 293.0 442.25 612.6150015590113 469.33311626188697 1.0 0.0
471.0 161.75 258.0 493.0 537.0725569848123 519.230855339614 0.0 0.0
478.0 158.5 279.0 547.0 553.4707067536615 569.5011499882967 1.0 0.0
534.0 158.0 262.5 550.5 595.0313425812777 572.725287079588 0.0 0.0
499.0 158.75 257.5 552.25 561.5966780864754 574.6148700709584 0.0 0.0
487.0 159.75 268.0 551.75 556.7808118774158 574.4118627189308 1.0 0.0
473.5 159.75 297.0 550.0 559.7271825602635 572.7305276068405 1.0 0.0
473.5 159.0 250.5 548.25 535.6850486212556 570.8406757007789 1.0 0.0
482.25 159.0 246.75 546.5 541.7111448248386 569.1603293358139 1.0 0.0
483.0 161.0 245.25 546.0 541.6982644433758 569.2432871859587 1.0 0.0
485.0 160.0 239.75 548.5 541.0469913671473 571.360000350042 1.0 0.0
495.5 161.0 227.0 549.0 545.0880787391454 572.1208178367841 1.0 0.0
484.0 161.0 318.0 551.5 580.1383962116934 574.5200170577175 1.0 0.0
481.5 161.0 257.5 553.0 546.0756223472249 575.9600850186804 1.0 0.0
457.0 160.5 331.0 555.0 565.5665973239952 577.7415079427823 1.0 0.0
437.5 160.5 322.0 556.0 543.2537033363125 578.7022118499289 1.0 0.0
439.5 161.0 299.0 557.0 531.5706152524083 579.8016902355495 1.0 0.0
471.5 160.5 269.75 559.5 544.0708780752984 582.0657179391344 1.0 0.0
435.0 160.0 284.75 560.5 519.9296662336678 582.8898969578627 1.0 0.0
434.5 160.0 267.5 560.0 510.24604586563896 582.4089895701202 1.0 0.0
527.25 159.5 267.0 558.5 595.2589756823113 580.8291487175898 1.0 0.0
449.75 149.0 303.0 541.5 542.4152193471432 561.672262833494 1.0 0.0
547.0 140.6875 218.25 511.25 589.0867353459278 530.4910074178244 0.0 0.0
570.5 144.9375 156.25 490.25 591.5102064972075 511.62259888551137 0.0 0.0
572.0 149.1875 151.5 469.25 591.7233167722279 492.7541903531983 0.0 0.0
502.0 153.4375 143.75 448.25 522.2939043855382 473.8857818208852 0.0 0.0
568.0 163.5 155.25 470.5 588.8614675457983 498.09956176714854 0.0 0.0
519.0 162.5 148.0 497.0 539.8619180757635 522.89126154927 0.0 0.0
571.0 164.5 146.5 511.5 589.4942616851221 537.3011478058395 0.0 0.0
571.5 164.0 145.0 510.0 589.6087202661525 535.7202588289001 0.0 0.0
571.75 164.0 146.0 514.0 590.096658460249 539.5294245914674 0.0 0.0
544.0 164.5 216.0 514.5 585.7862681727252 540.1580572515534 0.0 0.0
548.75 165.25 261.0 516.25 607.9258858977607 542.0534302107967 0.0 0.0
510.0 165.5 285.0 516.75 584.2308719900367 542.6065522285926 1.0 0.0
512.5 165.5 285.5 517.25 586.657449087426 543.0818214028841 1.0 0.0
510.5 168.0 286.0 529.0 585.1549450542906 555.0392877388028 1.0 0.0
559.0 170.75 363.5 543.5 667.4419946723788 569.6909867268952 0.0 0.0
493.0 170.5 283.5 545.25 568.703512818487 571.2862457535077 0.0 0.0
504.0 170.25 311.5 546.5 592.5293696466689 572.4052980528365 1.0 0.0
507.0 169.75 310.5 546.5 594.5310753024294 572.2563844122337 1.0 0.0
502.5 169.25 289.5 546.0 579.9337755690152 571.6308997069818 1.0 0.0
510.0 168.5 311.5 545.0 597.6208283108208 570.4535667450981 1.0 0.0
512.5 170.0 302.5 545.0 595.119429346715 570.8987582173011 1.0 0.0
511.5 170.75 305.0 545.0 595.5533629063982 571.122202715914 1.0 0.0
562.5 171.5 297.5 544.5 638.2688508586526 570.8701493660087 1.0 0.0
545.5 170.75 262.5 545.5 605.3731689037056 571.5995986709191 1.0 0.0
542.5 171.5 286.5 548.5 613.540939559979 574.6868106639072 1.0 0.0
548.5 327.75 307.0 431.5 628.5804908005086 546.3570753056028 1.0 0.0
558.0 493.0 317.5 304.5 642.0073860835263 579.6590121877729 1.0 0.0
556.0 507.0 311.5 296.75 637.317037990655 587.4606212068617 1.0 1.0
554.0 518.25 298.5 291.75 629.348409629854 594.7292423261144 1.0 1.0
557.5 514.75 321.0 294.25 643.3096775097204 592.9172815725944 1.0 1.0
563.0 514.0 322.0 314.75 648.5869690164388 602.8953814866446 1.0 1.0
561.0 510.5 315.5 331.0 643.641804035246 608.4173963979501 1.0 1.0
560.0 517.25 304.0 335.0 637.1938480556761 616.2571469444491 1.0 1.0
567.5 517.25 310.5 335.5 646.8899114976048 616.5288565898195 1.0 1.0
537.5 516.25 330.5 335.5 631.880455994984 615.6901258412464 1.0 1.0
496.5 499.75 361.0 334.5 614.1265248962682 601.4651010110545 1.0 1.0
501.0 505.0 362.5 343.5 618.3984242861426 610.7794470848814 1.0 1.0
499.875 517.5 361.875 341.0 618.4207123540702 619.7480966430282 1.0 1.0
490.5 518.5 314.0 335.75 583.4563583838085 617.7137818879571 1.0 1.0
486.5 524.0 296.5 340.5 569.8039836201644 624.9131075772194 1.0 1.0
456.0 527.0 334.5 342.0 565.550077514665 628.2465309564508 1.0 1.0
499.5 527.0 319.0 346.0 592.6832343336096 630.4346081493748 1.0 1.0
496.5 528.0 312.0 347.5 586.3932567681221 632.0921012325107 1.0 1.0
516.0 528.25 300.5 345.75 597.1584298974883 631.3408309126738 1.0 1.0
502.5 527.5 321.0 342.0 596.2778295392174 628.6658577253786 1.0 1.0
467.0 497.75 300.5 309.4375 555.4077599379445 586.1984070269609 1.0 0.0
468.5 494.75 358.0 297.1875 590.9796837857839 577.5825934948675 1.0 0.0
484.0 491.75 307.0 284.9375 573.2740233461589 568.9667799627742 1.0 0.0
484.5 488.75 330.5 272.6875 586.5315670953242 560.3509664306808 1.0 0.0
483.5 485.75 335.5 260.4375 588.5003333086113 551.7351528985874 1.0 0.0
484.0 482.75 332.0 248.1875 586.9244584891344 543.1193393664942 1.0 0.0
484.0 483.75 322.0 261.25 581.3260702910201 550.0827324819277 1.0 0.0
486.5 509.75 319.5 323.75 582.0332247104462 603.9384345717442 1.0 0.0
489.5 495.0 321.5 328.0 585.6386895152 593.815385195125 1.0 1.0
489.0 500.5 312.5 333.75 580.3252773288722 601.5752793991239 1.0 1.0
468.0 488.33333333333337 289.5 320.625 550.3319130756497 584.3530119463803 1.0 1.0
469.5 475.66666666666663 296.0 293.125 555.0191547853262 559.2968588877084 1.0 0.0
465.0 463.0 307.0 265.625 557.2775597658562 534.2407058290363 1.0 0.0
465.0 469.375 308.0 269.75 557.7604710299545 541.8332226309519 1.0 0.0
471.0 524.25 321.0 349.25 570.0375276580407 629.9315417357952 1.0 1.0
468.0 528.5 310.5 357.0 561.6361861022547 637.9090226989342 1.0 1.0
472.0 535.25 318.5 349.5 569.4139841152253 639.2521251892215 1.0 1.0
469.0 530.5 306.5 348.75 560.2940698664186 634.8675857387389 1.0 1.0
487.5 528.5 316.5 347.0 581.2445556342375 632.2360974107762 1.0 1.0
464.0 529.0 279.0 342.5 541.5429566686939 630.196935679452 1.0 1.0
452.5 524.0 264.5 343.5 524.134758756989 626.5621557396253 1.0 1.0
458.5 525.0 267.5 345.5 530.8301773534431 628.4872201327775 1.0 1.0
459.5 528.75 277.0 345.75 536.5364537341466 631.7594550349633 1.0 1.0
463.0 504.0 290.5 332.5 546.5887416380939 603.9091611895656 1.0 1.0
459.0 528.0 281.5 340.0 538.4772202513379 628.0000178380468 1.0 1.0
466.5 522.0 279.0 338.25 543.5680235206726 622.010686836549 1.0 1.0
463.5 510.75 275.0 336.0 538.9412152685841 611.3771545917355 1.0 1.0
461.0 498.5 270.5 339.0 534.69599146211 602.8460243333745 1.0 1.0
458.5 499.0 264.5 339.5 529.3237207607195 603.5407367316253 1.0 1.0
455.5 503.5 254.0 341.25 521.5584220701792 608.2468667993112 1.0 1.0
459.5 508.75 264.0 342.75 530.0199978773982 613.4364232936052 1.0 1.0
460.0 508.5 266.5 343.75 531.6223404113144 613.788806162986 1.0 1.0
453.0 514.0 246.5 336.75 515.7241027949035 614.4897279502882 1.0 1.0
468.16666666666663 511.0 220.75 341.75 517.8952598177522 614.747157310335 1.0 1.0
452.83333333333337 504.25 191.75 339.25 492.7436027252022 607.7488567590873 0.0 1.0
437.5 512.75 162.75 325.0 467.5919456326522 607.0765469214882 0.0 1.0
438.0 513.75 168.5 325.0 469.7800748068857 607.9238589933034 0.0 1.0
460.0 516.0 269.0 326.5 532.9498324995535 610.6212103952687 0.0 1.0
483.5 519.0 313.0 329.0 576.038846947033 614.4933649794677 1.0 1.0
486.5 519.0 299.0 327.0 571.345003526096 613.4253954916386 1.0 1.0
492.0 519.5 279.5 323.5 565.8978158543194 611.9909920557639 1.0 1.0
502.0 521.5 279.0 316.25 574.3217411075995 609.9139136155964 1.0 1.0
488.5 522.75 279.5 312.25 562.8529796876664 608.9073994524624 1.0 1.0
470.5 523.0 346.0 315.25 584.7111676245386 610.668157840615 1.0 1.0
465.0 524.5 301.5 324.5 554.1912612310165 616.7679846641238 1.0 1.0
470.0 532.0 321.0 326.0 569.2392473631428 623.9444552436032 1.0 1.0
469.0 522.25 310.5 326.5 562.5328953786983 615.9190511288137 1.0 1.0
466.5 517.25 292.0 327.25 550.3571411035555 612.0814152490335 1.0 1.0
465.0 514.5 298.0 333.5 552.6280485775947 613.13348957286 1.0 1.0
461.5 513.5 286.0 334.5 542.9354237297017 612.8397148485458 1.0 1.0
462.0 489.5 285.0 341.5 542.8342379547286 596.9070813169947 1.0 1.0
464.0 467.1875 286.0 323.5 545.0626020787884 568.7038998661944 1.0 0.0
472.5 453.4375 287.5 297.5 553.1148003550052 543.0763963953866 1.0 0.0
523.0 439.6875 289.5 271.5 597.8359762699913 517.4488929245788 1.0 0.0
505.5 425.9375 291.5 245.5 583.526320208618 491.821389453771 1.0 0.0
505.0 451.25 304.5 299.25 589.7041679630322 541.4937089055072 1.0 0.0
502.0 484.5 289.5 341.75 579.5050886318746 592.9079632728265 1.0 0.0
492.5 497.25 273.5 348.25 563.3557809080597 607.0780259893095 1.0 1.0
491.5 495.5 287.0 346.5 569.1684166956791 604.6364083938513 1.0 1.0
493.0 498.75 297.5 348.5 575.8211864934963 608.4437796578172 1.0 1.0
489.0 502.75 288.5 345.0 567.7630835555751 609.7506239158391 1.0 1.0
487.5 511.25 285.5 341.5 564.9491880863944 614.8187256722106 1.0 1.0
487.5 518.25 295.0 337.75 569.8082422991183 618.5964539565337 1.0 1.0
485.5 525.25 284.5 333.75 562.7238719222162 622.3197899104209 1.0 1.0
483.5 530.5 274.0 327.0 555.7411717697368 623.1931959042247 1.0 1.0
482.0 529.75 281.5 322.0 558.1816171672673 619.9379714218898 1.0 1.0
481.5 525.25 271.5 318.25 552.7769512216385 614.1424943301417 1.0 1.0
480.5 520.0 282.5 315.0 557.543710808857 607.9683008138986 1.0 1.0
461.5 517.25 257.5 311.25 528.4835767708264 603.675568847741 1.0 1.0
467.5 463.75 263.5 316.0 536.6660121414785 562.2081114096254 1.0 1.0
462.0 253.25 274.5 345.75 537.4042276654811 431.1589931256342 1.0 0.0
461.0 48.75 278.5 224.5 538.6352793053537 229.88666440789717 1.0 0.0
461.0 -166.3 288.0 85.6 543.5750232672692 245.59085901469635 1.0 0.0
455.5 -406.70000000000005 290.0 70.4 539.9828577929027 442.3718684902742 1.0 0.0
456.0 -548.25 293.5 152.25 542.3004623814631 577.7598676801664 1.0 0.0
497.5 -560.5 299.0 276.25 580.4640847196281 625.324999490452 1.0 0.0
502.0 -576.75 297.5 296.75 583.5382052343793 648.6329835567294 1.0 0.0
456.5 -655.0 289.0 305.5 540.3026517579831 723.2231309958823 1.0 0.0
439.0 -589.5 278.5 304.5 519.8877283447748 663.500625561968 1.0 0.0
424.5 -585.75 270.5 313.75 503.36044402432174 664.5100549329873 1.0 0.0
437.0 -638.75 281.0 337.5 519.5491393401237 722.5969127843412 1.0 0.0
494.5 -599.5 343.0 324.75 603.1461207932523 681.8148227587235 1.0 0.0
472.0 -602.5 329.0 339.0 575.3559789217991 691.3485570036999 1.0 0.0
479.5 -600.75 341.5 344.5 588.705217404987 692.5255399415577 1.0 0.0
460.5 -598.5 333.5 351.5 568.5977059590604 694.0892009699645 1.0 0.0
467.0 -593.75 349.5 355.0 583.3448160389121 691.783721844193 1.0 0.0
463.5 -597.0 320.0 356.75 563.2807793327654 695.4707611545534 1.0 0.0
464.0 -595.25 309.5 359.25 557.7544413956507 695.2581186586646 1.0 0.0
459.5 -598.75 301.5 361.75 549.5842206681618 699.5465316649595 1.0 0.0
458.0 -674.25 303.0 376.75 549.1567844355616 772.7646258052775 1.0 0.0
455.5 -606.5 315.5 366.25 554.2658340967389 708.5072035419944 1.0 0.0
451.5 -607.0 303.0 367.5 543.7755741908732 709.5812890624393 1.0 0.0
449.0 -617.25 296.5 351.75 538.078466285105 710.4404783067565 1.0 0.0
447.0 -621.75 289.0 351.0 532.287536982931 713.9943208807115 1.0 0.0
448.5 -620.0 286.0 354.5 531.9288695598422 714.1920501863044 1.0 0.0
447.5 -620.75 282.5 366.25 529.2093831743009 720.7494286283186 1.0 0.0
445.5 -616.5 280.0 368.0 526.1878701636913 717.98734677265 1.0 0.0
453.5 -605.25 284.5 360.25 535.3645400705848 704.3525930349635 1.0 0.0
478.5 -595.75 287.0 362.5 557.9717613094172 697.3695676540676 1.0 0.0
479.5 -598.0 287.0 360.5 558.8338594944535 698.2586498341523 1.0 0.0
518.0 -589.5 307.5 359.0 602.3960801436644 690.2111627128244 1.0 0.0
498.5 -670.5 288.5 367.0 575.9763751387809 764.7097037417611 1.0 0.0
514.0 -667.0 298.5 361.0 594.5971303314913 758.4287697512107 1.0 0.0
546.5 -653.0 303.5 354.0 625.1206748361112 742.7819366966685 1.0 0.0
546.0 -668.5 302.0 355.75 623.9551265916484 757.3082143309244 1.0 0.0
546.5 -687.0 304.5 362.0 625.6057064957129 776.7057038680259 1.0 0.0
547.0 -650.75 305.0 358.75 626.2860294691668 743.2066203703307 1.0 0.0
548.0 -604.5 306.5 358.5 627.8903642920664 702.8106900945727 1.0 0.0
548.0 -669.6666666666667 306.0 388.41666666666663 627.6467659715021 774.1742017507931 1.0 0.0
548.1666666666667 -624.3333333333333 305.83333333333337 372.08333333333337 627.7109041543777 726.8169379721035 1.0 0.0
548.8333333333333 -598.25 305.16666666666663 360.75 627.968931711041 698.6037199161119 1.0 0.0
551.5 -594.0 304.0 357.25 629.7366975648324 693.1562356491895 1.0 0.0
552.0 -593.5 305.0 363.5 630.6576237138438 695.9826665069431 1.0 0.0
551.0 -574.25 306.0 357.75 630.2674503173905 676.5962469453804 1.0 0.0
550.0 -608.5 307.5 363.75 630.1241468664933 709.1556864721603 1.0 0.0
550.0 -616.5 307.5 366.0 630.1241468664933 717.3295696808641 1.0 0.0
551.5 -579.75 307.5 367.5 631.4336861460592 686.4219594298117 1.0 0.0
551.0 -584.25 306.0 367.5 630.2674035677238 690.2209712189917 1.0 0.0
550.5 -586.75 304.5 366.5 629.1029327542512 691.8111371412672 1.0 0.0
550.0 -615.75 303.0 361.25 627.9404364995439 713.9599688969527 1.0 0.0
549.5 -677.75 303.5 362.25 627.7440230202257 769.2360006875319 1.0 0.0
533.0 -654.25 296.0 364.0 609.6764259115386 749.440742277526 1.0 0.0
556.5 -610.75 519.5 361.5 761.4748103697495 709.8957831021557 0.0 0.0
553.0 -670.75 437.5 362.5 705.1350997315279 762.5432936678928 0.0 0.0
528.5 -573.5 387.0 357.5 655.0724408047834 675.8032132726469 0.0 0.0
490.0 -574.75 318.0 355.5 584.1462270555173 675.8123779138189 0.0 0.0
487.0 -569.5 311.5 355.0 578.1014981483031 671.0853372225392 1.0 0.0
483.0 -600.75 293.0 359.5 564.9731443766208 700.1010465432373 1.0 0.0
474.5 -577.0 273.5 362.0 547.6804704819033 681.2436037065555 1.0 0.0
496.0 -554.75 285.5 364.25 572.5349246863962 663.6463110170557 1.0 0.0
525.0 -554.0 285.0 365.5 597.3692663279066 663.7092473904713 1.0 0.0
529.0 -558.75 291.5 365.75 604.0052771841004 667.8146050032927 1.0 0.0
526.5 -561.0 307.5 365.0 609.7204012883672 669.289111102242 1.0 0.0
526.0 -559.0 308.5 368.0 609.7936171914871 669.257120866799 1.0 0.0
525.5 -566.5 299.5 368.0 604.8557967832326 675.5345422003531 1.0 0.0
526.0 -567.75 299.5 364.75 605.2903755985972 674.8204591272854 1.0 0.0
525.0 -580.5 305.5 361.0 607.4221031448153 683.6467177445436 1.0 0.0
523.0 -592.5 290.5 356.5 598.2682606041375 691.4829112010648 1.0 0.0
495.0 -583.25 349.0 353.5 605.728647298729 682.0233077730065 0.0 0.0
450.0 -576.0 345.5 351.5 567.5212390098625 674.7815493258051 0.0 0.0
517.5 -594.75 296.5 356.5 599.0113282946627 693.4310834314647 1.0 0.0
436.0 -670.25 312.5 371.25 536.4507957632521 767.3610602544546 1.0 0.0
436.0 -607.25 319.5 368.25 540.5489804900263 710.4127953418299 1.0 0.0
485.25 -637.75 397.0 369.75 628.2265390314972 737.1840553821005 0.0 0.0
489.0 -635.75 302.0 373.5 574.8921968045892 737.3475742227797 0.0 0.0
469.5 -637.25 287.5 377.5 550.5337409213543 740.6759653758616 1.0 0.0
473.0 -474.1 285.5 323.5 552.4850416129227 618.044441042234 1.0 0.0
496.5 -362.5 300.0 325.5 580.0969914220536 702.4768251507248 1.0 0.0
472.5 -250.9 288.5 327.5 553.6141996988688 786.9092092592155 1.0 0.0
476.5 -674.75 299.5 330.0 562.808177251341 752.7412479068415 1.0 0.0
435.5 -566.5 293.5 354.5 525.3996130671444 668.2763074334855 1.0 0.0
198.0 -578.25 273.0 352.5 343.0970858916115 677.2369380594793 0.0 0.0
9.875 -562.25 262.375 358.25 269.73145394165135 666.6844979319067 0.0 0.0
-121.0 -567.0 210.0 358.75 243.43836900006295 670.9631802460906 0.0 0.0
-302.0 -585.5 295.5 355.25 423.19464954096134 684.849122366534 0.0 0.0
-416.375 -611.25 236.0 349.25 481.59761012732065 703.9901516758907 0.0 0.0
-596.5 -724.0 236.5 356.5 643.0870930793089 808.4687012233632 0.0 0.0
-569.5 -608.5 274.0 342.5 631.9865464345419 698.3570500208098 0.0 0.0
-567.5 -629.75 273.0 334.5 629.7503017261353 713.2541127277025 0.0 0.0
-701.5 -594.0 221.5 337.5 735.8678431467131 683.1877107982225 0.0 0.0
-637.5 -424.25 210.5 425.5 671.3937807797388 602.8858914975415 0.0 0.0
-591.0 -288.75 207.0 501.25 626.2080408153365 579.3241965797049 0.0 0.0
-660.5 -175.5 223.5 527.0 697.2982551292823 555.5272545512877 0.0 0.0
-652.0 -161.0 230.0 523.0 691.3808280338513 547.221760433858 0.0 0.0
-603.0 -163.25 223.5 523.75 643.1285657751431 548.6047514115724 0.0 0.0
-493.5 -80.5 245.5 525.5 551.1918903612425 533.4906987559009 0.0 0.0
-493.5 60.25 245.5 522.25 551.1918903612425 525.7162248696025 0.0 0.0
-493.5 65.25 245.5 519.5 551.1918903612425 523.5822440304652 0.0 0.0
